series,hac_slope_per_year,hac_p_value,hac_ci_lo,hac_ci_hi,r_squared,mk_tau,mk_p_value,theilsen_slope_per_year
burnout_rate,0.004010433843384335,9.554633837458758e-17,0.003064570654377272,0.004956297032391399,0.5682196873868413,0.5448484848484848,8.881784197001252e-16,0.003900000000000001
bat_score_mean,0.012191668766876673,3.8731646838428037e-10,0.008373962984417723,0.016009374549335622,0.5329083014324016,0.49676767676767675,2.473576898864849e-13,0.011808965272856131
