year,burnout_rate,bat_score_mean,n_posts,n_months
2018,0.06400833333333333,0.28124166666666667,1112.25,12
2019,0.059041666666666666,0.261975,1194.0,12
2020,0.063225,0.2662166666666667,1191.8333333333333,12
2021,0.07583333333333332,0.307275,1152.9166666666667,12
2022,0.07971666666666667,0.330175,1294.9166666666667,12
2023,0.08465,0.3489333333333333,1449.5833333333333,12
2024,0.08411666666666667,0.339725,1689.8333333333333,12
2025,0.08811666666666666,0.34618333333333334,1673.5,12
2026,0.08185,0.328675,1697.75,4
