series,hac_slope_per_year,hac_p_value,hac_ci_lo,hac_ci_hi,r_squared,mk_tau,mk_p_value,theilsen_slope_per_year
Exhaustion,0.003000057605760575,2.2084911586866977e-12,0.002162526818554224,0.0038375883929669258,0.4532037571023564,0.4696969696969697,4.466871317276855e-12,0.0029952380952380894
Emotional Impairment,0.00384488928892889,5.919184536772521e-05,0.001968438463233047,0.005721340114624733,0.31163752667036626,0.3901010101010101,9.021730251745907e-09,0.003693387096774192
Cognitive Impairment,0.0011699369936993686,1.133701386363471e-05,0.0006476012560858006,0.0016922727313129365,0.21294917995490736,0.31595959595959594,3.2360829920197176e-06,0.0012000000000000001
Mental Distance,0.004179751575157513,8.844138345629783e-12,0.0029792869355916886,0.005380216214723338,0.6047648978094389,0.5408080808080808,1.5543122344752192e-15,0.004200000000000002
