series,hac_slope_per_year,hac_p_value,hac_ci_lo,hac_ci_hi,r_squared,mk_tau,mk_p_value,theilsen_slope_per_year
disengagement_index_(EX+MD)/(EMO+COG),0.021856485310889427,2.144312123746259e-20,0.017227810290659427,0.026485160331119428,0.49304533547260854,0.49656565656565654,2.531308496145357e-13,0.021665441022658587
