series,hac_slope_per_year,hac_p_value,hac_ci_lo,hac_ci_hi,r_squared,mk_tau,mk_p_value,theilsen_slope_per_year
EX_share,0.0014763986871225805,0.004803028682776932,0.0004502519635086709,0.00250254541073649,0.04928161489205696,0.13131313131313133,0.053261112070319916,0.0013715104796992222
EMO_share,-0.008567354408854859,7.287389620862952e-22,-0.01031475400182684,-0.006819954815882879,0.519246735477187,-0.5377777777777778,2.220446049250313e-15,-0.0084132704518354
COG_share,-1.2791519951108271e-05,0.9886629409413934,-0.00177718433975336,0.0017516012998511435,3.788073326571606e-06,0.014545454545454545,0.8325390374813773,0.0001709308396764568
MD_share,0.007103747241683364,3.5752890588955384e-10,0.004883698884105991,0.009323795599260738,0.46667593647859107,0.47494949494949495,2.5852653351421395e-12,0.007043871461400143
