series,linear_coef,quadratic_coef,quadratic_p_value,r_squared
burnout_rate,0.006024117653542053,-0.00024408288607972122,0.2538396389775833,0.5779601754783739
bat_score_mean,0.01955392614507543,-0.0008923948337210548,0.33222125471629604,0.5461216461982454
disengagement_index,0.03336912340091435,-0.0013954712836393686,0.18812851407551445,0.5023465681303783
