event_name,pre_mean,post_mean,delta
Capital One breach,-2.312964634635743e-17,0.547382767243383,0.547382767243383
Citrix Bleed,1.1564823173178714e-17,-0.05895917012940775,-0.05895917012940776
CrowdStrike outage,2.2204460492503132e-17,0.4832154615222092,0.4832154615222092
Follina,7.771561172376095e-17,-0.17150747293741658,-0.17150747293741667
Log4Shell,-8.881784197001253e-17,-0.262515162707231,-0.2625151627072309
MOVEit,-5.782411586589357e-19,0.09775314747445034,0.09775314747445034
Snowflake breach,-1.6283271027835628e-16,-0.36547613678976215,-0.365476136789762
SolarWinds,-7.771561172376095e-17,0.06842783925339076,0.06842783925339084
Starwood/Marriott breach,2.2852090590201136e-16,0.12630927832963487,0.12630927832963465
Stryker cyberattack,-5.2735593669694933e-17,0.5128022146882228,0.5128022146882228
npm worm (Shai-Hulud),-7.771561172376095e-17,-0.7526505453960202,-0.75265054539602
