event_name,pre_mean,post_mean,delta
Capital One breach,2.2204460492503132e-17,0.6471107314881046,0.6471107314881046
Citrix Bleed,-1.4062824978585316e-16,-0.26758137976900354,-0.26758137976900337
CrowdStrike outage,-4.4408920985006264e-17,0.511793137973361,0.511793137973361
Follina,-1.4802973661668754e-17,-0.06624513196461251,-0.0662451319646125
Log4Shell,5.181040781584064e-17,-0.19712632278289638,-0.19712632278289643
MOVEit,-2.2204460492503132e-17,0.035215737887660435,0.035215737887660456
Snowflake breach,6.661338147750939e-17,-0.3250911002270737,-0.32509110022707377
SolarWinds,-1.1472304587793285e-16,-0.015120760881222875,-0.01512076088122276
Starwood/Marriott breach,2.2204460492503132e-17,0.15804058658881834,0.1580405865888183
Stryker cyberattack,-9.992007221626409e-17,0.5277235681991244,0.5277235681991245
npm worm (Shai-Hulud),-3.3306690738754696e-16,-0.7310006969081957,-0.7310006969081954
