event_name,pre_mean,post_mean,delta
Capital One breach,-7.586524001605237e-17,0.45682454538227724,0.4568245453822773
Citrix Bleed,0.0,0.06447394861726459,0.06447394861726459
CrowdStrike outage,8.511709855459534e-17,0.5684042747173595,0.5684042747173594
Follina,-8.141635513917814e-17,0.045560797071354985,0.04556079707135507
Log4Shell,-5.921189464667501e-17,0.07034571543500538,0.07034571543500544
MOVEit,-7.401486830834377e-18,-0.3276297044716238,-0.3276297044716238
Snowflake breach,-2.960594732333751e-17,0.05446328068152311,0.05446328068152314
SolarWinds,-4.9960036108132046e-17,0.6036359644284736,0.6036359644284736
Starwood/Marriott breach,5.181040781584064e-17,0.2600174468292978,0.2600174468292977
Stryker cyberattack,-2.220446049250313e-16,0.43203014888675645,0.43203014888675667
npm worm (Shai-Hulud),-7.401486830834377e-17,-0.483885634430494,-0.4838856344304939
