event_name,pre_mean,post_mean,delta
Capital One breach,-1.211993468549129e-16,0.17853867565023188,0.178538675650232
Citrix Bleed,-7.771561172376095e-17,-0.32306891417627936,-0.3230689141762793
CrowdStrike outage,9.62193288008469e-17,0.10664518441132209,0.106645184411322
Follina,3.700743415417188e-17,-0.2593925056830055,-0.25939250568300554
Log4Shell,1.4802973661668754e-17,-0.5989771507343057,-0.5989771507343057
MOVEit,3.14563190310461e-17,-0.16465315733520122,-0.16465315733520125
Snowflake breach,-4.810966440042345e-17,-0.3317995107696741,-0.33179951076967407
SolarWinds,-6.29126380620922e-17,0.6196060381013402,0.6196060381013403
Starwood/Marriott breach,-6.661338147750939e-17,0.00047668530643734666,0.0004766853064374133
Stryker cyberattack,7.401486830834377e-18,0.4013768897327451,0.4013768897327451
npm worm (Shai-Hulud),-1.850371707708594e-17,-0.3885301955297688,-0.3885301955297688
