event_name,pre_mean,post_mean,delta
Capital One breach,-1.7462882991499858e-17,0.5966294666469488,0.5966294666469488
Citrix Bleed,-4.4408920985006264e-17,-0.6382242795467747,-0.6382242795467747
CrowdStrike outage,-7.401486830834377e-18,0.17105562449464914,0.17105562449464914
Follina,-4.810966440042345e-17,0.4138636738046076,0.41386367380460765
Log4Shell,-2.4054832200211726e-17,0.36070920361155745,0.36070920361155745
MOVEit,-8.881784197001253e-17,-0.1055724230584849,-0.10557242305848481
Snowflake breach,3.700743415417188e-17,-0.11557762038939984,-0.11557762038939988
SolarWinds,6.661338147750939e-17,-0.1940780603338787,-0.19407806033387875
Starwood/Marriott breach,-4.625929269271486e-19,-0.1168866197831045,-0.1168866197831045
Stryker cyberattack,5.181040781584064e-17,-0.06861154816473113,-0.06861154816473118
npm worm (Shai-Hulud),1.0732155904709847e-16,-0.20240108422304415,-0.20240108422304426
