Topic,Count,Name,Representation,Representative_Docs
-1,3,-1_parting_si_sing_,"['parting', 'si', 'sing', '', '', '', '', '', '', '']","[""You have a lot of work to do. That's good, you'll learn lots of great stuff along the way. It sounds like you've already got some great ideas, and you're here asking for advice, so you're on the right track. Good for you! Your goal is simple. Enable the business to perform it's functions, and minimize impact when change is necessary. The day to day administration is the easy part. Adding and removing user accounts, phones, helping people with technical problems, etc. For the rest, it's important to know what you don't know so that you can either learn, or call an expert. The real challenges come when change is necessary. Change can mean system or software updates and patches, or fixing a major issue with a server, or replacing hardware, literally anything that changes the current state of a system. Be methodical and precise. When you make changes, think about these things: Who does this impact, and who do I need to notify? What systems, accounts, or processes does this impact? Where will the work be done? When will the work be done, and how long will it take? How will the work be performed (define a process)? Will there be down-time? Do I have a back-out plan in case things go badly? I would encourage you to plan your changes meticulously. Break the work down into steps (define a process). This will enable you to see where you lack knowledge and experience, and to fill those gaps with consultants and/or training. When you do call others in, look over their shoulder and learn so you don't need them again in the future. Document, document, document. Did I mention document? Lastly, you're going to fail sometimes. This job is hard. Don't be scared to fail. You'll learn through failure, and you'll be better for it. A person is not defined by their failures, but by how they responded to them. Good luck, and welcome to hell!"", 'Infosec is bullshit. Lots of gatekeepers who don’t have the skills are interviewing candidates. As someone who frequently interviews with others, I constantly see the same mistakes over and over again. I have to explain to my team that the interviewee got everything right, he or she just went much deeper than the others could, while they were accusing the candidate of “talking a whole lot of nothing.” Fortunately I’m in a position where I can override bullshit like this. Lots of interview questions are painfully stupid: - One early-career pentester interviewed me for a L8 senior role. He was astonished by my bullshit. When I said I can also help with PCI compliance, he assumed I was using PCI components on the motherboard to run pentests. - Interviews with irrelevant questions that don’t matter for the role, but which the HM / interviewer wants you to have because of their personal bias. - One asked me to read binary hex by heart. For a web app security role. Come the fuck on, dude. - One dude sat there and talked shit about his team 24/7. He seemed to be on drugs. - Another guy sat there bragging about himself for 60 minutes and I never got a chance to speak. He also seemed to be on drugs. - One guy said I got a buffer overflow question wrong. My 100% correct response was triumphed by his example: \\0x0\\0x0\\etc\\password. If you know what a LFI vuln and a buffer overflow is, plus the fact that he’s missing an additional character and has his slashes facing the wrong direction, and misspelled the file name, you’ll understand how absurd this is. - We interviewed one guy who was amazingly deep technically, one of the best I’ve seen, and the team wanted to turn him down because he couldn’t properly explain what tracert did because it was so long ago that he used it. This happened several other times with very similarly irrelevant tools. The job didn’t require the use of any of those tools. You got one side who is lucky enough to get in without the skills and start interviewing others while they don’t have the skills, and disqualifying better candidates. There isn’t a shortage of cyber security professionals. There’s a huge amount of non-technical and moronic gatekeepers who don’t know shit, and who don’t want people to make them look bad.', ""I made the jump to security after being a SWE for 15 years. Based on how I feel about SWE, does it make sense to switch to Security? It makes sense but keep in mind a lot of people are doing it. I comment on at least 1 or 2 of these same posts weekly and I'm sure I don't see all of them. Is the field already too saturated/dead, or is it still a good direction to move into? Yes, very saturated. If you haven't already you really need to subscribe to r/cybersecurity. There are tons of posts weekly about people unable to find positions. Many of them have masters degrees and many certs. For someone with solid software fundamentals but limited direct security experience, what are good first steps: certifications, entry-level roles, online masters, part-time studies? See if you can make the switch into infosec at the company you work for now, that would be the best way in the door. You should at least get an entry level certification to prove you are knowledgeable on the subject. I would suggest Comptia Security+ as a first step. Just don't expect one cert to get you a security job. What I’d really like is to work in a field I enjoy, then come home with enough energy to focus on my own projects/apps. Would a transition to security realistically support this kind of lifestyle? Depends on what are you land in. There are ton of domains and various sub categories in cybersecurity. GCA, Blue Team, Red Team, DevSecOps, Cloud, the list goes on and on. Some of them require being on call and some do not. It depends on the position, the team and the company culture.""]"
0,2244,0_security_people_team_role,"['security', 'people', 'team', 'role', 'experience', 'company', 'companies', 'engineer', 'don', 'business']","[""There are a few things going on here. First, this isn't really a security specific thing, many recruiters suck for IT in general, and for most other types of jobs as well. A friend of mine is looking for a marketing job right now, lots of similar complaints. I know we've all talked about the entry level security job issue here a million times. It's very rare, and for a reason. Most people don't come straight out of college, or a completely unrelated job, with the skillset for a typical security role. The fact that you found a security engineer job straight out of school is very rare from what I've seen. I'm sure three other people here can reply and say they found it too, but it's not common. I know some huge shops will hire like that and make someone just open and escalate tickets, but unless you grow from there you aren't gaining much of what I need either. When I'm looking to hire a security engineer I want someone with lots of experience on the tech I want them to secure and a host of other skills they usually don't teach in school. It's not even an age thing, I've met teenagers at BSides conventions who are awesome who I'd love to hire when they're old enough to work. I've also interviewed a pile of fresh college grads with really simple, basic questions that almost anyone here would laugh at and I wouldn't even want working helpdesk. Passion, side projects, self driven learning all go a VERY long way to making you more desirable. If you can't even talk to me about current huge threats that are all over the news, why should I expect you to be on top of new threats as an employee? As for being the training company, that's a difficult one. If you put yourself in the position of the company it's even harder. Imagine lots of small/medium companies, they might have 1-2, maybe even 3-4 security people for thousands of employees. Say it's 2, if you hire the first one, do you send them to 3 SANS courses for 20K hoping they learn it all well? If you aren't paying a ton, you know they'll likely leave right after they get qualifications for a higher salary. Maybe you have 1 solid security employee, do you hire another that isn't qualified so the first one can now spend all their time training the other one hoping they might work out? Or, do you look for someone who already has the skills you need, so they can be productive faster and not be a time suck to the other staff? Sure, it costs more money, but in the end, not really. Point 7 is painfully accurate. I had this talk with a frustrated coworker the other day. Almost everything we do is a cost. Almost everything we do slows people down, or stops them from doing what they really want to do in one way or another. Even if you have an amazing relationship with your coworkers, most devs want to just write code that works, not have you pointing out issues where they have to go back and fix. Instead of, hey we'll just spin up a new server! It's, wait, have you followed this standard? We scanned your new server and it's missing X and Y, also you can't run that software and the ports for Z can't be open either... In a perfect world the other employees care about all that stuff too and you're all working arm in arm, in reality most company cultures aren't like that. I know it seems like I disagree with your post entirely, I don't, but some of the issues are more based on your time in the industry and location. I don't even live in one of those hotspots, but close enough to a major city. Salaries are good, no shortages of jobs, actual good recruiters climbing all over you, it's a good time to be in infosec from a job outlook standpoint."", 'Been in the security industry for almost nine years now. What I can say is that\'s highly dependent on your role (i.e., job title and function), your typical work, your immediate leadership, and your company\'s general ""view"" of security. When security is frustrating: I\'ve been in roles where security was an obstacle right out of the gate. Anyone from security was viewed as a problem to get around instead of a partner. This view started with and was reinforced by senior management who would have done away with security altogether if it wasn\'t for laws/regulations. They\'d rather pay for cyber security insurance and a good PR team than pay for proactive security personnel. To a certain extent, I get it. I\'m a security engineer who does a fair amount of coding, and it\'s 100x easier to get things done on my personal machine than at work because I don\'t have security hoops to jump through. I can go from idea to proof of concept in a matter of hours at home versus days at work. The important distinction, though, is that the impact of doing things in an unsecure manner at home only puts my personal stuff at risk. Doing it unsecurely at work could put critical data at risk that would harm the company\'s financials, reputation, and the like if it was exposed. I\'ve also worked in roles that were more GRC focused rather than engineering/technical. This is a matter of personal preference, but I don\'t find that type of work rewarding. Talking with auditors who nit-pick the directory structure of where you place your policies, filling out spreadsheets, making sure all proverbial ""boxes are checked,"" etc. just doesn\'t do it for me. It\'s not necessarily difficult, but I never left work feeling fulfilled. In those scenarios, it\'s difficult and frustrating to work in security. When security is awesome: I\'ve also worked at companies (like my current one) where security is viewed favorably, as an enabler, and generally praised/well-regarded. Of course there are instances where certain individuals/teams don\'t like that they have to comply with security requirements, but on the whole, the company appreciates and promotes security. They spend more than the bare minimum on security because their reputation is extremely important to them. They\'ve never suffered a major data breach (knock on wood), and the minor breaches were more a result of malicious insiders than a lack of proper security controls (i.e., the company wasn\'t ""hacked""). Being a security engineer in a company like that is incredibly rewarding. The pay is great, the work is engaging and mentally stimulating, the work-life balance is perfect, the flexibility of not being needing to do shift work is awesome, the list goes on. I don\'t ever see myself leaving the security industry unless there\'s some major revolution in AI that makes security personnel obsolete, but I don\'t see that happening any time soon.', ""Some of what you describe reminds me of events in my own career. :-) I could probably write a couple of books in response to your question, but I'll start with some basic advice. You said you see yourself as a security engineer, and your task is to build a security operations center, but based on some of what you have written in response to some of the many excellent responses you have gotten, the job you have taken on is seems to be a security management or security executive job, not a strictly technical / engineering job. Furthermore, it sounds as though you are expecting to build up the entire information security organization and an IS management system, including all the processes, personnel, and infrastructure that goes with that. (See [ I know from my own experience, that your security engineering training and experience will serve you well, but to be a successful security manager, you will also need to spend much of your time interfacing with those above and below you; creating, revising, and implementing policies and procedures; procuring hardware, software, and services; managing internal and/or external personnel; handling incidents and investigations; training and mentoring staff; and navigating the political structure of your organization and possibly others. This can be a challenging and exciting role, but it is not for everyone. If you see yourself as more of a techie, and you want to stay a techie, then I would recommend you start to plan your exit from this role. That could mean doing what you want to or feel you have to do for your current employer while looking for your next job, but it could also mean helping to hire you next boss while defining the technical role you want for yourself, to name just two of the many possibilities. If you decide that information security management if for you, then you have an incredible opportunity to define your own position and environment. Of course, your bosses and others will have a say in things, but you will, or at least should, have more input and more control than most employees have over their jobs. Once you have made your decision, or as you are considering it, I would strongly recommend that you make getting more resources a very high priority. If I were in your shoes, I would want to bring on one or two experienced external consultants to help you define your strategy and tactics, and to guide you in best practices. Personally, I would look for a small, boutique consulting firm, rather than bringing in one of the big name, national or international consulting companies. I would also suggest hiring a more junior (read much less expensive) person who can do a lot of the heavy lifting, such as writing policy documents based on outlines you and your consultant(s) create, researching possible products and services to fulfill your needs, and handling administrative tasks (planning meetings, beating back unwanted sales people, etc.). Then you will want to start building a framework and strategy for moving forward. As far as frameworks for building an ISMS go, I am a big fan of the ISO 27000 series of best practice guidelines. Many veteran security practitioners have invested oodles of time and energy into building a framework that reflects their experience and hard-learned lessons from the trenches. Of course there are other good frameworks, and which you choose may be strongly influenced by regulations or the environment around your organization. (See [ Another key to success, as mentioned in other comments, is to make sure you have the backing of important stakeholders in your organization. Keep your bosses informed, and listen carefully to what they say in response to what you tell them. Make sure you understand their expectations and priorities. If you cannot get the backing of your immediate boss(es), that is a strong signal that it is time to move on. I would recommend creating an information security advisory council, which includes those who hold the purse strings, or their representatives, and important technical players. Also consider having HR and legal represented. You can start small with a relatively informal group who appear to support what you are doing, and build to a more formal committee from there, but be careful that no one you really need support from feels snubbed or ignored. You should chair this council as long as you are leading the effort to build the security function. Forging a strong relationship with those responsible for physical security within your organization will also pay large dividends. One thing that can help make things go more smoothly and quickly is to leverage the work of others whenever you can. For example, use some of the many security policy templates and examples on the Internet and adapt them to your own needs, rather than trying to write policies from scratch. Identify colleagues in your organization who have an interest in helping to improve information security and delegate tasks to them as appropriate, and possibly even when it's inappropriate ;-). If you can recruit to your cause (informally, at least at first) one or two people from each system management, software development, and testing team, that will make your life MUCH easier. Spend time getting to know the people on those teams and take an interest in their work. Getting to know how the organization functions is critical to being a successful security manager. And when you take an interest in their work, you will likely see who among them takes an interest in yours. You might want to get some formal training in information security management, if time and budget permit; however, depending on the quality of the consultants you can bring on, and whether you are ready, willing, and able to learn on your own, formal training might not be for you. Whatever you decide to do, pay attention to your own strengths and weaknesses and to those of your organization. Building an entire security organization and ISMS is a massive and difficult undertaking. It can burn you out quickly, or slowly, if you are not careful, and trying to accomplish things for which the resources and support are not (yet) available will only compound the stress. Be mindful of your own needs, and act accordingly. I would be happy to provide more specific advice, if you want. Feel free to PM me. I promise I will not try to sell you anything. :-)""]"
1,1138,1_windows_updates_update_windows 10,"['windows', 'updates', 'update', 'windows 10', 'microsoft', 'install', '10', 'image', 'wsus', 'patch']","[""Have you looked at your antivirus solution? Windows 10 feature update will fail if the antivirus is not compatible. I've had to roll out the latest Symantec version to allow windows 10 to receive feature updates."", ""Why does windows 10 force you to update? You can't even select the updates you want."", 'I agree. I have had issues with every single feature update to Windows 10, most related to WSUS in a offline setting: New upgrade category for feature updates. Requires manual intervention on WSUS server and you\'ll get permanent damage if you do this wrong: Upgrade to 1607: Fails with 0x80244019 error. WSUS missing .esd MIME-type on IIS-server, even on fresh install was the cause. No warnings from Microsoft. Upgrade to 1703: Clients stops updating again. Delivery Optimization/Download Mode has to be set to bypass if you have your clients offline. Again no warnings from Microsoft. 1709: This is the worst one as this affects normal clients using Windows Update in a GPO-setting. None of my Enterprise computers was receiving cumulative security updates after this feature update. The reason was insane! If you have any kind of deferred updates going on, as in ""delay installs until sundays"" or ""defer feature updates 90 days"" you will not get cumulative upates (all other updates works)! You have to define Windows Update for Business policy for this to work, more specifically ""Select When Preview Builds and Feature Updates are received"" and set it to 0! But wait, there is more! Windows Update for Business is only applied if you do not have the Allow Telemetry policy set to 0 (security), which is only allowed on Enterprise! In my case I of course had this set (I do not want telemetry) but from 1709 this actually prevents you from getting security updates to Windows!!! If you do not beleive me, you can read about it here: They now use ""diagnostics level"" for ""Allow Telemetry"" (as its still called in the policy) if you wonder about that part. I can\'t understand how it\'s possible to break it every single feature update in a enterprise setting! There is always a new and creative way to do it too, and never documented properly!']"
2,1313,2_hours_week_work_hour,"['hours', 'week', 'work', 'hour', 'hours week', 'overtime', 'day', '40', 'shift', 'time']","['I worked in a SOC for over a year, never put in more than 40 hours a week. How many hours do you work?', ""My contract says 40 hours a week, I work 40 hours a week, I'll occasionally do an extra 10-15 minutes and I'll occasionally leave 10-15 minutes early/come in late. I do one week on call, I'm reasonably compensated for being on call and if I have to actually do anything while on call I'm paid for that too. If I have to work out of hours I'll get the time back, if I have a personal appointment like the dentists or doctors I'll come in late or leave early without apology, but similarly if I have to stay a bit later to work on something or for a meeting I won't worry about an extra half hour or so as I don't make a habit out of it. I've done the 60 hour a week thing, it's not for me. My contracted 40 hours seems like a lot so I'm not in a rush to do more. I don't see why so many people here have such a sense of pride in working long hours. The way I see it is if you're working an extra 20 hours a week unpaid every week then it's a failing on your part to either manage your time, manage your estate or effectively communicate with management that you need more resources."", ""If you are salary based, that salary should be based on hours per week during a set pay period. I have had jobs where it was based on 45 or 50+ hours a week and places where it was 40 a week. Its crap if they say 40 a week and then you're constantly giving you extra hours outside those 40. If you are based on say 45 or maybe 50 and you work your normal 40 plus a few hours after normal business hours, they will say you are being compensated for that. Someplace that's salary and 40 hours a week is going to take advantage of you unless from the word go they are saying hours are totally flexible. It is illegal in the US to make someone a salary-based employee only to avoid paying them over time wages. Somewhere, maybe your job description or a wage statement it should state how many hours your base is. You may need to do the math if you know the hourly rate and the pre-tax earnings (earnings divided by rate = hours)""]"
3,1624,3_cybersecurity_cyber security_cyber_entry level,"['cybersecurity', 'cyber security', 'cyber', 'entry level', 'security', 'entry', 'level', 'field', 'experience', 'degree']","['""Recent graduate""... Found your problem. Cybersecurity, despite whatever your school\'s marketing told you, is not an entry level field. You shouldn\'t be doing a cybersecurity degree at all, in fact. Get a degree in computer science, spend some time in an entry level role to acquire skills (e.g. software engineer, network engineer, policy analyst, etc.)... Then transition to cybersecurity.', 'A masters in cyber security is worthless (most masters in IT I would say). I did it and everything you learn there can be done from YouTube/Udemy in a month. All that matters is your skillset and your experience. Looking into your question, you have a degree and a masters degree. I believe you took a masters directly after under-grad with no real experience. That explains the situation you are going through mate. No degree will earn you a cyber security job. It’s a fact. All that matters is your skills and experience. So if you are a beginner, don’t just look for cyber security jobs, look for other IT jobs as well. Also, try for internships. ENTRY LEVEL CYBER SECURITY JOBS ARE SATURATED.', ""My friend, I just hired an additional entry level cybersecurity position for my team. We had over 500 applications, probably 15% had a Cybersecurity degree and a masters degree too . The person we eventually hired had : -Bachelors in information security -3 cybersecurity certificates -over 5 years of work experience including a sysadmin title -lots of documented time in Hackthebox, etc And there were 3 or 4 other finalists with similar qualifications. We chose the one that fit out culture the best. This is what you are up against. Once again Cyber security is NOT an entry level job you get after school most times, despite what you've been told.""]"
4,1019,4_certs_cert_experience_certifications,"['certs', 'cert', 'experience', 'certifications', 'degree', 'certification', 'sec', 'degrees', 'job', 'comptia']","['Same, time to go cert up and then move on for me too then.', ""Why are you surprised you're not extremely desirable with a BSc and 1year of experience? I believe that is somewhat to be expected.. It'll get better, don't worry. And if you really feel like certs don't mean much (suggesting they're easy, I guess) - why don't you go ahead and get a couple worthy? There's no rule. I'm sure (and in fact I know) some guys with no degree and no certs that got jobs and gained experience and are very well. We all know guys with degrees and no certs or experience failing. And I think we also all have some guys with show-off certs being.. well.. just dumb. You don't /need/ a degree or a cert. You do definitely need experience. But I do strongly believe (and it's my personal experience too) that both a degree and a couple worthy certifications will go a long way getting callbacks or even offers. I do think anyone that can do them, should do at least a BSc and a couple well respected certifications. MSc and a couple more certs are even better - why not?"", ""Assuming you like the actual job, I'd say you're in exactly the right line of work. Every career has parts of it that are vegetables you have for force yourself to eat to be good at the rest of it. For me, it's all about whether the vegetable eating is the core of the work or a means to be better at core work you enjoy. We already have too many people obsessed with certs but not with doing their day to day well. GRC is the security field I know least about, but maybe your brain is trying to tell you something. Any reason you can't take a break from cert chasing for a bit and focus on other self development activities that seem more fulfilling and fun? If you took, say six months to a year to try that, what would you have lost if you weren't happy with the result? I can say when hiring outside of GRC, certs are at best sweetener for me. If I'm looking at someone with a strong track record and skills that I'd hire without certs who happens to have a ton, the certs might be the deciding factor that makes me choose them over similar candidates. I don't know that I've ever been impressed with a candidate who is all certs or whose main pitch is certs. Just another version of all hat, no cattle. Show me what you are, and then offer the certs to convince me that I'm not mistaken in what I think I see. Certs by themselves only show me that you can diligently pursue getting certs.""]"
5,856,5_ticket_tickets_ticketing_priority,"['ticket', 'tickets', 'ticketing', 'priority', 'issue', 'queue', 'email', 'users', 'user', 'submit']","['Presumably they need you to do something because they can\'t. They should only be doing things that have tickets, so any particular reason they can\'t just give you the ticket number or assign you on it so you can enter your time and track it? No need to make another ticket for it. All you have to say is: ""Yeah, I can work on that, what\'s the ticket number?"" and if they don\'t have one, yeah, make a ticket. This also encourages them to make sure all their tasks are tickets.', ""Type the ticket in for them. Everyone gets a ticket, either you can do it or I'll do it for you, but you're not jumping the queue."", 'Here, we use WHD by solarwinds. we have the ability for end users to create tickets by a few methods: 1. inbound email that auto-assigns to different technical departments based on SMTP. 2. log into the WHD webfront and create a ticket. 3. call the helpdesk and IT will create the ticket for you. We went a step further and created logic that allows techs to send an email and the system that will automatically start a ticket and assign the ticket to that tech. This really made the hallway ""hey could ya""s get easier to track. Additionally, we worked to ensure that tickets are automatically assigned to the right group of people based on request type and inbound email SMTP. We are not as strict on what information is in the ticket, and more focused on ticket request types, users that are making the request, and overall ticket count. this data is used to signal trends, problems, users that may need remedial training, and overall productivity.']"
6,974,6_phone_vacation_calls_email,"['phone', 'vacation', 'calls', 'email', 'emails', 'cell', 'hours', 'number', 'work', 'time']","['Work email, work phone, only your direct supervisor should have your personal phone number. I turn all that shit off and if its that important, my boss can reach out to me when Im on vacation.', ""When I used to take time off, I made a point of going somewhere where I could not help an end-user (camping, hiking etc) once in a while. If I'm out on a trail somewhere, my access to wifi is going to be spotty. Second, TURN OFF THE PHONE! Third, DON'T CHECK YOUR EMAIL! &x200B; If your employer is requiring you be available via phone or email while on vacation, then you're not really on vacation. One easy remedy for this is to have a work phone and a personal phone, especially if the company is not paying for your phone. When on vacation, the work phone (which also has work email) gets turned off. Now I always had a select few who had my personal numbers, but they knew not to call me unless the server room was on fire."", 'My vacation email tips: 1. In your OOO mention that you will not have email and cell phone access. 2. Disable the email client on the phone. I phone has a method of turning off automatic updates to email. I also disable notifications for email on vacation. 3. Only answer the cell phone if its your direct manager or someone directly on your chain. 4. If you do have to handle something immediately request a day of vacation as a refund (or more if necessary). ""At the request of Bob Smith I worked the morning of June 3rd. I am therefore requesting 4 hours of vacation time as a refund."" Give yourself some distance on the vacation.']"
7,895,7_soc_soc analyst_analyst_ir,"['soc', 'soc analyst', 'analyst', 'ir', 'role', 'roles', 'experience', 'dfir', 'engineering', 'security']","['Maybe a bit off topic, but to me security engineering requires a bit more experience than SOC analyst. For example, security engineers integrate SIEM, configure data ingest, dashboards for SOC analyst to use it to investigate stuff. It is great to have SOC analyst experience before growing to engineering position though.', ""I don't think anyone is supposed to be a soc analyst that long."", 'If you hate being a SOC analyst, I’m wondering why you think you would want to be a cloud security engineer. The work of a SOC analyst is foundational to security operations. What SOC sees everyday drives the development and adoption of all these frameworks which in turn is what security engineering and security architecture follows. The learning path of engineering is through the SOC. SOC and security engineering are two tracks that diverged from the same place: SOC. SOC is the starting point.']"
8,1213,8_stress_health_mental_mental health,"['stress', 'health', 'mental', 'mental health', 'anxiety', 'depression', 'work', 'life', 'feel', 'exercise']","[""Your mental health is more important than any other short term goals (other than having enough cash to live - obviously). The reason being that it's almost impossible to improve your career (career goals) if you are suffering mentally. So you should start from there... Do you think you might be able to turn around your feelings of depression at your current job? If the answer is yes then speak to your managers, explain that you're feeling burned out and request if they can lessen your workload or allow you to work from home x days per week or whatever other options might be available (perhaps a sabbatical). At the end of the day we're all human and work-stress is a common experience so they should be understanding to your plight. If you think that you are unable to continue at your current role and still recover your mental health then get the hell out ASAP. Start applying for low-stress, low-commute jobs in your area. Leverage the valuable experience you've gained in your current role to obtain a new position. Best of luck! :)"", 'Find a recruiter at a staffing agency to be your “agent”. They want to hire you because they make money off you. They will help you and they are way easier to interview with than the actual company. Additionally let’s talk cold turkey. You have options right? You are not a victim here. If you really wanted a job you can go back down to Helpdesk. Remember if your mental health is suffering you can reframe your desire aka go for a lower level job even if you don’t want to. I know a LOT about mental health and I’ve found that my will (what I want) is often the cause of my anxiety. Often if I accept my situation and lower my expectations I end up employed and happy. Really need to be honest here. Mental health is not a symptom of unemployment but a symptom of negative thinking. You really need some therapy or you may get stuck in a place of “these jobs aren’t good enough for me” and “I’ll never find a good job” which is a thinking problem not an actual reality.', 'Before any company hires you, please see a mental health professional.']"
9,634,9_dell_lenovo_laptops_hp,"['dell', 'lenovo', 'laptops', 'hp', 'laptop', 'issues', 'warranty', 'dock', 'battery', 'series']","['Man Lenovo display sucks. But at least they have good discounts. Dell is going down in quality also and they keep overcharging for their laptops.', 'Wow. I was going to get a Lenovo laptop but got a dell g3 for Christmas. It’s good... so far. Alienware is made by dell and is what I had before. Was a shitty laptop.', 'Running Asus laptops, no problems. Would recommend. Never had any good laptop experience with either Dell or Lenovo.']"
10,662,10_msp_msps_clients_work msp,"['msp', 'msps', 'clients', 'work msp', 'work', 'worked', 'working', 'client', 'worked msp', 'working msp']","[""Tbf, this is just a bad MSP. I work as an Infrastructure Analyst at an MSP who provide expert skills and excellent service, if I do say so myself. And I do, because if I don't - I get my ass handed to me. Do you have visibility of which services you subscribe to? We would only manage functional level of the domain if they subscribed to our 'Managed OS as a Service' and patching if they subscribed to 'Patching as a Service' etc etc. Each service defines exactly what we do and what you pay for. I would suggest talking to your financial decision maker about your concerns, as you're internal IT it's your job to raise this with the people who pay the MSP and hold them to account. You can then suggest looking at other suppliers. MSP is a very saturated market but very few MSP's are actually 'MSP' - they're just glorified break/fix companies who wanted to get on-board with branding erc. See this link for more information about what an MSP does. Or should do....Show this to your boss. ["", 'I figured you worked at an MSP when I saw the title. Leverage your MSP experience to get an internal IT job.', ""Worked for two MSP's - never again will I work for an MSP. Jump on this role man!""]"
11,2126,11_boss_guy_manager_let,"['boss', 'guy', 'manager', 'let', 'like', 'job', 'don', 'just', 'company', 'bad']","[""I really don’t agree with most of the comments in here so I’m chucking my advice in. Let’s first up note that you will meet people like this all over your career, either below or above you, and learning how to deal with it properly is very important. There are two approaches: 1. Proactive – this is the approach I would always propose and I think is generally the best if you are going places in your career – I would not hire you if you followed most of the advice in this thread 2. Reactive – you turtle up, ‘ignore’ the problem and basically cover your own ass and do nothing more As many of the comments have said, you need to cover your own ass because this guy might throw you under the bus – certainly do this, but do not just turtle up and ignore the problem – there is no part of the company that is going to thank you for letting Rome burn and sitting idly by (and as a side note, if you work in an environment where you need to cover your own arse the whole time – you should leave IF YOU can’t fix the problem – this is a red flag in any work environment) Consider for a moment – which of these two looks better on your reference: 1. They saved our company from an incompetent bad hire that would have cost us x y z 2. They watched as our company IT fell apart around him and did nothing But what can you do? How do you fix this? This is a people problem and requires people to solve it: 1. Talk to your, or his superiors - But I can’t they won’t listen / I will get in trouble – Fine, this is the reason to leave the company – NOT that your co-worker is a twat – but that the company is dysfunctional and does not respect its staff - Explain to them in non-tech language (read all the bits of this comment that are about human beings) why this is happening and that you believe you can help – i.e. specifically that you are struggling to work with him because issues that you could help with you are not allowed to - Do not directly throw blame onto him, but talk about how you think there might be some problems relating to <insert specific incident where if the whole thing was handled differently (I.e. you helping) the thing would have gone differently 2. Talk to him – this is arguably harder than option 1: - You never know what’s going on in his life or why he has ended up here – he’s a human too! Find out if there is something wrong or if he has genuinely just lied on his CV 3. Talk to co-workers / people effected by the problems he is making: - 'Watercooler' gossip can be a useful tool if you use it correctly - making sure people know you are not allowed to fix their problem even though you could or that you could fix the problem but your team are not helping you will all trickle up to the right people over time (but this is not my prefered option) 4. Take time off: - In the UK at least, banks force their staff to take 2 weeks off at least once a year in a chunk – this is to highlight any problems that occur when they are not at work – i.e. if they have been doing some dodgy trades or running some manual process every day, when it all breaks while they are away – tis something that needs to be fixed. I don’t know how much time you can take off but this is a passive and potentially useful strategy – however it will most likely result in option 1 upon your return (talking to senior people) and this time you are not on the proactive foot and you do want to be the one shaping these conversations if you can. Remember - If you have no mechanism to fix this problem – you are certain that if you talk to anyone more senior they won’t listen and there is no other mechanism to highlight him as a problem – you should leave the company regardless of this situation (if you can) – it’s not a good place to work. Something else that I like to write at the end of these things – when people get into work it’s like stepping into a parallel universe, they behave strangely, things happen at work that would never happen in the ‘real world’ – conversations happen that are absurd and so abstracted away from humans – you need to get back to the human level and work the problem from a people perspective – don’t get stuck in corporate culture world where process and strange behaviour blocks you from doing what is right! Getting stuck in a cover your own ass reactive mode will turn you into exactly the kind of person you are working with now. TLDR: Do not turtle up and do nothing and don’t leave the company because you have to work with a twat as he is just the first in a long string of them you will meet - be proactive and fix the problem yourself – if you can’t fix the problem OR if fixing the problem would get you fired – leave – it’s a bad place to work if the latter two are the case. - Do not 'Learn to let the world burn.' as you will get burnt along with it."", 'A lot of ""shut up and color"" posts in here. At the end of the day, the level of professionalism and respect you get from your boss, and generally anyone that interacts with you in life comes down to what you allow. Perhaps the fact that your boss thinks it\'s ok to talk to you like this stems back to one deciding moment early in your tenure that you allowed him to talk to you like that without firmly making it clear that was unacceptable. Perhaps your boss doesn\'t care and treats everyone that way. I don\'t claim to know your situation, but the reason can be identified, and can help you decide what reaction is appropriate. The question you then have to ask yourself is, ""Can I leverage my position here?"" It\'s simple. If you can afford to lose your job, or have a resume generating event --either because you\'re willing to attempt to reset your boundaries for work relationships but are unwilling to accept continued disrespect, or because you\'re both unwilling to make the attempt to reset those boundaries and unwilling to accept being disrespected further...-- then leverage your position. If you can\'t then it is as the remaining replies say, something you should just brush off. Personally, I agree. It\'s disrespectful, and your boss is an ass. You put in long hours and forget two small RAM boxes and he wants to take potshots? Anyone would be feeling unappreciated --- unless, of course, you happen to be so compensated that nothing in the world bothers you (hey, some of us are. Not me.) Many people these days are afraid of confrontation, and for many of them it is right to be. There\'s danger in confrontation. It\'s a risk to your career and your standing. On the other hand, confrontation is what drives growth in relationships. Nothing will change unless you make it so. Story time. On my end - Last week a coworker was working on a project the boss has been riding him for. He scheduled some vendor demonstrations for software. The boss comes out of his office after ending a different conference call and asks him in a rather demanding tone - loudly in front of the entire office ""Is there a reason that you weren\'t on that call just now?"" The guy looks at him confusedly, then his face twists into this sort of angry narrow eyed thing he does ""I\'m sorry, I don\'t recall accepting that meeting invite. I literally just wrapped up a vendor call for <that project that you want done asap."" The boss turned pretty red and looked like he was about to let into the guy. They had a another more brief exchange before the guy tells the boss ""You know what, you want to go talk about this?"" ""Yeah, you know what, I do."" they went off and talked... within minutes you could see the demeanor on each had 180\'d. The boss was leaning back in his char and honestly it looked like they were just shooting the breeze. The lesson there is if you\'re making all the right moves, don\'t be a doormat. Be confident. You are paid to do a job, but business is a transaction. As long as you aren\'t a constant thorn in someone\'s side, and are beneficial to the business, a smart employer will keep you around even if you\'re not always the easiest to work with. There are issues with timid pushovers all the same. Each personality type has strengths and weaknesses, but it tends to be the assertive go-getters who drive change. I\'m not saying that you should be a cocky arrogant son of a bitch who tells everyone off, but if you do from time to time stand your ground, there\'s nothing wrong with that.', 'Maaaaan I have straight up had to have the come to jesus talk with a couple bosses. ""Look man, you need to chill the fuck out or we\'re gonna have a problem."" Fast Forward a couple days, and I\'m invited to a meeting with my boss and his boss (who is both our bosses) and they ask me what I meant by that. I explained that Boss is constantly on my ass for literally no reason, not respecting boundaries (e.g., if I call in sick or am on vacation or just out of the office then I am not fucking there) and just generally being a stress factory. I don\'t mind working hard and going the extra mile, and boss\'s boss knows that (boss is new, boss\'s boss is not, used to be my direct boss before this new guy) but I don\'t live and breathe this job and if they don\'t want to treat me like an adult and a professional there are like a million places in this town that do. So in the meeting boss\'s boss of course backs up boss, because you have to roll like that, and then later boss\'s boss pulls me aside like, I get it man and I\'ll take care of it, I just had to make sure he didn\'t lose face in our meeting. No problem man, I get that. I just don\'t do micromanagement so if it continues I\'m out. He said that was understandable. I worked there for another two years because the micromanagement shit ceased. Sometimes you just gotta state your case and stick to your guns. Just be prepared to follow through if you have to. No job is worth putting up with abuse. When a job starts to reach into and fuck with your personal life it\'s time to fix it or GTFO. I may be biased as this is a particular sticking point for me; work-life balance is extremely important so if that\'s fucked with, I don\'t put up with it.']"
12,854,12_burnout_burnt_work_life,"['burnout', 'burnt', 'work', 'life', 'burn', 'burned', 'balance', 'time', 'feeling', 'work life']","['I can totally relate to this. It’s tough when you’ve been in a field for so long, and the passion starts to fade, especially when you\'re facing burnout. Here’s how I’ve dealt with it, and maybe it’ll resonate with you: 1. Acknowledge the Burnout First off, it\'s important to accept that burnout is real. It\'s not a failure on your part. After 12 years in security, it\'s natural to feel a little drained. The industry is demanding, and it’s only getting more so. You can’t pour from an empty cup. 2. Take a Step Back (Outside of PTO) It’s good that you’ve already tried taking PTO, but sometimes you need a mental reset that\'s longer or more involved. You might need something bigger than just a week off. Maybe take a sabbatical if that’s an option. If not, consider small changes to your daily routine—hobbies outside of work that let you switch gears entirely. 3. Focus on Learning, But for Passion, Not Necessity Sometimes, we burn out because everything feels like a ""need"" (learn this new framework, get this cert, etc.), instead of focusing on what interests you. Pick up a new skill or tech just because it\'s fun, not because it\'s required for work. This could be something unrelated to your current role but still in the realm of security or IT—maybe something more niche like ethical hacking, or a specific technology that\'s piqued your interest. 4. Evaluate What Feels ""Meh"" About It Is it the tasks? The people? The stress of constant security threats? Figure out if there’s a specific part of the job that you can change. Can you talk to your manager about switching up the type of work you’re doing? If you\'re remote and have some flexibility, maybe there’s a chance to do something more engaging without making a drastic career change. 5. Side Projects or Volunteer Work Sometimes working on something that feels meaningful, even if it\'s not directly tied to your job, can reignite your passion. Consider doing some pro bono work for nonprofits or helping small businesses with their security for free or at a discounted rate. It’ll make you feel like you’re giving back while also improving your skills. 6. Talk to Others in Your Field Burnout is a common issue in cybersecurity, and it’s really helpful to hear from others who’ve been in your shoes. Talk to colleagues, join Reddit threads, LinkedIn groups, or forums to see how others are managing. Sometimes just knowing you’re not alone in this can give you the push you need to get through it. 7. Consider Therapy or Coaching If you’re feeling stuck and overwhelmed, sometimes talking to a professional can help clarify your thoughts. A career coach or therapist could help you figure out what’s truly bothering you and help you build a path forward, even if it means eventually making a change. I know it’s tough when you feel trapped by the “good money” and comfort, but I’ve heard that sometimes the greatest motivation for a change is actually hitting that burnout point. It forces you to reevaluate and find something more meaningful. You might feel stuck now, but this could be a turning point. You’ve got a lot of experience, so don’t let the market scare you too much—you might just need to redefine what’s meaningful for you right now. You’re not alone in this. Hope you find something that gives you that spark again!', ""Only sith deals in absolute to be honest. There's things you can be thougher about with experience of course, and other don't. A complete burnout is when you can't get up in the morning, despite your mind wanting too, your body won't react. I knew this, took me half a day to get out of bed, couple of months to recover. It wasn't depression just burnout. Burnout is pernicious, you don't even see it really coming (if you don't know what the signs of it are), it's when the stress goes down that your body shut down for some reason. You are not in a complete burnout but you are heading that path if nothing change."", ""/r/LearnProgramming Come over to the dark side. More Seriously ... I've had to deal with burnout. I kinda beat burnout (it re-emerges every few years) by claiming time for myself and looking for ways to find meaning in my life. Besides my personal experience that I'll list next, make sure that your doctor checks you over for any underlying health conditions. It will make beating burnout that much harder if you are also dealing with some undiagnosed physical aliment as well. I never really had the option of taking vacation to deal with burnout in any meaningful way (up until recently, I haven't had enough time off or funds to really do anything), but I bet taking a few weeks off to focus on dealing with burnout would have made my life much easier. I tried getting into a regular sleep schedule, then started exercising and dieting. Being a little healthier and well rested help me be more efficient in my everyday tasks. After I felt a bit better, I tried volunteering to put my job skills to use in support of the community (I have since stopped doing this). I looked to delegate as many of my responsibilities as I could get away with, both at work and home. I picked up a hobby that is not computer related (I bought a beater motorcycle and I'm currently trying to get it to start). I've been trying to make friends and be more social. I've connected with a group to play Pathfinder and other games on. Making friends as an adult takes a bit of effort, but it has paid off so far. [Here's]( a basic article on ways to help deal with burnout. [This article]( is good as well, but targets programmers.""]"
13,610,13_phishing_email_emails_spam,"['phishing', 'email', 'emails', 'spam', 'mail', 'link', 'training', 'spf', 'knowbe4', 'links']","['I’d argue if they need to send 10 phishing emails in a month, they should re-evaluate their security controls on emails. Here’s why: - We use KnowBe4 as well; absolute easy mode for phishing tests. However, what we don’t do is use our real domain. Why you ask? I’m glad you asked. Email security. What is your company actually trying to solve? If they spoof your domain but you have proper email records, this scenarios becomes less likely. DMARC, SPF and DKIM records go far here. Especially when coupled with SSO AND restrictions on SSO to critical apps for things like an IP/user-agent/managed browser etc that is solely your companies that no outside attacker could spoof unless there is a breach somewhere else. There is a zillion ways to secure SSO, some teams just plug-n-play and don’t go the extra mile to build up the sandbags to your castle. If it were me, the first thing I’d be doing is looking up relevant DNS email records for your domain. If you do a lookup on your email records, you’ll immediately know if these phishing tests are real world or not. One thing I do enjoy about KnowBe4 is their templates. We butcher the heck out of them but yes, there are some harsh templates in there. One of the hardest bridges I had to cross in my career as a security professional is leaving my kindness at the door. I know that may make me sound like a jerk but guess what, bad actors don’t give a sh. COVID impacting the world? Great, let’s send out COVID related emails to hook someone because they have severe FOMO. Geopolitical event - Ukraine war; you see where this is going. Also if you do use KnowBe4, have them install the phish hook in your email client! Makes reporting so much easier for the end user. Plus it has other advantages. There’s a lot you can do with KnowBe4, going back to my plug-n-play comment. If you want a cheat code way to determine if it’s from KnowBe4 (in most cases, unless your security team removed the header), inspect the original email and look for a header called “X-PHISTTEST”. That’s your giveaway. Or compare a real HR email headers to one you think might be fake. This is all stuff I wouldn’t expect most colleagues to do, because they simply wouldn’t know how or forget it after we show them. After all, humans are the weakest link. In conclusion, my last sentence reciprocates my feelings around phishing tests. Humans are the weakest link. Trying to “train” a human will always end in a failure. I’ve even phished myself on accident, so there’s that. Everyone will slip up, even your security team. That’s why I question the intent of this approach you’ve explained. We’re living in a world where someone will absolutely click a link no matter the level of training. With AI, phishing emails are trivial. This is where I begin to question technical controls and not personnel controls that will always have a level of risk. Hope this helps out, don’t beat yourself up. The scenario you laid out, I hope it’s “for testing purposes”. You’re at a crossroad where one way is tedious reporting of emails and another where you find out if your business is solving the right problems or not. Canning someone because your company lacks technical controls to prevent phishing in the first place is a place I don’t think many security professionals would want to be in. It’s teaching the wrong kind of security paranoia, which results in a non-existent security culture across the business because employees feel targeted and attacked.', 'This seems ridiculous. 10 phishing emails in a month? Crazy! My best advice: - If they are going to be extreme, you do the same. Do not open any link or attachment in an email unless you DM the sender and verify they legitimately sent the email. - If it\'s an email from ""HR"" and you want to make sure your PTO/benefits are in order, instead of clicking links in the email, navigate to the HR portal in your browser yourself. Bookmark the legit site just in case. - Start reporting any email that is ambiguous. Even if you\'re wrong, it shows initiative, that you are taking it seriously, and may help you keep your job by demonstrating you are trying. - See if you can get in writing all email addresses the company used for legitimate purposes and have that easily accessible. Reference that every time. CYA. - If someone gets upset with you about not following an email, it is valid to say ""Sorry, I thought it was another phishing test."" If you are having a hard time identifying phishing emails, it\'s not some moral failing on your part and it sucks as tech people that some of us are so persecutory towards non technical folks. It\'s intuitive for us BECAUSE we are tech people. I was doing some googling and found this phishing quiz made by Google that is pretty helpful in explaining what some common indicators of phishing are and why. Maybe it\'ll help you out! (Pasted the URL instead of linking because I can understand if you are extra wary of links at this point)', 'I\'ll give you a tip on how check if that\'s phishing simulation an actual phishing: 1. Check whether the email you received on tip of email body ""You don\'t often get email from @companyX.com"", This means that the source email originate externally 2. As part of Email security of the company they always have SPF, DKIM policy applied. You can check this by examining the email header info. You can see @knowbe4, if this is part of phishing simulation or other domain if a legit phishing. 3. Whether you doubted or confirmed that it is legit or phishing simulation, you can report this by clicking ""Report Phishing"" or the fish logo. The reason you received alot of phishing simulation email is because you always click the phishing links 😅. I think the company is just scaring you, unless you already click a legitimate phishing link and impacts the company\'s integrity or worst financial losses.']"
14,1306,14_years_life_20_career,"['years', 'life', '20', 'career', 'age', 'old', 'retire', 'retirement', '40', 'young']","['Does starting at 66 count? It\'s a fourth career for me. Number 3 is 22 years in IT as database developer and admin. Number 2 was 10 years in aerospace manufacturing as a machinist of composite materials, etc. Number 1 was music. Can\'t really count high school, but feel like mentioning I was a total jock and a C student on my best day. I didn\'t bloom until my early 20\'s. I didn\'t establish a reliable career until my mid-40\'s. Never discount your life experience. Life is almost never a straight line, and for those few outliers that have had straight lines, be happy for them but don\'t try to copy their life. You didn\'t decide to be a hand surgeon in the 4th grade and then everything miraculously got out of your way and you became a famous reconstructive surgeon of hands. That\'s not your life. It wasn\'t the life you wanted. No, the straight and narrow only exists in your mind. The more you obsess on the straight and narrow, the less you see in the opportunities around you. It will mess with your mind. Instead, try this. Just write down everything you\'ve done up to this point in your life. That\'s it. Don\'t analyze it. Don\'t ascribe deep meaning to any of it. Just recall it and let it do its job, which is to give you an appreciation for all that you\'ve already done. This is far more productive than wishing for something that will never be, like starting netsec in high school. Do you really think 16 year old you could appreciate the opportunity that\'s in front of you now? If you do your best work every time you work on something, you\'ve done the best you can to prepare for whatever is waiting for you just beyond the horizon. ""Best"" means the best you can do at that time in those circumstances. I dropped out of college because of a family emergency. It diverted me, but it did not stop me. Diversions are not the end of the line. No one knew that netsec would be such a huge deal in 1995. I met people in 1998 that owned a small company that pen tested the web sites of Fortune 500 types. Huh? What the fuck does pen mean? Are chickens involved? What does this have to do with bird flu? Everyone in 1995 was already heads down in a Java for Dummies book, trying to catch the Dot Com Wave and retire in three years. My first job in IT was in 1996 on a team of four. Everyone on this sub is aware of the big bucks being made in InfoSec. Few or none can see over the horizon. You\'re in the perfect position. Think about it. IT doesn\'t really require degrees of any kind for the most part. It\'s still a churning pot of meritocracy where an 18 year old dropout from high school with the right skills, who can cut good code and do it fast and reliably, can make a better living than half the country. InfoSec is more stringent, but that\'s to your advantage; there\'s less competition AND the barriers to entry, while they exist, are within your grasp to overcome. You\'ve mentioned military. There are other paths. You need networking skills; i.e. the ability to attend a security conference, walk up to any stranger, and engage them in a conversation about what they do, how they got into it, what would it take for you to do it, etc. Posting here is a start. Never regret the past. It\'s a waste of energy, which is bad, and a waste of time, which is tragic; you can never get back the past nor the time you waste remorsing about it. Consider what you\'ve done? Of course. Cry in your beer? Get over yourself, in whatever manner you get over stuff with. Never over analyze the future (If you want to hear God laugh, just show her your plans). When you\'re studying, keep your head down and study the shit out of everything. Compete with yourself; it builds good habits fast. Be helpful; volunteer for shitty jobs. This builds your reputation and your network and your understanding of other stuff. Consider this: in three years, you may have a certificate (get an associates degree while you\'re at it. You\'ll thank yourself later when you want to live and work in Australia or the EU and you can get an online BS degree from WGU without repeating any lower level classes) and two years of netsec work under your belt. If your work ethic that you built this year of doing the best you can at everything has carried through your career, you may find yourself with options that you hadn\'t considered before because you couldn\'t consider them. 125k may feel like a pay cut. Who knows? Bring the work ethic and the skills and see what happens. Regarding windy paths: IF AI can prove itself a worthy, real time defense against the dark arts, some infosec roles\' days are numbered. We live and work in a field where one of the prime goals is always to automate ourselves out of a job. Knowing how to do your best and not slacking off on yourself builds a reputation that, along with your network, will carry you early into whatever rises next above the horizon.', 'early 40\'s here, Sysadmin, falling toward the high end help desk in a small/midsize firm. I really enjoy my work, wish I had a better more clear path up the ladder and eventually into management. The times i was a manager (not in IT but still in technical stuff) I was at my absolute best and happiest. That being said I love computers, love what I actually do for work. With life long hobbies of photography and gaming, I don\'t see me ever shifting too far form the PC world. And frankly I can\'t see any issue with doing IT in ones 60\'s. For sure you would not want to be a grunt in a huge IT department but I can\'t see any issue in a small/midsize firm being the Sysadmin, you have flexibility and depending on the type of firm you wont be in a desperate need to be on the bleeding edge. In most career paths it seems there comes a point where ""It\'s a young mans game"" but I think the truth of that is simply, as time goes on more young people come in and more older people go out, its natural it is the course and so yes fundamentally you\'ll have the kids coming in to take over, but that does not mean there is not value in the aging people in any field. Having not touched autocad in about 15 years I still have people come to me with questions that I can answer and have a much deeper understanding and knowledge of how the things work than these kids ever will, which means I can see through the issue to the solution. Now its ever changing but the fundamentals of what we do (problem solving) are still ever the same. And I see it in IT as well, those with older deeper experience are far better able to see through the issues of current tech even when they are not 100% up to speed on current tech. Now whose going to hire you? Sure sure at 55 you probably want to be in a pretty secure job, but if you are and you do the job well who would fire you? That being said lots of studies show that the average person has x.x careers in their life. Maybe you are ready for a new one. Its entirely ok to pivot and shift and keep yourself happy and content. Maybe its time to open a greenhouse and tend plants all day and sell them to people that want pretty yards. Be happy remember to play and enjoy all the time with your kids, they grow damn fast.', ""You go hard and burn out or become middle management. Why does it have to be that way? Why do we need to burn out? I'm going head first into my early 40s. I just don't care about computers anymore. A symptom of burn out. I don't have that lust to learn new things since it will all be replaced in 4-5 years. The technolust is a bitch; must be nice to not have that addiction. I have taken up a non-computer related hobby, gardening! I spend tons of time with my kid. It has really made me think about my future. Sounds like you've got it set to me. You think a concrete worker goes home and thinks about concrete? How about really any job? Mcjobbers arent going home thinking about french fries. I have always been saving for my forced retirement at 65. 62 and doing sysadmin? I can barely imagine sysadmin at 55. I cant predict a month in advance. Why even consider what you'll be doing in 15 years. Who is going to hire me? Some shop that still runs Windows NT? Computers have been my whole life. You will have to learn. Though that's the same in many other industries. I know many people who still only know EDM; Electrical discharge machining but 3d printing, cnc, etc are your big ones now. You do have to keep learning, but it's not like the world has completely and utterly changed every 4 years. My question for the older 40+ year old sysadmins, What are you doing and do you feel the same? I'm not even 40 but ya management. Currently doing the CISO thing.""]"
15,534,15_ai_use ai_tool_use,"['ai', 'use ai', 'tool', 'use', 'human', 'replace', 'code', 'using', 'tools', 'using ai']","['All the cries about AI, what cyber jobs are being lost because of AI? I know there are some but it makes zero sense. AI replacing devs, sure...because companies can afford to have AI fuck up their code, it\'ll get a human review and code promotion process before ever hitting production. But AI can\'t replace cyber, hell even NOC analysts, because AI is purely based on statistics and you can say ""Well our AI was right 99% of the time, but that 1% of the time it doesn\'t classify something when it should, a breach happens and you lose millions.', 'Ai create the problem. Ai detect the problem. Ai fix the problem.', 'AI is a whole new ballgame for security, is that not of interest?']"
16,561,16_clearance_military_dod_army,"['clearance', 'military', 'dod', 'army', 'government', 'officer', 'security clearance', 'cyber', 'civilian', 'guard']","['You can Direct Commission Army Cyber, Other branches might have the same program. Consider the reserves, Get the clearance through the military, it counts as federal employment. Cut ties with the military once the relationship is no longer in your benefit. But if your Goal is Federal employment, Military Servers is the easiest way to get into it.', 'Join the military and get into a cyber role there. Come out with a clearance, experience, and veteran’s bennies.', 'I would suggest speaking to an active duty recruiter, either Army/ Space Force/ Air Force and see what the shortest contract is in any cyber position. For example, 17C in the Army is something you may want to look into. Get the security clearance, the military experience and the veterans benefits when you get out. You’ll be set up for success. Send me a DM if you have any more questions and I’ll help you as best as I can. Source: I’m an Army Reserve O-3 and Federal Employee [GS-2210 IT Specialist (INFOSEC)]']"
17,553,17_testing_pentesting_pen_pen testing,"['testing', 'pentesting', 'pen', 'pen testing', 'penetration', 'pentester', 'pentest', 'test', 'tester', 'penetration testing']","['This sounds more like a vulnerability management role than pentesting. Can anybody who does pentesting further elaborate whether I am assuming correctly? I ask because there’s no shot pentesting is just 70% scanning. I know that true pentesters have the opportunity to do external and internal network pentesting, and maybe even physical pentesting. It sounds like OP got into a role that just has pentesting in the title. I also know that many pentesters like to differentiate between pentesting and vulnerability assessments/management, and even comes up in interviews to see if people can tell differentiate between the two.', 'Without any other info on your role or activities then i would say 70% scanning is a vulnerability management analyst role, not a pen testing role imo If you are working for an mssp who is selling that as pen testing then find another consultancy If you are working in an internal team them it might be a maturity curve for your company or just a misold role. Either way pen testing is a hand on testing role', 'Uhhh i think you need to find another pentesting job. My pentesting job involves manual and automated testing of web apps, black box testing of networks, and red team engagements. I only have two years of experience too. Rarely in meetings, we just do our testing, create a report and move on to the next test. Usually we have gaps between our tests to study anything we want to better our skills. Dont paint a brush on the whole pentesting field if youve only been on ONE pentesting gig 😂']"
18,482,18_grc_technical_compliance_audit,"['grc', 'technical', 'compliance', 'audit', 'risk', 'role', 'roles', 'security', 'grc role', 'controls']","[""I'd go GRC (and I did). SOC is more technical, but imo you'd have no work life balance with incident response and GRC has more growth potential. People say GRC is boring, but I enjoy the auditing, assessing and debating aspect."", 'Switching from a tech-focused role to Governance, Risk, and Compliance (GRC) can be a strategic move that opens up diverse opportunities within the broader landscape of organizational management and security. Here are some considerations and advice for making this transition: 1. Understanding the Landscape: GRC involves ensuring an organization complies with regulations, manages risks effectively, and maintains ethical standards. Familiarize yourself with frameworks like COSO, COBIT, and ISO standards to grasp the foundational principles of GRC. 2. Leveraging Tech Experience: Your tech background can be a significant asset. Understanding systems, cybersecurity, and data privacy issues gives you an advantage in comprehending the technical aspects of risk and compliance. 3. Skill Enhancement: Consider gaining certifications like Certified in Risk and Information Systems Control (CRISC), Certified Information Systems Auditor (CISA), or Certified Information Security Manager (CISM). These certifications validate your expertise and aid in the transition. 4. Networking and Learning: Engage with GRC professionals through online forums, webinars, and networking events. Learning from their experiences and insights can provide invaluable guidance and mentorship. 5. Soft Skills Matter: GRC requires strong communication, analytical thinking, and problem-solving abilities. Highlight these skills from your tech background that are transferrable to GRC roles. 6. Explore Entry Points: Look for roles that act as bridges between tech and GRC. Compliance analyst, risk management consultant, or IT auditor positions often value a blend of technical know-how and GRC expertise. 7. Stay Updated: The GRC landscape evolves with new regulations and emerging risks. Continuous learning and staying updated on industry trends are crucial for success in this field. 8. Prepare for Challenges: Transitioning might come with challenges. Be patient with the learning curve and seek guidance from mentors or peers who have made similar transitions. Remember, GRC roles vary across industries, so research to find the sector that aligns best with your interests and skills. Your tech background can offer a unique perspective that complements GRC practices. Embrace this transition as an opportunity for professional growth and diversification.', 'I\'d say GRC. I work in GRC myself and honestly love it. While i do love the more technical aspects of cybersecurity (Malware development, vuln research, web test...), i do these things in my spare- or downtime at work. GRC can be ""boring"" though and it can sometimes feel like you are doing nothing. There will be spikes of demand (around audits) but if you do internal GRC you mostly have to seek out the work yourself. Want to get into GRC? Familiarize yourself with a framework (ISO, CIS, NIST..). Depending on where you are in the world, the relevant framework tool may vary slightly. Check job postings for GRC positions to see which frameworksare referenced. In my area, it’s mostly ISO27001. Learning resource i found (haven\'t tried it): [Homepage - Study GRC](']"
19,669,19_raise_pay_promotion_raises,"['raise', 'pay', 'promotion', 'raises', 'bonus', 'review', 'salary', 'performance', 'offer', 'company']","['My opinion? Tell your boss that you feel that if you are going to be staying in your position after being offered a job on a different team with a 10% raise, you\'d really like to still get that 10% raise. I wouldn\'t make it a threat/ultimatum/etc. If he wants to have more of a discussion, then sure talk about it more. I might explain how I\'m feeling with something along these lines, ""I see that for the time being $bigBoss really wants me to help keep things smooth, which I can help with by staying in my position. I feel like I\'m ready to advance my career and the fact that they hired me with that 10% raise seems to agree. So I\'m hoping that while I am still in this position, I can get an equal raise that reflects I\'m ready for more."" Keep in mind that you getting a raise does NOT cost your boss or $bigBoss any of their salary. If they have any human loyalty, they will want to get you the raise and help you feel better. If not, then you\'ll know it. All you are doing is asking. The worst they\'ll do is say no. Next, I\'d consider what I want my next 3-5 years to look like. Would I be content to stay in this same position for 3 years if they do give the 10% raise? What if they don\'t? It may be resume time. You may even take a pay cut to get a new position that will help your resume more (but hopefully not!).', 'Honestly man, take your experience and move on. Your raise and salary should both be better.', 'Let me start by saying, I am sure you deserve more and I am not saying that this is ""right"", but... 1. Did you ask for a merit increase (raise)? If not, don\'t expect one. 2. When they didnt give you a raise the 1st review, did you stay? When they didnt give you a raise the 2nd review, did you stay? If so, why in the world would they give you a raise if they dont have to? Its a tough concept, but in the business world, you have to fight for things. Sometimes this just comes down to being assertive. Asking for, or better yet, requesting a raise...making it openly know you want a promotion, etc. Companies dont give a shit about employees, this isnt the 50\'s anymore. The best way to move up in the world back then was be loyal to a company, they take care of you by giving you raises and promotions and you work there 30 years and retire. Thats not how things work now. ""Long term"" at a job last I looked was considered 1-2 years. When companies hire, they dont see 10 years on a job as loyalty and a positive thing, they see it as being complacent and lacking motivation. They wonder what was wrong to keep you from aspiring for more or being offered more. It benefits the company to have people come and go every 1-2 years. New ideas and experience from people coming in gets spread around at relatively no cost to the company (vs trying to train 5-10 year veterans to do things different). They dont end up with employees controlling corporate culture this way either. People now get ahead and make more money and get ""promotions"" by going from 1 company to the next. That does not mean its this way for every single person, but the majority. Your best bet is to make a habit of asking for merit increases during reviews and keeping that resume polished in case you dont get one. Hell, I am disappointed to get 2-3% year over year. I\'ve come to the point I am satisfied with 5% or more depending on my accomplishments. If I get a cert, further my education or in some cases step up and do more for the company I may expect more. I look at it as, ""What could I make some place else now?"". If its significantly higher, you move on. If its marginally higher (\\5% or lower) then you take the raise and stay. Dont get a raise after asking/requesting one, you move on.']"
20,459,20_alerts_alert_false_tuning,"['alerts', 'alert', 'false', 'tuning', 'positives', 'false positives', 'tune', 'detection', 'soc', 'noise']","[""You need a detection engineer to tune out false positives and group related alerts together. 350 alerts in 4 hours just isn't workable by a single human, period. That means you're averaging one alert every 40 seconds or so - that's barely enough time to read the alert, much less investigate the alert. Every analyst on your team should be bringing up the ridiculous nature of this situation to the SOC manager, and the SOC manager should be figuring out who needs to be involved for tuning up the alerts."", 'You need to centralise these alerts, then identify false positives and tune the alerts down. For example, I have a customer with an internal web app that triggers suspicious OAuth consents alerts everytime they use it. Tune that out. Getting alerts for 4 failed logins but at 5 you have an automated lockout? Why not make the alert 3 lockouts in a short period? Etc. Next step is to document how you respond to each alert. Write a playbook for each alert type or even each individual alert. Create a standard consistent process for each. Then go through your playbooks and start automating the parts that take the most effort. If you submit every IP to some IP reputation checking service, then write a script to automatically identify the IPs in alerts and post in the outcome in the alert. You really want to get to the stage where you have automated 90% of it.', ""If you're getting constant alerts, who is creating and managing the alerts? Are you guys tuning out false positives?""]"
21,867,21_luck_good luck_thank_hope,"['luck', 'good luck', 'thank', 'hope', 'thanks', 'congratulations', 'good', 'congrats', 'glad', 'best luck']","['Thank you for that information. Very inspiring story. I hope your back is feeling better. 😊🙏', 'Congratulations OP. Good luck with your new job! Hope you enjoy it.', 'This reqlly boosted my self confodence, thank you! Congratulations on your position!']"
22,764,22_help desk_desk_helpdesk_sysadmin,"['help desk', 'desk', 'helpdesk', 'sysadmin', 'sys', 'admin', 'sys admin', 'help', 'support', 'job']","['That sys admin has a strong case of the stupid.', ""Anyway how can I learn and get a sys admin job if I choose to go back to the helpdesk. Simply, don't choose to go back to helpdesk. You have a people problem. Fix it. Fixing people issues is one of the best learning experiences for a Sys Admin. More important that the tech stuff."", 'Engineers have taken on the role that Sys-Admin used to have, and Sys-Admin has dropped into a lvl 2 to 3 role that includes client side.']"
23,701,23_cyber_entry_role_cyber job,"['cyber', 'entry', 'role', 'cyber job', 'years', 'entry level', 'job', 'experience', 'field', 'roles']","[""Providing a bit more detail might help. Cyber is a very big field and some roles are attributed to cyber but aren't really cyber. What did you do? What is your area of focus? What are you looking to do if wanting to make a change?"", 'I wouldn’t stay in a career that I hated. But I found something in the industry I excelled at and didn’t let the normal career progression hold me back. I found an industry, power and energy, that fascinated me and became an expert in how it was affected by cyber issues. I learned to talk to power companies in their language and understood their concerns then I interpreted cyber issues that related to their concerns. Cyber is a supportive business not a primary business. We don’t build security, it’s not a product that sells. Cyber supports performing other primary functions securely. If you can find a passion you can apply cyber to it. Although, I honestly don’t see how cyber can be applied to car detailing. You may find a passion that you can master and then apply cyber skills to it. Maybe a break from cyber will help you explore your passions to find a problem that you can become a master at. Be the expert.', 'As most have already said. Cyber isn\'t really an entry level IT role. Entry level cyber is a mid to senior IT role. My in was a bit unconvetional and was a whole struggle in itself. Get in as helpdesk or something else, then pivot. I came in as L1 helpdesk, got to L2 then just went hard on taking the initiative to improve our cyber operations which resukted in me becoming our organisations first and only cyber person. I now have a team who have someone to guide them into cyber roles and help open the pathways that were ""locked"" when I join.']"
24,371,24_ciso_cisos_cto_cio,"['ciso', 'cisos', 'cto', 'cio', 'ciso role', 'security', 'role', 'risk', 'title', 'org']","['To directly answer your question - what you are doing now is part of the overall responsibility of a CISO, but your existing experience doesn’t qualify you to be a real CISO. I purposefully used the word “real” there, because there are some small organizations that give the CISO role to people who are really security architects. You’ll need to add significant experience around regulations/compliance, strategy formulation and execution, managing large teams, data security, AI security, cloud security, risk-based approaches to cybersecurity, and many other areas before you’re ready to be a CISO. A few stream of conscious thoughts: - My pathway from where you are today to becoming a healthcare CISO involved me moving to a management consulting firm for 12 years. This gave me enterprise expertise solving extremely complex problems that live in the union of BUSINESS and cybersecurity. - After spending 2 years in a CISO role, I realized that I could make WAY more money AND have a better work/life balance my moving elsewhere in the industry. Remember that the average CISO in the US only makes between about $230k - $500k annually. Ask yourself if that compensation is enough for you to (a) have work in your mind 24 hours per day and; (b) be the person who could face personal liability in the wake of a breach. - Management consulting or working for a channel partner (in the right position) may be great options to consider to broaden your experience', 'I am a CISO and I fully agree with you', 'HR: “What did you do as the CISO?” CISO: “I hired the deputy CISO.”']"
25,513,25_week_rotation_oncall_calls,"['week', 'rotation', 'oncall', 'calls', '24', 'paid', 'hours', 'night', 'called', 'extra']","['I ask about on call during the interview process. If the pay is reasonable, I continue, if not I thank them for their time. Second job I had had basically unlimited opportunity for OT, and a large on call rotation roster, so it was only around every 14 weeks you went on call. Then they made it to where the ""senior"" guys wouldn\'t have to do on call. That made the rotation around every 6 weeks, which imo was too short with the amount of OT I was picking up on the side. I mean, I would go from working 40-60 hours a week and then doing on call on top of that. It sucked. Last job didn\'t have on call until my last 3 months of working there, I told them when I was hired I didn\'t want to be in an on call rotation. and one did not exist currently. I asked for a raise when they put in an on call rotation because I was the senior that would get calls. Still wasn\'t enough money to cover how much extra work there was when you can be basically forced to work at night to keep your job. Current job has no on call, and it is lovely. I don\'t think I would want to work another job with a rotating on call.', 'In my org, being ""oncall"" is always part of the deal no matter how high up you are. My CEO still has to deal with issues when he\'s in the middle of nowhere at any time, day or night. All management/directors carry a phone and are expected to be available via phone. We have one ""primary"" oncall person, then one escalation point who is a bit more knowledgeable. Anyone that is in the rotation and not on call isn\'t expected to be available, everyone else is. Sadly it\'s the nature of any 24/7 business. You say you have moved up the ranks but your still dealing with first level after hours calls? Something doesn\'t sound right here. I mean, if you moved up, their should be people who replaced that role you were in, also on call. I would strongly push to be an escalation point, where you can maybe just give some guidance over the phone or have a lower expectation of when you can be near a computer. Before you burn out and spiral out of control, I would strongly consider getting the company to rethink their oncall setup. At 37, you should be settling down, enjoying a family/social life and getting a decent night sleep. If you are at a senior/management/director stage of your career, I would bring this up to management. I had a couple people who needed a work/life balance and asked to be put out of the main rotation or they\'d leave. By the time your burnt out, money won\'t fix it. Let\'s say if you get a 10K bump (which we all know in IT, this won\'t happen), almost half of that is going to go to taxes, and your still going to be attached to your laptop, overworked and tired. &x200B;', ""Oncall is the only part of my job I hate. We rotate and have a large group so it's only 4-5 times a year for a week but I'm a wreck during and after that week. We are salary and this is considered part of our job duties so we don't get paid extra. We get a day off the following week after we are oncall which at least is something. Sleep interruption every hour or so nightly between alerts and actual phone calls, still have to come in usually during normal work hours and do your normal job duties plus being oncall, getting called on things I have not looked at/touched ever with no documentation, getting stupid calls about end user desktop crap when we are a system infrastructure group and those calls should go to the help desk oncall etc. The sleep issues wreck my body and during that week I can't really do anything with my family and it takes the next week to recover. Everything else about my job is great and management is pretty understanding about how much oncall sucks but it doesn't change the fact it is a horrible week of literal torture. I would like to do the same job I have now and not be a manager and not have to be oncall. My life revolves around my oncall cycles since during that week my life is pretty much over.""]"
26,352,26_cissp_certs_cert_cism,"['cissp', 'certs', 'cert', 'cism', 'ceh', 'experience', 'cisa', 'years', 'exam', 'security']","['So I think most of your quotes... both sides are true. Let me see if I can clarify... ""EC-council certs are not bad"", ""EC-council are a shitty organization and their certs are not worth it"", EC-council certs, mostly CEH, are good for HR Filtering. That\'s about it. But yes, the organization is sub par, and arguably borderline ethical. ""SANS certs are great"", ""SANS certs are nothing but highway robbery at that price point"", They\'re absolutely wonderful, the training more than the certs. But yes, they\'re way too expensive for almost any individual to pay for themselves. Your org will pay for these, don\'t expect to pay for them yourself. ""CISSP is very voluminous and covers a lot of domain"", ""you have no right writing CISSP until you\'ve had at least 5 years of experience in IT "" CISSP is the de facto (although somewhat non-technical) best, industry recognized, overall management/governance/policy/architecture security cert. Ignoring red-team activities, it\'s the crown jewel. But becoming ""CISSP"" does require 5 years. If you pass the CISSP exam but don\'t have the 5 years you cannot (per IC2) claim to be CISSP, but only ""an Associate of IC2"" and ""Passed the CISSP exam."" You\'re not CISSP or CISSP certified. ""e-learn certs are good for entry-level professionals"", ""e-learn certs do not hold much sway in the job market"" They\'re good for entry level, yes. Experience is going to always be king, though. ""forget certs, experience is the key!"",""certs are great for career advancement, they\'ll get you in the door"" Pretty much the same as above. Experience is key... but if you\'re trying to get in the door (meaning you have no experience) certs are great. Even with experience certs can be great... Experience is better than certs, experience with certs is better than both. Does this help?', ""Years of experience count. Hr likes to see particular certifications, i.e. CISSP, OSCP, Sec+, CISA and CISM and unfortunately still a lot of CEH; even though there are other great certs out there. Full CISSP requires 5 years experience. That's why they look for CISSP."", 'I have a CISSP and I still can’t find a job']"
27,613,27_resume_resumes_update resume_job,"['resume', 'resumes', 'update resume', 'job', 'resume start', 'hiring', 'experience', 'skills', 'look', 'polish']","['You talk about color and formatting as a positive, but every advice I’ve seen the past year or two is to avoid colors and formatting because it won’t get past ATS’s. How do you suggest reconciling this? I personally love to format up a resume but it feels really disjointed to hear that you essentially need an unformatted resume for a hiring manager to ever look at your resume, and a formatted resume for a hiring manager to actually pay attention to.', 'You should be aware that this is YOUR advice for how to get YOU to look at a resume. It doesn\'t apply to every hiring manager, and pitching it without disclaimer shows a lack of awareness. You also failed to explain how 24 resumes end up in your pile. What\'s the filtering process? How do applicants get past your HR filter or ATS? The vast majority of hiring managers I\'ve talked to do not recommend using header or column coloring, instead they recommend a plain white resume with the following structure: contact info skills experience certifications education. --- For 5 years, I worked for a school that assisted veterans with transitioning from military to IT. We had weekly workshops that were hosted by industry personnel ranging from hiring managers, HR staff, 3rd party recruiters, staffing agencies, executives, owners, etc. I sat through hundreds of those meetings. Every host provided different advice. Generally their advice was specific to their own preference or some standard within the specific industry area they worked in, for example Clearance jobs generally want more detail and more pages (5pgs is not uncommon). Some want 6pg resumes with excessive detail. Some want 2pg resumes with summary bullet points. Some want 2pg resumes with detailed info. Some want 1pg and nothing more. Some advise including a headshot. Some say their ATS resume processing system gets borked if you include images. Some want cover letters. Some don\'t. Some say do whatever you can to game the filter (hidden text). Others say they flag gaming. This was advice given to veterans looking for jobs, not specifically advice on how to get hired at the host\'s company. There is no one size fits all ""best advice"" for resume crafting. Whatever perfect resume you craft will be discarded without getting any eyeballs on it at some places, simply because the HR staff has crafted some personal filtering into their workflow. With that being said, I don\'t think its worth the effort to tune different resumes for different companies, unless you have inside information (recruiter, or staff) giving you tips on how to tune. My personal advice is to follow the guidelines from the EngineeringResumes Jun-25 (9,300) July-25 (10,300) The trend is getting worse, not better. 600 new jobs in April. 4300 lost jobs in May. 9300 lost jobs in June. 10300 lost jobs in July. No amount of resume tuning or homelabing is going to overcome this issue. Does that mean you shouldn\'t put time and effort into improving your odds? No, you should, but just be realistic about it. The economy and job market are FUCKED. It is very unlikely that you are going to land a job in the current market without experience, because you are competing with 130k people who have experience. Be realistic, plan on working outside of your degree field, apply on the side, and hope the economy and job market get better.', 'Here\'s what worked for me. I have two resumes, a ""form-filling"" resume and a ""people-pleasing"" resume. Both contain the exact same information, but formatted differently. My form-filling resume has virtually no formatting. The goal is to make it as easy as possible for ""auto-fill from resume"" to read your resume and put everything in correctly. This saves time and frustration on applications. Any time I\'m applying for something and the auto-fill app gets confused, I edit my resume and start the application process over, until I am satisfied with how well it auto-fills. This took some trial and error, but once I got it right, it was good. My people-pleasing resume was in a different order, and was very nice looking. One of my biggest tricks was borderless tables, which are like columns, but much easier to manage in MS Word. Using these two resumes, I could auto-fill with ease, remove that attachment, and then upload my people-pleasing resume. Made applications much easier and I got more interviews.']"
28,372,28_infosec_experience_security_years,"['infosec', 'experience', 'security', 'years', 'infosec team', 'field', 'infosec job', 'role', 'people', 'job']","[""If you don't like infosec, yeah, it's boring."", ""who is hiring these people? Like did the head of the Infosec get replaced with a non Infosec person who either doesn't know how to hire infosec or is scared to hire an infosec person in case they know more than than them? Or maybe it could be the company attempting to save money, whilst infosec jobs are in demand enough that people with skills are leaving for greener pastures. Either way, definitely think about leaving."", ""Lol. I understand. I don't think there is anything wring with you. I think your getting lulled in by Infosec [Twitter/LinkedIn]. Which is kinda a mess in general. Infosec [Twitter/LinkedIn] is for people who generwllyarelooking for jobs, trying to marketeer themselves (or a company), or are legit infosec nerds (and god bless em when share good shit). Nobody says you have to be an infosec nerd and live and breathe daily to work here. The vast majority of people are prob like you to be honest. They do their job and then go have fun doing something else outside of infosec. They don't need or even want to do that shit. I think in our team of about 20 people we have maybe 2 people are diehard infosec nerds who get into the memes and spend many after hours swallowing all things infosec. None of that is required (Altho I'd say it makes them better at it for sure)""]"
29,487,29_cs_coding_programming_code,"['cs', 'coding', 'programming', 'code', 'science', 'computer science', 'degree', 'computer', 'python', 'classes']","['I am getting my computer science degree right now at a large research university, but I am currently an intern at the local power corporation working in IT. The other intern on my team has a similar view that you do which is why he dropped CS. I thoroughly enjoy CS and at my school that’s about 90% abstract programming but what I would suggest is to consider IT like many have mentioned. Get the degree and get into IT as soon as you can. A CS degree does wonders in the business world because it’s proof you can be a critical thinker even if you didn’t really enjoy it too much.', 'Doing CS without coding is like autism kids going to party.', ""I'm a computer science graduate. The only classes I failed were my programming classes. I hated it. But, having the CS degree ultimately got me where I am today. I was losing interest so I dropped out of school for a bit to get some practical experience with computers. I went into helpdesk for a mail order computer company and then moved to helpdesk at a big corporation. I later started doing desktop support my manager saw that I had some UNIX experience from my days in CS. So, she sent me for training so I could take over as UNIX admin. It was many years before I started coding again, but it has been exclusively shell scripts. Having the background in development from my time in college has helped me a lot. Getting a CS degree does not mean you have to be a developer. You can still go into IT and get into system administration.""]"
30,420,30_vulnerability_vulnerabilities_vuln_critical,"['vulnerability', 'vulnerabilities', 'vuln', 'critical', 'vulns', 'risk', 'vulnerability management', 'scanner', 'cve', 'patch']","[""Several have already mentioned that nmap is not a great vulnerability scanner. That said, the problem you have is the same problem you will have with any vulnerability scanner and any fledgling security/vulnerability program: noise and prioritization. You need to identify the most impactful place to focus your finite resources and time. You likely do have thousands of vulns in your environment, but many (most?) of them are either non-actionable(can't be fixed), non-exploitable or difficult to exploit (can't be used by bad actors), or negligible impact (won't cause any real damage). You need to spend your time focusing on reducing risks from things that are highly likely to occur and have a high impact (do a lot of damage) on your organization. Some of those vulnerabilities in your systems, and some are not. I know you came here asking about vulnerability scanning, and it sounds like your network and environment in general needs hardening, and that you are doing a great job of learning and starting to build out some security for your org, but vuln scanning and network security are only parts of a solid security program. Even if you were to get a large budget to purchase a commercial scanning tool like Tenable/Nessus, you will have the same noise and prioritization problem. Security is all about managing risk. That's worth saying twice: Security is /all/ about managing risk. Taking the time to define what your goals are with vulnerability scanning and establishing a remediation plan is what will make you both: 1. effective at minimizing risk from vulnerabilities 2. give you metrics to quantify how you have been reducing/minimizing risk The great news is that a lot of the work to frame this out has already been done for you, in several places. A very popular place to start building a security program is NIST Cybersecurity Framework: [ NIST CSF does not provide a prescriptive list of things to do to be more secure, but it provides the structure to build security policy for your org. If you are looking for a prescriptive list to build off of, Center for Internet Security (CIS) maintains a list of Critical Security Controls:"", 'I am the senior security engineer at my company; I\'ve set up a few vulnerability management programs including at my current employer. They vary depending on company, team structure, tools, etc. But the general idea is: 1. Find out who the owners of various systems are 2. Meet with the owners so they understand what vulnerability management is. ""We will be monitoring systems for vulnerabilities and putting process in place to remediate these vulnerabilities or add them to a risk register as an acceptable risk"" (Clearly expand on this more and be diplomatic). Set up a reoccurring time when you will meet with system owners to discuss vulnerabilities, monthly perhaps. 3. Implement whatever scanning tool you are going to be using. 4. Make sure it is scanning your systems correctly. 5. From here you have a few choices depending on your feel for the teams. Since there is going to be nine gajillion vulnerabilities; select 5 of the top vulns triaged by how bad they are and how many times they occur in your systems (ie: the most \'bang for your buck\'). Another option is to select one very easily remediated vulnerability just to get people used to the system. 6. Take these triaged vulns and package them into however your team gets things done; if you are on an agile team perhaps use a sprint format for example. 7. Meet with the system owners during the scheduled time and share the vulns you\'ve found, explain what they are, why they are important to remediate, etc. and come up with a game plan to do so. 8. Check scans for remediation 9. Figure out why false positives still show up, or any other unexpected anomalies have happened. 10. Repeat Once the program is setup and running I completely pass it on to an analyst (that is, if there is a big enough team where we have that option) who runs it from there on out; and I trust them to do so but will always, always be there if they need me to have their back - especially if senior people are pushing back against remediating for reasons that are less then genuine or important. The main job of the analyst are to track and facilitate all of this and most importantly have a deep understanding of what is going on. Be able to explain each and every vulnerability in depth to anyone who has questions about them and why they need to be remediated, etc. and how vulnerabilities relate to the systems as a whole. If I was interviewing specifically for a vulnerability analyst this is the main skill I would be asking questions about; not simply because this is what they need to do the job well but because it shows that they are on the path to move up and will likely absorb anything I can teach them to help them on the way to their goals. This is an extremely simplified and nonchalant outline of a vulnerability management program; it\'s just to give you an overall idea of what it might entail. In reality it will be well documented (both policy and procedure), the planning stage will usually be more involved, the first few rounds will be testing grounds of procedure and not just go smoothly, there will be butting of heads, etc. etc. I can certainly go into more detail if you have questions; I just don\'t want to write out some gigantic post when it might be of no interest. Above all, remember that this isn\'t other teams vs. security, this is all of us vs. the vulnerabilities. ACTIVELY promote and cultivate this mindset of teamwork and diplomacy in everything you do as a security person.', ""First off, there should be overlap between Defender and Tenable in terms of vulns identified so if you're seeing things in Defender that you aren't finding with Tenable I would check the scope of your scanning and that scans are authenticating successfully. Unlikely that it'll ever be 1:1 but life will be a lot easier if you can do 99% of VM out of one tool. Second off, the name of the game in VM is prioritization. I would do this in two ways. One, identify high value or high exposure assets (web facing systems, DCs, etc.) and prioritize them for remediation. Don't just go by CVSS score. As you use Tenable I'd recommend using their VPR score and information around what vulns are exploitable with published POC code to prioritize. For these assets you want almost every vuln remediated or mitigated. Secondly, prioritize based on the vulnerability. I would go back to VPR for this and look for highs and crits and chase those down. These are going to be your log4j, blue keep, heart bleed type vulns. Chase these down regardless of where the asset is (within reason). If you get pushback on remediation of these two categories, especially for something like log4j, then congratulations you're officially doing VM. Now you have to learn to influence stakeholders or escalate while being aware that doing so can burn bridges. This is the hardest part of VM. A good approach can be to start reporting on vuln discovery and remediation to SLT and call out specific priority vulns. Be prepared to explain why the vuln is high priority and what the impact can be with real world examples. When SLT inevitably asks why it isn't getting patched be prepared to give a tactful answer that doesn't throw your sysadmin under the bus but doesn't give him so much cover that they agree it shouldn't be patched. Another approach can be logging these high priority vulns in a risk register and making a director or above (depending on org) sign off on accepting the risk if they don't patch it. This can CYA and also encouraged people to patch because most don't want the accountability if something was to be exploited and there's a record that they knew about the issue and didn't patch. Last piece of advice, prepare an emergency patching plan. There will be more log4j type vulns in the future. Having a plan with stakeholder buy in will make the situation way easier to deal with. Cover how to identify when the plan should be initiated, who needs to be informed, who will patch and how, SLAs, and reporting. Good luck!""]"
31,394,31_firewall_vpn_ip_rdp,"['firewall', 'vpn', 'ip', 'rdp', 'traffic', 'port', 'server', 'ports', 'network', 'internet']","['So to my understanding the problem arises from the Draytek VPN not being able to handle the RADIUS challenge response and you fail to enter the OTP value in a second step? I am not quite sure, at which points users currently need to enter their windows passwords (when logging in to their local desktop? When establishing the VPN? When logging in to the RDP via the VPN?) or when you want to avoid them having to enter their passwords. Disclaimer: I am one of the developers of privacyIDEA, so I would prefer, if you go with option 1 - or alternatively with option 3. As I am missing the above mentioned information (password requirements), I will give you some ideas - may some of them you are already aware of: In regards to option 1, keeping FreeRADIUS and privacyIDEA A pretty standard way using a non-low-cost apporach is Netscaler. In this setup you can split up both authentication steps (AD-Password and OTP) into two steps. You can cache the AD-Password entered, so that users will not need to enter the password again, when they connect via RDP to the server. You will only add a 2nd step with OTP during the VPN authentication. I do not know a UWP, that works as designed and I do not not a real browser based open source SSL VPN. In regards to SSL VPN you could use openvpn. But I am not sure about the UWP requirement and you need to take care of the setup process on the client machines - this is usually a bit more complicated. However, you could configure it that way, that you could get rid of the static password in in contrast require a client machine certificate and the OTP value. This way the contracter could start the VPN, without ""knowing"" anything. The client certificate would be a better approach than storing the password on the client machine. In all cases, you also could configure privacyIDEA this way, that users need to enter the AD-Password and the OTP value in one step. The AD-Passwort would be verified by privacyIDEA, so you could avoid the need to RADIUS Chal-Resp. (But I think you were aware of that). In regards to option 3, opening up RDP to the world Of course this is something you usually want to avoid. If you really want to go this lane, there is also a Credential Provider for privacyIDEA available. But this acts as a subscription addon and this will probably conflict with your low coast requirement.', ""First of all: You did a great job. Everything you did was good and appropriate and a huge improvement over the old situation. So - the criticism by the old admin is quite a bit hypocritical: Why didn't he change the whole crap before? But there's also some truth in it, and maybe some fuel for phase 2 of the improvement project? Let's look into it: 1. I know the password policy is weak, however the passwords were all set by the old sysadmin and these haven't been changed in years Correct. Crappy pw policy should be improved. Tell the director that the old admin is right here, and that you didn't dare to suggest this change after the old admin didn't dare for years... 2. RDS is fairly secure in terms of authentication, no-one knows the IP address and the Director is the only one who connects in and has to have his mobile phone with him to enter the authentication code to gain access. It's more or at least equally secure than the TeamViewer setup he established, right? Danger! 'No-one knows the IP' is obscurity, not security. Moving services to 'hidden' ports makes attacks only slightly more difficult, but not for a determined attacker. So there's now an open port where there was none before - TeamViewer doesn't need any open ports on the internet, their client is always connected to a central connection hub. So... a (Open) VPN to protect the RDS is a good idea. 3. Why is a new firewall required at this point? All we've done is change the server over, we don't need to setup any advanced routing or establish any VPN connections to other sites... Not enough information to judge here. Do you have any additional port open on the internet? 4. Why does an Office with max 7 employees need a virtualised server infrastructure? If anything, with the lack of the presence of the Exchange server, we need even less resources than ever before! No need to virtualize, but the possibility to do so & profit from it (using VM snapshots, adding more servers, virtual firewalls as needed etc). I would have tried to get a server which is closer to the specs of free VMware Esxi (one physical CPU only afaik) and virtualized the Windows machines on top. As I said: No need, just nice to have. 5. I know there isn't a real backup solution in place and i'm not happy with it myself. Why didn't the old sysadmin set one up beforehand though? Surely with an EDB on site, the need for a backup system beforehand would have been even higher! Backup is always the stepchild of IT - except where ppl have had disaster strike before & learned their lesson the hard way. Maybe you want to get a cheap NAS with RAID 1 in a separate part of the customer's premises as backup? Or rent a cheap VPS / cloud storage online? And look into e.g. Duplicati or BorgBackup or any commercial solution that fits your needs & budget?"", ""I agree with the old Sysadmin... 1. I know the password policy is weak, however the passwords were all set by the old sysadmin and these haven't been changed in years You're putting blame on him. Passwords should have been changed as soon as you came on board. 2. RDS is fairly secure in terms of authentication, no-one knows the IP address and the Director is the only one who connects in and has to have his mobile phone with him to enter the authentication code to gain access. It's more or at least equally secure than the TeamViewer setup he established, right? RDS isn't secure, and simply modifying the port is pointless. Its easy to do a port scan on a block of IP's and find out which one is servicing RDP requests. VPN is your best option. 3. Why is a new firewall required at this point? All we've done is change the server over, we don't need to setup any advanced routing or establish any VPN connections to other sites... Old firewalls may have vulnerabilities, especially those with outdated firmware. Its important to stay up to date with modern hardware. 4. Why does an Office with max 7 employees need a virtualised server infrastructure? If anything, with the lack of the presence of the Exchange server, we need even less resources than ever before! Virtualized environments help with redundancy and easy of recovery's amongst many other things. 5. I know there isn't a real backup solution in place and i'm not happy with it myself. Why didn't the old sysadmin set one up beforehand though? Surely with an EDB on site, the need for a backup system beforehand would have been even higher! Again, you are blaming him. You're the Sysadmin now, why haven't YOU implemented a backup solution? You need to hold yourself accountable for your environment.""]"
32,515,32_office_room_open_server room,"['office', 'room', 'open', 'server room', 'door', 'open office', 'offices', 'desks', 'cube', 'space']","['When will office planners get it through their thick heads: [Open]( [office]( [plans]( do not work!', 'I\'ve been a server sysadmin for over a decade. I have no help desk experience. I started out in a ""private"" cube with high walls and a door. Then I was moved to a small cube outside my boss\'s office, in part because I sucked at my job and was very inefficient. Then for a while I had large private office, until they needed more office space and put another person in the room. It was okay. Now I\'m in a different office shared with two coworkers. It\'s a big room, and everyone faces their own wall, so it isn\'t bad.', ""We don't have a dedicated office room either. Our 'office' is our server room.""]"
33,574,33_interview_interviews_questions_interviewing,"['interview', 'interviews', 'questions', 'interviewing', 'ask', 'interview process', 'process', 'candidate', 'hiring', 'know']","['For me once I got an interview, I asked the name of the person who was going to be interviewing me. I checked their LinkedIn and try to find something I bring up in the interview to either compliment them on or ask questions about. My first internship the interviewer actually was from my hometown and I made conversation on that to connect with them better.', ""I started my career in help desk, worked all the way up to lead security architect so far. I have never had a positive experience with businesses that do more than 3 interviews for a position. Not only that but most interviews have been: - One 30 minute interview with the technical recruiter - One 1 hour panel interview with adjacent employees - One 30 minute to 1 hour interview with hiring manager and supervisors If you spend more than 3 hours talking technically to a company and they can't make a decision (for 99% of positions) then that workplace has problems beyond the interview process that I am not interested in."", ""Good people don't interview well and shirkers are masters of the interview process.""]"
34,323,34_syndrome_imposter_imposter syndrome_impostor,"['syndrome', 'imposter', 'imposter syndrome', 'impostor', 'impostor syndrome', 'know', 'feeling', 'feel', 'learn', 'syndrome real']","['Check out Imposter Syndrome. Quite common. I have that feeling a lot too.', 'I live by a simple concept. Imposter Syndrome is great. Why? Because it shows that you realise that you have a lot of room to learn and grow, and that you are aware that you are not this all-knowing-God. The moment your imposter syndrome is gone, that is the moment that you should consider if your role is still challenging you enough.', 'Embrace imposter syndrome. The single greatest threat to continued success is complacency. With imposter syndrome you’ll never become complacent.']"
35,292,35_wifi_cable_wireless_meraki,"['wifi', 'cable', 'wireless', 'meraki', 'cables', 'cabling', 'wired', 'ap', 'network', 'ethernet']","[""I am in sales and I would be wary to want to help sell you this solution if I knew the full story as it might taint my company. While there is nothing wrong with wifi in itself and Meraki is a great solution \\(although pricey as they will cease to function if you don't have a valid license which is something I am very much against\\) it sounds like your boss has gone nuts. The only reason to have wifi is for those who bring their own devices and guests \\(who will do the same\\). Workstations should only need to connect to wifi if they are in an area you CAN'T hardwire which is probably not a problem or the switches that control the wired connections go down which is not as much a problem as the ones that will connection the APs."", ""Yea idk why you would do that even with solid wifi. Less to manage if you have a wire sitting there... Less users on the wifi means more capacity for actual wireless users . Now you have to install wifi cards in every desktop? I just don't see why."", ""Sorry for the book in advanced. I would recommend hiring the wiring job out. Talk with a local MSP, this is a lot more work than what you would think. It is also better to run cables with more than 1 person. I would then shadow the MSP as they install to see how they do it. If you hire a large name company odds are they are just going to hire a local vendor and act as a middle man. Also depending on the equipment you run, you may even need multiple vendors (one for cameras, one for network, one for PBX Phone system, etc...). As a solo IT of a company with 80ish employees I needed to learn to delegate. Sometimes it is more cost effective to hire someone to do one job while you finish another, even if I know how to do the job that I hired out. Get two or three quotes from different companies and compare. &x200B; Here is what you will need to figure out and some suggestions, at the very least it should help you come up with questions if you decide to talk to a msp. The sonic wall is fine for most use cases. I have two in my network, one at the main office and one at a remote site. If it supports gigabit, if it does not then your gigabit fiber is being throttled to 100meg. Also, do you have the credentials to log into it? Second do you have a network room, and is it a decent size? You may need to remodel if you do not. Do it right. Plan for growth. You will need to plan how many jacks you need, I would recommend 2/3 per office, and 1/2 per work station. This depends on if you want to use a phone system where the phones have a pass through ports and utilize those ports. You will need to one jack for a printer, and one jack for fax for a centralized printer You will need drops for access points, these drops depend on the building layout, makeup, targeted areas, amount of users, etc... Once you have figured out how many drops then you can figure out how many switches you will need. I recommend at a minimum 1gig 48 port switches. You want to plan for growth here. If you have to have more than 1 switch you need to plan how to connect them, I would recommend SPF Fiber here for those cross connects. You should be able to figure out how much cable (I'll talk about that in a second) Now that you know how many drops, and switches you need you can figure out what size rack you need, and how many patch panels. For the Rack, it really just depends on the size of the room, you may be able to get a 4 post, or a wall mounted. I recommend the 4 post for expansion, try to get a large one as well with plenty of cable management on the sides.. For that patch panel I have been installing punch down patch panels, but I am looking at keystone patch panels for future usage, and replacing a few older ones in the future. I just think it looks more clean. Make sure to get one with plenty of cable support, to increase the longevity of your cables. For running cable you want to get the good stuff, pass through Ethernet ends are cheap and easy. You will want a doublesided velcro/zipties, cable toner, RJ45 Crimper, Cable Tester, RJ45 ends, a label maker, and a understanding of the cable standard of your choice. You will need to decide how to run your trunk, and support the cables are you going to use a cable tray, bridle rings, zip ties screwed into a beam (Yes, I have seen all three). You will need to decide on how to branch off of said trunk. When understand how to run the trunk, you can start working on cable. You should know about how much cable you will need. I recommend Cat6A currently, it is more future proof, I like to run outdoor rated cable indoors that stuff is tough if you get the right brand. Fun Little Tip 1: Try to avoid turns around sharp edges if you are not using a cable tray, take a pvc pipe and use it to round corners above the drop ceiling this will extend the life of you cable. Fun Little Tip 2: You can by a toilet flange, and use that to feed your trunk through the drop ceiling unless you have a crazy amount of cables to pull. The lip of the flange above the drop ceiling, and the plastic tube jolting out below the drop ceiling. If done right, it can look really professional. Fun Little Tip 3: When I run cable I have about 20 different colors of duct tape. I use this to color the ends of the wires so I know which wire is which outlet at a glance, I also use a much larger amount to group cables so I know which area the cable is in. I use this temporary when running the cable to keep a general I deal of where everything goes. Fun Little Tip 4: I use the color of my wires to determine what that wire goes to at a glance, black is network drops, red is cross connects, orange is security systems, blue is access points, White is servers. If applicable I also try to keep the color coded wires on the same switches, so I'll have 2 - 3 drop switches, 1 AP switch, 1 Security Switch 2 server switches it seems efficient to me. Fun Little Tip 5: When running the cable have about 1 - 2 foot of slack at each end of the completed cable. That way if you need to move it or replace the rj45 end you should have plenty of slack. Once you have the cable ran you can then figure out how to rack the equipment. I recommend racking network equipment like: 1. 24 port Patch panel 2. 48 port switch 3. 24 port patch panel 4. 24 port patch panel 5. 48 port switch 6. 24 port patch panel 7. etc.. This will allow you run a very good looking rack that is easy to run. Label the patch panels with the label for you network jacks on the wall. If you use the tape method I described above it should be easy, since you have a rj45 patch panel, and slack you can move it if needed. Also use the cable toner to verify you didn't incorrect tape. Usually I'll terminate the jack first, plug a toner into it and find it at the trunk in the network room, apply to patch panel and label at patch panel. When running cable from the patch panel to the switch, get a variety of cable length. You ideally want the cable to come from the patch panel side, down a vertical cable management tray, and come across the switch from he side. This helps improve visibility of the lights on the switches. With all this information you should be able to plan out everything down to how the cables are ran, to what supplies are needed. Once you have planned it out go over it a few times with a fine tooth comb. Work out all the bugs, and make a quote to provide to your finance officer. &x200B; &x200B; &x200B;""]"
36,729,36_tech_skills_technical_career,"['tech', 'skills', 'technical', 'career', 'job', 'years', 'experience', 'learn', 'technology', 'new']","[""You're stuck at the Help Desk/Operational level. This is a common 'glass ceiling' in the IT world. People get technical enough to get these jobs and do well in these roles, but, they never advance, usually due to either A - not wanting to leave a job after 2-4 years, or B - Not picking up special skills. Sometimes both. The fact of the matter is, with basic technical knowledge, or with on the job training, anyone can get a Help Desk or Operational role, depending on how that's defined with responsibilities. There's zero incentive to pay you more for this work when literally anyone in the industry already has the skillset and it's cheaper to hire green and pay less to learn as they go. Instead, you need to find what you like, what you have an interest in. If you have an interest in...say Networking, you'll want to pursue that and learn more about it. You'll have the drive to get better at it. You need to specialize. You have the basic level of IT stuff down, now you need to generate the skillset that demands higher pay and engineering level jobs. Specialization is how you break the glass ceiling of support. There's always support in the job, but it's just part of the larger roles, it doesn't define the entire job. Take a look at what you do know how to do, what you find interesting, and where those intersect, start digging in that direction. There's plenty of engineering teams out there that need jr. engineers, and they're usually not hired in-house because of reasons A and B above. Focus your time and energy in learning more about that role you're interested in, tailor your resume to be pointing in that direction, and when you get the phone interview, not knowing is fine, but show passion for that career direction, interest and ability to learn, and a desire to do more. That's all they're looking for."", ""Mid-40's life-long IT guy here. I have also managed small teams, but kept my fingers close to the ground. I spent the early part of my career in support type roles (literally starting at what was a small ISP supporting dial up customers on a graveyard shift) and over time I moved out of that and into architecture\\design focusing on e-mail and directory services. I realize I'm likely in the minority here (it's something of an anomaly), but I have been with my same employer (a Fortune 500) for 15 years. It would be fair to say I'm quite settled in, but I don't think I would have any problems finding a good job if I really wanted to move on. As an older IT person my focus is automation, architecture\\design, teaching, and mentoring. I love automation. I spend easily 75% of my time automating larger scale things at work and designing\\building custom in-house solutions. I have been using PowerShell since it was in beta and I am the SME for it where I am working. This is, for the most part, the corner stone of my career at this point. As much as I love solving problems and building things I would say the most rewarding this I do is mentor & teach. I literally travel to other places (and other countries in some cases) to teach co-workers about things that I know and have picked up over my career (typically Splunk, Active Directory, and PowerShell). I think it kind of boils down to what you really love about what you do (if at all). I have a number of things I love about my job and I feel fairly confident that I could do that with any employer. That keeps me going and engaged. I think the thing that stood out to me in your post is that you don't have the lust to learn new things which you think will not translate well into longer term value. I can understand that. I see it a little differently. While what you're saying is somewhat true, if we were to use my example of PowerShell I started learning that back in 2006. Here we are in 2018 and it's going strong and is used in far more places than ever before. So maybe I was lucky, but I picked something that didn't get phased out in 5 years. The cloud stuff seems to be pretty long term too, especially now. Getting in with Azure or AWS would be a good idea since I think those will last a long time for us older folks."", 'Can\'t give you specific advice about which area to focus on because in IT things change too much too fast for that approach. I\'m 66, just retired from a 40 career in IT. Meaning that when I started (as a mainframe operator) there was no such thing as personal computers, the internet or mobile phones. After about 30 years as one kind of system administrator or another I ended up managing projects and/or development teams both in the private and public sectors, the last one being a team of iPhone app developers. After that I got promoted to IT/HR or company management roles. I made good money the whole time but in the end it was a dead end because by then I was ""Jack of all trades, master of none"". I was laid off by my last employer as redundant because I had no specific skill set any more and ""managers"" were seen as old school as the new model was that each team had its own team leader who was experienced in the specific technologies the team was working with. The IT work environment had evolved to being much more contract related and jobs only lasted as long as the project did. Went back to school and then did five years as a contract database developer for local NGO\'s and then retired. The point of this fascinating story is that I recommend you just do what you love because in the modern world there is no way you will be able to find anything that will endure over decades and provide long term job security. Hardware and software will come and go. AI will cause revolutions all over the place just as steam replaced water and horses. And then steam was history. And just being a fantastic employee with a great work ethic no longer cuts it either because you have to keep up skill-wise, and you just can\'t over the long haul. Even being a generalist like I was turns out to have its fatal flaw. My ten years as an IT/HR/management type guy really showed me what the lives and careers of other IT people was like as well. I hired, reviewed, counseled and fired lots of people from those fresh out of university to those coming out of retirement, all the generations. Following their careers as they moved between companies showed that no one, not even those who were head and shoulders above their peers in terms of quality and speed was invulnerable to the pace of modern change, which will only increase. So from my experience and perspective, I suggest there is no way you are going to be able to see a clear and secure way forward for the long term. Those who appear to be able to do so are, in retrospect, just lucky. Just do what you love. If you are currently ""now interested in learning about big data, cloud computing, AI and even fintech"" I say pick your favorite and go for it. Let life take care of the rest because it\'s going to anyway.']"
37,286,37_comcast_fiber_modem_spectrum,"['comcast', 'fiber', 'modem', 'spectrum', 'router', 'service', 'att', 'circuit', 'phone', 'account']","['Actually have not had any problems with them but we only have a normal business fiber line with them. Our enterprise grade fiber line is from Comcast.', ""ITT the same thing I've experienced, with a lil' bonus from me on the end... AT&T Business Fiber: SUCK service of the product. SUCK billing. Fantastic product when it works. FUCK their MIS department with a chainsaw up their posteriors, they're completely worthless, I took over their MIS on my end and FIRED them. Reason? They sent a FIBER tech for their ROUTER problem. (This, btw, was after 8 other outages, all their interface router related, so I'd kind of had it, and they said it'd be 2 days... and the router was absolutely dead now.) I therefore acquired a new router (well, happened to have one that was slated for other use, but on the paper 'said' it should be able to do this), configured it, got it working, Hallelujah, and then immediately replaced the working one at the other location. Once that was done, and I got VPNs done as needed, I fired AT&T completely and utterly, except a very very few POTS lines. No regrets, and won't ever have 'em. The last, final bill I had to authorize was painful enough, truth, but there'll be no more and I can't be happier about what I've done. Which was to go to Comcast Buisness. That's important. They damn near bent over backwards to get it installed at one location, before all the 'final' shenanigans happened above at the other location, and it was fantastic. It was the cable kind, for reasons, but still, great! Then an outage. In the drizzling rain. With ants in the pedestals. Came right the hell out and fixed it. Something to do with balancing their cable amps right. Problem solved, and hasn't come back. Can't be happier. Replaced AT&T soon after with Comcast Business Fiber at other locations, and so far, again, can't be happier. It just works, and it's fast, all locations I get plenty updates on when maintenance is happening (thankfully outside worktimes), and that I appreciate, but it's never affected us, and so far, it's just kept on working. --- Which is great for business, but how 'bout personal? Comcast/XFinity? Rot in hell, bastids. Service is suck, and nickle and dime time. AT&T Uverse Internet? Love it. Simple and done, it works, and service on the product is a snap each time. Billing is a non issue. I've only called once in the years I've had it. (aand I jinxed it...) Their cell phone wireless is pretty good, being what it is. Can't say I have any reason to switch since I moved from Sprint (which had awful coverage/performance where I roam.) --- Y'all'n's mileage may vary on all that, but that's what I see. Obviously businesses in different areas might be differently operated, but 'round these parts, what I've seen/experienced. I'm sure I'm wrong about something. :p I just wanted to join the 'AT&T business sucks' ranting, 'cause it's so damn true it hurts. See y'all."", 'Why is Comcast putting “fiber” after their name? It’s not special, right?']"
38,612,38_quit_new job_job_quit job,"['quit', 'new job', 'job', 'quit job', 'new', 'leave', 'quitting', 'don quit', 'leaving', 'lined']","['I’m begging you please don’t quit your job', 'You should quit and go back to where you came from. You are part of the problem.', ""that's why i quit my current job, i am no kindergardener""]"
39,233,39_ssd_hdd_ssds_laptop,"['ssd', 'hdd', 'ssds', 'laptop', 'storage', 'hdds', 'laptops', '2tb', 'drives', 'spinning']","['I feel like the reason laptop manufacturers haven\'t standardized on SSDs in all laptop builds is because bigger storage space numbers attract the common buyer. If you had no idea that an SSD was exponentially faster than an HDD, you would always opt for the 2TB over a 0.25TB, it just makes sense. It is really sad that you never find a smaller SSD option in a budget laptop and I feel like this will never change until larger SSD pricing equals that of HDDs. Your boss should really be looking for a new career if they think a consumer grade HDD is better than a SSD. Especially for task-workers that are word processing and browsing the web Suggestion: If the price is a big blocking faster for getting an SSD, look into refurbished laptops - you can usually find a factory refurb SSD variant that is sometimes even cheaper than a ""new"" HDD variant.', ""Depends on the situation. In most business situations where folks are impatient and should be storing data on a server or dedicated storage front, I'd say an SSD makes sense. &x200B; I still buy laptops with HDD's for two reason, one, I can get a same size SSD as the cost of an upgrade for LESS than the cost of having it included with the laptop in many cases. Now ultrabooks are a separate category, and most have SSD as an only option these days. &x200B; Gaming laptops with an SSD primary and HDD secondary also makes sense because you have speed for OS and critical software and bulk storage for media and games. &x200B; TOM1, as far as your boss, he's probably looking at storage space and cost. Not realizing what SSD's bring to the table. The best way to deal with that is waste his money to show him the difference if its a laptop you can swap an HDD for an SSD. Use Macrium Reflect Free to migrate to an SSD, then do the swap one night after asking him to leave his laptop in the office for maintenance. Let him experience the difference first-hand. I have found the extra cost of doing this at the top of the food chain can often lead to it trickling down as an approved cost/upgrade when they see how much faster and more efficiently they can work with less waiting, with longer battery lives, etc. YMMV of course, and it isn't easy to approach with a bottom-line focused leader, but it is possible with persistence. Play the long game and stand your ground. :)"", 'Quick question. Can I add SSD as an extra along with HDD on my dell laptop? For example, HDD for storage, and SSD for regular use.']"
40,312,40_internship_intern_internships_interns,"['internship', 'intern', 'internships', 'interns', 'experience', 'school', 'paid', 'college', 'unpaid', 'students']","[""See if you can get an intern. It sucks being solo - even if the intern is awful, it's nice to have someone to help out with BS issues, and at least buy you some time..."", 'Not to impugn your abilities, but this is not something an intern should be doing.', 'I\'ll give you my experience. I interned for a startup company in 2016. Now, startups are notorious for not really having easy internships or set intern-projects. I worked directly as an Information Security Analyst and boy did I work. That internship set me up for such a successful career though. If you can get an internship where they actually make you part of the company and not ""An Intern"", you may hate it at the time or be super nervous to do anything but stick with it. Those lessons as an observer that is allowed to mess up and float under the radar a bit will be invaluable']"
41,238,41_printer_print_printers_printing,"['printer', 'print', 'printers', 'printing', 'driver', 'print server', 'drivers', 'server', 'paper', 'ricoh']","['Can you give more details what you mean when you say ""incapable of reaching any printer""? Do you mean that when you try to print, there are no printers appearing in the list of printers? Or that the printers do appear in the list, but when you try to print to one, you get an error? Or nothing happens? One thing to be aware of is that Microsoft introduced a new print driver model with Windows 8.1 called ""V4"". In order to access certain print driver settings when printing from ""modern"" Windows apps (e.g. Edge, Windows App Store apps, etc.) you need to use the V4 driver. One possibility is you have a buggy printer driver that is preventing the entire printing subsystem from working correctly. In fact, one of the features of the new V4 driver model is better process isolation, which helps avoid this kind of issue. So, my suggestion: remove any old V3 print drivers from your Surface machines and install the V4 driver. If your network printers are on a print server, you will need to create new print queues that use the V4 driver. (If you still have Windows 7 machines in your environment, you\'ll probably want to keep the old queues too. They can print to the new queues, but they\'ll get the basic ""inbox"" driver.) If you can\'t do new print queues, at least make sure your V3 drivers are at the latest version.', 'New development: It seems now I cannot print from the old print server either...not really sure what happened there. Maybe my tweaks throughout the day broke whatever connection it had. Now, it seems nothing in that office on that subnet will print to that specific printer (other printers function normally). I can however, print to it from any of our other offices. Either through a print server, or installing the driver directly. So, it would seem something in that office is preventing print jobs from going through.', ""So you have one of two problems 1. Networking between print server and printer 2. Driver or software issues on the print server For 1: can you browse the printer on its web interface by IP address? is the port of the printer configured to the correct IP address? what do you see in the what's printing dialog if you print something? For 2: is the spooler working. Can you print to any other local printer? Even generic text only to file will confirm that double check the drivers, make sure you have installed 64 bit drivers. A good test is delete the printer and add it again.""]"
42,427,42_risk_risks_business_assessment,"['risk', 'risks', 'business', 'assessment', 'risk management', 'impact', 'risk assessment', 'management', 'accept', 'likelihood']","['Sounds like you just need to change jobs. As far as risks, it is your job to advise the business of the risk. The business has to decide how much risk they want to accept. If you do a good job articulating the risk and mitigation/remediation options and they still accept the risk, you have done your job.', 'A risk assessment should be followed by a continuity plan that details what actions are taken if the risk is realized to not only address it, but to allow the business to continue and return to normal. The risks assessment is therefore the first step in deciding what continuity and remediation efforts should be planned for based on the possibility of the risk happening, of returning to normal when it occurs and the cost benefits of doing so. Some risks when realized may just result in shuttering the business, and for others the costs of addressing them may be so high that substantial interim funding needs to be lined up in advance, which in itself is a cost the business must take prior to the risk being realized. So proper risk assessment tells you what you think may occur as a result of something happening, and then allows you to plan for what you want to address and how the cost of that planning is going to affect your bottom line.', ""It tells you if you need to care. We do risk assessments all the time. Crossing a street involves a risk assessment. What are the risks of crossing a street? Getting hit by a bicycle, motorcycle, car, truck, or bus. What is the likelihood of realizing the risk? On a slow rural street with lots of visibility, low. On a busy street? Medium. On a busy street with a turn, limiting visibility in one direction? High. What's the impact of getting hit? An impact that results in physical damage or death. That's a severe impact. That means my overall risk is high. So I should implement some mitigations. On a low risk street I look left-right-left and cross without stopping. On a medium risk street I stop, look, and maybe time when I cross based on the distance and speed of the oncoming risk/vehicle. On a high risk street I do all of that but I also listen for traffic and crmitigation. The risk assessment tells me what mitigation I need in place to reduce the risk of impact. If your gee aarrr see program isn't producing actionable steps to reduce risk you aren't doing the process correctly. Either you're not communicating the risks to management adequately, or management is willing to assume the risk. Or they disagree about the severity of the risks in the first place but can't be bothered to disagree with you. In which case you need to have a conversation with management because if you're misunderstanding their risk tolerance then your risk assessments, and thus your treatment plans, will be misaligned and you lose credibility with the people who fund you.""]"
43,320,43_database_sql_access_dba,"['database', 'sql', 'access', 'dba', 'db', 'data', 'sql server', 'vendor', 'software', 'ms']","[""I was so confused as to how there was a 160GB access db due to them having a 2GB size limit, until I read it's spread across 200 access db's! That's absolutely ridiculous, they need to convert to a SQL back-end. It would be easier to convert to Microsoft SQL Server than any other's, although that will come with a cost (Free version MS SQL Server Express has a 10GB size limit). In the mean time you'll probably have to compact and repair the backend db's, although it will take quite a bit of time and will require down-time otherwise records could get corrupted. You may also have to check that no primary keys have fell off of key tables, which occasionally happens with Access db's after a compact. Source: I used to work at a shit software house who's legacy product was built with an MSACCESS front and back-end. Fortunately they were moving to .NET front end and SQL backend during my time there."", ""I have a lot of experience in this realm for %embarrasingreasons%. Migrate the MS Access DB to MS SQL. Create a new empty MS Access DB with the exact same file name Create links in the new MS Access DB to the SQL tables using the exact same names This works stupidly well for a stupid hack. Quick edit, once you get all 160 GB into MS SQL, dbcc checkdb that shit so the SQL server can work it's magic. A little work on indicies will serve you well."", 'This for sure a SQL Job, MS Access DB that is 160GB is riduculous.']"
44,315,44_cloud_aws_azure_hardware,"['cloud', 'aws', 'azure', 'hardware', 'prem', 'infrastructure', 'services', 'moving', 'cloud security', 'servers']","[""Before you even think about AWS vs Azure, you should build a migration plan. What are the services you must/should/could provide? Where should things be? Public, private or hybrid cloud? Who to call when critical services aren't available? Your company is a bit on the small side but my approach would be hybrid cloud with one hypervisor server at MSP/datacenter, hosting fileserver and AD. Backup them to a disk space provided by the MSP. Move remaining services to your selected cloud provider. This way your office only hosts networking infrastructure and your only worry is that you have enough capacity between office and datacenter/internet. Get quotes on these and likely your boss will bury the project due to cost."", 'I want to speak to the best person about Cloud? Have you heard about cloud? When are you planning on implementing Cloud?', 'Full disclosure, I was a 100% on-premise sysadmin maintaining VMware, EMC VMAX, NetApps, Linux, Monitoring, etc who has moved on to a role 100% focused on AWS/Azure deployments and architectures. Here\'s the deal, someone says ""The cloud is just someone else\'s computer"" and I hear ""I\'m taking my old expectations and applying it to a new technology"". It\'s like saying ""The automobile is just a fast horse"". I guess somewhat true but mostly wrong. It\'s here to stay and it\'s going to replace most on-prem systems except for three reasons: - Outdated laws or arcane compliance requirements only allow certain types of data on-premise. - Low-latency applications or applications requiring local integration (such as ones with proprietary license dongles or interface cards) - People who are just paranoid, contrarian, or just like to buck the trend. No amount of discussion will change their mind. Are these cloud services that are totally fucking me and my career over actually here to stay? You sound like someone in the late 1800s pissed off at ""those automobile manufacturers fucking over my horse shoeing business"". Technology progresses and there are very few blacksmiths and a ton of mechanics these days. Are you going to be a blacksmith or are you going to put your hammer down and pick up a wrench and learn the cloud? Here\'s why it\'s here to stay... A SAN administrator, or VMware administrator, or Server Administrator don\'t add anything to the business. They\'re necessary and expensive roles the company has to employ to keep that fancy ERP system running that DOES enhance the business\' ability to quickly manufacture and ship product. The cloud takes those people (if they\'re willing to adapt) and brings them closer to the business. - That SAN admin doesn\'t spend his days building LUNs for the VMware guy, he spends his day working with a developer to find the right scaling method for his cloud app. - The VMware guy, instead of upgrading global vCenters all week spends his time setting up a tool to consume cloud cost data so a business analyst can make an informed data-driven recommendation for replacing four separate apps with one. You get the idea. It\'s not about the compute, that\'s why ""it\'s just someone else\'s computer"" kind of triggers me. Sure, it\'s just another VM hosting platform, if you use it just for that. Your expenses will be a wash. BUT if you leverage cloud technologies like serverless and PaaS you\'ll see immediate savings. Do you have any idea how cheap it is to host a serverless application in AWS? Beyond the compute expense you don\'t have to patch it, you don\'t have to scan it, you don\'t have to deploy it, you don\'t have to license the os, etc. How about agility? Your company is experienced with Citrix and wants to host a CAD program like SolidWorks centrally so they don\'t have to buy $3k workstations for everyone. - VMware - You\'re probably all on blades now, so you\'ll need to buy a rack mount server and put some GPUs in there. Takes two weeks to arrive and you BOUGHT the hardware hoping it works out. Spent: $8,000 - AWS EC2 - Deploy a GPU instance for $2.50/hr and run it during work-hours for a week experimenting. If you end up keeping the solution you still have to lifecycle the OS, patch, etc. Spent: $100 - AWS AppStream 2.0 - Host a virtual application with starts on a Graphics-enabled desktop for $0.50/user/hr of use. You have your users testing the app for a total of 86 hours. You don\'t have to maintain the OS, patch it, or lifecycle it. Spent: $43 You can take the exact same scenario above and apply it to storage classes: Will throwing IOPS at this database solve our performance issues? On-premise gotta buy a flash array. AWS, while running, change the volume from SSD to a high number provisioned IOPS, see immediate performance increase. The list goes on... I\'m probably coming off as a cloud shill, but people really don\'t understand the benefits and when I see someone like you say ""The cloud is a fad, it\'s a flash in the pan. I can\'t fathom why the cloud has stuck around for so long."" it\'s clear they don\'t understand. TL;DR What are my thoughts? I think you should stop thinking industry disrupting technologies are a fad just because they might push you to adapt your skills. I think you should take the opportunity to ditch your old mindset, open yourself up that there might be a better way of doing things. By the way, don\'t get stuck on the cloud either, in 10 years the next best thing will be along to kill the cloud just like AWS/Azure are killing VMware. I would also suggest reading my post here from a while ago, I still think it holds true: [Cloud from a SysAdmin Point of View: From Naysayer to Understanding](']"
45,499,45_degree_masters_experience_school,"['degree', 'masters', 'experience', 'school', 'degrees', 'bachelors', 'college', 'bachelor', 'master', 'masters degree']","[""Are you pausing your career to go back and study, or studying part time? Personal opinion is that if you're putting your career on pause to go and study a masters degree would be a massive mistake, masters degrees aren't that prestigious in this field and another 2-3 years of experience is exponentially more valuable than a masters degree. If you're continuing to work whilst doing the degree, it's fine but don't expect miracles from a masters degree, it will help in a few companies but overall it's not much more valuable than just having a Bachelor. At this stage of your career you are going to find most jobs are going to be demanding if you wish to get ahead. It takes most people 5-10 years of work before they are in a position to be placed in charge of interesting projects, especially in this job market, I can hire someone with ten+ years of FAANG Security experience for a reasonable salary. Very hard to justify giving the job to someone with two years experience. I can't imagine a scenario where someone with 2 years of experience is even close to being experienced enough to go into an architecture role."", 'Experience is way more valuable then a degree in this field. As others have said a degree just helps get past HR. I’m a senior manager with no degree, my CISO has no degree, most of the smartest people I know in this field have no degree or a degree in something unrelated', ""You can have experience and no degree, but a degree won't give you experience.""]"
46,333,46_backup_backups_veeam_restore,"['backup', 'backups', 'veeam', 'restore', 'server', 'recovery', 'nas', 'vm', 'servers', 'data']","['Approach him about his failing backup and tell him to fix it. Ask if you can help (e.g. more disk space etc). Document everything. Do not involve your client just yet. It\'s very unprofessional to start a petty fight in front of a client. The client wants solutions. He is not paying you to fight each other. Btw, only one backup method can be primary. If you both do backups without one of you using the ""copy only"" setting you\'ll break the backup chain and the backup will be useless. We usually do SQL dumps (full,diff,log) as primary to a NAS or different server. If the client uses another backup software for their VM, we asked them to configure the SQL part as copy only (under guest processing in veeam). Veeam in this case is for disaster recovery in case the VM fails.', 'Does anyone have any suggestions for a better backup system? Veeam.', ""Since it is at the backup level why could you not just recover the files from BE? Or were the backups themselves corrupt? In my experience with BackupExec, everything is just terrible and slow. I've always been able to recover files, but i've never put any trust in BE's ability to restore full servers. I'm not saying it can't, it just appeared to always be clunky, always build out strange dependencies that made no sense and leave me with the feeling that it was not going to be reliable. If you are looking for a better backup system than anything is more versatile and robust than BE. I have been labelled an employee of Veeam only due to my adamant support for the product. I am not. I just have suffered from all sorts backup failures where my environments were dictated by management or another product only to be at a total lost for control of my backup situation when a server dies. I used Datto as part of an inherited system and i had little to no control. The software was neat (it usues ShadowProtect for its base), but overall a single point of failure and it had an absolutely shit way of validating backups (it just looked for a boot of the server). In our case a $10K Datto branded Sirus 10000 failed and took not only our backups, but left us with no way to backup anything further in the company. Our 3rd party was useless and would provide no support aside from saying we were out of warranty and they could sell us another box. I pushed for Veeam while management figured out what they wanted to do. I wasted no time and setup a free version of Veeam to backup my VM's (all manual). I also put Veeam windows agent on my baremetal systems to hold me over while management figured shit out. Unfortunately my luck ran out and i found myself the next week with my PDC failed on a baremetal server. I got to spend my entire sunday at work, but i demanded that management get out of the way and let me do what was needed. I was able to restore the server, but i had to lose the domain. Forward to today; I now i subscribe to the 3-2-1 plan 100% (replaced tape with offsite drives), we have local replication (we are down to maybe 1-2 hours of loss), we backup copy to a secondary server for a 21 day retention period. We also copy the entire backup infrastructure to usb drives for off site storage. We also replicate to a 3rd party, but our next plan is to utilize our second office for a complete replication of all servers so that in the event our main HQ is down due to a hurricane or other issue we can run off of that secondary site and we are not totally out of business. In the end I have complete control of our backups. I also can test all of my backups via Veeam Surebackup (you can identify services you want to verify for a robusts verification). I'm not going to say a server failure isn't stressful even when you are prepared for the worst, but there is nothing more stressful than having a server fail, your business completely down and all eyes are on you. If you don't demand getting the better setup and covering all of your bases, then it is time to move to another job where spending thousands to save millions is just the only logical choice. You need to always remember that you will be blamed for anything IT, even when the decisions are not in your hands. If that is the case, then you should always be in control over what you are being blamed for and own it.""]"
47,320,47_consulting_consultant_clients_consulting company,"['consulting', 'consultant', 'clients', 'consulting company', 'firm', 'work', 'consulting firm', 'consultancy', 'business', 'firms']","['Sounds like you need to get out of consulting more than anything.', 'so do something besides consulting consulting work blows goat d!cks!', 'Have you considered consulting? My consulting company is always looking for your credentials.']"
48,501,48_computer_computers_users_basic,"['computer', 'computers', 'users', 'basic', 'people', 'use', 'know', 'computer skills', 'user', 'think']","['Users who come to me with questions about something already covered in a blanket email. Users who come to me personally with non-emergency issues because they\'re too lazy to submit a ticket. Users who are unwilling to learn how to use new tools, expect their peers to continue to work using the old methods for their comfort. Users who get bent out of shape and start bad mouthing systems I\'ve put in place for the betterment of the company simply because they\'re different, hate learning new things, or don\'t work the way they think it should. Companies that expect a champagne IT infrastructure on a beer budget. ""It\'s worked fine up til now, why should we pay for X to replace it/fix it"" ""I\'m not very tech savvy"" or ""I\'m computer illiterate"" - At what point did we as a society decide this was ok. You have to be reading literate to work at most jobs, why are computers any different. This isn\'t 1989 and that\'s no longer a valid excuse. Thought of a few more Hiring people who don\'t think its necessary to gauge any potential hires\' computer skills, even basics, like turning it on. Non-IT individuals making vast, production interrupting, user influencing, IT decisions that they have no business making and without consulting IT. Then handing the dumpster fire they got over to IT once they can\'t figure it out, ""here, you get this working for us and support it moving forward.""', ""I have a wiki for my users, few look at it. But it's filled with steps for doing numerous basic tasks. Anytime I get a request for something silly like you describe, if I have an article on it, it goes to them. If I don't, I create it and send it along. Majority of the time the users follow it and that's the end of it. Occasionally a user will either try and fail or say the did so I do it for them. They get one freebie from me, if they keep requesting support on the same issue I go to their manager. I have a few users who are nearing retirement and are completely computer illiterate, in these cases the manager is responsible for helping them with basic tasks. I'm a single IT person for 120 users, I don't have time to hold hands. This all goes back to the culture of your employer. Many companies walk all over their IT department and it's hard to change that mindset. I've been here a few years and worked hard to make sure HR verifies at least basic computer skills when hiring. Since I did this the quality of our new hires in regards to computer skills has gone up. I'd suggest you try to work with your manager and the HR team to establish a set of guidelines for new hires. Let's be honest, we're entering an era where computer skills aren't desired, they're required. These people that have spent the better part of their career skating by on the bare minimum are going to learn or be left behind. Unemployable."", ""I know where you are coming from, but the skills that they are looking for, when looking for computer skills, are using office software more so than operating system tasks. This is exactly the problem. They think specialized software knowledge (MS office in this case) is the same as basic computer literacy. And it starts at the top. The executives are computer illiterate, so they think it's ok to have computer illiterate directors, who think it's ok to have computer illiterate managers, who think it's ok to have computer illiterate workers. So you end up with an entire organization filled with people who can't perform basic everyday tasks. You should ask them if they would consider actual illiteracy to be a problem, since they're looking for people who can do <insert specific task, and not the ability to read and write. Would they hire an illiterate person, and then pay another person to read every written document sent to them out loud, and take dictation when they want to reply? Because that's basically what they're doing.""]"
49,472,49_client_clients_pay_service,"['client', 'clients', 'pay', 'service', 'customer', 'customers', 'vendors', 'bills', 'paying', 'contract']","['why? Are you not getting paid for 3 hours from your client?', 'I have a lot of experience from the other end. When you bill a lot of companies then it is not unusual that some of them will not be able to pay on time. This is often due to two different reasons and it is obvious what it is. Firstly some companies have such a bad time with accounting and making sure every bill is correct and looked over by lots of people. I can understand this to some degree. But these will pay the bills in full and at their fixed schedule. For example they might always be always 5 days late every month. However then you have the kind of behavior that you are describing. Only pay when you refuse service to them and not pay the entire debt in full. This means that your billing department needs to do more work and reach out to the technicians to stop service and such to get them to pay their bills. These will get marked as bad customers and will get bad service and extra charges on them. They often end up having to pay more then whatever interest they saved by paying late. And as you say there are lots of issues on their end as they do not get the service they need. Quite often they get refused service after a while as it is just not worth the hassle. And a lot of times they do turn belly up before it gets that bad.', 'I have a lot of experience from the other end. When you bill a lot of companies then it is not unusual that some of them will not be able to pay on time. This is often due to two different reasons and it is obvious what it is. Firstly some companies have such a bad time with accounting and making sure every bill is correct and looked over by lots of people. I can understand this to some degree. But these will pay the bills in full and at their fixed schedule. For example they might always be always 5 days late every month. However then you have the kind of behavior that you are describing. Only pay when you refuse service to them and not pay the entire debt in full. This means that your billing department needs to do more work and reach out to the technicians to stop service and such to get them to pay their bills. These will get marked as bad customers and will get bad service and extra charges on them. They often end up having to pay more then whatever interest they saved by paying late. And as you say there are lots of issues on their end as they do not get the service they need. Quite often they get refused service after a while as it is just not worth the hassle. And a lot of times they do turn belly up before it gets that bad.']"
50,286,50_password_passwords_reset_account,"['password', 'passwords', 'reset', 'account', 'accounts', 'access', 'password manager', 'change', 'email', 'user']","['My company had every password set to password123....yes this was managers setting the passwords to that. They seemed to shit the bed when I pointed out nearly every email and password had been involved in multiple database leaks over the past 5 years and changed all account passwords within a few hours', '""Your password is going to expire in two weeks"" OK ""Your password is going to expire in one week"" OK ""Your password is going to expire in three days. You should change your password now."" Nah ""Your password is going to expire in two days. You should change your password now."" Nope ""Your password is going to expire in one day. You should change your password now."" Ugh, computers are sooooo dumb. ""Your password has expired and must be changed."" WTF!? I DIDN\'T KNOW THIS WAS HAPPENING?! WHY IS THIS HAPPENING TO ME!? COMPUTERS ARE SO HARD!', 'We used to have an OpenLDAP server which stored the password hashes (i.e. userPassword entry). If I needed to troubleshoot by impersonating a user, I\'d make a backup copy of that field (using ldapvi or similar), change the password so I could do what I needed to do, then I\'d put their hash back when I finished. ""I can temporarily change your password so I can mess with your account, your password will be restored afterwards. I don\'t have any way to find out what your password actually is."" --- that\'s what I\'d say.']"
51,231,51_outlook_exchange_calendar_ios,"['outlook', 'exchange', 'calendar', 'ios', 'mailbox', 'mail', 'iphone', 'sync', 'app', 'issue']","['OK, hope this helps - 1) We had the same issue. The issue is actually with iOS 11. It doesn\'t matter what phone it is on- iphone 6, 7, 8, 10 they all have this issue with each version of iOS 11. If you can find a phone with iOS 10 (good luck! you are golden) What we did - We paid an outside consultant ( 3 different consultants) to come in and test this with every provider and every phone. They tested the calendar with Exchange 2010, 2013, 2016, Office 365, and GSuite (gmail). If failed on every single system. The issue is with Apple. Apple officially says they have fixed it (11.2.1 I believe) but they have not. Some work arounds- Recurring Appointments must have an end date - It can be 8 years from now, but can not go on forever. All Day Events can not have ""All Day Event"" clicked. You must set a time. If someone sends an all day event cancel it and have the assistants send back a new one from like 8 a.m. to 11:50pm Finally, the Outlook App works perfectly, if he wants to try the Gmail App it also works with Outlook but I haven\'t tested it as extensively. These are the only work arounds until Apple fixes the issue and they probably won\'t notify us of this. Our setup - Office 365, iPhone 6 thru X, iOS 10 and iOS11.', 'One suggestion, just for testing, see if you can find a near virgin iPhone, do nothing more than set his Exchange account up on it. See if calendar issue exists on this virgin phone. I\'d bet you more than anything there\'s a fucking app on his phone that\'s screwing up the calendar app. I\'d make the situation very clear to him. 1. He told you that this has been going on for eight years, this means multiple iPhones, multiple Exchange servers, multiple sysadmins looking at the problem and pulling their hair out trying to fix it. 2. As others have stated, there are known issues with the iOS calendar working with Exchange properly. 3. You\'ve recreated his profile, moved his mailbox to a different DB, still not working. 4. Not even paid Microsoft support could figure it out. 5. His snarky ""fix is easy that everyone is missing"" isn\'t helpful. Really? Everyone is missing? So eight years of sysadmins, MS support and the entirety of Google you\'ve probably searched can\'t find the solution. 6. The Outlook app on his phone works fine, this tells us the problem lies not with your Exchange server, its his effing phone. At this point there seems to be only the following solutions available to him. 1. Suck it up, put his big boy underwear on, and use the Outlook app that you\'ve shown to work. Assuming this is BYOD, how far will your policies allow you to support someone\'s personal hardware. 2. Pay for some specialist to come and dig deeper, if this outside 3rd party says, ""Look, there\'s something wrong with your phone, this will not work."" He\'s likely to accept defeat and stop bitching. How much time do you think the Board would want you spending trying to make the calendar app he\'s comfortable with work when a separate app works just fine. If this gets out of hand it may be necessary to reach out to a board member and explain the entire situation.', ""iOS + Exchange 2010 = problems. I'm reasonably certain that Apple or Microsoft even released KB's about this at some point, I'm sure I remember reading them. Either get him on Outlook for iOS, or get Exchange over to o365 / Exchange 2016 ASAP.""]"
52,358,52_documentation_document_wiki_documenting,"['documentation', 'document', 'wiki', 'documenting', 'write', 'step', 'steps', 'things', 'documents', 'writing']","['IMO, there is no ""too much"" when it comes to referring to documentation. It\'s a far better practice to have documentation, and then refer to it, than to have no documentation, and just wing it. Documentation can save your ass in big ways, and it certainly helps you be consistent. As you use tech more and more, it will start to sink in, and you will be able to recall more of it over time. But documentation is always good to have, no matter what. Early on when I was starting to learn ZFS, I read so much documentation, and so much of it didn\'t make sense. Took quite a good amount of time to really sink in. It was foundational. As I learned more, it built on what I remembered before. It compounded. Relax. It\'s okay.', 'I like documentation... But it appears the system engineers that I tend replace do not like documentation. At all.', 'In answer to your title, Documentation needs to be appropriate for the audience. Reasoning is great, relevance is even greater. The biggest issue with documentation is when it goes out of date, so those that do the work need to be invested in producing and maintaining the documentation. I\'ve seen hundreds of approaches on this subreddit alone, and a fair few in different companies. It will always be different per company/government. One of the better comments I\'ve seen on it here is below: My philosophy is to break documentation down into four different categories: Procedures, Concepts, Assets, and History. The precise implementation will always depend on the size of your shop, your and/or your team\'s scope, and who your audience will be. Procedures should be standardized, repeatable tasks with clear steps. Typically, this is a numbered list with concise, but comprehensive explanations for each step. Something like: Grant Administrative Privileges: 1. Go to 2. Search for the user in the Search Bar and open their record 3. Select the ""User is admin"" checkbox or something like: Update SSL Cert for Application: 1. Generate a new key and CSR:openssl req -batch -new -nodes -keyout application.com.key -out application.com.csr 2. Upload CSR to your registrar Et cetera. Each step should be a short sentence, starting with a verb, and include exact commands and/or links to relevant documents or applications. Even if most of your procedures are automated, it can be extremely valuable to document the manual process by which things are done to assist in troubleshooting if/when things break, or need to be extended. Concepts are intended to document and convey the strategy and scope of your environment and its implementation. High-level flowcharts and diagrams are especially useful here to illustrate what\'s going on, and can be leveraged to communicate how and why things are to external stakeholders and leadership. A paragraph or two discussing, say, your backup strategy (Weekly full backups with daily incrementals? Retain 30 days? For which or what kind of systems? Snapshots or database dumps or...?) can also be useful for building a Service Level Catalog to help with setting customer (and management) expectations for things like incident response. Assets are, quite literally, a list of your assets. In bigger shops, things like SICM (if you\'re a Windows shop), Casper (Mac), or Spacewalk (legacy RHEL) are big frameworks for tracking and managing your systems inventory. But it can be as simple as a spreadsheet, or a flat file (we use a libgenders ""database"" in a git repo at my job, which is just a flat file key-value store) that is treated as an authoritative source of truth. The key here is to document what you want to know about every host (Serial number? Make? Model? Virtualization platform? Application stack? Owner? Patch schedule? And so on.) and standardize the way in which new information is submitted. Well documented Assets are the wet dreams of accountants and particular kinds of leadership. Finally, History. Most often, this boils down to an issue tracker: RequestTracker, ZenDesk, JIRA, Redmine. The vast, vast majority available tend to be geared towards engineering/development work, with a handful of worthwhile Operations/Helpdesk ticketing systems available. In general, this is for customers to submit requests, issues, bugs, and for operators to document responses, steps taken, work completed, &c. Lacking any of the other categories of documentation, this is perhaps the most critical. Not having a perfect understanding of your infrastructure, or exact steps to take follow up with, can be greatly mitigated with a well-written ticket history describing similar events that have occurred before. If done right, it can become quite trivial to convert ticket history into a Concept or Procedure following new work. Additionally, adding a timestamp and documenting all correspondence with a customer or manager is key when it comes time to CYA. There are some fancy systems that will deploy versions of each of these into a nice, big integrated package so you can link procedures to requests, or convert requests into procedures, or link concepts to requests, and so on. Maintaining it, of course, is the classic Sisyphean dilemma. Things change, it\'s work on top of work, nobody reads it, nobody updates it. Ultimately, it comes down to discipline. Some ""Thought Leaders"" like to occasionally go on about trying to embed documentation intrinsically into the work. Concepts like ""self-documenting code"", or dynamically generated documentation. In my experience (and it is a salty experience, YMMV), it falls far short of useful, usable documentation and what it can bring you. Anyway, that\'s my post-lunch rant. Hopefully this helpful? From <']"
53,296,53_google_search_google search_know,"['google', 'search', 'google search', 'know', 'know google', 'answer', 'googling', 'use google', 'questions', 'problem']","['The difference is that we know what to google and how to understand our google results. I mean, never, we know everything. :)', 'Yes we all do. And if you switch to second page of Google search, either no one has had the same problem as you, or your Google Fu Manchu is not strong yet.', ""One of my stock interview questions is basically what do you do when you encounter something you don't know? The answer is Google. Always Google. If you don't know that you can Google for answers, you'll probably be bothering me with your questions, and then I'll have to Google! Edit: I should have googled how to finish typing before you submit.""]"
54,242,54_domain_gpo_dc_user,"['domain', 'gpo', 'dc', 'user', 'server', 'policy', 'local', 'file', 'account', 'ad']","['Check the ""User Rights Assignment"" on the local computer. Open GPedit.msc on the local computer. Go to Computer Configuration\\\\Windows Settings\\\\Security Settings\\\\Local Policies\\\\User Rights Assignment. Easiest thing to do is to compare it against a known-good machine. Run a gpresult as well to make sure the setting is not being pushed down via domain group policy. Edit: See if the user can accomplish things on another PC that you know is set correctly (also, that he has never logged in to). If he can, then there is something being pushed from the domain. If he cannot, stop troubleshooting and re-image the machine. This rabbit hole gets pretty deep.', 'Yeah, tried tried the usual with no luck. Have had this happen in the past before but just copying a new default profile over seemed to always fix the issue (not with this client). Sorry - should have posted errors but they were mostly unhelpful other than maybe one about registry access (I know, will post them next time). &x200B; Since this is an app server that no one knows a god damn thing about - and only a few people log-in to it, what I did was shut down the application, snapshotted it, and then started ripping all user accounts out that I could, first the ""clean"" way through computer advanced properties. The domain admin account was sitting in the default user profile sort of (it was actually redirected some system directory I had not seen before) and I was able to re-copy another clean default user profile over from another server, and verified the the ACL\'s on the directory were correct. I will post the directory name in the morning &x200B; Then I went to town on the registry and removed pretty much anything that wasn\'t there on a random almost un-used Server08 image I have for test purposes. basically to set it back to a clean slate. This server is several years old, so many people have logged into it in the past. Rebooted the server and after a super long login attempt (for a SAN with SSD\'s in it), it finally generated my admin profile correctly and my other authorized account. Still waiting to hear back from the client but it\'s the middle of the night. Sucks trying to test a random application you don\'t have login creds into, lol &x200B; I have no idea what caused it, it seems completely normal now - I didn\'t go that extreme before but something in the user folder was causing an issue I think (or maybe registry). Immediately fixed all the manifested issues. &x200B; Yeah, it happened sometime about 10 days go but seemed to be stable. You start poking a random critical client-delivery server that no one knows about! We were actually planning on migrating the application at some point, now is hopefully not the time though...', ""Are you sure you're changing the right power settings in a GPO for the OS that the user is using? I know there's different power profiles for Win7 and above. Since this appears to be a computer wide policy issue, have you considered taking it off the domain, and re-adding it? and the PC is in the right OU? (I guess this is confirmed by gpresult) edit: knowing the OS and domain functional level would be useful. Edit2: Also, I'd check to make sure there isn't a screensaver or lockout timer set locally in local policy - I know GPO trumps local, but it's worth a shot.""]"
55,164,55_women_woman_men_male,"['women', 'woman', 'men', 'male', 'dominated', 'female', 'sexist', 'gender', 'man', 'team']","[""I'm sorry that you're dealing with that. It's frustrating to hear people say they prefer men to do the job because it's something men do vs women. I am on a small team right now and it's split evenly when it comes to men and women. I'm a dude and I prefer having a person capable of doing the job helping me out, don't care if you're a man or woman, just able to do the damn job. In my previous job, I had one woman coworker on my team, but it was a bit more segmented so we had probably 30% women on the Security team. I'd like to say things are balancing out SLOWLY, but I only have it from my perspective. I wish the women in the field were given the same fair chance as everyone else, but we have a long way to go for that. Keep kicking ass, keep improving your skills, and use you abilities to shit on everyone that stands in your way as gatekeepers. I wish you the best of luck in your future endeavors!"", ""That's bullshit. My company SOC is composed mostly of women."", 'Saying that ""clients trust a man"" is going a bit too far. Either your manager is sexist or he asked one and every customer and they said that they do not want to work with a woman - witch is really unlikely unless the customers are from a specific countries. Like the majority of the technical roles in IT or engineering, cybersecurity is dominated by man. While I know a lot of women in tech with solid skills and experience that I trust, I have also experienced several times getting assigned a senior eng or architect to work on a project that was a woman that really lacked the skills that you would expect from such a position. Something like this also happens with men but since there are less women in this field, such cases are more pronounced and remembered. A lot of big IT corporations now try to hire more women often disregarding applications from men with better experience. On one hand it helps women but at the same time I feel that it makes some men frustrated and even more sexist. My advice to you is to talk to the manager, talk to HR about this situation and how you are being treated. Join the Women in Tech movement, reach out to them and they will help you and give advice. Lastly, think about changing the company as sometimes it might be impossible to fight a brick wall alone.']"
56,273,56_audit_controls_compliance_audits,"['audit', 'controls', 'compliance', 'audits', 'auditor', 'policies', 'auditors', 'evidence', 'framework', 'control']","['I presented these preliminary audit topics to our Information Security department for insights right before December holidays and I got a lot of ""these are good, but our organization operates differently"", ""the business believes the nature of the data we handle may not justify as rigorous protections"", or ""this topic will be a difficult battle"". I can\'t decipher if they are telling me to fuck off and choose other topics, hesitantly admitting this won\'t go anywhere, or are giving me the greenlight. I don\'t believe that I, as IA, should be beholden to my InfoSec department but I also don\'t feel like I should ignore them. This IT audit department is brand new and I worry about isolating our one pseudo-ally to please Audit Committee. Maybe I\'m confused or it\'s just the company that I work for that operates differently, but there would never be an audit if there\'s no actual policy to begin with (to audit against), created by the Infosec department. Auditing an organisation on some security topic ""best practices"" when nothing has yet to be set up seems... pointless (or at least not the audit group responsibilities). Identify new or emerging area of risks and discussing this with everyone does make sense, but again, not something I would expect audit to drive (but they can certainly be a big input in this).', 'I am IT/Cyber audit manager and I am seeing similar issues in my organization. My organization wants us to focus on more risk based/agile form auditing to focus on immediate problems rather than setting up a proper audit plan. One of the ways to address this problem is starting with a high level comprehensive audit using a control framework (NIST CSF, NIST 800-53, CIS, ISO, etc.) and mixing with maturity assessment. (example, NCSR SURVEY). This exercise should allow you to identify high level control weaknesses within your organization. Then, you can perform business impact analysis for each control weakness and assess risk depending on your organization risk tolerance level. Make sure to involve all relevant stakeholders in BIA/Risk Assessment phase to get proper data and buy-ins from them. After this exercise, Audit committee should be in agreement with your Audit planning. (assuming they are logical and non-bias. If not, leave the organization.)', 'You’re not doing it wrong. What you’re feeling is pretty much the default audit experience for a lot of teams. Most security programs are built to secure things, not to constantly prove they’re secure. Auditors want screenshots, logs, timestamps, approvals, and traceability, so suddenly you’re stuck redoing work just to show that the work already happened. That part does feel like nonsense, but it’s very common. A few things that actually help: Capture evidence as you go instead of at audit time. If proof only exists when an auditor asks for it, audits will always hurt. Centralize evidence in one place and organize it by control. Hunting across Jira, cloud consoles, and random folders is the real burnout accelerator. Map tools to controls once and reuse that mapping every audit. Re-explaining the same story over and over is a huge time sink. Automate the boring repeatable stuff. Config state, access reviews, change logs. You still need humans, but not for everything. Some teams use compliance tooling to bridge that gap between “we did the thing” and “here’s the proof.” Tools like YouCompli, or other compliance workflow platforms, focus on turning everyday work into audit-ready evidence so you’re not scrambling later. It doesn’t eliminate audits, but it can cut the pain way down. Short answer: this doesn’t have to be as bad as it feels, but it usually is until evidence stops being an afterthought.']"
57,274,57_remote_remote work_fully remote_remote job,"['remote', 'remote work', 'fully remote', 'remote job', 'fully', 'remote jobs', '100 remote', 'hybrid', 'remotely', 'jobs']","['Your job is remote so good luck finding another remote job. They’re out there but are rare now.', ""To be quite frank, this is the worst job market I've seen since I've been in cybersecurity, and I'm hearing that from everyone I know that's been looking for gigs. These are the lagging consequences of the free money printing that happened during Covid, and the remote work culture that developed around Covid. Companies found an infinite money glitch for a couple of years, and they used part of that money to over hire. Once money wasn't cheap anymore they realized their payrolls got too bloated, and they started making massive cuts. You're literally competing with some of the best of the best from the best tech firms in the world. It's a nightmare. You're also competing with these rock stars for the dwindling number of remote jobs. The remote work dream that was perpetuated during Covid is being seized back, and many companies are doing their damnedest to snuff it out. If you're holding out for a remote work gig, best of luck. That makes your job search even that much harder. I'm fairly confident that once all the damn Boomers finally age out of the workforce that we'll increasingly see remote work acceptance once again, but these dinosaurs still have a few years left. Although, when you have CEOs at major tech companies demanding RTO, the future for remote work still looks dicey, at best. My own personal experience was fortunately not looking for a gig because I needed one. I was just tired of the company I worked for (an MSSP). I was fortunate enough to be able to be picky while looking because I still had a good job. Had I applied at every open gig I could find, I'm sure I could've landed something in a few months. However, hunting for specific-ish job titles and salary it took me over 6-months, tens of interviews, and I'm sure over a hundred applications. My resume isn't too shabby, either, and I'm sure during the halcyon years of 2022 and before I would've been a unicorn candidate. I've a combined decade plus of IT with 5 of that in security, a BS in Information Systems Security, CISSP, and various other industry security certs. My only real advice is to understand that you're always in competition with everyone else in this field. I know there's some camaraderie between coworkers and other people you meet in this industry, but you've got to realize that we're all hunting those same golden goose salaries and dream companies. You should always be learning, and always be accumulating things to put on your resume; whether those are certs, a degree, or some awesome git repo, you have to stand out from the masses of applications each role receives."", ""Remote work isn't for everyone. Lucky for you, it seems that there are plenty of in office jobs available and the remote positions are highly sought after. But no, remote work is my preference. No wasting my time for a commute and no coworkers coming to my cube to chat is something invaluable to me. I'm also an introvert so yeah, remote work is awesome for me.""]"
58,464,58_post_posts_sub_reddit,"['post', 'posts', 'sub', 'reddit', 'rant', 'negativity', 'thread', 'posts like', 'read', 'subreddit']","['While I can’t speak to whatever the mods are doing I totally get the frustration about the general “how do I get into x” posts. I see them a lot in this sub and the ITcareerQuestions sub too. At first I tried to be understanding, everyone started off at that point but for crying out loud lol just read the wiki or use the search function lol', ""I'm sure this will get downvoted into oblivion I don't care, because at the end of the day it's Reddit and who gives a shit, but I don't care which subreddit I'm on, posts like these are useless at best and karma farming at worst."", 'But if the mods remove all of those ""tell me how to start my carreer"" posts then this sub would be empty.']"
59,252,59_insurance_cyber_risk_cybersecurity,"['insurance', 'cyber', 'risk', 'cybersecurity', 'ics', 'cost', 'cyber security', 'business', 'money', 'loss']","['So here\'s my initial thoughts, and it\'s a little bit different that what I\'m seeing as the prevailing thoughts below. You are already in Manufacturing Engineering, and did some time in automation engineering. This means you likely have a very good understanding of the ICS control systems that are used in those processes. ICS Cybersecurity is a MASSIVELY under-appreciated area, and one that the ""normal rules"" of how to do cyber don\'t always apply. (ie. You can\'t always do whitelisting.... or active scanning... or install an EDR agent... or simply patch the computers to keep them current). It\'s also one that is growing as businesses realize the vulnerability and costs directly associated with not protecting themselves. (IT business gets hit by a cyberattack, there can be a slight disruption as they go to manual processes and work to rebuild/restore their IT systems. OT business gets hit, because of the Safety (human or even equipment) implications, it can directly knock out their ability to generate revenue as plants go down... which can have knock on effects). So in OT/ICS security, It is often just as viable to enter the Cybersecurity side coming from that OT/ICS Engineering side as it would be coming from the IT side. It\'s VERY rare to have an entry level candidate who fully understands both aspects, so it\'s generally expected that someone entering the field is going to need to be taught on the job the other side.... be it the IT side, or the ICS side. So because of that, the general idea that you need to have strong IT fundamentals isn\'t going to be as much of a hard requirement, if you already have a strong understanding of the ICS Fundamentals. And honestly, having the strong understanding on the ICS side can actually be more valuable than knowing the IT side, because there are a TON of resources out there to learn the IT side, But it\'s a lot harder to get access to the HMI\'s, PLC\'s, and SCADA type systems, and the various ICS networking protocols, to learn the ICS side. So on those lines.... I\'d suggest if you are interested in Cybersecurity, take a good strong look at the OT/ICS side. You may even be able to reach out to the people handling the ICS security in your current systems and get their input. I\'ve learned that the ICS Cyber Security side still tends to be a very close-knit group where it feels like there are still easily a 7 degrees type connection between everyone, and people are very supportive of each other. (very similar to how Cybersecurity in general used to be 10+ years ago when it was still a lot smaller/younger of a field). Not sure where you are located, but there are several Cyber events with a strong ICS presence which can make it even easier to network ( BSidesICS is a GREAT one that was started last year, and is next month in Miami before the S4 Event. SANS also has a great ICS Summit in the summer that can be a good networking and learning event, even if you don\'t attend a SANs training class afterwards. I believe they also offer an online version of the Event where you can listen to the talks and network via their Slack, although obviously the in person is a lot more fun and offers more networking opportunities.). There are also some great ICS/OT Cyber people you can follow on linkedin and other platforms, such as Mike Holcomb, Lesley Carhart. Larry Grate, or Rob Lee (The Dragos CEO one.) And of course the ICS Village which has some resources and respresentation at a LOT of events throughout the year.', ""You're trying to think of the goals of cyber security, but it might help to think of the goals of the business itself: to increase shareholder value. You do that by making more money, and by controlling / reducing costs. Some costs are predictable and fixed (such as headcount and real estate), some costs depend more on circumstances and have risk built into them. Financial institutes have very large risks around cyber security, both from regulatory fines (which are bad) and from loss of customer confidence (arguably worse). And they invest a lot in managing those risks, of which cyber security is just one potential risk. Buried in your question about business enablement vs business hindrance is I think another linked question: how much should a company spend on cyber security? Does it make sense to buy a $10,000 vault to put your $1,000 phone in at night? What if the phone is your 2FA for your bank accounts, which have millions? This is why FIs are such great risk machines, they look at the likelihood of something happening and the impact if it does happen, and then give it an overall risk score. They build security in depth and breadth, and work in massive lists. You can launch a new service for a small beta group of employees, and it can have some outstanding findings. As you bring them under control, you can let more users onto the service, and make more money, or it becomes too costly, and you shut it down. It's a balancing act, and the org structure creates tension by design, so that there are always people who care about both sides of the coin."", 'From my experience, IT and cyber security should be understood mostly as ""overhead"" meaning they don\'t actually make majority of the company money, but more likely seen as ""necessary evil"" like an insurance. From our perspective of people working in Cyber Security, our we necessary? Yes! We are. However to the management and higher ups who mostly measure success with how much money was made from one period to next, they will mostly see it as a money sink-hole which eat up how much money was actually made. Without car insurance, can you drive? Yes! You are saving hundreds, if not thousands of dollars UNTIL something goes wrong, such as car accident, a tree falling on your car, car wear and tear, etc. If you HAD kept up with car maintenance and had paid for car insurance, when problem happens, it might not be as expensive of a problem. A lot of businesses and managers will try to do ""business"", make profit, even at the cost of ""possible"" risk, until that one event that will cripple the business or their career in one shape or form actually occurs, only after learning that lesson. So, is there money for cyber security? Yes! Are you as a person working in cyber security/IT make as much as you want with all the resources you want? Most likely not, unless the business you are working with just went through a major cyber event that gives them business reasons to actually spend the money.']"
60,231,60_linux_windows_admins_windows admin,"['linux', 'windows', 'admins', 'windows admin', 'admin', 'linux admin', 'servers', 'gui', 'server', 'unix']","['I have 50 windows users and I manage 150 windows computer, With AD DS, and several windows services Why the extra 100 machines? I\'m in a team with 5 people and all are Linux admin except myself. What linux skills do you have? What are you learning about linux? Everyday I have to endure those people look down at me because I\'m windows admin. You\'re a lone wolf, you need to make the effort to join the team. I can 1000% guarantee you that if I were in that situation and were able to cross the divide because I am also a linux guy. Everyday I have to endure those people saying they do not understand what I am talking about. Stop telling them. I have enough people at work look at me as ""untermench"" because I\'m windows admin. You could always look for a new job to be sure, but this is a prime learning experience. You can learn linux from 4 people who do it day2day. That\'s huge; better education than any college or university can ever provide. I\'d be jumping at the opportunity to learn from them.', 'I\'m slowly catching up again learning CentOS at home in my free time but how would I go towards finding a job in the Linux side? CentOS is fine, but be aware that Red Hat family distributions are definitely not the only thing used widely in enterprise, no matter what you might be told. You\'re not going to find a lot of Slackware or Arch, but you will find plenty of Ubuntu and Debian and perhaps OpenSuse, and you could very well find specialized distributions that meet one or the other need. For a short time [rPath Linux]( was somewhat popular to build soft-appliance images; today it\'s common to find embedded systems made from BuildRoot or Yocto. 1. Consider going full-immersion by running Linux on a desktop you use very frequently. 1. Make a list of your competencies that are OS-agnostic, and try to verify that you can actively perform the same functions on Linux. Multipath to block devices with Windows MPIO? Do the same on Linux. Network sniffing and diagnostics? Do the same on Linux. Netboot installs? Do it with Linux. 1. Write your own documentation of how you do things so that you can refer to it again. Don\'t be reluctant to do this, ever. I wrote some brief notes on the command sequences I needed for LVM to recover some old system disks, because I almost never use LVM -- and I have extremely extensive Linux and Unix experience. I\'ll forget exactly how I used pvscan and vgscan and ddrescue and losetup, but if I make notes then I\'ll be able to jump right back into it without re-reading man pages again. 1. Spend a little bit of time writing some kind of code and using Git. If you don\'t take to it right away, that\'s fine, too. Invest some time in finding tools that work for you. There are more options and fewer ""de facto standard"" tools on Linux and Unix. 1. Make your resume accurately reflect what you did then and now. While it all has to be true, it\'s perfectly acceptable to focus on Linux things, and spend less time with the non-Linux things.', 'IMHO, Linux administrators are in greater demand, especially if you can learn the dev side (for DevOps). But a Linux admin that knows Windows is very valuable. How to do it? Look for Linux jobs and not Windows jobs.']"
61,240,61_recruiter_recruiters_interview_job,"['recruiter', 'recruiters', 'interview', 'job', 'resume', 'hiring', 'position', 'recruiting', 'got', 've']","['Your recruiter? Its their recruiter, the recruiter was paid by the company that hired you. You need to interview better basically. ""Oh but I went well"" yeah, but you failed to interview the company.', 'Was that a recruiter or someone who actually knew something about the job?', 'Pretty much I\'m a helpdesk guy, but the better jobs I\'ve gotten so far were without recruiters I\'ve seen a couples of dozen recruiters, about 98% of them didn\'t call back, never The rest that actually had a job to offer instantly, it was pretty crap. Stuff like being permanent only after a whole year and rotating day shifts and a bunch of other insulting terrible offers that will only make you go ""wait, really?"" One recruiter told me that how recruiters work is that I shouldn\'t go see other recruiters, because if my CV appears twice in the list from different recruiters, it gets automatically thrown out, which sounds like hot BS plus they never call you back anyways, so it\'s not like you have a choice Only one recruiter actually gave me a decent offer after a month of seeing him, which I think I managed to piss him off because I went to the interview and told the interviewer I actually have an active offer (which, was true) and came to the interview to check my options. The recruiter pretty much ignored my messages after that Otherwise, Linkedin, oh boy Linkedin. In my profile I have like 6 months of junior sys admin work... I often get recruiters offering me Senior positions, like really? Did you even read my profile? All of that was especially bad because I got a bad internship and couldn\'t find anything for 8 months, which from what I\'ve seen around, is a VERY common story. So I had to take my chances with recruiters, because no choice really Either way, most of them are complete parasites and pretty much only have crap jobs to give you, gotta get that commission man!']"
62,310,62_title_director_big picture_titles,"['title', 'director', 'big picture', 'titles', 'picture', 'role', 'job title', 'big', 'company', 'ensures']","[""then “director”, if you can use that title as a 1-man IT department. You can't."", 'I put my ""role"" down on my resume and not my title', 'I was in the same situation with my title. I had a manager title but was really an engineer. List your title as ""Director (hands-on)"" or something similar on your resume. Also if the company is dissolving you can probably list any title you want.']"
63,196,63_av_virus_mcafee_dlp,"['av', 'virus', 'mcafee', 'dlp', 'malware', 'compromised', 'infected', 'antivirus', 'file', 'machine']","[""Heres the deal, most AV/Anti-malware can only remove what it knows about. Most of the identification is performed by hashing known malicious files, pushing that hash value in a definition update, and then calcing hashes on all files. If the hash doesn't match, the AV won't tag something as a virus. Sometimes you aren't watching all areas where the malicious software is resident, such as a system/database folder that is excluded, memory, etc. If a malware developer wants to re-encode their files it can cause the hash to change (Even though the binary functions the same way) so that it will escape detection. Anti-malware/AV is the lowest form of malicious software detection. I call it insurance and you can't solely rely on it. You need to monitor network traffic with a SEIM/NIDS... you need to make sure your systems are appropriately locked down (UAC enabled) and no one runs as a local admin. You need to make sure patches are managed, browsers and browser plugins are managed and updated. Hopefully you are doing all that and this is just something that bypassed all that. If malicious software is persistent as someone else said, you need to wipe the system... perform a single-pass wipe and re-image and make sure that the memory is cleared before re-imaging. You should also run netstat on the system before re-imaging to make sure the system is not communicating with other systems on your network. Hopefully you have a NIDS/SIEM to see if its pivoting to other systems."", 'Hi, I like Trellix bashing ;-) I’ve worked with the full range of Symantec Enterprise (Broadcom), Forti, Trend, and others. Every time an in-house IT team comes to us with a story, 95% of the time it turns out the other counterpart isn’t running as it should: DNS, CRL/OCSP revocation (yes, it’s McAfee waiting for responses, not the firewall…), caches, Windows Defender in passive mode under ENS, etc. (Windows Defender running in parallel? Yes, it does — for AMSI/script scanning.) Every time we really dig into issues with ProcMon and crash analysis, it wasn’t McAfee or Trellix. There were some issues in the past, but they solved those. Regarding DLP: People mix things up here. There is a DLP integrated in their Skyhigh Cloud Web Proxy (CASB-like), and then there is the on-premises DLP. Completely different products — so which one are we talking about? I’ve been using on-premises DLP in a hospital environment for years, from version 9 up to the latest. The customer mainly uses USB device blocking, which works very well, even with high-complexity 6-in-1 HP card readers. We have some DLP classification policies prepared, but they never used them because they were afraid of the work involved on their side to classify data. This is not a product you can just “touch and go.” You need training and hands-on experience in a large test environment. But it does what it should, and we’ve never had false positives on devices — while with other products you sometimes end up with blue screens because they block internal storage adapters after an update. About DLP and Edge/Chrome: I think this is the case with almost every DLP product. The front end changes so fast that vendors can’t keep up. Back with IE or the early MS Edge you had enough time as a developer. If you dig deeper into this, you’ll see the same problems across all vendors — just look at Chrome/dev changes. Support: McAfee/Intel/Trellix made one big mistake: they outsourced everything before you even reach US-based Trellix to TCS (Tata Consultancy Services) in Mumbai, India. As I understood they handle all first level tickets and calls So if you open a regular case for an enterprise product — unless it’s ATD/TIS/Sandbox/Web Gateway/IPS appliances — and it’s just the regular desktop stuff like ENS/DLP/XDR, you start with them Those guys are extremely defensive, because they get paid based on how many support cases they keep away from Trellix? And yes, if you ever do need to open a case, it’s awful compared to other brands where you often have a VAR (Value added Reseller/Distributor) you can escalate through. We’re talking about things not documented in KB articles, situations where you can’t just “RTFM.” Then they made the worst decision ever: removing the McAfee/Trellix Forum, where people could help each other without opening a ticket, and even the developers of certain products were active there. We used that a lot over years and most solutions were found there. Greetings from Switzerland', 'This is Emotet without a doubt. Emotet is a polymophic virus that is usually delivered to a network via malspam. It has several phases of operation and is rather complex. There is some good news though. By following a simple process to create 3 files and a few folders in the root of the system disk of each machine, you can immunize yourself against further infection or prevent one from starting to take hold. I will explain how to do this immunization after explaining a bit how Emotet works: Phase 1: Malspam Botnet- Weekly Emotet will ramp up all of the infected nodes to start spamming malspam. This seems to happen on a Monday or Tuesday and dies out by Friday generally. The malspam delivered contains one of several ruses to get the end user to click on a link going to a compromised random website.(surprise! usually out of date Wordpress junk) The ruses currently are DHL/UPS tracking, Invoice overdue/late/errors etc, and unexpected paypal charges. There are about dozen formats for the subjects and bodies of the messages and they usually change every month. What is worse, the email headers are forged and will contain spoofed from addresses that make it seem like legitimate users are sending the messages from real organizations. This is especially problematic if a site was infected before by Emotet and it has you GAL. The botnet code for the malspam engine seems to be intelligent enough to prefer sending To and From the same domain if it has addresses in common. Emotet avoids detection in this phase by using 100-500 unique dropper download URL(Today I found 300+ unique links, search emotet in twitter for public lists) links and rotates which link the botnet is sending in the malspam every 5-15 minutes. Unless you have a really good spam filter, it will likely get in with one of the many combinations that are being sent at rates of 1 a second to 1 a minute. One of the best defenses here is filtering on URL patterns. After making about 100 different patterns in sieve script, I have been able to catch about 95-99% of the malspam. I do have to adjust them once a month it seems though. Now on to Phase 2: Trojan Infection- This linked compromised website will download a word document(dropper) that contains macros and/or DDE calls to run an obfuscated powershell script to download a payload exe from one of 5 payload URLs. The body of the document uses 1 of 4 different looks to trick the user into turning off read only mode, enabling macros, giving away the secret of life... etc. Emotet evades detection in this phase by doing the following things. 1. Rotates the 5 URLs used for the payload download every 6-12 hours. 2. Significantly changes the size and composition of the document along the same timeline to prevent SHA fingerprint matching. One of the best defenses at this stage is to block the known payload URLs and IPs because they are the most finite. Phase 3: Once the user activates the powershell script, the payload exe installs itself as a service and goes about infecting other computers on the LAN via common credentials as well as dropping banking trojans such as Pony, etc. It also steals your Outlook Address Book and calls home to a Command and Control(c2) server to share that list of future victims with the botnet. Here is where achelles heel exists for Emotet. Emotet is smart(too smart for its own good) and avoids detection by changing its behavior if it detects typical items that are in a sandbox environment. In fact, it stops doing much of anything(other than trying to call home to c2) if you create three simple files in a folder called ""a"" that mimic well know sandbox environments. Everyone dealing with an infection or scared that you will have to deal with one, should immunize your machines now by creating the following in the root of the system disk of all your Windows devices: Create a folder called ""a"" in the root of C:(or whatever the system disk is) Create the following empty files in that folder. You just need the name of the file and folder tree made upto look like this: C:\\a\\foobar.bmp C:\\a\\foobar.gif C:\\a\\foobar.doc There is an alternate method that consists of the following folder structure with the same empty files: C:\\email.doc C:\\email.htm C:\\123\\email.doc C:\\123\\email.docx In our environment we used GPP to push this out and it seems to always stop Emotet from fully executing phase 3, even as recent as last week. It doesn\'t fully install itself as random number exe services or propagate via common credentials when it finds these files, it just basically goes dormant. The one thing it will still do though is stay resident as the initial payload exe and attempt to call home via C2 every 1-3 hours. I use this behavior to detect any machines attempting to internally contact the C2 IPs so I know whom may be infected and needs to reimaged. Therefore it is critical to monitor twitter and watch for traffic to the latest C2 IPs. I am regularly sharing my Emotet findings daily on twitter under Emotet in daily pastebin lists. Hope this helps you and good luck. [Here]( is the source for the above immunization.']"
64,220,64_files_drive_storage_drives,"['files', 'drive', 'storage', 'drives', 'space', 'folder', 'file', 'server', 'folders', 'disk']","[""Unfortunately I understand that there's no way to measure current drive space usage for the network shares that the entire company uses. I wish there was. &x200B; LOL, instead of rant about it, do something."", ""Unfortunately I understand that there's no way to measure current drive space usage for the network shares that the entire company uses. I wish there was. If there was though wouldn't it be neat if you could also set up some sort of report that would notify you when the space was getting low. Or even to be able calculate, based on current rate, of when it was going to fill up. But there is with WIndows File Storage Report Manager, this lets you get reports and also set hard and soft quotas"", ""Many years ago. This was my first tech jo and my second year working. I naieve noob still. Boss: John set up a server that went into production a month ago, but is having hardware issues. Client X wants to migrate our app and interfaces to anothet server. He didn't document it and is in China for the next month on vacation. Go reverse engineer it and set up the new server so we can migrate it this weekend (this was on Thursday) Me: sure. I should be able to survey the machine today and set it up tomorrow. That work? Boss: Sure. Keep me informed. Me: no problem! hmmm. One virtual disk with three partitions on RAID 5. For reference we would set up 3 disks, 1 os, 1 data, 1 backup with the backup disk being by itself or RAID1. Data/OS on RAID5 or 10 depending on their budget. Backup on RAID 5 = no bueno. Call client have new server reconfigured. Client IT not happy huh? Our services are supposed to be installed under d:\\company\\services. They are on C and D in different folders. Spend time recreating configs. No big deal. This was so that we had a standard deployment schema regardless of whether the hardware was a stand alone server or a cluster. uuuuuh...the database engine is in a different folder than it should be. And our temp databases is on c:\\company\\temp instead of d with said path. Spend time having to rejigger DB engine config file to fit standards. This is to make db engine upgrades and db config changes cookie cutter so that upgrades don't have to be custom made to a client. Also our temp database due to design decisions could grow to an obnoxious size which would have run the os drive out of space. !!!! Scheduled tasks for file processing? Why wasn't this moved to the db engine? Why are they in three different places that make no sense (one being c:\\temp). Move them to the d drive under our company folder for standardization c:\\program files has everyone:F as a permission....my heart hurt a little. Wasn't sure why but took a note of it c:\\windows has everyone:F....wtf....went outside and felt like screaming I asked my boss if I could use the new server as a dry run and make sure these extra componenta worked properly. He said sure. Onto Friday! Set things up. Mostly everything ran. His scripts didn't so I looked them over. He gave windows folder full permission because his tasks were running as a regular user and he was writing logs there because he didn't set a working folder in his tasks. So I redid the tasks. They almost worked. He included a third party tool that wrote a log to a couple of subfolders within c:\\program files. Said logs were not configurable. So rather than figure this out he just gave everyone full permissions. I had to go find an installer for said tool, found out it requires a license. I figured the folders and created a batch to set permissions ans create the folders but didn't execute it. Went to my boss. My conversation with boss after all of this. Me: we have to deploy this correct and it can't wait? Boss: Yes. Me: There's unlicensed software that is requires for one of their main workflows. It's a couple hundred dollars per server. Did we tell the client they had to buy this license? Boss: Let me check....shit...no we didn't. Me: Can you tell the client they need to buy it? The licensing agreement doesn't allow us to buy it for them. Boss: That's not possible. They're purchasing process is a nightmare and will take a month or so. This is horrible. Me: That's not a problem. We can run unlicensed and have them purchase it. Boss: Sure. If they weren't having a liensing audit next week. Me: ... Boss: can you rewrite this? Me: Probably. It will take me a day. Boss: We need this now. Can you work tomorrow and take Monday off to get this done? Me: I guess.... Needless to say...I hate non standard and undocumented set ups, especially when there are standards and processes to introduce processes when a new worlflow has to be introduced. Good luck with your setup.""]"
65,329,65_money_cost center_cost_center,"['money', 'cost center', 'cost', 'center', 'company', 'make money', 'companies', 'business', 'businesses', 'generate']","['\\ Obviously IT is important but it doesn’t generate us any money I\'ve heard this many times over the years. I\'ve come up with a retort for it, that so far, no one has been able to refute, or disprove. My retort is: ""Your exactly right. IT does not, ""directly"", generate revenue for the company. It does however, enable other departments to directly generate money for the company. One could say, that without IT, the company would quickly go under...and by saying this, one can say, IT is the most important department in the Company""', 'Personally I can\'t stand the ""IT doesn\'t generate money"" argument. I had a sales guy pony up this horseshit and I looked at him and told him ""alright, well go out and make your sales without your smartphone, email, contact management software and access to any of our systems. Go back to paper and let me know how that works out for you."" This is one of the biggest misconceptions companies have, is that IT is a cost center instead of a central part of their infrastructure. Just like paying the light bill, the phone bill, rent for buildings, the technology infrastructure is an integral part of the business. Yes, it costs money. No we do not directly generate income by ourselves, but let\'s take a look at how many modern business processes rely on the systems that IT manages... This day in age the majority of companies have systems for everything, and IT is expected to keep them up and running and available on shoestring budgets. The day to day business processes absolutely rely on IT infrastructure to work. They don\'t see this until email is down, or some critical business system is down. Then it\'s ""You\'re costing us money in downtime!"". Wait, I thought we were just a cost center, but now you\'re saying what we do has a direct impact on the company\'s ability to MAKE money. Interesting... This is one of the hardest mindsets to change and until upper management realizes it, that discussion is going to be hard to have.', ""It's always seemed strange that IT is seen as a cost center, when other basic business function positions are seen as important/integral. HR is a cost center. Accounting is a cost center (mostly). Yet, these are seen as critical components of a business. I think because IT is still relatively new, we're looked at as a business expense that companies didn't have to pay for. Hell, 30 years ago, most companies had no IT department at all. Even though we make businesses more money, we're seen as a dirty thing that costs them money and seeps away profits. We're the old line workers on the factory floor. Don't fool yourself, our work is being constantly automated and businesses are desperately looking for ways to get us out of the picture. Keep up your skills, learn automation, get into Dev Ops. Once you can show that you can save money for the company and reduce resources. A quick side story. I work for a company that has zero sales people. We don't have clients that visit typically. We had a beautiful new headquarters built. All windows, tons of light. Guess who moved to the new building? HR, Customer Service, Accounting, Marketing. Guess who stayed in the garbage old building? IT. Of course, IT. The worst part was that they had everyone in the old building. Had them move to the new building and then had IT move from our rented building into the old building. IT had to move no matter what. Most other teams didn't have to move. They literally chose to move a whole office of people, rather than let IT move into the new space. We're second class citizens.""]"
66,188,66_devops_bi_modern_dev,"['devops', 'bi', 'modern', 'dev', 'sysadmin', 'cloud', 'data science', 'python', 'programming', 'engineer']","['SQL, Powershell and programming experience are the meat and potatoes of modern IT tools in a modern Enterprise environment, and frankly people who are shit hot are few and far between so you can command a decent salary. BI and R are massively in demand due to BI and data science\'s explosion in the modern company as it gives you an edge to be able to leverage your business data to drive the direction of the company. Don\'t worry about the fact that people will see ""Director of IT"" on your CV, all it shows is that you have staying power and the ability to stick around and learn your way through any problem. I\'d say you\'re in the perfect position to work your way into DevOps/Modern SysAdmin work. Aside from that I\'d seriously consider BI and data science, even if it\'s a slight step down in pay for now. You\'ll soon enough be able to ascend through the ranks really quickly by moving jobs every 18 months or so as it\'s such a growth market. Same goes for DevOps. Start looking at cloud technology like AWS and Azure (you seem like a Windows guy anyways) Update your LinkedIn with projects completed with the above skillset and start applying. Maybe even look into contract work which will more than make up for your potential loss of pay here. There will be people way more qualified to talk about contracting as I\'ve not had had the pleasure. I\'d look for jobs like: Platform Engineer, Database Admin, Junior DevOps and the like. You sound legit so you shouldn\'t have a problem finding work.', 'SQL, Powershell and programming experience are the meat and potatoes of modern IT tools in a modern Enterprise environment, and frankly people who are shit hot are few and far between so you can command a decent salary. BI and R are massively in demand due to BI and data science\'s explosion in the modern company as it gives you an edge to be able to leverage your business data to drive the direction of the company. Don\'t worry about the fact that people will see ""Director of IT"" on your CV, all it shows is that you have staying power and the ability to stick around and learn your way through any problem. I\'d say you\'re in the perfect position to work your way into DevOps/Modern SysAdmin work. Aside from that I\'d seriously consider BI and data science, even if it\'s a slight step down in pay for now. You\'ll soon enough be able to ascend through the ranks really quickly by moving jobs every 18 months or so as it\'s such a growth market. Same goes for DevOps. Start looking at cloud technology like AWS and Azure (you seem like a Windows guy anyways) Update your LinkedIn with projects completed with the above skillset and start applying. Maybe even look into contract work which will more than make up for your potential loss of pay here. There will be people way more qualified to talk about contracting as I\'ve not had had the pleasure. I\'d look for jobs like: Platform Engineer, Database Admin, Junior DevOps and the like. You sound legit so you shouldn\'t have a problem finding work.', 'SQL, Powershell and programming experience are the meat and potatoes of modern IT tools in a modern Enterprise environment, and frankly people who are shit hot are few and far between so you can command a decent salary. BI and R are massively in demand due to BI and data science\'s explosion in the modern company as it gives you an edge to be able to leverage your business data to drive the direction of the company. Don\'t worry about the fact that people will see ""Director of IT"" on your CV, all it shows is that you have staying power and the ability to stick around and learn your way through any problem. I\'d say you\'re in the perfect position to work your way into DevOps/Modern SysAdmin work. Aside from that I\'d seriously consider BI and data science, even if it\'s a slight step down in pay for now. You\'ll soon enough be able to ascend through the ranks really quickly by moving jobs every 18 months or so as it\'s such a growth market. Same goes for DevOps. Start looking at cloud technology like AWS and Azure (you seem like a Windows guy anyways) Update your LinkedIn with projects completed with the above skillset and start applying. Maybe even look into contract work which will more than make up for your potential loss of pay here. There will be people way more qualified to talk about contracting as I\'ve not had had the pleasure. I\'d look for jobs like: Platform Engineer, Database Admin, Junior DevOps and the like. You sound legit so you shouldn\'t have a problem finding work.']"
67,242,67_linkedin_recruiters_jobs_resume,"['linkedin', 'recruiters', 'jobs', 'resume', 'hiring', 'profile', 'connections', 'linkedin profile', 'job', 'applying']","['LinkedIn also works more by the amount of time you are on it. The more time you are on it; the more recruiters will see your profile. LinkedIn is normal now; you need to get it. You can see who is hiring. Banks always need infosec people.', ""I've gotten a couple of positions off of LinkedIn over the years. Including a sweet director role. The problem with LinkedIn is don't submit from there. Use it as a job search engine and if you find something you like, go to the careers page on that company's website and apply directly. Oh, avoid the crypto startups you see on LinkedIn though. There's also a disproportional amount of banking and healthcare reqs on LinkedIn too."", 'How’s your LinkedIn? I get many, many leads from there..']"
68,267,68_mistakes_mistake_make mistakes_make mistake,"['mistakes', 'mistake', 'make mistakes', 'make mistake', 'make', 'learn', 'happens', 'making mistakes', 'learn mistakes', 'happen']","['You will always make mistakes. The key is learning from them and not making the same mistakes over and over. Someone much smarter than me once said, you never fail. You succeed or you learn. Take that to heart and always try to be better than you were yesterday.', ""You learn the most when you make mistakes, so dare to make mistakes and evolve. We've all been there."", 'If you don’t make mistakes as a level 1 SOC analyst (or sysadmin, or help desk analyst), you’re not doing your job. Mistakes are how we learn fastest. A good leader/mentor will encourage curiosity, and help you understand the mistakes and how to avoid them in the future. Now if you make the same mistake time after time, that’s a different problem.']"
69,173,69_oscp_ceh_pentesting_cissp,"['oscp', 'ceh', 'pentesting', 'cissp', 'certs', 'cert', 'offensive', 'course', 'pass', 'pentest']","[""If you're looking for a Challenge, I'd highly recommend the OSCP course. &x200B; I was in the same boat as you, I had my CISSP for 10 years and had just finished my Masters in Cyber Security, so I felt top heavy in Policy and Management, but had not been hands on very much in years. I already had my CEH but that was a joke to be honest. &x200B; OSCP was very reasonably priced for the course work, definitely get your hands dirty, and once you get it, no maintenance fees or CEU's to maintain. If you're looking at Ethical Hacking courses the OSCP definitely has the street cred the CEH and Pentest+ are lacking. I learned more in the 4 5 months I was working on that then any other cert or My Graduate degree for that matter. &x200B; Finally, after going through the CEH and CFIH course from EC-Council as part of my Masters program, I believe they are the most unethical, BS, crappy certification company out there, and I will never give them a dime. &x200B; Edit\\ Don't feel like you have to start at a lower level for the PWK and OSCP. The Course work starts at a very basic level, and it's not hard because its super technical, its hard because you have learn to about 200 different things and put them in practice. For us management types, it was taking all these things that you've known and defended against for years through IA programs, and actually doing them. Edit 2 - If you want to take whack at what the PWK is like before committing, getting a month subscription to VirtualHackingLabs.com. I used them after my PWK course ended and before I passed the exam to get more practice, and found their course material and labs very OSCP-like."", ""I was in the same boat until I got my OSCP. I even had less general IT experience than you do. OSCP landed me an entry level SOC job. OSCP did help me navigate things as a SOC analyst. Not necessarily the course itself but all of the Vulnhub and Hackthebox boxes I did. Since then I've averaged about 3 recruiters per week contacting me on LinkedIn."", 'This is the worst. I understand from my experience. Years ago I wanted to do OSCP as part of my work career progression. Gov. HR said OSCP was garbage and signed me up for CEH because Certified Ethical Hacker sounded better to them. I am studying OSCP at the moment on my own and have to say I would hire someone with OSCP over CEH any day. I have heard that CISSP is worth doing if you are looking at going into management / CIO etc']"
70,272,70_salary_range_100k_salaries,"['salary', 'range', '100k', 'salaries', 'underpaid', '80k', 'pay', 'area', 'offer', 'making']","['Are these companies offering equity and/or bonus as well? $100k ""total compensation"" (base + bonus + equity) is pretty low with your experience, especially in an area with high cost of living. That being said, most of the places I know are asking about salary expectations mostly just to make sure you don\'t have expectations they can\'t possibly meet. If you say $250k + equity, they might decide there\'s no point to interview you because they won\'t come near that. Oh, also, pick a little different number and it won\'t sound like something you just pulled out of your ass. :) Like $105-115k or something, if you decide you really want $100k.', 'One thing to keep in mind is that the hiring manager may not have a say in what is advertised. If it’s going through a recruiting firm, they will often pad the range - been there on the interviewee side. As a hiring manager, I have frustrations with HR and their advertisement requirements/practices. My budget is often far less than what gets posted on LinkedIn which causes issues with expectations from external candidates and people i have in similar roles. I’m often told HR has to post the range they post due to laws in certain states which require a range, so they post the industry analysis range despite internal budget restrictions. Then told our budget technically falls within that range. Further, HR will say that the range is total comp value and not base pay. So, long winded way to say it may not be the hiring manager’s fault or shadiness/bait and switch. Could be, but there’s a chance it’s not. Either way, know your value and keep it moving if the offer isn’t what you want.', ""You're asking if you're underpaid but have you done any research yourself on salaries for your role and experience level? Personally when researching salaries for my role, I've found salary.com was the most accurate. You can apply filters like city, education, and experience to see a salary range and median average. EDIT: salary.com was accurate for me back when I was researching an Information Security Analyst II salary. Its reported salary range for my current role (Information Security Engineer), city, education, and experience level is showing as $40k-$65k higher than what I currently make. I don't think that's accurate, so I guess compare its numbers against other sources (GlassDoor, Zip recruiter, LinkedIn, etc) and see.""]"
71,264,71_data_credit_breach_ssn,"['data', 'credit', 'breach', 'ssn', 'breaches', 'monitoring', 'information', 'data breach', 'pii', 'opm']","['Perform these steps you and your spouse and your kids: 1) freeze your credit at the three big credit bureaus. 2) go to the IRS site and get an identity protection pin. 3) contact your cell phone provider and ensure you have a pin or secret word applied to your account that prevents SIM hijacking and/or other unauthorized account changes. 4) freeze your credit at the other credit bureaus: PRBC, SageStream/LexisNexis, Advanced Resolution Service (ARS), and Innovis These will help to mitigate 90-95% of identity theft attempts. The most important thing is stop assuming your data is actually private - pivot your thinking to ‘assume breach’. Assume all of your data is out as at this point it is all out there.. how can you mitigate and prevent abuse or misuse of your data.', 'I froze my credit after the OPM breach and have never looked back. Complicates situations where I want credit, but also gives me pause to consider if I really need that line of credit.', 'I was still in the military in 2014-2015 when the SF86 data breech happened. I’m almost positive what’s been happening to me is from this data breech. Starting last year I was getting letters from different banks stating that they denied opening a bank account in my name because they couldn’t confirm my identity. These were checking/savings accounts and I was able to shut them down quickly. Nothing unusual showed up on my credit reports that wasn’t already there. Things were quiet for a while until recently. Early this summer I woke up one morning to a bunch of emails that were credit inquiry alerts on my credit file. My credit stinks right now so none of these were approved for credit but my credit score is sinking like a stone because of all these inquiries. 7 inquiries since last month so far. Bank of America, Citizens Bank, Chase Bank, Citibank American Airlines Credit Card, Capital One, Discover, and Chrysler Credit (I would never buy a piece of shit like a Chrysler). Whomever was doing this was applying for credit in my name during overnight hours while I was sleeping. Good luck trying to get inquiries removed. Next to impossible even if they weren’t you. I contacted the credit bureau’s and they all tell me to contact the banks or places that originated the hard inquiry. I’ve been contacting all the places and so far only 1 out of the 7 inquiries has been removed. The others took my report and they are investigating but it’s been like a month now with zero progress. I can’t keep making these phone calls to deal with this shit in the middle of my work day. I dread opening the mailbox because there might be another letter from some financial institution about another credit application. Even though my credit sucks right now I’m trying to improve it and this isn’t helping. I have put a lock on my credit file with all 3 bureaus but why do we have to be inconvenienced by someone else’s fuck up. I guess I’m just going to have to wait it out for 2 years when all these inquiries age off. It’s fucking Bullshit! So I’m just going to have to accept and deal with this for the rest of my life? It’s god damn infuriating! I’m getting sick of this fucking shit! The government is like “Thanks for serving your country and sorry we messed up leaking everyone’s data but your credit is probably going to screwed forever.” So that’s it? We just let the scammers win?!?!? Fucking pissed!!!']"
72,177,72_jira_zscaler_netskope_free,"['jira', 'zscaler', 'netskope', 'free', 'use', 'palo', 'pan', 'sase', 'alto', 'palo alto']","['Jira is so simple compared to anything else I have ever looked at, that is what I love about it. But we also use it for 15 dev teams and 6 ops teams + Jira SD for the company. So we are pretty good at it.', ""Yes, JIRA has some a bit more-complicated-than-it-could-be configuration/admin pages, but it can handle what you're asking. Jira Service Desk + Tempo should do the job for you. Also all of them come as a cloud solution so no need for you to host anything on your own."", 'jira would be a bit overkill... unless you work with a dev team that uses its more agile features... I hate to beat the consolidation drum, but if you use google apps then you have access to google issuetracker that may be ok, else if you’re a microsoft shop (on premise they offer microsoft system center service manager) in the cloud there with o365 they have examples using powerapps or the weird albino gorilla vs jira would be vsts (does agile,scrum, etc). Since you mentioned schools then I assume they get either/or o365,gapps. If so, keeping integrated is nice. Else, jira is fine but overkill for service desk ... if you want a list of servicedesk software vendors that may do other things that you may later need : Personally using zendesk and jira...not my choice, but yeah it can track time spent.']"
73,209,73_ceo_company_new ceo_hr,"['ceo', 'company', 'new ceo', 'hr', 'manager', 'department', 'guy', 'just', 'email', 'people']","[""Don't hold the Tier 1 responsible. It's not his fault there's a CEO running around without any backups in place. And spoilers: It's not the CEO's fault either."", ""I've had his happen before. I really didn't like the CEO because he ran everything so far away and had zero visibility with the line employees. Coming from a place where the CEOs that sent out updates of what the company is doing every month.I felt like the CEO was purely mechanical and would cut anyone anytime. A couple of executives would always throw IT under the bus. The call center didn't have good numbers because the phones were always broke, the IT department takes to long to generate new reports. I put in a ticket and it doesn't get done fast enough, etc. Expecting an incoming chop of the department the CEO hired a long term business partner who owned an MSP to be our CIO, a position we didn't have. This guy micro managed us to hell, put internal reports to track accountability, would set unrealistic deadlines but in the end he did save the department with all of his reporting to the CEO. Ironcily the two executives that would blame their poor performance on IT resigned after 6 months of the CIO getting here. TBH I hated working for him. He always stressed us out with the unrealistic deadlines. Shit would break after demanding it get done in a week what would normally take a month then get mad about it. TLDR thought previous CEO was going to cut IT department. Surprised a lot of people when he thought for himself and hired a CIO that put a ton of reporting and strict management in place. Saved department but our jobs became much more stressful because every minute is looked at. At least in the end it was my choice to leave and not the other way around. OP your CEO might trying to get a picture of what is done. If there are tons of complaints about your department there's something wrong. Whether it's actually the IT department or other managers using IT as a scapegoat."", 'The CEO is usually always the worst because you end up being their personal IT person.']"
74,139,74_mssp_mssps_soc_work mssp,"['mssp', 'mssps', 'soc', 'work mssp', 'internal', 'mssp soc', 'working mssp', 'socs', 'analyst', 'start']","[""Sorry OP, this industry is definitely not kind to noobs. I went through a bootcamp and found a MSSP desperate enough to hire me. That's probably where you should be aiming for, a MSP or MSSP"", 'Would recommend to switch to a probably stuffed MSSP, in my experience on larger MSSP SOC teams there is always a pool responsibility for L1, L2 can be dedicated or also pooled. But you would be never work alone.', 'And this is why many MSSP’s are foundering…..']"
75,186,75_chatgpt_browser_data_ai,"['chatgpt', 'browser', 'data', 'ai', 'dlp', 'block', 'copilot', 'sensitive', 'llms', 'tools']","['I’ve seen something similar happen, and it’s one of the hardest gaps to cover because most DLP tools do not monitor what users paste into browser-based AI tools like ChatGPT. What has helped us is combining Workspace-level controls with browser monitoring. We use GAT Shield from GAT Labs, which lets admins monitor and control access to AI tools across the domain. You can block or restrict access using alert rules and generate detailed activity reports through Browsing Tags. For example, you can create an “AI” browsing tag to see who used Gemini, for how long, and on which systems. It doesn’t read chat content, but it gives solid visibility into AI tool usage and helps spot risky activity before data leaves your domain.', ""Secure browser with DLP should be able to help, if you can't block chatGPT because of politics"", 'This is peak “AI + old DLP = giant blind spot.” Browser-based AI tools are basically invisible, so pasting customer data into ChatGPT gets right through. You still need a layer that actually maps/classifies your sensitive data so you know what’s at risk and who’s touching it, but that alone won’t stop a copy/paste moment. For that, you need browser/endpoint guardrails that block or redact sensitive fields before they hit external AI tools. TL;DR: data visibility + real-time AI controls. If one dev pasted stuff, assume others already have.']"
76,159,76_apple_mac_macs_mdm,"['apple', 'mac', 'macs', 'mdm', 'macbook', 'windows', 'macos', 'marketing', 'devices', 'macbooks']","['If you want good hardware, get a Mac. Install Windows on it (Macs are, strangely, the best Windows computers) and enjoy.', 'Get the Macbook Pros. They shit all over any Windows laptop. Use them as an example to get some for your it team. Macs are the best Unix desktop.', 'And non-mac users always say macs are overpriced lol']"
77,150,77_isp_outage_internet_eta,"['isp', 'outage', 'internet', 'eta', 'failover', 'outages', 'router', 'hiding', 'tell', 'redundant']","['Your ISP is something you can’t control. Get your ass out of the closet and start drafting a formal proposal for a second ISP or some sort of failover/backup in case your ISP goes down again.', ""Dude, not your fault if ISP is down. If management allows for it, get a second ISP. As for telling people, Abby of the following might be fine: ISP fibre is down ISP pop is down ISP is under network attack Ants have entered the fibre joint box and chewed away Rats have cut through the patch chord ISP access router is overloaded Lastly you could say since we have just one ISP and it's down, we just got to wait; maybe look out the window or read a book. Shit happens."", 'ISP outage? There is nothing you could do. Despite telling management to get a redundant connection with a different ISP. :-)']"
78,110,78_adobe_uninstall_creative_license,"['adobe', 'uninstall', 'creative', 'license', 'suite', 'reader', 'software', 'cloud', 'cc', 'version']","['Here is some useful information I have for managing Adobe Creative Cloud applications in an enterprise environment. Creative Cloud for Teams: [ Adobe Creative Cloud Packager: [ Remote Update Manager: [ Uninstall tool: [ [ Adobe update server setup tool: [ Run on a schedule: C:\\\\Windows\\\\System32\\\\AdobeUpdateServerSetupTool.exe --root=""E:\\\\ --incremental Set your override files here: C:\\\\ProgramData\\\\Adobe\\\\AAMUpdater\\\\1.0\\\\AdobeUpdater.Overrides Copy RemoteUpdateManager $computers = ""computer1"",""computer2"" foreach($computer in $computers){ copy-item $overridesPath \\\\$computer\\c$\\ProgramData\\Adobe\\AAMUpdater\\1.0\\ copy-item $RemoteUpdateManagerPath \\\\$computer\\c$\\temp\\ } $ScriptBlock = { C:\\Temp\\RemoteUpdateManager.exe --action=Install } Invoke-command -scriptblock $scriptblock -ComputerName $Computers -AsJob -JobName AdobeUpdates While(($JobsLeft = Get-Job -Name AdobeUpdates |?{$.State -eq ""Running""} )){ Start-Sleep -Seconds 5 } Get-Job -Name AdobeUpdates | Receive-Job', ""Is it Adobe? Because I vomit a little in mouth every time I have to describe Adobe's Creative Cloud licensing to people and why it's so expensive. We're finally making the move in our Pre/K-12 public district after resuscitating Adobe CS 5 for half a decade or more. But explaining it to people is frustrating."", 'At my workplace, Adobe can mean Flash, Reader, Acrobat, or Photoshop. ""The adobe isn\'t working""']"
79,173,79_licenses_license_licensing_cores,"['licenses', 'license', 'licensing', 'cores', 'core', 'microsoft', 'cals', 'software', 'vms', 'agreement']","['I get this issue with our dental imaging software. I tell the user the issue and let them know that the issue will persist until more licenses are budgeted (by their department director). I then send an e-mail to their manager and director letting them know that I am getting reports of licenses being at capacity, and the issue will persist until more are purchased. They either stop calling me or buy more licenses. I have the ability to boot people to free up licenses, but i refuse to play the musical chairs game with licenses.', ""I login to admin portal and see all the users with E3 licenses were set to have that license off. OFF!!! The license is there! We have plenty available! Microsoft just decided randomly to turn those licenses off and take everyone's mailboxes down with it. Some consultant company have access and was running low on money?"", 'We have a similar issue. We have a piece of software than about 7 of us use for maybe 1/2 hour each day, and we have licenses for 5 concurrent users. The upgrade cost to go to the next tier is stupid, it\'s like $15,000/year or something, and brings us to like 25 users. We don\'t need 25 users. We need 2 more. There\'s no option for 2 more. So we have to play musical seats a bit. This is my call. In my case, the time lost is certainly less than the value of upgrading to the next license. We\'re not breaching the license terms, because this is just for concurrent connections. I\'d probably pay $1200/year for the 2 more licenses we need, but not $15,000/year for 23 that we don\'t. All I\'m saying is, I don\'t know your situation. I don\'t know how much time you lose. I don\'t know what it costs you for more licenses. I do know that sometimes stupid shit like this ends up being better than the alternative. I mean, if I put it to my staff as saying ""Ok, either we can add more licenses, or you guys can all get a $1,000/year bonus on a new holiday I call ""Stupid License Refund Day"" but for the rest of the year you might have to ask someone to exit the software before entering your shit in it."" I am not sure who would say ""Yeah, I don\'t want the $1,000, I\'d rather not have to send a message to someone asking them to let me know when they\'re done with the software."" But this is for me. The time lost is minimal, it\'s not daily, it\'s not much time, it\'s not time sensitive, or critical. It might look from the outside that it\'s a stupid thing to do, but moving up to the next tier of licensing is even stupider. But at the same time, those using the software know why we\'ve chosen not to increase the licenses, we are aware of the result, we have a process for gaining access, we are aware of the cost to productivity, and nobody is likely to rant on reddit about it. There\'s no way I would yell at anyone about unacceptable downtime in using the software. If I did think that the downtime was not acceptable, I would be buying licenses. What I do get is new staff sometimes arguing that it\'s stupid and that we should add more licenses. If we were not in legal compliance with our license, I would agree, but in this case it\'s just a matter of them thinking they know better, and I generally invite them to help me find a way to fix it. Then they come up with the same result, it\'s going to cost an extra $15,000 for 2 more users, and save a few minutes and mild irritation every few days. But when they come to that realization as well on their own, the irritation subsides a bit. They know why they do it. Maybe they\'re annoyed at the vendor for not making a more fair license arrangement. But they don\'t think I\'m an idiot.']"
80,166,80_o365_exchange_365_office 365,"['o365', 'exchange', '365', 'office 365', 'office', 'migration', 'prem', 'mailboxes', 'ad', 'exchange server']","['Sysadmining is an ever changing field. 2018 will likely be the last year I install Microsoft Exchange. But I am managing more mailboxes than ever via Office 365 and the work is mostly the same.', ""On prem exchange? We use AWS internally, but if you were to move to entirely hosted, and transition from on-prem Exchange to O365, you'll find Azure AD plays together well with O365. That being said, hosted still requires administration."", 'Have a look here: [ It is an Exchange migration software, which can help in Exchange to Exchange migration, Office 365 to Office 365 and Exchange to office 365 migration. Hope it helps you.']"
81,179,81_healthcare_hipaa_dr_profit,"['healthcare', 'hipaa', 'dr', 'profit', 'patients', 'hospital', 'medical', 'work healthcare', 'non profit', 'doctors']","['Healthcare industry for an admin sucks. Fuck everything about it.', 'I have worked in Canadian Healthcare IT for the last 16 years. There are so many parts and pieces to Healthcare IT, because there are so many specialities in the realm of Healthcare. I used to work in the Server\\Storage\\Virtualization part of IT. Total stress and pain due to lying\\incompetent vendors. Then I worked in Architecture and Project Implementation. Lying\\Incompetent healthcare vendors and annoying project managers. I am currently in networking\\WAN operations. Single vendor, minimal interaction with actual Healthcare software. It has been heaven. My advice, find a part of IT that allows you to be away from healthcare vendors. They are the evil you speak of.', 'Am in healthcare it, that was really your only option.']"
82,154,82_india_indian_offshore_outsourcing,"['india', 'indian', 'offshore', 'outsourcing', 'indians', 'outsourced', 'companies', 'la', 'offshoring', 'country']","['Outsourcing to India is a very bad idea right now.', 'I also work with outsourced support in India and also with Indian customers directly. A colleague of mine used to say that any Indian that can actually do a job already left India and the only ones who left are the ones that pretty much useless. Of course there are exceptions. &x200B;', 'i told my family im outsourcing the IT work to india']"
83,286,83_notes_practice_material_book,"['notes', 'practice', 'material', 'book', 'read', 'cards', 'exam', 'reading', 'test', 'flash']","['Gather as many Quality study materials as you can (Check Udemy, Pluralsight Reviews or Reddit ""I Passed"" threads)Get a variety of study materials, often times having the material presented differently helps it sink it. Aim for Comprehension not just memorization. You want to be able to explain the concepts to a layperson. I still write handwritten Study notes as I\'ve found it really helps with distilling information, comprehension and memorization. Find quality practice exams if you can, a major part of the exams is getting accustomed to the tests and learning to relax some. It really is imperative to focus on reading and test taking skills. Lab it if you can, Home Lab, Online Labs, whatever you can do to practice. 1. Generally I do this,Read the Study Guide 2. Go Back and Make my Notes while reading the Study Guide a Second Time.I use a formatting to my notes similar to what you\'d see in books to prevent myself from zoning out when reading. 3. Make mental notes of anything I\'m having trouble with for further review. 4. Once notes are done, I try to review them daily. 5. Go through some Instructed Led (Video Courses) such as Udemy, Pluralsight, Youtube.Make new notes for any new to me concepts or different explanations. 6. Start Labbing for the Exam and or utilize Practice Tests. 7. Review the Exam Topics to ensure I have a strong comprehension of the Outlined Material. 8. Schedule the Exam for a few weeks or a month out from when I think I\'m ready.Then continue to study until I\'m having trouble functioning due to my brain being full. 9. Hope the exam is nothing like the MD--101. Generally I try to take 1-3 weeks off between Certifications but still aim to learn a little bit daily regardless. Source Multiple Certifications and have sat many exams. Currently working on CYSA+ EDIT: Reddit butchered my text and I forgot some words, Good Luck!', 'I might go a bit overboard in my studies, but that\'s just the imposter syndrome. Here\'s the tools I use. &x200B; Highest rated study guide for the material I skim the headers to see what the main topics are going to be or at least what the author wants me to know by the end of the chapter. This helps not only prime yourself for what you\'re going to learn, but also give you an idea of what you don\'t know. As you read the headers, prep some questions for each section if you can. You need to interact with the material and not just passively read it. I tackle any beginning quiz and see where I stand. If I hesitate on a question or have to use process of elimination, I mark it for review. At the end of each section, I consider the start of a new header a new section, I sit back and recall what I read, I ask myself questions, I see if I remember what I read. If you don\'t feel like you have a grasp on all of the material for that section, ask which parts trip you up? Go back and review. &x200B; Highest rated Udemy course (or YouTube) I\'m still refining how I ingest video content, but right now I crank it to 1.25/1.50 play back speed depending on the speaker and slow it down/replay parts then take notes. I\'ve always felt you need at least one book source and one video source. &x200B; Remnote for memorization of facts using flash cards. Remnote is huge for me and I\'m constantly adding flash cards to it. Remnote has some functionality to make different types of flash cards such as latex for math, you can take screenshots and hide portions to test yourself on. Remnote also uses spaced repetition so after awhile you\'ll only see flash cards that you have the most trouble with. &x200B; Notion for long term storage. Notion has been great for me to organize my notes and makes it easily searchable when I need a refresher of something I covered already. Don\'t put any PII, bank info, or other craziness on Notion though, I know I don\'t have to say it but just in case. If you don\'t like Notion, I recommend Obsidian as a replacement. Not as much functionality but gets the job done for note storage. &x200B; Labs. Lab, lab, lab, as much as you can. I\'m studying for my LPIC-1 right now and I\'ll run every command as it\'s brought up in my study material. I also include a check list to ""Configure X"" with the instructions to configure X in my Remnote incase I forgot how to do it, but it gives me something to lab. &x200B; A few recommendations. ""how to read a book"" by Mortimer J. Adler and Charles Van Doren. It sounds silly, but it\'s a great book and helps you understand what it really means to read a book with the intent of retaining the information. ""How to take smart notes"" by Sonke Ahrens. ""Learning how to learn"" on Coursera. This is off the beaten path, but ""how to build a second brain"" by Tiago Forte. I couldn\'t do it justice here, but check out a few youtube videos on it and see if that sparks any interest. And finally, the ""zettelkasten method"" is a note taking method that could prove useful for the right people. Pretty confusing at first, but it\'s a solid note taking system that links your notes together to help find connections where you previously might not of found it. Edit: practice tests! Always test your knowledge, find gaps, and close them. :)', 'Here is what I do. I break it into 6 separate stages. Not every cert requires this level, but some of the harder ones do (CISSP, SANs, etc) Stage 1 - Drinking from the firehose In this stage I just read and ingest content (maybe its an on demand class so im watching videos, maybe its a book/study guide I am reading, whatever the content of the class/cert is, I just ingest the content). During this phase I try hard not to deep dive areas that I am not super comfy with, but rather just make a note that I need to dive in later. So if I am reading, I will highlight it, flag it, whatever. If its a video, I keep a digital notebook and make a note of the topic and runtime of the video. (Why I do this is because I find as I keep taking in the content, a lot of times I end up answering the question or better understanding the topic with continued content and time). My goal here is to get through all of the ""required"" content with some level of understanding. Stage 2 - Pre test Here is where I then put my stage 1 skills to the test. If this is a SANs course, this is where I take the first of 2 provided practice tests (note I would not do this part until I have completed the entire course and flipped through the books). I pretest at this stage as I always surprise myself with things that I know well and do not need to focus on, as well as things i THOUGHT i knew well but was way off. testing at this stage allows me to better focus on what to dive into during stage 3. Now I am sure not all certs have an available practice test, but I haven\'t come across one that hasnt. So I guess if there is no practice test available you would skip this stage. Stage 3 - Deep dive I write down all of the areas where my pre test stage showed I was weak. I also write down all of the previous ""deep dive"" markers I created in stage 1. I then spend time diving into each of these areas. I once was told that a good marker to identify if you know something well enough is to see if you can talk about that specific topic for 30 seconds without stopping to think. Example, topic is forensic data carving, I would then look in a mirror and give myself a ""Ted Talk"" about everything I know about forensic data carving, and if I was able to spit coherent sentences out for 30 seconds straight, then I likely know that topic fairly well. I deep dive every topic, sometimes more than once and across other sources. Example, if the deep dive topic is Volatility commands, I may read/watch the course content, but then also go browse the web, print cheat sheets, etc. I keep going until I can pass my ""Ted Talk"" test for each deep dive topic. Note: specific for SANS certs. This is the stage that I start building my index. I literally go through all of the books page by page and write down words that I think I may need to reference later and the book and page they are on. Stage 4 - Study Buddy Not everyone has a study buddy, but if you can, team up with someone at work, at home, friends, at the bar, random strangers on the train, hell anyone who can hold some cards and test you. Get some note cards and write down specific topics that you need to know and then prompts/answers on the back. You want at least 2-3 note cards for each deep dive topic you identified. Remember that writing these down is part of the study process as it helps commit it to memory. Example, deep dive topic CISSP Access Control Methods Card 1: Front: What are the different access control methods? Back: Mandatory Access Control (MAC) Discretionary Access Control (DAC) Role-Based Access Control (RBAC) blah blah blah Card 2: Front: Explain MAC and DAC Back: blah blah blah And so on. Dont skimp on these cards. Writing them out will really help retain the knowledge. Then take them wherever you go and ask people to quiz you. Stage 5: Winter is coming This is where I take the practice test for reals. If this is a SANS cert, this is where I take my 2nd practice test. If this is something else, find a practice test online, pay for it if you have to (like CISSP I think I spent like 90$ to have access to practice tests for a month). Key here is to make sure you are taking this one exactly like you would if it were real. Like if its SANs, get your index out and look things up. Time yourself, give yourself the same amount of time the real test would and use every minute. Close your door, make sure your phone is off, etc. Make it like the real thing. Then afterwards, look at a couple of areas where you are weak, but not the most weak. Try to really dive into those couple of areas for the next couple of days. Areas you are really weak, just forget about it, at this point if you are still weak there just chalk that up to the game and rather focus on areas you can make up for that knowledge. Stage 6: Let\'s fucking go This is the test time. I have passed like 6 big certs and every time, I don\'t touch any material 24 hours before. I try my best to chill, hang out, de-stress, etc. I do not do 24 hour crams as I just dont find it helpful. Before test day I try my best to chill, relax, and enjoy life before putting myself through all that stress of taking the test. Hopefully this is helpful. It\'s likely way overkill for some tests, but I can say, every cert I have, I took the test once and then passed. I have never had to re-test. \\note for SANs. SANS is a bit of its own monster, so if anyone wants more detail about like how I build indexes, just ask and I will try to explain in case anyone wants to know. Edit: Spelling\\\\Grammar, I am not an English major for a reason :)']"
84,263,84_department_understaffed_staff_departments,"['department', 'understaffed', 'staff', 'departments', 'county', 'worked', 'director', 'management', 'manager', 'company']","['I\'ve only ever worked in one job where I didn\'t feel like our IT was understaffed, if anything they had overkill. Every other job has been ""lean"", but they would never say understaffed. Even the job I am in now is not only understaffed, but the role delegation is a complete joke. We all wear different hats, which is fine, but the amount of jobs that would be done to a higher degree of skill if things were broken out appropriately is insane. Also the rest of the company seems to think we have too big of an IT department. ""Oh you\'re hiring AGAIN!?"" Yes we\'re trying to back fill the 3 workers that left last year and we just spread their duties instead of hiring.', ""To answer your question. Yes IT always understaffed. And it's normal. Because just exactly your case. It's not like daily you prepare for ISO audit and you feel understaffed. What you mention is a project that has a deadline. And now because you worked late you wish you had more staff! In reality as an IT manager, I prefer we always stay understaffed because this keeps us all day busy. Regardless I receive 1000 calls a day or 100 calls a day we will respond to the ones within our working hours. And keeps management away from my department asking to let go employees to cut cost. Projects and emergencies and staff vacations will always show up and screw up our mojo but those gets handled on one to one basis by setting realistic timelines and priorities. This applied to all my IT jobs in my 17 years career."", ""The only department that isn't understaffed is sales. All other departments are perpetually understaffed. Its not just an IT thing.""]"
85,164,85_sla_10 minutes_minutes_10,"['sla', '10 minutes', 'minutes', '10', 'slas', 'minute', '10 minute', 'resolve', 'incident', 'response']","[""which I held SLA's of 15 minutes for high priority and 1 hr for everything else Wow, that's scary. The SLA here is like 2 days for everything, and that only means a non-automated response from someone."", 'Is the 10 minute SLA for ""responding"" or ""resolving?"" You used both terms and those are two very different things. Crowdstrike\'s own MDR (Falcon Complete) doesn\'t even always respond within 10 minutes and they certainly don\'t resolve within 10 minutes.', ""Managing anything 24x7 as a single person is a guaranteed failure, especially if expected SLA is 10 minutes. A team of three can manage 24x7 with a three hour after-hours SLA and 1 hour business hour SLA. Even CrowdStrike can't do a 10 minute SLA 24x7 on their Falcon Complete offering. Besides, if CrowdStrike is configured correctly with appropriate workflows and response policies, immediate response really isn't necessary.""]"
86,122,86_batteries_mouse_wireless_mice,"['batteries', 'mouse', 'wireless', 'mice', 'keyboard', 'wired', 'keyboards', 'battery', 'keyboard mouse', 'peripherals']","[""Hand out wired mice, but not batteries. Tell them their department should stock batteries, and to keep the wired mouse in case the department didn't stock to its needs. NTA ;)"", 'This is actually really simple to deal with... and something that needs to be handled at a department level. For us we handle it with a 2 prong approach. 1) Wireless keyboard requests “The ICT Department provide all users with a wired keyboard and mouse that comes with our order. As our staff users are 150+ staff any user who wants a wireless keyboard and mouse must do some using their own departments budget. The ICT Department can assist with ordering, but your Head of Department must approve this purchase.” Normally the Head of Department doesn’t want to spend their own money and the response we get back is... okay no wireless keyboard and mouse. Or they buy their own from Office works. 2) Batteries. “Sorry the ICT Department is not provide batteries as we do not provide wireless keyboard and mouses. Even for those who select few we have provided (normally OH&S requirements) batteries are at their cost. And when they request new batteries we advise the ICT Department can assist with installing, but the users must first source the battery.” Because we don’t provide the battery, and it is a stationary request for the department and they need them before ICT will attend to install the requests just don’t come in anymore. Your first step is to push the request for wireless keyboard and mouses back to the Head of Departments on their budgets. You will find that 90% of the requests are suddenly denied. And just push batteries as stationary.', ""Wireless keyboards and mice are right up there with Flash Player and printers. Real solution to OP problem: stock batteries, but go to the dollar store and get the cheapest, most generic batteries you can find. Make sure that all old, dead batteries go back into the new batteries bin and get mixed up. What if they still have some juice left? It's green to reuse batteries. Users are required to get the batteries from IT, bring them back when they are dead, and install them themselves. Problem solved.""]"
87,312,87_study_studying_time_motivation,"['study', 'studying', 'time', 'motivation', 'minutes', 'day', 'break', '30 minutes', 'learn', 'learning']","[""Some tips that help me: - Always take notes, but not 'messy' notes. Buy a new notebook, Label each page, and write carefully and well. This process will help you mentally organize the information in your mind, even if you don't use the notes. The process of reading something, and then writing about it , is a little known secret in studying/retaining information that I learned from a meditation teacher many years ago, believe it or not. -Find out your personal attention span when it comes to studying. For instance, mine is about 45 minutes, others it is only 10 minutes or 20 minutes....some people its a few hours. After this period, your mind starts to wander, and you retain less information. Find out where yours is, and don't go over it. FOr instance, mine is about 45 minutes, so I only study in 45 minute increments, max. After 30-45 minutes, I stake a small break - get a snack, walk around, do something else, etc. -Consistency is KEY. Study for the same amount of time each day, preferrably in the same physical location, without distractions. This develops a habit , and your mind will find comfort and ease with this."", ""There's also managing your time effectively and budgeting in time for study. Seems hard a lot of the time initially but once you get a routine, deviating from it will seem odd. Sleepless night? Study. Bus or train commute? Study. Break at work? Study. Downtime? Study. Few minutes to burn? Study. Then offload that and get stuff done while your extra brain cycles do the heavy lifting. Take breaks, lots of them."", 'I see a lot of good advice for studying certs specifically and those are great. I would suggest to also focus how you study as a whole since you mentioned that you have some undesired habits. Under I have written down technics and strategies that works for me. Hopefully this is not to far out from what you where actually asking about. Do not study at the same place you work, sleep, cook or relax, rather make sure you only study where-ever you choose to study. If you do not have the place to do it at home, try doing it at a library or a local university. At work after hours is the next best thing. Try getting a meeting room for yourself. Also do not study on a computer that you use for games or for watching movies or youtube videos. Plan your day out and try to study the same time every x-time you have planned. Make sure studying is as comfortable as possible, so the uncomfortable parts of studying is as easy for you as possible. I like having tea close by at all times, have a small ball in my pocket that I can trow at the wall and being close to some small walks. Focus on small goals and make sure the day to day is as enjoyable as you can make it. If you can make the “adventure” the goal instead of the end goal the goal you will be able to be more consistent. When studying is hard, remember to take many 5 minutes breaks with a couple 15 mins break spread out. You will get just as exhausted from being excited while studying as you will be when studying while depressed. So aim for studying while calm. Get enough sleep, food and exercise. You will never be satisfied if you are always is chasing goals. The goalposts will always be moved and if you have chosen good goals they will also be so hard that you will fail A LOT. Make sure that you become as great as possible at starting over again. (This is my main goal in everything I do in my life) It is completely normal to get discouraged by not studying two weeks in a row. Remember to give yourself a great pat on the back when you start over again. When it has been two months since last is just as important as when it has been two days since you studied last. This is about focusing on the carrot not the stick and the here and now, not the past and not the tomorrow. Remember to listen to your mind and body and give yourself extended breaks from studying. Since it is actually your mind that is going to learn this stuff and your mind is living in your meat puppet. Be kind to yourself. Analyze the past, write down, strategies for the future and discuss openly with yourself on how well things are going. Make changes to study strategies if needed and be flexible. Put of time to do this when needed. Do not let this stay on your mind throughout the day if possible, you are not focusing on the here and now anymore and these thoughts can start to fester. Studying is a lifelong part of ones life and takes a lot of time if you want great results. Therefore making it as sustainable, effective and satisfying for your own personal life extremely important. I have only written down the main points of how I do it. Your path will probably be different, hope you have fun on the way.']"
88,310,88_applications_interviews_applying_applied,"['applications', 'interviews', 'applying', 'applied', 'rejection', 'jobs', 'applicants', 'rejected', 'resume', 'apply']","[""That's not very many applications. I submit about 30 applications per day. 7 days a week for months. Expect about 3% of those submissions result in interviews. It's a lot of work to get a job. The best way to do it is make lots of friends. And those friends will help you get jobs. But starting out you won't have many friends so you submit a lot of applications and get rejected on all of them."", ""That really sucks. Have you had anyone look over your resume? I've seen people get immediately rejected just because their resume wasn't formatted in a friendly or readable way. I've mentioned this on this sub a couple times now but I just interviewed 8 people for a mid-level analyst role (80 applications) and only 1 person was qualified for the job. However, he had issues making his 2nd interview a couple times so my Director rejected him. We hired someone with ZERO experience to an 80k/year job. After this, I decided to put myself out there because I knew how hard it was to find talent. I applied to 4 jobs. 1 was filled internally, 1 said I wanted too much money (I asked for 125k), 1 had me attend 3 long interviews in person and then ghosted me, and 1 offered me a job which I accepted (Sr at a Big 4)."", ""I have changed my job this year. The process to find a new one started in May and I'm starting my new role in November. I've applied to close to 60 different jobs, all that I'm qualified for (8 years xp, multi-cert, good experience and cross-experience as well). I've been: \\- Full-on ghosted at 27 \\- Auto-reject at 20 \\- Never moved after initial HR discussion at 5 (salary expectations out of budget, office mandate, etc.) 8 had more rounds of interviews, so I went through HR - technical - hiring manager at least. 2 completely ghosted me after all rounds of interviews, with absolutely no feedback. 2 said that've went with a different candidate for legitimate reasons 2 said they've went with a different candidate for absolutely stupid reasons (eg: one said they prefered a candidate with more automotive experience. My CV clearly stated that I had no such experience, I've asked in all interviews if it's required and they said no, only to reject me because apparently it was required but they enjoy wasting everyone's time) I got 2 offers and accepted one.""]"
89,119,89_goat_farm_farmer_farming,"['goat', 'farm', 'farmer', 'farming', 'goats', 'grass', 'goat farming', 'greener', 'grass greener', 'land']","['the goat farm is basically the only option we have', 'There is only one option... Become a goat farmer. &x200B; [', 'Welcome to goat farming. There’s a goat simulator to start out with!']"
90,119,90_ransomware_attack_ransom_ransomware attack,"['ransomware', 'attack', 'ransom', 'ransomware attack', 'backups', 'hit ransomware', 'victim', 'data', 'breach', 'hit']","[""I worked for an org that got hit by ransomware. First, they happened to have purchased cybersecurity insurance not thirty days before. Second, the backups were not found by the ransomware team, and a full recovery took place. Bad actors didn't get a thing. But it was just a lucky company who happened to have insurance. There was no BCDR in place, so the ransomware attack was just one more fire that had to be put out, in a long line of fires to put out. Fast forward to the executive postmortem, to which less than half of the BoD showed up. Because IT delivered another Hail Mary pass, they did not care. Epilogue: You should absolutely demand signoff by your supervisor (or their supervisor!) that there is no documented plan to establish or ensure asset management, or risk assessment, or SLAs with customers, or BCDR, or regulatory compliance. Then print it out, and take it home."", 'My response to this has been ""What is your response plan for a ransomware attack?"" and then I explain that it\'s no longer about if you get hit, it\'s when.', '- AI, some new ransomware is killing our system, do something. - I can help you with that, do you want me to tell the history of ransomware.']"
91,128,91_cd_patient_hospital_usb,"['cd', 'patient', 'hospital', 'usb', 'tray', 'burner', 'air', 'hospitals', 'ambulance', 'transfer']","[""Also a sysadmin in a hospital here; Burning CD's and send it along with the patient is really obsolete. I can probably assume that the data isn't encrypted either. Burned CD's aren't always as reliable either. I know that it still happens, even where I work. But it has been made sure in protocols that it cannot have any impact on patients care. What you really want are links like DICOM and HL7 with other hospitals. Most hospitals run software supporting these protocols. This way, specialists in the other hospital will receive the patients information even before the helicopter takes off. As a fail safe, you could consider using encrypted high grade USB drives. (Even if that fails, there is always the printer.) Also, the fact that they have to wait for the burner means they probably screwed up following their transfer process. Ah yeah, the person that came up with the CD tray thing should have their brains checked and be fired. Also, having a receptionist in the process of critical patient care should be scrapped."", 'Of they need their medical record, why can’t you put it on a flash drive? USB has faster transfer speed than cd-r, and I didn’t read anything suggesting it has to be cd. It’s going to cost more, but probably less than ten minutes worth of delayed air ambulance. Also, why did they put them on the helicopter if they didn’t have their medical cd? There’s your fix, find out where the decision to helicopter a patient comes from and get a warning as soon as that happens so you can start burning.', 'because we still have so many CD s from them']"
92,384,92_market_job market_job_layoffs,"['market', 'job market', 'job', 'layoffs', 'right', 'jobs', 'hiring', 'companies', 'tough', 'tech']","['The job market is brutal for those at all levels.', ""Don't expect the job market to get better by the end of the year. Most budgets are on hold until after the election. Yes, elections have consequences. If one person wins, expect companies to start hiring right away. If the other person wins, the job market will stay the same or get worse. The corp tax rate is going to impact the job market significantly. With 7.1M people unemployed in Aug, there is a lot of competition for the few jobs really open."", 'So the job market is still reeling from all of the layoffs last year. Hang in there it will turn again.']"
93,272,93_error_user_message_blah,"['error', 'user', 'message', 'blah', 'error message', 'blah blah', 'problem', 'fix', 'fixed', 'doesn work']","['Understood. We have a level one fresh out of college that I’m trying to teach the art of troubleshooting. Countless times I’ve seen them getting frustrated, slamming a mouse, cursing the lord, and doing the same thing over and over again with the same error popping up. I’ll roll my office chair over and ask what’s going wrong. Tech1: “IT DOESNT WORK!!!!!! THE STUPID THINGS BROKEN!!!!” Me: “Ok, what’s the error message day?” Tech1: “ I don’t know! It just doesn’t work. I’ve tried everything” Then we’ll actually read the error message instead of clicking off it immediately and either understand the problem and answer immediately or paste it into google and find the fix on the first page. As a profession, we fix things that are broken. Some people can’t seem to keep their cool and look at the problem objectively instead of getting mad and acting like the user.', ""User: I'm trying to run this report that I've been running multiple times a day for 6 years, and now I'm getting an error. Me: What does the error say? User: Oh, I don't know, it's just an error. Me: Do what you are trying to do, and let me see the error. ERROR: DATE FIELD CANNOT BE EMPTY Me: Looks like the date field cannot be empty. User: Oh, ok, now that I put in a date, it works! Wow, you're so smart! I'll make sure I call you next time I have an error. Me: ...Yep, you do that..."", '""I get an error message when I do X"". Without giving the error message..... Every... friggin.... Time...']"
94,150,94_webex_zoom_meeting_meetings,"['webex', 'zoom', 'meeting', 'meetings', 'skype', 'video', 'use', 'audio', 'conferencing', 'cisco']","[""My company uses a mix of the two. We use Gsuite Small Business (Not Enterprise) and Use both Meet and Zoom for different purposes. Only a dozen or so (out of 160'ish) people have Pro accounts in Zoom and we tend to share accounts (I know, I know...) We use Zoom for large recurring meetings and external client meetings because the quality and reliability is just so much better. Because we're not on Enterprise Gsuite, we can't record Meet meetings without 3rd party software, and have found time and time again that Meet quality just starts to fall apart when you have too many participants. Zoom has much more granular options you can configure either globally or individually, more recording options like speaker view, handout view, and automatic transcripts, no need for a login account to join a meeting, remote IT support options for 1-on-1 screen shares that work with windows UAC , handles any number of participants with the same call quality, works great with cheap 2GB micro-PC's, and can be configured to pull in any new accounts created with your email domain into the central account. You can host the recordings in the cloud or save them locally, monitor usage and metrics, let's H.323/SIP endpoints connect, SSO integration, user Groups that you can configure separate settings for, ability to set passwords in order to join a recurring meeting so folks can't just re-join the same meeting ID without you noticing... Yes, Zoom has a ton of options to go through, but that's should be seen as a benefit to IT administrators, not a downside. You WANT the ability to control every little thing if you want."", ""We love zoom. And we've tried them all. Get zoom."", ""I'm fine with a zoom call or something if you want.""]"
95,214,95_question_favorite_quick_answer,"['question', 'favorite', 'quick', 'answer', 'ask question', 'ask', 'quick question', 'pet', 'needful', 'need']","['I have one coworker who begins virtually any conversation (online or in person) with a single statement: ""Question!"" You don\'t have to announce to me that you have a question, just ask the question! I\'m happy to help.', '""Quick question for you..."" There is no such thing as a quick question At least not when prefixed with that. ""Quick question for you.."" means ""This is going to take an ungodly amount of time to explain and result in your having several hours of work to do.""', 'We have a tech that always starts questions in meetings with ""Can I ask a question"" or ""I have a quick question"" and half the time it\'s a mini rant with an open request for help. He\'s decent at his job, holds up an entire site, but just ask the question!']"
96,85,96_oracle_corporation_run_db,"['oracle', 'corporation', 'run', 'db', 'java', 'rhel', 'containers', 'dba', 'product', 'licensing']","['Hey now MICROS was like that before oracle bought it. Why oracle wanted to buy such ugly software is beyond me.', 'Every time I get a sales call from Oracle ...', 'Tell them it was the guest Wi-Fi and move on... Wait, so your telling me that their binaries are something that anyone can download and cost you a lot of money? Most organizations have a team to deal with this problem, it\'s called Security. Treat Oracle like a Virus. Have your providers or BGP admins push nuke peering with: AS90 SUN-AS - Oracle Corporation, US AS792 ORACLE-ASNBLOCK-ASN - Oracle Corporation, US AS793 ORACLE-ASNBLOCK-ASN - Oracle Corporation, US AS794 ORACLE-ASNBLOCK-ASN - Oracle Corporation, US AS1215 ORACLE-NA-AS - Oracle Corporation, US AS1216 ORACLE-EUROPE-AS - Oracle Corporation, US AS1217 ORACLE-PACRIM-AS - Oracle Corporation, US AS1218 NCUBE-BELMONT-AS - Oracle Corporation, US AS1219 NCUBE-OREGON-AS - Oracle Corporation, US AS1630 TALEO-RND-SITE1 - Oracle Corporation, US Block their download mirrors in your firewall and ADS. Get signatures and checksums for their binaries, and load them into your antivirus. Hey IDS and Antivirus vendors? Provide a clean feed of Oracle binaries checksums and you can make a small fortune rebranding your existing product as ""oracle repellent"" Create GPO\'s that refuse to allow any of their common product name installers to run. Configure GPO\'s to have local firewalls block inbound 1521 on all server OU\'s by default. Have NSX and vRNI create alerts of known oracle port ranges become active. Use the weapons we use against malware against Larry. It\'s rather simple really.']"
97,286,97_red_red team_blue_blue team,"['red', 'red team', 'blue', 'blue team', 'team', 'teaming', 'red teaming', 'security', 'red flag', 'blue teaming']","['I initially joined blue team instead of red, so I can have the best of both worlds and still enjoy red team as a hobby.', 'It sounds like you need to make the move from “pentesting” and basically being loud as fuck, to “red teaming” where a blue team is actively monitoring the network, and picking the right host/port/service is critical to not getting caught. Depending on the company, results from a red teaming exercise may go to a purple team where they can build a solution for the blue team to use to mitigate exploits the red team found.', 'Blue team blues. Gotta be good all the time, and Red team only has to be lucky once.']"
98,276,98_network_networking_network team_issue,"['network', 'networking', 'network team', 'issue', 'team', 'troubleshooting', 'infrastructure', 'systems', 'guys', 'host']","[""Network guy checking in... That is bullshit that they won't fess up to what happened. Go up the chain and force them to write a post-mortem when they close a ticket with no notes. They will start putting notes in there. There are two things I will mention that contribute to this problem though. 1. Network always gets blamed first. Then it's always on us to do packet captures or whatever to prove that it's not. That gets old, so a lot of network people get as frustrated with systems folks always blaming the network first instead of doing basic troubleshooting of their own equipment first. 2. Network teams rarely have a lab that even comes close to production. It's too expensive. Even if you have GNS3 or Virl, some features are handled in ASIC chipsets and won't function in software emulation. Imagine having a very complex, multi-vendor network with hundreds of devices, where a change on one could bring them all down. And then not having the ability to lab it out. Network teams are set up to fail a lot moreso than other IT groups. Or imagine an app dev team that has no dev environment. That would be ludacris! Not for networking."", ""Nothing. I'm an operations guy (well, a couple more days at least) in a company that delivers services, applications, support etc in a specific industry. Usually we deliver everything end to end, but some companies likes to have full control over their network, so we have to integrate our infrastructure with their infrastructure. I guess you know where this goes? I, the puny ops guy, notice an issue with the clients infrastructure and notifies their network team. They say the issue is on our end. Right, I have no idea how that would be, but OK I will let our network team know. So our network team says it's not a problem on our end, the client have fucked up some routing at one of their endpoints causing return traffic to not go back to us or something. At this point I have no idea wtf they are talking about so I just send it verbatim back to the client who goes on a rant about how the issue is our fault because we do this and that while the RFC1337 clearly says it should be like that and this! So now I'm basically the middle man in a shouting match. Good times."", 'A few years ago we had a very strange problem, boxes on different VLANs would just stop communicating. It just so happens that the boxes on those networks were all AIX machines. After hours of troubleshooting we found that traffic from a host on VLAN a could not go through to a host on VLAN b until the host on VLAN b ""pinged"" (or otherwise sent traffic) to the host on VLAN a (this took hours for reasons that become clear later.) host a ----/--- host b host a ----/--- host b host a <-------- host b host a -------- host b So, we contact the networking team. ""There must be something wrong with your AIX boxes. Since we don\'t know anything about AIX we can\'t do anything."" This went on for days. We scoured networking settings in AIX, opened tickets, had an FE come out --we couldn\'t find anything wrong. These systems weren\'t live yet, but the deadline was approaching. Still, the network team insisted that 1) they hadn\'t changed anything, 2) it IS ABSOLUTELY a problem with your equipment, and 3) we\'re tired of being blamed for everything. After about a week of this bullshit I brought in two Raspberry Pis and replicated the problem. I sent an immature message explaining that we had replicated the issue and that ""sometimes it actually is the network."" Guess what? Can you guess? Do you know what happened next? ""Yeah, we updated the firmware for those switches a week ago and there was a bug where the ARP table wasn\'t updated correctly."" And honestly I\'m surprised we even got that much info -- usually it\'s the same ""should work now"" message and a closed ticket. It took forever to troubleshoot this stuff because we had to wait for ARP caches to expire every time we ""unclogged"" the network. There\'s another story involving a senior network engineer getting a phone call from his non-IT buddy complaining that the time on his phone didn\'t match the time on his computer. Do you know what happens to clusters when the time suddenly changes by three minutes on half the members? Murder-suicide of the member nodes by the current master. Awesome job ""I didn\'t do anything"" Greg.']"
99,300,99_field_career field_career_people,"['field', 'career field', 'career', 'people', 'job field', 'like', 'field just', 'field years', 'learning', 'just']","['Do something else if you don’t absolutely obsessed over this field you’re in the wrong field you will burn out', ""I'd speak to somebody actually in the field before making a decision like this. What you're doing as a hobby won't be your day-to-day. There will almost certainly be things you're required to do that you'll have no interest in, just like your other job. Even red teamers doing similar things to what you're doing as a hobby still have to do a bunch of really monotonous tasks before, after, and during. I think you're probably too worried about getting a spot in the field if you decide to do it. If you're willing to take a pay cut and start at the bottom, somebody will hire you. I think you should probably be more worried about whether the field actually is what you think it is. You can do it, it's not like it's never been done. I'm not going to say whether or not I think you should, I don't know you, but I'd caution not making the decision without more information."", 'Sure I see you have a been in the field for a while']"
100,167,100_splunk_logs_log_elk,"['splunk', 'logs', 'log', 'elk', 'graylog', 'logging', 'syslog', 'elastic', 'data', 'siem']","['From what I’ve send. Different tools have different pros and cons that often are dictated a lot by design decisions made on the whole “simple/fast/realtime/analysis/etc” type table. It is also kind of unfair comparing the flexibility of Splunk to more other tools, since Splunk’s whole thing was flexibility and not needing to normalize data before it’s brought into the platform. Unfortunately, Its age and corporate greed have started to show which opened up a lot of room for other tools to come in. I’m biased. But I’d suggest maybe taking a Quick Look at Gravwell if you get a chance. Think Splunk functionality, but faster, and more importantly, A TON more affordable. (Community edition is free for up to 14/gb day of ingest).', 'I’m in the opposite boat. My company just switched from splunk to chronicle. There are pros and cons to both. I’m going to date myself with this analogy, but Id consider chronicle like an iPhone, not much control but it just works. Splunk is more like android lots more options for managing data. The biggest difference to me is how Chronicle does parsing and normalization is the same step. As you say, this does make it INCREDIBLY easy to do correlations. Splunk is better at the parsing piece, but then you’re stuck using Data model or massaging the fields yourself. I also like the auto-enrichment Chronicle does. Having your results enriched automatically at search is much better than Splunk where I need some extra lookup. Chronicle is much better for a SOC analyst during an investigation or someone new to the field. But Splunk seems to be better for detection engineering. Just for searching syntax but also chronicle performs much faster. Doing normalization at ingest does wonders for speeding up search results, but it comes at a price. If you have an issue with how logs are parsed, it can be a near impossible to get things to work and usually results in a support case that’s also a nightmare to deal with. I realized this has become a stream of consciousness so I’ll stop here but I could go on and on comparing their pros and cons. I’ve worked with chronicle since 2020. If you think it’s bad now, you have no idea. If you need help with any searches or any other questions I’d be happy to discuss it more.', 'Splunk 😊 Wht is the issue with readings firepower? Is it not syslog?']"
101,112,101_aws_cloud_azure_aws azure,"['aws', 'cloud', 'azure', 'aws azure', 'amazon', 'cloud security', 'free', 'certification', 'aws cloud', 'certified']","[""I want to do something similar, I started studying AWS, but I'm having the hardest time actually getting myself to study (even though AWS is pretty cool)."", 'Hey man a lot of good advice in these threads... but use this time to level up on cloud... start with AWS certs.. Cloud practitioner class Udemy + exam is under $85 and will take 2 weeks study.... and then you get 1/2 off voucher for aws architect associate exam. Then you can now say soc + cloud experience... and that will open a few more doors. I can make more money then that waiting tables at a good restaurant', 'So how do i go about learning AWS on my own?']"
102,140,102_powershell_script_scripting_scripts,"['powershell', 'script', 'scripting', 'scripts', 'gui', 'command', 'acl', 'learn powershell', 'foreach', 'command line']","[""Your post confuses me. You say you are a sysadmin but you crap on Powershell by saying it needs a 'programming/scripting language' mind. I say this with honesty. Powershell is a pretty basic stepping stone. If you aren't capable of Powershell in 2019, you aren't ready to be working in IT by today's standards. Sorry to be harsh, but this is truth. If you can't cope with Powershell then maybe you should consider farming goats. No hyperbole there, I mean go farm goats. You said it yourself."", 'I had a guy tell me in an interview that “nobody uses PowerShell”. One of the other interviewers just stood up and walked out. We still yell nobody uses PowerShell randomly whenever someone opens PowerShell.', ""I'm right with you there on PowerShell. I do SCCM/major projects for my day job and PowerShell is something can't get into. I can do batch and basic VBS, but PowerShell, even after taking a course, is like... No thanks.""]"
103,132,103_azure_ad_azure ad_365,"['azure', 'ad', 'azure ad', '365', 'sharepoint', 'cloud', 'office 365', 'intune', 'exchange', 'o365']","['Oh damn, I guess your not using azure\\\\entra\\\\azure ad etc...', ""Migrate all you can to Office 365, migrate AD to Azure AD and setup DNS and stuff for clients to authenticate against the AD in Azure, migrate servers to Azure. If you're a Microsoft only platform it makes more sense to go with Microsoft than Amazon IMHO. Just remember there are no backups per default of the data you put in Office 365 so that will be an additional cost for your organization. Before you do any of the above: do the math. Will it actually save you money to go Azure or will you be better of staying OnPrem?"", 'Dual wan & fw is a must. I\'d personally go o365 and azure. Create a VPC in azure and connect site to site tunnels between it and your on prem network. Then start deploying your infra in azure and migrate your roles. All of your azure VMs should be in availability sets. At minimum I\'d put up 2x DCs & 2x file servers. O365 for email/etc; use AAD Connect to sync your azure-VPC-hosted AD and your tenant\'s ""Azure AD"" (o365\'s identity backend). If you want some extra protection, set up yet-another-vpc & s2s tunnel with aws to get another site outside of azure. Make sure AD sites and services is set up correctly. In this setup I move dhcp to a non-windows device like the router/firewall, but that\'s a design choice (just make sure domain clients can talk to ad dns). Cached logins on clients are your friend if something ever goes very south. This is pretty much how I run the ad for my main home lab, with DCs/file servers in a vpc connected to my home network where I have a machine running hyper-v for testing clients/deployments/etc. Although at my job we\'re not quite ready to move everything offsite, we do keep additional dcs and file servers in aws/azure vpc in this same manner. There\'s nothing wrong with it as long as it\'s planned correctly. Other options: you could move away from traditional ad altogether and go with Azure AD Join (probably would want/need Intune, etc), or azure has a somewhere-in-between option available as well where they host a limited/stripped down adds for you (wasn\'t a fan myself but admittedly didn\'t give it much time). Lastly, as others pointed out there are fully-hosted options available.']"
104,238,104_manager_management_managers_technical,"['manager', 'management', 'managers', 'technical', 'good manager', 'ic', 'managing', 'people', 'managerial', 'good']","[""I don't like management. I'm not bad at it, in fact I'm pretty good at it when I do it That's why you hate it, most managers like being managers because they fucking suck at it and skate and if all you did was take a 10% paycut you were not being paid as a manager to begin with, fuck em."", ""I really am asking because if I dont have to keep learning all this shit 24/7 and go and pivot to a manager role and just manage people, I would be very happy. Just sit in meetings all day and have no fucking clue what is going on and still get paid. What a life! Managing people is an art by itself, and plenty of people suck at it. Your manager may not fully understand what you are doing, but does he assumes it's easy? Don't make the mistake of believing your manager's job is easy just because you don't understand it or has never done it."", ""Flip side, the worst managers are skilled subject matter experts who got promoted into management because that's the only way the organization knows how to pay people more. They just want to do the actual work and be fairly compensated for it, but don't want to spend their time leading people that the position requires. Also, skilled managers will trust that you know what you're doing, let you do it, and only need to know enough to make an informed decision. They don't get into the weeds... because that's your job. Their job is to support you and focus on the strategic level, not the tactical or operational. It's your ass though if bad things happens and it's discovered you were bullshitting everyone.""]"
105,175,105_history_browser_browsing_web,"['history', 'browser', 'browsing', 'web', 'facebook', 'activities', 'non work', 'activity', 'histories', 'page']","['You should start with your bosses browser history first lol.', ""Browsing history doesn't determine how much time they spend browsing. They could load a page that auto refreshes constantly. They could never look at it and it could generate traffic all day. Or they could load a single page with a ton of text on it. Then they could spend hours reading that page yet only generate a single load. You could use network traffic monitoring to see ongoing streaming, but I know people who stream music all day or have a TV show going in the background while they work. Streaming and working aren't mutually exclusive. I had that conversation with management when I first started at my current job. Now browser history is only pulled when reinforcing what management already knows, not to give management a metric to hold employees to. If you have a problem employee we can research it, but we don't try to go after employees who perform well based on browsing history."", 'Other people have given very good responses to this, especially u/CaptainFluffyTail. I don\'t want to steal their thunder. But I want to add a technical wrinkle. You can collect web browsing activity by web filter, proxy server, or firewall. However, these are terrible markers for ""time spent on non-work activities"" for the following reasons: 1. Browser activity is not the same as human attention. A browser may produce calls to, for example, Facebook, just because a legitimate business website has a Facebook login widget embedded somewhere on the page. This can produce a false positive. 2. Figuring out which websites are work-related and which are not is a monumental undertaking in 2019, when websites are distributed across content delivery networks like AWS and Akamai. Figuring out exactly what content was served up by a1456.b.akamai.net is much more difficult than it sounds. 3. Once employees catch wind that their web browsing behavior is being used against them, they\'ll just start using their mobile phones.']"
106,122,106_keyboard_equipment_new keyboard_keyboards,"['keyboard', 'equipment', 'new keyboard', 'keyboards', 'mouse', 'fingerprint', 'keyboard mouse', 'user', 'new', 'users']","['Fingerprint... on a keyboard. What does she type with? Her tiddies?', ""I have foam cleaner, it's pretty good stuff. If I'm handing out old keyboards / mice I always take them and the cleaner to the desk and clean them before I hand it over in front of them. I also ask if they need ergonomic keyboard or any special requirements, most of the time it's no. They say thanks. I would never pull a old keyboard out the cupboard and hand it over without cleaning it in front of them, as I would not like someone else's grease and skin flakes on my hands for 8 hours a day. I always give new if it is a FTE and we have stock. If it's a secondary machine or a engineering terminal they get old. If the keyboard was new and they asked me to return it, I would wipe it down, if they still had a problem I would advise them to pick a keyboard from Amazon and I'll order it in. If they are being awkward to me and refuse to use a new keyboard, I would deny thier request and offer to escalate it to a manger. Seriously get some foam cleaner and microfibre cloths it makes a nice mess and cleans up well, nothing wrong with a little show. Also, some people are difficult to work with and have too many layers of madness, that's ok, we are all human, if you can see past that and communicate though thier madness(stress) they will respect you. if you can't reason with them them escalate it. To be honest, you are IT, you set those rules not them, it sounds like there is a precedence here where they are dictating the IT to you. I will not be bullied by anyone."", 'The president of our branch is very IT ignorant. My predecessor once was called to his office because the 10key on his keyboard wasnt working... he didnt have number lock enabled. My predecessor left and came back with a new keyboard. On the way back with the new keyboard my direct supervisor saw him and said something along the lines of ""what\'s up, why a new keyboard?"" to which my predecessor smiled widely, patted the keyboard, and simply said: ""Job security."" Jokes on him. He didnt last much more than a few months after that and I have been ""not just a breath, but a hurricane of fresh air for this company.""']"
107,149,107_unemployment_lawyer_contract_employment,"['unemployment', 'lawyer', 'contract', 'employment', 'labor', 'attorney', 'termination', 'severance', 'claim', 'state']","['Something similar happened to me at my first job; a higher level manager was brought in by the CFO after a company tour, guy wasn’t that good but he kept his desk neat. Just after I am let go I hear the phone system got screwed up and I was accused of doing it. Still don’t know if someone trashed it to make sure I wasn’t asked back or if they tried “fixing” something and failed, and opted to blame me You can try speaking with a lawyer, but since you are talking a few weeks pay, it likely won’t be worth their while. While it would be nice to get the missing pay, what you really want is a good reference in case a new employer wants to call the old one. 1. Talk to a lawyer, get rejected. 2. Find a labor support group who might be able to give advice and references, but do it ASAP, because you need to respond quickly 3. Respond to the email, CC HR and the CEO. This email is written proof an offer was made, now you are just arguing about terms 3a. Detail what you did do, 3b. Point out what you didn’t do, and that there should be logs showing who actually did it (was your account reactivated?) 3c. Any chance your laptop wasn’t wiped, and that the CFO just logged in with his login and saw blank My Documents, etc and jumped to the conclusion? 4. Point out you want to ease the transition, are eager to help, and want a good referral, and you thought being in the office would be awkward for the other staff, so you took up his offer to “be available” from home, and if they still want your help you are willing to help if they extend your pay as appropriate 5. Include your personal cell phone 6. Add the CEO and HR on LinkedIn ASAP 7. Might be worth mentioning you were aware CFO was likely going to transition to MSP and you have been cooperating, why would you change now and risk severance? Part of what you are doing here is establishing contacts with HR and the CEO, making sure they know your side. HR will confirm your employment, you want to make sure the ignore CFO and say you left on amicable terms. The CEO has the power to overrule the CFO and retain you In the future, be very clear on expectations and send emails making it clear what is happening to multiple parties (as appropriate) Good luck.', ""Assuming this is all legit, and trying to read between the lines a bit here, I'd guess that this is 80% bluff on their part. The big $ hit for them -- and maybe they didn't realize this as they were plotting your exit -- could be increased taxes for their unemployment insurance (UI) on your claim. So they're trying to bully you into not applying. Again, I'm taking a wild-ass guess here, but I suspect if you file a UI claim and beat their challenge (which seems likely given what you've written here), they'll probably fold on the rest of the stuff like docking pay they already owe you and not paying out vacation. It doesn't take a lawyer to see how shaky their case is, if we're getting the full story. Nothing was signed and counter-signed by both parties. One of their key points is a foolish demand they made on your time after the termination. And while they can challenge your unemployment claim, they don't have any authority to deny it. In fact, their bonehead document is probably a very nice bit of evidence to move a claim forward. I'd also recommend writing down those final conversations in as much detail as you can. Especially the part where you were laid off for cost-cutting and replaced with contract workers. That's a solid case for a UI claim. They may attempt to claim termination with cause, so if you have copies of or can remember your recent evaluations, those could be helpful too."", ""what /u/AizenStarcraft said.. Lawyer up. Employers think the (ex)employee will see the cost of the lawyer and think its not worth it the hassle... It is especially if you can get them to pay for your lawyer fees. don't talk to them again, don't cash any checks don't do anything with out talking to an employment lawyer first. I think the problem might be the MSP or the other IT employee made a mistake or not knowing what they're doing, blaming you since you are not there? (just a guess) When talking to the lawyer, just tell them you want the truth to protect your reputation and also what you deserve. If the (ex)employer pitches a fit and throws heavy rocks back at you then take them to the bank.""]"
108,239,108_bored_hobby_boring_hobbies,"['bored', 'hobby', 'boring', 'hobbies', 'fun', 'music', 'new', 'exciting', 'work', 'got bored']","['Idk, but I think this is how a lot of people in most industries feel. Subreddits for other industries (accounting/finance, HR, teaching, social work, etc) have people sometimes posting similar sentiments. Most careers might not make someone feel “fulfilled”, especially if it’s boring. Boring is better than being stressed/toxic. If you’re feeling bored, that’s when I’d probably recommend looking into extracurricular activities. For example, I’ve started taking drawing/art classes. I joined a local run club. I also been involving myself in more activities with friends. Wine tasting, game nights, etc. Now I worry less about being bored and now get excited about what my plans outside of work are.', ""Boring is a blessing. The days your bored at work are day you could be doing something else once your done. I hope to get to the point of my career where I'm paid A LOT to be be bored, especially if it's hybrid or remote"", 'Others have said this but I’m going to say it as well to bump the stats: work is work and eventually you\'ll bored or frustrated with the same old same old. Besides a lifelong interest in InfoSec I have been a music producer, since the 90s, working mostly on my own stuff but consistently making progress. I thought ""I love doing this and have done for decades, it should be my job"" so I opened my studio up and started doing recording, mixing and production for client work. That\'s the dream right - doing a job you love and getting paid well to do it. Well after a few years I started cutting back my availability for it because I found so much of it to be mechanical and boring and frustrating. Then after a couple of years doing pretty much whatever I wanted - like literally whatever - I got bored of that too. Even rock stars get bored of playing stadiums. My point is that I feel that yours is not a InfoSec related problem but a human related one. Humans crave challenge and excitement as much as we crave routine. The trick I suppose is to keep it routinely challenging.']"
109,146,109_analyst_analysts_new hires_hires,"['analyst', 'analysts', 'new hires', 'hires', 'senior', 'senior analyst', 'l1', 'analyst role', 'analyst work', 'analyst position']","['L2 analysts instruct ""senior"" L1 analysts to ""haze"" and shame new hires if they make mistakes. This, by itself, is enough reason to quit. You listed like ten more.', 'With that amount of tickets per analyst, your boss should be lucky to have analysts in the first place.', 'Most L1 analysts are given around 3 minutes to investigate each alert. New hires that require more time are shamed. Most people are okay with them taking time during their first month but after that they need to hurry otherwise they are bad analysts. L2 analysts instruct ""senior"" L1 analysts to ""haze"" and shame new hires if they make mistakes. This seems sad and wrong. It should be an encouraging learning environment for new hires. There is a ton of learning in everyones first few months. No one is going to get hired and know everything immediately.']"
110,167,110_automation_automate_tasks_manual,"['automation', 'automate', 'tasks', 'manual', 'automated', 'tools', 'scripts', 'time', 'automating', 'script']","[""These days you should always ask about automation efforts. If you're not the type who likes repeated manual tasks over and over taking all you time then automation should be at the top of their list. If you're not automating you will get board and burn out."", 'In my first (long while ago) job I had some terribly boring manual processes that involved clicking a lot on a web portal. Often, the job was to take 300 records from call delivery reports and enter them into a spreadsheet to produce a report. Unfortunately, the portal didn\'t have anyway of exporting anything other than a copy paste and every record was on it\'s own stupid page. The very first foray into basic automation in my work was born. I downloaded AutoIt and mapped the mouse position to the buttons required, on the portal, copy the data from the page, made it click into the spreadsheet and run a Control+down arrow, Control+v and do the basic formatting required. With the right amount of delay between clicks and moves (it\'s best to be a little generous) I was able to click it and walk away whilst it finished my boring task for 10 minutes. Nowadays, automating things at work is more often things like deployment sequences for our new Windows 10 image, or monitoring AD for administrative oversights (things in the wrong OU), installing a feature on a bunch of servers, alerting on critical event IDs, etc etc. I\'m still learning and finding new things to automate, but I hope the anecdote helps you think of things you might have written off as ""can\'t be done"" - depending on your environment, the tools today (powershell mainly for me) are far better than before and bring with them a lot of options. Have you written a script to pull all of the serial numbers from the laptops on your domain? How about bringing those, plus the date they were added to the domain and the name and putting it into a report you can generate with HTML formatting? Or to import in bulk to your inventory management? What about printing out all of the distribution groups and using the message tracking log to verify if emails have been sent recently? Maybe automating it to only send an email in as a ticket if a distribution group has gone a few months without use? Or automatically hiding it from the GAL after a few months, then deleting it if it\'s still unused? There is plenty to do with scripting, but no one can tell you what will save the most time for you.', ""Show me a job that is linear and follows an IF THEN ELSE path and we have a task that can be automated. We still need the humans to identify the tasks...but automation is an effort multiplier like a fulcrum is to moving objects to heavy to lift. \\ or was it more trouble than it was worth? This is more a question about the abilities of the employees and not the tools. In my IT Sec team there were 8 of us at one point and 2 of us did all the coding/scripting and database queries. Everyone else just used the tools we built. If you use scripts to install your software across all systems then your have 1 problem to fix if something goes wrong (you know exactly how things were installed.). If you let people install software manually by skipping steps, missing errors (not validating the software was installed correctly)...your total potential problems = 'number of systems' \\ 'number of installers' \\ 'number of software applications + patches'. \\but I’m not sure if they’re actually worth it or if you still end up doing a ton of manual work anyway. Your always going to be doing manual work. You can either do the same task thousands of times, or automate the tasks then monitor the automation monitoring the tasks. \\ One job is working linearly at your maximum caffination limits as you miss things via fatigue/boredom. \\ The other job is working in parallel and scaling exponentially. Eventually your going to hire someone with coding skills and they are going show your management team the difference between those that build tools and those that just try to work harder. If your sprinting every day...your doing it wrong. All that to say...automation comes with a learning curve. If your afraid of automation tools...wait until you have to content with AI automation tools and your jobs being outsourced to a vendor that can automate deployment/detection/servicing across thousands of organizations with 20 employees building/servicing automation tools. If you think this can't happen...are you one of the rare organizations with on-prem Email/Colloabouration Servers, or are you using MS's 365, Google or some other outsourced vendors solution? There will always be IT Sec jobs AI cannot do, but for now automate the repeative tasks. One simple automation I did 20+ years ago was to automate tracking patch/software/IT Sec News etc with Website Watch ( One click and I can see which vendor released a patch, hotfix, updated a crutial KB article in a few minutes. Also made for a nice low mental effort task when the afternoon coffee was wearing off. Freed up hundreds of hours - it would have been impossible to check 500+ sites and pages daily for changes.""]"
111,142,111_ccna_cisco_exam_cheating,"['ccna', 'cisco', 'exam', 'cheating', 'networking', 'ccnp', 'exams', 'network', 'cheat', 'study']","[""The CCNA is really only beneficial if you want to work on Cisco devices. Your net+ covers any of the fundamental networking concepts learned in the CCNA. Based on the info you've provided, I 100% think it is unnecessary for your career progress."", 'Get a Cisco CCNA Certificate. Too much education demands more money for you and employers.', 'Cheating is definitely an annoying thing and I understand your frustration over spending so many hours on this stuff and just barely passing while others who cheat are passing with flying colors. &x200B; But remember that your education is about you. Don\'t even worry about the CCNA, worry more about your degree and the technology that fascinates you. If that\'s routers and switches, great! Continue to learn more about that. But also remember that this class / these courses are a drop in the bucket compared to all of the stuff you\'re capable of learning. The only thing that you need to do is what you\'ve already been doing: putting in your all to learn this stuff and spending hours grappling with a problem until you\'ve got it solved. &x200B; A lot of people on here are referring to the differences between someone CCNA-""trained"" versus someone CCNA-certified but most employers will care a lot more about you having a college degree than they will you holding certification. Your degree showcases a larger breadth of understanding, it has much better accreditation standards than Cisco, and it doesn\'t expire in 3 years if you don\'t retake it. The CCNA is not a bad thing to get either but it\'s also not the item that will make or break your ability to get a job in IT. &x200B; So don\'t feel that your school is a joke because of this. The Cisco classes are a bit different from most classes due to their third-party affiliation with the school and as a result cheating is a lot harder to detect (also more often than not the person teaching the class is simply someone who got one of Cisco\'s teaching certifications. You don\'t even need to have the CCNA to teach a class on the subject).']"
112,99,112_appsec_code_engineering_security,"['appsec', 'code', 'engineering', 'security', 'devsecops', 'swe', 'application', 'software', 'dev', 'app']","['Breaking into AppSec / ProdSec / DevSecOps – A Practical Roadmap Compiled this from real experience hiring and mentoring people into the field. Skips the cert-chasing advice. Focuses on what you actually need to do the job. --- Start With the Fundamentals - Read Alice and Bob Learn Application Security by Tanya Janca - Watch Jim Manico\'s ""Abridged History of AppSec"" on YouTube - Learn the standards you\'ll reference daily: - OWASP Top 10 2025 You\'ll work with developers every day. You need to speak their language. Focus on: - How user input flows through an application - How auth and sessions are actually implemented (not just conceptually) - How OSS dependencies and package managers work - How to read and navigate unfamiliar codebases - How secrets and env vars are consumed at runtime This is the most underrated skill in AppSec. Scanners find the obvious stuff. You need to find the rest. --- Build a Hands-On Lab Set up a local pipeline and run real tools against vulnerable code. | Category | Free Tools | |----------|-----------| | SAST | Semgrep, Bandit, Gosec, Brakeman | | DAST | OWASP ZAP, Nuclei, Burp Suite Community | | SCA | Grype, OSV-Scanner, Dependency-Check | | Secrets | Gitleaks, TruffleHog | | Container | Trivy | | IaC | Checkov, tfsec | | SBOM | Syft, CycloneDX CLI | Running scanners is table stakes. Triaging, prioritizing, and communicating findings to developers is what gets you hired. --- Learn the Attacker Mindset - TCM Security Practical Ethical Hacking - PortSwigger Web Security Academy Every vulnerability class you find in code review maps back to something here. --- Skills That Actually Separate Candidates - Threat modeling – Most high-impact vulns are baked in at design. Catching them there is 10x cheaper than post-deployment. - Risk communication – A CVSS score means nothing to a VP. Frame findings in business terms. - Developer empathy – If you show up as the person who blocks releases, you\'ll be ignored. - Metrics – Mean time to remediate, SLA compliance, repeat vuln classes. Know what matters vs. vanity metrics. --- Certifications (Honest Take) Skip the cert-collection mentality. If you want structured learning: - AWS CCP – understand the environment where modern AppSec lives - PortSwigger labs most web security certs - HTB CPTS or TCM PNPT – if you want to understand attacker TTPs --- Stay Current Podcasts: Coffee, Chaos & ProdSec / Absolute AppSec / Boring AppSec Newsletters: tl;dr sec / Boring AppSec Substack / Resilient Cyber YouTube: OWASP Global / LASCON / DEF CON / Black Hat --- The Actual Point Build things. Break things. Document what you learn. Write about it. Your GitHub, your blog, your community presence often matter more than certs. The security community is accessible. Most practitioners will help people who show genuine effort.', 'Hi, I work in appsec I used to work in secop, but I decided to change a little bit because it can be quite tiresome (countless burnout threads on twitter) and I want to have a little more structure in my life. I landed my first gig in appsec basically by accident, but I can share some takeways... The main thing is: There\'s actually no clear path on how to do this. But having a github portfolio, coding projects or certs certainly help. Since you have experience in coding and understand how a WAF works, I think it should be a quite easy enough transition: I recommend taking a looking at INE and studying for eJPT even if you don\'t want to take the exame. While not exactly AppSec there are lots of appsec takeways there. I also recommend reading: The Web Application Hacker - Yes it is outdated, but it does have bread and butter fundamentals to it OWASP Top 10 - Knowing and studying each vuln, how to mitigate, some code snippets is the bare minimun Web Application Handbook by O\'Reilly Also it certainly helps to have a little bit of knowledge around cloud environments, just pick the easiest one and stick with it. Create an account at A Cloud Guru and take a cert. It certainly helps to understand the bigger picture and do some architecture job. That being said - AppSec is a broad term and different companies will need different types of appsec people. Some companies appsec people will act as architects, other will act as developers, other will act as compliance teams. All things considered, you\'re certainly in for a good time. Good luck! Edit: As for the manager promotion... It\'s up to you. Management is a whole other world and it\'s ok not like being in a manager or leadership positions. As for the stress, I don\'t know your situation but I try to circumvent ""salary lock in"" situations. Always have some fuck you money and bail.', 'I got 10 YOE/ 4 in AppSec. Starting working in software and transitioned to full time appsec these last few years. Not Certs, BS in CompSci. I just started a new role, took me about a year of applying to every job for two weeks straight, getting sucked back into work, applying for another batch of jobs. I never had a ton of interviews or second rounds. More than a handful of phone screenings. When I see CICD in relation to security I think AppSec/DevSecOps. When I see logrythm I think SIEM, IT/NetSec and Security Engineering. I think you should have two different resumes, one tailed specifically to AppSec/DevSecOp and highlight your development and SDLC experience. Another resume highlighting your Security engineering, SIEM, and Threat Detection and Hunting. AppSec is still relatively immature as a whole and still gaining traction. SIEM experience doesn’t really matter in the grand scheme of things, and if it a company does expect their appsec engineers to be participating in SIEM operations it’s probably a red flag and your gonna be working at a place where everyone is wearing a whole lot of hats, time stretched to thin, and in a constant state of reaction. Perfectly fine to be interested any area, but keep your resumes and areas focused. If you really like the CICD and detection engineering / threat hunting. Maybe focus on some Detection As Code projects related Software Supply Chain Security to show of how your experience can really merge the AppSec/ITSec divide. I definitely think you have a unique skill set that employers don’t know they need yet.']"
113,111,113_commute_home_miles_hour,"['commute', 'home', 'miles', 'hour', 'car', 'hours', 'minutes', 'worth', 'closer', 'bus']","[""I Work in London, and do about 1.5 hours commute. but at max an hour of that is spent on public transport. &x200B; However I do have the benefit of I can always get a seat on my train and I always get a sleep on my morning train. So to me the commute doesn't both me. but this is 100% personal, to me its easy, the same commute i know for others is sheer hell!"", ""It'd be a flat no from me for a 2h commute - that's 4h a day... sod that."", 'and here I am, having do to 3 hours of commute every days for a ""ok"" salary']"
114,210,114_passion_passionate_love_need passion,"['passion', 'passionate', 'love', 'need passion', 'field', 'career', 'money', 'work', 'passion field', 'life']","['A lot of us yearn for this passion we had when we first started in this industry.', 'Serious question. If you have no passion what attracted you to IT in the first place?', 'Passion is something you create because you work in it, not something you find.']"
115,172,115_account_accounts_passed away_disable,"['account', 'accounts', 'passed away', 'disable', 'passed', 'disabled', 'died', 'user', 'away', 'disabling']","[""the Principal of one of the schools I work at, passed away a couple of years ago... it was quite surreal. And I've had a few teachers pass away too... it's always very strange to go back, and find an email from them, and realise the conversations/daily interactions you had with them.. usually just mundane stuff... but you think 'that person wrote that'... and they no longer exist! Worst has been finding out about current, or ex-students who pass away, and being asked to go through all their archived work and photos... finding pictures of them in 1st grade, etc and on that note, I have setup a 'kill switch' on my google account, that will auto hand-over to my wifes' account, in the event I don't log in for over a couple of months.. since we have so much linked to it. I also have an envelope, with passwords/pins to many other accounts, saved, in a secure box in our house.. (probably time to review/update them!!)"", 'Have you deactivated accounts for users that have passed away for the second time?', ""Maybe the higher than normal helpdesk turnover of my last job made me numb to disabling accounts for people I knew. I had some I knew that were laid off and I felt for them, but it's just an account. My actions don't change the HR paperwork. I added them on Linked In or Facebook and keep in contact. A few I even sent offers when I heard about a good gig. It was part of my role to manage our internal accounts and admin rights. So at the end of the day, it got done and it got done per procedure. I almost felt I needed to make sure our process was followed on those because of the personal connection. We did quite a bit more than just right click disable. There were 4 networks we managed with separate domains, most users with 2 accounts on 2 or more of those domains. Refusing seems a really immature and petty response to the scenario. I could see if it was disabling an account for someone who passed away. I've had that as well. One of the supervisors I knew died unexpectedly. I made sure to take that ticket as there were some of my team that were emotional over his death. I couldn't see asking them to turn off his user account days after they were at his funeral.""]"
116,227,116_dad_family_mom_pc,"['dad', 'family', 'mom', 'pc', 'fix', 'computer', 'computers', 'laptop', 'parents', 'brother']","[""This gave me a good giggle. I always take this opportunity to chastise my family and friends for their poor technology choices and behavior: &x200B; 1) I told you not to buy that Apple crap. 2) You installed a bunch of crap. 3) I told you to back-up your pictures to an external hard drive. 4) Didn't we talk about not giving this phone to your kids? 5) We talked about this, I told you not to install anything without checking with me. 6) No, we can't glue it back together. You will just have to buy a new one. 7) We can try washing it off, but chances are, the spaghetti sauce has already fried everything. 8) No, the computer can't do that. 9) No, your computer isn't spying on you. and my personal favorite... 10) Hackers didn't hack your computer and put porn on it, someone was using your computer to look at porn; who do you know that is into this kind of granny porn?"", 'I\'ll help my mom and my step-father if I\'m in their house. Mom lives in Houston and called me a few days after Harvey. She described the problem and I told her that I thought her disk drive was dead and that she should take it to the Apple store a few miles away. ""Oh, we\'re dry, but all the roads out of the subdivision are flooded, so we can\'t get there. Can you just fix it?"" No, turns out I can\'t fix your dead hardware over the phone. Dad is allowed questions over the phone. He\'s pretty sharp and usually just need to be pointed in the right direction. I did help him set up a printer (that was about 10 min of work) when I was at his house a coupla years ago. My brother/sister are set up so I have remote access into their machines. They\'re allowed to tell me the problem and then go away while I fix it. I don\'t discuss the issue with anyone else at all. It helps that my closest relatives live 400 miles away (brother and sister). Most of them are almost 1900 miles away. A few years ago, I flipped it all on my step-brother. He does real estate mortgages and I was refinancing.', 'Most of my family members aren’t too bad when it comes to computer help. My mom despises computers so much, that she would rather pretend hers doesn’t exist. My dad is often too proud to ask for help, even though I’ve gladly helped him with basic computer/software issues in the past. Now, my grandfather on the other hand... is the absolute worst. Every single time I saw him, it was “Oh my computer isn’t working.” Any holiday event at his house consisted of me sitting by myself for at least half the time in his office fixing his computer. He always purchased the absolute cheapest laptops and refused to replace them before the 8-10 year mark. Instead of opening presents, I was tasked with setting up everyone else’s new electronics. When finished, I never received a thank you but, instead “Well, that took longer than I thought it would.” I dreaded seeing him. I was a teenager around this time so, I didn’t have a real choice in the matter. Once I was of age, I stopped going to his house for the holidays entirely. After a couple years, I decided to visit again and was met with the same behavior - only now he has progressed to pimping out my IT services to his friends. I was suddenly getting numerous phone calls - “Oh you’re his granddaughter right? He told me you could fix my laptop for free! When can I drop it off? I need it back same day.” All of these callers were instantly blocked. I haven’t seen or spoken to my grandfather in years. I may be part of the family but, I still require some basic respect for my time.']"
117,200,117_ctf_ctfs_learn_tryhackme,"['ctf', 'ctfs', 'learn', 'tryhackme', 'labs', 'hackthebox', 'videos', 'hack', 'box', 'youtube']","['I’m going though a red team school in the military. If you wanna know their secret weapon it’s TryHackMe lol. I’ll always save the walkthrough as a last resort but I’ve come to learn that google and doing research (not on the CTF your doing) is your best friend and is not cheating. There’s so much information you learn that it’s almost impossible to know it off the top of your head right away. If you get stuck and have to use a walkthrough take what you learn from it and apply to your next CTF. People on YouTube like John Hammond and others usually have already broken into the box beforehand and follow a script they wrote for their video to make the video more smoother and flow easily.', 'As a woman, in the field i do say it takes time, but if you want to learn hands on. do home labs (power on virtual machines at home download virtualbox, dowload wins10 iso image. As well as a linux . There is a lot of resources on youtube that will guide you on how to do this.depending what you want to specifically learn look it up on youtube they will take you step by step how to set up the vm and how to simulate an attack if thats what you want to learn. Youtube is your open book pick what you want to do in cyber and go from there! There is also tryhackme (they have free courses that can teach you basics or you can pay monthly subscription to learn a lot more in depth and it guides you step by step also letsdefend.io hack the box also has a free tier. Dont feel discouraged if it takes time but the one advice i can give you understand cyber security is not entry level you will have to learn a lot. Maybe do IT for couple years and understand networking! Start basic and learn your way up', ""Don't fret it. For two reasons. First, there's no harm in reading walkthroughs and seeing how others solved a problem, how else are you supposed to learn? HTB/CTF are after all challenges and there are only so many things that are being done over and over again, so reading and watching walkthroughs are actually a learning experience. Of course you should not confuse watching a walkthrough with solving it yourself, but I'd guess that you know that yourself. And second, CTF challenges don't really have a lot with RL pentests in common. Yes, they teach you a few tricks, but 9 out of 10 CTFs are SO far from reality that they ain't even worth it. They are constructed challenges that try to make you rely on some tricks you learned and are supposed to make you show that you know how to use certain tools, but in a real life situation, almost everything you find is either a rather stupid misconfiguration or outdated software. There ain't no credentials hidden somewhere on the page, there ain't something where you hack account A so you can access account B so you can finally gain root, this isn't how real life situations work, and things like stegeonography are something I haven't encountered in a single pentest in the past 2 decades.""]"
118,206,118_hi_im_say_just say,"['hi', 'im', 'say', 'just say', 'reply', 'message', 'chat', 'hello', 'respond', 'say hi']","['I\'ve always viewed IM as near-synchronous and the equivalent of a phone conversation. With a phone, you get the benefit of a ringtone to alert the other person that you wish to initiate a conversation with them and can determine if they wish to engage or not by whether they pick up the phone. With IM systems, often the only equivalent option is for me to send a short message like ""hi"". If you respond with ""hi"", then I know you\'re ready to talk. If not, then I move on with my day and haven\'t wasted my time talking to a wall. The only exception to this method of interaction is when I\'m engaging with a formal chat support system where I know someone is being employed with the express purpose of responding to my message at the time I initiate contact.', 'I work with a French guy who always opens with this. I regularly come back to my desktop to ""Hi stesha83. Hi stesha83. Hi Stesha83. Hi Stesha83. Hi Stesha83."". If I don\'t answer for enough hours I eventually get ""how are you"". It\'s the kind of polite rudeness or rude politeness the French are amazing at.', 'Those are SO infuriating. I didn\'t use to mind it when it was just one person doing it to me, but it seems like everyone does it now. The one\'s that really trigger me are the, ""Hi, are you there?"" WTF? Am I here? Seriously? What does my status say mother fer? Does it say I\'m Available? Then I\'m Fn here. Does it say I\'m Busy? Then I\'m Fn here and am Busy. &nbsp; Or the, ""Are you onsite or working from home today"" Seriously? What does my status say mother fer? Does it say WFH: mobile? Then I\'m working from home. Does it say EXT: ? Then I\'m on xyz site! &nbsp; I feel like I\'ve tried everything. I think the most successful I\'ve been at mitigating those IM\'s are ignoring them for a little while, and copying and pasting variations of this sentence I always leave up in notepad now: ""Hi there, sorry I missed your IM. If I\'m ever unable to answer immediately please feel free to continue IM\'ing me or email me, and I\'ll get back with you as soon as I can."" &nbsp; Or I\'ll paste ""Hi there! How can I help?"" and I just leave it at that, and return to them in my own time. Or, if they\'re quick to reply I\'ll immediately paste one of the following: &nbsp; ""Happy to help/sure thing!, if I don\'t reply immediately I\'ll always circle back around to you."" ""If you have any questions let me know, I may not get to answer immediately but I\'ll always make time to reply asap."" I was promoted to Lead Tech, then to Team Lead, and over a few months we lost a few technicians across our other sites. It was insane, my time was literally filled more with helping others than my own tasks. Then my manager had the nerve, who\'d only been my manager for <6 months, to tell me he didn\'t know what I did. Even after all the times I literally made him sit at my desk and watch me all day. At the end of the day he\'d say he didn\'t know how I did my job, that he would quit if he had to do my job, that is head was spinning after all the work I do and all the interruptions I had. Did nothing to help even when I explicitly stated what I needed help with. Then I made a vertical move to another team as just a technician. Took 3 months for the chaos to settle down and no one wanted to fill my previous job (there are still duties left behind that no one does and our users suffer for it). Every once in a while I jump in to help the other team but I\'m putting a stop to that. Wow... happy Friday! Hahaha.']"
119,247,119_support_customer_tv_fix,"['support', 'customer', 'tv', 'fix', 'party', 'speakers', 'vendor', 'did', 'tier', 'broadcast']","[""At my old job (the technician of a consulting firm; the owner did the consulting, I did the work to implement), I took stuff home to work on, since I got to work from home. I decided once I got the job I have now, I won't give up my living room for that kind of stuff again. &x200B; At my current place, we have an IT department of approximately 25 people. Helpdesk is 7, and the network/systems admin department is normally 4 people. (We're down the network admin; although the rest of us can do his role, although I'm by far the weakest on the network configuration side. {It was broken out to network, systems, back end, and manager, where I am the one most focused on internal systems}) The rest are developers. There is an on call rotation, of which I dropped off of in August. It's managed by the help desk, and is typically a printer problem, AS400 issue (which we call their group), or a device that goes down after hours. I no longer have to deal with those. If there's an issue with a server, they can call me. I've told them if they text me, don't expect me to answer, as I'll probably sleep through the notification. I do not mix my personal stuff with company stuff. I'll deal with multiple devices instead. I never put my personal number on the work phone as something it could forward to. I think I was the only one that preferred carrying multiple to mixing work + personal. &x200B; I do not keep the VPN installed on my personal systems. I do not set up my work email on my personal devices (I've had to wipe some phones via Exchange). If I need it, I'll be logging into webmail. I've got a work laptop I keep at home that I'll pull out if I need it to VPN in and do things. And, there are things I will take care off during off hours (babysitting changes, such as expanding a hard drive that requires being taken offline in VMware to expand). But, if I'm not doing it, it goes back in the bag, and that goes in a drawer. I accept this as a tradeoff, as my home lab is comprised of former work PCs that I've got checked out so long as I still work there. During my vacation last year (caught a ride with my parents to see my brother's family one last time before they had their kid), I took a hot spot to have internet access during the van ride down and back. I said I'd at least check my emails during the week in trade for borrowing the hot spot, although I wouldn't guarantee any specific time for response if it wasn't vital enough to warrant a phone call. But, my vacation this year (brother's family went to my parents', so I met them there), I went dark. No expectations from me other than the standard (Priority 3: You're on fire. Priority 2: The company's on fire. Priority 1: I'm on fire.)"", 'I worked for a VCPP/VCAN provider and we went straight to L2 support always. I believe MCS/BCS are similar but more importantly you get the same team. Veeam gives a different support experience if you get certified. Why do vendors hire L1 support that only does basic things? 1. Customers don’t train their people and confuse support with outsourced Install/Deploy/Manage. The amount of people I’ve seen give Cisco TAC and empty config and make them do their job is terrifying. 2. Customers don’t enable phone home health tools or use the built in ones. 3. People have to start somewhere. L1 support today is tomorrow’s escalation engineer. I know one one escalation teams takes over 12 weeks of training to join. 4. People complain if support costs get too high, and don’t upgrade to higher support tiers so support gets tiered. 5. There are a finite amount of people who live in X and want to do networking or storage support. Hence why people hire L1 and train up. 6. People don’t read KBs, or do basic google searches. I’ve met plenty of end customers who refuse to accept a blog on a topic as acceptable and to fully CYI demand support put in writing that turning on LLDP will now blow up the damn switch. Yes Tim, I’m talking about you! 7. People confuse support with engineering. They also make the assumption that the company even owns the engineers who write all of the code. Support doesn’t write code and fix the bug. That’s engineering. Engineering has to regression test the bug to make sure it doesn’t cause worse issues. Firmware engineering is often done by contract teams so the entire team may be fine and fixing your bug in a IO controller might take 6-9 months of random fixes. Root causing this might require a server OEM, a OS vendor, the actual NIC MFG, and their 3rd party engineer. All the while you yell at the support org, there is a quiet 3 way slap fight going on off vendor A pointing our they wrote to the RFC, vendor B saying. One does it that way, and vendor C’s poor support guy just wanting to help the customer and close the damn ticket. 8. The 3rd party vendors engineering may have abandoned the driver./firmware so a work around is what you get! 9. For a fun trick loom up the titles of the people you are trading emails with on GlassDoor and compare salary. Expecting miracles out of someone paid less than 40K starting is just cruel. Remember that support renewal you pay for also has to cover commission for the reseller, engineering for new features, etc. it goes to more than the support center. Tl;DR Sometimes it’s the personal calling supports fault, or someone else’s fault. Better trained more senior support are magicians but still have limits.', 'Fair warning, I’m on mobile so format will be garbage. This is the job that taught me that ITS OKAY TO DAY NO TO SUPERIORS AND THAT IF YOU DONT KNOW SOMETHING, ALL YOU DO IS ASK. I am your basic College Neighborhood part time IT tech ( SOHO mostly. Had my A+ for a while, now working on my Network+) A broker at one of the real estate office I service said that he needed some “IT” help at his house. I was like sure ni modos guey had some textbooks, Tinder Gold and tuition that needed to be paid. He said it would be a 3 day job, and that he would compensate well. Day one. I arrive at his house mansion and got to work. Started off with the basic stuff he needed to fix/upgrade. (Sidebar, this man is about 5060 years old, doesn’t know jack about technology but was a really excited for new toys) Upgraded his router and modem, connected his commercial printer to the network, changed all of his HDD to SSD’s and set up all the IOT and smart devices he recently bought. Did a few more little things but it was about 6 hours of work, and boy oh boy was I well compensated. Gave me $300 cash. ( at the time that was A LOT of cash for me, hell even now it’s a lot of money for me for one day of work) I even told him $200 was more than enough but he was happy that all of his stuff was working properly, I was so proud of myself lol. Day two. He had a new set of task, after he was happy that all of his new toys were working, he ran to bestbuy and bought more stuff and it was time for me to go to work. So here is when I should’ve known that these jobs were headed into uncharted territory for me. He bought 3 brand spanking new 40in Samsung Oled TV’s and 2 MASSIVE 60in Oled TV’s to replace all of his outdated plasma TV’s (JESUS CHRIST THOSE TV’s ARE SO HEAVY) . He wanted me to mount them, run the wires through the wall, set up fire sticks with KODI, add a dimmer to his bedroom and living room and add electrical outlets behind the TV. Now correct me if I’m wrong, but things like adding new outlets and running new wires is more electrical than IT related right ? Well I did it anyways, I’m pretty handy and I’ve mounted TV’s before. So after a quick google search with tutorials I went to work. ( I know, I know I should’ve just been honest and upfront saying it’s not really my field and he should hire an electrician but I had bills to pay and I remembered I needed to save up for Summer Sem) Finally, after about 8 hours of work I finished. I was proud of myself for learning something on the job. I was once again paid handsomely for the job finished. Now, day 3 is here. Today’s job, COMPLETELY OUT OF MY DEPTH AND HAD ME NERVOUS TO EVEN TOUCH IT. So he wanted to fix his lighting solution and indoor-outdoor audio system. So for the lighting, I just suggested Philip hues and taught him how to use his phone, Siri and Alexa to control everything. Next thing on the list, indoor-outdoor audio. Now this thing had me shook. So first off, I have ZERO experience in AV. The previous company installed everything 7 years ago and overtime it slowly started developing its own issues. What I needed to fix: find out why the audio wasn’t producing even volume (23 speakers to troubleshoot) Find out why the outdoor speakers always turn off after 30 minutes of use, Update the whole system to digital Fix the 3 speakers in the backyard and 2 speakers in the courtyard that wasn’t working at all. So here’s where things slowly started going bad, At this point I told him that this was more of an AV company type of job and it’s not something I’ve worked on before. He then tells me that he’s had an AV company look at it and they quoted him roughly $15,000 to do everything. I was flabbergasted, (first off, during this time I had no idea how costly quality AV equipment was) so I told him I’ll take a look at it and do some research to see if there’s anything I can do. Boy Oh Boy was that stuff out of my realm. I googled everything in his audio cabinet, all the speaker models and just googling the common issues with these. Everything he wanted me to fix and/or upgrade costed about $9,000. I wasn’t comfortable, I didn’t wanna touch anything. ( just looking at how complex high end AV equipment yet I didn’t even wanna touch it) I told him upfront, I can’t fix any of these things, I don’t even wanna touch them since it’s completely out of my depth. His personality then flips a completely 180. So far he’s been really nice and courteous. Out of no where he became really aggressive and annoyed. He then tells me that this was part of the 3 day job that he asked me to do (Keep in mind, he never specified that the job with include AV stuff, he just said to me that he wanted to fix up computer, internet and tv stuff) He then proceeded to tell me that I should at least look at it or he wants his money back (that I had already spent on paying off some credit cards I used to pay for that semester) So I did just that, First thing I tried to check was to see what my the outdoor speakers would cut off after a while. The way his system was setup, he had a receiver powering the living room speakers and had that receiver attached to a couple different amplifiers they powered the speakers through out the house. So I ran it, I went outside to listen and the speakers did cut off after 30 mins. I went inside to check the cabinet and those AMPS WERE PRODUCING SERIOUS HEAT. So I assumed it was overheating and was causing the safety off to kick in. One more time I informed him, THIS ISNT MY FORTE. PLS LET ME HOME. (Verbatim) This is where I figuratively shitted my pants, While everything in the cabinet was hot, one of the amplifiers indication led was blinking red, he proceeded to power it on and hold down the power button. Clicking noises, smoke and the smell of burned cables. Clicking noises and fucking smoke cane from these equipment that were worth more than my car. All the amps turned off. Only the Receiver stayed on and even that was blinking red and clicking every few seconds. At this point he looked at me upset as if I was the one that did something. Keep in mind, during this time I was younger. I was scared and ignorant. At this point I didn’t know what to do. -I feel like I made this too long so let me just summarized what happened next- - he got pissed and expected me to fix it or pay him back. - I was young and ignorant, so I was intimidated to try my best. - the solution I came to was just to change the entire home audio system. - he ordered everything online and it gave me a week to learn anything and everything I needed to do this job. - all the parts arrive, about $7000 of audio equipment. - I went to work to what now is the hardest job I’ve ever worked my entire . - it was summer, I live in Vegas. For the outdoor speakers, I had to run all brand new cables underground to the outdoor speaker locations. So I spent 5+ hours outdoors digging in 110f heat. - the speakers in the courtyard was ran through the walls, so I learned how to cut open drywall, fish wires, patch dry wall and paint. - I made adjustments to the audio cabinet, adding exhaust holes and multiple 80mm fans. - I spent another 3 days doing this AV job that included landscaping, construction and electrical work. - that third day, I felt like I was going insane. (sidebar, the drive from his place to mine was 45mins one way) finally, I finished connecting everything. Testing the speakers, adjusting volume per amplifier, and fixing all the little things. -as if the gods knew my pain, everything worked. All of the speakers fired on and stayed on for longer than the 30 mins. -he was happy, thanked me and cut me a check for $1500. I had no comment, I thanked him, took the check, left, and never looked back. I had never been so stressed and scared my entire life. He called me 3 months later and asked if I could change the radio receiver in his car, I blocked his number. I didn’t need that kind of negativity in my life. Sorry for the long post but BOYY does it feel good to finally tell someone about this lol. TL:DR; I took on a small IT job that led me to do a bunch of jobs outside of my depth of field, (electrical, landscape and construction) and if not he would’ve took back the money he had already paid me (and maybe $9000) that i had already spent on school tuition.']"
120,77,120_burnout_cybersec_cyber_burn,"['burnout', 'cybersec', 'cyber', 'burn', 'happening', 'means', 'leo', 'burned', 'work', 'cyber security']","['I\'ve studied burnout, spoken on it, and written about it a few times. Below is a comment summarizing content across a few posts. Put the tl;dr in bold...I hope it helps. This will happen several times in a security career. While you\'re asking about how to overcome it, the real question is why does this happen? (It\'s a long post and I don\'t want to be a Debbie Downer - but why is always more important than how.) IMO, the main reason is we have very demotivational work in a misunderstood field. Our field is powered by negativity, justified with skepticism, and influenced by those who don\'t work with us on a daily basis. We stop bad things from happening. An exciting day at work usually involves a crime happening, e.g., the organization we\'ve been tasked with defending was attacked. A good day usually means our designs worked, but nobody noticed because they were able to do their jobs. Breaches are happening everywhere and nobody seems to get punished effectively for it. In fact, some get jobs - by the very government asking us to defend better - because of it. Tech is evolving faster than any other field, innovative companies are trying to adopt it a few months after initial release, and we need to be at least 3 months ahead of it, which means researching beta releases and conceiving the guardrails for something that may not even be a thing. On a personal relations level, we\'re not a fun group to work with. People don\'t like dealing with password changes, MFA, firewall rules that block them from uploading files to customers, mandatory email encryption, etc. because we get in their way. Audits ain\'t fun: It\'s not what you did, it\'s what you can prove you did. You have to back up every claim with documentation, logs, etc., that you typically don\'t think about unless you\'ve failed an audit before. The auditors rarely know the ins and outs of how much effort it takes to meet compliance (regardless of what some will say, it is not easy) and they\'ve got the ear of the BoD. Finally, there\'s the cost. Breaches are expensive, so we\'re expensive. It\'s not difficult to see why the CFO scrutinizes our expenses when there\'s not any revenue coming in from the cyber folks. As messed up as it sounds in this forum, it makes financial sense to weigh ""how much would the ransom cost?"" vs. ""how much do these 4 technologies to mitigate ransomware risk cost?"" When we get out of our rhythm and look at our own situation it\'s easy to stare off and ask ""why do I bother doing this?"" ...and that\'s when the burnout starts. So how do we counteract the above? By remembering the reason we wanted to do this in the first place. Find YOUR why (supporting your family? being on the edge of tech? protecting people?), print it, and use it for motivation. And, for the love of all things holy, have a sense of humor about it. Laugh or you\'ll cry. Homer Simpson did exactly that in ""And Maggie Makes Three know what you\'re doing and why.', 'We’ve heard this a lot, that cybersec is a burnout field. Doesn’t that need a bit of definition? There is burnout like if you work in construction and your body can’t take the beating, I don’t think that is the kind of burnout we are talking. There is the kind of burnout that healthcare professionals experience of losing patients or mistakes that have a different kind of toll, not that kind of burnout. Mostly we are talking about wanting to see progress and stay engaged if it involves compliance. If it is in ops it’s the overwhelming number of alerts non stop, that only grows. Needing to keep up with new technology. But let’s make sure we aren’t confused about what burnout specifically means because as a generic term it’s not helpful to answer this type of question. How about this, if burnout means not being bored, then that is how you engage with the work you do. To make work engaging/meaningful , that is all our jobs.', 'Yes, and no. Burnout can happen for a variety of reasons, and it will vary from person to person. Here’s a few things that may change how you view your job. 1. Security is a negative goal. Meaning it cannot be proven. You can’t ‘prove’ something is secure. The best example of this is the scene in Star Trek: The Final Frontier where Bones, Spock, and Kirk are locked in the brig, and Spock basically says they won’t be able to escape (it’s secure). Then Scotty blows a hole in the wall and they escape. Accept this. 2. Because of 1, it’s not ‘if’, it’s ‘when’. Protections/controls make it harder to happen, but don’t stop everything. Good and timely detections are critical. And then speed of response is paramount. When those fail, DR, and other approaches come into play. This means that it’s not your responsibility alone. Caveat/Clarification: Even if you are the only IT/Security person, you are not 100% responsible for the bad stuff happening. A company has a risk appetite, and based on that risk appetite they made decisions - including making you the only IT/Security person. This means do your work, warn them IN WRITING (and record it off site/printed copies), and plan for the inevitable but hope it never comes. This is the ‘Hope for the best, plan for the worst’ approach I like to use. Do the best you can, but you cannot obsess on security 24/7. 3. Security is a position where you will be constantly learning. When I started we had modems, interrupts, Netware, IPX/SPX, DOS/Windows, Unix, and BBS’s/dial up services (like CompuServe, Prodigy, etc.). Then along came the internet and things started changing - Trumpet WinSock, Linux, etc. and then even more - cloud computing, containers, and now AI and data engineering. There are positions that exist now that wouldn’t have existed 10 years ago, let alone 20. Embrace this. 4. Work in a position that’s in alignment with you personality, the way you think, etc. For example, if you are strategic and like to build stuff, you probably shouldn’t be in a tactical role. If you don’t like people, you shouldn’t work customer service/help desk. Hating what you do, even if you’re good at it, doesn’t make for burnout avoidance. I think strategically, but did Incident Response. I’m actually pretty good at it. But I HATE it. The whole time I’m responding and investigating I’m wondering what control(s) failed, who was the idiot, how we can prevent it, etc. My head is in a strategic place rather than tactical and it is contrary to my personality/way of thinking. This can cause burnout faster. I’d be better off in an architecture, data engineer, or other more thought driven role. 5. Find constructive ways to deal with stress. This is different for everyone but USE YOUR VACATION/PTO. And use it to completely disconnect. Every year I go to the mountains of Tennessee/North Carolina/etc. where I’m unreachable most of the time. There is no cell service in most of the places we stay, and we’ll get texts and other as we pass through towns along the way. I had to drive an hour and search for WiFi to do an interview this year because I couldn’t get cell service good enough to do the video call reliably. For others, it might be a trip to a new location, backpacking in the wilderness, a cruise, travel abroad, seeing family, or any of a myriad of things which allow you to decompress. It might even be gaming or other outlets. I say ‘constructive’ because I’ve seen drinking, drugs, and other approaches come into play and impact jobs in negative ways. 6. They say it takes more than twice as long to recover from burnout as it does to burn out once you stop. Which means that I’ll recover long after I’m dead. ;) And I’ve talked about this in a talk I did decades ago at an Ignite presentation called ‘From Burnout to Bartending and Back’. I burned out BAD… quit IT/security, went to bartending school, and ended up managing a bar for a guy that was bipolar/manic depressive and self medicating. Smoking weed when you’re manic to come down was one thing, but taking X or smoking crack to come up had a ton of other side effects over long term abuse. This resulted in a completely different type of burnout/stress… I went back to IT/security because it was less stressful.']"
121,186,121_email_reply_emails_subject,"['email', 'reply', 'emails', 'subject', 'send', 'send email', 'read', 'sent', 'subject line', 'mail']","['After every email, send a new email to person or department who sent original email asking for a follow up discussion', ""I had one the other day. Dude stops at my office and says his email isn't working. Many questions later he's getting delivery delayed to one person. So he gets impatient and tells me to fix it because he really needs this email to get out. Keep in mind he is still standing in my office. I ask for more info like y know, subject, time, recipient address... or if he'd just forwarded me the bounce back that would work too. Only response was THIS IS REALLY IMPORTANT and he walked away when I said I can't troubleshoot without having more info. Like he expected me to just magically push the email through without even knowing what it even was. When I tried to follow up with him after figuring out most of the details, he had left for the day. Hmm. I might hear about this come Monday. It was probably (read: most definitely) the other end's issue so he was SOL anyway. I wanted to say, Just pick up the goddamn phone and call your client if it's so important, asshole."", 'I once got into a pretty heated argument. Our side is google apps, the other side was an inhouse email service that I didnt control. Who is calling me? Not my customer. Not IT from the other organization, but the sales manager at this other location. Context as well is that this is a major CYA type place but we have no relationship with this manager. No idea who he was during the phone call. I answer the phone with hello, he never says hello and just says, ""I\'m $bigdeal@shitemployer. What\'s your email address?"" I give him the support@ address. He emails in a threat, something along the lines of ""Please respond to this email, or we will go to war."" I had no clue what he meant by war but easy enough to respond. I tell him I replied to him saying hello. Dead silence. After some time he speaks up, ""I haven\'t received your response, you\'re either lying or you\'re on the same email server as $mycustomer."" I reply, ""I\'m not lying, I did reply and yes $mycustomer is on the same email service, we are hosted on google apps."" He replies, ""You need to fix this ASAP or else."" I reply finally getting the gist that he\'s pissed. ""I would be happy to look into this issue for you, I\'ll contact $mycustomer and get details."" He replies, ""Absolutely not. You\'re staying on the phone with me until this is resolved."" I reply, ""Happy to open a ticket for you, but I need approval before I can start billable work."" Dead silence. I reply, ""We are hosted on google, pretty much the standard for sending email. Services are not showing any downtime and when google goes down it\'s usually headline type events. So it\'s quite unlikely the issue is on our end."" Then he starts screaming and I move my headset off my ears. I never listened to a word he said even though I could hear pretty clearly with my headset around my neck. He hung up. I call $mycustomer and they refuse that we do anything because the operations manager didn\'t know of any email issues and she\'d sent and received all morning no problem. I call the $salesmanager\'s business and want to talk to IT. The phone greeter says that IT isn\'t available because lots of incoming email isnt working but their manager is available to speak with. She transfers me. I say hello and explain what\'s going on and then screaming starts right up. It\'s the same guy. He\'s extremely pissed that I was trying to go around him... etc etc. He accuses me of hanging up on him. Overall just a bad experience and I just let him talk and talk. When he gave up talking for a minute. I replied, ""Sir, just trying to help, you\'re biting my head off for no reason. If you want us to help out with your issue, give us a call.""']"
122,228,122_sector_public_private_government,"['sector', 'public', 'private', 'government', 'public sector', 'private sector', 'federal', 'federal government', 'key', 'jobs']","['I’d recommend moving from private sector to public sector. It takes some adjusting to especially in the procurement arena.', 'I’d stay where you’re at in federal land if private sector refuses to pay more than public sector. You have better job security, pension potential, and won’t be left holding your you-know-what when these smaller firms close up shop.', 'There are always public sector jobs. However, a lot of government jobs are starting to have to move at a similar pace as the private sector, especially with all the changes to regulations.']"
123,163,123_domain_access_admin_domain admin,"['domain', 'access', 'admin', 'domain admin', 'permissions', 'group', 'account', 'ad', 'users', 'groups']","[""When I worked at a large corporation, I didn't have domain admin rights on the main domain. I only had admin access to the servers my team managed. It did end being a stupid move that we had publically facing web servers on the corporate active directory. Eventually a plan was put in place to move them to a seperate domain but I left before it happened."", ""So I'd first start with letting us know what you're having trouble with specifically in understanding. There's a couple of key concepts we can try to help break down so that you can understand. lateral movement in an AD/Windows environment all revolves around having permission to do something. this could be something like the ability to access a new device, the ability to have admin access on a device, the ability to remotely access a device (e.g. WinRM, RDP, etc), the ability to control an aspect of another user account (e.g. Reset Password) or group (e.g. Add members to group) or OU or Computer, the ability to request access to something (e.g. Certificates), or just general access to a given service (e.g SMB, MSSQL, etc). Or maybe the ability to read something from the directory service (e.g. LDAP and querying account attributes). Maybe users have passwords stored in the description field. Some more modern attacks involved trying to coerce another device into doing something for you. certain properties (e.g. Signing and sealing) can help mitigate that. Active directory spells out a lot of these things for you, it's not hard to show or display ACLs or ACEs on a specific object, or show what right you have over another option. it's just about understanding the options that you have available to you, trying to figure out what you can do with those. If you haven't looked into the concept the group policy objects, and configuring them, do so now. it's an incredibly important thing to understand. you can see things like specifically where you are granted access to login to. generally this applies to OUs as a whole. in modern Network architecture, it's divided into three layers, your IAM administration/devices that can control or influence Authentication (CAs, DCs, ZTNA, etc), application servers, and workstations. Movement horizontally is generally pretty fluid, but movement laterally is harder. look up Microsoft Tier 0,1, and 2 for more details on it. Local Privilege Escalation it's kind of in the same boat, you, as a user, will have access to do something to something else. Let's say services, you might be able to restart one. that could be an interesting thing for you. You may be able to modify an application, or its configuration to do something that was unintended. You may be able to hijack a dll if you have write privileges or modify privileges to a given folder. Scheduled tasks are another that fall in the same boat."", 'IAM was boring and I hated it because they wanted to pigeon hole me at one point at a previous job. I really wanted to fix the broken provisioning and horrible security group structure. When the company started AD the first thing they did was create file share sec groups. Over time those groups got used for other access too because they already had all the right members. So a group that says “FileAccess-Marketing” might have RDP access to a server, local admin to a few desktops, access to three applications and then also used for VPN and Radius. Managers would request people get added to the File group for their department but lost track of everything it had access to. Lead to things like interns having access to delete a database (oops!), or people being able to access other departments’ systems because they need just one item of access across departments do they added to that group which gave them everything. Worst of all the File groups were being used as DLs in Exchange too (not directly but they were nested in Vanity named mail groups). I wanted to make RBAC groups for everything and track down the existing access but our change control board would never approve it because I couldn’t prove nothing would break. So those groups all sit in their own OU unused, along with the access groups (ie Role-Marketing gets put in Files-Marketing, RDP-Marketing, VPN-Marketing, Desktop-Marketing, Salesforce-Marketing and Email-Marketing). It was also impossible to keep track of all the federated apps and the roles along with them. Which assertions are being sent and why? Which providers support groups from LDAP and which have to have permissions managed within the app only? What good is it to have SSO when someone still has to manually create the account and add permissions because the app doesn’t support JIT or batch loads of users and/or roles? Where do the FTP and powershell batch loads scripts live? Where are we keeping the credentials for the FTP service accounts given by vendors? Directory sync nightmares and so on. You have a lot you can potential do in the IAM space if mgmt is backing you up. If they aren’t then try to pivot to something else like vulnerability management. I never want to do IAM again because while I have a solid grasp on AD, LDAP, provisioning, directory syncs, groups and permissions, RBAC - it’s boring and repetitive and thankless. Managers and users don’t care how many groups given them access or how it works, so you’re only doing it to clean a mess that was allowed to fester for decades. But hey if you like it then stick with it and explore ways to optimize. Me? I prefer vulnerability management, SIEM and investigations.']"
124,112,124_smb_dhcp_server_file,"['smb', 'dhcp', 'server', 'file', 'dhcp server', 'ftp', 'scan', 'windows', 'folder', 'issue']","['A few months ago I had an issue with the previous version of MacOS and SMB - it was writing null bytes and randomly freezing when reading / writing files, requiring a forced unmount before working again. Went through all the channels until I ended up on the phone with some engineer in Cupertino and after some testing they acknowledged it was a bug in that version of MacOS. The solution (which IMO isn\'t really a solution) was ""Stop using SMB and use AFP instead"". They said they would ""make it a priority to address the bugs with SMB but [they] do not officially support SMB and recommend users connect with AFP instead."" So not really a solution - but have you tried connecting over AFP?', 'An SMB share on what? What version of SMB? Microsoft removed SMB1 from windows 10 recently it is massively / completely insecure at this point.', ""We had a similar issue recently. It wasn't over VPN but it was between two different IP subnets. The default SMB port that the scanner was using was 139. We had to change the port to 445, which is SMB over IP. Port 139 is SMB over NetBIOS, and that won't traverse different subnets. This resolved our issue. I hope this is helpful, but if all else fails, an FTP server will work just fine.""]"
125,101,125_h1b_visa_sponsorship_companies,"['h1b', 'visa', 'sponsorship', 'companies', 'foreign', 'hiring', 'workers', 'hire', 'h1bs', 'candidates']","[""Advice is look in your home country and get more experience, then start looking at international companies The market is flooded right now with new grads and experienced people and with all the layoffs in tech there are more people than job openings US companies have ZERO incentive right now to go through the paperwork and cost of sponsoring an H1B visa, when they don't have to H1B was put in place to bring in workers when those spots COULDN'T be filled by US workers it was designed for specialized fields it was never meant to be used for entry level jobs or for those with little experience"", 'High skilled H1B Visa floodgates are being opened. They can be paid less, I guess.', 'Just put the words ""Indian"" and ""immigrant"" or ""H1B Visa"" in there somewhere and they have to hire you.']"
126,109,126_bug_bounty_bug bounty_bounties,"['bug', 'bounty', 'bug bounty', 'bounties', 'bug bounties', 'programs', 'hunting', 'vulnerabilities', 'bugs', 'doing']","[""Try bug bounty if you haven't already, it's hard as hell but with your experience you may do well and you can be your own boss."", 'Look up meta bug bounty, if you are correct and can figure it out they will pay you.', 'Get the basics down first. Learn networking and really learn it well. Same for other big areas of IT like AD, web applications (esp if you are drawn to bug bounties), AI because AI bug bounties are becoming more popular, at least one cloud vendor ecosystem (azure/aws), learn the basics of security, there is a lot more to it. Be careful falling into the trap of seeing people get huge bug bounties and thinking that will easily happen for you. Bug bounties are very difficult to come by and often require a very deep knowledge in web applications, cloud and network infrastructure, scripting/automation, linux, javascript. Often times bounties are picked up very quickly by more advanced researchers who automate a lot, and have deep technical knowledge in many or all of the areas above. With bug bounties you are competing with the app developers and their security teams as well as security researchers around the world. It is not an easy source of income for 99% of people and especially not as an entry to security.']"
127,206,127_white_black_race_friends,"['white', 'black', 'race', 'friends', 'speak', 'color', 'talk', 'relate', 'dumb', 'people']","['As a fellow black guy in the industry: I have been the lone black guy in IT for years now. Only 1 team was different, but it was also a massive company. Current client i\'m with now I\'m the only black guy in the office. Point is, it\'s normal. It gives me plenty of stories to take back to friends and family (of all races) of ""here\'s what these crazy white folks at work did today"" and have a laugh about it. As long as you don\'t feel like they are making your life difficult due to your race, it\'s all good man. There\'s not many people of color in general in the IT industry, so you are far from alone. Everyone no matter what race you are is trying to keep it as professional as they can without being too much of a lifeless drone. Just remember that. You only have to be around these people for X amount of hours a day, and really they don\'t expect anything from you besides you doing your job and making their shit work. Be yourself, no need to code switch to do your job (unless you are trying to impress a client), chances are you were hired due to your skillset and personality... just bring that to work and you\'ll find you are less anxious about speaking up. Everyone is doing the same for the most part, so why not? I can guarantee you that Susan in accounting seems no-nonsense at work, but on weekends she\'s sharing boxed wine with her friends getting lit and talking about the latest episode of The Bachelor and other assorted ridiculous things. Now if you are looking for other black people who are in the IT industry, there are groups are there, probably in your city, take a look and connect. If you ever need another black guy to talk to, feel free. My inbox is open.', '<on\\soapbox As a gay white male, I have experienced my own demons. I really never accepted my situation until late into my 30\'s. I was repressed, and did not come into my own until I moved into a city with a thriving gay community. I\'ve had people express deep hated to me just for having a different sexual preference. Although I do not hide the fact, I do put on a ""straight"" mask, out of years of denial. Having a president in the White House that identifies as a ""nationalist"" seems to be giving racist groups, such as the KKK, permission to express their feelings more openly. Being in the south, I\'ve seen my share of KKK rallies and other racist, bigoted groups trying to share their hatred with others. So I get discrimination on several fronts. People of color do have a different culture that others do not fully understand (including myself). While the government has passed anti-discrimination legislation, such as the civil rights act, that give protections to people of color, they also enact policies such as ""Religious Liberty"" that give people the right to discriminate against unprotected groups on the basis of ""protecting the religious rights"" of people that do not agree with my lifestyle. Heck we still haven\'t ratified the Equal Rights Amendment to the Constitution. It is human nature to group people on several aspects, such as race, gender, nationality, etc. there SHOULD be no bias against people who are not in your own group, but there IS. The only way to knock down the walls between different groups is through honest dialogue with others. As a white male, there are aspects of being black in America that I will probably never understand. It hasn\'t been that long that I fully came to realize that being pulled over for ""driving as black"" was a thing, thanks to movements like ""Black Lives Matter"". However, it is in our country\'s best interest to celebrate this diversity instead of reacting to it out of fear. While racism will probably be around for some time in the foreseeable future, the best we can do is try to treat EVERYONE with respect. I probably have some racial biases that I am quite frankly not aware that I have, even if it is unintentional. It is only through frank discussions across these groups that this cancer can be quelled. There was a quote from George H. W. Bush\'s funeral yesterday day that I hope to remember. ""Hatred corrodes the container that holds it."" The best advise I can give is to keep up the fight and work with people that share a belief that only in celebrating each of our differences, can we finally overcome the sins of racial inequality, bosses that demand sexual favours from the people that work under them, homophobia, xenophobia, and the other sins that we collectively keep committing as a nation, and become a better, stronger nation, contributing to making a better world. <steps\\down\\from\\soapbox', 'Whatever you race/color/background is, no one really cares. Let that sink in. It might be something we can talk about to pass some time and to have something to talk about, but it doesn\'t matter in IT. What matters in IT is competency. We will suffer whatever issues, of differences we may have from each other as individuals but the value you have in an IT team is competency. If you feel like you\'re on the outside, maybe the problem is your a prisoner in your own mind or your expectations. &x200B; I am not myself. In the office, I never speak like I would speak to my friends from the neighborhood. Why is this a problem? This is pretty normal. My friends and I cut loose and when I\'m with them, quite obviously that is because I am not working at that time. When I\'m at work I am professional. I talk nice to people whom I would normally tell them they lazy idiots and are sandbagging and causing the others around them to work harder to pick up the slack for their lazy butts, but I cant speak like I do with my friends in the neighborhood because I am in a professional environment and I a representing the company whose logo is on my chest. So basically not being yourself and instead being an employee is perfectly normal at a lot of places. Professionalism or representing the company is what that social appearance in the workplace is. &x200B; There were always a few guys from India or Asia but nobody I could relate to in terms of background and race. Essentially, I was and am the token black guy. Setting aside the significant emotional toll that comes with that . . . &x200B; Welcome to diversity. Different people. Different backgrounds. Could you focus on getting to know who Bob, Lisa, Stephanie, Eric and Steve are instead of looking for a tribe of similar people you can relate to? Seriously man, is it really an obstacle that some of your co workers don\'t look like you so you feel on the outside? Dude, I\'m from a nationality that this nation is kinda at odds with right now and I\'m in the midwest in white person central an no one gives a crap and neither do I. I only know people for what their name is and for the conversations we have all had individually. We have people from all backgrounds and we just, well I dont know, we treat people like people instead of colors or economic backgrounds. &x200B; My system works. I look at people by who their name is and how they act. I don\'t look at them as a color, as an economic status or as a race and I don\'t lead with race in some sort of mindset that I am bring my race and my social status to the table. No, I\'m bringing me and me is my name and what I do and what I know. How do you conduct yourself is what I care about and if you are a terrible person and your name is Steve Smith, then Steve Smith is a terrible person and not his race or his neighborhood, or his color or anything else, just Steve, and I hope Steve works harder at being better and becomes someone the team can rely on. You should stop looking to these superficial things and putting your mind in a downward spiral of no one to relate to and thats bad. Instead what you have is a huge opportunity to see new things, find new people, learn new experiences from the diversity around you and it seems like you just want to go back to the tribal tent and talk like your friends do back in the neighborhood. Cant you just do that after work? &x200B; And I say all this with a nagging feeling that my insecurities may very well be just a ""me"" problem. I\'d vote yes to that. &x200B;']"
128,140,128_questions_asking_candidate_wireless,"['questions', 'asking', 'candidate', 'wireless', 'question', 'ask', 'introduced', 'introduce', 'answer', 'candidates']","['Unless it\'s an entry-level networking job, asking what WEP vs WPA2 is seems pointless. My hope is I can ask the candidate about their wireless experience or how they would secure an enterprise wireless network and they can explain either relevant experience or for those fresh out of college something they\'ve done at home or in the lab. This is why questions like ""what happens when you type Google.com in your browser and hit enter"" are so great, candidates can go into as little or much detail as they want. Easy trivia questions taken from Network+ or similar tend to filter out those that are passionate but don\'t have the book knowledge down pat, while rewarding those that are chasing the paycheck and memorized the exam objectives. It\'s a very poor way to hire. I agree that the candidate pool seems more diluted these days with lackluster candidates that don\'t show initiative at the entry level, but to get the best talent you also have to do a good job of filtering out the bad ones without scaring off the good ones.', ""I asked people simple questions like what is WPA, what did wpa 3 introduce and I’m treated like I’m asking the most obscure questions. I honestly couldn't tell if you were joking... because if this is in your list, you are asking obscure questions. Treat interviews as though each costs $250. If you don't think they know this stuff - or at least how to find out - they shouldn't be sitting in an interview. You're wasting your own time, the candidate's time, HR's time, and the company's money. For those who are new to interviewing: You're hiring a human, not a bot. Don't ask candidates that which can be googled in 5 seconds, because Google works at work. Go after useful traits the human brings to the table, and that shows they know either the how or the why behind doing. Something that shows they can navigate sensitive topics. Something that shows they understand and can interpret policy and have good judgment and personal integrity. Have a few technical questions, stuff to indicate their level of knowledge, but make it situational. Look for what questions they ask for clarification, not the (a), (b), (c), or (d) response. If you can't empower them to learn (or teach them) things that fill technical gaps, you are not a leader. If you're relying on a person to know stuff that's easy to find in Wikipedia, you're not hiring a human."", 'I asked people simple questions like what is WPA, what did wpa 3 introduce and I’m treated like I’m asking the most obscure questions. Yeah, I am 25 years into my career, and I couldn\'t answer that question. I absolutely use and configure wireless networks, but I am fairly specialized in Application Security. That said, early in my career, I designed WEP, and WPA wireless networks, so it took me literally 5 minutes to look up the answer, read through a couple of articles and docs and refresh myself. Then, as a lark, I asked ChatGPT, and it gave me a summary that was pretty reasonably accurate. Are you interviewing for a network security position? Is that role specifically going to be tasked with designing or implementing your wireless network, or auditing wireless networks, exclusively? If not, then why are you asking a question in the interview that is not directly material to their role? Why are you asking an open ended question that is a pitfall for someone who doesn\'t have encyclopedic knowledge of a specific protocol version? Restructure your interview questions so they are not a pop quiz on a topic you feel comfortable in. Instead of asking about WPA versions and features, design a simple network diagram illustrating a very basic enterprise wifi network, state which protocols are in use, and explain a specific threat, then ask the candidate to walk through how they would assess the network for security issues, what steps they could take to address that threat, and ask questions about how they could improve the overall security of the network. Asking open ended questions doesn\'t have to sound like the apocryphal final exam that has one question... ""What did you learn in the class this year?"".']"
129,120,129_startup_startups_equity_product,"['startup', 'startups', 'equity', 'product', 'culture', 'leadership', 'incredible', 'options', 'pre', 'founders']","['Got a couple co-workers who recently made that switch. I’ll share your post with them in case they want to chime in. But some general things I’d suggest thinking about in your decision process: make sure the pay is worth it. With start-ups/small companies, you may have some changes in perks, such as health insurance or 401k’s, that impact your total comp. stock options or grants, which can be a common startup benefit, should be considered a nice bonus but not a guarantee. For every Facebook that ipo’s and makes employees a fortune, there are dozens of startups that either don’t successfully ipo or get acquired, Or who get acquired at a point which doesn’t Get a huge payout for those holding options. It’s also worth noting that the VC funding market is a LOT different than it was just a couple years ago with money no longer flowing freely. IOW’s…. Make sure your salary is enough to make you happy because options while great, aren’t a guaranteed payout. . Smaller companies are generally gonna have you wearing multiple hats because there will be things that need done, and not a ton of people available to do it. make sure the job’s atmosphere and culture are a good fit for you, And you feel comfortable with. This goes double for the leaders because more so than a larger company the success or failure of the business can come down to their leadership and the culture they nurture.', 'Startups are imperfect places. They are never going to have the structure and formality of a more established company. They also will cut corners on lots of things, like communication, due to a lack of resources. This is simply the way startups are. The benefit of a startup is you will be exposed to a lot more things and be able to develop your skills. You can also get options which can be lucrative. I realize you feel bad about the experience, but honestly it sounds pretty normal for a startup. If you’re not comfortable with the chaos of such a place, then don’t work there. Because they’re all like that. Moreover there is no shame in wanting a job with more consistently and dependability. However the downside is it’s much harder to move up or grow.', 'Ill be honest, this post seems rather alarmist and like its written by a person that had limited experience in what, I assume, was a pre-seed startup. I want to start by saying im nit excusing anything like not paying employees...but everything else seems....fairly typical and even the pay issue was ""hearsay"" from other ex employees. 55 to 60 hours? Thats great in the startup world. High end would be 80+ hours a week atleast. Rapid hiring, sink or swim environments with rapid firing, thats typical. These companies are just as sink or swim as they handle talent....if they dont book pre rev indicators, they wont exist within months most times (especially if theyre pre-seed). Unrealistic expectations, relentless pressure - also typical. Disjointed or seemingly disorganized leadership amd decision-making/ strategy....also quite common especially if youre not in a Sr leadership role yourself. The real unicorns as startups often emerge out of companies that solve this across the breadth and depth of their org. To anyone reading this comment, I highly suggest you consider this relatively alarmist, as startups are make or break - its why most dangle equity - because in what other role can you potentially 50x your equity value? This is the cost of running for that upside...so long as you know this about startup culture, especially very early stage, you will be OK. Its not for everyone, but this post is very alarmist to me. Source: 2x startups. 1 pre seed to IPO and 1 series B to failure. Ive since gotten out of startups myself, not because of the hours or the stress - but ultimately the uncertainty of existence.']"
130,148,130_gig_new gig_new_finding new,"['gig', 'new gig', 'new', 'finding new', 'luck', 'months', 'start', 'better', 'job', 'finding']","[""Congratuations, fellow Sysadmin. Glad I'm not the only one that comes here for therapeutic relief from the stress and insanity that is IT work. Best of luck at your new gig! Keep us posted as to how it goes, and how it makes you happier than you were at your previous gig."", 'Take the gig just due to the fact your at startup alone.', 'Put me on, I’d love this as a second gig lol']"
131,158,131_source_open source_open_software,"['source', 'open source', 'open', 'software', 'source software', 'auditor', 'risk', 'closed', 'oss', 'security risk']","[""unfortunately you can always argument one way or the other that either open source is a security risk, or closed source is a security risk. Benefit in open source is that everyone can see the sourcecode and look for security issues and fix it or report it. From my point of view all software is a security risk by it's nature, you cannot distinguish by closed vs. open source wether or not it is a security risk. Get another auditor."", 'A risk-based security framework is there to identify risk. It\'s not there, precisely, to tell you what can and cannot be done. We haven\'t done 27001 yet, but I\'ve gone through a number of assessments about it and other risk frameworks. I would say that yes, open source qualifies as a risk that should be identified and understood. Open source is frequently correlated with a lack of a strong commercial entity who has support SLAs, contractual obligations to security vulnerabilities, a good business model, etc. Not that I said correlated. Not all open source is this way, but it is frequent enough that use of open source software should be scrutinized: what happens if there\'s a vulnerability? Who fixes it and how fast? What happens if the project is abandoned? Is the company stable and likely to be solvent through the product\'s lifespan? Of course, evangelists will cite ""many eyes"" as a security benefit, but look at OpenSSL? It\'s just not a perfect system, and we\'re back to the business model: good finances, paid developers, regular audits, and a lot to lose are important contributions to building good software. I love open source, and we use a lot of it here. But a risk framework is about identifying all risks, and there are risks to using open source. Of course, your sysadmin sounds like he fundamentally doesn\'t understand risk frameworks, which isn\'t unusual. The old guard looks at security vulnerabilities as a checklist, which means that all vulnerabilities should be mitigated 100%. A modern approach to security understands that nothing is 100%, so you assess and determine where your risks are appropriate. ""If we don\'t use this, we have to write it from scratch which delays us by 18 months, or spend $200k/year for <product"" is often a reasonable response to the risk of using open source.', 'during the audit our auditor kept mentioning that we use a lot of open-source software and that this was a security risk. Your auditor\'s personal experience is PROBABLY coming into play that most environments that person has dealt with had none or many fewer open source products that came up in their audits, so they made a hasty generalization about open source software --- that most organizations don\'t use so much X kind of software, And its a ""risk"" in their view, because what your company is doing is very different from others. The difference in your environment may be making their job as auditor harder, And/Or the auditors may have also read policies of some other companies and conferred with non-technical managers of other companies that prefer closed-source and read policies or papers that have a derogatory opinion about OSS. Also... OSS is an easy guy to pick on. An auditor would be highly unlikely to say: ""Its Risky that you\'re using Microsoft software here,"" or any specific vendor.... Because they will have companies using that vendor\'s product, and that vendor also likely has a team of lawyers and a PR department. On the other hand if you say ""Open Source Software is XXXX,"" there\'s no company called ""Open Source Software"" with a team of lawyers to sue you for libel; Even there it were it is true that there are some risks to address --- for example, with non-commercial software you don\'t get a warranty and Indemnification if having or using the software turns out to infringe upon a copyright or patent: again, OSS is not a company with a team of lawyers to indemnify their customers. So if there\'s patent infringement in the software -- the company using it in all likelihood assumes some kind of additional legal risk; which is PROBABLY worth the tradeoff of getting to use OSS, but it is a tradeoff - b/c of outside forces the OSS isn\'t completely free of all considerations.']"
132,127,132_lawyer_illegal_sue_signed,"['lawyer', 'illegal', 'sue', 'signed', 'obligatory', 'legal', 'hit gym', 'delete', 'feel lot', 'better security']","['Lawyer up, delete this post, and please after all of it settles, report back and tell us how it went.', 'Get a lawyer asap and stop communicating with the company until you have met with the lawyer.', 'Lawyer. Nothing else. Lawyer. Employment. Lawyer. Then sue. For monetary damages and stress. Loyalty is dead at this point.']"
133,221,133_months_hiring_short_month,"['months', 'hiring', 'short', 'month', 'job', 'gap', 'hopping', 'job hopping', 'hiring manager', 'fit']","[""Others have mentioned all the stuff you need to know the most. Leaving a job after 6 months that's emotionally draining is in itself not going to look bad. If it creates a gap, you'll probably be asked about it. If you're hopping 6 months, 1 year, 2 years and it's a pattern....yes there are many people who will pass over those resumes because the assumption is that it's not every other org that's the issue. Similarly, if your resume has 6 months of work at an org but has really grandiose XP....many people will just assume you're lying or pass over because 6 months is nowhere near long enough to measure effectiveness for lasting changes."", ""Putting aside your personal challenges - you should definitely do what is best for you and your mental health - I will focus on how I would respond as a potential hiring manager. First off, congrats for getting through the ATS and my HR teams. I would acknowledge that your application has merit to make it through that and land in my inbox. A single job duration of less than a year is a yellow/amber flag. There is no guarantee that you'll be a good fit in my org (even in the best scenario where our shit doesn't stink). So I would be concerned whether you will be able to handle the role we are offering. If I see multiple short stints (especially if they seem to be 12 months or less) then that is a Red Flag. As a hiring manager, that tells me that you may not stick around, which for any reason is not a good sign. Regardless of what you read on Reddit, hiring managers and the companies that employ you are investing significant time and effort in you when you are hired. Even if your relationship is transactional, and even if work relationships fray, managers are acutely aware of the impact of losing good workers. So, you should always balance personal and career impacts of your choices."", 'would the risk of quitting a job to work on myself and have a gap on my resume potentially be worth it, or would it look worse from a hiring manager\'s perspective to quit my job after 6 months? This is something I\'ve only ever heard be an issue from boomers, and I\'m not saying that in a Millenial/GenZ generational strife type of thing. It\'s in the same vein of older folks saying ""Walk in, demand to speak to the manager, and shake his hand"" as a way to get a job in the modern era. It certainly was a thing decades ago but not so much today. I\'ve had a 6 month gap in my work experience, and throughout my 8 year career have never worked in a place longer than 18 months. Lay offs, re-orgs, or just finding a higher paying job doing the same thing. Has literally never come up once. I\'ve been in the hiring process for dozens of people throughout my career. None of us cared about gaps or short tenure, except for the one or two dudes in their 60\'s. If they checked all the experience and credential boxes, did well in technical interviews, and didn\'t seem like an ass that would clash with the existing team; then they were solid. Maybe in hyper-competitive jobs like Google something like that matters, and maybe it matters in other industries, but for tech roles I don\'t think it matters.']"
134,101,134_outsourcing_outsource_outsourced_company,"['outsourcing', 'outsource', 'outsourced', 'company', 'contract', 'money', 'save money', 'companies', 'cut', 'consultants']","['I saw a similar thing happen at a previous company (large credit card processing company). Management found a new shiny outsourcing company that they thought could save money. They got rid of a lot of the current on prem staff (except a few guys to lead the outsourcing company and train them). Said outsourcing company failed miserably understanding the infrastructure (a lot of outages and down time came from this costing a lot more than they were saving). They started trying to find and hire all of the previous employees they fired. A few actually came back (after asking for a lot more money than they were previously making) a lot did not come back even after being offered a lot more money and benefits. A few years later.........they are still trying to recover. The manager that made the call to go to outsourcing was fired......and the business is still trying to limp along but did find some savings from removing the manager lol', 'outsourcing IT is the worst invention happened since the word of ""Outsourcing"" became a popularity in the industry.', 'I\'m going to start off by saying that there is nothing wrong with outsourcing or cloud migrations. There are organizations which do both successfully, and as a sysadmin I push for it whenever it makes sense for a given system. Outsourcing gets a bad rap because the people behind it are often non-tech business types guided by consultancies. Consultants who are often getting referral bonuses (kickbacks) from the outsourcing companies. The sales people will prime the C-levels by playing to their egos, and convincing them that all their internal IT staff are useless and sucking up resources. Any complaints are just sour grapes from people trying to protect their jobs. You\'ve been in IT long enough to have encountered the attitude of ""buy our software it never breaks, if your IT people complain about no maintenance docs, just tell them it doesn\'t require maintenance! That\'s probably why your IT people are against it!"" That is the same sort of scenario playing out here, and there is no good way out. Fundamentally there is a difference between well managed outsourcing driven by technical people who can hold vendors accountable, and bean counter types who cut off their own feet to save money on shoes. It sounds like this business is about to learn the hard way about outsourcing. Here are your options: 1. Approach the leadership with a bare bones cost cutting proposal of your own that incorporates many of the consultant\'s suggestions. Keeping it bottom line focused, and not about employee loyalty or anything. With luck you can minimize the damage, by keeping certain critical areas in house, or at least under IT supervision. The key here is to establish responsibility. Someone inside the company will have to be responsible to manage all these outsourced vendors. If you start trying to establish who is \\responsible\\ for IT, then you\'ll suddenly have a bunch of executive shaped dust clouds as they all run for the meeting room exits. The combination of your plan and taking ownership of the process will allow you to exert some control of events as they play out. The problem is that there will still be a lot of IT pain due to the outsourcing push, and you will be stuck somewhere between unsupported and undervalued. 2. Immediately begin searching for alternative employment. Leave as soon as you find it. Part on good terms with the leadership of the current company and give them a consulting rate sheet on your way out the door. You can do either one or both, but in either case you\'ll want to act decisively. Don\'t wait for the decision to be pushed on you. In many cases you can\'t stop people from destroying their own business, but you can position yourself to avoid damage.']"
135,167,135_toxic_toxic environment_toxic work_culture,"['toxic', 'toxic environment', 'toxic work', 'culture', 'environment', 'toxic people', 'workplace', 'work environment', 'work', 'job']","[""OP, I'm a student, I'd like to know what kind of problems/toxic environment you mean because I don't understand entirely, what about corporate culture is toxic?"", ""I've been there, in healthcare, not IT. Being hourly helps a bit, because hey, overtime, but eventually something has got to give. It sucks that you have such a toxic manager, it took me more than one person to finally decide to leave, but it was so worth it. When you leave a toxic work environment your only regret is not doing it sooner. Call the recruiter up and give your current employer the barest of minimum two-week notices. Like make your last day in the middle of the week or on a Monday."", 'I\'ll add one thing to your post above. There\'s another bad place you can get to when you have to deal with all of the above, and I\'ve seen it become a trap for many people. Sometimes people don\'t have the mobility to leave a toxic job... I get the impression here that many posters are either young or otherwise unattached, but depending on what\'s going on in the rest of your life you might not be able to change jobs - you might already be working at the one place that does something you are skilled for in your area. The problem I see people run into is that they learn to cope with the toxicity... they develop a deep apathy toward their job, and they get addicted to the pay level they have (and usually gain, because toxic jobs tend to have a lot of turn-over). These two things lead to them staying for many years longer in a toxic workplace than any sane person should. The trap I mention is similar to what OP mentions - over time your sense of what is normal fades, and you come to accept the way things are as normal or ok. If you ever manage to move on, you look back at those years as wasted, and worse you\'ve set your career back that long. In the IT industry, if you\'re not always learning you\'re going to be out of date quickly, and that plus the fact that you\'re aging means when you finally manage to leave that toxic workplace that you\'ll have a hard time finding a new job in your field. A lot of the time you have to take a couple of steps down the seniority ladder and essentially ""pay your dues"" all over again just to get back to where you were. Take it from someone with almost 30 years of experience in IT... the damage a toxic job will do to you is not worth whatever it is that you think is keeping you there. Do whatever you have to do to move on, because keeping that bad job is going to hurt you and those around you in ways you can\'t imagine. Don\'t think all that toxicity is going to get left at work - it affects your partner, your family, your friends. Don\'t do it.']"
136,144,136_hr_change_legal_display,"['hr', 'change', 'legal', 'display', 'names', 'username', 'correct', 'login', 'misspelled', 'script']","[""This is why it is our policy to only use real, legal names from documents in our system. I don't care what you're favorite nickname is or that you actually go by your middle name more often. Your driver's license and social security card say what your name is. You're free to change your display name in G Suite on your own, and you can add what ever name you feel like using in your signature file, but from all internal system perspectives you are your legal name. I crated this policy with HR, too, and they feel the same way. It also goes for married names. Until we have the legal document showing an official change of name, we're not doing anything."", 'We used to have usernames based on department and initials. After too many issues changing them on either change of name or inter-departmental moves, we\'ve abandoned the scheme. Now all users get a random username of 4 consonants and 2 numbers. I haven\'t seen the code that generates them, but I think there may be an additional check or restriction to avoid outputs that could be deemed offensive. Display Name in the GAL and Email is then something that can be changed relatively easily. We try to ensure that they\'re not used as a primary key anywhere, and that instead everything is keyed off of the username. Your display name is built from your preferred name, your initials and your last name. All of these fields are fed nightly from the HR system. We make sure that changing what you wish to be called is a discussion with HR, and that any knock-on changes to IT systems are fed down automatically. I don\'t care if Frederick David Bloggs wishes to always be known as Dave, HR can enter that in the system and then their Display Name would be ""DAVE F.D. BLOGGS."" His username will be something like spqr12, and that won\'t need to change.', 'This used to happen a lot, I finally told the folks to go complain to HR. After we had a change in HR the issue finally stopped. My fave name change is the one where the girl hired on and within a week wanted her name changed. I asked for a legal document as we had a few who wanted to use different last names. She brings it into HR, HR lets me know it\'s OK. So I change it. Then she gets married a few weeks later. ""Hey, can I have my name changed again. I said we could just change her signature - ""no, I want my full name"". Ok, I change it once HR sends me the paperwork. Weeks pass...no one knows who she is so she wants to hyphenate it. I send her to HR, they say it\'s OK but tell me that they\'re getting tired of her. I go through the dance of changing her accounts over to her now hyphenated name. I do remind her that she\'s going to have to type the new one in as her logon and that she can keep her old name as the logon as no one will see it. She\'s not happy and says it\'s not a problem. Within a few days she says she\'s tired of typing her name in now and wants it back to the shorter one. I tell her no fcking way and she could go to HR. I thought HR was going to put a cap in her - they told me to leave it be. She ended up quitting then returning not too long after I left. What does she do to the new IT person? Goes through the same name change dance again. What a colossal pain in the ass.']"
137,127,137_acquiring_merger_company_acquired,"['acquiring', 'merger', 'company', 'acquired', 'acquisitions', 'acquisition', 'integrate', 'bought', 'companies', 'integration']","[""Unfortunately, I've had a few. The worst was a few years ago when my company merged with a larger company (essentially, it was a sale). We had a few initial meetings with the acquiring company's IT department. One main thing we pointed out was that in order to migrate data to their datacenter in a reasonable time (we hosted exchange onsite and they were going to close that office), we should upgrade our circuit speeds. We had an MPLS circuit, so increasing the speed needed some lead time, but they ignored us. While planning the various parts of the migration with my counterpart, we'd agree on a plan and he'd take it back to his manager (my future boss). The next time I talked to my counterpart, he'd inform me that we're doing it a different way, which was usually not the most efficient way. Long story short, they had problems and unnecessary delays from the beginning and they continued after the merger was completed and the migration tasks began. One example: it took the guy about a week to build an IPSec tunnel between their datacenter and our managed firewall (Cisco ASA through our ISP). He wouldn't let me take a look at his firewall (Fortigate, if I recall correctly) to try to assist. Another example: we're up against a tight deadline and we're in a meeting to discuss the migration. The guy proceeds to call some end users to work on some helpdesk tickets, which took about 20-30 minutes. Note: they had outsourced helpdesk, so why he decided to take those tickets at that moment is beyond my understanding. Things came to a head around Christmas. We're having a discussion about migrating users to the new domain and the best way to handle it. I didn't agree on the approach (long story), when he gets up, shuts my office door, then proceeds to lay into me and blamed me for all of the problems and delays. I fired back and corrected him on some of the issues that he was trying to blame me for. I was livid, but stayed under control as much as possible. After a few weeks of dealing with their BS post-merger (more blame, more idiocy, etc.), I finally decided I had enough. I had been looking for a job for some time and had some promising interviews, but nothing concrete. Regardless, I was miserable and each day felt worse than the previous day. I woke up one Monday morning, decided I wasn't going back, emailed my non-IT coworkers to say goodbye, emailed my new boss and counterpart and tendered my resignation, effective immediately. Even though I was now jobless, I felt a huge weight lifted off my shoulders. By that Friday, I had a job offer that I accepted. Of course, quitting without notice wasn't the professional thing to do and I would do things differently if I could do it over again, but I don't have any regrets other than abandoning my coworkers and leaving them in their incapable hands. Later that same week or the week after, I found out they were accusing me of deleting data from servers. My new boss called my former boss to discuss the situation and my former boss called me to let me know. I was shocked. Apparently, according to them anyway, some data had gone missing and they threw me under the bus. I may have quit on the spot, but I would never steal or delete data. I couldn't believe what I was hearing. My former boss told them that it goes so far against my character and, if they were going to accuse me of it, they better have some concrete proof. I never heard anything from them directly, so I have no idea what actually happened. I was so glad that nightmare was over. However, I still think about it from time to time and I feel my blood pressure elevate every time I do...like now. :) &x200B; Sorry for the long reply. It could've been much longer, but I spared most of the details of that clusterfuck. &x200B;"", 'Ive been on both sides of purchasing a few times. OK sounds like they are in discovery, and honestly IT comes late in that process, cause fixing crap IT systems is easier then finding out the company lost millions last year. The big tell here is when you\'re asked to audit what equipment you have (if you haven\'t already) cause thats part of finance. But, to the important part, your job. Do you know the name of the company buying yours? or can you work it out? Without that, you cant work out much. Ill presume you know the name. OK, do they have a history of buying companies? Google can tell you this. Ive worked for a company that bought 5+ companies a year, and others that basically never buy them. This will tell you the time frame, could be weeks to about a year for your size to integrate. If they do have a history of buying companies, what happened to those staff? Specifically IT. At least once the purchase is completed, you will get in contact with their IT, ask them. If they dont retain people or dont at least say ""Joe is from another purchase"" then look to leave IMO. Unless of course they have no history of purchases. Ask what your role in the new company will be, if you dont get a GOOD answer, then that doesn\'t bode well. EG if its ""you\'ll do what you currently do"" thats a bad answer. If its ""You\'ll report to XYZ, you\'ll work on these projects, integrate with this team"" thats a lot better. If you\'re asked to document your entire job, thats also a bad sign. Once you get accounts on their system, go hunting in AD, hint: you dont need any special privledges to do this at all. Does it look in order or total chaos? Tells you a lot about their AD. The third possability is that they keep you, but you\'re role is basically care taker, where you wont grow, your scope will shrink, but your job is safe. Ive been in that position where I left for my own sake, because I didnt want to nuke my own career. This is most likely if you are a long physical distance from the buyer, they dont have a big history of purchases, your company is highly profitable. Oh, one other case, the purchaser is a investment fund. Have they bought similar companies? Look into their purchase history, Ive seen many of them destroy companies by strangling it for money. Your job could be safe, but suddenly your budget is two expired tuna tins a year, run in that case. No matter what, everyone will say ""your job is safe"" the whole time, ignore that, it may or may not be, what it means is ""Dont leave now that would screw us over"" even if they plan on keeping you, or canning you in 2 days. Overall this is why people leave when companies are purchased, its so unknown that the safe thing to do is to leave. EDIT: Ill also add, if you\'re being bought by a much larger company and have 26 staff, chances are they will rip and replace your setup with their standard setup if they have a history of purchases, no matter what happens to your role, thats the smarter choice, why have two system where one is used for a small part, where you can integrate it all?', 'I used to work on acquisition security. Acquisitions are always chaotic. Most companies don\'t actually understand how to integrate a new business. For individual contributors (ICs) like analysts and engineers, this usually means one of three things: 1. Situation more or less unchanged. If you have fungible skills and your acquiring company has similar teams that align well, it\'s usually pretty easy to either integrate the teams or just lift and shift folks into the parent team and use their knowledge to help with integrating the subsidiary. 2. Get lost in the shuffle. If you\'re looking for laid back, this is the option to hope for. Oftentimes the acquiring company has a very clear vision for one product, business line, team, etc. at the new subsidiary and everything else is basically treated as ""uh, we\'ll figure it out"". This leads to teams getting less (and eventually basically no) work while the parent company sorts their shit out. What most companies and people don\'t realize is that acquisitions usually take on the order of years to fully shake out. Even cases where the company is purchased for patent rights and is being dissolved afterwards take upwards of 6 months. If you end up on this path and you\'re okay with coasting, you can do it for quite awhile. 3. Motherfucking Chaos Mode. Congratulations you\'re now on an integration IT team writing firewall rules. Oh wait, we lied we actually need you to write documentation for this service you never worked on because the entire team quit. Oh, hold up, shelve that (still super important, though) we need you to write a Database driver to integrate our system with this legacy product your company supported that we realized was still printing money, so we don\'t want to shut it off. What\'s that you\'re not a SWE and have never written a DB driver before? You seem like a smart kid, you\'ll figure it out. By the way is that documentation done? No wait, you\'re back on firewalls. Oh wait, all of our TPMs quit so now you\'re managing action items for the integration of the marketing team...']"
138,89,138_headphones_noise_hearing_cancelling,"['headphones', 'noise', 'hearing', 'cancelling', 'hear', 'open plan', 'open', 'canceling', 'office', 'wearing']","[""Noise cancelling headphones. If your company won't let you wear them then change where you sit or change jobs. Open plan offices can work though as long as there is a constant level of noise. It's changing noise levels that cause distraction."", 'Developers: ""We want an open plan office so that we can collaborate better"" So the copmany creates an open plan office Developers: ""We all want noise cancelling headphones because there is too much noise"" Developers: Sends an IM to the person sitting next to them because they have noise cancelling headphones on Developers: ""I need a powerful laptop to take my work and do it quitely in a huddle space/meeting room on my own"" and the list goes on...', ""Noise cancelling headphones, pink noise and [Rainymood]( Let people know that headphones on = do not disturb. Headphones off = I'm available. Dual or triple monitors to block the view. I use the middle monitor to do actual work and two are there just to block the view. Starting work at 7 am and leaving at 5, gives you 2 hours of interrupt free time. Ask for remote days.""]"
139,129,139_vm_server_vmware_vms,"['vm', 'server', 'vmware', 'vms', 'esxi', 'host', 'hardware', 'hyper', 'cluster', 'running']","[""Regarding virtualisation, this is definitely something that could have been implemented with no cost. You can get a copy of the latest VMware ESXi on a free license with limited copies. It's a perpetual license, no trial, so you can keep it running this way forever. As a pure bare-metal OS server replacement, this is fine for now. Even if you were to allocate your entire resource to a single server, virtualisation still affords you the flexibility to do what you want with your estate after it's built. It's also a great way of splitting out your services and avoiding software problems. Issue with your DHCP that requires maintenance? No problem, your DC is still online. The downside to ESXi is each Windows server instance will require its own license, which can be expensive for a small shop. In this scenario, you can just install the HyperV role on Server 2016 and spin up a few VMs without the license cost. Definitely something worth thinking about. Even if it's a two or one man shop, virtualisation doesn't cost anything and increases flexibility."", ""I'll keep it short because there are plenty of opinions in here on how to spend money I'm not sure you have based on your post. 1) ESXi for a single server is free. You can throw a rock in a major metro city and hit a VMware Admin, so my suggestions would be to use the Free option for ESXi instead of XenServer. 2) I think you can still get a free version of Veeam which will dump your VMs to any Windows box with enough storage (or a small NAS with CIFS/SMB which emulates a Windows box). I'd look into that for backups and then maybe some cheap cloud backup of that 1 Windows File Server. 3) Windows Server 2003 is based on Windows XP. As such its very old and might not be getting Security Patches anymore. I would be VERY careful about using that to host anything on the public internet without a VPN in front. 4) Office 365 for some of your stuff is a good suggestion, but obviously there is a monthly charge for a service like that. Google Apps which is like a Corporate Gmail is another option if you just need some basic Email and Calendaring. Still a monthly cost but might be cheaper. 5) Both HPE and Dell have Refurb and ReSale options if you dig a little. Sometimes its as simple as a server was shipped out, the customer opened the box, but then returned it with little or no usage. At this point it cannot be legally sold as new, but its just as good and often carries the same 3 year warranty."", ""There is not much reason to NOT use virtualization even on a small, single server environment. VMWare provides a free hypervisor licence, all you need to do is make an account and request it on the portal. This will allow you to abstract the hardware, so any future upgrades or migrations to another server or to the cloud will be transparent to the windows OS. For example if your new server decides to go on early retirement 6 months from now, you can pop in the raid card + drives into a new machine, either plug in your SD card/usb drive/ssd or whatever you used to install the hypervisor or just reinstall it, and you're up and running. If you do backups at the VM level, you can also then restore to any machine running vmware too (can even be used as a development environment to test major changes). &nbsp; 5 years ago I could understand not doing it, but now you're basically voluntarily handicapping yourself by ignoring virtualization. Unless you need to plug in some super niche, very hard to work with piece of hardware that will never work when virtualized, you should just do it.""]"
140,118,140_dns_records_hosting_domain,"['dns', 'records', 'hosting', 'domain', 'txt', 'godaddy', 'registrar', 'server', 'eligible', 'dns server']","[""Heartiest congratulations! May your screwups be contained and easy to fix. And remember: It's always DNS. Even when it couldn't possibly be DNS, it's still DNS."", 'We were in a similar situation with another vendor, it was quicker to re-create DNS records in AWS and transfer DNS hosting over then to wait for them to fix the issue.', 'The sad part is you could probably transfer your domain registrar, get DNS hosting, re-create your DNS records and have been up and running already.']"
141,47,141_ipv6_ipv4_64_addresses,"['ipv6', 'ipv4', '64', 'addresses', 'nat', 'wasteful', 'subnet', 'ping', 'traffic', 'ip']","['In my experience, people overcomplicate IPv6 on the gut reflex reaction, right? Have an IPv4 primary address? Buy the block that has your IPv4 in the leading octects in IPv6. Might set you back $1000 to $3000, but you get a nice block of IPv6 that resonates well to what you had in the IPv4 space, and will have addresses that your ISP can give to your modem in spades, that your organization can own.', ""Man is it ever wasteful. Not being able to subnet less than a /64 is such a foreign idea to me having spent the last years trying to save and squeeze out every last IPv4 IP we could. It's a different mindset to think about. There are enough IPv6 addresses to not have to worry about exhaustion any time soon. When you consider that there are very roughly 7,500,000,000,000,000,000 Whilst that sounds ludicrous, it actually means there's a fairly substantial degree of security via complete obscurity. Could you imagine trying to do a portscan of every IP address in an IPv6 subnet? That will slow down your average worm quite a lot unless they can actually watch traffic at layer 2. FE80 is the same as a 169, kinda, but not really There are lots of things in IPv6 that are kinda like something in IPv4, but quite different as well. I like Douglas Adam's description of this kind of comparison - almost, but not completely unlike. FE80::/10 is designed for the IPv6 equivalent of broadcast traffic which is another thing that IPv6 handles in a way that is almost, but not completely unlike how IPv4 does. There is no broadcast traffic in IPv6, just reserved ranges of IPv6 addresses that multiple servers that provide specific services will listen to. It's a much smarter way of handling traffic as switches can filter out multicast traffic in a way that it can't filter broadcasting."", ""If your client wants to access ipv4 websites and be contactable from them, you'll need to set up an IPV4 address proxy server for your ipv6 host. If you set the A record in DNS to the proxy then it can forward it all on to the appropriate ipv6 machines. You also need a reverse proxy which you set as the DNS provider for your ipv6 machines. It resolves all ipv4 addesses to it's own ipv6 prefix, plus the ipv4 encoded as ipv6 on the end. Then all ipv4 trafic will be routed via that box and should work!""]"
142,55,142_bitlocker_key_keys_recovery,"['bitlocker', 'key', 'keys', 'recovery', 'encryption', 'tpm', 'reg', 'suspend', 'enable', 'ad']","[""How do you create an image with Bitlocker? I can't generalize with Bitlocker encrypted."", ""Two things before I start: 1: There is no such thing as a 'noob question'. 'Noobs' don't ask about things they are uncertain about, they tend to blindly go in and break things. 2: BitLocker is easy. It sounds like you're taking 'too big of a bite' of the cherry, as it were. Here's what I would be doing in your situation (no MS Bitlocker Admin / Monitoring): Enable GPO to back up BitLocker recovery key(s) to AD (this is very important, you DO NOT want to be running around looking for a text file!) GPO located here: (there may be two policies, one labelled Vista / 2008, one not, depends on your GP templates, just fill out both identically if so) If you have existing BL deployments and want to back these up without decrypting / re-encrypting: Test on a few laptops, just enable BL manually for now. Verify it stores the recovery key in AD successfully. (Look in AD Users / Computers, 'BitLocker Recovery' if for whatever reason you need to look at this on a Windows Server, make sure the 'BitLocker recovery' feature is installed (ServerManager) Moving forward you can either enable BL on the rest of the systems manually a few at a time or you can automate it -- something like would be a good start. I would be interested to hear other admins ideas."", 'If you have password for bitlocker then you have a tool for that']"
143,62,143_nursing_nurse_hospital_nurses,"['nursing', 'nurse', 'hospital', 'nurses', 'license', 'rn', 'medical', 'healthcare', 'bedside', 'field']","['Nursing is a physically taxing job. A lot of older nurses eat their young so to speak. I hurt my back once while I was a CNA in nursing school….left for something else in healthcare.', 'I see you mentioned considering nursing. For nursing to NOT feel like it’s melting your bones, going into a niche field is the way to go. I’ve been a nurse for 30 years, BSN, now Masters Degree hospice NP. Bedside nursing can be very fatiguing and stressful. If you do consider nursing, get 2-3 years hospital bedside experience, then branch off into a niche that pays the same or better, and climb from there.', ""I don't want to dissuade you because there is a space for everyone but what is it about nursing appeals to you? What things do you feel nursing will not have that cyber security does? However, this question should also be asked on r/nursing . Because despite all of the horrible things that will happen nursing people spend decades as a nurse. Like all modern medicine it has become documentation heavy. Part of this is due to record keeping requirements so that facilities are able to be paid. The other side is liability factor. Nursing is a challenging profession and each scope will have it own set of skills needed to navigate. Long term care nursing is completely different from the needs, resources and decision making that a hospital setting will have. There's hospice which can be taxing emotionally and mentally. There is psychiatric nursing where you wonder if your coworkers should really be patients. You can work for the town / city in schools or working with city hall. Modern nursing doesn't allow for much of that bedside care that it was known for. In addition, to many places trying to turn a profit nurses are UNDERSTAFFED this is a chronic issue across the US however it seems that this many be the new norm.""]"
144,174,144_conferences_local_meetups_conference,"['conferences', 'local', 'meetups', 'conference', 'bsides', 'attend', 'meet', 'events', 'networking', 'meet people']","['Do you network? Attend infosec conferences? Volunteer at Bsides security conferences. Isaca, ISSA, these are networking groups with monthly meetings join them and meet fellow infosec people.', 'Conferences are all about what you want to put into them. The reason they sometimes get a bad rap is that a lot of times people go to enjoy the location more than they go to the conference. If you want to get a lot out of it, go to the sessions, but also work to make contacts. When you attend a session you like, stay 5 minutes after and introduce yourself both to the speaker, but also the other people who stay. Get contact information for everyone. When you get back to your room at the end of the night, email everyone you met that day. I really like vendor specific conferences as long as they are an area that we invest in. VMworld, Citrix Synergy, Ignite, etc are all great, but they are only what you make of them. Conferences that size attract a lot of the vendors for the other things you are looking for like security, backups and storage. Take time between sessions to go find the vendors and for those that have something of value, get their contact information and follow up just like I suggested above for speakers. Be social. Introduce yourself to people and find new people to have lunch and dinner with. Form contact groups of people you can reach out to in the future and vice versa.', ""Been in this industry 25+ years, and yeah, the big conferences have become vendor sales pitches.BSides runs in several UK cities... London, Manchester, Leeds, Belfast. They're volunteer-run, cheaper than the big conferences, and you get actual practitioners talking rather than sales pitches. Usually, good pub sessions afterwards. OWASP chapters exist in major UK cities, and ISC2 has local groups, too - worth checking if they're active near you. Some meet monthly, and some quarterly. 44CON in London focuses on technical content. Smaller than the massive US conferences, but that's the point - you can actually talk to people. The regional security meetups are often better than big conferences. Check local tech meetups or security groups on Meetup or LinkedIn - they're usually informal, often in pubs. For the bigger stuff, InfoSecurity Europe at Olympia is the main UK one, but it's heavy on vendors. The interesting people are still around, and they just have to look past the big sponsored events. The smaller, grassroots, the ones tend to have better actual conversations.""]"
145,68,145_adhd_diagnosed_meds_medication,"['adhd', 'diagnosed', 'meds', 'medication', 'adderall', 'focus', 'coffee', 'doctor', 'calendar', 'social']","[""Meditation is huge - keep in mind it doesn't have to be completely active meditation that you dedicate time for. Learning ways of clearing your head helps even if you only do it for a few seconds at a time. Bringing yourself back from overthinking situations is good for everyone. My ADHD has always been mild, and I've mostly used it as an advantage. I'm not sure others are able to do the same. The fact that I can't really tune out people around me has meant that I just learn about everything that is going on. I've had cases where I fixed something that I overheard other people talking about months back, in passing. I also routinely have a harder time focusing on one conversation, but have gotten good at picking up meaning and filling in the blanks if I zone out for a few seconds mid conversation. I'd say it has improved my ability to learn and absorb information without full context. Honestly, the times I've needed to get my head down and focused, noise cancelling headphones and medication have helped me enough. I think I tried to describe ADHD to someone once as having multiple trains of thought at the same time, and not being able to really choose only one. But hey, if servers can multithread why can't I? Try not to think of it only as a burden, or a problem to be fixed. You've done well in life (I assume, given the brief details you listed), and your ADHD likely is one of the things that made you who you are. (Also interested in techniques personally as well)"", 'Ever been tested for ADHD? ADHD has been rampant in people, partly from genetics but a lot to do with environmental changes. There are many adults walking around with ADHD who are really struggling and have never been diagnosed. I got my diagnosis two years ago and while im still struggling and a lot of my symptoms are still untreated (finding the right meds and tools to assist with executive functioning), being aware and educated has helped me a great deal.', 'I was diagnosed as an adult as well! 4x Ritalin 10mg a day. Tried Concerta but it gave me bad anxiety (not sure why, same active ingredient, the brain is a funny thing!). I\'m VERY sorry for the wall of text, I\'m sure it could be way shorter with less rambling, but I feel like my rambling context might help some :) --- My biggest ""breakthrough"" lightbulb moment was when I realized, after years of trying so hard to be organised like everyone else, is that it\'s just not going to work for me. I accepted my weaknesses and changed to working WITH them, and stopped trying to stop them. Sounds cheesy but hear me out: Planners are like magic for some with ADHD. For me, they\'re the opposite, so here\'s what I do below to workaround various non-existent habits. Please note, what works for me may totally be illogical and inefficient for someone else, ADHD or not, take with a grain of salt! - Have a google calendar for the sake of visualization and reminders. I never remember to look at calendars for the sake of planning - I use calendar for its reminders, so as soon as something happens that I need to remember, I put it in there (either in the browser calendar.google.com if I\'m at a PC already), or via voice in google assistant since it only requires a button press and I set it to remind me a few days before and then again right before the day/hour the thing happens. That way I don\'t have to remember anything, and I don\'t have to look at it daily. i used to have an issue with remembering to put things in there in the first place, so now I just do it IMMEDIATELY, because I know there\'s a snowballs chance in hell of me doing it later. Sometimes I\'ll even interrupt coworkers talking about multiple things so I can calendar it before we move onto the next thing. This means, if someone calls me and asks ""what will you be doing around XYZ dates?"", I can quickly go to my calendar and get a rough idea, and then quickly put something in there if they\'re asking me to be available because you can bet I\'m going to forget about it as soon as they hang up because I will hear someones phone notification sound and I\'ll start thinking about the time I had the same tone on my nexus, and then think about how I miss the nexus phones. etc. - For short term things that can\'t go into the calendar, I use a ""brain dump"" a5 notebook (or sometimes a text file in notepad/nano. Stop hissing at me, vi fans.) This is the paging file my brain uses because it\'s RAM is consistently corrupt. Something comes up that I need to do that I can\'t do immediately? Into the book it goes. I don\'t call this a list, because it has no structure. I just put things on there where there\'s room and then cross things when they\'re done or no longer relevant. To anyone else, it probably looks about as organised as graffiti on a toilet stall wall, but that\'s ok because it doesn\'t need to be. It\'s a dumping ground for the immediate future. - Headphones. For me, it might sound counter intuitive but for daily use I use AfterShokz bone conduction headphones which are completely open ear. I can listen to music and my teammates at the same time. It has helped me a lot! For times when crisis hits and the everything is on fire, the noise cancelling headphones come out and I throw on some instrumentals/background music. ADHD people often crave crisis because thats a time when hyperfocus can kick in, for some. It\'s stressful, but days when things break are when some of our best work happens sometimes! - Exercise. I know, not the suggestion most people like to hear, but trust me, don\'t knock this one until you try it consistently for a little while. Those endorphins help a lot more than some people give them credit for. I hate the act of talking myself into and traveling to the gym, but I always feel great once I\'m actually in the door. - Meditation. I don\'t care if you do this for spiritual reasons, or if you\'re like me, just the mindfulness aspect (the proof from countless peer-reviewed research is overwhelming). It costs nothing, it can be as little as a minute or as long as you need. Do it. - Visual timers. Working on things with strict time limits? Think you have a great sense of time and won\'t need this? So did I, but I still found major improvements in my self-managed tasking then using these. Try them. Seriously! I have one on my desk but also use this for android: I used to have a fantastic Widget for windows that also did this but I can no longer find it and don\'t remember what it was :( any suggestions please let me know. - Google Keep. For ""everything else"", the random stuff outside of work that doesn\'t fit into the ""calendar"" method. If I need to remember something for future reference at some point, it goes in there. Links, shopping lists, books I want to check out, script ideas that I think of at 3am that might fix that thing thats been bugging me, whatever. If I\'m bored and there\'s nothing new on reddit, I\'ll go through my keep list. - Last one, and not related to work. But I\'m terrible with money. Probably less related to ADHD and more related to being lazy and loving instant gratification but that\'s another story for never :D but if any of you have trouble remembering to pay bills or anything regular, here\'s what I do. I get paid fortnightly. I never remember to budget money for my electricity bill (and if I did I\'d spend it anyway because yay money), and I always forget its about to arrive. So, after a few bills, I worked out what I roughly use, divided the rough cost into fortnight amounts, and then set up a payment of that amount that goes straight into the account the morning after I get paid. That way, if my bill is less than what I paid, yay, I\'m in credit!! If it\'s over, then it\'s a small amount that I can quickly pay when it arrives so I don\'t forget. Any subs here who are regulars over in /r/personalfinance would be cringing at my money habits but this one at least stops most of those late notices :) --- Again, sorry for the wall of text! If I think of anything else that helps me I\'ll update the list novella :) Also, if anyone is annoyed or confused by the apparent random bolding of some of the sentences, they\'re just random focal points. Used them on the off chance it helps someone get through the paragraph because I know it helps me when people do it.']"
146,213,146_hate_job_hate job_life,"['hate', 'job', 'hate job', 'life', 'hated', 'like', 'life short', 'like job', 'don like', 'don hate']","[""I know you said you had a great position/team/role but do you actually like your job? A few years ago I worked a helpdesk job. I absolutely loved out IT team and we all still text regularly to this day. However I was constantly unhappy and never wanted to go to work. I started slowly realizing that while I was happy with everything around me my job sucked, my management sucked, and the company kind of sucked. It was a hard decision to leave the team, but thank god I did. I ended up in a way better position at a way better company and now I don't dread going to work every day."", ""I love working in IT, right now I am hating where I work. I need a change of scenery and I'm working to make it happen. If I did not have mortgage payments and a little one due in 10 weeks I'd have quit before Christmas (as a good friend did) but I need steady income for now. Although this morning has been a good one, everything is working smoothly, everything is falling into place and I am kicking ass (and I've probably just jinxed it) but it reminds me why I love working in IT and it's just who I happen to be working for I don't like."", ""Figure out what you hate. IT in general, the culture of your place of employment, this aspect of IT, working altogether, or people. If you hate IT, do something else. If you hate the culture where you work, apply somewhere else. If you hate helpdesk/sysadmin, start ramping up your development, management, or some other type of related skill. If you hate working, quit your job and go run some kind of game for awhile. if you hate people, find a rich old introvert to Marry and hope she doesn't tire of you.""]"
147,94,147_excel_spreadsheet_folder_file,"['excel', 'spreadsheet', 'folder', 'file', 'user', 'simple', 'sheets', 'phone book', 'folders', 'use excel']","[""You need to work with your boss and figure out your scope of service. Bring him some suggestions in writing. Just like these people can't tell you what to do, you can't tell them what to do either. So you'll need some management intervention to set expectations and SLAs. For example, where I work, the IT department is not responsible for training people in using applications they should know how to do. Some users seem to initially have an expectation someone will just come and answer random Excel questions they pull out of their ass. Nope. They are responsible for knowing how to use Excel. if this is an issue, the tech needs to approach his manager, and his manager will speak to the needy Excel user's manager and explain what IT will and won't do. But the IT manager doing the explaining has the support of his boss on what IT's scope is and isn't, and so on."", 'It\'s easy to forget when you watch a user play Windows File Explorer like a harpsichord, but most of these folks get really good at very specific tasks performed in very specific ways. You have to remember what Microsoft slammed into with Office 2007: even though the UI was much easier to work with when using Office apps as general-purpose tools (like we do), it was a nightmare when using an Office app for a single purpose. If you want to understand how their frustration feels, pick some large formatted text file and pull the data out of it and put it into Excel by hand. We\'ve all been there - after a while you find a rhythm and can almost do it blindfolded. (This happens when you\'re thinking ""One file, 250 records, one time ever"" and ""scripting"" loses the coin toss) When you finish a few hundred records, make some minor change to the data structure and do it again. Maybe change an ASCII encoded file to UTF8, or tabs to spaces, or escape all the commas. Now then - you know the change you made. You know the impact it had. And you know the systems and technology involved. And we both know that after a few dozen records you\'re going to start drinking again, look for that old adderall prescription, and work on coming up with some really choice epithets for my mom. That\'s how our charges feel when we change stuff on them. And you can throw in a multiplier when you\'ve changed the process tree for ""infrequent circumstances."" Sounds like the ""New Employee"" process changed and the boss wasn\'t prepared for how much it had changed and how stupid he was going to feel trying to figure it out. Bad news, because you know who I\'m gonna blame... Get well soon, though. [Hope this helps](', 'I know where you are coming from, but the skills that they are looking for, when looking for computer skills, are using office software more so than operating system tasks. Every time someone tells you that the kids these days are whizzes with the computers, understand that they\'re saying that someone used an app one time and that person plans on using the same app until retirement. WordPerfect Corporation might as well be sponsoring ""user training"". They can hand out keyboard templates. I regularly do simple tasks for them, and don’t even get me started on the excel report which need copying from one share to another, which Lead\'s name cannot do Sounds like something that should be automated, no? The whole reporting pipeline, not the copying. I\'ve literally replaced workflows with C and [output Excel .xlsx files]( Analyzing workflows can be very time-consuming and involve a lot of user interaction. I recommend having your own analysts for this, and only doing a minority of it yourself. Use the people whose workflows you\'ve replaced as your pool of analysts....']"
148,67,148_voip_hosted_phones_asterisk,"['voip', 'hosted', 'phones', 'asterisk', 'provider', 'pbx', 'phone', 'service', 'sip', 'center']","['I actually set this up for myself! I did a cheap voip service (Voip.ms) that includes basic PBX services with the base fee. I ported my home number to it, and set up an IVR to do exactly what you describe. Right now it just asks what member of my family you want to talk to like ""Press 1 for dad, 2 for mom, 3 for bobby"" etc, and then transfers to the respective cell phone when you press it. You can have it just forward calls to another number, setup a physical VoIP phone, use a VoIP app (easiest to dynamically turn off), receive and send texts and the number, setup time conditions, whatever you want. It will just email you voicemail and texts as well if you want. And it is stupid cheap, like on a really heavy use month we pay like maybe three bucks for it? Then you just get a new number that you don\'t give to ANYONE to have it forward to when you want it to.', ""Handling telecom is a full-time job if you want to do an on-premise PBX. With VoIP you will need not only troubleshoot carrier and trunking issues, but also you need to troubleshoot call quality issues coming from ISP or internal network. I highly recommend going with a hosted cloud PBX solutions. You don't have to manage uptimes, researching call quality issues, server patches, etc... All you have to do is make sure your internet is up, and the firewall has BWM to prioritize VoIP traffic. Everything else submit a ticket to your Hosted PBX provider. When the provider is ready to switch you over, generally speaking, the company will deploy the phones for you, setup the call queues, manage call recordings.. etc.. all white glove. You shouldn't have to pay more than 35$ per seat + the cost of the VOIP phone. I recommend Yealinks because they are cheaper than competitors and just as good."", ""Congrats on your skill and luck! We did something similar, but with no time to pre-plan because the old Nortel/Mitel system just flat died. So we shoe-horned in VOIP to get that location working, THEN started planning the real migration. Including the replacing of the CAT3 wiring in two locations with new CAT6 (done internally, by myself and our facilities guy). But the original VOIP provider couldn't provide the quality of service we needed, so we had to find and go with another VOIP provider, who would also be able to support the phones we had already purchased. We didn't port to the first VOIP provider, only did forwarding, but due to problems with the original Phone provider, it took forever to get things forwarded properly to the new VOIP provider, so months went by paying 3 bills for telephone service. After 8 months, we finally closed the first VOIP account. At about 16 months, due primarily to poor record keeping at the original Phone service, the porting finally went through and we are back to paying only one company for telephone service. Last week we finished the AA setup and front desk button configuration. So, count your blessings, you could have been looking at another year of that stress.""]"
149,76,149_iso_27001_iso 27001_soc2,"['iso', '27001', 'iso 27001', 'soc2', 'controls', 'audit', 'framework', 'iso27001', 'certification', 'soc']","[""Nah, ISO 42001 is laser-focused on AI management systems and builds directly on ISO 27001's Annex A controls, so it's not ditching the infosec wheel—it's more like an AI add-on. We're all-in on 27001 here since Uniqkey's already certified, which nailed our NIS2 audits without the SOC 2 export control nightmares. Fwiw, that zero-knowledge setup cut our compliance audit time by 40% last year."", ""Nah, ISO 42001 is laser-focused on AI management systems and builds directly on ISO 27001's Annex A controls, so it's not ditching the infosec wheel—it's more like an AI add-on. We're all-in on 27001 here since Uniqkey's already certified, which nailed our NIS2 audits without the SOC 2 export control nightmares. Fwiw, that zero-knowledge setup cut our compliance audit time by 40% last year."", 'I am an ISO 27001 auditor, and my colleagues do SOC2, and oftentimes, we do joint audits. When we get asked this by our clients, the biggest thing we reply is to go ask the sales/marketing team and see what your customers are being asked for? Often, we see SOC2 being asked for if the company is US based, but if the company does business outside the US, then SOC2 isnt really recognized, and so ISO is preferred. The SOC2 report / ISO cert are typically seen as a tool for marketing /sales to build report with customers. This is how you can sell it to upper management. That said, if your main goal is to improve your security posture, and not sales, then SOC2 and ISO 27001 have different focuses, and already having a SOC2 greatly reduces the effort needed to implement ISO 27001. SOC2 focuses very much on how effective are the controls while ISO is more about are you managing your ISMS and associated controls. You could use the ISO 27001 framework to guide your ISMS without actually doing the audit / getting a cert if your customers are not asking for it. This is not ideal, but would save money if that is a concern. If you have any questions on ISO, feel free to reach out. Or if you happen to be looking to bring someone on to help with the endeavor, I am open apply.']"
150,75,150_cfo_pay half_half_business just,"['cfo', 'pay half', 'half', 'business just', 'just pay', 'want business', 'business', 'coo', 'ceo', 'cost']","['""This is a policy set forth by the CFO, and no IT person has the authority to override it. The CFO\'s contact Email is: xxxxxx ... please feel free to contact him/her with your feedback.""', 'The CFO asked me to do this a few years ago. It didn\'t sit well with the ""acting"" CTO or the COO. This got me, the CFO and an accounting employee fired. Do what you can to avoid doing this.', 'CFO for the longest time always says ""Just pay half. They want to do business just as badly as we do. Your CFO sounds like a criminal.']"
151,73,151_mfa_token_access_conditional access,"['mfa', 'token', 'access', 'conditional access', 'phishing', 'conditional', 'user', 'users', 'device', 'login']","['I made a conditional access policy where the endpoint has to be hybrid joined or marked as compliant. So if credentials and MFA token are stolen, the attacker would also have to steal the laptop which we would have remote wiped by that time anyways. Also, they do have token protection in preview, I’m waiting to hear more about it, but no you can’t rely on just MFA these days.', ""You're probably fine with MFA on now. Double check your global admins and make sure you can account for them and also that they have MFA on. You can check user's inbox rules at [outlook.office365.com/ecp/user@domain.com]( look for rules that delete everything or forward certain emails to RSS. Also export the sign-in audits so you get a .csv and you can filter by location and whether MFA or an app password was used. If your boss doesn't want to use KB4, Office 365 has some built in phishing training you can use for free, I don't know how good it is but I imagine it's decent and certainly better than nothing. If GoDaddy's Office 365 gives you access to the security score, it's worth taking 30 minutes and going through that for some easy security implementation with no effect on your end users."", ""MFA isn't dead and stops 98% of attacks where users have been duped into entering credentials on a fake site. But as with all security measures, attackers will find a way to circumvent these, either by an MFA Fatigue Attack or an AiTM Attack, where they steal the already authenticated token/sessionId of the user. I have dealt with a few of these myself over the last few months and a few have not been via a phishing email. AiTM is an interesting one and one that is on the rise. I am seeing a lot more token/sessionid theft as apposed to the good old fake sign-in page to steal user credentials. This is also a slightly more sophisticated attack, as it requires the attacker setting up fake proxy servers and capturing the authenticated token which can be captured from a compromised website or imbedded malicious .js on a genuine site, this then enables them to replay the token from another machine or browser, with this, there is NO MFA requirement due to the claims already in the token, so they gain access as if they are the user, which makes it way harder to detect. And as said already, is usually only detected by odd email rules and activity on the users account. I have also had it where the actual attack has been 2mths after the token/sessionid was stolen. And where the compromise has come from a 3rd party supplier, that has been compromised so the emails sent pass DKIM and DMARC. Unless, again as others have mentioned, access to email is locked down by CAP's you can't stop it entirely, but we can make it harder and add rules to alert when we see odd user activity, especially around inbox manipulation. You can set email alerts in Exchange for email rules being created, this will alert for ANY rule so will fire some FPs, but in my experience they are easy enough to see a genuine one from malicious one, as the names of the malicious ones are usually some random boll&cks. CAPs for blocking Risky sign-ins where a users risk score is high, Defender does a decent job with this and has kicked in and automatically disabled user accounts based on odd activity, which is usually the odd named inbox rule or you can enforce the user to re-authenticate. You can also set a timeout on the user session tokens, as by default this can technically last for ever, so a token stolen months ago could still be used (as I found out!), this will need some buyin if you go down this route, as user tend to moan if they are asked to re-authenticate too often. Depending on your access and license, check out the Incidents tab under 'Incidents & Alerts' in MS Defender Portal. You can also check what other policies you have enabled and actions taken if they fire. Most if not all are just defaults and set to alert only.""]"
152,81,152_certifications_cybersec_cert_certs,"['certifications', 'cybersec', 'cert', 'certs', 'education certifications', 'knowledge', 'experience', 'degrees', 'cybersecurity', 'certification']","['There are a few questions I tell people to answer when the ""should i get this cert"" question cones up: 1-Are many of the job listings I would apply for asking for this cert? If yes, then yes. 2-Is this cert recognized and respected? There are lots of bullshit ""certs"" out there that you can spend money on fot no return. 3-If you are looking at more than one cert and Q1 or Q2 don\'t answer your question, go for the cert that more closely aligns with your career goal and current level. If you\'re looking at infosec, an infosec specific cert is going to be more useful. 4-Unless Q1 dictates, is there a better cert available than one from CompTia? comptia writes terrible tests. Even if you don\'t pursue the Net+, you need to have the basics in your knowledge bank and understand enough to be able to answer basic questions during an interview. Especially if you have a non IT degree and background, you\'ll need to be prepared to answer some of these sorts of questions so potential employees know you have enough knowledge to be able to work in the field.', ""Maybe my $40k student loan proves that I am familiar and knowledgable \\[sic\\] of infosec Having an M.S. in Cybersecurity does not mean you know what you're doing in security. All it tells a hiring manager is that you put up with the red tape of that curriculum, could pass some tests, and show a certain level of commitment. I've interviewed plenty of people with varying levels of degrees and there just isn't a correlation between degree level and competency. (Also, go talk to all the non-degreed folks who are doing a TON of good work.) The team I'm on could care less about certs operationally but our execs use the fact that 'the entire security team has third party certifications' as a way to justify to our board that we know what we're talking about. Is it silly? of course. Does it help us get funding and keep our jobs? Absolutely, and that is what makes the certs worth it. If my leadership values a cert, then I'll go get it. If your biggest concern is getting in the door somewhere, and all the postings are asking for a cert, go get a cert. Red tape is the name of the game, sometimes you just gotta play along."", 'I simply did all of them. Certifications are expensive, but if you’re good at your job in general, they’re easy, plus in most cases, the company will pay for them if needed. I would be full on hating certifications entirely, if not for two reasons: Every time I earned one, it helped me secure another job with better conditions. When working as a contractor and going through tender processes, formal qualifications are mandatory. Auditors don’t care about your “street credibility.” I do however, completely agree with you about the declining quality of cybersecurity professionals lately. Certifications mostly just require time to study. For example, in the OffSec Discord channel, I’ve seen plethora of wealthy students who can even afford to do both a master’s degree and OSCE3 (self-funded), which would be like \\30k, despite having zero real-world experience. They can also afford three or four retakes. That’s very different from experienced workers who work full time and complete one certification per year with company sponsorship. On paper, however, HR sees the same shit. That’s why, in every hiring process I’ve been involved in, we treat certifications as a sign of interest, not as proof of experience or a strict requirement. A certification is just a certification. While many of these candidates are undoubtedly smart, they are still juniors who require retraining, and we can’t be confident in their long-term aptitude in the field. Unfortunately, this trend dilutes the overall value of certifications. If everybody has certs, then no one has it.']"
153,103,153_fires_dumpster_alarm_putting fires,"['fires', 'dumpster', 'alarm', 'putting fires', 'holy', 'putting', 'hill', 'construction', 'dead', 'face']","[""Oh boy you're going to be glad you've got experience in putting out fires"", 'I refer to myself as a fireman... putting out fires all day!', ""Ah yes, working in an active construction site is always good fun. Our whole building got gutted and renovated about 1.5-2 years ago. At one point in the project, the fire alarms went off a couple of times. What do you do when a fire alarm in a construction site goes off? Correct, you allow 5-10 seconds to pick up anything important near you, and GTFO. Or at least, that's what I did. Everybody else in the office seemed content to stand up and look around like prairie dogs waiting to see whether or not they would truly be engulfed in flames. Thankfully, they were false alarms and/or tests, but I didn't care to bet my life on it...""]"
154,141,154_siem_edr_sentinel_logs,"['siem', 'edr', 'sentinel', 'logs', 'ids', 'rules', 'events', 'siem edr', 'crowdstrike', 'data']","[""I was also advised that I need more SIEM and EDR experience. I mean, how do I get that eyes on glass experience without being in a role? Yea this sucks. You could get access to some lab environments that have EDR logs feeding a SIEM tool. Or you could do a home brew lab with Elasticsearch. It's easier now than it used to be when even SIEM tool documentation was behind pay walls and required million dollar licenses. But yea it's the same old conundrum."", 'You\'re really asking a ""crystal ball"" type question that no one could answer with certainty. Having said that it\'s hard to say what Cisco may or may not do with Splunk. They\'ve acquired and killed off other large companies before. There\'s also some movement away from traditional SIEM to more of a data lake model due to high costs of storage in some SIEM platforms. My org is actively moving from a traditional SIEM product to Sentinel because we have a large footprint in Azure and are heavy O365 users with the E5 license that makes that very cost attractive. It\'s just me guessing, but I would say Sentinel experience is only going to become more in demand and coupling that with the GRC perspective would be valuable. Having that background of risk and compliance would be nice as those are 2 major aspects of deploying a good SIEM environment.', ""I might be that user. I started working with SIEM back as early as 2002 using the Network Intelligence and stayed pretty close to SIEM and related technologies up until 2018. I also worked for an MSSP who's core service was centered around SIEM. It's just not a good fit for one person for many reasons. First it can be very labor intensive and it really should be to do well. A SIEM works best when it is given a lot of data. The more data from different sources the more rich things like rules, alerts and correlation can be. If you were a simple shop with only O365, a handful of windows PCs and a couple apps I would question if a SIEM would even make sense. I'd probably go with MS sentinel and call it a day. At least you'd have some form of logging and basic monitoring/alerting. In a larger org with thousands of devices, apps and users SIEM can really do some great things and be a valuable tool for a SOC, but there's the key, you need a SOC and you need skilled people in that SOC. If you're throwing logs from Azure, SAP, Oracle, Palo Alto firewalls, an F5 WAF, IDS/IPS, prroxy, Cisco routers and switches, Access points, Linux server, SQL DBs, EDR alerts, Apache Logs, VPN logs, Citrix logs and on and on, you can do really cool stuff, but if you don't have people who can parse and understand every one of those log types you're not going to be getting the full value out of your SIEM or SOC. Now consider that list of device types and remember those sources may be getting updates every day and with new updates come new events that you need to consider and tune for. It's a constant effort that can eat up hours. At that MSSP I worked at we say 60B events per day when I was there and had around 74000 rules in our back end. Very few companies are going to be able to do anything like that in house even considering they won't need to worry about every brand of firewall out there. That's why I say very few places should take on SIEM. There are either managed services they could use or better ways to spend their money and time. You can and should be doing some basic log monitoring, but at some point that will grow beyond what many orgs can handle.""]"
155,67,155_sccm_sequence_intune_task,"['sccm', 'sequence', 'intune', 'task', 'drivers', 'bios', 'deployment', 'hybrid', 'viewer', 'deployments']","['Most of my knowledge on SCCM came from many many hours online reading, but the most knowledge came from these sites. Another good way to learn anything is by doing it. I built a server and installed SCCM and just started going through the different options it has to offer. Start small, get some applications working or a task sequence and then start adding modifications to the environment to make your life easier.', 'Reminds me of a story from my previous manager about an SCCM ""specialist"" who would repeatedly cause the client machines to reboot for updates in the middle of the work day. I don\'t work on SCCM exclusively but at present I\'m the only person who is in it regularly for deployments, task sequence management, maintenance, update deployments, etc. But there\'s no excuse for a lot of ignorance I hear about with it unless you\'ve spent no time working with it at all. Not thinking to look if the unknown devices group has a PXE-enabled task sequence deployment is grade-level as far as this stuff goes.', 'SCCM definitely has a learning curve, and you need to know what you are doing. I find it crazy to have SCCM, but no full time IT.']"
156,104,156_car_wash_car wash_tire,"['car', 'wash', 'car wash', 'tire', 'rotations', 'window', 'cars', 'sell', 'washing', 'dealership']","[""Omg, I was wondering if you were located in Louisiana when I read your previous thread and this one. Note: took a look at your resume and figured it was not the case. But I to worked at a local car wash when I first located into my current city. Car wash had 5 sites and I was the head of IT for all of them. I was on a shoestring budget, I did a lot of jerry rigging and crap to make things work. When I suggested any type of upgrade that would make the sites faster and more profitable I was immediately shot down. The straw that broke my brain was when they decided that I was no longer just and IT administration, I was going to have to work at a lower pay and half my hours were going to working at the car wash. I noped out of there so quick, didn't care if I burned the bridge. The owners were a joke. Glad you got a better outlook!"", 'You take the good, you take the bad, you take them both and there you have... your frustrating job at the car wash.', ""Car wash industry worked out well for Walter White. But apparently it isn't for everyone.""]"
157,133,157_reports_report_reporting_findings,"['reports', 'report', 'reporting', 'findings', 'crystal', 'csv', 'writing', 'writing reports', 'custom', 'summary']","[""Performance issues with reports are normally architectural issues with the database, or how the report pulls the data. Crystal isn't perfect, but it runs well if the reports are properly written. Rather than looking for a new reporting package, how about a different BI package? Something like Power BI, or Qlik? When it comes to analytics, dashboards are replacing static reports."", ""I have used Crystal Reports, Oracle Reports, Jasper, and a few others. While Crystal Reports has it's pain points, it's the best one, IMO. It's got more features than most and easier to use than any of them."", 'It may depend on your use case. Do you have a lot of end users that would need retraining? One of my past employers had used crystal, but only IT was allowed to make changes to reports, so when the ERP system got upgraded and finance refused to pay for the accompanied crystal upgrade we got creative since the version we owned wouldn\'t function with the new software... I made an Access ""report routing"" DB that queried the ODBC connection and sent out reports that were still maintained by IT. Bonus, I could send a report natively as Excel docs too. A scheduled task on a dedicated server would launch the utility function to check for when things needed to be sent out every 15 minutes (so if reports were queued to send when the 15 minute task happened it would compile and send). TL;DR Don\'t do what I did... Get something where the users maintain their own reports.']"
158,168,158_learning_normal_totally normal_learn,"['learning', 'normal', 'totally normal', 'learn', 'totally', 'feel', 'skill', 'know', 'feeling', 'master']","[""'Winging it' is actual learning and application. 10-15 years ago, if I was offered the chance to do what I do now, I'd be sh\\tting bricks. I'd be scared of making a mistake in front of other people. Now, I can say what I know (and what I don't), I can figure out most tasks because I know where to look, etc. Time and experience takes away some of that anxiety. Because I know I'll always be learning and doing something new. Honesty and self-awareness are good traits to have. You're doing just fine. Enjoy."", 'Look at what you knew 3 years ago and look what you know now. The learning curve in this field is never ending and can have you feeling like you never know enough. I know because I feel this way all the time lol. Look back at all you’ve learned and problems you’ve solved over the past 3 years, give yourself credit. Everyone feels like this at times, totally normal.', 'Totally normal! My advice would be to keep a notepad with you at all times. Write down terms and concepts you need to read up on later. Dedicate an hour or two in your off time to researching those things. You’ll be surprised how fast you learn and apply things on the job that other people don’t know. My other piece of advice is to ask questions! It’s fantastic that you’re in a good learning environment. Take advantage of that and take the things you learn on your own to your peers to see how it impacts your organization. Don’t sweat being overwhelmed. You will find yourself going down rabbit holes as you’re learning. That’s totally normal but will even out over time. Stick with it and keep letting your curiosity drive your thirst for learning!']"
159,256,159_know_don know_answer_don,"['know', 'don know', 'answer', 'don', 'knowledge', 'know answer', 'know don', 'research', 'know know', 'learn']","[""All I'm going to add to this topic is that if a company is expecting you to know everything, that's a potential red flag. None of us know all the latest and greatest every day, which is why I have the Googles, a lot of bookmarks, know a ton of smart people, email subscriptions, threat feeds, and some decent research abilities. It's ok to not know it all, but as someone said earlier, find a way to explain what you do know or a way to get the understanding. Use a whiteboard or an interpretive dance. If that helps, great, but it's also ok to say you don't know. If you gotta specialize or improve though, get good at a thing, and then find another thing to get better with. Trying to do it all at once is counterproductive and probably going to overwhelm you. Do it in small bites. Take breaks. Watch some birds outside. You'll get there."", 'Show me someone who claims to know everything and I\'ll show you a liar. Much more important than what you know is your ability to find out. If your answer begins and ends at ""I don\'t know"", that\'s a problem, but if you continue with ""but I\'d look in the docs for X and find out how Y works, and see if I can do Z"" that\'s a good answer that shows your thought process. That said, teams and companies will expect a sort of minimum baseline of knowledge. This is not always something they have made explicit, but no matter how good your research skills are there is knowledge they expect you to have ready. This can be hard to judge in advance, but if you make an effort to learn useful things and you can articulate that, you\'ll usually be good in my experience.', 'First and foremost I tell younger engineers is that knowing you don\'t know everything is a good sign. If you were the super genius in everything, probably won\'t be on Reddit and instead be making the next big thing. The people I usual find the worst to work with are the arrogant know-it-all. Knowledge is incomplete and can\'t really do the job completely. Second topic, learning how to communicate ""I don\'t know"" without saying ""I don\'t know"". A lot of techies forget that communication is very important in the real world so that you can build trust and understanding. Watch the scene in Sum of all fears where Morgan Freeman bring Ben into his first committee meeting. Now generally speaking, even now when I am approached with a question where I am not quite sure, I would probably make an educated response (guess) but follow up when I fully research a complete answer later. If you are with people where you can\'t give a wrong answer you respond ""I will need to confirm a few details before providing an answer"". Soft tools like this will be important if you ever want a job beyond the button pusher']"
160,148,160_notice_weeks notice_weeks_notice period,"['notice', 'weeks notice', 'weeks', 'notice period', 'period', 'week notice', 'resignation', 'week', 'leaving', 'day notice']","[""I'm an introvert, that would be my 2 weeks notice."", '2 weeks notice was nice of them at least. 2 months notice was a killer once I burnt out.', 'Can believe how many people have two weeks notice. My notice period is three months, which can be a real pain.']"
161,176,161_power_building_shut_ups,"['power', 'building', 'shut', 'ups', 'outage', 'shutdown', 'generator', 'server', 'servers', 'power outage']","['We installed a solar farm a few years ago right after having our server room UPS serviced. Tech said the batteries needed to be replaced in about six months but everything looked good for now and should cover the brief planned outage. Then came the day to cut power to the building to wire in the solar. Power went out for only a few minutes, but it was enough. Fortunately there was little in the way of technical issues other than waiting for our IBM iSeries to boot for a fee hours (real sticklers if you don’t shut them down properly). No real data corruption or anything, I think one inconsequential server might have had a hard time booting. I don’t work in the morning so by the time I got in at noon everything was mostly back to normal. Next time someone tells you some batteries need to be replaced in the near future, just say fuck it and do it right away. Edit: we also now have an always-on backup circuit wired into this room so when things like this are planned we can switch them to this circuit on our own time or at least split where their PSU’s are connected if they have redundancy. Edit 2: forgot the most important part: good luck!', 'At previous job we had very tight budget (so no fancy generators or UPS with network auto-shutdown) and building with unstable mains with building owner constantly fiddling with it. Not a couple of months were passing without planned outage lasting around, and at least one unplanned outage every year. On top of that was very flaky piece of sh medical software that required to manually start its ""services"" and press a couple GUI buttons after reboot (so no just power on servers and walk home). I still hate that software and its makers with tremendous passion. Every outage I was sitting in dark building waiting for power to restore and only entertainment was some old Win2003 books. Although one time I had a spare UPS on hands, hooked coffee maker to it and brewed some coffee. Funny thing - around the time I left company these outages pissed business owner so much that he was considering finally shelling some buck for proper backup generator.', 'It can\'t be worse than what we had last year ... &x200B; We had someone take out a power pole outside of the building with their car, during a UPS maintenance. &x200B; Everything powered down. The generator kicked in and everything started booting, the shore power came on for a minute, building power switched back to shore power automatically (despite the maintenance team ""forcing"" power to the generator side) ... and the power went back out. &x200B; 2 hard outages within an hour. &x200B; Surprisingly enough, not a single hardware failure']"
162,90,162_bottle_drink_scotch_whiskey,"['bottle', 'drink', 'scotch', 'whiskey', 'play video', 'video games', 'glass', 'alcohol', 'booze', 'games']","['2 ounces VSOP Cognac, Armagnac, or good California brandy 1 ounce Cointreau 3/4 ounce fresh lemon juice, to taste Combine brandy, Cointreau, and lemon juice in a cocktail shaker and fill with ice. Shake well until chilled, about 10 seconds. Strain into prepared glass; garnish with a twist of orange or lemon peel, if the urge comes across. But really, hobbies that are not IT related. I play video games, cook, and play guitar some. I make an effort to do those activities on my time off and not deal with work issues unless something is seriously on fire.', 'Bottle of wine and/or whiskey can help you forget anything you want. Even Vista', 'A bottle of whiskey in my desk. When things get too much, I just drink it right from the bottle.']"
163,60,163_tape_tapes_disk_library,"['tape', 'tapes', 'disk', 'library', 'red tape', 'duct tape', 'veeam', 'duct', 'backups', 'backup']","[""I have found that tape library reliability can be all over the place. I've seen libraries which I never ever gave a second thought to because they always worked. I've seen other libraries which the grippers dropped tapes, or just forgot their entire configuration. I will admit bias. With a D2D2T setup, all the random I/O is taken care of quickly, especially if the landing zone is SSD. Then, with multiple drives, the data can be migrated/copied to tape. I prefer tape over the cloud because once data is on a tape and in the safe, it costs me $0 a month to store. Data stored in cloud storage costs monthly. This becomes important if you work with airplanes where the FAA mandates a 50 year records requirement."", 'Yes, but on a vastly different (smaller) scale. The only shop in which I have to deal with tape is a SMB - they do full backups daily for ""Tier 1"" services to dedupe disk, copied to tape daily; full backups daily for Tier 2 servers to dedupe disk, copied to tape only on Fridays. Simple monthly rotation too, just pull a monthly and BE reuses the tapes that come out of the 10 day retention period. LTO-6, and about 3TB a night I think. In your case, you\'re probably running into annoyances with varying expiry of backup sets. Maybe you can work around 90% of the problem by changing what gets colocated on each tape, or separating daily incrementals from full? Have you considered just doing disk to disk across datacentres? Or do you need tape archives as well?', 'As a backup or archive target, tape has a place. So does disk. So does “cloud”. I’ve managed several different tape libraries over the years. Some were shit. Constant jams, robotics and drive failures. Others have been solid. My primary concern with tape is constantly rolling medium types time goes on and protected data grows massively. Have 2PB protected on LTO5? How long are those drives going to be available and supported? Is backwards compat for your media still available with the latest drives? Are you going to read all the old tapes and write them out to LTO7 or whatever other medium you’re replacing it with? Are you going to start new fulls of all that 2PB and keep the old ones around until they expire, hoping your drives or auto loader won’t fail before then? What about verifying data once on tape? Tapes will fail just sitting around. Multiple copies, of course, at cost, can help with that. Disk and cloud are not a panacea either but there are some advantages (and disadvantages) that must be weighed. Short and sweet: tape can be a huge pain but it also has a place.']"
164,103,164_water_hotel_hot_asshole,"['water', 'hotel', 'hot', 'asshole', 'hotels', 'room', 'star', 'boiler', 'corporate', 'systems']","[""Your triple-9 uptime is an agreement between you and the client. The hotel doesn't give you a 100-page contract, so I'm not sure you can argue the same SLA exists between you and the hotel. That said, no hot water is pretty inexcusable. It's a service to give you a place to sleep and a place to bathe, and it's failing to provide one of those things."", ""Wow, no, not your career. You need to chill out, and password resets at 3am aren't a thing that is an immediate need, you need to alter end user expectations. In terms of the hotel, did you tell them you wanted the new room because there was no hot water and you wanted one that had hot water? Or did they upgrade your room because there was no hot water? How do you know they didn't call someone to fix the boiler when it happened? You are making a lot of assumptions and you do seem like a total asshole, but it's not because of your job."", ""You'd think hot water in a hotel would have some redundancy...""]"
165,83,165_kitchen_dishes_clean_cleaning,"['kitchen', 'dishes', 'clean', 'cleaning', 'trash', 'floor', 'dish', 'coffee', 'washer', 'janitor']","[""I say put a camera in the kitchen and find out who's leaving the dishes, then do what you will with the info..."", 'Why can’t people just wash their own dishes? I worked for a Fortune 100 on a floor of the building that had very few “permanent” employees - our kitchen was mostly used by meeting rooms. Even the visitors washed their own dishes. 20k employees and there was never a dish left in the sink. The note above the sink saying “dishes left in the sink will be thrown into the trash” probably helped, too.', ""I've actually suggested we do this. It was only half in-jest. Our company can't (or doesn't want to) hire somebody that walks around the office all day and cleans up after everybody (some people sometimes seem to forget to flush or clean properly afterwards). Some seem unable to operate a dish-washer (maybe mom or their wife does it at home), a lot don't bother putting dirty dishes in the dish-washer even if it's completely empty (the boss is guilty of this, too). So, it's currently the duty of the (female) receptionists to take out the trash from the kitchen once or twice a day, they also clean the coffee-machine. But is that better? They're probably just those that get paid the least here. They have an education, too and didn't sign up for taking out the trash and filling/emptying the dish-washer. There's a cleaning company coming in almost daily to clean the toilets, clean the floors, empty the office trashcans and re-fill the paper-towels, but that's all. I eat relatively late and I often bring and warm up my own food (sometimes cooking noodles or rice fresh), so I try to leave the kitchen cleaned up, filling or emptying the dish-washer (so I can actually clean my stuff). However, with my salary, I'm probably the best-paid kitchen-aid in town, likely making more than a lot of chefs. 30 USD/h doesn't even begin to descibe it...""]"
166,272,166_family_family members_help_family member,"['family', 'family members', 'help', 'family member', 'friends', 'members', 'christmas', 'free', 'support family', 'ask help']","[""Some of my family members tell me about their tech problems (mechanical stuff also, like bikes for example) and i often offer to help. I don't have an enormous family so maybe it would be different then."", ""I help my inlaws on the regular.. Have managed to teach them (via sheer repetition) basic troubleshooting, so generally if something gets as far as me I know there's an actual problem. I joke about invoicing them for after hours/weekend rates, but they spoil us, so I just kind of deal with it as the normal give and take of family life. It's not generally high enough volume to be a big deal so I don't mind. No one else in the family is close enough to ask for help, which is a nice ancillary benefit to being 3000 miles away from most of them :)"", ""I think a lot of people in this thread are being extremely harsh. If you like your family and your family likes you, why should you expect them to NOT come to you for help. If you don't like your family, then what's the difference if they're asking you for help or not? If you had a lawyer family member and got into legal trouble would you not ask them for advice? If you have car trouble and a mechanically inclined cousin was visiting, would you not ask them for help? Personally I actually like assiting family with setting up/fixing technology because it helps them, plain and simple. If you really don't know how to fix something, or they are asking for something impossible, then say so. Communicate with them. If they are still being unreasonable after that, then you might have bigger issues than just family IT support.""]"
