id,post_id,parent_id,link_id,author,created_date,created_utc,year,month,year_month,body,cleaned_body,word_count,score,permalink,subreddit_source,bat_score
o0m8k7w,1qhdw94,t3_1qhdw94,t3_1qhdw94,importking1979,2026-01-20 05:23:30,1768886610.0,2026,1,2026-01,"You haven’t started? That’s your first mistake. You can continue with cybersecurity, but you need to look for a job in IT. Good luck with even a help desk job. Take cybersecurity off the table with having a limited knowledge. If you’re truly passionate, start with IT and get a better understanding of networking and cyber. Practice with Hack The Box and try doing some coding. Try Codecademy or Leetcode.",you haven t started that s your first mistake. you can continue with cybersecurity but you need to look for a job in it. good luck with even a help desk job. take cybersecurity off the table with having a limited knowledge. if you re truly passionate start with it and get a better understanding of networking and cyber. practice with hack the box and try doing some coding. try codecademy or leetcode.,73,2.0,/r/SecurityCareerAdvice/comments/1qhdw94/final_year_cyber_security_student_with_3_months/o0m8k7w/,SecurityCareerAdvice,1
mcraj56,1ipeyb3,t3_1ipeyb3,t3_1ipeyb3,ConsequenceFade,2025-02-14 17:00:55,1739552455.0,2025,2,2025-02,"If you don't follow up, some companies will see that as a polite way of you saying ""no thanks"". To save time and effort, they may filter you out for that reason.",if you don t follow up some companies will see that as a polite way of you saying no thanks . to save time and effort they may filter you out for that reason.,34,12.0,/r/SecurityCareerAdvice/comments/1ipeyb3/hot_takefeel_free_to_disagree/mcraj56/,SecurityCareerAdvice,1
mwrtw1d,1l6t6hg,t3_1l6t6hg,t3_1l6t6hg,stxonships,2025-06-09 03:42:22,1749440542.0,2025,6,2025-06,"There is no such thing as job security anymore unless you want to get into trades, and even then unless you start your own company, you are just a number and easily disposable.

AI will make changes in both the programming and security world in the next few years, will that eliminate a lot of jobs, maybe. Will it create new jobs, maybe. We just don't know.",there is no such thing as job security anymore unless you want to get into trades and even then unless you start your own company you are just a number and easily disposable. ai will make changes in both the programming and security world in the next few years will that eliminate a lot of jobs maybe. will it create new jobs maybe. we just don t know.,68,1.0,/r/SecurityCareerAdvice/comments/1l6t6hg/future_prospects_of_security_vs_cs/mwrtw1d/,SecurityCareerAdvice,1
lovo9fz,1fnu59t,t3_1fnu59t,t3_1fnu59t,DeezSaltyNuts69,2024-09-25 16:41:50,1727282510.0,2024,9,2024-09,"Advice is look in your home country and get more experience, then start looking at international companies

The market is flooded right now with new grads and experienced people and with all the layoffs in tech there are more people than job openings

US companies have ZERO incentive right now to go through the paperwork and cost of sponsoring an H1B visa, when they don't have to 

H1B was put in place to bring in workers when those spots COULDN'T be filled by US workers it was designed for specialized fields

it was never meant to be used for entry level jobs or for those with little experience",advice is look in your home country and get more experience then start looking at international companies the market is flooded right now with new grads and experienced people and with all the layoffs in tech there are more people than job openings us companies have zero incentive right now to go through the paperwork and cost of sponsoring an h b visa when they don t have to h b was put in place to bring in workers when those spots couldn t be filled by us workers it was designed for specialized fields it was never meant to be used for entry level jobs or for those with little experience,112,2.0,/r/SecurityCareerAdvice/comments/1fnu59t/job_hunting_in_usa/lovo9fz/,SecurityCareerAdvice,1
n77ttyo,1mgzor0,t3_1mgzor0,t3_1mgzor0,sombrerocattx,2025-08-06 12:03:16,1754481796.0,2025,8,2025-08,Right now is a hiring freeze for Federal employees and Government contracts went through a huge shake up too. If you can hold on a few months IT job should open up again. Don't forget over seas contract jobs to apply for,right now is a hiring freeze for federal employees and government contracts went through a huge shake up too. if you can hold on a few months it job should open up again. don t forget over seas contract jobs to apply for,43,1.0,/r/SecurityCareerAdvice/comments/1mgzor0/should_i_just_join_the_military/n77ttyo/,SecurityCareerAdvice,1
muci8jn,1kvj0rw,t3_1kvj0rw,t3_1kvj0rw,FrankoftheJaegers,2025-05-26 14:27:21,1748269641.0,2025,5,2025-05,"I have to say moving into cybersecurity is pretty cool, every case I have I feel like a detective. Hang in there bro you will get there. It's worth it in the end.",i have to say moving into cybersecurity is pretty cool every case i have i feel like a detective. hang in there bro you will get there. it s worth it in the end.,34,1.0,/r/SecurityCareerAdvice/comments/1kvj0rw/just_got_my_7th_entrylevel_rejection_for_needing/muci8jn/,SecurityCareerAdvice,1
jad73df,11cglpy,t3_11cglpy,t3_11cglpy,CyberSizzlerDave,2023-02-28 16:23:28,1677601408.0,2023,2,2023-02,"It sounds like management is a major issue, and unless they're all exited, it's not going to get any better. They went back on their word multiple times. And allowing the IR team to sit around and play games? Pfft.

""All the good guys left,"" should be a concern, but not something that's totally uncommon in our industry.  What I'd be pissed about is that after they left, you weren't moved up. 

Luckily, as you noted, there are plenty of opportunities out there.  Don't expect sunshine and roses all the time, but a new company and fresh start can do wonders.

100% WFH is cool (I've been doing that since '09), but be sure to ask about team building events. Do you get to travel for training? Head to HQ once a year to get everyone together?  Of all the things I miss about going into the office, it's seeing other people and shooting the shit. Clearly we can do almost everything at home, but hanging out with work friends, which become real friends, is something I miss most.

You've given your company plenty of time to fix itself, and it's okay to move on now.Before you jump ship, take some time and research.  Think about what YOU want and where you want to be, which sounds like IR, but what next?  Does the new company have a career path that jives with what you want?

Good luck friendo,

dave",it sounds like management is a major issue and unless they re all exited it s not going to get any better. they went back on their word multiple times. and allowing the ir team to sit around and play games pfft. all the good guys left should be a concern but not something that s totally uncommon in our industry. what i d be pissed about is that after they left you weren t moved up. luckily as you noted there are plenty of opportunities out there. don t expect sunshine and roses all the time but a new company and fresh start can do wonders.     wfh is cool but be sure to ask about team building events. do you get to travel for training head to hq once a year to get everyone together of all the things i miss about going into the office it s seeing other people and shooting the shit. clearly we can do almost everything at home but hanging out with work friends which become real friends is something i miss most. you ve given your company plenty of time to fix itself and it s okay to move on now.before you jump ship take some time and research. think about what you want and where you want to be which sounds like ir but what next does the new company have a career path that jives with what you want good luck friendo dave,242,1.0,/r/SecurityCareerAdvice/comments/11cglpy/need_advise_on_career_long_term/jad73df/,SecurityCareerAdvice,1
mow9qaq,1k77u9a,t3_1k77u9a,t3_1k77u9a,netsecisfun,2025-04-25 01:36:13,1745544973.0,2025,4,2025-04,"Couple things. Are you still working on your degree? Sounds like it by the phrasing of your current situation. You might get more attention once you've graduated. 

Secondly, are you just looking in your current location, or nationally? There are jobs out there, but with the return to work mandates remote jobs are mostly out of the picture, and role availability is now very area dependent.

Last question, are you tailoring your resume to the desired target role/company? Carpet bombing hundreds of applications with a single generic resume is a sure fire way to not get noticed. If you're not even getting interviews this may be part of the problem.",couple things. are you still working on your degree sounds like it by the phrasing of your current situation. you might get more attention once you ve graduated. secondly are you just looking in your current location or nationally there are jobs out there but with the return to work mandates remote jobs are mostly out of the picture and role availability is now very area dependent. last question are you tailoring your resume to the desired target role company carpet bombing hundreds of applications with a single generic resume is a sure fire way to not get noticed. if you re not even getting interviews this may be part of the problem.,113,1.0,/r/SecurityCareerAdvice/comments/1k77u9a/am_i_chasing_a_pipe_dream_at_this_point_need/mow9qaq/,SecurityCareerAdvice,1
nivord7,1o2peo9,t3_1o2peo9,t3_1o2peo9,Various-Leg3415,2025-10-11 02:36:24,1760150184.0,2025,10,2025-10,I’m 24 and am in cybersecurity but I got lucky. I also think I do a bad job honestly. There’s so much I don’t know. But I think everyone has impostor syndrome. Hack the box is for intermediate levels and up. Start with TryHackMe first. It’ll be hard to get into cybersecurity with no experience. I did Helpdesk for about 3-4 years before I got into security. Certs also help,i m    and am in cybersecurity but i got lucky. i also think i do a bad job honestly. there s so much i don t know. but i think everyone has impostor syndrome. hack the box is for intermediate levels and up. start with tryhackme first. it ll be hard to get into cybersecurity with no experience. i did helpdesk for about     years before i got into security. certs also help,72,1.0,/r/SecurityCareerAdvice/comments/1o2peo9/am_i_too_dumb_for_this/nivord7/,SecurityCareerAdvice,1
mow6dya,1k77u9a,t3_1k77u9a,t3_1k77u9a,Loud-Eagle-795,2025-04-25 01:17:10,1745543830.0,2025,4,2025-04,"where are you looking for jobs? I'm not saying you're doing it wrong.. 

universities have large IT and help desk debts.. so do hospitals and insurance companies.. have you spoken to your professors? gone to the career counselor that is assigned to your dept? are you part of any organizations on your campus? have you gone to any of the networking events (not just career fairs)",where are you looking for jobs i m not saying you re doing it wrong.. universities have large it and help desk debts.. so do hospitals and insurance companies.. have you spoken to your professors gone to the career counselor that is assigned to your dept are you part of any organizations on your campus have you gone to any of the networking events,64,3.0,/r/SecurityCareerAdvice/comments/1k77u9a/am_i_chasing_a_pipe_dream_at_this_point_need/mow6dya/,SecurityCareerAdvice,1
gk8eph1,l2u00h,t3_l2u00h,t3_l2u00h,Scubber,2021-01-22 20:16:08,1611346568.0,2021,1,2021-01,"I wouldn't dump 20k into a BA degree even to finish it. You won't get that money back. Certs are certainly valuable but only if you can get through the gates of HR, which usually asks for a BS degree related to the field. So do WGU and see if you can take classes that also get you the tech certs you need.",i wouldn t dump   k into a ba degree even to finish it. you won t get that money back. certs are certainly valuable but only if you can get through the gates of hr which usually asks for a bs degree related to the field. so do wgu and see if you can take classes that also get you the tech certs you need.,65,3.0,/r/SecurityCareerAdvice/comments/l2u00h/finishing_degree_vs_certs_for_getting_back_into/gk8eph1/,SecurityCareerAdvice,1
mmg6wgk,1juw86d,t3_1juw86d,t3_1juw86d,stromgren13,2025-04-10 20:22:17,1744316537.0,2025,4,2025-04,"Honestly I wouldn’t care about the title as long as you get the raise. You can make up whatever title you want to reflect the work you’re doing. If you’re doing senior work, append senior to your current position on your resume",honestly i wouldn t care about the title as long as you get the raise. you can make up whatever title you want to reflect the work you re doing. if you re doing senior work append senior to your current position on your resume,45,2.0,/r/SecurityCareerAdvice/comments/1juw86d/boss_said_my_promotion_will_not_include_my_title/mmg6wgk/,SecurityCareerAdvice,1
mvawoes,1l04fz4,t3_1l04fz4,t3_1l04fz4,Thin_Rip8995,2025-05-31 20:26:29,1748723189.0,2025,5,2025-05,"you’re not broken  
you’re cooked  
and trying to heal while staying in high-alert roles like DFIR is like trying to sleep next to a fire alarm

you don’t need more grit  
you need a bandwidth reset

move into a lower-stakes blue team role if you can  
internal, structured, less adrenaline  
ditch on-call  
ditch pager hell  
focus on steady reps, process work, and strict boundaries

burnout recovery isn’t about breaks  
it’s about *environment shift*  
no shame in pivoting to protect your longevity

The [NoFluffWisdom Newsletter](https://NoFluffWisdom.com/Subscribe) has some clean takes on burnout recovery and sustainable career pacing worth a peek",you re not broken you re cooked and trying to heal while staying in high alert roles like dfir is like trying to sleep next to a fire alarm you don t need more grit you need a bandwidth reset move into a lower stakes blue team role if you can internal structured less adrenaline ditch on call ditch pager hell focus on steady reps process work and strict boundaries burnout recovery isn t about breaks it s about environment shift no shame in pivoting to protect your longevity the url has some clean takes on burnout recovery and sustainable career pacing worth a peek,105,3.0,/r/SecurityCareerAdvice/comments/1l04fz4/burned_out_in_dfir/mvawoes/,SecurityCareerAdvice,1
oeyfyji,1sfm5qj,t3_1sfm5qj,t3_1sfm5qj,cyb3rn4ut,2026-04-08 07:53:56,1775634836.0,2026,4,2026-04,"What do you want to do and what is your end goal? If you have any ambition to reach management or leadership roles then you’re very likely to have some GRC in your future anyway.

GRC people who understand the tech are valuable and somewhat rare. If you’re good with automation and data there’s plenty you can showcase in the GRC space, e.g. improved metrics and reporting, mapping control effectiveness to your organisations’ top risks.

GRC sometimes has a bad rep but I think that’s largely because of the kind of people who tend to occupy the roles. When operating effectively it is a vital function. 

",what do you want to do and what is your end goal if you have any ambition to reach management or leadership roles then you re very likely to have some grc in your future anyway. grc people who understand the tech are valuable and somewhat rare. if you re good with automation and data there s plenty you can showcase in the grc space e.g. improved metrics and reporting mapping control effectiveness to your organisations top risks. grc sometimes has a bad rep but i think that s largely because of the kind of people who tend to occupy the roles. when operating effectively it is a vital function.,110,1.0,/r/SecurityCareerAdvice/comments/1sfm5qj/how_can_i_showcase_coding_and_automation_skills/oeyfyji/,SecurityCareerAdvice,1
ntso792,1pkz3ks,t3_1pkz3ks,t3_1pkz3ks,PsychologicalFeed374,2025-12-13 10:45:41,1765622741.0,2025,12,2025-12,"I had no senior to guide till date what I was doing. I had to deploy firewalls, EDR and NDR , also defined GRC mechanism and thats only the security part. Also had to work on core switching, routing, SAN storages and virtualisation. Over the time, I created SLAs and transferred and minimised RISK. The best part you have here is do the work they say you to do and in free time, work on ideas which you have in mind. Believe in your self, you are way ahead of the curve.",i had no senior to guide till date what i was doing. i had to deploy firewalls edr and ndr also defined grc mechanism and thats only the security part. also had to work on core switching routing san storages and virtualisation. over the time i created slas and transferred and minimised risk. the best part you have here is do the work they say you to do and in free time work on ideas which you have in mind. believe in your self you are way ahead of the curve.,91,4.0,/r/SecurityCareerAdvice/comments/1pkz3ks/entrylevel_cyber_mess_shallow_skills_no_mentors/ntso792/,SecurityCareerAdvice,1
jwllovv,15tsy3o,t3_15tsy3o,t3_15tsy3o,carluoi,2023-08-17 17:00:36,1692291636.0,2023,8,2023-08,"If I were to ask you what excited/excites you about security, what would you tell me?

Also, do you have any background in networking concepts?",if i were to ask you what excited excites you about security what would you tell me also do you have any background in networking concepts,26,10.0,/r/SecurityCareerAdvice/comments/15tsy3o/im_not_good_as_soc_analyst/jwllovv/,SecurityCareerAdvice,1
ncb1k7i,1n7rj82,t3_1n7rj82,t3_1n7rj82,JustSomeRandomRamen,2025-09-04 02:31:39,1756953099.0,2025,9,2025-09,That is crazy. Companies are just ruthless now. Just ruthless.,that is crazy. companies are just ruthless now. just ruthless.,10,3.0,/r/SecurityCareerAdvice/comments/1n7rj82/just_got_the_rejection_email_after_flying_out_for/ncb1k7i/,SecurityCareerAdvice,1
mow91ma,1k77u9a,t3_1k77u9a,t3_1k77u9a,cashfile,2025-04-25 01:32:18,1745544738.0,2025,4,2025-04,"For most people trying to enter I would caution, but you already done 90% of the work with starting the degree and already having respected certs. It going to just be a number game at this point, keep applying to any and everything. Look at city, county career pages near you, look colleges, community colleges, and hospital near you. These jobs typically have less competition and aren't always on LinkedIn.",for most people trying to enter i would caution but you already done    of the work with starting the degree and already having respected certs. it going to just be a number game at this point keep applying to any and everything. look at city county career pages near you look colleges community colleges and hospital near you. these jobs typically have less competition and aren t always on linkedin.,70,1.0,/r/SecurityCareerAdvice/comments/1k77u9a/am_i_chasing_a_pipe_dream_at_this_point_need/mow91ma/,SecurityCareerAdvice,1
nepn2rk,1ngmbau,t3_1ngmbau,t3_1ngmbau,SpookyGhost-90,2025-09-17 14:35:49,1758119749.0,2025,9,2025-09,"OP, without being too specific, where generally are you located in the Southeast?",op without being too specific where generally are you located in the southeast,13,1.0,/r/SecurityCareerAdvice/comments/1ngmbau/i_keep_being_ghosted_and_denied_by_100_of_jobs/nepn2rk/,SecurityCareerAdvice,1
l5m3s8e,1cvr2va,t3_1cvr2va,t3_1cvr2va,Ok-Foundation-8704,2024-05-25 14:07:58,1716646078.0,2024,5,2024-05,"Do what you love
At the end of the day you do something because you love and enjoy .
Make the change and live up to what you feel is sortable for you .
THE only thing that makes your current job a pro and not a con is because it's stable but when you make the change you will find a great opportunity's in cyber security and there is so much you can learn trust me .
You will not get bored or even regret your choice because there is so much you can do.",do what you love at the end of the day you do something because you love and enjoy . make the change and live up to what you feel is sortable for you . the only thing that makes your current job a pro and not a con is because it s stable but when you make the change you will find a great opportunity s in cyber security and there is so much you can learn trust me . you will not get bored or even regret your choice because there is so much you can do.,98,1.0,/r/SecurityCareerAdvice/comments/1cvr2va/am_i_crazy_if_i_want_to_change_my_work_area_now/l5m3s8e/,SecurityCareerAdvice,1
o0mbfg3,1qhdw94,t3_1qhdw94,t3_1qhdw94,whocares_xd,2026-01-20 05:44:44,1768887884.0,2026,1,2026-01,"Surprisingly, interested in cyber security, dad is a police, 3 months to graduate and I know nothing",surprisingly interested in cyber security dad is a police   months to graduate and i know nothing,16,2.0,/r/SecurityCareerAdvice/comments/1qhdw94/final_year_cyber_security_student_with_3_months/o0mbfg3/,SecurityCareerAdvice,1
mot2mxv,1k6tx9t,t3_1k6tx9t,t3_1k6tx9t,cashfile,2025-04-24 15:48:11,1745509691.0,2025,4,2025-04,"In the long run, it would definitely be worth as moving into cybersecurity definitely raises your career ceiling. However, I have no idea of your finance, and life style. Either way I would keep looking to transition whether you take this job or not.",in the long run it would definitely be worth as moving into cybersecurity definitely raises your career ceiling. however i have no idea of your finance and life style. either way i would keep looking to transition whether you take this job or not.,44,3.0,/r/SecurityCareerAdvice/comments/1k6tx9t/worth_taking_paycut_for_security_engineer_role/mot2mxv/,SecurityCareerAdvice,1
n4bl22w,1m5ajbh,t3_1m5ajbh,t3_1m5ajbh,1-800-HACK-ME,2025-07-21 11:13:52,1753096432.0,2025,7,2025-07,"You have 43 disclosed CVEs? Honestly, don’t sweat it you’re good. Personally, with such a background I wouldn’t waste my time with the Big 4, I just don’t think their name value carries over in the security industry. Look specifically for (offensive) Security Consulting firms in your Market/Country and apply to those. You’ll benefit much more from their know-how and work alongside more experienced red teamers which in turn will make you a more complete red teamer. While it can be daunting at first, don’t forget it’s a team effort (literally in the name). So it is not expected of you to know it all but rather to communicate ideas well and collaborate with the team towards a defined objective. 

From what you wrote, I think compliance/policy-heavy stuff might bore you; good for getting your foot in the door but just not as exciting. On the other hand, however, it’s very stable and in my job market (Europe) also slightly better payed, as there is no shortage of regulations and policies. Ultimately, it’s a choice only you can make, but don’t be deceived by money as differences are marginal and long-term job satisfaction definitely outweighs it.",you have    disclosed cves honestly don t sweat it you re good. personally with such a background i wouldn t waste my time with the big   i just don t think their name value carries over in the security industry. look specifically for security consulting firms in your market country and apply to those. you ll benefit much more from their know how and work alongside more experienced red teamers which in turn will make you a more complete red teamer. while it can be daunting at first don t forget it s a team effort . so it is not expected of you to know it all but rather to communicate ideas well and collaborate with the team towards a defined objective. from what you wrote i think compliance policy heavy stuff might bore you good for getting your foot in the door but just not as exciting. on the other hand however it s very stable and in my job market also slightly better payed as there is no shortage of regulations and policies. ultimately it s a choice only you can make but don t be deceived by money as differences are marginal and long term job satisfaction definitely outweighs it.,204,1.0,/r/SecurityCareerAdvice/comments/1m5ajbh/pentesting_vs_security_consulting/n4bl22w/,SecurityCareerAdvice,1
nhh615v,1nun42v,t3_1nun42v,t3_1nun42v,yohussin,2025-10-03 02:19:55,1759457995.0,2025,10,2025-10,"Lots of people that aren't geniuses and can't articulate well in interviews are in top roles in cybersecurity.

Also, those are things you can learn and get better at by interviewing a lot.",lots of people that aren t geniuses and can t articulate well in interviews are in top roles in cybersecurity. also those are things you can learn and get better at by interviewing a lot.,35,2.0,/r/SecurityCareerAdvice/comments/1nun42v/i_dont_feel_like_i_know_alot/nhh615v/,SecurityCareerAdvice,1
lc0lk16,1dx7ia0,t3_1dx7ia0,t3_1dx7ia0,Slothilism,2024-07-07 08:55:32,1720342532.0,2024,7,2024-07,"Hey,

I can't speak about others experiences but I am/wanting to shift more into a cyber field coming from the military. Working public sector has to be one of the strongest cases of Stockholm syndrome one can experience, it's a whole different environment. Most people are aware that the only way they can lose their job is to quit, and while this does create some slackers it also creates an incredibly different workplace environment. We are not there because our pay is dictated by share price, nor are our supervisors/managers breathing down our backs about performance metrics or specific benchmarks. The tempo is slooooow, but many find comfort in that pace. That pace means things are asked slow, delivered slow, and accomplished slow. 

But what you can do in GOV you cannot do elsewhere. Even benign stories are interesting because your friends and peers will not ever get the opportunity to work on those things. Many people can do data analytics, not everyone speaks with the ministry of health during a pandemic to assist in resource applications. Not everyone tracks attack metrics and delivers them high ranking leaders in government. Not everyone gets to do OPSECOPSECOPSEC.....

My point is that I understand where you're coming from, and I've heard it from many people who have joined the military/DOD/public sector. They want to feel more fulfilled, and that their actions actually contribute to something other than ""funny line go up"". But it isn't everything. You can be fulfilled in other ways outside of work. Perhaps that extra money from the private sector can get your wife that thing she's been dying for, the start of a lifelong hobby that can provide you personal contentment, maybe even putting that extra money away for your (future kids if desired) so that they may go to school without going in debt. Hell donate some money to the local park and get you and your wifes name engraved on it. Money cannot directly solve what you're describing, but it enables mobility such that you may one day truly find something to scratch that itch.

Either way, it sounds like you've carved a pretty nice corner for yourself and you'll be fine either way :)

Cheers",hey i can t speak about others experiences but i am wanting to shift more into a cyber field coming from the military. working public sector has to be one of the strongest cases of stockholm syndrome one can experience it s a whole different environment. most people are aware that the only way they can lose their job is to quit and while this does create some slackers it also creates an incredibly different workplace environment. we are not there because our pay is dictated by share price nor are our supervisors managers breathing down our backs about performance metrics or specific benchmarks. the tempo is slooooow but many find comfort in that pace. that pace means things are asked slow delivered slow and accomplished slow. but what you can do in gov you cannot do elsewhere. even benign stories are interesting because your friends and peers will not ever get the opportunity to work on those things. many people can do data analytics not everyone speaks with the ministry of health during a pandemic to assist in resource applications. not everyone tracks attack metrics and delivers them high ranking leaders in government. not everyone gets to do opsecopsecopsec..... my point is that i understand where you re coming from and i ve heard it from many people who have joined the military dod public sector. they want to feel more fulfilled and that their actions actually contribute to something other than funny line go up . but it isn t everything. you can be fulfilled in other ways outside of work. perhaps that extra money from the private sector can get your wife that thing she s been dying for the start of a lifelong hobby that can provide you personal contentment maybe even putting that extra money away for your so that they may go to school without going in debt. hell donate some money to the local park and get you and your wifes name engraved on it. money cannot directly solve what you re describing but it enables mobility such that you may one day truly find something to scratch that itch. either way it sounds like you ve carved a pretty nice corner for yourself and you ll be fine either way : cheers,380,2.0,/r/SecurityCareerAdvice/comments/1dx7ia0/serving_the_greater_good/lc0lk16/,SecurityCareerAdvice,1
jjgqzwu,13bl1zq,t3_13bl1zq,t3_13bl1zq,Baby___B,2023-05-09 13:06:49,1683637609.0,2023,5,2023-05,"Speaking from experience ,I will advise you to do the following ;

1. Start looking for another job immediately while you keep this current job 

2. Try to convince her (only once please!)  , if she keeps insisting, please ignore her and focus on policies creation. From the look of things , she hired you because of policies creation. I am not sure things will get any better . She is the CTO (she is supposed to have experience of how  basic IT infrastructure is set up ). If she doesn't know , it will take years for you to convince her. 

3. I don't think any ISO auditor will certify a company without any basic security/IT infrastructure . If you ignore her ,  auditors will give the same security advisory. So , back to square one .

4. If you are going to be reporting to her  , then , this is a signal that things are not going to get any better.  Any subsequent security advisory you give will probably take forever to get approved. She might later find you intimidating (if you really try to do your job as you should) and throw you under the bus . 

5. If you are reporting to her , this also shows that the management does not understand your role . They are seeing you as part of IT . IT Security is distinctively different from IT. Hence , you are basically screwed if she throws you under the bus. In a proper environment , IT Security staff should not be reporting to IT Head . (In exceptional cases , the IT Head must have a full understanding of what information Security is about. I have worked with  IT Head like this and he was sweet to work it . But in your case , I doubt if it will be the same)

6. Focus on policies creation and maybe awareness ( she might like that too) . Please take your time while you the create the policies  'cos if you rush to create the policies there might be no work for you to do again 😂. 

7. Work on getting as many certifications as possible  since you will now have more idle time. 

8. In about a year or less , you should be out of the company.  Get a higher paying job in a better and more matured environment. 

Of course , no environment is perfect. But it's better to work for the slightly better ones who are really trying to improve.

Good luck!",speaking from experience i will advise you to do the following  . start looking for another job immediately while you keep this current job  . try to convince her if she keeps insisting please ignore her and focus on policies creation. from the look of things she hired you because of policies creation. i am not sure things will get any better . she is the cto . if she doesn t know it will take years for you to convince her.  . i don t think any iso auditor will certify a company without any basic security it infrastructure . if you ignore her auditors will give the same security advisory. so back to square one .  . if you are going to be reporting to her then this is a signal that things are not going to get any better. any subsequent security advisory you give will probably take forever to get approved. she might later find you intimidating and throw you under the bus .  . if you are reporting to her this also shows that the management does not understand your role . they are seeing you as part of it . it security is distinctively different from it. hence you are basically screwed if she throws you under the bus. in a proper environment it security staff should not be reporting to it head .  . focus on policies creation and maybe awareness . please take your time while you the create the policies cos if you rush to create the policies there might be no work for you to do again .  . work on getting as many certifications as possible since you will now have more idle time.  . in about a year or less you should be out of the company. get a higher paying job in a better and more matured environment. of course no environment is perfect. but it s better to work for the slightly better ones who are really trying to improve. good luck,336,1.0,/r/SecurityCareerAdvice/comments/13bl1zq/advice_needed_new_security_engineer/jjgqzwu/,SecurityCareerAdvice,1
gt18tgl,mhdpwc,t3_mhdpwc,t3_mhdpwc,stripesthetigercub,2021-04-01 14:29:09,1617287349.0,2021,4,2021-04,"So you know, cybersecurity isn’t stress free and it’s not an appreciated job, but thanks for asking the right questions :)

So first way to look at it: do you want to do offensive or defensive type work? Do you like to interact with people, or do you want to be left alone? 

Cybersecurity in a lot of ways builds off existing tech and is very reactive (blue team is the defensive mindset), or do you want to be looking for new and inventive types of attacks (red team is the offensive mindset). While that really talks about it in a general and high level, there’s a lot of crossover between the two. 

But at least thinking of which one is more interesting to you will help you with u/madtownliz link posted.",so you know cybersecurity isn t stress free and it s not an appreciated job but thanks for asking the right questions : so first way to look at it: do you want to do offensive or defensive type work do you like to interact with people or do you want to be left alone cybersecurity in a lot of ways builds off existing tech and is very reactive or do you want to be looking for new and inventive types of attacks . while that really talks about it in a general and high level there s a lot of crossover between the two. but at least thinking of which one is more interesting to you will help you with user link posted.,124,1.0,/r/SecurityCareerAdvice/comments/mhdpwc/what_direction_to_go/gt18tgl/,SecurityCareerAdvice,1
jjbqolv,13bl1zq,t3_13bl1zq,t3_13bl1zq,GreyBar0n86,2023-05-08 12:00:47,1683547247.0,2023,5,2023-05,"I mean your solution sounds pretty good to me. If you're pretty certain she doesn't understand AD. Maybe that is the problem....

Use laymen / business terms she can understand such as risk, business continuity, operational needs, cost efficiency...Point out to the lack of ""professionalism"" of a serious company using Windows 10 Home.

PowerPoint the ish out of, well your points lol. I'd also maybe do some research on her as to understand where she comes from professionally. It could give away some ideas or methods to convince her.",i mean your solution sounds pretty good to me. if you re pretty certain she doesn t understand ad. maybe that is the problem.... use laymen   business terms she can understand such as risk business continuity operational needs cost efficiency...point out to the lack of professionalism of a serious company using windows    home. powerpoint the ish out of well your points lol. i d also maybe do some research on her as to understand where she comes from professionally. it could give away some ideas or methods to convince her.,90,2.0,/r/SecurityCareerAdvice/comments/13bl1zq/advice_needed_new_security_engineer/jjbqolv/,SecurityCareerAdvice,1
ocn6lui,1s4hmmm,t3_1s4hmmm,t3_1s4hmmm,PathS3lector,2026-03-26 20:02:46,1774555366.0,2026,3,2026-03,"Yes it's more inline with support but you need the foundations first. It's an internship, if you start to ask to get your hands dirty in actual security related tasks and projects but get denied, then there's your answer.",yes it s more inline with support but you need the foundations first. it s an internship if you start to ask to get your hands dirty in actual security related tasks and projects but get denied then there s your answer.,42,25.0,/r/SecurityCareerAdvice/comments/1s4hmmm/junior_cybersecurity_engineer_internship_feels/ocn6lui/,SecurityCareerAdvice,1
m6uj99k,1i0271u,t3_1i0271u,t3_1i0271u,gc-h,2025-01-13 01:25:15,1736731515.0,2025,1,2025-01,"Your rez is definitely giving coding smell and aura. Implemented aws … with waf and gaurdduty .. again ample terraform code available on github. 
Show something unique you can bring to the table and then rebrand yourself 

Eg DevSecOps - 
      Threathunt - 
      Red teamer
      Api sec sme 
      Some framework expertise nist or iso
      Seim expert - managed security events 
      ….

At this time the rez content you shared is definitely a code ninja type - which ai and offshore are gobbling up those jobs. A security cert will definitely help to start with cissp or gaic or ethical hacker… etc etc … You are transitioning from intern to a fte (full time). Your best bet is to get references from those folks who mentored you and ask them to forward your resume within their network ; good luck and feel free to dm me",your rez is definitely giving coding smell and aura. implemented aws with waf and gaurdduty .. again ample terraform code available on github. show something unique you can bring to the table and then rebrand yourself eg devsecops   threathunt   red teamer api sec sme some framework expertise nist or iso seim expert   managed security events . at this time the rez content you shared is definitely a code ninja type   which ai and offshore are gobbling up those jobs. a security cert will definitely help to start with cissp or gaic or ethical hacker etc etc you are transitioning from intern to a fte . your best bet is to get references from those folks who mentored you and ask them to forward your resume within their network good luck and feel free to dm me,136,-1.0,/r/SecurityCareerAdvice/comments/1i0271u/cant_land_a_security_job_part_2/m6uj99k/,SecurityCareerAdvice,1
nsjfquv,1pfbr4c,t3_1pfbr4c,t3_1pfbr4c,quantum_career_coach,2025-12-06 03:39:45,1764992385.0,2025,12,2025-12,"A good way to start on your new journey is to figure out what you truly need in life. Here’s a way to find out what your needs are.

Humans have 6 fundamental needs and throughout our life, we always prioritize two when we reach a different stage. The 6 needs are. 

1. Certainty (Safety & Stability)

The need to feel safe, secure, stable, and in control.

2. Variety (Novelty & Change)

The need for change, excitement, surprise, and new experiences.
Without variety, people feel bored or stuck.

3. Significance (Importance & Worth)

The need to feel valued, unique, appreciated, powerful, or respected.

4. Love & Connection

The need to feel bonded, seen, understood, and emotionally connected.

5. Growth

The need to evolve emotionally, spiritually, intellectually, and professionally.
If you’re not growing, you feel stuck.

6. Contribution

The need to give, help, serve, and create impact beyond yourself.
Fulfillment comes from contribution.

Which 2 are yours right now?  Once you know, ask yourself, is this job/career going to fulfill my needs? If not, keep looking. Because if your needs are not being met, you will burn out again and be stuck in a toxic cycle not knowing why.",a good way to start on your new journey is to figure out what you truly need in life. here s a way to find out what your needs are. humans have   fundamental needs and throughout our life we always prioritize two when we reach a different stage. the   needs are.  . certainty the need to feel safe secure stable and in control.  . variety the need for change excitement surprise and new experiences. without variety people feel bored or stuck.  . significance the need to feel valued unique appreciated powerful or respected.  . love connection the need to feel bonded seen understood and emotionally connected.  . growth the need to evolve emotionally spiritually intellectually and professionally. if you re not growing you feel stuck.  . contribution the need to give help serve and create impact beyond yourself. fulfillment comes from contribution. which   are yours right now once you know ask yourself is this job career going to fulfill my needs if not keep looking. because if your needs are not being met you will burn out again and be stuck in a toxic cycle not knowing why.,188,2.0,/r/SecurityCareerAdvice/comments/1pfbr4c/midlife_career_change_advice_bad_idea_or_still/nsjfquv/,SecurityCareerAdvice,1
mwx8825,1l7jop3,t3_1l7jop3,t3_1l7jop3,Brod1738,2025-06-09 23:27:17,1749511637.0,2025,6,2025-06,"Your internships are in Security? If you can share your resume without the PII somewhere, someone might be able to help you out further. Job hunting is tough in the US and EU right now. Keep hunting, best of luck.",your internships are in security if you can share your resume without the pii somewhere someone might be able to help you out further. job hunting is tough in the us and eu right now. keep hunting best of luck.,40,2.0,/r/SecurityCareerAdvice/comments/1l7jop3/how_do_i_get_a_job_in_this_field_im_so_tired/mwx8825/,SecurityCareerAdvice,1
l61q4cj,1d2mroi,t3_1d2mroi,t3_1d2mroi,thelowerrandomproton,2024-05-28 16:55:43,1716915343.0,2024,5,2024-05,"I mean things have changed a bit, but I have a Fine Art degree (Like painting).  

I think you’ll find some employers that just want *A* degree.  And some want an IT degree (I’m including cybersecurity and Comp Sci in that).  It maters less as you gain experience.

It sounds like you have a degree, you’re getting certs, and you have experience.",i mean things have changed a bit but i have a fine art degree . i think you ll find some employers that just want a degree. and some want an it degree . it maters less as you gain experience. it sounds like you have a degree you re getting certs and you have experience.,56,5.0,/r/SecurityCareerAdvice/comments/1d2mroi/cybersecurity/l61q4cj/,SecurityCareerAdvice,1
o6dr1xb,1r8vhqv,t3_1r8vhqv,t3_1r8vhqv,Zealousideal_Ruin387,2026-02-20 06:53:36,1771570416.0,2026,2,2026-02,"Wanted to add something to the others, though the message is similar. Cybersec is not an entry level position. On top of large technical knowledge that one has to have, it’s also a position with high responsibility. If you join a startup that wants to economy and hire a ‘junior’ you risk literally have legal problems if you are not able to put in place correct security measures in the company. And if you are hired as a junior Soc, a false positive or missed alert can cost your company real money. And there is almost no ‘low responsibility’ position in the industry. Also cybersecurity specialists has to be able to use human skills to pass the message, and often are reporting to quite high level managers, thy cybersecurity hierarchy in the company usually doesn’t have a lot of levels, as they are not needed. I think a safe bet is cybersecurity careers is a something like a project manager for cybersecurity project, it allows one to get experience, but also is not extremely dependent on one’s experience in the industry.",wanted to add something to the others though the message is similar. cybersec is not an entry level position. on top of large technical knowledge that one has to have it s also a position with high responsibility. if you join a startup that wants to economy and hire a junior you risk literally have legal problems if you are not able to put in place correct security measures in the company. and if you are hired as a junior soc a false positive or missed alert can cost your company real money. and there is almost no low responsibility position in the industry. also cybersecurity specialists has to be able to use human skills to pass the message and often are reporting to quite high level managers thy cybersecurity hierarchy in the company usually doesn t have a lot of levels as they are not needed. i think a safe bet is cybersecurity careers is a something like a project manager for cybersecurity project it allows one to get experience but also is not extremely dependent on one s experience in the industry.,184,1.0,/r/SecurityCareerAdvice/comments/1r8vhqv/is_this_an_echo_chamber_or_newcomers_as_me_are/o6dr1xb/,SecurityCareerAdvice,1
nhp2vat,1nxisuu,t3_1nxisuu,t3_1nxisuu,Pink_Zepellica,2025-10-04 10:31:36,1759573896.0,2025,10,2025-10,"Sounds like you've got some good experience to talk about and leverage for AppSec roles. My advice is to refactor your CV to highlight AppSec achievements and look at senior/principal AppSec roles, note down what you don't have, and work hard to get it either by implementing at work or doing it at home. 

Could you easily answer an interview question on SDLC, API Security, containers, etc, SAST/DAST. Answering interview questions will get you the job after all.",sounds like you ve got some good experience to talk about and leverage for appsec roles. my advice is to refactor your cv to highlight appsec achievements and look at senio subreddit appsec roles note down what you don t have and work hard to get it either by implementing at work or doing it at home. could you easily answer an interview question on sdlc api security containers etc sast dast. answering interview questions will get you the job after all.,82,6.0,/r/SecurityCareerAdvice/comments/1nxisuu/need_career_advice/nhp2vat/,SecurityCareerAdvice,1
muegtnn,1kvj0rw,t3_1kvj0rw,t3_1kvj0rw,hbk2369,2025-05-26 20:25:53,1748291153.0,2025,5,2025-05,Entry level in Cybersecurity does not mean entry level in tech. ,entry level in cybersecurity does not mean entry level in tech.,11,1.0,/r/SecurityCareerAdvice/comments/1kvj0rw/just_got_my_7th_entrylevel_rejection_for_needing/muegtnn/,SecurityCareerAdvice,1
msnxi6j,1ko306w,t3_1ko306w,t3_1ko306w,Senior_Flatworm_3466,2025-05-16 18:00:12,1747418412.0,2025,5,2025-05,LPT - EVERYTHING in an organization is a cost to the business.,lpt   everything in an organization is a cost to the business.,11,2.0,/r/SecurityCareerAdvice/comments/1ko306w/do_you_guys_feel_worthless_by_people_who_think_of/msnxi6j/,SecurityCareerAdvice,1
ja5et89,11cglpy,t3_11cglpy,t3_11cglpy,TheNarwhalingBacon,2023-02-26 23:42:07,1677454927.0,2023,2,2023-02,"I fail to see a single reason in your entire 5 paragraphs of why your current situation is better than this new job. If you said this out loud to someone you knew they'd call you some type of cuck, go out there and get the money/knowledge/benefits you deserve my dude. And never ever trust your employers unless what they promise is happening that day.",i fail to see a single reason in your entire   paragraphs of why your current situation is better than this new job. if you said this out loud to someone you knew they d call you some type of cuck go out there and get the money knowledge benefits you deserve my dude. and never ever trust your employers unless what they promise is happening that day.,67,3.0,/r/SecurityCareerAdvice/comments/11cglpy/need_advise_on_career_long_term/ja5et89/,SecurityCareerAdvice,1
jehx63y,127c71i,t3_127c71i,t3_127c71i,sold_myfortune,2023-04-01 03:46:52,1680320812.0,2023,4,2023-04,"*Now, they want me to lead into creating metrics for the higher management*

Dude, you're on the CISO track.  Did no one bother to explain that to you? LOL

You really should renew the Sec+, then look at CISM, CRISC, and eventually CISSP.

Forge relationships with higher management, get an MBA to understand finance and budgets and boom, you're ready to be a CISO.

Or just do this [certificate program from Carnegie Mellon.](https://www.heinz.cmu.edu/programs/executive-education/chief-information-security-officer-certificate)",now they want me to lead into creating metrics for the higher management dude you re on the ciso track. did no one bother to explain that to you lol you really should renew the sec then look at cism crisc and eventually cissp. forge relationships with higher management get an mba to understand finance and budgets and boom you re ready to be a ciso. or just do this url,71,2.0,/r/SecurityCareerAdvice/comments/127c71i/confused_af/jehx63y/,SecurityCareerAdvice,1
mxonj2i,1l7jop3,t3_1l7jop3,t3_1l7jop3,The_Security_Czar,2025-06-14 03:41:05,1749872465.0,2025,6,2025-06,"The entire job force in every profession is bleak.  I say make sure you get the propper training first.  There’s also a lot of free certifications that can boost your value. Hit me up, I’ll point you in the right direction.",the entire job force in every profession is bleak. i say make sure you get the propper training first. there s also a lot of free certifications that can boost your value. hit me up i ll point you in the right direction.,43,1.0,/r/SecurityCareerAdvice/comments/1l7jop3/how_do_i_get_a_job_in_this_field_im_so_tired/mxonj2i/,SecurityCareerAdvice,1
muc4o1i,1kvj0rw,t3_1kvj0rw,t3_1kvj0rw,shogunzek,2025-05-26 13:10:16,1748265016.0,2025,5,2025-05,"Entry level for cybersecurity roles often requires years of experience in IT or other domains first.

Entry level does not always mean no existing skills or education.",entry level for cybersecurity roles often requires years of experience in it or other domains first. entry level does not always mean no existing skills or education.,27,2.0,/r/SecurityCareerAdvice/comments/1kvj0rw/just_got_my_7th_entrylevel_rejection_for_needing/muc4o1i/,SecurityCareerAdvice,1
h4lkdbg,obm2vx,t3_obm2vx,t3_obm2vx,Seraphic_Heretic,2021-07-09 15:11:28,1625843488.0,2021,7,2021-07,Putting both CISSP and Security+ in the same posting is both totally fine and probably a good idea. Holding Security+ doesn't make someone a worse candidate; it makes them a better one. That's why it's in there.,putting both cissp and security in the same posting is both totally fine and probably a good idea. holding security doesn t make someone a worse candidate it makes them a better one. that s why it s in there.,40,1.0,/r/SecurityCareerAdvice/comments/obm2vx/hierarchy_of_certifications/h4lkdbg/,SecurityCareerAdvice,1
fethgp8,eqkrjw,t3_eqkrjw,t3_eqkrjw,ShakespearianShadows,2020-01-18 19:25:21,1579375521.0,2020,1,2020-01,"Knowing when to use encryption algorithms and which ones to use:  Very important

Knowing how to decrypt them -

Blue team:  99% useless

Red team:  75% useless

Cryptographer working for RSA/NSA:  Use it all the time

Depends on the career path you want",knowing when to use encryption algorithms and which ones to use: very important knowing how to decrypt them   blue team:    useless red team:    useless cryptographer working for rsa nsa: use it all the time depends on the career path you want,41,7.0,/r/SecurityCareerAdvice/comments/eqkrjw/cryptography_in_a_professional_setting/fethgp8/,SecurityCareerAdvice,2
nce1gt0,1n8a53d,t3_1n8a53d,t3_1n8a53d,DarthNarcissa,2025-09-04 15:30:53,1756999853.0,2025,9,2025-09,"I made the transition from desktop support to cybersec earlier this year.  There hasn't been a day where I haven't gone home completely exhausted mentally.  It's not just from working tickets and granting access to apps, it's working on projects, figuring out how we can improve security, meetings with vendors, vulnerability remediation, crafting automation scripts.  It's not glamourous in the slightest, but it's rewarding.  At least I think it is.",i made the transition from desktop support to cybersec earlier this year. there hasn t been a day where i haven t gone home completely exhausted mentally. it s not just from working tickets and granting access to apps it s working on projects figuring out how we can improve security meetings with vendors vulnerability remediation crafting automation scripts. it s not glamourous in the slightest but it s rewarding. at least i think it is.,76,14.0,/r/SecurityCareerAdvice/comments/1n8a53d/yall_be_prepared/nce1gt0/,SecurityCareerAdvice,2
efazs34,al5uqp,t3_al5uqp,t3_al5uqp,tenzin_smith,2019-01-29 22:55:24,1548802524.0,2019,1,2019-01,You should see if there are any security meetups around you. You might notice more people are in the same situation as you than you think.,you should see if there are any security meetups around you. you might notice more people are in the same situation as you than you think.,26,10.0,/r/SecurityCareerAdvice/comments/al5uqp/i_feel_like_an_imposter/efazs34/,SecurityCareerAdvice,2
nflyw8k,1nnojox,t3_1nnojox,t3_1nnojox,two4six0won,2025-09-22 15:02:03,1758553323.0,2025,9,2025-09,Could it have anything to do with the new costs associated with H1-B visas?,could it have anything to do with the new costs associated with h  b visas,15,-1.0,/r/SecurityCareerAdvice/comments/1nnojox/rejected_after_5_week_long_interview_process/nflyw8k/,SecurityCareerAdvice,2
n0yn9u4,1lpwuqq,t3_1lpwuqq,t3_1lpwuqq,Odd-Negotiation-8625,2025-07-02 15:51:00,1751471460.0,2025,7,2025-07,Get an OSCP to demonstrate if you can pen test. It literally golden standard like the CISSP for Pentest people,get an oscp to demonstrate if you can pen test. it literally golden standard like the cissp for pentest people,20,1.0,/r/SecurityCareerAdvice/comments/1lpwuqq/25_yo_feeling_lost/n0yn9u4/,SecurityCareerAdvice,2
ly4er3m,1gvqk94,t3_1gvqk94,t3_1gvqk94,AcanthocephalaOk5100,2024-11-20 16:42:01,1732120921.0,2024,11,2024-11,"This will boost your resume 1000x
Make sure to fake it as long as you can",this will boost your resume     x make sure to fake it as long as you can,16,1.0,/r/SecurityCareerAdvice/comments/1gvqk94/im_terrified/ly4er3m/,SecurityCareerAdvice,2
ndgf53t,1ndffse,t3_1ndffse,t3_1ndffse,QueenMarni,2025-09-10 14:43:50,1757515430.0,2025,9,2025-09,Be really great at help desk and eager to gather experience. Do not have an ego before you even graduate. You have to pay your dues. You sound entitled.,be really great at help desk and eager to gather experience. do not have an ego before you even graduate. you have to pay your dues. you sound entitled.,29,7.0,/r/SecurityCareerAdvice/comments/1ndffse/is_help_desk_just_inevitable/ndgf53t/,SecurityCareerAdvice,2
mwmklmy,1kso42y,t3_1kso42y,t3_1kso42y,-novafly-,2025-06-08 08:42:00,1749372120.0,2025,6,2025-06,"Well this sounds overwhelming, but from reading the comments definitely sure you would find a way to level up 

Btw i just started my learning journey on cyber security without any technical background. Just completed some cybersecurity foundations on cybrary.IT and now on soc path on THM 

Does anyone have any more suggestions where I should focus on and if it would be actually easy to land a job with no technical background or experience",well this sounds overwhelming but from reading the comments definitely sure you would find a way to level up btw i just started my learning journey on cyber security without any technical background. just completed some cybersecurity foundations on cybrary.it and now on soc path on thm does anyone have any more suggestions where i should focus on and if it would be actually easy to land a job with no technical background or experience,75,1.0,/r/SecurityCareerAdvice/comments/1kso42y/overwhelmed_after_1_year_as_a_soc_analyst/mwmklmy/,SecurityCareerAdvice,2
h2putw7,o61t7z,t3_o61t7z,t3_o61t7z,doc_samson,2021-06-23 01:15:24,1624410924.0,2021,6,2021-06,"Compliance can be good as long as you aren't on the hook for the failures of others.

Compliance is like being in software architecture or design. In those jobs if the system doesn't run its the fault of the devs and they are the ones called at 3am to fix it. 

In compliance your job is to tell people what they need to do and then hold them accountable for doing it and report when they fail to do it. If shit hits the fan then as long as you can show you told them to do it and they didn't do it then they are the ones scrambling at 3am not you. 

That said it's important to cultivate a good working relationship with the people you advise and audit so you don't create the usual adversarial relationship. Spend time with them, understand them, be willing to meet them halfway. But make it clear they have to meet you halfway too, and if they try to pull one over on you they get a colonoscopy audit with results given to the C suite.",compliance can be good as long as you aren t on the hook for the failures of others. compliance is like being in software architecture or design. in those jobs if the system doesn t run its the fault of the devs and they are the ones called at  am to fix it. in compliance your job is to tell people what they need to do and then hold them accountable for doing it and report when they fail to do it. if shit hits the fan then as long as you can show you told them to do it and they didn t do it then they are the ones scrambling at  am not you. that said it s important to cultivate a good working relationship with the people you advise and audit so you don t create the usual adversarial relationship. spend time with them understand them be willing to meet them halfway. but make it clear they have to meet you halfway too and if they try to pull one over on you they get a colonoscopy audit with results given to the c suite.,188,11.0,/r/SecurityCareerAdvice/comments/o61t7z/burnt_out_but_dont_want_to_leave_infosec/h2putw7/,SecurityCareerAdvice,2
mex779j,1ix5tt6,t3_1ix5tt6,t3_1ix5tt6,Mike_Rochip_,2025-02-26 17:50:04,1740592204.0,2025,2,2025-02,"Learn computer science first, then cybersecurity. The amount of cybersecurity people that don’t know the basics of computing is ever growing. If you want to stand out, take the path less traveled to get here, otherwise you’ll be competing amongst the masses. 

Also, expect a 3-5 year commitment to get into the field. Security+ is no longer gonna cut it to get into the field",learn computer science first then cybersecurity. the amount of cybersecurity people that don t know the basics of computing is ever growing. if you want to stand out take the path less traveled to get here otherwise you ll be competing amongst the masses. also expect a     year commitment to get into the field. security is no longer gonna cut it to get into the field,66,1.0,/r/SecurityCareerAdvice/comments/1ix5tt6/current_firefighter_looking_into_cyber_security/mex779j/,SecurityCareerAdvice,2
h2y1l9g,o61t7z,t3_o61t7z,t3_o61t7z,Ok-Birthday4723,2021-06-25 01:19:14,1624583954.0,2021,6,2021-06,"Depending on the size and fuckups within your company, you will spend hours in meetings, extra hours explaining to people how they need to follow processes and forbid you have to tell them to reset their passwords in accordance to audit mandates.

Then there’s report analysis of unstructured data. I’m in a weird position where I facilitate a control, valid date the control, send my documentation of me validating the control to audit to validate the control.  In addition to my sys admin\hd functions, and making sure certain processes are followed properly.

Long story short be prepared to work longer hours at larger companies in governance\audit.  Especially when there are so many audits that have 90 day/quarterly, and annual frequencies ON TOP of the daily tasks. All spanning 5+ platforms for upwards to 15K users.

But you won’t be put on call!",depending on the size and fuckups within your company you will spend hours in meetings extra hours explaining to people how they need to follow processes and forbid you have to tell them to reset their passwords in accordance to audit mandates. then there s report analysis of unstructured data. i m in a weird position where i facilitate a control valid date the control send my documentation of me validating the control to audit to validate the control. in addition to my sys admin hd functions and making sure certain processes are followed properly. long story short be prepared to work longer hours at larger companies in governance audit. especially when there are so many audits that have    day quarterly and annual frequencies on top of the daily tasks. all spanning   platforms for upwards to   k users. but you won t be put on call,146,1.0,/r/SecurityCareerAdvice/comments/o61t7z/burnt_out_but_dont_want_to_leave_infosec/h2y1l9g/,SecurityCareerAdvice,2
lebn4k3,1e6vp22,t3_1e6vp22,t3_1e6vp22,National-Box4656,2024-07-22 02:31:46,1721615506.0,2024,7,2024-07,">sending lots of emails, excels and words, analyzing documents texts like I'm a lawyer

If you're going to work GRC, this is your life. My advice is to ""take the money and run"" (take the job for now) but understand that you'll be in for more of this. I'm in a highly-paid GRC management role and I routinely remind my team to find their life's meaning outside of their work. The ones that have managed to do so are very happy. Good luck.",sending lots of emails excels and words analyzing documents texts like i m a lawyer if you re going to work grc this is your life. my advice is to take the money and run but understand that you ll be in for more of this. i m in a highly paid grc management role and i routinely remind my team to find their life s meaning outside of their work. the ones that have managed to do so are very happy. good luck.,84,1.0,/r/SecurityCareerAdvice/comments/1e6vp22/grc_in_the_us_job_vs_low_pay_technical_job/lebn4k3/,SecurityCareerAdvice,2
nvjd9z1,1ptqbl1,t3_1ptqbl1,t3_1ptqbl1,goldenfrogs17,2025-12-23 13:03:53,1766495033.0,2025,12,2025-12,"My seven year old cousin messed up his career by playing baseball instead of doing extra credit math homework. But as  a recent graduate with  desirable knowledge, experience, and degree, you might as well just give up now.",my seven year old cousin messed up his career by playing baseball instead of doing extra credit math homework. but as a recent graduate with desirable knowledge experience and degree you might as well just give up now.,38,6.0,/r/SecurityCareerAdvice/comments/1ptqbl1/am_i_still_on_the_right_track_in_cybersecurity_or/nvjd9z1/,SecurityCareerAdvice,2
n38h8m2,1m0dbze,t3_1m0dbze,t3_1m0dbze,darkstanly,2025-07-15 10:08:53,1752574133.0,2025,7,2025-07,"Hey Anshid, totally understand the overwhelm :') Been there when I dropped out of med school and had no clue what direction to take either. 

Here's the thing about cybersecurity. It's not like other fields where you can just dive in without understanding the fundamentals. You need to know how systems work before you can secure them. That's probably why you're feeling overwhelmed jumping between SOC, GRC, and pentesting.

My honest advice would be to get solid with general IT and programming fundamentals first. I know it sounds like a step backward, but trust me on this. The security professionals who do well aren't just security experts, they understand networking, databases, how applications work, etc.

Pick one area to start with. If you're more technical, lean towards SOC analyst roles. If you prefer processes and compliance, go GRC. Don't try to do everything at once.

The Google cert is great but employers want to see you can actually solve problems. Build some projects, document your learning, show your thinking process.

Also, don't underestimate the power of just picking something and sticking with it for 3-4 months minimum. The clarity comes from doing, not from endless research about what to do.",hey anshid totally understand the overwhelm : been there when i dropped out of med school and had no clue what direction to take either. here s the thing about cybersecurity. it s not like other fields where you can just dive in without understanding the fundamentals. you need to know how systems work before you can secure them. that s probably why you re feeling overwhelmed jumping between soc grc and pentesting. my honest advice would be to get solid with general it and programming fundamentals first. i know it sounds like a step backward but trust me on this. the security professionals who do well aren t just security experts they understand networking databases how applications work etc. pick one area to start with. if you re more technical lean towards soc analyst roles. if you prefer processes and compliance go grc. don t try to do everything at once. the google cert is great but employers want to see you can actually solve problems. build some projects document your learning show your thinking process. also don t underestimate the power of just picking something and sticking with it for     months minimum. the clarity comes from doing not from endless research about what to do.,207,3.0,/r/SecurityCareerAdvice/comments/1m0dbze/selftaught_hungry_and_clueless_how_do_i_land_my/n38h8m2/,SecurityCareerAdvice,2
ny6ogm4,1q6cpd9,t3_1q6cpd9,t3_1q6cpd9,Jinnapat397,2026-01-07 11:56:53,1767787013.0,2026,1,2026-01,"Before AI I spent hours manually checking logs for patterns and writing the same basic reports over and over. Now I feed the logs into ChatGPT or Claude, ask it to spot anomalies or draft the report, then just verify the output - cuts my time on routine stuff in half and lets me focus on real threats. Still double-check everything because the models can miss subtle context, but it's made the job way less soul-crushing.",before ai i spent hours manually checking logs for patterns and writing the same basic reports over and over. now i feed the logs into chatgpt or claude ask it to spot anomalies or draft the report then just verify the output   cuts my time on routine stuff in half and lets me focus on real threats. still double check everything because the models can miss subtle context but it s made the job way less soul crushing.,78,0.0,/r/SecurityCareerAdvice/comments/1q6cpd9/my_workflow_before_ai_vs_after_ai/ny6ogm4/,SecurityCareerAdvice,2
mm5i4kh,1juttev,t3_1juttev,t3_1juttev,PontiacMotorCompany,2025-04-09 03:17:02,1744168622.0,2025,4,2025-04,"greetings, yes you can easily pivot to GRC & recommend researching the ISC2 GRC certification. you have the requisite experience and it positions you for a CISSP later on. 
hope this helps l",greetings yes you can easily pivot to grc recommend researching the isc  grc certification. you have the requisite experience and it positions you for a cissp later on. hope this helps l,32,2.0,/r/SecurityCareerAdvice/comments/1juttev/pivoting_from_soc_to_grc/mm5i4kh/,SecurityCareerAdvice,2
n1dz64d,1lpwuqq,t3_1lpwuqq,t3_1lpwuqq,Riteous_Hooligan,2025-07-04 23:19:24,1751671164.0,2025,7,2025-07,"Hey brotha! 

Your on the right path. Messer will give you all you need to know for foundational knowledge. I’m saying this as 8 years in IT & i hold A+ Net+ & Sec+. IT Helpdesk is a great place to start because there’s so many ppl at different stages in there career. Help desk is weird because it’s like a career starter & where ppl end their careers. Be able to problem solve & understand troubleshooting a lot of Help desk will really focus on A+ materials & Net+ materials.

Go to recruiting agencies like RobertHalf.com the recruiters will give you roles & help put you in better position to get quick results. 

Good luck you got this!",hey brotha your on the right path. messer will give you all you need to know for foundational knowledge. i m saying this as   years in it i hold a net sec . it helpdesk is a great place to start because there s so many ppl at different stages in there career. help desk is weird because it s like a career starter where ppl end their careers. be able to problem solve understand troubleshooting a lot of help desk will really focus on a materials net materials. go to recruiting agencies like roberthalf.com the recruiters will give you roles help put you in better position to get quick results. good luck you got this,116,1.0,/r/SecurityCareerAdvice/comments/1lpwuqq/25_yo_feeling_lost/n1dz64d/,SecurityCareerAdvice,2
nofx5b3,1oukajo,t3_1oukajo,t3_1oukajo,adjective-nounOne234,2025-11-12 11:55:11,1762948511.0,2025,11,2025-11,"Take the apprenticeship.

Its not cybersecurity sure, but all jobs in IT start at the help desk, you will get qualifications and the experience on the job.

My experience is similar to yours, I was in college as a filler since mine took long but originally it was 1 year and I opted to stay in for another, so I was able to earn some certs (MS-900, SC-900 and Sec+ & ITIL 4 on top of my full apprentice qualification). 

It will look better on a CV and I think to have less or lower levels of qualifications but 2 years of experience on the job than a higher level of qualification but zero years of experience

School and college isn’t always for everyone, that’s why I dropped out to pursue mine, if you aren’t enjoying it and have this opportunity, take it. You’ll only get “what if” thoughts in your head if you don’t",take the apprenticeship. its not cybersecurity sure but all jobs in it start at the help desk you will get qualifications and the experience on the job. my experience is similar to yours i was in college as a filler since mine took long but originally it was   year and i opted to stay in for another so i was able to earn some certs . it will look better on a cv and i think to have less or lower levels of qualifications but   years of experience on the job than a higher level of qualification but zero years of experience school and college isn t always for everyone that s why i dropped out to pursue mine if you aren t enjoying it and have this opportunity take it. you ll only get what if thoughts in your head if you don t,145,1.0,/r/SecurityCareerAdvice/comments/1oukajo/roadmap_to_cybersecurity_advice/nofx5b3/,SecurityCareerAdvice,2
oellqu2,1sdta06,t3_1sdta06,t3_1sdta06,Not-ur-Infosec-guy,2026-04-06 12:07:27,1775477247.0,2026,4,2026-04,"Any job that demands additional work for their applicants I will typically walk away from.  I refuse to be an unpaid consultant.  

OP these types of jobs are typically taking your efforts and either:

A) selling them for ML research for side $$$

B) using your unpaid work for $$$

Are you new to the field or been in for a couple years?",any job that demands additional work for their applicants i will typically walk away from. i refuse to be an unpaid consultant. op these types of jobs are typically taking your efforts and either: a selling them for ml research for side b using your unpaid work for are you new to the field or been in for a couple years,61,5.0,/r/SecurityCareerAdvice/comments/1sdta06/gave_everything_to_a_technical_assessment_only_to/oellqu2/,SecurityCareerAdvice,2
mtna9b0,1kso42y,t3_1kso42y,t3_1kso42y,RemoteAssociation674,2025-05-22 12:47:51,1747918071.0,2025,5,2025-05,"So you're underwhelmed?

What you're experiencing is the same for every SOC, you're just in a more junior role where responsibilities are simple.",so you re underwhelmed what you re experiencing is the same for every soc you re just in a more junior role where responsibilities are simple.,26,12.0,/r/SecurityCareerAdvice/comments/1kso42y/overwhelmed_after_1_year_as_a_soc_analyst/mtna9b0/,SecurityCareerAdvice,2
ncdfk10,1n8a53d,t3_1n8a53d,t3_1n8a53d,Tangential_Diversion,2025-09-04 13:45:26,1756993526.0,2025,9,2025-09,"Quick caveat: This only really applies for in-house roles and response roles. I've spent my entire career in pentesting working for a consulting firm. To tl;dr it: I only identify problems; I don't fix problems for my clients. That directly translates to a much better WLB since I have zero ownership over any issues. 

There's other caveats with consulting to be aware of (navigating politics, the image-focused nature of consulting, high pace and expectations), but overall I have a much better WLB in consulting than in a similar in-house role.",quick caveat: this only really applies for in house roles and response roles. i ve spent my entire career in pentesting working for a consulting firm. to tl dr it: i only identify problems i don t fix problems for my clients. that directly translates to a much better wlb since i have zero ownership over any issues. there s other caveats with consulting to be aware of but overall i have a much better wlb in consulting than in a similar in house role.,85,55.0,/r/SecurityCareerAdvice/comments/1n8a53d/yall_be_prepared/ncdfk10/,SecurityCareerAdvice,2
n35xgx5,1m01d6x,t3_1m01d6x,t3_1m01d6x,Loud-Eagle-795,2025-07-14 23:02:18,1752534138.0,2025,7,2025-07,"I've been doing this 25 yrs I mess up regularly.. thats why you are part of a team.. learn from your mistakes.. try to learn from them... try not to make the same mistake twice.. own it and move on.. stay in touch with management and your supervisors.. let them know you are learning and moving forward.. 

take notes.. keep a personal wiki / notes .. of workflows/rulebooks of things that work and dont work.. things to remember.",i ve been doing this    yrs i mess up regularly.. thats why you are part of a team.. learn from your mistakes.. try to learn from them... try not to make the same mistake twice.. own it and move on.. stay in touch with management and your supervisors.. let them know you are learning and moving forward.. take notes.. keep a personal wiki   notes .. of workflows rulebooks of things that work and dont work.. things to remember.,78,23.0,/r/SecurityCareerAdvice/comments/1m01d6x/is_it_normal_to_still_mess_up_3_months_into_a_soc/n35xgx5/,SecurityCareerAdvice,2
jhcwk2b,10q4gzb,t3_10q4gzb,t3_10q4gzb,firas00777,2023-04-23 04:45:24,1682225124.0,2023,4,2023-04,I’m like you do not have a college degree but i think reverse engineering is something you can show on a blog or YouTube channel. Its good to have this certification from SANS but not sure if you can land a job using this new certification!,i m like you do not have a college degree but i think reverse engineering is something you can show on a blog or youtube channel. its good to have this certification from sans but not sure if you can land a job using this new certification,47,1.0,/r/SecurityCareerAdvice/comments/10q4gzb/paying_for_grem_out_of_pocket/jhcwk2b/,SecurityCareerAdvice,2
i71u4qu,ugp5wl,t3_ugp5wl,t3_ugp5wl,thetinguy,2022-05-02 17:18:41,1651511921.0,2022,5,2022-05,"Sounds like you're doing the AWS cloud support engineer interview. Make sure to brush up on your soft skills as well, because the role is basically helpdesk style.",sounds like you re doing the aws cloud support engineer interview. make sure to brush up on your soft skills as well because the role is basically helpdesk style.,29,6.0,/r/SecurityCareerAdvice/comments/ugp5wl/have_a_final_onsite_interview_for_a_dream_role/i71u4qu/,SecurityCareerAdvice,2
mzt6kk0,1lknqt8,t3_1lknqt8,t3_1lknqt8,LostBazooka,2025-06-26 02:00:12,1750903212.0,2025,6,2025-06,"something seems fishy about you, 

you said you have a masters degree in one comment but you posted a comment 5 days ago saying you just turned 21, yet you did not get a degree from WGU

and you are commenting on every computer science post telling people to drop out",something seems fishy about you you said you have a masters degree in one comment but you posted a comment   days ago saying you just turned    yet you did not get a degree from wgu and you are commenting on every computer science post telling people to drop out,49,6.0,/r/SecurityCareerAdvice/comments/1lknqt8/please_someone_help_me_find_a_job/mzt6kk0/,SecurityCareerAdvice,2
kprpx1e,1an5so3,t3_1an5so3,t3_1an5so3,do_IT_withme,2024-02-10 11:29:38,1707564578.0,2024,2,2024-02,"I'm not sure if your heart is set on cyber, but if not, you might look into EDI. EDI is electronic data interchange and is used by companies use to send and receive electronic documents, usually invoices and purchase orders. I saw a post the other day in one of the IT career subredits talking about how all of the EDI technicians are retiring and nobody is there to replace them. And I don't see EDI going anywhere anytime soon since it is used by a lot of companies. As an example, I know that is how Walmart uses it for all their invoices and purchase orders. If they use it, that means every company that sells to Walmart also uses it. Since it is high demand low supply I hear the pay is really good and your logistics experience might even help in that regard. Just throwing it out as an idea might be worth a look.",i m not sure if your heart is set on cyber but if not you might look into edi. edi is electronic data interchange and is used by companies use to send and receive electronic documents usually invoices and purchase orders. i saw a post the other day in one of the it career subredits talking about how all of the edi technicians are retiring and nobody is there to replace them. and i don t see edi going anywhere anytime soon since it is used by a lot of companies. as an example i know that is how walmart uses it for all their invoices and purchase orders. if they use it that means every company that sells to walmart also uses it. since it is high demand low supply i hear the pay is really good and your logistics experience might even help in that regard. just throwing it out as an idea might be worth a look.,160,2.0,/r/SecurityCareerAdvice/comments/1an5so3/cyber_advise_needed_any_help_is_appreciated/kprpx1e/,SecurityCareerAdvice,2
kgypjwt,191k12p,t3_191k12p,t3_191k12p,ZathrasNotTheOne,2024-01-08 22:32:41,1704753161.0,2024,1,2024-01,">If I continue to collect certs from apps and free learning websites (currently on Alison) about networking, programming languages, and infosec topics, will I even have a chance to land a job anywhere in the field? 

No, because they are certificates of completion, not certificates of a certification.  It's no different than LinkedIn Learning certificates; the information is good, but no name certs have 0 weight in the industry.

If you do want to look at getting some reputable certifications, I would check out [https://www.indeed.com/career-advice/career-development/top-it-certifications](https://www.indeed.com/career-advice/career-development/top-it-certifications) and [https://www.pcmag.com/news/highest-paying-it-certifications](https://www.pcmag.com/news/highest-paying-it-certifications).  Also keep in mind, the salaries are crap, and there is no guarantee that you will get a job if you get the cert, but those have a better return on your investment.",if i continue to collect certs from apps and free learning websites about networking programming languages and infosec topics will i even have a chance to land a job anywhere in the field no because they are certificates of completion not certificates of a certification. it s no different than linkedin learning certificates the information is good but no name certs have   weight in the industry. if you do want to look at getting some reputable certifications i would check out url and url also keep in mind the salaries are crap and there is no guarantee that you will get a job if you get the cert but those have a better return on your investment.,117,1.0,/r/SecurityCareerAdvice/comments/191k12p/is_there_a_chance_even_if_i_got_certs_from_free/kgypjwt/,SecurityCareerAdvice,2
mf8hssk,zi1nmu,t3_zi1nmu,t3_zi1nmu,Shoddy_Abies5451,2025-02-28 11:37:47,1740742667.0,2025,2,2025-02,"I hope see this.  Are you in the GRC field? If so, do you like ?",i hope see this. are you in the grc field if so do you like,15,1.0,/r/SecurityCareerAdvice/comments/zi1nmu/is_getting_into_grc_going_to_be_feasible_for_me/mf8hssk/,SecurityCareerAdvice,2
nd55dmn,1n8a53d,t3_1n8a53d,t3_1n8a53d,69Ben64,2025-09-08 20:01:39,1757361699.0,2025,9,2025-09,"Perfect then, if I pivot from Safety and Health to Cyber, nothing will really change!  I already have the requisite coping skills.  /s",perfect then if i pivot from safety and health to cyber nothing will really change i already have the requisite coping skills.  s,23,2.0,/r/SecurityCareerAdvice/comments/1n8a53d/yall_be_prepared/nd55dmn/,SecurityCareerAdvice,2
jz196rp,169b7py,t3_169b7py,t3_169b7py,CioCZ,2023-09-04 01:42:44,1693791764.0,2023,9,2023-09,"qualification is based on experience. some people can build mid level experience in 2-3 years, and others only have 1 year of technical experience that was repeated over how long they've been working.

The determining factor is whether you can work unguided and tackle (and deliver) projects on your own",qualification is based on experience. some people can build mid level experience in     years and others only have   year of technical experience that was repeated over how long they ve been working. the determining factor is whether you can work unguided and tackle projects on your own,47,1.0,/r/SecurityCareerAdvice/comments/169b7py/when_do_you_qualify_for_a_midlevel_cybersec_job/jz196rp/,SecurityCareerAdvice,2
o9skjzk,1rqesd3,t3_1rqesd3,t3_1rqesd3,Altruistic_Might_772,2026-03-11 03:35:35,1773200135.0,2026,3,2026-03,"Try to get some practical experience to go with your degrees. Since you haven't had internships, consider volunteering or taking on freelance projects in cybersecurity or MIS. These might be easier to get than traditional jobs and still offer valuable experience. Join online communities or forums related to your field to learn from others and find project opportunities. Make sure your resume shows off any relevant coursework, projects, or certifications. For interview prep, especially for roles like SOC analyst or GRC, being able to explain your skills and understand common scenarios is important. Check out resources like [PracHub](https://prachub.com?utm_source=reddit) for practicing interview questions and seeing what employers want. Keep applying and networking, and something will eventually work out. Good luck!",try to get some practical experience to go with your degrees. since you haven t had internships consider volunteering or taking on freelance projects in cybersecurity or mis. these might be easier to get than traditional jobs and still offer valuable experience. join online communities or forums related to your field to learn from others and find project opportunities. make sure your resume shows off any relevant coursework projects or certifications. for interview prep especially for roles like soc analyst or grc being able to explain your skills and understand common scenarios is important. check out resources like url for practicing interview questions and seeing what employers want. keep applying and networking and something will eventually work out. good luck,120,1.0,/r/SecurityCareerAdvice/comments/1rqesd3/ms_in_mis_and_cybersecurity_no_internships_no/o9skjzk/,SecurityCareerAdvice,2
n36l0vf,1m01d6x,t3_1m01d6x,t3_1m01d6x,TheElDoradoHacker,2025-07-15 01:14:27,1752542067.0,2025,7,2025-07,"The url protection thing is totally valid and can happen a lot. Not great that you missed a phishing but it happens. 

It sounds like you need to slow down. Make sure you fully investigate urls before blocking. Rather than just going off VT, what does osint say? What IS the url? For phishing, fully triage the email. Even if the sender is clean, did it pass dkim/spf? Is this email expected? What is the email TRYING to do. 

Some of that comes with time. Don’t stress yourself out, everyone slips up, especially in the beginning.",the url protection thing is totally valid and can happen a lot. not great that you missed a phishing but it happens. it sounds like you need to slow down. make sure you fully investigate urls before blocking. rather than just going off vt what does osint say what is the url for phishing fully triage the email. even if the sender is clean did it pass dkim spf is this email expected what is the email trying to do. some of that comes with time. don t stress yourself out everyone slips up especially in the beginning.,98,8.0,/r/SecurityCareerAdvice/comments/1m01d6x/is_it_normal_to_still_mess_up_3_months_into_a_soc/n36l0vf/,SecurityCareerAdvice,2
izq33vh,zi1nmu,t3_zi1nmu,t3_zi1nmu,cyberGI11,2022-12-11 00:17:44,1670717864.0,2022,12,2022-12,"The one GRC course I know of is offered by Dr. Gerald Auger through SimplyCyber.io. It began as a pay what you can structure, and is now also offered through TCM Security as well. I took it and got a lot of good information on GRC and all the forms and regulations you deal with. I'm still in school though, so am not working in the field yet other than internships. Good luck on making the pivot.",the one grc course i know of is offered by dr. gerald auger through simplycyber.io. it began as a pay what you can structure and is now also offered through tcm security as well. i took it and got a lot of good information on grc and all the forms and regulations you deal with. i m still in school though so am not working in the field yet other than internships. good luck on making the pivot.,78,0.0,/r/SecurityCareerAdvice/comments/zi1nmu/is_getting_into_grc_going_to_be_feasible_for_me/izq33vh/,SecurityCareerAdvice,2
n6axyxz,1meamwa,t3_1meamwa,t3_1meamwa,Revolutionary_Task59,2025-08-01 06:05:51,1754028351.0,2025,8,2025-08,I think so bcs people and company not sure what they should in jd,i think so bcs people and company not sure what they should in jd,14,1.0,/r/SecurityCareerAdvice/comments/1meamwa/is_cybersecurity_going_through_a_recruiting_hell/n6axyxz/,SecurityCareerAdvice,2
ls6v3nk,1g4r3v2,t3_1g4r3v2,t3_1g4r3v2,sportscat,2024-10-16 12:23:37,1729081417.0,2024,10,2024-10,I would at least try to pivot to an in-house company before leaving pen-testing altogether! Your compensation will be much better. People go to Big4 for the experience but the pay is notoriously not that great.,i would at least try to pivot to an in house company before leaving pen testing altogether your compensation will be much better. people go to big  for the experience but the pay is notoriously not that great.,38,2.0,/r/SecurityCareerAdvice/comments/1g4r3v2/advice_for_pivoting_out_of_penetration_testing/ls6v3nk/,SecurityCareerAdvice,2
nexl86k,1nk75b8,t3_1nk75b8,t3_1nk75b8,depleteduranian,2025-09-18 18:29:40,1758220180.0,2025,9,2025-09,What you mean you don't like being hunched over a machine interpreting arbitrary symbols and messages for hours every day? There's something wrong with you and you need drugs to be right.,what you mean you don t like being hunched over a machine interpreting arbitrary symbols and messages for hours every day there s something wrong with you and you need drugs to be right.,34,1.0,/r/SecurityCareerAdvice/comments/1nk75b8/i_dont_understand_how_people_keep_going/nexl86k/,SecurityCareerAdvice,2
ncmz9v1,1n8a53d,t3_1n8a53d,t3_1n8a53d,BigBacon2169,2025-09-05 22:38:00,1757111880.0,2025,9,2025-09,Ok so huge question. I'm working construction now (install garage doors) and have been getting really burned out with the company I work for. I dabbled in networking and cyber security when I was in highschool. I have been studying to take the Security+ exam. At this point in time is it worth it trying to make a change in my job? I've been doing construction for 7yrs,ok so huge question. i m working construction now and have been getting really burned out with the company i work for. i dabbled in networking and cyber security when i was in highschool. i have been studying to take the security exam. at this point in time is it worth it trying to make a change in my job i ve been doing construction for  yrs,67,1.0,/r/SecurityCareerAdvice/comments/1n8a53d/yall_be_prepared/ncmz9v1/,SecurityCareerAdvice,2
mtdur0n,1krhmzn,t3_1krhmzn,t3_1krhmzn,D1ckH3ad4sshole,2025-05-20 23:31:25,1747783885.0,2025,5,2025-05,I saw your resume and agree with others here.  Our recruiter looks at 1 page resumes and that is about it.  The next thing she looks for is job history in terms of how long they stay at 1 job.  That might not apply to you but definitely get a better looking single page resume.  Clean and simple seems to be what is looked for.,i saw your resume and agree with others here. our recruiter looks at   page resumes and that is about it. the next thing she looks for is job history in terms of how long they stay at   job. that might not apply to you but definitely get a better looking single page resume. clean and simple seems to be what is looked for.,63,8.0,/r/SecurityCareerAdvice/comments/1krhmzn/cant_get_hired_need_advice/mtdur0n/,SecurityCareerAdvice,2
o8jw605,1rk066b,t3_1rk066b,t3_1rk066b,radioactivez0r,2026-03-04 06:30:16,1772605816.0,2026,3,2026-03,You resigned 3 weeks ago and your account is still active!?,you resigned   weeks ago and your account is still active,10,1.0,/r/SecurityCareerAdvice/comments/1rk066b/its_my_very_last_day_and_im_still_being_told_lets/o8jw605/,SecurityCareerAdvice,2
hbxl09w,pjmu65,t3_pjmu65,t3_pjmu65,miley_whatsgood_,2021-09-07 14:07:22,1631023642.0,2021,9,2021-09,"in my company GRC and risk mgmt are basically intertwined so we do it all. our only rush time is during risk assessment season but it doesn't prevent us from taking time off or anything like that. the rest of the year is almost totally dependent on a person's time mgmt capabilities. I get through my work very quickly and ensure anything i'm working on is making weekly progress whereas I've had colleagues that work nights and weekends. Most of my role is waiting for other people to do their job for me to then review their security practices, so its a lot of downtime and badgering people to fill out documentation. I did not have a technical background before this aside from my college job of fixing computers, its not totally necessary but it helps. our team gets a lot of crap for not being technical enough but it really doesn't impact our ability to do our jobs. paywise, we get paid the same as incident response team with a much better work life balance so its a win-win for me but its definitely not thrilling work.",in my company grc and risk mgmt are basically intertwined so we do it all. our only rush time is during risk assessment season but it doesn t prevent us from taking time off or anything like that. the rest of the year is almost totally dependent on a person s time mgmt capabilities. i get through my work very quickly and ensure anything i m working on is making weekly progress whereas i ve had colleagues that work nights and weekends. most of my role is waiting for other people to do their job for me to then review their security practices so its a lot of downtime and badgering people to fill out documentation. i did not have a technical background before this aside from my college job of fixing computers its not totally necessary but it helps. our team gets a lot of crap for not being technical enough but it really doesn t impact our ability to do our jobs. paywise we get paid the same as incident response team with a much better work life balance so its a win win for me but its definitely not thrilling work.,194,3.0,/r/SecurityCareerAdvice/comments/pjmu65/switch_from_tech_to_grc_what_are_your_thoughts/hbxl09w/,SecurityCareerAdvice,2
n68416u,1meamwa,t3_1meamwa,t3_1meamwa,xXxNerezzaxXx,2025-07-31 19:55:53,1753991753.0,2025,7,2025-07,"Hey, anyone that is looking for Cybersecurity Training to begin or extend their career I recommend looking into Cyberkraft Training. They are accredited with the Better Business Bureau and do a lot of work with US. Soldiers and their spouses to get them Cybersecurity Certifications that are also available to civilians or most countries. 



They offer multiple certifications that you can do self-paced or through a two-three week bootcamp that is instructor led. You will also receive many study materials, practice exams, and a free exam voucher with a first time pass guarantee. You also get a free second exam if necessary and then you get Resume assistance and Career Placement after completing your certification testing.



Another option is doing Cyberkraft Total Access which has three different plans and gives you access to many different courses and each tier offers you more benefits. Please feel free to message me with any sort of questions.



Cyberkraft offers courses to many non-US citizens and they're accredited worldwide through the accrediting body. They can be a great addition to your resume and experience as they tend to focus on a more exact part of Cybersecurity, along with job placement assistance. 

[https://cyberkrafttraining.com?aff=amberlynn.polega&p=50873](https://cyberkrafttraining.com?aff=amberlynn.polega&p=50873)



[https://cyberkrafttraining.com/?aff=amberlynn.polega](https://cyberkrafttraining.com/?aff=amberlynn.polega)",hey anyone that is looking for cybersecurity training to begin or extend their career i recommend looking into cyberkraft training. they are accredited with the better business bureau and do a lot of work with us. soldiers and their spouses to get them cybersecurity certifications that are also available to civilians or most countries. they offer multiple certifications that you can do self paced or through a two three week bootcamp that is instructor led. you will also receive many study materials practice exams and a free exam voucher with a first time pass guarantee. you also get a free second exam if necessary and then you get resume assistance and career placement after completing your certification testing. another option is doing cyberkraft total access which has three different plans and gives you access to many different courses and each tier offers you more benefits. please feel free to message me with any sort of questions. cyberkraft offers courses to many non us citizens and they re accredited worldwide through the accrediting body. they can be a great addition to your resume and experience as they tend to focus on a more exact part of cybersecurity along with job placement assistance. url url,203,-2.0,/r/SecurityCareerAdvice/comments/1meamwa/is_cybersecurity_going_through_a_recruiting_hell/n68416u/,SecurityCareerAdvice,2
n0yjr9u,1lpwuqq,t3_1lpwuqq,t3_1lpwuqq,Apprehensive_Pay614,2025-07-02 15:34:55,1751470495.0,2025,7,2025-07,"Honestly you can get help desk with like just an A+ or Network+

And sorry do you have a degree?

If you have a degree id apply anyway without those certs",honestly you can get help desk with like just an a or network and sorry do you have a degree if you have a degree id apply anyway without those certs,31,1.0,/r/SecurityCareerAdvice/comments/1lpwuqq/25_yo_feeling_lost/n0yjr9u/,SecurityCareerAdvice,2
n9dshtw,1mq14rq,t3_1mq14rq,t3_1mq14rq,simplepladtoc,2025-08-18 17:28:07,1755538087.0,2025,8,2025-08,"He went in asking for 3x his salary and is surprised the laughed at him and cut him loose?  I would too, if a guy working for me thinks he should be making 3x more, we have some serious reality issues that need to be dealt with in that employee. 

Bye bye is what I'd say, and would have thrown you out just the same assuming that if you thought you deserved 3x more than its not unreasonable to assume you'd take it by force if fired.",he went in asking for  x his salary and is surprised the laughed at him and cut him loose i would too if a guy working for me thinks he should be making  x more we have some serious reality issues that need to be dealt with in that employee. bye bye is what i d say and would have thrown you out just the same assuming that if you thought you deserved  x more than its not unreasonable to assume you d take it by force if fired.,89,2.0,/r/SecurityCareerAdvice/comments/1mq14rq/i_finally_did_it_to_hell_with_it_all/n9dshtw/,SecurityCareerAdvice,3
lk2ijtt,1f1wk6m,t3_1f1wk6m,t3_1f1wk6m,bigmanoclock,2024-08-26 20:28:54,1724704134.0,2024,8,2024-08,IAM has been great so far. Granted I’m at a pretty big company but if you can get experience with a PAM tool/IDP then you’ll be good to go. It’s a newer niche within security as well.,iam has been great so far. granted i m at a pretty big company but if you can get experience with a pam tool idp then you ll be good to go. it s a newer niche within security as well.,41,7.0,/r/SecurityCareerAdvice/comments/1f1wk6m/what_role_pays_well_but_has_a_good_worklife/lk2ijtt/,SecurityCareerAdvice,3
kqo9kws,1as49b1,t3_1as49b1,t3_1as49b1,dinosore,2024-02-16 11:45:00,1708083900.0,2024,2,2024-02,"One of my favorite professors would say frequently enough “how would you know if no one ever told you?” No one is born knowing everything and while some people pick things up faster or have more experience, everything they know has to be learned at some point too. 

This field covers so much information that it’s impossible to know everything. Try to not compare yourself to others because that’s not going to help your confidence. Learn what you can from them and you very well might find something to teach them at some point. Give it time and keep working to build your skills and knowledge, and remember that just about everyone in the field has experienced imposter syndrome at some point. (And those who have never experienced it are likely prime examples of Dunning-Kruger.)

Signed, someone who’s been working in IT/security for over a decade and still experiences imposter syndrome more often than you’d think.",one of my favorite professors would say frequently enough how would you know if no one ever told you no one is born knowing everything and while some people pick things up faster or have more experience everything they know has to be learned at some point too. this field covers so much information that it s impossible to know everything. try to not compare yourself to others because that s not going to help your confidence. learn what you can from them and you very well might find something to teach them at some point. give it time and keep working to build your skills and knowledge and remember that just about everyone in the field has experienced imposter syndrome at some point. signed someone who s been working in it security for over a decade and still experiences imposter syndrome more often than you d think.,148,6.0,/r/SecurityCareerAdvice/comments/1as49b1/soc_career_confidence/kqo9kws/,SecurityCareerAdvice,3
gaygbyv,jmwvms,t3_jmwvms,t3_jmwvms,burijetto,2020-11-03 00:55:10,1604364910.0,2020,11,2020-11,"I have no experience with yoga, but I feel better when I talk to the doctor.",i have no experience with yoga but i feel better when i talk to the doctor.,16,2.0,/r/SecurityCareerAdvice/comments/jmwvms/how_to_handle_burnout_in_infosec_career_when_you/gaygbyv/,SecurityCareerAdvice,3
m36r1jg,1hjie0w,t3_1hjie0w,t3_1hjie0w,Cryptosmasher86,2024-12-21 20:34:30,1734813270.0,2024,12,2024-12,"Has anyone reviewed your resume and linkedin profile?

If you know programming you are far better off applying for software engineering/QA/Testing roles

Have you not applied to the insurance company you were working at?",has anyone reviewed your resume and linkedin profile if you know programming you are far better off applying for software engineering qa testing roles have you not applied to the insurance company you were working at,36,5.0,/r/SecurityCareerAdvice/comments/1hjie0w/cant_get_a_job/m36r1jg/,SecurityCareerAdvice,3
od4vt67,1s6lq91,t3_1s6lq91,t3_1s6lq91,eNomineZerum,2026-03-29 14:16:16,1774793776.0,2026,3,2026-03,"> Going into my third year in the field

Stop right there. Congrats, the new and shiny has worn off, this is where you lock in and get good. Recognize that nowhere is perfect, and so long as you aren't being abused in the day-to-day, you are likely in a far better spot than most.

Honestly, what is your problem statement? That in and of itself is a challenge here, as it sounds like you are just struggling to realize that you have hit a momentary plateau and instead of planning a better path forward are just applying and hoping to get a better job (in what?). have you engaged your boss to see what additional training, projects, automation, etc look like? Instead of wanting stuff to come to you, use your smarts to better the environment. Can a new EDR solution save you money and increase efficacy? Is there stuff you can automate to streamline? Could you all use a cheap intern to help you not only learn how to document and mentor a junior tech (pretty important for tech leads), but to also shake things up a bit at your place?

Take a step back, look at the market, do you see how bad things are? War, energy crisis looming, hyperscalers screwing price and resourcing for everyone. You have a job, and want to step out into this mess? There are half a dozen reasons for why you may not have gotten that job, but going back to school for something else isn't an easy thing to do.

> I’m seriously considering pivoting into nursing

Why? Because you want to pound your way through school for a bit, practically remove any chances of a nice WFH gig (I know come coding and remote nurse positions exist), and put yourself into an environment where you have to deal with people who either a) if you are a woman throw lewd comments at your, or b) if you are a dude make hehe male nurse comments. Nursing is an enviable career choice, but it isn't a magic bullet. Wanting to go from a L3 Analyst to a nurse is so polar opposite of roles that it really reinforces my belief that you are just unhappy that the new shiny has worn off and you are instead focusing on the next glazed career choice.

tl;dr You have 3 years in the field, congrats, you got your early quick wins and things start to settle down. You still have a decade or two worth of career growth. Your concerns about job hopping right now are more to do with the overall global market than the field itself. Honestly, unless you have spent 3 years at that one company, you shouldn't even be looking to jump. If you have 3 years at a place, stick out the economic mess as companies typically lay off the most recently hired folks and having even a bit of tenure may save your bacon. 

# **You don't know how lucky you are**",going into my third year in the field stop right there. congrats the new and shiny has worn off this is where you lock in and get good. recognize that nowhere is perfect and so long as you aren t being abused in the day to day you are likely in a far better spot than most. honestly what is your problem statement that in and of itself is a challenge here as it sounds like you are just struggling to realize that you have hit a momentary plateau and instead of planning a better path forward are just applying and hoping to get a better job . have you engaged your boss to see what additional training projects automation etc look like instead of wanting stuff to come to you use your smarts to better the environment. can a new edr solution save you money and increase efficacy is there stuff you can automate to streamline could you all use a cheap intern to help you not only learn how to document and mentor a junior tech but to also shake things up a bit at your place take a step back look at the market do you see how bad things are war energy crisis looming hyperscalers screwing price and resourcing for everyone. you have a job and want to step out into this mess there are half a dozen reasons for why you may not have gotten that job but going back to school for something else isn t an easy thing to do. i m seriously considering pivoting into nursing why because you want to pound your way through school for a bit practically remove any chances of a nice wfh gig and put yourself into an environment where you have to deal with people who either a if you are a woman throw lewd comments at your or b if you are a dude make hehe male nurse comments. nursing is an enviable career choice but it isn t a magic bullet. wanting to go from a l  analyst to a nurse is so polar opposite of roles that it really reinforces my belief that you are just unhappy that the new shiny has worn off and you are instead focusing on the next glazed career choice. tl dr you have   years in the field congrats you got your early quick wins and things start to settle down. you still have a decade or two worth of career growth. your concerns about job hopping right now are more to do with the overall global market than the field itself. honestly unless you have spent   years at that one company you shouldn t even be looking to jump. if you have   years at a place stick out the economic mess as companies typically lay off the most recently hired folks and having even a bit of tenure may save your bacon. you don t know how lucky you are,493,7.0,/r/SecurityCareerAdvice/comments/1s6lq91/thinking_of_pivoting_out_of_cybersecurity/od4vt67/,SecurityCareerAdvice,3
m9na8f2,1ic3lfx,t3_1ic3lfx,t3_1ic3lfx,courtesy_patroll,2025-01-28 15:11:16,1738077076.0,2025,1,2025-01,"Pretty sure you can stop doing the masters and start again at a later date. Just need to consider how long they’ll keep your credits in good standing. 

I think this is a very common problem for folks who go directly from bs to ms. You might consider joining a reserve service like the air force or coast guard cyber units to get experience part time and then you can keep working on the degree.",pretty sure you can stop doing the masters and start again at a later date. just need to consider how long they ll keep your credits in good standing. i think this is a very common problem for folks who go directly from bs to ms. you might consider joining a reserve service like the air force or coast guard cyber units to get experience part time and then you can keep working on the degree.,76,1.0,/r/SecurityCareerAdvice/comments/1ic3lfx/what_should_i_do/m9na8f2/,SecurityCareerAdvice,3
mnf6mno,1k00dqz,t3_1k00dqz,t3_1k00dqz,Foundersage,2025-04-16 15:13:38,1744816418.0,2025,4,2025-04,"Keep studying getting more advanced level certs that will push you forward. After 6 months - 1 year start applying and if you get something better leave the job. You can apply for security, it support, networking roles see who gives you interviews and prepare. Make a separate resume for each of those roles. Good luck",keep studying getting more advanced level certs that will push you forward. after   months     year start applying and if you get something better leave the job. you can apply for security it support networking roles see who gives you interviews and prepare. make a separate resume for each of those roles. good luck,53,1.0,/r/SecurityCareerAdvice/comments/1k00dqz/feel_completely_stuck_and_undervalued_in_my_first/mnf6mno/,SecurityCareerAdvice,3
o9bz7ul,1ro75q8,t3_1ro75q8,t3_1ro75q8,curioustaking,2026-03-08 15:52:31,1772985151.0,2026,3,2026-03,"Wait, wtf? Were you applying for a Software Engineering role? Because that's what it sounds like. I have never been in an interview like that.",wait wtf were you applying for a software engineering role because that s what it sounds like. i have never been in an interview like that.,26,9.0,/r/SecurityCareerAdvice/comments/1ro75q8/rejected_by_the_ceo_in_10_minutes_after_5/o9bz7ul/,SecurityCareerAdvice,3
mnawzaz,1k00dqz,t3_1k00dqz,t3_1k00dqz,International-Food83,2025-04-15 21:21:45,1744752105.0,2025,4,2025-04,You are doing all the right things.  Just keep doing what you are doing and press on with those labs at night.,you are doing all the right things. just keep doing what you are doing and press on with those labs at night.,22,3.0,/r/SecurityCareerAdvice/comments/1k00dqz/feel_completely_stuck_and_undervalued_in_my_first/mnawzaz/,SecurityCareerAdvice,3
nqbc0hy,1p4eg4c,t3_1p4eg4c,t3_1p4eg4c,Techatronix,2025-11-23 05:34:55,1763876095.0,2025,11,2025-11,Willing to take a $125K paycut? Product design must be absolute hell. WOW.,willing to take a    k paycut product design must be absolute hell. wow.,13,4.0,/r/SecurityCareerAdvice/comments/1p4eg4c/considering_career_switch_from_product_design_to/nqbc0hy/,SecurityCareerAdvice,3
lxgqe32,1gsqkud,t3_1gsqkud,t3_1gsqkud,aecyberpro,2024-11-16 17:56:21,1731779781.0,2024,11,2024-11,"If you love cybersecurity, keep apply for remote jobs. It may take a while or a long time but if you give up it will never happen. Otherwise, change careers like you said. It a pretty simple decision. It would also help if you think ahead and have reasons you can communicate on why you left those jobs so fast. And don't disparage those employers in your reasoning.",if you love cybersecurity keep apply for remote jobs. it may take a while or a long time but if you give up it will never happen. otherwise change careers like you said. it a pretty simple decision. it would also help if you think ahead and have reasons you can communicate on why you left those jobs so fast. and don t disparage those employers in your reasoning.,69,3.0,/r/SecurityCareerAdvice/comments/1gsqkud/stuck_between_a_rock_and_a_hard_place/lxgqe32/,SecurityCareerAdvice,3
o9bsqts,1ro75q8,t3_1ro75q8,t3_1ro75q8,koei19,2026-03-08 15:18:31,1772983111.0,2026,3,2026-03,That really sucks but you dodged a bullet here.  In the future don't take on any massive take-homes.  It's not standard and any place that asks you to invest more than a couple of hours in a take-home assignment isn't worth your time.,that really sucks but you dodged a bullet here. in the future don t take on any massive take homes. it s not standard and any place that asks you to invest more than a couple of hours in a take home assignment isn t worth your time.,48,9.0,/r/SecurityCareerAdvice/comments/1ro75q8/rejected_by_the_ceo_in_10_minutes_after_5/o9bsqts/,SecurityCareerAdvice,3
m0jb57s,1h6kwfk,t3_1h6kwfk,t3_1h6kwfk,aecyberpro,2024-12-05 13:37:15,1733405835.0,2024,12,2024-12,"It sounds like you hated pentesting because of the employer. I think that pentesting is the most interesting type of cyber security work. You just need to find a better employer. I’ve worked at a lot of places as a pentest consultant and I’ve never been forced to work nights and weekends. I’ve occasionally been asked to do my work overnight, but that’s been rare, it was asked not commanded, and I was off all day.",it sounds like you hated pentesting because of the employer. i think that pentesting is the most interesting type of cyber security work. you just need to find a better employer. i ve worked at a lot of places as a pentest consultant and i ve never been forced to work nights and weekends. i ve occasionally been asked to do my work overnight but that s been rare it was asked not commanded and i was off all day.,80,1.0,/r/SecurityCareerAdvice/comments/1h6kwfk/tired_of_working_in_cybersecurity/m0jb57s/,SecurityCareerAdvice,3
odkmqqa,1s6lq91,t3_1s6lq91,t3_1s6lq91,VictoryFitnessFaith3,2026-03-31 20:48:14,1774990094.0,2026,3,2026-03,"I don’t have the experience you are looking for but tech sales & consulting would involve more variance, potential travel, and people contact. You have experience, you know the tech, and it gets you time to be away from a computer desk. ",i don t have the experience you are looking for but tech sales consulting would involve more variance potential travel and people contact. you have experience you know the tech and it gets you time to be away from a computer desk.,42,1.0,/r/SecurityCareerAdvice/comments/1s6lq91/thinking_of_pivoting_out_of_cybersecurity/odkmqqa/,SecurityCareerAdvice,3
od3ew8d,1s6lq91,t3_1s6lq91,t3_1s6lq91,spicymemes45,2026-03-29 07:28:08,1774769288.0,2026,3,2026-03,Would you say a bachelor is enough to make it to some good senior position or is Masters degree essential for that? just deciding if I should do Masters in cybersecurity or If I should go and work as Security Operator and get some practical experience,would you say a bachelor is enough to make it to some good senior position or is masters degree essential for that just deciding if i should do masters in cybersecurity or if i should go and work as security operator and get some practical experience,46,0.0,/r/SecurityCareerAdvice/comments/1s6lq91/thinking_of_pivoting_out_of_cybersecurity/od3ew8d/,SecurityCareerAdvice,3
j3p3pby,107x56f,t3_107x56f,t3_107x56f,CantPassReCAPTCHA,2023-01-10 02:25:37,1673317537.0,2023,1,2023-01,"I started a hydroponic garden and started woodworking, having hobbies that don’t involve screens really helps for burnout",i started a hydroponic garden and started woodworking having hobbies that don t involve screens really helps for burnout,19,7.0,/r/SecurityCareerAdvice/comments/107x56f/how_do_you_deal_with_being_burnt_out_and_feeling/j3p3pby/,SecurityCareerAdvice,3
nqbypvr,1p4eg4c,t3_1p4eg4c,t3_1p4eg4c,dreambig5,2025-11-23 09:09:18,1763888958.0,2025,11,2025-11,"...I'd try to find another job in your field with another employer before trying to switch into this careers. Your burnout could be from your employer rather than the position. 

This isn't going to sound nice but I'd rather give you the honest truth. Lose the INTJ-T crap. Briggs-Meyers personality test isn't reliable in the slightest and is not something that means anything in the world of cybersecurity. Oh, you failed to respond to a threat that resulted in people losing their savings (possibly put them on the streets) destroyed their lifes & livelihoods, cost the company millions of dollars, but oh wait, you're a INTJ-T....all is forgiven. 

You'd be much better off joining the military rather than switching to security for a peace of mind. The purpose of military training is to break you down (all your weaknesses & sense of self) and rebuild you to make you an efficient tool that is able to handle stress & operate with big picture in mind. 

It sounds like your ex screwed you over twice. First by making you think it's a relaxed/stress free environment and then again because people like your ex are the reason that cybersecurity has such a bad reputation and why they're not trusted to operate remotely (no offense but seriously wtf).

\---

There has been a surge in people shifting over to cybersecurity over the past few years especially due to the pandemic & the work from home opportunities that were advertised. If you think about it, people from all different professions started shifting to cybersecurity, add to that people getting laid off from their existing cybersecurity roles, PLUS the new cybersecurity graduates with Bachelors & Masters in the subject but unable to find work. 

This was a hard enough industry to break into, but now we also have AI/Automation that is able to do most of the entry level jobs which only adds further barriers to entry. 

[https://aws.amazon.com/blogs/training-and-certification/reimagining-entry-level-tech-careers-in-the-ai-era/](https://aws.amazon.com/blogs/training-and-certification/reimagining-entry-level-tech-careers-in-the-ai-era/)

\---

We're the department that doesn't get heard about security concerns, the side that doesn't get properly funded but the first to be blamed when anything goes wrong. 

[https://www.linkedin.com/posts/marius-poskus\_cybersecurity-ciso-leadership-activity-7396480650003836928-lJuf?utm\_source=share&utm\_medium=member\_desktop&rcm=ACoAAAeNJHgB6dkqN7LYIzyhQ9XXOtvHmrxCxPE](https://www.linkedin.com/posts/marius-poskus_cybersecurity-ciso-leadership-activity-7396480650003836928-lJuf?utm_source=share&utm_medium=member_desktop&rcm=ACoAAAeNJHgB6dkqN7LYIzyhQ9XXOtvHmrxCxPE)

[https://www.linkedin.com/posts/ryan-case-b7718257\_this-week-i-had-an-opportunity-to-meet-with-activity-7396998706354556929-BLY-?utm\_source=share&utm\_medium=member\_desktop&rcm=ACoAAAeNJHgB6dkqN7LYIzyhQ9XXOtvHmrxCxPE](https://www.linkedin.com/posts/ryan-case-b7718257_this-week-i-had-an-opportunity-to-meet-with-activity-7396998706354556929-BLY-?utm_source=share&utm_medium=member_desktop&rcm=ACoAAAeNJHgB6dkqN7LYIzyhQ9XXOtvHmrxCxPE)

\---

I want people to switch over to Cybersecurity for the right reasons but I want all people to learn about it regardless. Rather than trying to start over from entry, if you learn cybersecurity & secure software design, you might be able to make a more lateral move & also a great impact where you're at. But this does mean losing that INTJ excuse. 

\---

As an alternative, I'm not kidding, but I think you should try out luxury auto sales (doesn't need to be super high end but like Mercedes, BMW, Audi level is plenty). It made me have to negotiate with C-suite executives, government officials, celebrities, engineers, lawyers, doctors/dentists, business folk all the way down to students from wealthy homes. You'll make 6 figures, and learn valuable skills such as presentation, sales, negotiation (being able to say no...esp to C-level executives). 

You can do whatever you want throughout the day. You don't have to concern yourself with worrying about the whole quarter. Your goals are simply monthly. You can make lot more than 30$/hr & more importantly, you can make some incredible connections. It also helps you lose that personality wall or atleast use your traits to your advantage.",...i d try to find another job in your field with another employer before trying to switch into this careers. your burnout could be from your employer rather than the position. this isn t going to sound nice but i d rather give you the honest truth. lose the intj t crap. briggs meyers personality test isn t reliable in the slightest and is not something that means anything in the world of cybersecurity. oh you failed to respond to a threat that resulted in people losing their savings destroyed their lifes livelihoods cost the company millions of dollars but oh wait you re a intj t....all is forgiven. you d be much better off joining the military rather than switching to security for a peace of mind. the purpose of military training is to break you down and rebuild you to make you an efficient tool that is able to handle stress operate with big picture in mind. it sounds like your ex screwed you over twice. first by making you think it s a relaxed stress free environment and then again because people like your ex are the reason that cybersecurity has such a bad reputation and why they re not trusted to operate remotely .     there has been a surge in people shifting over to cybersecurity over the past few years especially due to the pandemic the work from home opportunities that were advertised. if you think about it people from all different professions started shifting to cybersecurity add to that people getting laid off from their existing cybersecurity roles plus the new cybersecurity graduates with bachelors masters in the subject but unable to find work. this was a hard enough industry to break into but now we also have ai automation that is able to do most of the entry level jobs which only adds further barriers to entry. url     we re the department that doesn t get heard about security concerns the side that doesn t get properly funded but the first to be blamed when anything goes wrong. url url     i want people to switch over to cybersecurity for the right reasons but i want all people to learn about it regardless. rather than trying to start over from entry if you learn cybersecurity secure software design you might be able to make a more lateral move also a great impact where you re at. but this does mean losing that intj excuse.     as an alternative i m not kidding but i think you should try out luxury auto sales . it made me have to negotiate with c suite executives government officials celebrities engineers lawyers doctors dentists business folk all the way down to students from wealthy homes. you ll make   figures and learn valuable skills such as presentation sales negotiation . you can do whatever you want throughout the day. you don t have to concern yourself with worrying about the whole quarter. your goals are simply monthly. you can make lot more than     hr more importantly you can make some incredible connections. it also helps you lose that personality wall or atleast use your traits to your advantage.,527,1.0,/r/SecurityCareerAdvice/comments/1p4eg4c/considering_career_switch_from_product_design_to/nqbypvr/,SecurityCareerAdvice,3
hdallix,pqdxx3,t3_pqdxx3,t3_pqdxx3,TonT3ch,2021-09-18 04:11:57,1631938317.0,2021,9,2021-09,I'm a Security Analyst in-house. Have a lot of flexibility. I believe managers and company culture plays a big part too.,i m a security analyst in house. have a lot of flexibility. i believe managers and company culture plays a big part too.,23,8.0,/r/SecurityCareerAdvice/comments/pqdxx3/security_career_with_flexibility/hdallix/,SecurityCareerAdvice,3
mesvxrn,1iy7puq,t3_1iy7puq,t3_1iy7puq,After_Performer7638,2025-02-26 00:38:21,1740530301.0,2025,2,2025-02,"You’re not a loser. This market is just really hard right now, and you’re competing with a lot of people with industry experience. Do you have any certifications or anything to show you have a role focus?",you re not a loser. this market is just really hard right now and you re competing with a lot of people with industry experience. do you have any certifications or anything to show you have a role focus,39,1.0,/r/SecurityCareerAdvice/comments/1iy7puq/feeling_burnt_out_from_job_search/mesvxrn/,SecurityCareerAdvice,3
j4nac51,10d9k0z,t3_10d9k0z,t3_10d9k0z,MrExCEO,2023-01-16 22:34:56,1673908496.0,2023,1,2023-01,"Yeah, go back to a small to mid size co and find a position that is jack of all trades that has security responsibilities as well like firewalling, IAM, system hardening, email/url filtering, etc. what u are asking for is not too difficult IMO. From there u can branch out and become for specialized if u want. GL",yeah go back to a small to mid size co and find a position that is jack of all trades that has security responsibilities as well like firewalling iam system hardening email url filtering etc. what u are asking for is not too difficult imo. from there u can branch out and become for specialized if u want. gl,59,2.0,/r/SecurityCareerAdvice/comments/10d9k0z/my_career_is_a_mess_how_can_i_fix_it/j4nac51/,SecurityCareerAdvice,3
nc6dge5,1n602g4,t3_1n602g4,t3_1n602g4,OKCsparrow,2025-09-03 11:46:20,1756899980.0,2025,9,2025-09,"I'm in school for a BS in IT. I think I want the degree more than I want the job. Hopefully, it gets better by the time I graduate in 3 years.",i m in school for a bs in it. i think i want the degree more than i want the job. hopefully it gets better by the time i graduate in   years.,32,1.0,/r/SecurityCareerAdvice/comments/1n602g4/fed_up_cant_move_on/nc6dge5/,SecurityCareerAdvice,3
m7mld30,1i3f4db,t3_1i3f4db,t3_1i3f4db,flamberge5,2025-01-17 13:51:34,1737121894.0,2025,1,2025-01,"This looks interesting and nicely set up. I'm leaning towards signing up though prior to doing so, a question or two. 

* What sources is Gracker pulling its content from?
* How is the sourced content ordered and prioritized (or) what makes a security update ""key""?

Thanks for putting this together and sharing with the community!",this looks interesting and nicely set up. i m leaning towards signing up though prior to doing so a question or two. what sources is gracker pulling its content from how is the sourced content ordered and prioritized what makes a security update key thanks for putting this together and sharing with the community,54,6.0,/r/SecurityCareerAdvice/comments/1i3f4db/fellow_security_pros_i_was_losing_my_mind_trying/m7mld30/,SecurityCareerAdvice,3
nzxagg4,1qe6s2c,t3_1qe6s2c,t3_1qe6s2c,Iishere4redit,2026-01-16 14:22:37,1768573357.0,2026,1,2026-01,"Are you saying an easy out is day trading?

Get off social media from people trying to sell your their courses and hunker down and start spamming out applications and certs.

To not overwhelm yourself get an path setup cert-a --> cert-b --> cert-c
have an clear goal

The only way you'll get out of this is through grinding it out, thats the same with content creation and (I would highly advise against it) day trading. The only way you're gonna get ahead is to beat the other guys with either better skills or volume. Whether that is certs and applications or better video editing and how many posts an day.

Everyone at current job got here by slogging through an grind to get in. You just have to be better then the other guys you are competing against for the job.",are you saying an easy out is day trading get off social media from people trying to sell your their courses and hunker down and start spamming out applications and certs. to not overwhelm yourself get an path setup cert a    cert b    cert c have an clear goal the only way you ll get out of this is through grinding it out thats the same with content creation and day trading. the only way you re gonna get ahead is to beat the other guys with either better skills or volume. whether that is certs and applications or better video editing and how many posts an day. everyone at current job got here by slogging through an grind to get in. you just have to be better then the other guys you are competing against for the job.,139,10.0,/r/SecurityCareerAdvice/comments/1qe6s2c/final_year_cs_student_lost_interest_in_tech_stuck/nzxagg4/,SecurityCareerAdvice,3
o7eafng,1reouyt,t3_1reouyt,t3_1reouyt,cyberguy2369,2026-02-25 21:02:24,1772053344.0,2026,2,2026-02,"\- what kinds of jobs are you applying to?   
\- it seems like you dont have a degree yet?   
\- are you a US citizen?  
\- how are you applying to jobs and finding jobs to apply to? ",  what kinds of jobs are you applying to   it seems like you dont have a degree yet   are you a us citizen   how are you applying to jobs and finding jobs to apply to,34,5.0,/r/SecurityCareerAdvice/comments/1reouyt/is_there_any_point_of_trying_any_more_i_am_tired/o7eafng/,SecurityCareerAdvice,3
myhwcdn,1lelahi,t3_1lelahi,t3_1lelahi,planetwords,2025-06-18 18:45:14,1750272314.0,2025,6,2025-06,"First off, I am very surprised they hired you as a fresh graduate into a pentester role. These types of roles are typically taken by people with many more years experience. 

It is possible that they just hired you three as a cost saving excerise and expected you to 'sink or swim' without any substantial training or support and were always just planning to retain the best performing 'swimmer'.

Needless to say this behaviour is immoral and it is not your fault you are in this situation, but unfortunately is very common in the industry these days.

I would start looking for other work as soon as possible, while scaling back your current expectations of your current role working out, and doing just enough work not to get immediately fired. Your 6 months experience is valuable and will give you a better footing to find another role than most fresh graduates.",first off i am very surprised they hired you as a fresh graduate into a pentester role. these types of roles are typically taken by people with many more years experience. it is possible that they just hired you three as a cost saving excerise and expected you to sink or swim without any substantial training or support and were always just planning to retain the best performing swimmer . needless to say this behaviour is immoral and it is not your fault you are in this situation but unfortunately is very common in the industry these days. i would start looking for other work as soon as possible while scaling back your current expectations of your current role working out and doing just enough work not to get immediately fired. your   months experience is valuable and will give you a better footing to find another role than most fresh graduates.,151,6.0,/r/SecurityCareerAdvice/comments/1lelahi/need_help_should_i_quit/myhwcdn/,SecurityCareerAdvice,3
gs3qlq8,mchuoc,t3_mchuoc,t3_mchuoc,reed17purdue,2021-03-24 22:24:26,1616624666.0,2021,3,2021-03,"Are you mad you couldnt find a direct fill into the security realm out of college? Welcome to the club, its very rare for someone out of college to get right into security.

Sorry to be blunt, but you literally graduated at one of the worst times, no fault of your own. Companies could and cannot still, in most instances afford (not monetarily but logistically/resource wise) or risk to bring on green security people. They need people with the advanced or intermediate knowledge to come in and get things done (mainly because they either never spent the money before or they got effed going remote). Most are looking for security engineers not pen testers, not saying there arent any out there. And frankly security implementations are company unique and therefore they want people with intimate knowledge of their tools and suites.

There are plenty of jobs postings, but I dont see any entry level ones in any major cities. Did you try dice.com? I get multiple somewhat relevant emails daily.

Also, dont ever beat yourself for learning more, its an unprecedented time.

I might have something if you want to utilize your swe skills to automate and develop security and compliance work. But it probably wont match a tech hub swe salary.",are you mad you couldnt find a direct fill into the security realm out of college welcome to the club its very rare for someone out of college to get right into security. sorry to be blunt but you literally graduated at one of the worst times no fault of your own. companies could and cannot still in most instances afford or risk to bring on green security people. they need people with the advanced or intermediate knowledge to come in and get things done . most are looking for security engineers not pen testers not saying there arent any out there. and frankly security implementations are company unique and therefore they want people with intimate knowledge of their tools and suites. there are plenty of jobs postings but i dont see any entry level ones in any major cities. did you try dice.com i get multiple somewhat relevant emails daily. also dont ever beat yourself for learning more its an unprecedented time. i might have something if you want to utilize your swe skills to automate and develop security and compliance work. but it probably wont match a tech hub swe salary.,193,4.0,/r/SecurityCareerAdvice/comments/mchuoc/thank_you_for_your_help/gs3qlq8/,SecurityCareerAdvice,3
n8tbr0j,1mq14rq,t3_1mq14rq,t3_1mq14rq,Flat-Classroom4230,2025-08-15 11:30:38,1755257438.0,2025,8,2025-08,Good for you. Hope you flipped them the finger on the way out,good for you. hope you flipped them the finger on the way out,13,1.0,/r/SecurityCareerAdvice/comments/1mq14rq/i_finally_did_it_to_hell_with_it_all/n8tbr0j/,SecurityCareerAdvice,3
n0ywjmw,1lpuc93,t3_1lpuc93,t3_1lpuc93,ryobivape,2025-07-02 16:34:53,1751474093.0,2025,7,2025-07,"Yeah not reading all of that. Brevity is the souls of wit, why were you fired?",yeah not reading all of that. brevity is the souls of wit why were you fired,16,0.0,/r/SecurityCareerAdvice/comments/1lpuc93/got_terminated_from_my_first_security_job/n0ywjmw/,SecurityCareerAdvice,3
if1j333,vrs421,t3_vrs421,t3_vrs421,Invidia96,2022-07-06 05:55:50,1657086950.0,2022,7,2022-07,"I think others have relevant comments. Wish you the best of luck, maybe keep us posted on how things go or if you need other guidance in the future. Cheers",i think others have relevant comments. wish you the best of luck maybe keep us posted on how things go or if you need other guidance in the future. cheers,30,2.0,/r/SecurityCareerAdvice/comments/vrs421/career_pivot_ideas_welcome/if1j333/,SecurityCareerAdvice,3
lavhuq2,1drdq23,t3_1drdq23,t3_1drdq23,dahra8888,2024-06-29 19:24:46,1719689086.0,2024,6,2024-06,"Networking and referrals are the always the best option.

The global tech market is down. If you are cold applying, you need to be casting a wide net and expect a lot of rejection and ghosting, it's just the reality of the current market.

Your Dev and sysdamin experience is great. If you're not getting interviews, generally that is a resume problem. Make sure your resume highlights all of that security-related work you are doing. Write it as if you are already in a cybersecurity role, even if your title doesn't reflect it.

Good article on security resumes: https://bytebreach.com/posts/how-to-write-an-infosec-resume/",networking and referrals are the always the best option. the global tech market is down. if you are cold applying you need to be casting a wide net and expect a lot of rejection and ghosting it s just the reality of the current market. your dev and sysdamin experience is great. if you re not getting interviews generally that is a resume problem. make sure your resume highlights all of that security related work you are doing. write it as if you are already in a cybersecurity role even if your title doesn t reflect it. good article on security resumes: url,103,2.0,/r/SecurityCareerAdvice/comments/1drdq23/career_advice_what_am_i_lacking/lavhuq2/,SecurityCareerAdvice,3
mgt7kk2,1j70qve,t3_1j70qve,t3_1j70qve,DrinkComfortable1692,2025-03-09 05:55:43,1741499743.0,2025,3,2025-03,"Phew. This is a mix of you wanting a different answer that the answer you know, and you REALLY NEEDING TO TALK TO A REAL MENTOR in real life not Reddit. Do you have a DEF CON local or ISSA chapter? Are you involved in your local community at all? There’s like A LOT going on here and you’re guaranteed to get some incorrect and dick answers. There’s a ton of questions raised by this about your goals too so hard for me to give great advice.

I’m not clear on what you want to do. You talk about SOC but then pen test and those are practically totally different careers with different requirements and certifications and training needed. Pen test is far more competitive and aggressively certified. There are ways into a soc with serious self study, and instead of a degree, but they’re going to require a networking and a lot of work. There are also other blue team roles that are more administrative focused that aren’t in those sexy realms that are so competitive. I really need to understand what you wanna be when you grow up? 

Security+ is a very novice certification. No, it won’t get you a job, even with a degree. It’s just an extremely basic checkbox that’s obligatory for most entry level analyst roles. No, that wasn’t always the case. Same with HtB. Just the most basic requirement to even start training that doesn’t make them bad to do their starting point.

If you have a great deal of other IT experience, again, there are other certification and career routes in cyber security you could look at that might be an easier lateral move in the engineering or the governance spaces. They are way less sexy, and definitely not pen testing.

In summary, you need to talk to somebody who isn’t Reddit. You also need to carefully evaluate, which track you really want to be on and how much you want to invest in it.",phew. this is a mix of you wanting a different answer that the answer you know and you really needing to talk to a real mentor in real life not reddit. do you have a def con local or issa chapter are you involved in your local community at all there s like a lot going on here and you re guaranteed to get some incorrect and dick answers. there s a ton of questions raised by this about your goals too so hard for me to give great advice. i m not clear on what you want to do. you talk about soc but then pen test and those are practically totally different careers with different requirements and certifications and training needed. pen test is far more competitive and aggressively certified. there are ways into a soc with serious self study and instead of a degree but they re going to require a networking and a lot of work. there are also other blue team roles that are more administrative focused that aren t in those sexy realms that are so competitive. i really need to understand what you wanna be when you grow up security is a very novice certification. no it won t get you a job even with a degree. it s just an extremely basic checkbox that s obligatory for most entry level analyst roles. no that wasn t always the case. same with htb. just the most basic requirement to even start training that doesn t make them bad to do their starting point. if you have a great deal of other it experience again there are other certification and career routes in cyber security you could look at that might be an easier lateral move in the engineering or the governance spaces. they are way less sexy and definitely not pen testing. in summary you need to talk to somebody who isn t reddit. you also need to carefully evaluate which track you really want to be on and how much you want to invest in it.,344,16.0,/r/SecurityCareerAdvice/comments/1j70qve/is_there_a_way_to_skip_soc_work_without_a_degree/mgt7kk2/,SecurityCareerAdvice,3
m0e7dk5,1h6kwfk,t3_1h6kwfk,t3_1h6kwfk,DeezSaltyNuts69,2024-12-04 17:02:43,1733331763.0,2024,12,2024-12,"this is going to sound harsh but nobody is going to care about your career but you

Getting advice from rando strangers online is not the way to go about this

You need to take the time to look at which industries are in your area, which ones you may want to work in, then look at their job postings, then start making connections with recruiters on LinkedIn and go from there",this is going to sound harsh but nobody is going to care about your career but you getting advice from rando strangers online is not the way to go about this you need to take the time to look at which industries are in your area which ones you may want to work in then look at their job postings then start making connections with recruiters on linkedin and go from there,72,30.0,/r/SecurityCareerAdvice/comments/1h6kwfk/tired_of_working_in_cybersecurity/m0e7dk5/,SecurityCareerAdvice,3
ih11zoc,vbg4du,t3_vbg4du,t3_vbg4du,TierddhinPendragon,2022-07-21 09:24:51,1658395491.0,2022,7,2022-07,"Since you have alot of experience in this role and training interests you, I recommend looking into capacities that let you train appsec engineers. There is also devsecops which is essentially devops for pipeline delivery with application security in it. 

The appsec edutainment platform: [SecDim](https://secdim.com/) is working in this field. Have a look and see if it interests you. The world needs more competent appsec experts!",since you have alot of experience in this role and training interests you i recommend looking into capacities that let you train appsec engineers. there is also devsecops which is essentially devops for pipeline delivery with application security in it. the appsec edutainment platform: url is working in this field. have a look and see if it interests you. the world needs more competent appsec experts,66,1.0,/r/SecurityCareerAdvice/comments/vbg4du/non_technical_roles_for_a_burnt_out_appsec/ih11zoc/,SecurityCareerAdvice,3
n0yh9ww,1lpuc93,t3_1lpuc93,t3_1lpuc93,MountainDadwBeard,2025-07-02 15:23:26,1751469806.0,2025,7,2025-07,He was upset about the cert because he saw it as an indicator you were building yourself to bounce. Alot of shitty managers want you to stay in a role for life so they never have to refil it.,he was upset about the cert because he saw it as an indicator you were building yourself to bounce. alot of shitty managers want you to stay in a role for life so they never have to refil it.,39,20.0,/r/SecurityCareerAdvice/comments/1lpuc93/got_terminated_from_my_first_security_job/n0yh9ww/,SecurityCareerAdvice,3
mh4aodi,1j8d93t,t3_1j8d93t,t3_1j8d93t,valoancapt,2025-03-11 00:15:39,1741652139.0,2025,3,2025-03,Use those marketing skills and go into Sales. Loan Officer or as a Realtor.,use those marketing skills and go into sales. loan officer or as a realtor.,14,3.0,/r/SecurityCareerAdvice/comments/1j8d93t/would_cybersecurity_be_a_good_career_switch_for/mh4aodi/,SecurityCareerAdvice,3
m3f8rpi,1hjie0w,t3_1hjie0w,t3_1hjie0w,captain118,2024-12-23 11:27:06,1734953226.0,2024,12,2024-12,"Don't get down it's not uncommon to continue to look for that first job for 3-6 months after graduation.  The key is to look everywhere, be willing to move to another location and continue learning.  Something will open up you just have to keep looking.  I know people who work at some of the FANG companies now that ran into exactly what you are now.  Just keep at it.  

Good luck",don t get down it s not uncommon to continue to look for that first job for     months after graduation. the key is to look everywhere be willing to move to another location and continue learning. something will open up you just have to keep looking. i know people who work at some of the fang companies now that ran into exactly what you are now. just keep at it. good luck,72,1.0,/r/SecurityCareerAdvice/comments/1hjie0w/cant_get_a_job/m3f8rpi/,SecurityCareerAdvice,3
la1qso1,1dna5qr,t3_1dna5qr,t3_1dna5qr,the_iron_pepper,2024-06-24 13:44:21,1719236661.0,2024,6,2024-06,With a CISSP you need to start working on management skills.,with a cissp you need to start working on management skills.,11,2.0,/r/SecurityCareerAdvice/comments/1dna5qr/sick_of_working_in_devsecops/la1qso1/,SecurityCareerAdvice,3
n181f88,1lpuc93,t3_1lpuc93,t3_1lpuc93,PruneFit4108,2025-07-04 00:18:50,1751588330.0,2025,7,2025-07,"Getting laid off was one of the best things that happened to me. I received an outstanding performance at my new work place in 3 months of joining which was 100x larger than my old one. Keep working on yourself, you'll be fine.",getting laid off was one of the best things that happened to me. i received an outstanding performance at my new work place in   months of joining which was    x larger than my old one. keep working on yourself you ll be fine.,43,1.0,/r/SecurityCareerAdvice/comments/1lpuc93/got_terminated_from_my_first_security_job/n181f88/,SecurityCareerAdvice,3
na1onw9,1mwz78a,t3_1mwz78a,t3_1mwz78a,Far-Lengthiness-4153,2025-08-22 09:45:31,1755855931.0,2025,8,2025-08,"Man, I really feel for you. DFIR is brutal work and it sounds like you’ve built an insane skillset. Have you thought about product security, threat intel, or even going to a smaller firm/startup where your impact is harder to bury?",man i really feel for you. dfir is brutal work and it sounds like you ve built an insane skillset. have you thought about product security threat intel or even going to a smaller firm startup where your impact is harder to bury,43,3.0,/r/SecurityCareerAdvice/comments/1mwz78a/desperately_need_career_advice/na1onw9/,SecurityCareerAdvice,3
o613vgn,1r78fh1,t3_1r78fh1,t3_1r78fh1,AddendumWorking9756,2026-02-18 10:32:28,1771410748.0,2026,2,2026-02,"The problem honestly isn't your process, it's that degree plus Sec+ is what every other applicant has. DMV is flooded with cybersec grads who all look identical on paper. What actually gets you callbacks is proving you can investigate something, not just listing that you did labs in school. Put your forensics and IR projects on the resume like work experience with specifics. How many systems, what artifacts, what you found, what tools you used. Hiring managers skim for 6 seconds and generic bullet points get skipped.

Also CySA+ is fine but it's another multiple choice cert in a pile of multiple choice certs. Something like CCDL1 from CyberDefenders where the whole thing is hands-on SOC investigation work stands out more to hiring managers because it shows you can actually do the job. Way cheaper than SANS too. Between that and fixing the resume framing you'd be in a much stronger spot than most people applying to the same roles.",the problem honestly isn t your process it s that degree plus sec is what every other applicant has. dmv is flooded with cybersec grads who all look identical on paper. what actually gets you callbacks is proving you can investigate something not just listing that you did labs in school. put your forensics and ir projects on the resume like work experience with specifics. how many systems what artifacts what you found what tools you used. hiring managers skim for   seconds and generic bullet points get skipped. also cysa is fine but it s another multiple choice cert in a pile of multiple choice certs. something like ccdl  from cyberdefenders where the whole thing is hands on soc investigation work stands out more to hiring managers because it shows you can actually do the job. way cheaper than sans too. between that and fixing the resume framing you d be in a much stronger spot than most people applying to the same roles.,164,1.0,/r/SecurityCareerAdvice/comments/1r78fh1/career_advise_for_basically_unemployed_college/o613vgn/,SecurityCareerAdvice,3
o8ceruv,1riztd8,t3_1riztd8,t3_1riztd8,BitFiddling,2026-03-03 02:43:22,1772505802.0,2026,3,2026-03,"Sure you want to leave the cleared space? Some pretty good positions for Red Teamers with easy hours in Virginia, Florida, Colorado, and California. You'll know which ones I'm talking about, especially if you visit clearancejobs.com",sure you want to leave the cleared space some pretty good positions for red teamers with easy hours in virginia florida colorado and california. you ll know which ones i m talking about especially if you visit clearancejobs.com,38,1.0,/r/SecurityCareerAdvice/comments/1riztd8/unemployed_and_lost_resume_help/o8ceruv/,SecurityCareerAdvice,3
o9lknzj,1rpju1t,t3_1rpju1t,t3_1rpju1t,Tangential_Diversion,2026-03-10 02:05:58,1773108358.0,2026,3,2026-03,"Been in this field for a while. It's pretty clear to me your CEO is an incompetent, toxic loser too stupid to know he's out of his depth. And mind you, that's me being kind with my words.

Put in apps elsewhere. You're better than working for this mistake of nature. ",been in this field for a while. it s pretty clear to me your ceo is an incompetent toxic loser too stupid to know he s out of his depth. and mind you that s me being kind with my words. put in apps elsewhere. you re better than working for this mistake of nature.,55,22.0,/r/SecurityCareerAdvice/comments/1rpju1t/my_first_it_job_is_breaking_me/o9lknzj/,SecurityCareerAdvice,4
gy0uatd,nbqdzi,t3_nbqdzi,t3_nbqdzi,CorsairKing,2021-05-13 20:44:14,1620938654.0,2021,5,2021-05,"Coming from someone with only a little experience, I think you should look elsewhere. You're a professional--go work for a company that respects you and doesn't put you in a position to cut corners. Furthermore, your management needs to understand that good security isn't something that can be taken for granted. By leaving for better working conditions, you can impart that lesson to them.",coming from someone with only a little experience i think you should look elsewhere. you re a professional  go work for a company that respects you and doesn t put you in a position to cut corners. furthermore your management needs to understand that good security isn t something that can be taken for granted. by leaving for better working conditions you can impart that lesson to them.,68,20.0,/r/SecurityCareerAdvice/comments/nbqdzi/should_i_stay_or_should_i_go_now/gy0uatd/,SecurityCareerAdvice,4
j5gsqf5,10iu7i2,t3_10iu7i2,t3_10iu7i2,wowneatlookatthat,2023-01-22 22:18:53,1674425933.0,2023,1,2023-01,"I would start by getting the helpdesk stuff off your plate as quickly as you can. Create runbooks for the easy stuff that your actual support personnel (if they exist) can handle, so that only legit issues come your way. 

Once you get that workload reduced, start setting expectations with your manager regarding projects and daily operations. Set aside X number of hours per day to review alerts. Don't worry about getting to every single alert, but try to focus on the high priority ones. Start tracking how long on average it takes you to fully triage and close out an alert. Make the case that you get e.g. 100 alerts per day and if it takes you 20 minutes to close an alert, there's no way 1 person can get to them all.

For projects, pick a few and plan them out, estimate total time effort, and just focus on one thing at a time. Present this to your manager and show them this is what you're working on for the next 2-4 weeks. Anything else comes in the following 2-4 weeks, and so on.

Like /u/slippy7890 said, see if management would be open to bringing in an MSSP to handle the daily operations like alert monitoring.

Above all, just remember you're only 1 person. The backlog may be growing every day, but you're doing what you can to attend to it and is in no way a reflection on you.",i would start by getting the helpdesk stuff off your plate as quickly as you can. create runbooks for the easy stuff that your actual support personnel can handle so that only legit issues come your way. once you get that workload reduced start setting expectations with your manager regarding projects and daily operations. set aside x number of hours per day to review alerts. don t worry about getting to every single alert but try to focus on the high priority ones. start tracking how long on average it takes you to fully triage and close out an alert. make the case that you get e.g.     alerts per day and if it takes you    minutes to close an alert there s no way   person can get to them all. for projects pick a few and plan them out estimate total time effort and just focus on one thing at a time. present this to your manager and show them this is what you re working on for the next     weeks. anything else comes in the following     weeks and so on. like   user said see if management would be open to bringing in an mssp to handle the daily operations like alert monitoring. above all just remember you re only   person. the backlog may be growing every day but you re doing what you can to attend to it and is in no way a reflection on you.,238,7.0,/r/SecurityCareerAdvice/comments/10iu7i2/a_drowning_solitary_security_engineer_seeking_help/j5gsqf5/,SecurityCareerAdvice,4
ndgwjpt,1ndfk0e,t3_1ndfk0e,t3_1ndfk0e,hustle_magic,2025-09-10 16:05:31,1757520331.0,2025,9,2025-09,Be happy you have a job in this economy. Especially in IT,be happy you have a job in this economy. especially in it,12,9.0,/r/SecurityCareerAdvice/comments/1ndfk0e/im_a_security_operations_engineer_and_im_totally/ndgwjpt/,SecurityCareerAdvice,4
jbb41xh,11l7mkd,t3_11l7mkd,t3_11l7mkd,LastCaress777,2023-03-07 19:45:21,1678218321.0,2023,3,2023-03,AppSec dude here - We have our own deadlines and complexities and issues. The reality is it’s the place you work not the career. I know plenty of SWE that are comfortable with good balance. I also know AppSec people worked to the bone reviewing 1000s of lines of foreign code in disparate apps with strict timelines. Customer support is a huge part of the AppSec role and interacting with people all over the spectrum is common. My work is pretty exclusively working tickets and people to meet corporate compliance objectives. Not everyone cares about secure code or what some process says about how they are doing their work.,appsec dude here   we have our own deadlines and complexities and issues. the reality is it s the place you work not the career. i know plenty of swe that are comfortable with good balance. i also know appsec people worked to the bone reviewing     s of lines of foreign code in disparate apps with strict timelines. customer support is a huge part of the appsec role and interacting with people all over the spectrum is common. my work is pretty exclusively working tickets and people to meet corporate compliance objectives. not everyone cares about secure code or what some process says about how they are doing their work.,109,18.0,/r/SecurityCareerAdvice/comments/11l7mkd/is_application_security_engineering_less/jbb41xh/,SecurityCareerAdvice,4
ndgece3,1ndfk0e,t3_1ndfk0e,t3_1ndfk0e,No2WarWithIran,2025-09-10 14:40:04,1757515204.0,2025,9,2025-09,"I've been a Security Engineer most of my career 15+ years, been SOC Analyst, developed penetration tools for red team at at three letter agency. 

Security work has always been BORING. If your place is a dumpster fire of consistent intrusion, Incident response  and fire fighting-- those are the most stressful and dysfunctional organization(s) to work for. 

I'm on the SIEM team, and I've been moving my team towards automation, thorough testing, good software practices. 

The job market is ASS right now, I would not move to another position especially if you have a stable one right now. 

With your red team experience, why not put it to good use and help red team your IAM policies/roles, and your Architecture? There is no better learning than Red Teaming your own stuff.",i ve been a security engineer most of my career    years been soc analyst developed penetration tools for red team at at three letter agency. security work has always been boring. if your place is a dumpster fire of consistent intrusion incident response and fire fighting   those are the most stressful and dysfunctional organization to work for. i m on the siem team and i ve been moving my team towards automation thorough testing good software practices. the job market is ass right now i would not move to another position especially if you have a stable one right now. with your red team experience why not put it to good use and help red team your iam policies roles and your architecture there is no better learning than red teaming your own stuff.,134,34.0,/r/SecurityCareerAdvice/comments/1ndfk0e/im_a_security_operations_engineer_and_im_totally/ndgece3/,SecurityCareerAdvice,4
n650k8q,1mdw4z9,t3_1mdw4z9,t3_1mdw4z9,ActNo331,2025-07-31 10:14:27,1753956867.0,2025,7,2025-07,"my 2 cents:

  
Your post confirms a hard truth. The market sucks right now for employees. This is particularly tough for young people due to lack of experience and high competition.

Leaving the field is a personal decision, but from what I've heard talking to different people and seeing the news, other areas are suffering from tough market conditions as well.

I know that looking for a job is a mental marathon, so I'll make a few suggestions for you:

a) Find some hobby or activities to do.  this helps you relax when you're not looking for a job

b) Quality beats quantity all the time. Avoid the trap of apply for everything and anything

  
c) Consider internships or entry-level contract work or  even unpaid internships can lead to full-time offers and give you real experience.  My first job 20 years ago was unpaid internship.

The market is brutal right now, but don't give up entirely. Sometimes it just takes one connection or opportunity to change everything.

Bonus: if you looking for career  GRC, this free course  is good stuff: [https://learn.mastermindassurance.com/collections](https://learn.mastermindassurance.com/collections)

  
Best",my   cents: your post confirms a hard truth. the market sucks right now for employees. this is particularly tough for young people due to lack of experience and high competition. leaving the field is a personal decision but from what i ve heard talking to different people and seeing the news other areas are suffering from tough market conditions as well. i know that looking for a job is a mental marathon so i ll make a few suggestions for you: a find some hobby or activities to do. this helps you relax when you re not looking for a job b quality beats quantity all the time. avoid the trap of apply for everything and anything c consider internships or entry level contract work or even unpaid internships can lead to full time offers and give you real experience. my first job    years ago was unpaid internship. the market is brutal right now but don t give up entirely. sometimes it just takes one connection or opportunity to change everything. bonus: if you looking for career grc this free course is good stuff: url best,186,3.0,/r/SecurityCareerAdvice/comments/1mdw4z9/leaving_this_field/n650k8q/,SecurityCareerAdvice,4
l0a9eh2,1c6ptsu,t3_1c6ptsu,t3_1c6ptsu,agosdragos,2024-04-19 11:47:08,1713527228.0,2024,4,2024-04,"You’re in burnout. Massive doses of life altering changes are now required. It’s a job. You work, you get paid. It’s that simple. How do you know? [Ever notice how your management chain are monitoring a customer issue you’re directly involved in, the customer is back channeling complaints and the stress load is placed on you to resolve the matter quickly especially now that it’s 3:45pm? You may require vendor support that you can’t get immediately after having opened up all types of support tickets along with two bridge calls, one internal and one with your management team and the customer, and it’s the internal call bridge that’s burning most of the time away for updates when they too are listening on the customer call(?) And then at 4:50pm miracles happen. Management magically disappears and the customer decides that the issue really needs more careful consideration to get solved and gets off the call? There you are 5 cups of coffee later, all hyped up, stressed out and no where to go? What was life threatening just 20mins earlier when women and children needed to be saved can now wait until tomorrow? 🙄🤡. Only when that happens do you realize that no matter how bad others make it seem, it can wait until tomorrow. That’s when you realize you really need to go get a life because it’s all a game.] It’s just a job. So care when it matters and stop caring when it doesn’t knowing you will do your best in the time required.",you re in burnout. massive doses of life altering changes are now required. it s a job. you work you get paid. it s that simple. how do you know it s just a job. so care when it matters and stop caring when it doesn t knowing you will do your best in the time required.,57,1.0,/r/SecurityCareerAdvice/comments/1c6ptsu/is_the_techsecurity_industry_always_going_to_be/l0a9eh2/,SecurityCareerAdvice,4
n9q5atb,1muu4nu,t3_1muu4nu,t3_1muu4nu,SzethNeturo,2025-08-20 15:19:01,1755703141.0,2025,8,2025-08,Best time to look for a job is when you have a job,best time to look for a job is when you have a job,13,1.0,/r/SecurityCareerAdvice/comments/1muu4nu/im_about_to_throw_away_a_remote_160kyr_job_as_a/n9q5atb/,SecurityCareerAdvice,4
gy1wute,nbqdzi,t3_nbqdzi,t3_nbqdzi,AnotherTechWonk,2021-05-14 02:08:40,1620958120.0,2021,5,2021-05,"I “stayed to tough it out” in an environment like that. Instead of being valued, eventually I was the expensive guy in a department that didn’t make money. You can guess the results. Instead of controlling my career and selecting my path, I left on their terms and burnt out from the hours. It also slowed down my retirement savings, because I had to dip in to bridge the gap to the next job. 

Take care of you. If they don’t value the group you work in then take that as an early warning and find something you want to do. The only person in your company that has a stake in your career progression is you.",i stayed to tough it out in an environment like that. instead of being valued eventually i was the expensive guy in a department that didn t make money. you can guess the results. instead of controlling my career and selecting my path i left on their terms and burnt out from the hours. it also slowed down my retirement savings because i had to dip in to bridge the gap to the next job. take care of you. if they don t value the group you work in then take that as an early warning and find something you want to do. the only person in your company that has a stake in your career progression is you.,119,7.0,/r/SecurityCareerAdvice/comments/nbqdzi/should_i_stay_or_should_i_go_now/gy1wute/,SecurityCareerAdvice,4
o9ns6cj,1rpju1t,t3_1rpju1t,t3_1rpju1t,fraiserdog,2026-03-10 12:47:22,1773146842.0,2026,3,2026-03,"You broke the first rule of IT, which is that you are only as good as your last backup.

Sounds like a very toxic place. You learned a good lesson, which is backups before changes.

Start looking for something else. Life is too short to stay in a job that is a bad fit.",you broke the first rule of it which is that you are only as good as your last backup. sounds like a very toxic place. you learned a good lesson which is backups before changes. start looking for something else. life is too short to stay in a job that is a bad fit.,54,7.0,/r/SecurityCareerAdvice/comments/1rpju1t/my_first_it_job_is_breaking_me/o9ns6cj/,SecurityCareerAdvice,4
joxyvdj,14evqg4,t3_14evqg4,t3_14evqg4,cyopeng,2023-06-21 10:10:54,1687342254.0,2023,6,2023-06,"I think you know what you need to do here but you want someone else to say it. You need to leave. Find another employer that will allow you to develop and work with the skills that you enjoy. While it may seem like you wasted the past few years, 3 years is nothing compared to 5 or 10 or however long it might take you to realize down the road that you should have switched now!",i think you know what you need to do here but you want someone else to say it. you need to leave. find another employer that will allow you to develop and work with the skills that you enjoy. while it may seem like you wasted the past few years   years is nothing compared to   or    or however long it might take you to realize down the road that you should have switched now,74,2.0,/r/SecurityCareerAdvice/comments/14evqg4/what_do_i_do_now/joxyvdj/,SecurityCareerAdvice,4
ne8yp64,1ndfk0e,t3_1ndfk0e,t3_1ndfk0e,Cold-Pineapple-8884,2025-09-14 22:25:53,1757888753.0,2025,9,2025-09,"IAM was boring and I hated it because they wanted to pigeon hole me at one point at a previous job. 

I really wanted to fix the broken provisioning and horrible security group structure. When the company started AD the first thing they did was create file share sec groups. Over time those groups got used for other access too because they already had all the right members. So a group that says “FileAccess-Marketing” might have RDP access to a server, local admin to a few desktops, access to three applications and then also used for VPN and Radius.

Managers would request people get added to the File group for their department but lost track of everything it had access to. Lead to things like interns having access to delete a database (oops!), or people being able to access other departments’ systems because they need just one item of access across departments do they added to that group which gave them everything.

Worst of all the File groups were being used as DLs in Exchange too (not directly but they were nested in Vanity named mail groups).

I wanted to make RBAC groups for everything and track down the existing access but our change control board would never approve it because I couldn’t prove nothing would break. So those groups all sit in their own OU unused, along with the access groups (ie Role-Marketing gets put in Files-Marketing, RDP-Marketing, VPN-Marketing, Desktop-Marketing, Salesforce-Marketing and Email-Marketing).

It was also impossible to keep track of all the federated apps and the roles along with them. Which assertions are being sent and why? Which providers support groups from LDAP and which have to have permissions managed within the app only? What good is it to have SSO when someone still has to manually create the account and add permissions because the app doesn’t support JIT or batch loads of users and/or roles? Where do the FTP and powershell batch loads scripts live? Where are we keeping the credentials for the FTP service accounts given by vendors?

Directory sync nightmares and so on.

You have a lot you can potential do in the IAM space if mgmt is backing you up. If they aren’t then try to pivot to something else like vulnerability management.

I never want to do IAM again because while I have a solid grasp on AD, LDAP, provisioning, directory syncs, groups and permissions, RBAC - it’s boring and repetitive and thankless.

Managers and users don’t care how many groups given them access or how it works, so you’re only doing it to clean a mess that was allowed to fester for decades.

But hey if you like it then stick with it and explore ways to optimize.

Me? I prefer vulnerability management, SIEM and investigations.",iam was boring and i hated it because they wanted to pigeon hole me at one point at a previous job. i really wanted to fix the broken provisioning and horrible security group structure. when the company started ad the first thing they did was create file share sec groups. over time those groups got used for other access too because they already had all the right members. so a group that says fileaccess marketing might have rdp access to a server local admin to a few desktops access to three applications and then also used for vpn and radius. managers would request people get added to the file group for their department but lost track of everything it had access to. lead to things like interns having access to delete a database or people being able to access other departments systems because they need just one item of access across departments do they added to that group which gave them everything. worst of all the file groups were being used as dls in exchange too . i wanted to make rbac groups for everything and track down the existing access but our change control board would never approve it because i couldn t prove nothing would break. so those groups all sit in their own ou unused along with the access groups . it was also impossible to keep track of all the federated apps and the roles along with them. which assertions are being sent and why which providers support groups from ldap and which have to have permissions managed within the app only what good is it to have sso when someone still has to manually create the account and add permissions because the app doesn t support jit or batch loads of users and or roles where do the ftp and powershell batch loads scripts live where are we keeping the credentials for the ftp service accounts given by vendors directory sync nightmares and so on. you have a lot you can potential do in the iam space if mgmt is backing you up. if they aren t then try to pivot to something else like vulnerability management. i never want to do iam again because while i have a solid grasp on ad ldap provisioning directory syncs groups and permissions rbac   it s boring and repetitive and thankless. managers and users don t care how many groups given them access or how it works so you re only doing it to clean a mess that was allowed to fester for decades. but hey if you like it then stick with it and explore ways to optimize. me i prefer vulnerability management siem and investigations.,449,1.0,/r/SecurityCareerAdvice/comments/1ndfk0e/im_a_security_operations_engineer_and_im_totally/ne8yp64/,SecurityCareerAdvice,4
l04ngpd,1c6ptsu,t3_1c6ptsu,t3_1c6ptsu,tcp5845,2024-04-18 11:36:21,1713440181.0,2024,4,2024-04,"There really is no shortage of really bad IT Security jobs out there. The more technical the worse the job. I keep thinking if you switch companies things will get better but it doesn't. 

You just have to learn to compartmentalize and completely unplug outside off work. Or else you'll drive yourself insane.",there really is no shortage of really bad it security jobs out there. the more technical the worse the job. i keep thinking if you switch companies things will get better but it doesn t. you just have to learn to compartmentalize and completely unplug outside off work. or else you ll drive yourself insane.,55,2.0,/r/SecurityCareerAdvice/comments/1c6ptsu/is_the_techsecurity_industry_always_going_to_be/l04ngpd/,SecurityCareerAdvice,4
n9nwj03,1muu4nu,t3_1muu4nu,t3_1muu4nu,Informal_Cat_9299,2025-08-20 05:31:54,1755667914.0,2025,8,2025-08,"You're not being difficult.. Your company is being hypocritical by calling you unprofessional for wanting to move while working fully remote. Take some time off to get your mental health sorted first, then consider your options because burnout at 24 will destroy your long-term career prospects way more than leaving one job.",you re not being difficult.. your company is being hypocritical by calling you unprofessional for wanting to move while working fully remote. take some time off to get your mental health sorted first then consider your options because burnout at    will destroy your long term career prospects way more than leaving one job.,53,1.0,/r/SecurityCareerAdvice/comments/1muu4nu/im_about_to_throw_away_a_remote_160kyr_job_as_a/n9nwj03/,SecurityCareerAdvice,4
ndh0ayn,1ndfk0e,t3_1ndfk0e,t3_1ndfk0e,ISpotABot,2025-09-10 16:23:15,1757521395.0,2025,9,2025-09,"Well, if Mr. Robot was even remotely realistic, my man Elliot wouldn't have time to fight EvilCorp because he would be trapped in meetings and report writing ",well if mr. robot was even remotely realistic my man elliot wouldn t have time to fight evilcorp because he would be trapped in meetings and report writing,28,13.0,/r/SecurityCareerAdvice/comments/1ndfk0e/im_a_security_operations_engineer_and_im_totally/ndh0ayn/,SecurityCareerAdvice,4
j5gnudm,10iu7i2,t3_10iu7i2,t3_10iu7i2,slippy7890,2023-01-22 21:47:25,1674424045.0,2023,1,2023-01,"Hire a MSSP and outsource all security operations to them. That is what they are paid to do. 

Then only handle strategic decisions and new implementations going forward.",hire a mssp and outsource all security operations to them. that is what they are paid to do. then only handle strategic decisions and new implementations going forward.,28,16.0,/r/SecurityCareerAdvice/comments/10iu7i2/a_drowning_solitary_security_engineer_seeking_help/j5gnudm/,SecurityCareerAdvice,4
n65iz84,1mdw4z9,t3_1mdw4z9,t3_1mdw4z9,canigetanamen3,2025-07-31 12:25:54,1753964754.0,2025,7,2025-07,"Don't give up! stay the course! all that time and money spent pivoting into cyber! I'm 38 dude, i graduated with a cyber degree 4 years ago, couldn't land jr cyber jobs either, so i landed helpdesk and sys admin jobs instead and just built my resume with those experiences and watched countless videos on youtube on building a home lab to show recruiters hands on experience, showed all of my completed badges on THM, i have zero certs b/c i am a horrible test taker and landed my first SOC I job 4 months ago. Had a rocky 4 rounds of interviews but they were impressed enough with my github. Just have to keep building yourself up. Don't only send out resumes, attend career networking events and put yourself out there.",don t give up stay the course all that time and money spent pivoting into cyber i m    dude i graduated with a cyber degree   years ago couldn t land jr cyber jobs either so i landed helpdesk and sys admin jobs instead and just built my resume with those experiences and watched countless videos on youtube on building a home lab to show recruiters hands on experience showed all of my completed badges on thm i have zero certs b c i am a horrible test taker and landed my first soc i job   months ago. had a rocky   rounds of interviews but they were impressed enough with my github. just have to keep building yourself up. don t only send out resumes attend career networking events and put yourself out there.,133,2.0,/r/SecurityCareerAdvice/comments/1mdw4z9/leaving_this_field/n65iz84/,SecurityCareerAdvice,4
ndoe3fh,1ndfk0e,t3_1ndfk0e,t3_1ndfk0e,DirtComprehensive520,2025-09-11 18:14:37,1757614477.0,2025,9,2025-09,"Someone mentioned check out the space force- best advice yet.  They have a direct commissioning program.  Which means you can come in with your degrees, skills and experience as much as 5 levels above everyone else in the officer component.  Despite what was mentioned, you they do have highly classified offensive security workloads you can fulfill.  You’ll also get a clearance to match that and use when you complete your tour of duty which is about 4 years.  

Based on your statement, If you can, try to stay away from ISSM/ISSO work as its compliance based and you may not like it.  You may get lucky and have great leadership that will grant you autonomy to modernize.  That’s a 50/50 possibility.  

I too have been in and am currently in a position where senior leaders don’t have the concepts of devsecops/CI/CD/ automation chops and they are difficult to sell as they only listen to the old folks on the program who also have the same condition.  Every other place I’ve been from Lockheed, local government, and banking wanted modernization- to do things better, faster, smarter and had the culture to match.  I’m currently a federal civil servant…

Your questions:
What kind of other tasks should I expect as a security engineer? I’ve done cloud, CASB, IAM, firewalls, automation, devsecops.  Just depends where you go.  The culture, customers, and leadership.
•	⁠Would a switch from security engineer to a soc analyst or IR role be a downgrade? Yes to soc analyst, no to IR role.
•	⁠Is it important for me to upskill in security architecture? Yes.
•	⁠What kind of certifications could help me to remain technical? I feel like I'm losing touch.  SANS certifications like GCIH/GCIA/GDSA, the cloud automation ones employs ansible and/or terraform.",someone mentioned check out the space force  best advice yet. they have a direct commissioning program. which means you can come in with your degrees skills and experience as much as   levels above everyone else in the officer component. despite what was mentioned you they do have highly classified offensive security workloads you can fulfill. you ll also get a clearance to match that and use when you complete your tour of duty which is about   years. based on your statement if you can try to stay away from issm isso work as its compliance based and you may not like it. you may get lucky and have great leadership that will grant you autonomy to modernize. that s a       possibility. i too have been in and am currently in a position where senior leaders don t have the concepts of devsecops ci cd  automation chops and they are difficult to sell as they only listen to the old folks on the program who also have the same condition. every other place i ve been from lockheed local government and banking wanted modernization  to do things better faster smarter and had the culture to match. i m currently a federal civil servant your questions: what kind of other tasks should i expect as a security engineer i ve done cloud casb iam firewalls automation devsecops. just depends where you go. the culture customers and leadership. would a switch from security engineer to a soc analyst or ir role be a downgrade yes to soc analyst no to ir role. is it important for me to upskill in security architecture yes. what kind of certifications could help me to remain technical i feel like i m losing touch. sans certifications like gcih gcia gdsa the cloud automation ones employs ansible and or terraform.,302,3.0,/r/SecurityCareerAdvice/comments/1ndfk0e/im_a_security_operations_engineer_and_im_totally/ndoe3fh/,SecurityCareerAdvice,4
joyldcm,14evqg4,t3_14evqg4,t3_14evqg4,cbdudek,2023-06-21 13:47:24,1687355244.0,2023,6,2023-06,"Ok, I don't think you have applied to a million jobs, but if you have been applying and not getting interviews, then its your resume.  If you have been getting interviews but no offers, thats an interviewing problem.  Just looking at what you typed here, you should be a shoo-in for getting a better position elsewhere.  I would have someone look at your resume for sure.  Post it on /r/resumes for more input as well.

The other thing I will say is that everyone who is successful in IT makes sacrifices.  Late nights, sleepless nights, time missed with friends and family, and so on.  Even I used to carry a pager with me on vacation and work while I am supposed to be enjoying myself.  So your story isn't any different than many others here.  The key is that you learn from these experiences.  You didn't do it for nothing.  You did it at the time because you thought it was right.  As you get older, you adjust so workplaces don't take advantage of you like that.  Plus, that experience is worth its weight in gold.  I would like to say that former employers really drove me into the ground, but they made me stronger and better today because of their actions.",ok i don t think you have applied to a million jobs but if you have been applying and not getting interviews then its your resume. if you have been getting interviews but no offers thats an interviewing problem. just looking at what you typed here you should be a shoo in for getting a better position elsewhere. i would have someone look at your resume for sure. post it on   subreddit for more input as well. the other thing i will say is that everyone who is successful in it makes sacrifices. late nights sleepless nights time missed with friends and family and so on. even i used to carry a pager with me on vacation and work while i am supposed to be enjoying myself. so your story isn t any different than many others here. the key is that you learn from these experiences. you didn t do it for nothing. you did it at the time because you thought it was right. as you get older you adjust so workplaces don t take advantage of you like that. plus that experience is worth its weight in gold. i would like to say that former employers really drove me into the ground but they made me stronger and better today because of their actions.,217,2.0,/r/SecurityCareerAdvice/comments/14evqg4/what_do_i_do_now/joyldcm/,SecurityCareerAdvice,4
jbbwqfg,11l7mkd,t3_11l7mkd,t3_11l7mkd,NandoCa1rissian,2023-03-07 22:49:16,1678229356.0,2023,3,2023-03,AppSec engineer here - I find it pretty chill but maybe cause I enjoy it. I’m the team lead so set the direction and am also hands on too. We cover everything from architecture and threat model to pipeline tools and security testing!,appsec engineer here   i find it pretty chill but maybe cause i enjoy it. i m the team lead so set the direction and am also hands on too. we cover everything from architecture and threat model to pipeline tools and security testing,43,10.0,/r/SecurityCareerAdvice/comments/11l7mkd/is_application_security_engineering_less/jbbwqfg/,SecurityCareerAdvice,4
n9yrdp7,1muu4nu,t3_1muu4nu,t3_1muu4nu,guy0fonts,2025-08-21 21:19:26,1755811166.0,2025,8,2025-08,All I have to say is can I have your job? 😂😂😂,all i have to say is can i have your job,11,1.0,/r/SecurityCareerAdvice/comments/1muu4nu/im_about_to_throw_away_a_remote_160kyr_job_as_a/n9yrdp7/,SecurityCareerAdvice,4
j5j4ct7,10iu7i2,t3_10iu7i2,t3_10iu7i2,Twist_of_luck,2023-01-23 10:54:53,1674471293.0,2023,1,2023-01,"God, what a mess. Here's the cold truth - you cannot flourish as a security expert in a company that does not care about security. From what I can see, you are horribly understaffed, under-documented, and mismanaged, so, yeah, priority departments do not look this way. If your execs do not care about security and you don't have their ear - you're in the dead zone. It does, however, get revitalized as the breach (inevitably) happens.  


This means that if you want to stay in the company for your own reasons, you'd better get ready for damage control once the shit hits the fan.  
Start with removing the target from your back. Get a meeting with your manager. Easy part  
 \- calmly explain that one person simply cannot do everything at once, and have him accept that most of the job is to remain untouched until better times. The more complicated part is to offer him some prioritization scheme to determine what will and will not be done and how the critical urgent stuff is getting escalated - anything goes here, really.  
Email him meeting notes (yeah, write them every time) and ask to correct you if you misunderstood something - more likely than not, you'll get an impassionate ""OK"" (if even that). Save this email thread to cover your six.  


Have at least some action plan drafts on ""what should we do when %critical asset% gets pwned"". Much better for optics during incident post-mortems.   


Take a vacation. No, seriously, nothing makes the top brass more aware of the bus factor as realizing that the only guy who can do X is now chilling with turned-off mobile. Besides, you have many problems and adding burnout to them isn't something I'd recommend.",god what a mess. here s the cold truth   you cannot flourish as a security expert in a company that does not care about security. from what i can see you are horribly understaffed under documented and mismanaged so yeah priority departments do not look this way. if your execs do not care about security and you don t have their ear   you re in the dead zone. it does however get revitalized as the breach happens. this means that if you want to stay in the company for your own reasons you d better get ready for damage control once the shit hits the fan. start with removing the target from your back. get a meeting with your manager. easy part   calmly explain that one person simply cannot do everything at once and have him accept that most of the job is to remain untouched until better times. the more complicated part is to offer him some prioritization scheme to determine what will and will not be done and how the critical urgent stuff is getting escalated   anything goes here really. email him meeting notes and ask to correct you if you misunderstood something   more likely than not you ll get an impassionate ok . save this email thread to cover your six. have at least some action plan drafts on what should we do when critical asset gets pwned . much better for optics during incident post mortems. take a vacation. no seriously nothing makes the top brass more aware of the bus factor as realizing that the only guy who can do x is now chilling with turned off mobile. besides you have many problems and adding burnout to them isn t something i d recommend.,289,2.0,/r/SecurityCareerAdvice/comments/10iu7i2/a_drowning_solitary_security_engineer_seeking_help/j5j4ct7/,SecurityCareerAdvice,4
ndhx1uk,1ndfk0e,t3_1ndfk0e,t3_1ndfk0e,mightymaxx,2025-09-10 18:57:09,1757530629.0,2025,9,2025-09,"I feel your pain. Sometimes things are slow and in security that's usually a good sign. Practice some scripting, get your latest vulnerability report and then start knocking some out. You don't want to be in my shoes right now...unemployed.",i feel your pain. sometimes things are slow and in security that s usually a good sign. practice some scripting get your latest vulnerability report and then start knocking some out. you don t want to be in my shoes right now...unemployed.,42,3.0,/r/SecurityCareerAdvice/comments/1ndfk0e/im_a_security_operations_engineer_and_im_totally/ndhx1uk/,SecurityCareerAdvice,4
n64r32c,1mdw4z9,t3_1mdw4z9,t3_1mdw4z9,Technical-Praline-79,2025-07-31 08:46:43,1753951603.0,2025,7,2025-07,">Your parents and you guys have ruined everything for me

What does that even mean?

2 months ago you posted the only jobs you've gotten is software engineering, and that you're going to continue to try and pivot into cybersecurity. Why not consider those roles and transition into cybersecurity?

As you rightly point out, the market is not good for anyone trying to start out in cyber. There are a lot of free resources available that can help you gain other skills around coding, prompt engineering, cloud and infrastructure, etc. etc.",your parents and you guys have ruined everything for me what does that even mean   months ago you posted the only jobs you ve gotten is software engineering and that you re going to continue to try and pivot into cybersecurity. why not consider those roles and transition into cybersecurity as you rightly point out the market is not good for anyone trying to start out in cyber. there are a lot of free resources available that can help you gain other skills around coding prompt engineering cloud and infrastructure etc. etc.,92,7.0,/r/SecurityCareerAdvice/comments/1mdw4z9/leaving_this_field/n64r32c/,SecurityCareerAdvice,4
o9n7qdo,1rpju1t,t3_1rpju1t,t3_1rpju1t,Ausartak93,2026-03-10 10:16:59,1773137819.0,2026,3,2026-03,"Threatening an employee with a lawsuit over an ops mistake in a startup with no backups/runbooks is a giant red flag. Keep your head down, stop taking risky changes, and use the next 3 months to line up an exit.",threatening an employee with a lawsuit over an ops mistake in a startup with no backups runbooks is a giant red flag. keep your head down stop taking risky changes and use the next   months to line up an exit.,40,14.0,/r/SecurityCareerAdvice/comments/1rpju1t/my_first_it_job_is_breaking_me/o9n7qdo/,SecurityCareerAdvice,4
ndkit4l,1ndfk0e,t3_1ndfk0e,t3_1ndfk0e,ARJustin,2025-09-11 02:56:57,1757559417.0,2025,9,2025-09,"Ngl, I can kinda relate OP. I'm a SOC analyst. I have my security+, CySA+, Pentest+, and TCM Security's Practical Junior Penetration Tester. I've been delegated to mostly dealing with account management and GRC related tasks where I work. I hate it lol.",ngl i can kinda relate op. i m a soc analyst. i have my security cysa pentest and tcm security s practical junior penetration tester. i ve been delegated to mostly dealing with account management and grc related tasks where i work. i hate it lol.,46,3.0,/r/SecurityCareerAdvice/comments/1ndfk0e/im_a_security_operations_engineer_and_im_totally/ndkit4l/,SecurityCareerAdvice,4
o9qxpiv,1rpju1t,t3_1rpju1t,t3_1rpju1t,operator7777,2026-03-10 22:07:00,1773180420.0,2026,3,2026-03,"Run away asap, that CEO has 0 leadership these company will bankrupt sooner or later.  ",run away asap that ceo has   leadership these company will bankrupt sooner or later.,14,2.0,/r/SecurityCareerAdvice/comments/1rpju1t/my_first_it_job_is_breaking_me/o9qxpiv/,SecurityCareerAdvice,4
na2t63g,1muu4nu,t3_1muu4nu,t3_1muu4nu,WhiskeyDozer,2025-08-22 14:11:16,1755871876.0,2025,8,2025-08,"You are in IT, get a VPN and work from wherever you want. If RTO isn’t enforced then don’t tell them. Work on finding a new job and get away with living wherever as long as you can. You are being a bit of a crybaby about your boss calling you unprofessional. Bosses are there to tear you down and push the company message. Deep down he probably knows it’s stupid but he’s likely built a career on kissing butt and blowing upper management.",you are in it get a vpn and work from wherever you want. if rto isn t enforced then don t tell them. work on finding a new job and get away with living wherever as long as you can. you are being a bit of a crybaby about your boss calling you unprofessional. bosses are there to tear you down and push the company message. deep down he probably knows it s stupid but he s likely built a career on kissing butt and blowing upper management.,88,1.0,/r/SecurityCareerAdvice/comments/1muu4nu/im_about_to_throw_away_a_remote_160kyr_job_as_a/na2t63g/,SecurityCareerAdvice,4
n9mkyg0,1muu4nu,t3_1muu4nu,t3_1muu4nu,Poetic-Prince,2025-08-20 00:18:17,1755649097.0,2025,8,2025-08,"Mental health is important. If it costs you your mental health, it costs you too much especially if you suicidal. I think you have been doing an excellent job above and beyond considering. You have more than enough experience to jump ship to another job.  Apply and get your resume out there and find a better deal for yourself, even if you make a little less but the work load and quality of life is better, it’s worth it. Your worth it",mental health is important. if it costs you your mental health it costs you too much especially if you suicidal. i think you have been doing an excellent job above and beyond considering. you have more than enough experience to jump ship to another job. apply and get your resume out there and find a better deal for yourself even if you make a little less but the work load and quality of life is better it s worth it. your worth it,83,2.0,/r/SecurityCareerAdvice/comments/1muu4nu/im_about_to_throw_away_a_remote_160kyr_job_as_a/n9mkyg0/,SecurityCareerAdvice,4
gy0uyxx,nbqdzi,t3_nbqdzi,t3_nbqdzi,elvishblood_24,2021-05-13 20:49:07,1620938947.0,2021,5,2021-05,"Please teach me 💪

That aside, I don't think you're crazy. Two years is a long time to be in all that chaos but that being said.. if the benefits of retiring there are that good. Sometimes you gotta grind it out!",please teach me that aside i don t think you re crazy. two years is a long time to be in all that chaos but that being said.. if the benefits of retiring there are that good. sometimes you gotta grind it out,43,2.0,/r/SecurityCareerAdvice/comments/nbqdzi/should_i_stay_or_should_i_go_now/gy0uyxx/,SecurityCareerAdvice,4
gy3y8tg,nbqdzi,t3_nbqdzi,t3_nbqdzi,JustPhil_online,2021-05-14 15:24:41,1621005881.0,2021,5,2021-05,"It takes about 6 months for a new employee to really start adding value to a company.  So 2 years is what I consider minimal amount of time to work for a good company for them to get value in return.  

You're right at the cusp of that.  Don't lose 2.5 years of life being miserable.  Be picky but yeah, I agree with most everyone here.

You should look to at least see what is out there.",it takes about   months for a new employee to really start adding value to a company. so   years is what i consider minimal amount of time to work for a good company for them to get value in return. you re right at the cusp of that. don t lose  .  years of life being miserable. be picky but yeah i agree with most everyone here. you should look to at least see what is out there.,77,2.0,/r/SecurityCareerAdvice/comments/nbqdzi/should_i_stay_or_should_i_go_now/gy3y8tg/,SecurityCareerAdvice,4
l058a3a,1c6ptsu,t3_1c6ptsu,t3_1c6ptsu,Uninhibited_lotus,2024-04-18 14:02:22,1713448942.0,2024,4,2024-04,This reminds of the 2 months I spent as a soc analyst and I actually said thank you when I got laid off lol that’s how bad it was,this reminds of the   months i spent as a soc analyst and i actually said thank you when i got laid off lol that s how bad it was,29,4.0,/r/SecurityCareerAdvice/comments/1c6ptsu/is_the_techsecurity_industry_always_going_to_be/l058a3a/,SecurityCareerAdvice,4
n9os48m,1muu4nu,t3_1muu4nu,t3_1muu4nu,mk0815,2025-08-20 10:31:55,1755685915.0,2025,8,2025-08,"I'm sorry to hear that. It could be that an onsite job would bring the benefit of socializing in real life for you. And with that more fun and joy at work.

Or in general a job change. That helped me to get away from stress because of overloading. Altough that needs an empty job spot that you need to find.",i m sorry to hear that. it could be that an onsite job would bring the benefit of socializing in real life for you. and with that more fun and joy at work. or in general a job change. that helped me to get away from stress because of overloading. altough that needs an empty job spot that you need to find.,62,1.0,/r/SecurityCareerAdvice/comments/1muu4nu/im_about_to_throw_away_a_remote_160kyr_job_as_a/n9os48m/,SecurityCareerAdvice,4
naot7t0,1muu4nu,t3_1muu4nu,t3_1muu4nu,SuperMorg,2025-08-26 01:36:11,1756172171.0,2025,8,2025-08,"I left the industry 6 months ago (in disgust). I’m sorry to hear what’s been happening to you. I’m back in school for welding atm. 

Never let a job dictate your mental health. Once it reaches that point, staying there is a choice, and the situation is quickly becoming untenable. 
Do what ya gotta do mate.",i left the industry   months ago . i m sorry to hear what s been happening to you. i m back in school for welding atm. never let a job dictate your mental health. once it reaches that point staying there is a choice and the situation is quickly becoming untenable. do what ya gotta do mate.,57,1.0,/r/SecurityCareerAdvice/comments/1muu4nu/im_about_to_throw_away_a_remote_160kyr_job_as_a/naot7t0/,SecurityCareerAdvice,4
n9mlhqq,1muu4nu,t3_1muu4nu,t3_1muu4nu,Wookmane,2025-08-20 00:21:18,1755649278.0,2025,8,2025-08,"Gets warned about moving, moves, then complains. I'm sorry, but what did you expect?",gets warned about moving moves then complains. i m sorry but what did you expect,15,6.0,/r/SecurityCareerAdvice/comments/1muu4nu/im_about_to_throw_away_a_remote_160kyr_job_as_a/n9mlhqq/,SecurityCareerAdvice,4
ndhbdan,1ndfk0e,t3_1ndfk0e,t3_1ndfk0e,nullvoid1_618,2025-09-10 17:15:47,1757524547.0,2025,9,2025-09,Bro are you me? All I can do is share sympathy and dust off my OSCP cert.,bro are you me all i can do is share sympathy and dust off my oscp cert.,17,6.0,/r/SecurityCareerAdvice/comments/1ndfk0e/im_a_security_operations_engineer_and_im_totally/ndhbdan/,SecurityCareerAdvice,4
l03fz0t,1c6ptsu,t3_1c6ptsu,t3_1c6ptsu,Sn0zBerry20,2024-04-18 03:50:50,1713412250.0,2024,4,2024-04,"I lol'd at ""Iraq was less stressful to me"" haha. Customer service jobs are usually not pleasant, take your engineering skillset and work somewhere else in an internal facing role. You'll be much happier. Until then, put in your hours, get done what you reasonably can, and screw the rest.",i lol d at iraq was less stressful to me haha. customer service jobs are usually not pleasant take your engineering skillset and work somewhere else in an internal facing role. you ll be much happier. until then put in your hours get done what you reasonably can and screw the rest.,52,8.0,/r/SecurityCareerAdvice/comments/1c6ptsu/is_the_techsecurity_industry_always_going_to_be/l03fz0t/,SecurityCareerAdvice,4
n9lobb6,1muu4nu,t3_1muu4nu,t3_1muu4nu,SnooSprouts7609,2025-08-19 21:19:44,1755638384.0,2025,8,2025-08,"If they are calling you difficult you are doing a good job at letting them know you don't just eat everything.  
Keep it up, stand up for yourself.  
Nobody should have any say in where you want to live.",if they are calling you difficult you are doing a good job at letting them know you don t just eat everything. keep it up stand up for yourself. nobody should have any say in where you want to live.,40,2.0,/r/SecurityCareerAdvice/comments/1muu4nu/im_about_to_throw_away_a_remote_160kyr_job_as_a/n9lobb6/,SecurityCareerAdvice,4
oaityky,1rtopo4,t3_1rtopo4,t3_1rtopo4,MiddleLetterhead2935,2026-03-15 04:47:47,1773550067.0,2026,3,2026-03,"Hey, i am very bad in computers, I have completed my graduation didn't get job so thought will do masters and work hard same thing happen in masters wasted money of parents regretting having no skills, just know basics of networking, 

One month left still for master I have plan to do soc l 1 path and look for a job i am in very stressful situation, I don't have any other option, I am from India so here there are jobs what do you think is soc a good career ",hey i am very bad in computers i have completed my graduation didn t get job so thought will do masters and work hard same thing happen in masters wasted money of parents regretting having no skills just know basics of networking one month left still for master i have plan to do soc l   path and look for a job i am in very stressful situation i don t have any other option i am from india so here there are jobs what do you think is soc a good career,92,-2.0,/r/SecurityCareerAdvice/comments/1rtopo4/feeling_lost_after_burnout_from_cpts_long_post/oaityky/,SecurityCareerAdvice,4
nqjstrz,1ndfk0e,t3_1ndfk0e,t3_1ndfk0e,Previous_Button_3258,2025-11-24 16:17:32,1764001052.0,2025,11,2025-11,"The politics can feel worse than any malware outbreak! Focusing on Security-Operations-Engineer prep with official site guidance + p2pcerts practice questions got me back in the zone, hands-on, and actually excited about security again.",the politics can feel worse than any malware outbreak focusing on security operations engineer prep with official site guidance p pcerts practice questions got me back in the zone hands on and actually excited about security again.,37,1.0,/r/SecurityCareerAdvice/comments/1ndfk0e/im_a_security_operations_engineer_and_im_totally/nqjstrz/,SecurityCareerAdvice,4
ndgqsa1,1ndfk0e,t3_1ndfk0e,t3_1ndfk0e,OneLoquat950,2025-09-10 15:38:42,1757518722.0,2025,9,2025-09,"Enroll in the Space Force if you want action.
It seems like you want some type of James Bond cybersecurity experience. 
It's all about your network in the end of the day.",enroll in the space force if you want action. it seems like you want some type of james bond cybersecurity experience. it s all about your network in the end of the day.,33,12.0,/r/SecurityCareerAdvice/comments/1ndfk0e/im_a_security_operations_engineer_and_im_totally/ndgqsa1/,SecurityCareerAdvice,4
e34itd9,9298b8,t3_9298b8,t3_9298b8,TheLawsOfChaos,2018-07-27 12:21:37,1532694097.0,2018,7,2018-07,"So, from someone who is CISSP and has CEH, but is working on my OSCP...

Yeah, 8570 is a joke. 

You want Sec+ first for a US Government job. This will get you IAT I and IAM I. Basic requirements to essentially do ""IT"" in the Government sector. Get CEH after. To be a penetration tester (in most roles) for the government, you need IAT I and CSSP Analyst covered, which you will now have.

Being CISSP, I now check 12 of the 14 boxes. only way to get the last two would be to get a CISSP specialization and CISM, or two CISSP specialization, something I don't see myself needing to do as a technical worker. My CISSP was directed by my leadership, and while I appreciate the knowledge, doesn't effect my keyboard skills. 

Pretty much anyone outside of HR/pure management in the government knows CEH is garbage. We all trash talk it, but you MUST have it and meet the requirements to be in the role. At least until DISA changes 8570. There were rumors they were removing the SANS stuff... thankfully that hasn't happened yet.  


If you have questions for someone literally doing what you are trying to do, for a customer you are trying to work for, let me know.",so from someone who is cissp and has ceh but is working on my oscp... yeah      is a joke. you want sec first for a us government job. this will get you iat i and iam i. basic requirements to essentially do it in the government sector. get ceh after. to be a penetration tester for the government you need iat i and cssp analyst covered which you will now have. being cissp i now check    of the    boxes. only way to get the last two would be to get a cissp specialization and cism or two cissp specialization something i don t see myself needing to do as a technical worker. my cissp was directed by my leadership and while i appreciate the knowledge doesn t effect my keyboard skills. pretty much anyone outside of hr pure management in the government knows ceh is garbage. we all trash talk it but you must have it and meet the requirements to be in the role. at least until disa changes     . there were rumors they were removing the sans stuff... thankfully that hasn t happened yet. if you have questions for someone literally doing what you are trying to do for a customer you are trying to work for let me know.,212,4.0,/r/AskNetsec/comments/9298b8/nobody_cares_about_my_oscp_what_certifications/e34itd9/,asknetsec,1
dwwnyyw,8a5mhu,t3_8a5mhu,t3_8a5mhu,dorkycool,2018-04-06 11:29:55,1523014195.0,2018,4,2018-04,"There are a few things going on here. First, this isn't really a security specific thing, many recruiters suck for IT in general, and for most other types of jobs as well. A friend of mine is looking for a marketing job right now, lots of similar complaints. 

I know we've all talked about the entry level security job issue here a million times. It's very rare, and for a reason. Most people don't come straight out of college, or a completely unrelated job, with the skillset for a typical security role. The fact that you found a security engineer job straight out of school is very rare from what I've seen. I'm sure three other people here can reply and say they found it too, but it's not common. I know some huge shops  will hire like that and make someone just open and escalate tickets, but unless you grow from there you aren't gaining much of what I need either. When I'm looking to hire a security engineer I want someone with lots of experience on the tech I want them to secure and a host of other skills they usually don't teach in school. It's not even an age thing, I've met teenagers at BSides conventions who are awesome who I'd love to hire when they're old enough to work. I've also interviewed a  pile of fresh college grads with really simple, basic questions that almost anyone here would laugh at and I wouldn't even want working helpdesk. Passion, side projects, self driven learning all go a VERY long way to making you more desirable. If you can't even talk to me about current huge threats that are all over the news, why should I expect you to be on top of new threats as an employee?

As for being the training company, that's a difficult one. If you put yourself in the position of the company it's even harder. Imagine lots of small/medium companies, they might have 1-2, maybe even 3-4 security people for thousands of employees. Say it's 2, if you hire the first one, do you send them to 3 SANS courses for 20K hoping they learn it all well? If you aren't paying a ton, you know they'll likely leave right after they get qualifications for a higher salary. Maybe you have 1 solid security employee, do you hire another that isn't qualified so the first one can now spend all their time training the other one hoping they might work out? Or, do you look for someone who already has the skills you need, so they can be productive faster and not be a time suck to the other staff? Sure, it costs more money, but in the end, not really. 

Point 7 is painfully accurate. I had this talk with a frustrated coworker the other day. Almost everything we do is a cost. Almost everything we do slows people down, or stops them from doing what they really want to do in one way or another. Even if you have an amazing relationship with your coworkers, most devs want to just write code that works, not have you pointing out issues where they have to go back and fix. Instead of, hey we'll just spin up a new server! It's, wait, have you followed this standard? We scanned your new server and it's missing X and Y, also you can't run that software and the ports for Z can't be open either... In a perfect world the other employees care about all that stuff too and you're all working arm in arm, in reality most company cultures aren't like that. 

I know it seems like I disagree with your post entirely, I don't, but some of the issues are more based on your time in the industry and location. I don't even live in one of those hotspots, but close enough to a major city. Salaries are good, no shortages of jobs, actual good recruiters climbing all over you, it's a good time to be in infosec from a job outlook standpoint. ",there are a few things going on here. first this isn t really a security specific thing many recruiters suck for it in general and for most other types of jobs as well. a friend of mine is looking for a marketing job right now lots of similar complaints. i know we ve all talked about the entry level security job issue here a million times. it s very rare and for a reason. most people don t come straight out of college or a completely unrelated job with the skillset for a typical security role. the fact that you found a security engineer job straight out of school is very rare from what i ve seen. i m sure three other people here can reply and say they found it too but it s not common. i know some huge shops will hire like that and make someone just open and escalate tickets but unless you grow from there you aren t gaining much of what i need either. when i m looking to hire a security engineer i want someone with lots of experience on the tech i want them to secure and a host of other skills they usually don t teach in school. it s not even an age thing i ve met teenagers at bsides conventions who are awesome who i d love to hire when they re old enough to work. i ve also interviewed a pile of fresh college grads with really simple basic questions that almost anyone here would laugh at and i wouldn t even want working helpdesk. passion side projects self driven learning all go a very long way to making you more desirable. if you can t even talk to me about current huge threats that are all over the news why should i expect you to be on top of new threats as an employee as for being the training company that s a difficult one. if you put yourself in the position of the company it s even harder. imagine lots of small medium companies they might have     maybe even     security people for thousands of employees. say it s   if you hire the first one do you send them to   sans courses for   k hoping they learn it all well if you aren t paying a ton you know they ll likely leave right after they get qualifications for a higher salary. maybe you have   solid security employee do you hire another that isn t qualified so the first one can now spend all their time training the other one hoping they might work out or do you look for someone who already has the skills you need so they can be productive faster and not be a time suck to the other staff sure it costs more money but in the end not really. point   is painfully accurate. i had this talk with a frustrated coworker the other day. almost everything we do is a cost. almost everything we do slows people down or stops them from doing what they really want to do in one way or another. even if you have an amazing relationship with your coworkers most devs want to just write code that works not have you pointing out issues where they have to go back and fix. instead of hey we ll just spin up a new server it s wait have you followed this standard we scanned your new server and it s missing x and y also you can t run that software and the ports for z can t be open either... in a perfect world the other employees care about all that stuff too and you re all working arm in arm in reality most company cultures aren t like that. i know it seems like i disagree with your post entirely i don t but some of the issues are more based on your time in the industry and location. i don t even live in one of those hotspots but close enough to a major city. salaries are good no shortages of jobs actual good recruiters climbing all over you it s a good time to be in infosec from a job outlook standpoint.,709,2.0,/r/AskNetsec/comments/8a5mhu/is_the_job_recruiting_security_industry_still_in/dwwnyyw/,asknetsec,1
lusxpe1,1ggtvxx,t3_1ggtvxx,t3_1ggtvxx,daringgglow,2024-11-01 03:09:51,1730430591.0,2024,11,2024-11,"honestly, you’re not alone in feeling that way—digital security feels like a never-ending arms race these days. instead of walking away entirely, maybe look into fields like digital forensics, compliance, or risk management. those roles let you address the “what ifs” and can give you some distance from the constant vulnerability grind. plus, those areas are all about preparing for and managing inevitable breaches rather than pretending they won’t happen, which could be a less stressful angle. might actually be where your experience would really shine",honestly you re not alone in feeling that way digital security feels like a never ending arms race these days. instead of walking away entirely maybe look into fields like digital forensics compliance or risk management. those roles let you address the what ifs and can give you some distance from the constant vulnerability grind. plus those areas are all about preparing for and managing inevitable breaches rather than pretending they won t happen which could be a less stressful angle. might actually be where your experience would really shine,90,1.0,/r/AskNetsec/comments/1ggtvxx/im_hesitant_to_continue_in_the_field_because_i_no/lusxpe1/,asknetsec,1
esyzw2u,c9ipeo,t3_c9ipeo,t3_c9ipeo,bitsailor,2019-07-05 18:50:53,1562352653.0,2019,7,2019-07,"Are you located in Silicon valley or something? Just kidding . On one hand good advise would be to hang up for 6-12 months,  on another hand I would kick that manager dickhead ass for such attitude. Don't be so pedantic about your resume you can always do it the right way without burning  bridges behind . Find new job / project and tell that you are leaving , be straight and honest towards your new boss and present tell them  that the job you are doing right now is not inline with your aspirations and with due to respect you would like to change it in a legal way with no harm to anyone ... I thing the days of slavery has passed away ... ?",are you located in silicon valley or something just kidding . on one hand good advise would be to hang up for      months on another hand i would kick that manager dickhead ass for such attitude. don t be so pedantic about your resume you can always do it the right way without burning bridges behind . find new job   project and tell that you are leaving be straight and honest towards your new boss and present tell them that the job you are doing right now is not inline with your aspirations and with due to respect you would like to change it in a legal way with no harm to anyone ... i thing the days of slavery has passed away ...,124,1.0,/r/AskNetsec/comments/c9ipeo/wrong_decission_in_my_carreer/esyzw2u/,asknetsec,1
npdzjwq,1gz0qbr,t3_1gz0qbr,t3_1gz0qbr,After_Construction72,2025-11-17 21:45:00,1763415900.0,2025,11,2025-11,"I would do CSTL if I was you. They seem to be giving it away lately.
I'm aware of someone with only 2 years industry experience which includes 1 year of CE+ testing. No CTM.
Was able to pass by getting only 2 flags. There is no way they wpuld pass the Viva either.",i would do cstl if i was you. they seem to be giving it away lately. i m aware of someone with only   years industry experience which includes   year of ce testing. no ctm. was able to pass by getting only   flags. there is no way they wpuld pass the viva either.,52,1.0,/r/AskNetsec/comments/1gz0qbr/uk_cctinf_vs_cstlinf_for_check_status/npdzjwq/,asknetsec,1
e6q9zzy,9j6i28,t3_9j6i28,t3_9j6i28,[deleted],2018-09-27 12:52:06,1538052726.0,2018,9,2018-09,"It's not easy or like in the movies.

If you really want this, work hard for it, don't give up, don't listen to anyone else put you down. Keep learning, try one thing at a time, don't try to do all the things at one time and get overwhelmed. Focus on say just one vulnerability on one platform - session cookies that aren't secure, plain ole XSS, etc - try with many different programs (especially the free and charity ones) and see if you can find something.

Finding something...even if not paid...will get you familiar with how it all works, and boost your confidence. Keep getting your score up, and eventually you'll get invited to private programs, which have less competition...but doesn't mean they're always super easy, either. 

Which increases the likelyhood of getting paid out.

Do not be surprised when a program screws you, saying ""duplicate"", or in your particular platform of choice, they are known to not  even get back to you for several months. Companies who run these, some are shady, and will gleefully take your findings for free with any excuse they feel like. If this keeps happening on a particular program, switch to a different program where the people running it aren't so shady.

Good luck. And to answer your question, several months.",it s not easy or like in the movies. if you really want this work hard for it don t give up don t listen to anyone else put you down. keep learning try one thing at a time don t try to do all the things at one time and get overwhelmed. focus on say just one vulnerability on one platform   session cookies that aren t secure plain ole xss etc   try with many different programs and see if you can find something. finding something...even if not paid...will get you familiar with how it all works and boost your confidence. keep getting your score up and eventually you ll get invited to private programs which have less competition...but doesn t mean they re always super easy either. which increases the likelyhood of getting paid out. do not be surprised when a program screws you saying duplicate or in your particular platform of choice they are known to not even get back to you for several months. companies who run these some are shady and will gleefully take your findings for free with any excuse they feel like. if this keeps happening on a particular program switch to a different program where the people running it aren t so shady. good luck. and to answer your question several months.,219,2.0,/r/AskNetsec/comments/9j6i28/after_how_much_timeexperience_did_you_get_your/e6q9zzy/,asknetsec,1
duuj7vc,80a5wn,t3_80a5wn,t3_80a5wn,icon0clast6,2018-02-26 12:08:57,1519646937.0,2018,2,2018-02,"Well you kinda explained why in your own post, you’ve worked for tech startups, of course a startup is going to have an immature security program and a bunch of overpaid talking heads...",well you kinda explained why in your own post you ve worked for tech startups of course a startup is going to have an immature security program and a bunch of overpaid talking heads...,34,1.0,/r/AskNetsec/comments/80a5wn/immaturity_throughout_security_industry/duuj7vc/,asknetsec,1
f7xwnnb,dy02k8,t3_dy02k8,t3_dy02k8,dorkycool,2019-11-18 12:05:18,1574078718.0,2019,11,2019-11,"None of your certs (sadly including the CEH) teach you how to hack things so I'm not sure why you just figured you could without further research and learning. 

When you looked at the write ups, did you have the ""oh, I get that, I've just never done it before!"" moment, or were you completely baffled and didn't understand what they're talking about, because those are two different things.",none of your certs teach you how to hack things so i m not sure why you just figured you could without further research and learning. when you looked at the write ups did you have the oh i get that i ve just never done it before moment or were you completely baffled and didn t understand what they re talking about because those are two different things.,69,3.0,/r/AskNetsec/comments/dy02k8/how_long_does_it_take_to_become_beginner_in/f7xwnnb/,asknetsec,1
e3199t9,91vel8,t3_91vel8,t3_91vel8,KindSadist,2018-07-25 22:18:08,1532557088.0,2018,7,2018-07,What area are you in? I've noticed it really depends on the region you live in. Atlanta is a very hot tech market right now and you would have no problems finding work here.,what area are you in i ve noticed it really depends on the region you live in. atlanta is a very hot tech market right now and you would have no problems finding work here.,35,3.0,/r/AskNetsec/comments/91vel8/5_years_experience_and_i_dont_know_where_to_go/e3199t9/,asknetsec,1
f21ahls,dbdr11,t3_dbdr11,t3_dbdr11,yells_at_cloud,2019-09-30 18:58:07,1569869887.0,2019,9,2019-09,"As someone who's been in that position (and interviewed many others), I would strongly recommend your day to day be looking elsewhere for a job. Not to say it's *impossible* to grow, but it's far more likely you stagnate or become resentful towards the company that put you in that position.

Your time will probably be spent putting out fires while desperately juggling the rollout of security tooling (and justifying its cost again and again to management every year/quarter), tuning it, responding to alerts, reminding people that you aren't IT Support, trying to convince management to buy more tooling or people or implement policy, while teaching yourself just enough to keep it all going. The result is stunted experience due to lack of mentorship, lack of support for your personal growth, and breadth over depth that often only prepares you for more ""do everything, good luck!"" roles. This is a bit of a generalization, but also something I see a lot of.",as someone who s been in that position i would strongly recommend your day to day be looking elsewhere for a job. not to say it s impossible to grow but it s far more likely you stagnate or become resentful towards the company that put you in that position. your time will probably be spent putting out fires while desperately juggling the rollout of security tooling tuning it responding to alerts reminding people that you aren t it support trying to convince management to buy more tooling or people or implement policy while teaching yourself just enough to keep it all going. the result is stunted experience due to lack of mentorship lack of support for your personal growth and breadth over depth that often only prepares you for more do everything good luck roles. this is a bit of a generalization but also something i see a lot of.,151,3.0,/r/AskNetsec/comments/dbdr11/what_should_my_daily_workflow_look_like/f21ahls/,asknetsec,1
kzw9xp1,1c5js14,t3_1c5js14,t3_1c5js14,matte_grey,2024-04-16 21:54:19,1713304459.0,2024,4,2024-04,I have similar experience to share. Send me a dm and I can give you insights from my experience 👍,i have similar experience to share. send me a dm and i can give you insights from my experience,19,2.0,/r/AskNetsec/comments/1c5js14/am_i_stupid_for_asking_this_surviving_working/kzw9xp1/,asknetsec,1
ekhcbdl,bb9rwg,t3_bb9rwg,t3_bb9rwg,wowneatlookatthat,2019-04-09 16:53:02,1554828782.0,2019,4,2019-04,"Well, why should anyone hire you? Do you have IT work experience? Do you know how to make things secure?",well why should anyone hire you do you have it work experience do you know how to make things secure,20,5.0,/r/AskNetsec/comments/bb9rwg/how_can_i_get_any_information_security_job/ekhcbdl/,asknetsec,1
eosozex,bswi02,t3_bswi02,t3_bswi02,JasonCarnell,2019-05-25 23:26:36,1558826796.0,2019,5,2019-05,"If you're looking for a Challenge, I'd highly recommend the OSCP course.

&#x200B;

I was in the same boat as you, I had my CISSP for 10 years and had just finished my Masters in Cyber Security, so I felt top heavy in Policy and Management, but had not been hands on very much in years. I already had my CEH but that was a joke to be honest.

&#x200B;

OSCP was very reasonably priced for the course work, definitely get your hands dirty, and once you get it, no maintenance fees or CEU's to maintain. If you're looking at Ethical Hacking courses the OSCP definitely has the street cred the CEH and Pentest+ are lacking. I learned more in the 4 5 months I was working on that then any other cert or My Graduate degree for that matter.

&#x200B;

Finally, after going through the CEH and CFIH course from EC-Council as part of my Masters program, I believe they are the most unethical, BS, crappy certification company out there, and I will never give them a dime.

&#x200B;

Edit\* Don't feel like you have to start at a lower level for the PWK and OSCP. The Course work starts at a very basic level, and it's not hard because its super technical, its hard because you have learn to  about 200 different things and put them in practice.  For us management types, it was taking all these things that you've known and defended against for years through IA programs, and actually doing them.

Edit 2 - If you want to take whack at what the PWK is like before committing, getting a month subscription to VirtualHackingLabs.com. I used them after my PWK course ended and before I passed the exam to get more practice, and found their course  material and labs very OSCP-like.",if you re looking for a challenge i d highly recommend the oscp course. x   b i was in the same boat as you i had my cissp for    years and had just finished my masters in cyber security so i felt top heavy in policy and management but had not been hands on very much in years. i already had my ceh but that was a joke to be honest. x   b oscp was very reasonably priced for the course work definitely get your hands dirty and once you get it no maintenance fees or ceu s to maintain. if you re looking at ethical hacking courses the oscp definitely has the street cred the ceh and pentest are lacking. i learned more in the     months i was working on that then any other cert or my graduate degree for that matter. x   b finally after going through the ceh and cfih course from ec council as part of my masters program i believe they are the most unethical bs crappy certification company out there and i will never give them a dime. x   b edit don t feel like you have to start at a lower level for the pwk and oscp. the course work starts at a very basic level and it s not hard because its super technical its hard because you have learn to about     different things and put them in practice. for us management types it was taking all these things that you ve known and defended against for years through ia programs and actually doing them. edit     if you want to take whack at what the pwk is like before committing getting a month subscription to virtualhackinglabs.com. i used them after my pwk course ended and before i passed the exam to get more practice and found their course material and labs very oscp like.,312,9.0,/r/AskNetsec/comments/bswi02/bored_cissp_who_feels_trapped/eosozex/,asknetsec,1
ifz6p7w,vxzmm3,t3_vxzmm3,t3_vxzmm3,SleepyLctl,2022-07-13 11:10:20,1657710620.0,2022,7,2022-07,"Just few random tips:

* Get forensics dump and check what really happened:
   * SANS Windows Forensics - [https://sansorg.egnyte.com/dl/GrGnmphnqs](https://sansorg.egnyte.com/dl/GrGnmphnqs) 
   * If you do not have that, we have to rely on SIEM.
* It depends what kind of Infection was that - was is spyware? Then you can probably pass and continue on BAU. I assume it was however full compromise - RCE with potential of selling access -> Ransomware, in that case:
   * SIEM:
      * Considering you have immature team, SIEM won't be perfect neither. 
      * You are most likely having Windows Events on-boarded, this could be place to shine. Focus on commonly logged events - [https://wiki.sans.blue/#!Tools/WindowsEventLogsTable.md](https://wiki.sans.blue/#!Tools/WindowsEventLogsTable.md) eg.
      * 7045 - Services created (Persistence)
      * 4720 - Account Created (Persistence)
      * ...
   * Look for events in given time frame
* Assuming we are talking about APT, the threat actor could been there for months, if you are not in research, military and other valuable industry, you can assume script kiddie or cyber criminal working as Initial Access Broker (hacks in, sells the access to ransomware, then other group deploys ransomware).
* With insight from Network team, you could try to define potential other hops within VLAN (less likely, would be likely some port scanning, exploitation - too noisy).
* Rather I would expect Windows Active Directory hoping - using credentials at compromised machine to jump further - Where does the user has access to log in? 

To your questions:

* **Should i be looking at IoC's for that specific malware?**
   * Depends. How did you detected the first machine - if you detected by default ""alerts"" of your Detection Stack then you can assume the same malware will be also detected. However, I assume that the threat actor got in via a one way, and would continue with his own manual techniques. Therefore I assume this won't have much value. OFC you can sweep your SIEM with some open source intel.
      * [https://abuse.ch/](https://abuse.ch/) I would start with botnets/C2s
* Do you (yes you reader) spend hours looking for persistence or do just rebuild and move on to the next ticket?
   * Usually you move on. It depends on info - was it something trivial or it was full blown APT. I have had experience with 2 advanced attacks and in both cases we ""monitored"" the network for extra 2 weeks. However - gotta say that this monitoring was trivial and just looked for few IOAs (command patterns, tools). No uber deep manual hunting.
* Alot of the stuff is probably normal traffic such as VPN connections, Connecting to Microsoft
   * You can filter out Microsoft/Akamai/... traffic via ASN filter... Then you might see rare traffic like C2. This SIEM field is not common tho, and the logs must be usually enriched with this (IP>ASN translation)

 

*",just few random tips: get forensics dump and check what really happened: sans windows forensics   url if you do not have that we have to rely on siem. it depends what kind of infection was that   was is spyware then you can probably pass and continue on bau. i assume it was however full compromise   rce with potential of selling access   ransomware in that case: siem: considering you have immature team siem won t be perfect neither. you are most likely having windows events on boarded this could be place to shine. focus on commonly logged events   url eg.        services created        account created ... look for events in given time frame assuming we are talking about apt the threat actor could been there for months if you are not in research military and other valuable industry you can assume script kiddie or cyber criminal working as initial access broker . with insight from network team you could try to define potential other hops within vlan . rather i would expect windows active directory hoping   using credentials at compromised machine to jump further   where does the user has access to log in to your questions: should i be looking at ioc s for that specific malware depends. how did you detected the first machine   if you detected by default alerts of your detection stack then you can assume the same malware will be also detected. however i assume that the threat actor got in via a one way and would continue with his own manual techniques. therefore i assume this won t have much value. ofc you can sweep your siem with some open source intel. url i would start with botnets c s do you spend hours looking for persistence or do just rebuild and move on to the next ticket usually you move on. it depends on info   was it something trivial or it was full blown apt. i have had experience with   advanced attacks and in both cases we monitored the network for extra   weeks. however   gotta say that this monitoring was trivial and just looked for few ioas . no uber deep manual hunting. alot of the stuff is probably normal traffic such as vpn connections connecting to microsoft you can filter out microsoft akamai ... traffic via asn filter... then you might see rare traffic like c . this siem field is not common tho and the logs must be usually enriched with this,408,21.0,/r/AskNetsec/comments/vxzmm3/compromised_device_incident_process_post_device/ifz6p7w/,asknetsec,1
eoo1e1y,bsire0,t3_bsire0,t3_bsire0,LumpyStyx,2019-05-24 19:39:29,1558726769.0,2019,5,2019-05,"My concern with what you wrote above was your comment about it being a lot of paperwork. Pentest consultants generate a lot of paperwork. You must have very effective oral and written communication to do the job at most places. You can be the best hacker in the world, but if you cannot effectively communicate that (or just don't) you aren't being value. Customers don't pay to be hacked, the final deliverable they are paying for is the report.

Without answering all the rest individually, the answer you need is networking. Join or make a local security group. Make tools and publish them. Get known.",my concern with what you wrote above was your comment about it being a lot of paperwork. pentest consultants generate a lot of paperwork. you must have very effective oral and written communication to do the job at most places. you can be the best hacker in the world but if you cannot effectively communicate that you aren t being value. customers don t pay to be hacked the final deliverable they are paying for is the report. without answering all the rest individually the answer you need is networking. join or make a local security group. make tools and publish them. get known.,104,1.0,/r/AskNetsec/comments/bsire0/questions_for_security_consultants_new_and_senior/eoo1e1y/,asknetsec,1
ey8vcbb,cw7cpe,t3_cw7cpe,t3_cw7cpe,voicesinmyhand,2019-08-27 18:05:47,1566929147.0,2019,8,2019-08,"> I tried to pass these courses but I just can't study 700 pages of things I'm not even interested in so I failed quite some courses of this bridge year (i failed 8 of the 12 courses). This is the first time in my life that I'm actually really struggling with school. I'm getting the impression that I'm just losing my time with this.

Have you ever tried just winging it?",i tried to pass these courses but i just can t study     pages of things i m not even interested in so i failed quite some courses of this bridge year . this is the first time in my life that i m actually really struggling with school. i m getting the impression that i m just losing my time with this. have you ever tried just winging it,69,0.0,/r/AskNetsec/comments/cw7cpe/im_considering_stopping_my_bridge_that_gives_me/ey8vcbb/,asknetsec,1
frkkob9,gmhu2o,t3_gmhu2o,t3_gmhu2o,misconfig_exe,2020-05-23 18:24:19,1590258259.0,2020,5,2020-05,"In infosec, you never stop being a noob at something, otherwise you get left behind.",in infosec you never stop being a noob at something otherwise you get left behind.,15,3.0,/r/AskNetsec/comments/gmhu2o/when_do_you_stop_being_a_noob/frkkob9/,asknetsec,1
eu5v8v9,cey3of,t3_cey3of,t3_cey3of,hacksauce,2019-07-18 21:42:03,1563486123.0,2019,7,2019-07,"Speaking as a ""prospective client"" the concern I have w/full packet capture are not around implementation but governance. 
I'm not willing to let sensitive information leave my network. I've seen enough crappy MSPs to doubt your ability to keep my data safe. 
If you're going to attempt to siphon off a TAP you need to show how you're ensuring that my DLP/Compliance needs are being addressed.",speaking as a prospective client the concern i have w full packet capture are not around implementation but governance. i m not willing to let sensitive information leave my network. i ve seen enough crappy msps to doubt your ability to keep my data safe. if you re going to attempt to siphon off a tap you need to show how you re ensuring that my dlp compliance needs are being addressed.,72,22.0,/r/AskNetsec/comments/cey3of/trying_to_pull_off_a_seemingly_impossible_task_or/eu5v8v9/,asknetsec,1
k6bkcs6,17fak37,t3_17fak37,t3_17fak37,niyrex,2023-10-24 23:31:32,1698190292.0,2023,10,2023-10,"As a sec professional, it would be really beneficial for every developer and sysadmin go through a pen testing 101 training that walked people through common vulnerabilities so people can see just how easy and damaging system vulnerabilities can be for users and the business.  Would significantly reduce the amount of push back I get when I tell somebody they have XSS or directory traversal attacks in their system and they need to fix it.  I get way more pushback than I should for simple stuff that's easily exploited because the dev team doesn't understand what the words mean 90% of the time.",as a sec professional it would be really beneficial for every developer and sysadmin go through a pen testing     training that walked people through common vulnerabilities so people can see just how easy and damaging system vulnerabilities can be for users and the business. would significantly reduce the amount of push back i get when i tell somebody they have xss or directory traversal attacks in their system and they need to fix it. i get way more pushback than i should for simple stuff that s easily exploited because the dev team doesn t understand what the words mean    of the time.,103,1.0,/r/AskNetsec/comments/17fak37/is_offensive_security_knowledge_useful_outside_of/k6bkcs6/,asknetsec,1
ocdlvqt,1rw0pc5,t3_1rw0pc5,t3_1rw0pc5,NCDigital2025,2026-03-25 12:05:35,1774440335.0,2026,3,2026-03,"We tried CyberSentriq with an 1800 users org with a similar mix and it held up well. The phishing sims are gamified which actually got our resistant users paying attention, and the built-in quizzes after modules give you real proof of learning rather than just ""yep they clicked next."" Entra integration was also seamless",we tried cybersentriq with an      users org with a similar mix and it held up well. the phishing sims are gamified which actually got our resistant users paying attention and the built in quizzes after modules give you real proof of learning rather than just yep they clicked next. entra integration was also seamless,54,1.0,/r/AskNetsec/comments/1rw0pc5/looking_for_security_awareness_training_for/ocdlvqt/,asknetsec,1
i2oap4k,tr6lfm,t3_tr6lfm,t3_tr6lfm,CyberViking949,2022-03-30 04:03:19,1648612999.0,2022,3,2022-03,"What has already been said, just adding my support.

Move into DevSecOps. 

Focus on putting security into your processes. Implement Kubebench, container checkers like twistlock or sysdig, codify security policies for terraform with some thing like bridgecrew (evaluating them now). Basically, dont just deploy things, but make sure you are deploying them securely.

Look for ways to build security and guardrails into your existing DevOps practices. Then you are essentially doing the job. That will allow you to apply somewgere and get the proper role/title if thats what you want",what has already been said just adding my support. move into devsecops. focus on putting security into your processes. implement kubebench container checkers like twistlock or sysdig codify security policies for terraform with some thing like bridgecrew . basically dont just deploy things but make sure you are deploying them securely. look for ways to build security and guardrails into your existing devops practices. then you are essentially doing the job. that will allow you to apply somewgere and get the proper role title if thats what you want,89,2.0,/r/AskNetsec/comments/tr6lfm/how_can_i_make_a_switch_from_devops_to_security/i2oap4k/,asknetsec,1
eorb9sn,bswi02,t3_bswi02,t3_bswi02,Ashmedai,2019-05-25 17:03:44,1558803824.0,2019,5,2019-05,"Are you at all good with people? Not like sales good, but be in the room when the sales guy is the room, and support him good? If so, one thing you can do is find a new security product you really like, configure it 25 ways from sunday, and then apply for a job as a sales engineer with the company. Generally good pay, short engagements, keeps interesting. Downside is you may have to travel around a bit. If you're DC metro area (just guessing due to your compliance gig), then a lot of your travel would just be around the NCR.",are you at all good with people not like sales good but be in the room when the sales guy is the room and support him good if so one thing you can do is find a new security product you really like configure it    ways from sunday and then apply for a job as a sales engineer with the company. generally good pay short engagements keeps interesting. downside is you may have to travel around a bit. if you re dc metro area then a lot of your travel would just be around the ncr.,96,6.0,/r/AskNetsec/comments/bswi02/bored_cissp_who_feels_trapped/eorb9sn/,asknetsec,1
ngl1vy7,1nqs1lh,t3_1nqs1lh,t3_1nqs1lh,Acrobatic_Idea_3358,2025-09-28 02:24:20,1759026260.0,2025,9,2025-09,"I would focus in on specific vulnerability classes to start, for example XSS, you could craft detectors for different languages based on the functions used in the source code potentially. You would want to gather a good sample set of data and see ifthere are obvious patterns. Start simple and add complexity later. Good luck!",i would focus in on specific vulnerability classes to start for example xss you could craft detectors for different languages based on the functions used in the source code potentially. you would want to gather a good sample set of data and see ifthere are obvious patterns. start simple and add complexity later. good luck,55,1.0,/r/AskNetsec/comments/1nqs1lh/how_to_analyze_git_patch_diffs_on_oss_projects_to/ngl1vy7/,asknetsec,1
emnpkqn,bl56f3,t3_bl56f3,t3_bl56f3,iamanid10terror,2019-05-06 16:38:17,1557160697.0,2019,5,2019-05,"Age discrimination is alive and well in America, and the rest of the world. Where in the midwest, can you name your state?",age discrimination is alive and well in america and the rest of the world. where in the midwest can you name your state,23,2.0,/r/AskNetsec/comments/bl56f3/help/emnpkqn/,asknetsec,1
ie28x96,vmjlep,t3_vmjlep,t3_vmjlep,hahayeabud,2022-06-28 15:00:20,1656428420.0,2022,6,2022-06,"Winning in CTF are just highlights. In the beginning, they struggled too and you might not had seen the amount of effort they expended for that.  

If you wanted to polish your skill, there's always HTB for you to subscribe to. However, if webapps your thing, you could always jump to portswiger labs (free and fun to learn).

One step at a time, you'll get there :)",winning in ctf are just highlights. in the beginning they struggled too and you might not had seen the amount of effort they expended for that. if you wanted to polish your skill there s always htb for you to subscribe to. however if webapps your thing you could always jump to portswiger labs . one step at a time you ll get there :,65,3.0,/r/AskNetsec/comments/vmjlep/i_need_advice_from_people_who_have_gone_through_a/ie28x96/,asknetsec,1
esytyar,c9ipeo,t3_c9ipeo,t3_c9ipeo,securemaryland,2019-07-05 17:58:52,1562349532.0,2019,7,2019-07,"IIMHO, I say give them a year (don't worry it will be over before you know it). The main reason I say that is because if you ""jump ship"" too soon, I will think you'd do the same thing when I hire you and it doesn't look good on a resume. What I would do in your shoes is learn as much as I can about the ""risk consultant"" job as I can, learn what metrics/reports mgmt wants and why - then think about how you would make them better or make them more efficiently. I would also think how I could use such reports in a ""pentesting"" gig.  You will have to do reports even when you get your dream job so might as well get used to writing them now.  Then in 10 mos. I would  float my resume around and on the 12th month pull the trigger.",iimho i say give them a year . the main reason i say that is because if you jump ship too soon i will think you d do the same thing when i hire you and it doesn t look good on a resume. what i would do in your shoes is learn as much as i can about the risk consultant job as i can learn what metrics reports mgmt wants and why   then think about how you would make them better or make them more efficiently. i would also think how i could use such reports in a pentesting gig. you will have to do reports even when you get your dream job so might as well get used to writing them now. then in    mos. i would float my resume around and on the   th month pull the trigger.,142,3.0,/r/AskNetsec/comments/c9ipeo/wrong_decission_in_my_carreer/esytyar/,asknetsec,1
huabxdk,scwy8l,t3_scwy8l,t3_scwy8l,James_ericsson,2022-01-26 12:38:45,1643200725.0,2022,1,2022-01,"So I passed the OSWE last year. I took Friday off of work and started in the morning. My wife new ahead of time that I'd be unavailable for the weekend. I slept and exercised regularly and had time to finish. If something comes up handle it and get back to work, if you run out of time just take it again. I failed the OSED exam this month due to an unexpected event but I'm not too upset because I'll get it next time.",so i passed the oswe last year. i took friday off of work and started in the morning. my wife new ahead of time that i d be unavailable for the weekend. i slept and exercised regularly and had time to finish. if something comes up handle it and get back to work if you run out of time just take it again. i failed the osed exam this month due to an unexpected event but i m not too upset because i ll get it next time.,88,5.0,/r/AskNetsec/comments/scwy8l/sitting_through_offsec_23_day_exams/huabxdk/,asknetsec,1
eonsb3o,bsire0,t3_bsire0,t3_bsire0,NotTooDeep,2019-05-24 17:52:01,1558720321.0,2019,5,2019-05,"Have you reached out to black hills infosec or hack the people?  Ask them similar questions and you might get lucky.

I attended an InfoSec conference last December. One of the keynote speakers was fantastic. I approached him after his presentation and asked how I could contact him after the conference. He gave me his card, which led to emailing him, which led to a reply which cc'd one of his DFIR consultants who ended up answering all of your questions and many more. 

Good luck!",have you reached out to black hills infosec or hack the people ask them similar questions and you might get lucky. i attended an infosec conference last december. one of the keynote speakers was fantastic. i approached him after his presentation and asked how i could contact him after the conference. he gave me his card which led to emailing him which led to a reply which cc d one of his dfir consultants who ended up answering all of your questions and many more. good luck,87,2.0,/r/AskNetsec/comments/bsire0/questions_for_security_consultants_new_and_senior/eonsb3o/,asknetsec,1
nm83vt0,1ojkl57,t3_1ojkl57,t3_1ojkl57,Gainside,2025-10-30 17:17:50,1761844670.0,2025,10,2025-10,"Start by triaging attack surface: enumerate JS-exposed APIs, canvas/WebGL, timing APIs, and network headers",start by triaging attack surface: enumerate js exposed apis canvas webgl timing apis and network headers,16,2.0,/r/AskNetsec/comments/1ojkl57/any_tips_on_localhost_tlstermination_and_js/nm83vt0/,asknetsec,1
e2cjj8i,8yn5hs,t3_8yn5hs,t3_8yn5hs,Veilheim,2018-07-13 23:11:29,1531523489.0,2018,7,2018-07,Here’s the answer I always use for this question — “We are probably both well aware of the rates for people with my skills.  I would be looking for a good offer if we reached that point in our discussion.”,here s the answer i always use for this question we are probably both well aware of the rates for people with my skills. i would be looking for a good offer if we reached that point in our discussion.,40,9.0,/r/AskNetsec/comments/8yn5hs/i_plan_on_moving_from_public_to_private_sector/e2cjj8i/,asknetsec,1
f0vdbwd,d6njn2,t3_d6njn2,t3_d6njn2,frbird400,2019-09-20 11:01:51,1568977311.0,2019,9,2019-09,All great suggestions from everyone. Another is to disable macros in your Office docs via GPO.,all great suggestions from everyone. another is to disable macros in your office docs via gpo.,16,4.0,/r/AskNetsec/comments/d6njn2/how_can_i_protect_my_companys_info_when_we_dont/f0vdbwd/,asknetsec,1
eu5vf3a,cey3of,t3_cey3of,t3_cey3of,stop_a,2019-07-18 21:43:57,1563486237.0,2019,7,2019-07,"I thought tools for capturing and analyzing flow would give you insight into the payload, as well—not just port and protocol.",i thought tools for capturing and analyzing flow would give you insight into the payload as well not just port and protocol.,22,1.0,/r/AskNetsec/comments/cey3of/trying_to_pull_off_a_seemingly_impossible_task_or/eu5vf3a/,asknetsec,1
jjqh5r4,13dnxex,t3_13dnxex,t3_13dnxex,dazzling_merkle,2023-05-11 13:03:24,1683810204.0,2023,5,2023-05,"Cissp wil compliment your current certificates really well. It will enable you to talk to the engineers and the business effectively. 

Then you can try to go for cism certificate to move higher up the management chain.

Finally to round it out i would suggest to also take a privacy certificate like cipp 

No one would contest you for any security role you want then in any company",cissp wil compliment your current certificates really well. it will enable you to talk to the engineers and the business effectively. then you can try to go for cism certificate to move higher up the management chain. finally to round it out i would suggest to also take a privacy certificate like cipp no one would contest you for any security role you want then in any company,68,2.0,/r/AskNetsec/comments/13dnxex/what_cert_should_i_take_next/jjqh5r4/,asknetsec,1
oa32o3x,1rrxh7q,t3_1rrxh7q,t3_1rrxh7q,MBILC,2026-03-12 18:32:42,1773340362.0,2026,3,2026-03,"Because it is easy for people to lie and make claims that are not true....And if said firm passes you to later find out you did not actually do the things you claimed, they are the ones that look bad.",because it is easy for people to lie and make claims that are not true....and if said firm passes you to later find out you did not actually do the things you claimed they are the ones that look bad.,40,1.0,/r/AskNetsec/comments/1rrxh7q/why_is_proving_compliance_to_auditors_harder_than/oa32o3x/,asknetsec,1
dv88gen,827y3n,t3_827y3n,t3_827y3n,danweber,2018-03-05 20:03:26,1520280206.0,2018,3,2018-03,"A colleague described OSCP as ""hazing"" and I'm pretty sure he's right.",a colleague described oscp as hazing and i m pretty sure he s right.,14,24.0,/r/AskNetsec/comments/827y3n/i_have_failed_the_oscp_5_times/dv88gen/,asknetsec,1
eu75hex,cey3of,t3_cey3of,t3_cey3of,netsonic,2019-07-19 06:44:28,1563518668.0,2019,7,2019-07,"Mate how powerful is the device in terms of compute, memory and storage? Like several others have already pointed out, there is a gap between what you get and what you are looking for. 

If the hardware is decent, i'd put a SIEM solution on it like Alienvault or any other and charge them for setting things properly up and threat response. You can throw netflow and log data on it and it has good if not great threat signatures that come in real time.",mate how powerful is the device in terms of compute memory and storage like several others have already pointed out there is a gap between what you get and what you are looking for. if the hardware is decent i d put a siem solution on it like alienvault or any other and charge them for setting things properly up and threat response. you can throw netflow and log data on it and it has good if not great threat signatures that come in real time.,86,1.0,/r/AskNetsec/comments/cey3of/trying_to_pull_off_a_seemingly_impossible_task_or/eu75hex/,asknetsec,1
kxs15ct,1bud3de,t3_1bud3de,t3_1bud3de,AskNetsec-ModTeam,2024-04-02 23:58:07,1712102287.0,2024,4,2024-04,"r/AskNetsec is more focused on technical questions. That means that questions related to career advice, what cert to get, school work, how to get started, etc, should be posted to places like: r/SecurityCareerAdvice, /r/NetSecStudents, /r/ITCareerQuestions, etc. This post is being removed for violating Rule #2  as stated in our [Rules & Guidelines](https://reddit.com/r/asknetsec/about/rules).",subreddit is more focused on technical questions. that means that questions related to career advice what cert to get school work how to get started etc should be posted to places like: subreddit   subreddit   subreddit etc. this post is being removed for violating rule   as stated in our url,49,1.0,/r/AskNetsec/comments/1bud3de/feeling_very_lost_this_past_month_need_direction/kxs15ct/,asknetsec,1
dzeohk9,8ld1v5,t3_8ld1v5,t3_8ld1v5,5c0073r,2018-05-22 20:48:02,1527022082.0,2018,5,2018-05,I’m in the same program. Hit me up in private messages,i m in the same program. hit me up in private messages,12,1.0,/r/AskNetsec/comments/8ld1v5/doubts_about_graduating_from_penn_state_with_a/dzeohk9/,asknetsec,1
oa7etg9,1rrxh7q,t3_1rrxh7q,t3_1rrxh7q,PixelSage-001,2026-03-13 11:18:23,1773400703.0,2026,3,2026-03,"This is a common frustration with audits. The operational security work and the evidence collection are often completely separate processes. Many teams eventually build automated evidence pipelines that pull logs, configuration snapshots, and policy enforcement records so they don’t have to manually gather everything each audit cycle.

",this is a common frustration with audits. the operational security work and the evidence collection are often completely separate processes. many teams eventually build automated evidence pipelines that pull logs configuration snapshots and policy enforcement records so they don t have to manually gather everything each audit cycle.,48,1.0,/r/AskNetsec/comments/1rrxh7q/why_is_proving_compliance_to_auditors_harder_than/oa7etg9/,asknetsec,1
oa2rkl5,1rrxh7q,t3_1rrxh7q,t3_1rrxh7q,shikkonin,2026-03-12 17:42:32,1773337352.0,2026,3,2026-03,"> Pulling logs showing configs demonstrating that we actually did what we said we did.


Config is in git, commits are signed and signed off, tags are signed, the runner lists which tag it plays out to servers when and what changed.",pulling logs showing configs demonstrating that we actually did what we said we did. config is in git commits are signed and signed off tags are signed the runner lists which tag it plays out to servers when and what changed.,41,1.0,/r/AskNetsec/comments/1rrxh7q/why_is_proving_compliance_to_auditors_harder_than/oa2rkl5/,asknetsec,1
hrgw4e3,rx2t74,t3_rx2t74,t3_rx2t74,iwillcuntyou,2022-01-06 08:43:59,1641458639.0,2022,1,2022-01,"This is a crazy thing to be asking for help with on Reddit 😂

Edit: To be more constructive, you need to understand the requirements. Security consists of lots of areas, and rarely can one person excel in all of them. 

Are you implementing continuous monitoring? if so, what as the analytical burden? Do you just have AV/EDR that generates alerts? Is there an IPS, or several? Do you have application logs that need to be monitored? What is the general security posture for the company - does it allow for human error? You will need to answer these questions and then develop use cases over the top. Furthermore, those use cases need well understood playbooks & your analyst (s) need the skills to effectively triage alerts generated from those use cases.

Do you have a SIEM & someone with the skills to administrate it? Can that person orchestrate logflows in to the SIEM & evaluate the impact to the network?

Who is your incident responder, and who writes the incident response policy?

Who performs vulnerability assessment & vulnerability management?

Who handles threat intelligence? 

Who conducts tabletop exercises?

So on so forth. 

I have built out several security teams, feel free to DM if you have any specific questions.",this is a crazy thing to be asking for help with on reddit edit: to be more constructive you need to understand the requirements. security consists of lots of areas and rarely can one person excel in all of them. are you implementing continuous monitoring if so what as the analytical burden do you just have av edr that generates alerts is there an ips or several do you have application logs that need to be monitored what is the general security posture for the company   does it allow for human error you will need to answer these questions and then develop use cases over the top. furthermore those use cases need well understood playbooks your analyst need the skills to effectively triage alerts generated from those use cases. do you have a siem someone with the skills to administrate it can that person orchestrate logflows in to the siem evaluate the impact to the network who is your incident responder and who writes the incident response policy who performs vulnerability assessment vulnerability management who handles threat intelligence who conducts tabletop exercises so on so forth. i have built out several security teams feel free to dm if you have any specific questions.,203,1.0,/r/AskNetsec/comments/rx2t74/how_do_i_start_building_the_security_team/hrgw4e3/,asknetsec,1
e35of37,9298b8,t3_9298b8,t3_9298b8,Fcuk-,2018-07-27 22:47:23,1532731643.0,2018,7,2018-07,"That's strange. The company I'm with, and most other decent pentest shops respect the OSCP. It should certainly suffice in at least getting you an interview. Maybe you aren't interviewing well man, but trust me, the OSCP means something in the industry, FAR more than that CEH garbage unless you're going for strictly gov jobs.",that s strange. the company i m with and most other decent pentest shops respect the oscp. it should certainly suffice in at least getting you an interview. maybe you aren t interviewing well man but trust me the oscp means something in the industry far more than that ceh garbage unless you re going for strictly gov jobs.,59,1.0,/r/AskNetsec/comments/9298b8/nobody_cares_about_my_oscp_what_certifications/e35of37/,asknetsec,1
eth2629,cbmy1k,t3_cbmy1k,t3_cbmy1k,KeyNoise8,2019-07-11 00:14:46,1562804086.0,2019,7,2019-07,"Sounds like you need to make your resume better.. Read the book ""Knock 'em Dead"" resumes.. Also try making a website from scratch, on an AWS EC2, setting up the apache server, etc.. You can make website based resume's too.",sounds like you need to make your resume better.. read the book knock em dead resumes.. also try making a website from scratch on an aws ec  setting up the apache server etc.. you can make website based resume s too.,41,3.0,/r/AskNetsec/comments/cbmy1k/in_a_desperate_situation_right_now_looking_for/eth2629/,asknetsec,2
hzczs46,t6mnja,t3_t6mnja,t3_t6mnja,Vyceron,2022-03-04 20:19:40,1646425180.0,2022,3,2022-03,"Think of it like this.  If you already knew everything in your new job, you made a bad career move.",think of it like this. if you already knew everything in your new job you made a bad career move.,20,6.0,/r/AskNetsec/comments/t6mnja/dealing_with_impostor_syndrome/hzczs46/,asknetsec,2
fa8s9gl,e7ks7o,t3_e7ks7o,t3_e7ks7o,tester_of_pens,2019-12-09 01:04:36,1575853476.0,2019,12,2019-12,"I let people rest whenever they want. Without counting against vacation time if applicable. You want to loaf about for a few hours, or a day or so, only getting small tasks done here and there? Want to sit back and play some games to blow off steam? Fine. You're productive enough that it levels out, so I don't care.

You want to take some time off? Frustrated and want to slam something? Seriously, go take a fucking break. I'd rather have consistent employees who will get things done without having a destructive workload that causes them to burn out and quit. I know you'll get that work done later and that you'll be happier taking some time.

Work for a company with a laid back manager who knows and trusts you'll get the work done and you'll have a better time managing burnout.

I've seen some managers go straight off the deep-end trying to force people in a 0% unemployment industry to work like slaves, or telling them up-front that they don't trust them and they have to work for the trust. Um... good luck. Those teams don't last very long and these managers develop an extremely bad reputation, such that nobody will work for them.

For me personally, I take mandated breaks and work in cycles. And I give it in return.",i let people rest whenever they want. without counting against vacation time if applicable. you want to loaf about for a few hours or a day or so only getting small tasks done here and there want to sit back and play some games to blow off steam fine. you re productive enough that it levels out so i don t care. you want to take some time off frustrated and want to slam something seriously go take a fucking break. i d rather have consistent employees who will get things done without having a destructive workload that causes them to burn out and quit. i know you ll get that work done later and that you ll be happier taking some time. work for a company with a laid back manager who knows and trusts you ll get the work done and you ll have a better time managing burnout. i ve seen some managers go straight off the deep end trying to force people in a   unemployment industry to work like slaves or telling them up front that they don t trust them and they have to work for the trust. um... good luck. those teams don t last very long and these managers develop an extremely bad reputation such that nobody will work for them. for me personally i take mandated breaks and work in cycles. and i give it in return.,235,2.0,/r/AskNetsec/comments/e7ks7o/how_do_you_prevent_burnout_in_competitive/fa8s9gl/,asknetsec,2
exmmfqn,ctmldn,t3_ctmldn,t3_ctmldn,0rion3,2019-08-22 00:52:56,1566435176.0,2019,8,2019-08,"Emphatically,  **No**,  do not give up.


Edit: Experience as a system admin is a big plus in security and many employers have zero idea what kind of specialist they need. If they are looking for certs, take them.  Most of what certs cover, you may have a fair understanding of already. I listened to a podcast recently featuring an NSA recruiter (I can’t remember the podcast for the life of me, possibly Down The Rabbit Hole?). The guy talked about recruiting system admins almost exclusively over kids trained in security.  He was spot on and If I find the podcast I’ll send it to you.


Edit: Podcast episode 

Dtsr episode #353 Ira Winkler on Point",emphatically no do not give up. edit: experience as a system admin is a big plus in security and many employers have zero idea what kind of specialist they need. if they are looking for certs take them. most of what certs cover you may have a fair understanding of already. i listened to a podcast recently featuring an nsa recruiter . the guy talked about recruiting system admins almost exclusively over kids trained in security. he was spot on and if i find the podcast i ll send it to you. edit: podcast episode dtsr episode     ira winkler on point,101,2.0,/r/AskNetsec/comments/ctmldn/should_i_give_up_on_chasing_a_career_in_infosec/exmmfqn/,asknetsec,2
of62abd,1sgmqat,t3_1sgmqat,t3_1sgmqat,pure-xx,2026-04-09 11:24:10,1775733850.0,2026,4,2026-04,"I think you have to offload some work to the asset / app owners of the vulnerable system. And only offer support if requested, otherwise the owner are responsible to just patch…",i think you have to offload some work to the asset   app owners of the vulnerable system. and only offer support if requested otherwise the owner are responsible to just patch,31,23.0,/r/AskNetsec/comments/1sgmqat/how_to_prioritize_40000_vulnerabilities_when/of62abd/,asknetsec,2
j5los1w,10i94pw,t3_10i94pw,t3_10i94pw,subsonic68,2023-01-23 22:00:51,1674511251.0,2023,1,2023-01,"If you're looking for training on evasion, I'm currently taking the Offensive Security PEN-300 course for the OSEP cert and it's really good. I'm learning a lot from it. It's changed my mind about learning C# which I've avoided but now think is really good and I want to learn more. One nice thing about C# programming is that Linux has really good support for it in .Net Core 6 so you can run your tools on Linux or Windows. One programming language for any system.

Of course you'll prob want to have the OSCP cert before OSEP, if you don't already have it.

It sounds to me like you're getting bored. Level up on your knowledge and certs and find a job at a larger consulting firm and you'll be challenged and learning and get that spark back. I never want to be the ""smartest person in the room"" and always want to work somewhere where I can learn from others.

Edited to add: Your employer should look into ""Assumed Breach"" engagements where you're given access to a system and testing starts there. No matter how good defenses are, some will always get through. With assumed breach engagements, you're testing if someone were to bypass defenses, how far can they penetrate into the network, and can the defense detect them.",if you re looking for training on evasion i m currently taking the offensive security pen     course for the osep cert and it s really good. i m learning a lot from it. it s changed my mind about learning cwhich i ve avoided but now think is really good and i want to learn more. one nice thing about cprogramming is that linux has really good support for it in .net core   so you can run your tools on linux or windows. one programming language for any system. of course you ll prob want to have the oscp cert before osep if you don t already have it. it sounds to me like you re getting bored. level up on your knowledge and certs and find a job at a larger consulting firm and you ll be challenged and learning and get that spark back. i never want to be the smartest person in the room and always want to work somewhere where i can learn from others. edited to add: your employer should look into assumed breach engagements where you re given access to a system and testing starts there. no matter how good defenses are some will always get through. with assumed breach engagements you re testing if someone were to bypass defenses how far can they penetrate into the network and can the defense detect them.,230,5.0,/r/AskNetsec/comments/10i94pw/frustrated_pentester/j5los1w/,asknetsec,2
e1tunbz,8w94mf,t3_8w94mf,t3_8w94mf,PolarBill,2018-07-05 12:51:04,1530795064.0,2018,7,2018-07,"Giving my 2 cents from the US. But I believe many of it might still apply. First I agree with /r/futurespice that pigeonholing yourself in to pentesting might not be the best career path for you. It is a commodity because every person who hears security wants to get into pentesting. I'm not saying you shouldn't learn how pentesting works or try going down that path, but leave your options open. there are a lot of other security positions out there. Some might touch upon your knowledge of law, you went into it with some interest at some point.

I believe there is a chance your view of a jobs needing a BS/MS degree might be skewed as I would expect all lawyer positions would require it. IT and IT security can be different, especially since IT degrees are new. CS is not Security nor IT, even though I feel both should know how to do some scripting/programming.

Considering you're using a new account and I dont know exactly where you are, I would suggest at looking into the following places for local groups. At worse they can tell you what employers are requiring. At best they'll give you a more detailed response around IT career choices, help mentor your, and help place you in a position. Meetup.com is big in the US and has local meetings for all types of topics. Suggested search topics include: security, infosec, defcon, azure, aws, computers, linux, vmware, I think you get the idea. Securitybsides.com is a community run security conference, and there are hundreds around the world. Look for Hackerspaces/makerspaces near you, you'll find a number of IT and security people. Also check out https://defcongroups.org/dcpages.html to see if there is a local defcon group.",giving my   cents from the us. but i believe many of it might still apply. first i agree with   subreddit that pigeonholing yourself in to pentesting might not be the best career path for you. it is a commodity because every person who hears security wants to get into pentesting. i m not saying you shouldn t learn how pentesting works or try going down that path but leave your options open. there are a lot of other security positions out there. some might touch upon your knowledge of law you went into it with some interest at some point. i believe there is a chance your view of a jobs needing a bs ms degree might be skewed as i would expect all lawyer positions would require it. it and it security can be different especially since it degrees are new. cs is not security nor it even though i feel both should know how to do some scripting programming. considering you re using a new account and i dont know exactly where you are i would suggest at looking into the following places for local groups. at worse they can tell you what employers are requiring. at best they ll give you a more detailed response around it career choices help mentor your and help place you in a position. meetup.com is big in the us and has local meetings for all types of topics. suggested search topics include: security infosec defcon azure aws computers linux vmware i think you get the idea. securitybsides.com is a community run security conference and there are hundreds around the world. look for hackerspaces makerspaces near you you ll find a number of it and security people. also check out url to see if there is a local defcon group.,298,1.0,/r/AskNetsec/comments/8w94mf/from_law_school_to_netsec_eu/e1tunbz/,asknetsec,2
eifr5yr,b0ndav,t3_b0ndav,t3_b0ndav,dorkycool,2019-03-13 15:55:43,1552492543.0,2019,3,2019-03,"I think in many cases the grass is greener. I just had a coworker leave to a seemingly much better situation and she told me, ""the grass is just less brown"", so it's all relative. 

That said, if you feel like you're being really overworked, and underpaid, then there is nothing at all wrong with interviewing and checking the market. Many times there are benefits you aren't considering with your own job, maybe commute, flexibility, etc, but that's up to you to weigh and see how it balances against future options. 

If you're going to compare to someone like a Sr pentester, consider that even if they only bill 9-5 hours, they could very well be putting in many hours a week keeping on top of their craft. I had a coworker that joked once that I was leaving early every day. I get to work hours before them and had did a late upgrade that went well into the night, but they didn't see that. ",i think in many cases the grass is greener. i just had a coworker leave to a seemingly much better situation and she told me the grass is just less brown so it s all relative. that said if you feel like you re being really overworked and underpaid then there is nothing at all wrong with interviewing and checking the market. many times there are benefits you aren t considering with your own job maybe commute flexibility etc but that s up to you to weigh and see how it balances against future options. if you re going to compare to someone like a sr pentester consider that even if they only bill     hours they could very well be putting in many hours a week keeping on top of their craft. i had a coworker that joked once that i was leaving early every day. i get to work hours before them and had did a late upgrade that went well into the night but they didn t see that.,171,2.0,/r/AskNetsec/comments/b0ndav/what_does_your_day_look_like/eifr5yr/,asknetsec,2
el9xbn1,berxjx,t3_berxjx,t3_berxjx,QuickArtichoke0,2019-04-19 15:56:49,1555689409.0,2019,4,2019-04,"> Majority of pentesters are juniors (0-2 years) (Like a machine of pentesting for shitty micro-managers with their excel).

Pen test puppy mill",majority of pentesters are juniors . pen test puppy mill,10,3.0,/r/AskNetsec/comments/berxjx/junior_pentesters_hows_it_going_for_you/el9xbn1/,asknetsec,2
o1wu6xf,1qnvgkg,t3_1qnvgkg,t3_1qnvgkg,AskNetsec-ModTeam,2026-01-26 22:55:48,1769468148.0,2026,1,2026-01,"This sub is reserved for network/server/information security questions.  Asking questions about  home computer or phone being hacked involve too many details.

This includes clicking suspicious links/emails, your phone/computer acting weird, or if you believe you are being cyber stalked.

To keep yourself safe, change your passwords (do not reuse passwords), enable 2FA, install a virus scanner, and use a password manager (/r/passwordmanagers).",this sub is reserved for network serve subreddit security questions. asking questions about home computer or phone being hacked involve too many details. this includes clicking suspicious links emails your phone computer acting weird or if you believe you are being cyber stalked. to keep yourself safe change your passwords enable  fa install a virus scanner and use a password manager .,62,1.0,/r/AskNetsec/comments/1qnvgkg/drive_by_download_from_sketchy_site_and_trojan/o1wu6xf/,asknetsec,2
j5fnems,10i94pw,t3_10i94pw,t3_10i94pw,Space_Goblin_Yoda,2023-01-22 17:56:02,1674410162.0,2023,1,2023-01,"Lots of good responses here and altogether a great read.

A simple answer - for me, Python.

I'm not writing organic code line by line when I can import modules in Python and cut the time in half. There's also a lot of code on the net where I can hack up what I need and make it work. 

Just my .02",lots of good responses here and altogether a great read. a simple answer   for me python. i m not writing organic code line by line when i can import modules in python and cut the time in half. there s also a lot of code on the net where i can hack up what i need and make it work. just my .  ,63,4.0,/r/AskNetsec/comments/10i94pw/frustrated_pentester/j5fnems/,asknetsec,2
e1to4y4,8w94mf,t3_8w94mf,t3_8w94mf,futurespice,2018-07-05 09:46:11,1530783971.0,2018,7,2018-07,"That kind of background can be very handy both for less technical parts of infosec as well as the more practical stuff around data privacy  - so maybe look at those options, unless your heart is really set on penetration testing (which is a comodity market in Europe anyway, I would not recommend it).  I do know several people with a similar background who ended up in security.

I would finish the Masters either way.",that kind of background can be very handy both for less technical parts of infosec as well as the more practical stuff around data privacy   so maybe look at those options unless your heart is really set on penetration testing . i do know several people with a similar background who ended up in security. i would finish the masters either way.,62,3.0,/r/AskNetsec/comments/8w94mf/from_law_school_to_netsec_eu/e1to4y4/,asknetsec,2
o8sugcp,1rl503x,t3_1rl503x,t3_1rl503x,StenEikrem,2026-03-05 16:16:20,1772727380.0,2026,3,2026-03,"First, take a breath. You're not failing. You've inherited a broken process with no ownership model, and you're being asked to run it solo. That's a resourcing and governance problem, not a you problem.

A few things from having built vulnerability management into a programme across 40+ manufacturing sites:

The pushback you're getting from other teams is the core problem, and no amount of automation fixes it. If teams haven't agreed that they own remediation of vulnerabilities on their assets, auto-assigning tickets to them just creates a different flavour of conflict. They'll ignore the tickets, push back harder, or escalate against you.

It also sounds like nobody has done the upfront work of selling this internally. Vulnerability management in an enterprise needs a security leader, your CISO or equivalent, presenting the business case to stakeholders before anything lands on operational teams. That means metrics framed in business terms, not raw QID counts. Vulnerability exposure per business area, per site, mapped to business risk. When a CISO can walk into a leadership meeting and show which parts of the business carry the most unresolved risk, the conversation shifts from 'why is cybersecurity dumping tickets on us' to 'we need to deal with this'.

Before you touch any automation, the scope, frequency, and volume of tickets needs to be negotiated with the receiving teams. What gets assigned, how often, and how much. If you're pushing hundreds of criticals and highs to a team that hasn't budgeted time for remediation, you'll get exactly the pushback you're experiencing. This goes double if any of those services are managed by outsourced suppliers. Assigning vulnerability tickets to a third party can trigger SLA and contract discussions that go well beyond your remit. If the sourcing contracts don't include security remediation requirements, that's a gap your manager or CISO needs to address at contract level. Worth raising, but that's a whole separate thread.

Once those conversations have happened, then the process work makes sense. Route tickets in ServiceNow based on asset ownership in the CMDB. Build dashboards showing ageing, SLA compliance, and remediation rates per team and business area. Your role shifts from manually assigning tickets to reporting on risk and holding teams accountable to the agreements they've made. That's the 'leadership on VM' your manager is asking for.

On being the only one: document the current state in numbers. How many critical and high findings per month, how many hours you spend on manual assignment, what the remediation backlog looks like. Present that to your manager as a capacity problem, not a complaint. If leadership still won't resource it after seeing the data, you've at least put the risk on record in writing.

On prioritisation: criticals and highs with confirmed exploits on internet-facing or business-critical systems. That's your first filter. Lows and mediums go into a backlog you review quarterly. Don't spend time on a medium finding on an isolated internal system when you have unpatched criticals on something customer-facing.

The automation and the AI question come after the governance question. Fix who owns what, get stakeholder buy-in, negotiate scope with the teams who'll do the work, then build the process around that. Otherwise you're just automating chaos.",first take a breath. you re not failing. you ve inherited a broken process with no ownership model and you re being asked to run it solo. that s a resourcing and governance problem not a you problem. a few things from having built vulnerability management into a programme across    manufacturing sites: the pushback you re getting from other teams is the core problem and no amount of automation fixes it. if teams haven t agreed that they own remediation of vulnerabilities on their assets auto assigning tickets to them just creates a different flavour of conflict. they ll ignore the tickets push back harder or escalate against you. it also sounds like nobody has done the upfront work of selling this internally. vulnerability management in an enterprise needs a security leader your ciso or equivalent presenting the business case to stakeholders before anything lands on operational teams. that means metrics framed in business terms not raw qid counts. vulnerability exposure per business area per site mapped to business risk. when a ciso can walk into a leadership meeting and show which parts of the business carry the most unresolved risk the conversation shifts from why is cybersecurity dumping tickets on us to we need to deal with this . before you touch any automation the scope frequency and volume of tickets needs to be negotiated with the receiving teams. what gets assigned how often and how much. if you re pushing hundreds of criticals and highs to a team that hasn t budgeted time for remediation you ll get exactly the pushback you re experiencing. this goes double if any of those services are managed by outsourced suppliers. assigning vulnerability tickets to a third party can trigger sla and contract discussions that go well beyond your remit. if the sourcing contracts don t include security remediation requirements that s a gap your manager or ciso needs to address at contract level. worth raising but that s a whole separate thread. once those conversations have happened then the process work makes sense. route tickets in servicenow based on asset ownership in the cmdb. build dashboards showing ageing sla compliance and remediation rates per team and business area. your role shifts from manually assigning tickets to reporting on risk and holding teams accountable to the agreements they ve made. that s the leadership on vm your manager is asking for. on being the only one: document the current state in numbers. how many critical and high findings per month how many hours you spend on manual assignment what the remediation backlog looks like. present that to your manager as a capacity problem not a complaint. if leadership still won t resource it after seeing the data you ve at least put the risk on record in writing. on prioritisation: criticals and highs with confirmed exploits on internet facing or business critical systems. that s your first filter. lows and mediums go into a backlog you review quarterly. don t spend time on a medium finding on an isolated internal system when you have unpatched criticals on something customer facing. the automation and the ai question come after the governance question. fix who owns what get stakeholder buy in negotiate scope with the teams who ll do the work then build the process around that. otherwise you re just automating chaos.,559,1.0,/r/AskNetsec/comments/1rl503x/vulnerability_management_one_man_show_is_it/o8sugcp/,asknetsec,2
epn5i28,bv1m2p,t3_bv1m2p,t3_bv1m2p,darkmooninfosec,2019-05-31 16:55:59,1559321759.0,2019,5,2019-05,"I'm also in a situation where I have to constantly perform task which I have no training or former experience. Why is this so common?

&#x200B;

What I recommend is looking for options and learning as much as you can. Performing administrative tasks always looks good on a resume",i m also in a situation where i have to constantly perform task which i have no training or former experience. why is this so common x   b what i recommend is looking for options and learning as much as you can. performing administrative tasks always looks good on a resume,51,1.0,/r/AskNetsec/comments/bv1m2p/i_feel_like_im_drowning/epn5i28/,asknetsec,2
famjbql,e9wztg,t3_e9wztg,t3_e9wztg,[deleted],2019-12-13 02:47:20,1576205240.0,2019,12,2019-12,I didn’t read most of this but I can assure you that the money is rarely better than decent.,i didn t read most of this but i can assure you that the money is rarely better than decent.,20,1.0,/r/AskNetsec/comments/e9wztg/23_year_old_in_it_looking_for_a_career_advice/famjbql/,asknetsec,2
o8pvvrq,1rl503x,t3_1rl503x,t3_1rl503x,Jon-allday,2026-03-05 03:33:08,1772681588.0,2026,3,2026-03,"The Qualys part of this scenario is the easy part. What you need is a better way to get the vulns remediated, because assigning tickets per vuln sounds like a nightmare. We use Ivanti to ingest our Qualys results, which is then scored based on other risk factors (available malware, poc’s, exposure, asset criticality, etc) and it also ingests our inventory and assigns ownership. so each team can look and see all their assets. Then you have SLA’s for the remediation. X days for critical, Y days for highs, etc and now you can monitor which teams are remediating their vulns and who isn’t. ",the qualys part of this scenario is the easy part. what you need is a better way to get the vulns remediated because assigning tickets per vuln sounds like a nightmare. we use ivanti to ingest our qualys results which is then scored based on other risk factors and it also ingests our inventory and assigns ownership. so each team can look and see all their assets. then you have sla s for the remediation. x days for critical y days for highs etc and now you can monitor which teams are remediating their vulns and who isn t.,99,1.0,/r/AskNetsec/comments/1rl503x/vulnerability_management_one_man_show_is_it/o8pvvrq/,asknetsec,2
e3gop6d,93xfpr,t3_93xfpr,t3_93xfpr,unhappy_consultant,2018-08-02 08:48:00,1533199680.0,2018,8,2018-08,"I feel you so much. I am struggling with the exact same issue(s), in a very small company in a country near you. 

ad 1) You are unhappy right now. This needs change, either change your mind-set or your job.

ad 2) I consider bug hunting as an option, though I have no clue if I will not suck at it. I have a system engineering background and I am quite good with bufferoverflows all more or less irrelevant in bug bounties.

ad 3) What about secuirty engineering? This is what I consider strongly for myself. It is infosec. Where my soul and heart is. You won't have the time to find the big big bugs, but you at least can help fix them and implement measures and stuff around them.   


I recently talked to people living off of bug bounties, bootstrapping their own business, but it is hard work and a struggle.  


I would consider looking for some companies that are not pentesting-puppy-mills.

OP you do not know how much I feel your struggle.",i feel you so much. i am struggling with the exact same issue in a very small company in a country near you. ad   you are unhappy right now. this needs change either change your mind set or your job. ad   i consider bug hunting as an option though i have no clue if i will not suck at it. i have a system engineering background and i am quite good with bufferoverflows all more or less irrelevant in bug bounties. ad   what about secuirty engineering this is what i consider strongly for myself. it is infosec. where my soul and heart is. you won t have the time to find the big big bugs but you at least can help fix them and implement measures and stuff around them. i recently talked to people living off of bug bounties bootstrapping their own business but it is hard work and a struggle. i would consider looking for some companies that are not pentesting puppy mills. op you do not know how much i feel your struggle.,176,5.0,/r/AskNetsec/comments/93xfpr/advice_needed_currently_questioning_my_carrer/e3gop6d/,asknetsec,2
duicy9z,7yq5ai,t3_7yq5ai,t3_7yq5ai,SeventeenOhSeven,2018-02-19 21:21:45,1519075305.0,2018,2,2018-02,"I'd take Iowa. Big soulless tech company will work you to the point that that you'll never have the opportunity (or even desire) to go and enjoy that art and culture. With the bank job you won't have as much going on outside of work, that may be true. You will have time and space to skill build and advance professionally. Then you can get the city job that *won't* work you to the bone. ",i d take iowa. big soulless tech company will work you to the point that that you ll never have the opportunity to go and enjoy that art and culture. with the bank job you won t have as much going on outside of work that may be true. you will have time and space to skill build and advance professionally. then you can get the city job that won t work you to the bone.,76,5.0,/r/AskNetsec/comments/7yq5ai/job_offer_help/duicy9z/,asknetsec,2
el8512m,berxjx,t3_berxjx,t3_berxjx,Dwest2391,2019-04-18 23:11:42,1555629102.0,2019,4,2019-04,Shit I'm trying to get a junior pen testing role in the states lol,shit i m trying to get a junior pen testing role in the states lol,15,1.0,/r/AskNetsec/comments/berxjx/junior_pentesters_hows_it_going_for_you/el8512m/,asknetsec,2
duilj72,7yq5ai,t3_7yq5ai,t3_7yq5ai,Forthewolf_x,2018-02-19 23:49:38,1519084178.0,2018,2,2018-02,How can you already write off Florida based on the interview process? You might really like it. HR is not always indicative of what the job is like.,how can you already write off florida based on the interview process you might really like it. hr is not always indicative of what the job is like.,28,1.0,/r/AskNetsec/comments/7yq5ai/job_offer_help/duilj72/,asknetsec,2
epk8kcl,bv1m2p,t3_bv1m2p,t3_bv1m2p,wowneatlookatthat,2019-05-31 02:33:12,1559269992.0,2019,5,2019-05,"...they expect a junior engineer, with only knowledge from their master's, to replace a senior director? What the fuck company is this?",...they expect a junior engineer with only knowledge from their master s to replace a senior director what the fuck company is this,23,31.0,/r/AskNetsec/comments/bv1m2p/i_feel_like_im_drowning/epk8kcl/,asknetsec,2
hz1m5vm,t4dh32,t3_t4dh32,t3_t4dh32,Tech_Adam,2022-03-02 13:07:39,1646226459.0,2022,3,2022-03,"it depends on how its managed.. as First Line of Defence traditional infosec functions (hardening, IAM, encryption management, Security Monitoring etc) can be done by IT, but there should still be a Second Line of Defence for oversight to make sure IT are performing their duties, and a Third Line of Defence for external assurance.. but market is booming if it doesnt feel right make the jump to a better org :)",it depends on how its managed.. as first line of defence traditional infosec functions can be done by it but there should still be a second line of defence for oversight to make sure it are performing their duties and a third line of defence for external assurance.. but market is booming if it doesnt feel right make the jump to a better org :,65,1.0,/r/AskNetsec/comments/t4dh32/entire_infosec_team_replaced_by_it_team/hz1m5vm/,asknetsec,2
fm1vzmj,fsjjod,t3_fsjjod,t3_fsjjod,Sololoquor,2020-03-31 20:20:02,1585686002.0,2020,3,2020-03,"You say you don't care if you work on a helpdesk yet have already worked as a security analyst and spend your spare time doing HTB, are you sure you don't care where you end up? I would have thought you'd be dying to move into a more senior analyst or even junior pen tester type role, anything that gets you closer to that area. No?

When you don't get these jobs are you asking for feedback each time and noting it down, are you trying to 'correct' the mistake the next time around? You should be making a list and working out any of those pointers.",you say you don t care if you work on a helpdesk yet have already worked as a security analyst and spend your spare time doing htb are you sure you don t care where you end up i would have thought you d be dying to move into a more senior analyst or even junior pen tester type role anything that gets you closer to that area. no when you don t get these jobs are you asking for feedback each time and noting it down are you trying to correct the mistake the next time around you should be making a list and working out any of those pointers.,111,2.0,/r/AskNetsec/comments/fsjjod/i_am_a_junior_security_analyst_struggling_to_get/fm1vzmj/,asknetsec,2
kzqztin,1c4ypfx,t3_1c4ypfx,t3_1c4ypfx,AskNetsec-ModTeam,2024-04-15 22:38:28,1713220708.0,2024,4,2024-04,"r/AskNetsec is more focused on technical questions. That means that questions related to career advice, what cert to get, school work, how to get started, etc, should be posted to places like: r/SecurityCareerAdvice, /r/NetSecStudents, /r/ITCareerQuestions, etc. This post is being removed for violating Rule #2  as stated in our [Rules & Guidelines](https://reddit.com/r/asknetsec/about/rules).",subreddit is more focused on technical questions. that means that questions related to career advice what cert to get school work how to get started etc should be posted to places like: subreddit   subreddit   subreddit etc. this post is being removed for violating rule   as stated in our url,49,1.0,/r/AskNetsec/comments/1c4ypfx/quit_detection_engineer_job_after_4_months_should/kzqztin/,asknetsec,2
ef0m38k,ajx1cw,t3_ajx1cw,t3_ajx1cw,turnthatshitupb,2019-01-26 14:52:06,1548514326.0,2019,1,2019-01,"This is what the real world is like. Finding a job/internship can be a job in itself. You have to understand that companies HAVE to interview people and HAVE to post jobs/internships. A lot of times they already have an internal candidate already getting the position but they are required to interview and go through the motions so don't be surprised when you nail the interviews and make it to the end and don't get the position. 

The hardest part of IT is getting your first job, in my opinion. It's great that you are going to the conferences and etc, but employers don't care that you are going to them, they want to see work experience. 

Keep learning your craft and keep applying. If you are physically going to school, try applying to work in the IT department.

I recently had a meeting with the SVP of Information Security within my company to see what he looks for in Security Analyst. I asked about the Sec+ and he flat out said he wouldn't even consider someone with the sec+. For my path (security architect) he mentioned getting my ccna as a starting point so that way I can articulate how packet capturing and other functions of the network operate which leads into securing the network. 

Like it has been mentioned, figure out what sector of security you want to get into and start building your knowledge and skill-set. ",this is what the real world is like. finding a job internship can be a job in itself. you have to understand that companies have to interview people and have to post jobs internships. a lot of times they already have an internal candidate already getting the position but they are required to interview and go through the motions so don t be surprised when you nail the interviews and make it to the end and don t get the position. the hardest part of it is getting your first job in my opinion. it s great that you are going to the conferences and etc but employers don t care that you are going to them they want to see work experience. keep learning your craft and keep applying. if you are physically going to school try applying to work in the it department. i recently had a meeting with the svp of information security within my company to see what he looks for in security analyst. i asked about the sec and he flat out said he wouldn t even consider someone with the sec . for my path he mentioned getting my ccna as a starting point so that way i can articulate how packet capturing and other functions of the network operate which leads into securing the network. like it has been mentioned figure out what sector of security you want to get into and start building your knowledge and skill set.,246,1.0,/r/AskNetsec/comments/ajx1cw/the_first_job_is_the_hardest/ef0m38k/,asknetsec,2
fm22f0i,fsjjod,t3_fsjjod,t3_fsjjod,ATACSFG,2020-03-31 21:16:20,1585689380.0,2020,3,2020-03,"Shotgun your resume to every job available that has to do with security roles you're interested in, eventually you'll get something. I have my S+ making close to 50k doing noc/soc type work. The jobs are out there, keep applying and don't give up.",shotgun your resume to every job available that has to do with security roles you re interested in eventually you ll get something. i have my s making close to   k doing noc soc type work. the jobs are out there keep applying and don t give up.,48,2.0,/r/AskNetsec/comments/fsjjod/i_am_a_junior_security_analyst_struggling_to_get/fm22f0i/,asknetsec,2
fm1xsyp,fsjjod,t3_fsjjod,t3_fsjjod,thesmokingman666,2020-03-31 20:35:46,1585686946.0,2020,3,2020-03,I mean ... high school and two certs is a little light in the educational background. why not at least consider higher education?,i mean ... high school and two certs is a little light in the educational background. why not at least consider higher education,23,10.0,/r/AskNetsec/comments/fsjjod/i_am_a_junior_security_analyst_struggling_to_get/fm1xsyp/,asknetsec,2
dstpqk6,7r2l56,t3_7r2l56,t3_7r2l56,subsonic68,2018-01-17 17:44:44,1516211084.0,2018,1,2018-01,"What specifically do you do? Maybe you need a change of scenery. I used to be a sysadmin/engineer and then security engineer and appsec specialist before getting into pentesting. Now I have a different client environment every week, the work is interesting, and I love what I do. ",what specifically do you do maybe you need a change of scenery. i used to be a sysadmin engineer and then security engineer and appsec specialist before getting into pentesting. now i have a different client environment every week the work is interesting and i love what i do.,49,7.0,/r/AskNetsec/comments/7r2l56/anyone_else_want_to_leave_the_security_field/dstpqk6/,asknetsec,2
e0db420,8ppvqo,t3_8ppvqo,t3_8ppvqo,Hornswoggler1,2018-06-09 05:11:31,1528521091.0,2018,6,2018-06,"Pentesting is fun but when I look at salary surveys, I'll admit it's a bit disappointing. Would you consider it for the ""fun"" (technical work) or as a career next step? ",pentesting is fun but when i look at salary surveys i ll admit it s a bit disappointing. would you consider it for the fun or as a career next step,31,2.0,/r/AskNetsec/comments/8ppvqo/leave_my_job_to_work_as_a_pen_tester_for_23_of_my/e0db420/,asknetsec,2
e0d4yq6,8ppvqo,t3_8ppvqo,t3_8ppvqo,westleyb,2018-06-09 03:01:51,1528513311.0,2018,6,2018-06,"No way.  You like your current management, peers, and environment.  If you list out you pros and cons for each position, from what I read, you are happy. Plus if the pen testing company wants you, the would find a way to pay more.  Stay where you are, but don’t burn any bridges.",no way. you like your current management peers and environment. if you list out you pros and cons for each position from what i read you are happy. plus if the pen testing company wants you the would find a way to pay more. stay where you are but don t burn any bridges.,54,55.0,/r/AskNetsec/comments/8ppvqo/leave_my_job_to_work_as_a_pen_tester_for_23_of_my/e0d4yq6/,asknetsec,2
e7s65wb,9o82pn,t3_9o82pn,t3_9o82pn,mo_jo,2018-10-15 01:19:28,1539566368.0,2018,10,2018-10,"Yes, it will impact you if you want to become a manager at some point.  It may also impact you if you want to work at a more mature company.  Both often require bachelor’s degrees (PLUS certs) as candidate filters, and I’m starting to see master’s degrees pop up here and there now.  YMMV, but probably less so with management positions.",yes it will impact you if you want to become a manager at some point. it may also impact you if you want to work at a more mature company. both often require bachelor s degrees as candidate filters and i m starting to see master s degrees pop up here and there now. ymmv but probably less so with management positions.,62,3.0,/r/AskNetsec/comments/9o82pn/i_am_dropping_out/e7s65wb/,asknetsec,2
hzg7trc,t6mnja,t3_t6mnja,t3_t6mnja,neurobx7653,2022-03-05 13:39:16,1646487556.0,2022,3,2022-03,"Just an FYI, This is sort of the opposite of imposter syndrome. It loosely means you doubt your abilities and feel like a fraud. That you find it difficult accepting your accomplishments. This sounds like you got a great job and just have some more to learn and grow within your career. Congratulations on your job and hope you get a lot out of it knowledge wise.",just an fyi this is sort of the opposite of imposter syndrome. it loosely means you doubt your abilities and feel like a fraud. that you find it difficult accepting your accomplishments. this sounds like you got a great job and just have some more to learn and grow within your career. congratulations on your job and hope you get a lot out of it knowledge wise.,67,2.0,/r/AskNetsec/comments/t6mnja/dealing_with_impostor_syndrome/hzg7trc/,asknetsec,2
el91957,berxjx,t3_berxjx,t3_berxjx,Icynovel,2019-04-19 07:17:13,1555658233.0,2019,4,2019-04,"damn son, i whish i could land a job like you did... but atleast you did university.. 

i also work in Europe.. as een IT-engineer been working in IT for 7 years now... 

and altough i know my way around, i got a job offered as an IT-Operator, which is great but still not what i want

and that's to become a pentester... 

but also i don't have time enough to spend on security etc... but i try... 

i don't even have ocsp or osce, still learning but he don't make enough money to invest in myself aswell and those courses are expensive!",damn son i whish i could land a job like you did... but atleast you did university.. i also work in europe.. as een it engineer been working in it for   years now... and altough i know my way around i got a job offered as an it operator which is great but still not what i want and that s to become a pentester... but also i don t have time enough to spend on security etc... but i try... i don t even have ocsp or osce still learning but he don t make enough money to invest in myself aswell and those courses are expensive,108,1.0,/r/AskNetsec/comments/berxjx/junior_pentesters_hows_it_going_for_you/el91957/,asknetsec,2
oapottw,1rl503x,t3_1rl503x,t3_1rl503x,PrincipleActive9230,2026-03-16 07:55:26,1773647726.0,2026,3,2026-03,"Well, If you are drowning in manual work, Minimus can automate most of that and give you a dashboard so you still see what is critical. Don't waste hours on ticket shuffling if you can avoid it.",well if you are drowning in manual work minimus can automate most of that and give you a dashboard so you still see what is critical. don t waste hours on ticket shuffling if you can avoid it.,38,1.0,/r/AskNetsec/comments/1rl503x/vulnerability_management_one_man_show_is_it/oapottw/,asknetsec,2
j6prj6f,10q3l3j,t3_10q3l3j,t3_10q3l3j,No-Marketing5003,2023-02-01 00:52:01,1675212721.0,2023,2,2023-02,Do not pay for sans out of your own pocket. They are ridiculously expensive to acquire and maintain. They are not worth your hard earned money.,do not pay for sans out of your own pocket. they are ridiculously expensive to acquire and maintain. they are not worth your hard earned money.,26,4.0,/r/AskNetsec/comments/10q3l3j/paying_for_grem_out_of_pocket/j6prj6f/,asknetsec,2
hyxuhov,t4dh32,t3_t4dh32,t3_t4dh32,aries1500,2022-03-01 18:08:28,1646158108.0,2022,3,2022-03,"Most companies realize its cheaper to get insurance and act like security isn't a thing, why? because everyone makes more bonuses when you don't invest in security, and there are zero consequences.",most companies realize its cheaper to get insurance and act like security isn t a thing why because everyone makes more bonuses when you don t invest in security and there are zero consequences.,34,46.0,/r/AskNetsec/comments/t4dh32/entire_infosec_team_replaced_by_it_team/hyxuhov/,asknetsec,2
dsu0lgq,7r2l56,t3_7r2l56,t3_7r2l56,secretsquirrelz,2018-01-17 20:36:07,1516221367.0,2018,1,2018-01,"It might just be your current employer/enterprise? A Positional thing? Do you enjoy less management, and being more technical?

I recently started working as a consultant for a State Agency, mostly federal & state compliance... but the work is rewarding in that I'm helping shape a better security posture. If they had been already up to snuff on everything, this would have been a very boring/unfulfilling job.",it might just be your current employe subreddit a positional thing do you enjoy less management and being more technical i recently started working as a consultant for a state agency mostly federal state compliance... but the work is rewarding in that i m helping shape a better security posture. if they had been already up to snuff on everything this would have been a very boring unfulfilling job.,69,4.0,/r/AskNetsec/comments/7r2l56/anyone_else_want_to_leave_the_security_field/dsu0lgq/,asknetsec,2
du3mj8p,7wt4lu,t3_7wt4lu,t3_7wt4lu,LeetHackerKid,2018-02-11 22:43:44,1518389024.0,2018,2,2018-02,You should have done computer science as a major and cyber security as a minor. I don't know about you but it seems pretty fun to be where you are rn.,you should have done computer science as a major and cyber security as a minor. i don t know about you but it seems pretty fun to be where you are rn.,32,1.0,/r/AskNetsec/comments/7wt4lu/barely_getting_into_netsecinfosec_and_not_even/du3mj8p/,asknetsec,2
kg48nl0,18v7wn5,t3_18v7wn5,t3_18v7wn5,Mumbles76,2024-01-03 12:23:40,1704284620.0,2024,1,2024-01,"I'd say security sales engineering. If you love to talk to people and help solve problems, that's where these two items converge pretty well.",i d say security sales engineering. if you love to talk to people and help solve problems that s where these two items converge pretty well.,26,1.0,/r/AskNetsec/comments/18v7wn5/whats_next_after_soc_work/kg48nl0/,asknetsec,2
of6hqwq,1sgmqat,t3_1sgmqat,t3_1sgmqat,JulietSecurity,2026-04-09 12:55:04,1775739304.0,2026,4,2026-04,"the KEV + outside-in advice in this thread is solid but i think the core issue you're hitting is that severity scores don't tell you anything about what happens after exploitation. you've got 8-10k critical/highs and no way to tell which ones actually matter because the score treats every instance of the same CVE identically regardless of where it sits.

a critical RCE on an internet-facing service with access to your database is obviously not the same as the same CVE on an internal test box with no network connectivity. but your scanner scores them the same and now they're both competing for your team's attention.

what actually helped us cut through this was mapping what each vulnerable asset can reach. not just ""is it internet facing"" but what does it talk to, what creds does it have, what's the actual blast radius if someone pops it. once you have that context you stop triaging by severity and start triaging by impact, and suddenly 8000 highs turns into like 200 that actually need urgent attention.

the dedup problem is real too. we had the same thing where different scanners would flag the same underlying issue 3 different ways. until we solved that, our numbers were basically meaningless and leadership questions about ""are we reducing risk"" were unanswerable because we couldn't even agree on what the real count was.",the kev outside in advice in this thread is solid but i think the core issue you re hitting is that severity scores don t tell you anything about what happens after exploitation. you ve got     k critical highs and no way to tell which ones actually matter because the score treats every instance of the same cve identically regardless of where it sits. a critical rce on an internet facing service with access to your database is obviously not the same as the same cve on an internal test box with no network connectivity. but your scanner scores them the same and now they re both competing for your team s attention. what actually helped us cut through this was mapping what each vulnerable asset can reach. not just is it internet facing but what does it talk to what creds does it have what s the actual blast radius if someone pops it. once you have that context you stop triaging by severity and start triaging by impact and suddenly      highs turns into like     that actually need urgent attention. the dedup problem is real too. we had the same thing where different scanners would flag the same underlying issue   different ways. until we solved that our numbers were basically meaningless and leadership questions about are we reducing risk were unanswerable because we couldn t even agree on what the real count was.,234,1.0,/r/AskNetsec/comments/1sgmqat/how_to_prioritize_40000_vulnerabilities_when/of6hqwq/,asknetsec,2
du48k19,7wt4lu,t3_7wt4lu,t3_7wt4lu,UnixSystem,2018-02-12 06:44:47,1518417887.0,2018,2,2018-02,"It's hard to give any advice if you don't mention what you like about security, i.e. why you chose a security major. Working at a SOC is just one of many options and there may be something out there that aligns more with your interests.",it s hard to give any advice if you don t mention what you like about security i.e. why you chose a security major. working at a soc is just one of many options and there may be something out there that aligns more with your interests.,47,1.0,/r/AskNetsec/comments/7wt4lu/barely_getting_into_netsecinfosec_and_not_even/du48k19/,asknetsec,2
dsts14q,7r2l56,t3_7r2l56,t3_7r2l56,rom3ocrash,2018-01-17 18:20:54,1516213254.0,2018,1,2018-01,"Depends by where are you working, consulting may be a good idea, you encounter different clients. Sometimes some of them are better than others. And of course you need to emprove and go further every day. If you are doing the same every day without some personal challenges the work bust become frustrating ",depends by where are you working consulting may be a good idea you encounter different clients. sometimes some of them are better than others. and of course you need to emprove and go further every day. if you are doing the same every day without some personal challenges the work bust become frustrating,53,2.0,/r/AskNetsec/comments/7r2l56/anyone_else_want_to_leave_the_security_field/dsts14q/,asknetsec,2
du9hhaf,7xlgqf,t3_7xlgqf,t3_7xlgqf,napalm22,2018-02-15 00:45:54,1518655554.0,2018,2,2018-02,"Everyone has a past - and also a private present that is nobody's business but their own..I don't know what field you are going into, but times have changed a lot in many, and I feel might be ok (if not a little red in the face) if someone was to connect the dots.


This sounds like a scam - extortion really. The people you contacted are bad people, and they won't do the right thing even if you give them money.


Let's talk about the screen sharing element of it, I would assume now that your device (laptop or desktop computer that you were using) is now compromised - they had access to your computer and could possibly regain that access. 
Here's what you need to do - right now.
 First, ideally from another device, change all your passwords to everything (priorities email - banking - social - other) - make them all different and long and WRITE THEM ALL DOWN on a big A4 paper. You can find random password generator online if you want. Aim for at least 12 characters, 17 is better (we'll talk about password management like ""LastPass"" later)

Then, with the computer that you already used - I'd reccomend you reformat (clear the drive and start again fresh. If you really don't want to do this skip a bit) First, grab your photos, music, whatever you have on there and either put them on a USB or something like Dropbox.  Important note - grab those files carefully - don't just copy the whole C drive, as any bad stuff might persist later. Then, depending on if you have a Mac or windows computer, follow the instructions to reset/reformat the device. You can also find these online, but it's really not so difficult once you have your stuff backed up. 

Then, once the computer is back and you have a fresh slate (or, if you wanted to skip that part) is to start ""hardening"" your new setup. Let's install Google Chrome, and install an extension/add-on called ublock origin. It's an add-on that blocks all kind of nasties in your browser. 
Then, let's install a FREE antivirus (don't listen to people who say you don't need it - in this case you do) I reccomend Sophos, as it works well on Mac. Don't let them trick you into getting anything other than the free version, and make sure you get it from their official website, not somewhere like cnet or download dot com (dodgy).
Let's now log back into things using your new passwords, get steam or iTunes back up and running, sign into chrome (without using an old password). Run a sophos scan on your USB with the backup, then you can bring that stuff back.

In the next week or so, look into LastPass to manage your shiny new secure passwords. 

And don't let the bad guys get to you - weather the storm and come out clean!",everyone has a past   and also a private present that is nobody s business but their own..i don t know what field you are going into but times have changed a lot in many and i feel might be ok if someone was to connect the dots. this sounds like a scam   extortion really. the people you contacted are bad people and they won t do the right thing even if you give them money. let s talk about the screen sharing element of it i would assume now that your device is now compromised   they had access to your computer and could possibly regain that access. here s what you need to do   right now. first ideally from another device change all your passwords to everything   make them all different and long and write them all down on a big a  paper. you can find random password generator online if you want. aim for at least    characters    is better then with the computer that you already used   i d reccomend you reformat first grab your photos music whatever you have on there and either put them on a usb or something like dropbox. important note   grab those files carefully   don t just copy the whole c drive as any bad stuff might persist later. then depending on if you have a mac or windows computer follow the instructions to reset reformat the device. you can also find these online but it s really not so difficult once you have your stuff backed up. then once the computer is back and you have a fresh slate is to start hardening your new setup. let s install google chrome and install an extension add on called ublock origin. it s an add on that blocks all kind of nasties in your browser. then let s install a free antivirus i reccomend sophos as it works well on mac. don t let them trick you into getting anything other than the free version and make sure you get it from their official website not somewhere like cnet or download dot com . let s now log back into things using your new passwords get steam or itunes back up and running sign into chrome . run a sophos scan on your usb with the backup then you can bring that stuff back. in the next week or so look into lastpass to manage your shiny new secure passwords. and don t let the bad guys get to you   weather the storm and come out clean,423,6.0,/r/AskNetsec/comments/7xlgqf/emergency_camgirl_porn_circulating_around_need/du9hhaf/,asknetsec,3
e0jm9ky,8qij7e,t3_8qij7e,t3_8qij7e,PineappleBoots,2018-06-12 14:56:44,1528815404.0,2018,6,2018-06,"I have OCD, my fiancee works in mental health, and i'm heading toward the OSCP.     
This was a great post for a lot reason and very poignant. Keep on keeping on. ",i have ocd my fiancee works in mental health and i m heading toward the oscp. this was a great post for a lot reason and very poignant. keep on keeping on.,32,6.0,/r/AskNetsec/comments/8qij7e/oscp_how_it_convinced_me_to_get_help/e0jm9ky/,asknetsec,3
hll99vg,qz12qq,t3_qz12qq,t3_qz12qq,Lummutis,2021-11-22 02:26:20,1637547980.0,2021,11,2021-11,"To be completely honest, it sounds like you work in a very good organization but you don't have professional maturity or perhaps mentorship to make the most of it. 

\> Even though I do my best and work meticulously on this task, it takes me maybe half a day because there is just so much I can do.

Are you sure? A pentest of a moderately complex web application may take weeks. This may incorporate source code review to gain a better understanding of the underlying business logic. It may incorporate looking at authentication processes, SSO implementation, samples of authorization tokens to evaluate entropy and encoded values. For COTS applications, this may involve reverse engineering binaries or firmware updates to find bugs. And this is really just scratching the surface. There is a whole stack of abstraction that can be full of bugs in code or configuration. 

It sounds like you have a good situation, to the point of being spoiled, and you just don't have the maturity or guidance to best use yourself.",to be completely honest it sounds like you work in a very good organization but you don t have professional maturity or perhaps mentorship to make the most of it. even though i do my best and work meticulously on this task it takes me maybe half a day because there is just so much i can do. are you sure a pentest of a moderately complex web application may take weeks. this may incorporate source code review to gain a better understanding of the underlying business logic. it may incorporate looking at authentication processes sso implementation samples of authorization tokens to evaluate entropy and encoded values. for cots applications this may involve reverse engineering binaries or firmware updates to find bugs. and this is really just scratching the surface. there is a whole stack of abstraction that can be full of bugs in code or configuration. it sounds like you have a good situation to the point of being spoiled and you just don t have the maturity or guidance to best use yourself.,175,9.0,/r/AskNetsec/comments/qz12qq/boredom_at_it_security_job/hll99vg/,asknetsec,3
ex43q8v,craf4t,t3_craf4t,t3_craf4t,cents02,2019-08-16 23:21:14,1565997674.0,2019,8,2019-08,"Honestly if you want to invest  in this sector you probably will have to give up much of your spare time or other hobbies. If you will start doing research then you are going to spend *alot* of time inform of the computer from 4 hours to even 16. In cybersecurity if you are not passionate about it you will burn out soon enough.

Also you should focus first on the degree than anything because it's important for later on. You shouldn't really focus on reading everything like news,blogs or write ups now but rather set a goal, e.g. I want to analyse a malware sample or I want to know how to pwn this machine and do it every weekend or so. If you start small you will eventually understand how to manage your time more effectively.",honestly if you want to invest in this sector you probably will have to give up much of your spare time or other hobbies. if you will start doing research then you are going to spend alot of time inform of the computer from   hours to even   . in cybersecurity if you are not passionate about it you will burn out soon enough. also you should focus first on the degree than anything because it s important for later on. you shouldn t really focus on reading everything like news blogs or write ups now but rather set a goal e.g. i want to analyse a malware sample or i want to know how to pwn this machine and do it every weekend or so. if you start small you will eventually understand how to manage your time more effectively.,140,3.0,/r/AskNetsec/comments/craf4t/how_do_you_manage_your_time_in_this_career_field/ex43q8v/,asknetsec,3
hadzl7u,pbl468,t3_pbl468,t3_pbl468,ITDrumm3r,2021-08-26 04:56:45,1629953805.0,2021,8,2021-08,"I find it interesting that we all feel the same way at one point another in our career. Most of us care about securing our environments to the point of burn out. My IT dept just had to absorb 2M in budget cut to the budget with 4 months to go in the year. Short handed and can’t afford more hands. Drives you crazy but we stay and take it on the chin. Why do we take it so personal? And why aren’t we appreciated more?  Oh well, another day another grind.",i find it interesting that we all feel the same way at one point another in our career. most of us care about securing our environments to the point of burn out. my it dept just had to absorb  m in budget cut to the budget with   months to go in the year. short handed and can t afford more hands. drives you crazy but we stay and take it on the chin. why do we take it so personal and why aren t we appreciated more oh well another day another grind.,93,2.0,/r/AskNetsec/comments/pbl468/cybersecurity_burnout_is_it_just_me/hadzl7u/,asknetsec,3
du9pn93,7xlgqf,t3_7xlgqf,t3_7xlgqf,Spicesquatch,2018-02-15 03:23:39,1518665019.0,2018,2,2018-02,"Once it is out on the internet it is out there forever. Copyright infringement is probably your only real method to get it taken down thanks to the good ol' DMCA. Would advise removing those tattoos as soon as you can so the next time it pops up, and it **will** pop up again, you can just say the lady bears a striking resemblance to you but is not actually you because you don't have the tattoos.",once it is out on the internet it is out there forever. copyright infringement is probably your only real method to get it taken down thanks to the good ol dmca. would advise removing those tattoos as soon as you can so the next time it pops up and it will pop up again you can just say the lady bears a striking resemblance to you but is not actually you because you don t have the tattoos.,78,1.0,/r/AskNetsec/comments/7xlgqf/emergency_camgirl_porn_circulating_around_need/du9pn93/,asknetsec,3
du9dvg3,7xlgqf,t3_7xlgqf,t3_7xlgqf,Barkey922,2018-02-14 23:37:04,1518651424.0,2018,2,2018-02,"You're being extorted by scammers who have connected the camgirl footage to the actual person (you).

On the one hand they did not turn off your firewall, you should be fine there, though screen sharing was a mistake. You can contact whatever outlets it is hosted on and tell them to take it down, and that's about the best you can do.

Once it's out there, it's out there, so there isn't much you can do about it. All you can really do is stonewall them and keep reporting it when you find out about it to try and get those sites to take it down. They'll move on to easier pickings when they realize you aren't going to pay them.",you re being extorted by scammers who have connected the camgirl footage to the actual person . on the one hand they did not turn off your firewall you should be fine there though screen sharing was a mistake. you can contact whatever outlets it is hosted on and tell them to take it down and that s about the best you can do. once it s out there it s out there so there isn t much you can do about it. all you can really do is stonewall them and keep reporting it when you find out about it to try and get those sites to take it down. they ll move on to easier pickings when they realize you aren t going to pay them.,128,3.0,/r/AskNetsec/comments/7xlgqf/emergency_camgirl_porn_circulating_around_need/du9dvg3/,asknetsec,3
egvuuwe,asma3t,t3_asma3t,t3_asma3t,Uscuba2_18,2019-02-20 16:07:15,1550678835.0,2019,2,2019-02,"Haa, sound very similar to where I am at now except I am not in retail.  like you, I come from the security consulting space and my first internal role.

While trying to get my head around the landscape, I noted that weekly  vulnerability scans and pen tests yearly  were being performed, which is great. However, none of the high/critical findings (of which there are hundreds of thousands) 
 Unfortunately, I found that everything in the internal environment had been built and  security considerations  are an after thought From applications to infrastructure, 99% of BASIC security best practices had been completely ignored. The definition of a hacker’s playground.

Unlike you, I am ready to run since I am told change happens very very slowly. There is  no policy or procedures documented, 60 days to  patch critical. I am seriously thinking of  going back  to my old company and going in DFIR.  


",haa sound very similar to where i am at now except i am not in retail. like you i come from the security consulting space and my first internal role. while trying to get my head around the landscape i noted that weekly vulnerability scans and pen tests yearly were being performed which is great. however none of the high critical findings unfortunately i found that everything in the internal environment had been built and security considerations are an after thought from applications to infrastructure    of basic security best practices had been completely ignored. the definition of a hacker s playground. unlike you i am ready to run since i am told change happens very very slowly. there is no policy or procedures documented    days to patch critical. i am seriously thinking of going back to my old company and going in dfir.,143,1.0,/r/AskNetsec/comments/asma3t/the_struggles_of_a_new_security_manager/egvuuwe/,asknetsec,3
ex3wcob,craf4t,t3_craf4t,t3_craf4t,testiclelice,2019-08-16 22:02:34,1565992954.0,2019,8,2019-08,"Welcome to the most powerful skill you will need to develop:  how to prioritize your time and resources.

First off, no organization you work at will have the time or the resources to adequately address every issue. It's impossible and a fantastic waste or resources.  If you do have all the time and resources you need, there is probably some other division of the business suffering needlessly.

So now YOU have two things you need to accomplish.  You need to determine which are the skills and abilities you need to develop which will provide the greatest amount of value.  Its really tricky  because often its not whats super sexy.

One example: our least (technically) skilled person on our IT is a goddamn master of instruction and explanation. He can stand in front of a group of folks and explain and teach them processes and procedures they can live with an follow.

So while we have other folks who ""know more"" his ability is of tremendous value because he can get folks to comply and follow through with best practices because he's a masterful instructor and born diplomat.

So he creates incredible value to the institution and he isn't trying to chase down every cert possible or dickhammer every CTF like a boss. It becomes easy or tempting for others to devalue his skill because he's the least tech proficient, but make no mistake, he offers incredible value and people realize that.

There are minimum thresholds you need to achieve in your discipline so don't ignore those but you are going to have to explore and have the self awareness to realize where you do and don't add value regardless of the latest whims in the industry. 

Sidebar: he was a piano lessons instructor in undergrad.",welcome to the most powerful skill you will need to develop: how to prioritize your time and resources. first off no organization you work at will have the time or the resources to adequately address every issue. it s impossible and a fantastic waste or resources. if you do have all the time and resources you need there is probably some other division of the business suffering needlessly. so now you have two things you need to accomplish. you need to determine which are the skills and abilities you need to develop which will provide the greatest amount of value. its really tricky because often its not whats super sexy. one example: our least skilled person on our it is a goddamn master of instruction and explanation. he can stand in front of a group of folks and explain and teach them processes and procedures they can live with an follow. so while we have other folks who know more his ability is of tremendous value because he can get folks to comply and follow through with best practices because he s a masterful instructor and born diplomat. so he creates incredible value to the institution and he isn t trying to chase down every cert possible or dickhammer every ctf like a boss. it becomes easy or tempting for others to devalue his skill because he s the least tech proficient but make no mistake he offers incredible value and people realize that. there are minimum thresholds you need to achieve in your discipline so don t ignore those but you are going to have to explore and have the self awareness to realize where you do and don t add value regardless of the latest whims in the industry. sidebar: he was a piano lessons instructor in undergrad.,300,4.0,/r/AskNetsec/comments/craf4t/how_do_you_manage_your_time_in_this_career_field/ex3wcob/,asknetsec,3
eo1iomy,bq5xkh,t3_bq5xkh,t3_bq5xkh,ge0n1,2019-05-18 17:20:01,1558200001.0,2019,5,2019-05,You should get a job as a dev or admin while expressing interest in security. Then seize the opportunity when it comes along. A lot of companies dont know they need infosec until some regulation hits them.,you should get a job as a dev or admin while expressing interest in security. then seize the opportunity when it comes along. a lot of companies dont know they need infosec until some regulation hits them.,37,3.0,/r/AskNetsec/comments/bq5xkh/feeling_like_crap_due_to_rejections/eo1iomy/,asknetsec,3
eo877bm,bq5xkh,t3_bq5xkh,t3_bq5xkh,voicesinmyhand,2019-05-20 13:34:58,1558359298.0,2019,5,2019-05,"Weird. Recruiters won't stop spamming me so I had to modify the junkfilter on my email to get them to shut up.  I can't imagine that my resume is meaningfully greater than yours - I'm a bit older with more experience and certs, but not in any way where someone would be like ""whoa!""

Perhaps your issue is one of marketing.",weird. recruiters won t stop spamming me so i had to modify the junkfilter on my email to get them to shut up. i can t imagine that my resume is meaningfully greater than yours   i m a bit older with more experience and certs but not in any way where someone would be like whoa perhaps your issue is one of marketing.,63,1.0,/r/AskNetsec/comments/bq5xkh/feeling_like_crap_due_to_rejections/eo877bm/,asknetsec,3
hlkpy20,qz12qq,t3_qz12qq,t3_qz12qq,MudKing123,2021-11-21 23:56:02,1637538962.0,2021,11,2021-11,"Be careful what you wish for. I’m a sys admin with mad skills. My company needs me at almost every step. But that also means I’m the only guy that can fix shit when it breaks. 

You sound like you need to prove your worth. Everyone goes through that stage. I’ve passed that stage and now I just want a boring stress free job to stack money with",be careful what you wish for. i m a sys admin with mad skills. my company needs me at almost every step. but that also means i m the only guy that can fix shit when it breaks. you sound like you need to prove your worth. everyone goes through that stage. i ve passed that stage and now i just want a boring stress free job to stack money with,71,7.0,/r/AskNetsec/comments/qz12qq/boredom_at_it_security_job/hlkpy20/,asknetsec,3
egvvgqh,asma3t,t3_asma3t,t3_asma3t,Grugrewgrue-ish,2019-02-20 16:14:19,1550679259.0,2019,2,2019-02,"Start handing out your CV, there is nothing you can do for a company with an unwilling CISO.  Ultimately a hack will occur, the CEO will ask what happened, the CISO will hire a pen test company to find out, the results will be reported to the CEO, the CEO will demand a fall guy to make stockholders happy, the CISO will discover your documentation and claim ""ah, you KNEW and didn't do anything about it""  and you, CISO underling, will take the fall.  Been there.  Done that.

&#x200B;

Retail is on the downslide, they are looking to cut funding everywhere they can including using floor staff for online fulfillment. Security budget is at the top of the cut list.",start handing out your cv there is nothing you can do for a company with an unwilling ciso. ultimately a hack will occur the ceo will ask what happened the ciso will hire a pen test company to find out the results will be reported to the ceo the ceo will demand a fall guy to make stockholders happy the ciso will discover your documentation and claim ah you knew and didn t do anything about it and you ciso underling will take the fall. been there. done that. x   b retail is on the downslide they are looking to cut funding everywhere they can including using floor staff for online fulfillment. security budget is at the top of the cut list.,122,1.0,/r/AskNetsec/comments/asma3t/the_struggles_of_a_new_security_manager/egvvgqh/,asknetsec,3
iuw62h5,ykriuh,t3_ykriuh,t3_ykriuh,dookie1481,2022-11-03 13:44:46,1667483086.0,2022,11,2022-11,This stuff is the worst part of the industry. Move over to the offensive side and you generally have less of this.,this stuff is the worst part of the industry. move over to the offensive side and you generally have less of this.,22,7.0,/r/AskNetsec/comments/ykriuh/is_there_any_infosec_job_i_wont_hate/iuw62h5/,asknetsec,3
e0jp153,8qij7e,t3_8qij7e,t3_8qij7e,Daddu_tum,2018-06-12 15:36:48,1528817808.0,2018,6,2018-06,"I remember reading your old oscp thread, and thinking, darm this guy is doing something wrong( probably in buffer overflow). 
I also remember showing this to a friend and explaining how this exam might not be an accurate measure of real time skills. If I 

I am so glad that you got help and from finally cleared oscp. Congrats bro. ",i remember reading your old oscp thread and thinking darm this guy is doing something wrong. i also remember showing this to a friend and explaining how this exam might not be an accurate measure of real time skills. if i i am so glad that you got help and from finally cleared oscp. congrats bro.,56,2.0,/r/AskNetsec/comments/8qij7e/oscp_how_it_convinced_me_to_get_help/e0jp153/,asknetsec,3
du96agf,7xlgqf,t3_7xlgqf,t3_7xlgqf,microsuck,2018-02-14 21:29:34,1518643774.0,2018,2,2018-02,"That sounds more like extortion.  Your best approach would probably be to contact a lawyer.  Almost every major city has a BAR association where you can get a consultation (very reduced rate, say $20 ish) with a law firm that specializes in your need.",that sounds more like extortion. your best approach would probably be to contact a lawyer. almost every major city has a bar association where you can get a consultation with a law firm that specializes in your need.,38,16.0,/r/AskNetsec/comments/7xlgqf/emergency_camgirl_porn_circulating_around_need/du96agf/,asknetsec,3
e122l22,8srtpw,t3_8srtpw,t3_8srtpw,doctor_faggot_md,2018-06-21 16:46:51,1529599611.0,2018,6,2018-06,You need a Threat Intelligence Platform. There are have free and paid available options,you need a threat intelligence platform. there are have free and paid available options,14,1.0,/r/AskNetsec/comments/8srtpw/soc_analysts_what_is_your_team_using_to_aggregate/e122l22/,asknetsec,3
e0jfwnl,8qij7e,t3_8qij7e,t3_8qij7e,LonerVamp,2018-06-12 13:12:32,1528809152.0,2018,6,2018-06,"I just want to say congratulations, both on the pass, but also on your journey to self-improvement. I hope your story helps others as well! :)",i just want to say congratulations both on the pass but also on your journey to self improvement. i hope your story helps others as well :,27,10.0,/r/AskNetsec/comments/8qij7e/oscp_how_it_convinced_me_to_get_help/e0jfwnl/,asknetsec,3
ej68fix,b4du2t,t3_b4du2t,t3_b4du2t,masixx,2019-03-23 03:58:28,1553313508.0,2019,3,2019-03,Just to make sure: you're running containers on bare metal and making them accessible over WAN?,just to make sure: you re running containers on bare metal and making them accessible over wan,17,2.0,/r/AskNetsec/comments/b4du2t/linux_security_what_is_needed_what_is_too_much_i/ej68fix/,asknetsec,3
egvsbfh,asma3t,t3_asma3t,t3_asma3t,vikrambedi,2019-02-20 15:37:05,1550677025.0,2019,2,2019-02,"This is such a gut punch the first time.  Sadly, it's not at all an uncommon scenario, though you maybe have one of the worse variations.

&#x200B;

Some things to consider are that 1) you are a likely candidate for sacrifice in the event of a public incident.  If you document your situation \*super well\* you maybe will take your CISO down with you, but it's unlikely that you keep your job.  If you do keep your job, you probably won't want it. You'll have a ton of resources dumped on your head, and when you don't have immediate solutions to 90% of the problems they'll say ""wtf, we gave you everything you wanted, and you still can't do anything"".  This does not sound like an org that will understand a measured security strategy, or culture shift, or anything but ""we dumped a truckload of money on your head, why are you squishy and bleeding instead of happy?""

&#x200B;

2) From the outside it can be hard to tell a bad org from a bad security person.  If I interview you right now, seeing you come from consulting to internal, then immediately jump, I can't really tell the situation.  Lot's of consultants can't hack actually working on a long term, incremental problem.  Not to mention working with business rather than swooping in, delivering their report/deliverable, then swooping out and leaving mayhem in their wake.  Some aren't that good at working with people for extended periods.  

&#x200B;

So that's the balance.  If you have a solid enough resume to overcome 2), I'd seriously look at moving quickly away from the org.  Like contact your recruiters and tell them that you want to be placed in the next few months.  If you don't though, start tracking your metrics and give yourself a 1 year timer.  Pick some areas that you have some control over, and make measurable impact.  Document \*everything\* else, advise on the risk for all the other shit, but don't push or waste cycles.  Pick your 1 year goals and achieve them mercilessly.  That way as you are approaching 1 year you'll have solid achievements to show, less of an explanation owed as to why you are moving so soon, and generally a better chance of escaping up.  

&#x200B;

If you just run to the first place that you can find now, you're likely to wind up doing some damage to your career.  If you can hold out for a short time \*and get lucky\*, this can be a decent stepping stone and good experience.",this is such a gut punch the first time. sadly it s not at all an uncommon scenario though you maybe have one of the worse variations. x   b some things to consider are that   you are a likely candidate for sacrifice in the event of a public incident. if you document your situation super well you maybe will take your ciso down with you but it s unlikely that you keep your job. if you do keep your job you probably won t want it. you ll have a ton of resources dumped on your head and when you don t have immediate solutions to    of the problems they ll say wtf we gave you everything you wanted and you still can t do anything . this does not sound like an org that will understand a measured security strategy or culture shift or anything but we dumped a truckload of money on your head why are you squishy and bleeding instead of happy x   b   from the outside it can be hard to tell a bad org from a bad security person. if i interview you right now seeing you come from consulting to internal then immediately jump i can t really tell the situation. lot s of consultants can t hack actually working on a long term incremental problem. not to mention working with business rather than swooping in delivering their report deliverable then swooping out and leaving mayhem in their wake. some aren t that good at working with people for extended periods. x   b so that s the balance. if you have a solid enough resume to overcome   i d seriously look at moving quickly away from the org. like contact your recruiters and tell them that you want to be placed in the next few months. if you don t though start tracking your metrics and give yourself a   year timer. pick some areas that you have some control over and make measurable impact. document everything else advise on the risk for all the other shit but don t push or waste cycles. pick your   year goals and achieve them mercilessly. that way as you are approaching   year you ll have solid achievements to show less of an explanation owed as to why you are moving so soon and generally a better chance of escaping up. x   b if you just run to the first place that you can find now you re likely to wind up doing some damage to your career. if you can hold out for a short time and get lucky this can be a decent stepping stone and good experience.,441,1.0,/r/AskNetsec/comments/asma3t/the_struggles_of_a_new_security_manager/egvsbfh/,asknetsec,3
hlk4min,qz12qq,t3_qz12qq,t3_qz12qq,an-anarchist,2021-11-21 21:21:24,1637529684.0,2021,11,2021-11,"Man, I just pentest everything at work whether they ask for it or not. Raise a incidence every time, when the owner wants to deal with it or not, as write up the risk. This is for just random stuff I come across.",man i just pentest everything at work whether they ask for it or not. raise a incidence every time when the owner wants to deal with it or not as write up the risk. this is for just random stuff i come across.,43,-4.0,/r/AskNetsec/comments/qz12qq/boredom_at_it_security_job/hlk4min/,asknetsec,3
fibae64,f7h3kq,t3_f7h3kq,t3_f7h3kq,NMI_INT,2020-02-21 20:44:15,1582317855.0,2020,2,2020-02,"All I can say is, what the actual f\*ck. 2500 end users and you're doing all that? You're beyond overworked. I can't say the comp is good or bad for Austin. Some of the items you mentioned belong in the director/CISO bucket.  Sounds like you're doing at least 2 jobs.

FWIW, I work for an MDR company and our service would cover a number of those items. (i.e. threat hunting, EDR, scanning, security hygiene scoring, vCISO)",all i can say is what the actual f ck.      end users and you re doing all that you re beyond overworked. i can t say the comp is good or bad for austin. some of the items you mentioned belong in the directo subreddit bucket. sounds like you re doing at least   jobs. fwiw i work for an mdr company and our service would cover a number of those items.,71,15.0,/r/AskNetsec/comments/f7h3kq/am_i_being_spread_too_thin_for_too_little/fibae64/,asknetsec,3
haf0s6m,pbl468,t3_pbl468,t3_pbl468,ktsoupysoup,2021-08-26 12:36:51,1629981411.0,2021,8,2021-08,"I feel the same way, although don’t have the same years of experience. I’m currently wearing many hats, diving into vuln management, o365, email security, soar, dlp, edr, and siem. Mainly right now it’s just configuring the sec tools and tuning. I really want to go into a more specific field within Cybersecurity and have a focus. But maybe become a farmer.",i feel the same way although don t have the same years of experience. i m currently wearing many hats diving into vuln management o    email security soar dlp edr and siem. mainly right now it s just configuring the sec tools and tuning. i really want to go into a more specific field within cybersecurity and have a focus. but maybe become a farmer.,65,2.0,/r/AskNetsec/comments/pbl468/cybersecurity_burnout_is_it_just_me/haf0s6m/,asknetsec,3
dzzubxc,8nwdq2,t3_8nwdq2,t3_8nwdq2,aughlord,2018-06-02 14:58:38,1527951518.0,2018,6,2018-06,"Consider moving towards application architecture, especially for cloud/container/CD/server\-less stuff.

I moved to that field and due scarcity and being on a business center \(vs. cost center\) I have a decent life.

There will be crazy weeks due how companies still handle projects and I will have to fight people to stop security laziness, but security is a great place to grow but not to live \(as an old geezer\).

Edit: Iirc app security architecture is also an option, which is well rewarded, but I am unaware if they are just well paid slaves.",consider moving towards application architecture especially for cloud containe subreddit  server  less stuff. i moved to that field and due scarcity and being on a business center i have a decent life. there will be crazy weeks due how companies still handle projects and i will have to fight people to stop security laziness but security is a great place to grow but not to live . edit: iirc app security architecture is also an option which is well rewarded but i am unaware if they are just well paid slaves.,91,1.0,/r/AskNetsec/comments/8nwdq2/dealing_with_burnout/dzzubxc/,asknetsec,3
nqitnlk,1p5e4p9,t3_1p5e4p9,t3_1p5e4p9,AskNetsec-ModTeam,2025-11-24 13:00:54,1763989254.0,2025,11,2025-11,"r/AskNetsec is a community built to help. Posting blogs or linking tools with no extra information does not further out cause. If you know of a blog or tool that can help give context or personal experience along with the link. This is being removed due to violation of Rule # 7 as stated in our [Rules & Guidelines](https://reddit.com/r/asknetsec/about/rules).

No self promotion.",subreddit is a community built to help. posting blogs or linking tools with no extra information does not further out cause. if you know of a blog or tool that can help give context or personal experience along with the link. this is being removed due to violation of rule   as stated in our url no self promotion.,58,1.0,/r/AskNetsec/comments/1p5e4p9/the_multicloud_visibility_chasm_are_we_just/nqitnlk/,asknetsec,3
fic17fb,f7h3kq,t3_f7h3kq,t3_f7h3kq,golucky1,2020-02-22 01:31:15,1582335075.0,2020,2,2020-02,"Another Austin security guy here, I ended up in a similar situation a while back.  Talked to the c-level management about being needing both help and a raise.  So they hired me a boss.  Two months later I got a new job and a raise with 1/3 of the responsibility.  Good luck.",another austin security guy here i ended up in a similar situation a while back. talked to the c level management about being needing both help and a raise. so they hired me a boss. two months later i got a new job and a raise with     of the responsibility. good luck.,52,4.0,/r/AskNetsec/comments/f7h3kq/am_i_being_spread_too_thin_for_too_little/fic17fb/,asknetsec,3
egvhq02,asma3t,t3_asma3t,t3_asma3t,FightThaFight,2019-02-20 13:09:03,1550668143.0,2019,2,2019-02,"Unfortunately, this is extremely common. I spoken to so many new CISOs in the last 5 years experiencing the same thing. Whether intentional or ignorance, it’s a major bait and switch. The only thing you can really do is document the hell out of everything, continue to tactfully advocate for what needs to be done, keep a list of your successes (however minor) and start looking for a role where security is not completely discounted by senior leadership.",unfortunately this is extremely common. i spoken to so many new cisos in the last   years experiencing the same thing. whether intentional or ignorance it s a major bait and switch. the only thing you can really do is document the hell out of everything continue to tactfully advocate for what needs to be done keep a list of your successes and start looking for a role where security is not completely discounted by senior leadership.,76,8.0,/r/AskNetsec/comments/asma3t/the_struggles_of_a_new_security_manager/egvhq02/,asknetsec,3
du9cow5,7xlgqf,t3_7xlgqf,t3_7xlgqf,Rikim4ru,2018-02-14 23:15:20,1518650120.0,2018,2,2018-02,"Cease and desist letter is your only real option. But it may not work, like at all. Even more since you lied and probably  already  stipulated that you don't have money ( to pay they fee) to defend yourself in court.

Let's be honest, and your best bet is to change how you look. Change your hair, get some tattoos, switch styles. Your best bet is to change the way this video could be linked to you, right now and in the future.

Best of luck. By the way, why this subreddit?",cease and desist letter is your only real option. but it may not work like at all. even more since you lied and probably already stipulated that you don t have money to defend yourself in court. let s be honest and your best bet is to change how you look. change your hair get some tattoos switch styles. your best bet is to change the way this video could be linked to you right now and in the future. best of luck. by the way why this subreddit,89,3.0,/r/AskNetsec/comments/7xlgqf/emergency_camgirl_porn_circulating_around_need/du9cow5/,asknetsec,3
hlneumz,qz12qq,t3_qz12qq,t3_qz12qq,j1mgg,2021-11-22 15:52:19,1637596339.0,2021,11,2021-11,"You will more than likely have to go and work for a consultants if you want to get into pentesting, most companies are blue, moving to a kind of purple in a lot, but not many will be able to progress a career in pentesting.",you will more than likely have to go and work for a consultants if you want to get into pentesting most companies are blue moving to a kind of purple in a lot but not many will be able to progress a career in pentesting.,45,1.0,/r/AskNetsec/comments/qz12qq/boredom_at_it_security_job/hlneumz/,asknetsec,3
ex3bym2,craf4t,t3_craf4t,t3_craf4t,lawandordercandidate,2019-08-16 19:19:56,1565983196.0,2019,8,2019-08,"I work full time unrelated, and do all my work remotely for CS field.


I put in around 16 hours a day, but until I get my own place/etc it's what I gotta do :)",i work full time unrelated and do all my work remotely for cs field. i put in around    hours a day but until i get my own place etc it s what i gotta do :,36,1.0,/r/AskNetsec/comments/craf4t/how_do_you_manage_your_time_in_this_career_field/ex3bym2/,asknetsec,3
ej6q0jn,b4du2t,t3_b4du2t,t3_b4du2t,IgnanceIsBliss,2019-03-23 10:56:29,1553338589.0,2019,3,2019-03,"Use CIS standards. Set up chef inspect, crest profiles using the CIS guides, run them against your server and fix anything that pops up/fails.",use cis standards. set up chef inspect crest profiles using the cis guides run them against your server and fix anything that pops up fails.,25,3.0,/r/AskNetsec/comments/b4du2t/linux_security_what_is_needed_what_is_too_much_i/ej6q0jn/,asknetsec,3
efbil5g,al7bwk,t3_al7bwk,t3_al7bwk,cerialphreak,2019-01-30 02:02:19,1548813739.0,2019,1,2019-01,"If you don't think university is the right place for you to be right now and have issues with depression I think you should pursue happiness first. If you can return to university later then by all means take a break and focus on your mental health. 

I wish you the best, depression is a serious issue. Good luck!",if you don t think university is the right place for you to be right now and have issues with depression i think you should pursue happiness first. if you can return to university later then by all means take a break and focus on your mental health. i wish you the best depression is a serious issue. good luck,60,8.0,/r/AskNetsec/comments/al7bwk/leave_all_leave_the_tunnel_and_try_to_go_on/efbil5g/,asknetsec,3
ex3hooq,craf4t,t3_craf4t,t3_craf4t,subsonic68,2019-08-16 20:01:50,1565985710.0,2019,8,2019-08,"I can understand being tired and losing focus after a long work day. That’s why I wake up early to get in study and research time. I usually wake up between 4:30 and 5. If that’s too early for you, ask yourself if you’re interested or committed.

Edit to add: working harder won’t help if you’re wasting time. In everything that you do to accomplish your goal, have a roadmap and stick to it, and ask yourself if what you’re doing at the moment is either much needed relaxation or if you’re wasting time on something that’s not on your roadmap. 

Downvoters can hate all they want but I used to be in the same place and that’s how I became successful.",i can understand being tired and losing focus after a long work day. that s why i wake up early to get in study and research time. i usually wake up between  :   and  . if that s too early for you ask yourself if you re interested or committed. edit to add: working harder won t help if you re wasting time. in everything that you do to accomplish your goal have a roadmap and stick to it and ask yourself if what you re doing at the moment is either much needed relaxation or if you re wasting time on something that s not on your roadmap. downvoters can hate all they want but i used to be in the same place and that s how i became successful.,131,-6.0,/r/AskNetsec/comments/craf4t/how_do_you_manage_your_time_in_this_career_field/ex3hooq/,asknetsec,3
hafjiqm,pbl468,t3_pbl468,t3_pbl468,Envyforme,2021-08-26 14:57:32,1629989852.0,2021,8,2021-08,"I was just thinking about this the other day. I have only been in the Infosec field for around 3 years now, and really, really get burned out fast. Attempting to pull away from various tasks and asks often gets an ""eye-rolls"" look from colleagues not in Security, and you get criticized from peers for pushing back. 

I see a lot of people talking about working from home as well being a possible solve. I view this as a short term fix. Sure your life might get more freer, but the same demands, requests, and cultural cyber politics are there. 

What's worse in my opinion? Everyone I talk to not in Cyber has tons of issues. I often get the following: 

* I am X in debt due to college. You didn't need to go to college and got into an awesome company and role. You should be happy.
* IT Professionals are known for working from home. I cannot. You have it easy.
* Companies at Big Tech often continue to treat their employees the best. You have it made.

No one understands the stress we go through, and the verbatim we have to provide stakeholders. It could make or break our jobs, careers, or even something as high as company reputation. 

Due to the above reasons, I am really, really pushing financial independence or being in a situation to be able and take my own sabbatical for a year or two after being in the field for 10-15 years. Mid to late 30s ill be clearing my mind before taking a less demanding role for 10 or more years until I fully retire. The mid-career sabbatical is almost needed.    
I am also in r/financialindependence and r/dividends often looking at ways to make sure I am saving well and continuing to take that sabbatical at any given time, if needed.",i was just thinking about this the other day. i have only been in the infosec field for around   years now and really really get burned out fast. attempting to pull away from various tasks and asks often gets an eye rolls look from colleagues not in security and you get criticized from peers for pushing back. i see a lot of people talking about working from home as well being a possible solve. i view this as a short term fix. sure your life might get more freer but the same demands requests and cultural cyber politics are there. what s worse in my opinion everyone i talk to not in cyber has tons of issues. i often get the following: i am x in debt due to college. you didn t need to go to college and got into an awesome company and role. you should be happy. it professionals are known for working from home. i cannot. you have it easy. companies at big tech often continue to treat their employees the best. you have it made. no one understands the stress we go through and the verbatim we have to provide stakeholders. it could make or break our jobs careers or even something as high as company reputation. due to the above reasons i am really really pushing financial independence or being in a situation to be able and take my own sabbatical for a year or two after being in the field for       years. mid to late   s ill be clearing my mind before taking a less demanding role for    or more years until i fully retire. the mid career sabbatical is almost needed. i am also in subreddit and subreddit often looking at ways to make sure i am saving well and continuing to take that sabbatical at any given time if needed.,309,1.0,/r/AskNetsec/comments/pbl468/cybersecurity_burnout_is_it_just_me/hafjiqm/,asknetsec,3
egv8tcp,asma3t,t3_asma3t,t3_asma3t,redis_help,2019-02-20 09:31:54,1550655114.0,2019,2,2019-02,"Run away.  If they're not going to address reality, they're going to make you the fall guy when reality catches up to them.",run away. if they re not going to address reality they re going to make you the fall guy when reality catches up to them.,25,91.0,/r/AskNetsec/comments/asma3t/the_struggles_of_a_new_security_manager/egv8tcp/,asknetsec,3
dzz6wph,8nwdq2,t3_8nwdq2,t3_8nwdq2,secranter,2018-06-02 03:15:51,1527909351.0,2018,6,2018-06,"This is something that happens with pentesting, especially at puppy mills doing 3-5 engagements at a time. Any company that has you on more than one engagement is a puppy mill. 

How do I deal with it? Well, I jump ship and find another company. Which I'm doing now. If I'm at a company that allows movement to another position, I will do that. ",this is something that happens with pentesting especially at puppy mills doing     engagements at a time. any company that has you on more than one engagement is a puppy mill. how do i deal with it well i jump ship and find another company. which i m doing now. if i m at a company that allows movement to another position i will do that.,65,2.0,/r/AskNetsec/comments/8nwdq2/dealing_with_burnout/dzz6wph/,asknetsec,3
iuxc2fq,ykriuh,t3_ykriuh,t3_ykriuh,Kashish_17,2022-11-03 18:20:48,1667499648.0,2022,11,2022-11,">Is there any info security career path I might not hate? For example, consulting ?

Consulting will only make it worse.",is there any info security career path i might not hate for example consulting consulting will only make it worse.,20,1.0,/r/AskNetsec/comments/ykriuh/is_there_any_infosec_job_i_wont_hate/iuxc2fq/,asknetsec,3
egviqys,asma3t,t3_asma3t,t3_asma3t,geekamongus,2019-02-20 13:26:21,1550669181.0,2019,2,2019-02,"So long as you are happy with your salary, it sounds like you have a choice:

Accept the challenge in front of you or move along to something else.

What you are facing isn't unusual, so if you do go somewhere else, you may find yourself in the same boat.",so long as you are happy with your salary it sounds like you have a choice: accept the challenge in front of you or move along to something else. what you are facing isn t unusual so if you do go somewhere else you may find yourself in the same boat.,51,2.0,/r/AskNetsec/comments/asma3t/the_struggles_of_a_new_security_manager/egviqys/,asknetsec,3
egvbg9w,asma3t,t3_asma3t,t3_asma3t,MrS4nds,2019-02-20 10:49:38,1550659778.0,2019,2,2019-02,"If you really want to stay, try to find people who can help you. Security champions go a long way in that regard. Ask for a security champion in each team where you want to have some influence. You shouldn’t encounter too much resistance, given you are not spending any money. You are just organising people. Management is also part of your Job Description, right? Just be mindful to find people who like security or want to learn more about it.

The security champions may help you to fix quick wins. Issues that don’t take long to fix and still can help to improve the organisation’s security posture. However, anything bigger than that you will need C-level management support. If you don’t have that,  you won’t go very far unfortunately.",if you really want to stay try to find people who can help you. security champions go a long way in that regard. ask for a security champion in each team where you want to have some influence. you shouldn t encounter too much resistance given you are not spending any money. you are just organising people. management is also part of your job description right just be mindful to find people who like security or want to learn more about it. the security champions may help you to fix quick wins. issues that don t take long to fix and still can help to improve the organisation s security posture. however anything bigger than that you will need c level management support. if you don t have that you won t go very far unfortunately.,136,9.0,/r/AskNetsec/comments/asma3t/the_struggles_of_a_new_security_manager/egvbg9w/,asknetsec,3
dzzc30u,8nwdq2,t3_8nwdq2,t3_8nwdq2,dialleft,2018-06-02 05:20:22,1527916822.0,2018,6,2018-06,"I know little about your field but it seems to be very important. I have been in situations similar from an organizational, emotional and intellectual point of view. This might be pure BS, but try looking at your poison in a different way...

Think about what you want to accomplish in that job to make a real contribution to your organization and enjoy the work - like how you would like the job to look 2-3 years down the road. Think about the barriers to doing a good job and view each as an opportunity to fix something. Figure out a timeline with goals and how to get there. Go through it with your management, leading with the benefits to the organization and them. Get their buy-in and support. 

It’s important to have an overarching, core goal that you and management agree to. One that matters to management and justifies what you are doing. You will need it along the way.

If this makes no sense to you, or you can’t figure that out for your position, or if you are not comfortable thinking big picture and being a change agent, or don’t have supportive management to help you to implement change, then maybe you should move on to something else where you can be happier. However, you might learn that it’s how you view yourself and your approach to your job, not the job itself that makes you happy.",i know little about your field but it seems to be very important. i have been in situations similar from an organizational emotional and intellectual point of view. this might be pure bs but try looking at your poison in a different way... think about what you want to accomplish in that job to make a real contribution to your organization and enjoy the work   like how you would like the job to look     years down the road. think about the barriers to doing a good job and view each as an opportunity to fix something. figure out a timeline with goals and how to get there. go through it with your management leading with the benefits to the organization and them. get their buy in and support. it s important to have an overarching core goal that you and management agree to. one that matters to management and justifies what you are doing. you will need it along the way. if this makes no sense to you or you can t figure that out for your position or if you are not comfortable thinking big picture and being a change agent or don t have supportive management to help you to implement change then maybe you should move on to something else where you can be happier. however you might learn that it s how you view yourself and your approach to your job not the job itself that makes you happy.,243,1.0,/r/AskNetsec/comments/8nwdq2/dealing_with_burnout/dzzc30u/,asknetsec,3
oezfhve,1sfq683,t3_1sfq683,t3_1sfq683,madatthings,2026-04-08 12:31:32,1775651492.0,2026,4,2026-04,Find a better product…? Defender does this at baseline for E3 licenses lol,find a better product defender does this at baseline for e  licenses lol,13,2.0,/r/AskNetsec/comments/1sfq683/alert_fatigue_in_2026_and_were_still_working/oezfhve/,asknetsec,3
e0lbitx,8qij7e,t3_8qij7e,t3_8qij7e,Jesuqq,2018-06-13 09:12:10,1528881130.0,2018,6,2018-06,Congrats on passing the exam! Passed mine on February so I still feel clearly the anguish the course and specially the exam caused. Still one of the best things I've done in my life.,congrats on passing the exam passed mine on february so i still feel clearly the anguish the course and specially the exam caused. still one of the best things i ve done in my life.,35,3.0,/r/AskNetsec/comments/8qij7e/oscp_how_it_convinced_me_to_get_help/e0lbitx/,asknetsec,3
j73ccq2,10iu8oi,t3_10iu8oi,t3_10iu8oi,Tekn0logy,2023-02-03 19:47:08,1675453628.0,2023,2,2023-02,"[CISSP](https://www.isc2.org/Certifications/CISSP) will not automatically earn you a higher salary. CISSP is after you have the basics down and are headed in the direction of architecture and management. 

If your 90% of your day is spent on operational issues, get these and will help you do your job:  [SSCP](https://www.isc2.org/Certifications/SSCP) and [CySA](https://www.comptia.org/certifications/cybersecurity-analyst). Once you have those under your belt, negotiate the salary or walk into your next position. Think long about leaving; if you like the environment, salary and the people that you work with you are already ahead of the game. 

BTW, do worry if there is a breach but don't really worry as the company is not doing their due diligence by having a one-person cybersecurity team. The only way you could be held accountable (civil/criminal) is if; 

* You falsified your credentials and are not qualified to do your job
* You fail to notify/escalate regarding known vulnerabilities
* You created a back-door so that you could admin from home
* Violated company policy by; 
   * password reuse
   * signing on as admin and checking email
   * disabling security controls
   * planting a logic bomb or dead-man switch",cissp is if you falsified your credentials and are not qualified to do your job you fail to notify escalate regarding known vulnerabilities you created a back door so that you could admin from home violated company policy by password reuse signing on as admin and checking email disabling security controls planting a logic bomb or dead man switch,59,1.0,/r/AskNetsec/comments/10iu8oi/a_drowning_solitary_security_engineer_seeking_help/j73ccq2/,asknetsec,4
j5hi0wn,10iu8oi,t3_10iu8oi,t3_10iu8oi,heapsp,2023-01-23 01:08:27,1674436107.0,2023,1,2023-01,"""cloud engineers create VMs whose ports are exposed to the internet"" They should be fired honestly. It is their duty in a small org to use security best practices. Have some boundaries so you don't get bogged down. Everyone will ask you to do work for them, if you do it, you are the sucker. Tier 1 tickets? Forward to helpdesk or IT manager and suggest a retraining for their staff if they can't figure out if something is a phishing email or can't reset a password.""Can we get on a call?"" NO, contact the helpdesk.

The first thing I would do is cover your ass in email. You can't run a SIEM with one person. 


Secondly start a company risk register and have a risk committee. PUT AT THE VERY TOP the lack of resources for security and vulnerability remediation. This should be good enough for the risk committee to sign off on either getting more people, or THEY SIGN OFF on the fact that they aren't doing it. That will cover your ass in a breach situation because you can point back to it.

Third, professional development is yours to do. Let other things fall if they don't give you the time to do it, and do it anyways.",cloud engineers create vms whose ports are exposed to the internet they should be fired honestly. it is their duty in a small org to use security best practices. have some boundaries so you don t get bogged down. everyone will ask you to do work for them if you do it you are the sucker. tier   tickets forward to helpdesk or it manager and suggest a retraining for their staff if they can t figure out if something is a phishing email or can t reset a password. can we get on a call no contact the helpdesk. the first thing i would do is cover your ass in email. you can t run a siem with one person. secondly start a company risk register and have a risk committee. put at the very top the lack of resources for security and vulnerability remediation. this should be good enough for the risk committee to sign off on either getting more people or they sign off on the fact that they aren t doing it. that will cover your ass in a breach situation because you can point back to it. third professional development is yours to do. let other things fall if they don t give you the time to do it and do it anyways.,217,1.0,/r/AskNetsec/comments/10iu8oi/a_drowning_solitary_security_engineer_seeking_help/j5hi0wn/,asknetsec,4
hu5449k,sbl1b2,t3_sbl1b2,t3_sbl1b2,usmcjohn,2022-01-25 11:42:41,1643110961.0,2022,1,2022-01,"I was a network engineer for 12 years, spent 2 years in an Infosec architecture role and then got the hell out the first chance I got…for the exact same reason.  I do wish you the best of luck.",i was a network engineer for    years spent   years in an infosec architecture role and then got the hell out the first chance i got for the exact same reason. i do wish you the best of luck.,38,1.0,/r/AskNetsec/comments/sbl1b2/how_do_i_get_out/hu5449k/,asknetsec,4
dxdikjk,8c81a0,t3_8c81a0,t3_8c81a0,pepe_le_shoe,2018-04-14 22:59:17,1523746757.0,2018,4,2018-04,">We provide cybersecurity to over 100 customers, but there's only 6 analysts.

That sounds very low. Very.

>Only 2 members of the team are US based. Those two US members do not work at the same time.

For international companies/clients, this part doesn't seem unusual to me. 

>Foreign employees are not inherently a problem, but customers have complained that emails from our employees abroad read like spam mail. The language barrier also impedes our ability to communicate with each other and our customers.

Sounds totally normal. This is most of the companies I've worked for or had as clients. HPE/DXC anyone?

>Two of our analysts are just ticket pushers, but we still call them analysts. So really we only have 4 analysts.

Haha, yeah, pretty common, the industry, especially MSPs, are filled with these types of people, but plenty of in-house people are like this too. This isn't just a security thing either, this applies to pretty much all industries. 

>There's not SOC tiers that we can escalate to. Just us 6, and there's only two working at any one time. And our boss, but he's unreliable.

Pretty common.

>Our SIEM only ingests information that's in a static format, by that I mean syslog and windows events. So no ipfix, pcap, nothing. Just the standard syslog and windows events.

At least you have a SIEM lol. 

>Our SIEM only ingests logs from the devices that our customers set up to forward logs. I can never find a complete picture during an investigation, only like the picture frame.

This is the only possible way to get logs, but I understand the frustration that too few logs are collected, or the logs that are collected are often only for a subset of the network. 

>95% of our rules are based on threat intel. If there's suspicious traffic, we won't do anything about it because the 'IP is clean'.

This was the approach a lot of stuff used in the 90s, don't see it so much now. 

>We only use one source for our threat intel. If it shows up with no reputation there, we stop investigating.

lol, obviously not great, but exceedingly common. (I have known people who *somehow* have jobs in this field look up ips/domains against bluecoats category checker, and if it isn't marked malicious, ignore it and move on)

>Many of our correlation rules aren't really correlating anything.

Very common. Most people I've worked with don't know the meaning of the English word correlation. They never knew the word until they heard it in a security setting, and nobody explained it to them, so their understanding is essentially a guess based on the circumstances of when they first encountered it. 

>The other 5% use Windows events, and it's only for failed logins i.e. Windows Security Events 4624 & 4625. There's no other implementation of our rules involving other Windows events, and in no other way than by measuring a certain number of failed logins in a specified period of time.

Bad security people, and people from other departments who think their opinion matters LOVE failed logins. Don't get me wrong, there's clever things you can do to pick up patterns that suggest a failed login is a malicious person getting a password wrong, but those things are never what anyone suggests. Instead it's purely volumetric, and absent any other context. 

>Our SIEM is abysmal at normalizing logs.

This is a specialty of mine. I'm pretty decent at writing parsers, but even I know my weaknesses. Most people I have worked with either don't know what a regular expression is, or turn red and try to change the subject if they come up. 

>Speaking of parsing, we don't normalize logs for every device we ingest. But we tell customers we do. A handful of our customers have no device logs being normalized, so we never send them anything because nothing gets correlated. I asked my boss about it, and he said ""They don't pay enough money to justify creating a new parser for their device."" Actually there's a few things the sales pitch and demos involve that we straight up don't do.

Not parsing logs and lying to clients. Yep sounds familiar.

>Our incident handling guides for customers are all essentially the same regardless of the incident and basically say ""Block IP at the firewall, scan machine for malware"".

If/When I go to prison for murder, it will because I stabbed a manager who said ""Runbooks"" to me too many times. 
You could shit one out yourself in 10 minutes if you knew fucking anything about this job you fucking moron, which proves runbooks are irrelevant to anyone who is qualified to do the job, and that if a runbook is any use at all, it's because you've hired someone who doesn't know how to do the job at all!


>My boss: very nice guy and I like him, but I think he just watches 'Cybersecurity Webinars' all day. He doesn't assign projects, get involved with rule creation and event correlation, or do anything. The only emails he sends out are links to articles saying 'Hey team you should read this, it's good information.""

Most cyber security managers know shit all about security. They typically end up there after doing other IT stuff, at some point getting lumbered with security, and then when salaries shot up they decided to stick around and claim to have experience in the field. 

>I recently sent an email to our SIEM support asking about something that should have been very easy to answer concerning regex and what syntax the SIEM recognizes when querying logs. This question had to go all the way to the company CTO to get an answer. The answer was ridiculous: our SIEM uses one syntax of regex but our log database uses another, so only use a syntax that both systems recognize. Lol.

nobody knows how anything works, because one guy built it, then left. Very common story.

>Our support team frequently doesn't respond to emails or just lets an open case sit there, so issues with the SIEM go unfixed.

That's at the really bad end of the spectrum. I've worked with some shitty people who suck at their jobs, but getting ignored is on a whole other level, and usually prompts me to completely cut that person out of a process, or go to their manager and arrange for them to have a fucking awful time.

>Our SIEM engine frequently gets backlogged or quits working because as stated earlier we have 100+ customers but only one engine set up to normalize and correlate events. There's no load balancing or high availability. If the correlation engine goes down, the logs just get lost in cyberspace or something. This is also related to regex: I've crashed the correlation engine because it couldn't handle a query I ran on the log database.

All of this is stuff I've seen before. Goes back to the point about one guy building it and nobody knowing how it works.

>I've tried to promote change regarding our rules (especially shifting away from threat intel reliance) and how we correlate events, but it gets shot down. The reasoning: we don't want complicated rules, and we don't want too many rules. When I asked why, the answer was ""We are only equipped to do the basics.""

Don't know what to tell you man, even now, most people don't give a shit. Cyber security still isn't taken seriously by the majority of businesses, though for an MSSP to have this attitude is slightly less common. 

>There's no professional development i.e. I don't get the opportunity to go to seminars or take courses. Those have to be self-funded on my own time.

In the UK, permanent roles will often include some budget and expectation for training, not always though. I've been lucky that most of the jobs I've had enabled me and paid for me to go to events/training courses. It's definitely something I'd look for when choosing a job. 

> I only plan to do a couple more months so I can put on my resume that I worked there for a year.

Good lad. 

>At the beginning of the year the company C-suite personnel had their big meeting for discussing how the company is moving forward. My boss was telling me about it and how they plan to double our customer base in 2018. I asked about the roadmap for internal growth i.e. hiring more analysts, more support, more resources, etc. He said we're fine as is and there's no plans.

lol, yep, that attitude is pretty common. The number of staff members vs the amount of work to do is essentially two dice that get rolled inside the head of someone near the top of the pile, and that's just how it goes.

edit: couple of typos.

",we provide cybersecurity to over     customers but there s only   analysts. that sounds very low. very. only   members of the team are us based. those two us members do not work at the same time. for international companies clients this part doesn t seem unusual to me. foreign employees are not inherently a problem but customers have complained that emails from our employees abroad read like spam mail. the language barrier also impedes our ability to communicate with each other and our customers. sounds totally normal. this is most of the companies i ve worked for or had as clients. hpe dxc anyone two of our analysts are just ticket pushers but we still call them analysts. so really we only have   analysts. haha yeah pretty common the industry especially msps are filled with these types of people but plenty of in house people are like this too. this isn t just a security thing either this applies to pretty much all industries. there s not soc tiers that we can escalate to. just us   and there s only two working at any one time. and our boss but he s unreliable. pretty common. our siem only ingests information that s in a static format by that i mean syslog and windows events. so no ipfix pcap nothing. just the standard syslog and windows events. at least you have a siem lol. our siem only ingests logs from the devices that our customers set up to forward logs. i can never find a complete picture during an investigation only like the picture frame. this is the only possible way to get logs but i understand the frustration that too few logs are collected or the logs that are collected are often only for a subset of the network.    of our rules are based on threat intel. if there s suspicious traffic we won t do anything about it because the ip is clean . this was the approach a lot of stuff used in the   s don t see it so much now. we only use one source for our threat intel. if it shows up with no reputation there we stop investigating. lol obviously not great but exceedingly common. many of our correlation rules aren t really correlating anything. very common. most people i ve worked with don t know the meaning of the english word correlation. they never knew the word until they heard it in a security setting and nobody explained it to them so their understanding is essentially a guess based on the circumstances of when they first encountered it. the other   use windows events and it s only for failed logins i.e. windows security events          . there s no other implementation of our rules involving other windows events and in no other way than by measuring a certain number of failed logins in a specified period of time. bad security people and people from other departments who think their opinion matters love failed logins. don t get me wrong there s clever things you can do to pick up patterns that suggest a failed login is a malicious person getting a password wrong but those things are never what anyone suggests. instead it s purely volumetric and absent any other context. our siem is abysmal at normalizing logs. this is a specialty of mine. i m pretty decent at writing parsers but even i know my weaknesses. most people i have worked with either don t know what a regular expression is or turn red and try to change the subject if they come up. speaking of parsing we don t normalize logs for every device we ingest. but we tell customers we do. a handful of our customers have no device logs being normalized so we never send them anything because nothing gets correlated. i asked my boss about it and he said they don t pay enough money to justify creating a new parser for their device. actually there s a few things the sales pitch and demos involve that we straight up don t do. not parsing logs and lying to clients. yep sounds familiar. our incident handling guides for customers are all essentially the same regardless of the incident and basically say block ip at the firewall scan machine for malware . if when i go to prison for murder it will because i stabbed a manager who said runbooks to me too many times. you could shit one out yourself in    minutes if you knew fucking anything about this job you fucking moron which proves runbooks are irrelevant to anyone who is qualified to do the job and that if a runbook is any use at all it s because you ve hired someone who doesn t know how to do the job at all my boss: very nice guy and i like him but i think he just watches cybersecurity webinars all day. he doesn t assign projects get involved with rule creation and event correlation or do anything. the only emails he sends out are links to articles saying hey team you should read this it s good information. most cyber security managers know shit all about security. they typically end up there after doing other it stuff at some point getting lumbered with security and then when salaries shot up they decided to stick around and claim to have experience in the field. i recently sent an email to our siem support asking about something that should have been very easy to answer concerning regex and what syntax the siem recognizes when querying logs. this question had to go all the way to the company cto to get an answer. the answer was ridiculous: our siem uses one syntax of regex but our log database uses another so only use a syntax that both systems recognize. lol. nobody knows how anything works because one guy built it then left. very common story. our support team frequently doesn t respond to emails or just lets an open case sit there so issues with the siem go unfixed. that s at the really bad end of the spectrum. i ve worked with some shitty people who suck at their jobs but getting ignored is on a whole other level and usually prompts me to completely cut that person out of a process or go to their manager and arrange for them to have a fucking awful time. our siem engine frequently gets backlogged or quits working because as stated earlier we have     customers but only one engine set up to normalize and correlate events. there s no load balancing or high availability. if the correlation engine goes down the logs just get lost in cyberspace or something. this is also related to regex: i ve crashed the correlation engine because it couldn t handle a query i ran on the log database. all of this is stuff i ve seen before. goes back to the point about one guy building it and nobody knowing how it works. i ve tried to promote change regarding our rules and how we correlate events but it gets shot down. the reasoning: we don t want complicated rules and we don t want too many rules. when i asked why the answer was we are only equipped to do the basics. don t know what to tell you man even now most people don t give a shit. cyber security still isn t taken seriously by the majority of businesses though for an mssp to have this attitude is slightly less common. there s no professional development i.e. i don t get the opportunity to go to seminars or take courses. those have to be self funded on my own time. in the uk permanent roles will often include some budget and expectation for training not always though. i ve been lucky that most of the jobs i ve had enabled me and paid for me to go to events training courses. it s definitely something i d look for when choosing a job. i only plan to do a couple more months so i can put on my resume that i worked there for a year. good lad. at the beginning of the year the company c suite personnel had their big meeting for discussing how the company is moving forward. my boss was telling me about it and how they plan to double our customer base in     . i asked about the roadmap for internal growth i.e. hiring more analysts more support more resources etc. he said we re fine as is and there s no plans. lol yep that attitude is pretty common. the number of staff members vs the amount of work to do is essentially two dice that get rolled inside the head of someone near the top of the pile and that s just how it goes. edit: couple of typos.,1494,7.0,/r/AskNetsec/comments/8c81a0/is_this_a_typical_experience_for_an_mssp_soc/dxdikjk/,asknetsec,4
j5hjnw6,10iu8oi,t3_10iu8oi,t3_10iu8oi,Kiltymchaggismuncher,2023-01-23 01:20:07,1674436807.0,2023,1,2023-01,"What is even the point in maintaining the siem if you dont have time to look at any of the alerts.


Having one person handle security architecture, compliance, dlp and patching is just flat out stupid.


Seriously, just get another job. You have a very wide level of experience, you shouldn't struggle to find a job paying the same or more, with far less stress.


Inevitably there will be a security or dlp breach, its inevitable. You cant be maintaining it properly by yourself.
When that time comes, they are liable to blame you. Get out of dodge while you can.",what is even the point in maintaining the siem if you dont have time to look at any of the alerts. having one person handle security architecture compliance dlp and patching is just flat out stupid. seriously just get another job. you have a very wide level of experience you shouldn t struggle to find a job paying the same or more with far less stress. inevitably there will be a security or dlp breach its inevitable. you cant be maintaining it properly by yourself. when that time comes they are liable to blame you. get out of dodge while you can.,102,4.0,/r/AskNetsec/comments/10iu8oi/a_drowning_solitary_security_engineer_seeking_help/j5hjnw6/,asknetsec,4
hu0g0co,sbl1b2,t3_sbl1b2,t3_sbl1b2,randoaccount105,2022-01-24 12:39:20,1643027960.0,2022,1,2022-01,"Spin some positivity out of it!

""I'm looking to focus purely on networking as I find it the most interesting topic, and I feel like I excel in it""

Something like that :)",spin some positivity out of it i m looking to focus purely on networking as i find it the most interesting topic and i feel like i excel in it something like that :,34,65.0,/r/AskNetsec/comments/sbl1b2/how_do_i_get_out/hu0g0co/,asknetsec,4
faj3ibs,e9279g,t3_e9279g,t3_e9279g,throwaway1471290,2019-12-12 04:04:04,1576123444.0,2019,12,2019-12,"Thank you to all who responded to me, I appreciate all the comments. I have read and will re-read each one. There's something to reflect on in all cases. It's too soon to know exactly what I'll do, but it's great to get community feedback against my baseline, and encouragement as well. It's really helped. Thank you all.",thank you to all who responded to me i appreciate all the comments. i have read and will re read each one. there s something to reflect on in all cases. it s too soon to know exactly what i ll do but it s great to get community feedback against my baseline and encouragement as well. it s really helped. thank you all.,64,2.0,/r/AskNetsec/comments/e9279g/changed_career_path_to_infosec_doubting_this/faj3ibs/,asknetsec,4
hu1ubc3,sbl1b2,t3_sbl1b2,t3_sbl1b2,I_am_your_jesus,2022-01-24 18:31:23,1643049083.0,2022,1,2022-01,"Rather than moving out of cyber security, it sounds like you want to move out of consultancy. After a little less than 4 years working for a largish pen test company I moved to be an internal pen tester for a company. The work was very boring and predicable (no one would even consider working after 5) and the technologies were pretty standard as the dev team only really used a handful of things. The money was great though (a decent amount above the £50k you're currently on).

It was actually so boring and predicable, I couldn't even last a year but that's because I like being a consultant.

Not sure if that's helpful but might be worth thinking about.",rather than moving out of cyber security it sounds like you want to move out of consultancy. after a little less than   years working for a largish pen test company i moved to be an internal pen tester for a company. the work was very boring and predicable and the technologies were pretty standard as the dev team only really used a handful of things. the money was great though . it was actually so boring and predicable i couldn t even last a year but that s because i like being a consultant. not sure if that s helpful but might be worth thinking about.,106,1.0,/r/AskNetsec/comments/sbl1b2/how_do_i_get_out/hu1ubc3/,asknetsec,4
j5h3ltz,10iu8oi,t3_10iu8oi,t3_10iu8oi,SteveSonOfJobs,2023-01-22 23:29:10,1674430150.0,2023,1,2023-01,"I don't believe it's worth it to continue doing this. If something goes wrong which it will, you'll get all the blame",i don t believe it s worth it to continue doing this. if something goes wrong which it will you ll get all the blame,25,3.0,/r/AskNetsec/comments/10iu8oi/a_drowning_solitary_security_engineer_seeking_help/j5h3ltz/,asknetsec,4
fag7i1m,e9279g,t3_e9279g,t3_e9279g,robotcannon,2019-12-11 05:37:38,1576042658.0,2019,12,2019-12,"Start looking elsewhere, but note that entry into the Cyber security/infosec job market isn't super easy and jobs don't come by super often so it could take a significant amount of time.

If it is taking a toll on your mental health don't be afriad to go back to sys admin (maybe as a contractor) while you line up a cyber security job.

It's not worth being miserable where you work for the sake of a company that doesn't give a shot about you. It doesn't sound like an environment you will earn valuable experiences in to advance your career either.",start looking elsewhere but note that entry into the cyber security infosec job market isn t super easy and jobs don t come by super often so it could take a significant amount of time. if it is taking a toll on your mental health don t be afriad to go back to sys admin while you line up a cyber security job. it s not worth being miserable where you work for the sake of a company that doesn t give a shot about you. it doesn t sound like an environment you will earn valuable experiences in to advance your career either.,104,8.0,/r/AskNetsec/comments/e9279g/changed_career_path_to_infosec_doubting_this/fag7i1m/,asknetsec,4
dxd39zu,8c81a0,t3_8c81a0,t3_8c81a0,aldo195,2018-04-14 18:20:17,1523730017.0,2018,4,2018-04,What brand SIEM are you using? The parsing situation for modern SIEMs shouldn’t be that bad..,what brand siem are you using the parsing situation for modern siems shouldn t be that bad..,17,1.0,/r/AskNetsec/comments/8c81a0/is_this_a_typical_experience_for_an_mssp_soc/dxd39zu/,asknetsec,4
hu1b1cl,sbl1b2,t3_sbl1b2,t3_sbl1b2,jdiscount,2022-01-24 16:32:48,1643041968.0,2022,1,2022-01,"Most places are desperate for IT people, If you have the skillset I don't think a lot of companies will care if you didn't enjoy cybersecurity and want to leave.

However before quitting altogether maybe look for a network security role or something like that where you're embedded into the IT team and just help secure IT infrastructure. 

It can realistically be an IT role that is just more focused on security.",most places are desperate for it people if you have the skillset i don t think a lot of companies will care if you didn t enjoy cybersecurity and want to leave. however before quitting altogether maybe look for a network security role or something like that where you re embedded into the it team and just help secure it infrastructure. it can realistically be an it role that is just more focused on security.,75,2.0,/r/AskNetsec/comments/sbl1b2/how_do_i_get_out/hu1b1cl/,asknetsec,4
kbnoi8k,188y0b3,t3_188y0b3,t3_188y0b3,AskNetsec-ModTeam,2023-12-02 07:21:55,1701501715.0,2023,12,2023-12,"r/AskNetsec is focused on asnwering questions as they relate to enterprise, large, and SOHO networks. While your question may be valid it does not fit into what this subreddit was built for. Your question may get better responses when posted to another subreddit like:  
r/HowToHack  
r/AskProgramming  
r/Cybersecurity101  
Your post is being removed for violations of Rule # 2 as stated in our [Rules & Guidelines](https://reddit.com/r/asknetsec/about/rules). If you feel your question does meet the above requirements please [message the mods](https://www.reddit.com/message/compose?to=/r/AskNetsec) and we will review the decision.",subreddit is focused on asnwering questions as they relate to enterprise large and soho networks. while your question may be valid it does not fit into what this subreddit was built for. your question may get better responses when posted to another subreddit like: subreddit subreddit subreddit your post is being removed for violations of rule   as stated in our url if you feel your question does meet the above requirements please url and we will review the decision.,79,1.0,/r/AskNetsec/comments/188y0b3/i_know_someones_hacking_me/kbnoi8k/,asknetsec,4
j5j14nr,10iu8oi,t3_10iu8oi,t3_10iu8oi,yourcatsbff,2023-01-23 10:09:35,1674468575.0,2023,1,2023-01,"You didn't need an assistant, you needed an engineer.  

It's time to leave.",you didn t need an assistant you needed an engineer. it s time to leave.,15,2.0,/r/AskNetsec/comments/10iu8oi/a_drowning_solitary_security_engineer_seeking_help/j5j14nr/,asknetsec,4
hu375kc,sbl1b2,t3_sbl1b2,t3_sbl1b2,NrdRage,2022-01-24 23:46:25,1643067985.0,2022,1,2022-01,"There's a lot to unpack here.

&#x200B;

First, the good news:  If you really want out, your biggest hurdle will be that wherever you go, they will know you understand security, and will keep trying to pull you into that because they're undoubtedly short handed there.

&#x200B;

That said...

&#x200B;

There are 3 things I always tell the people I volunteer to professionally mentor who have aspirations of getting into security (I'm not in the field anymore; I'm an investor in primarily security focused companies these days so I take on a couple types of people):  

&#x200B;

1:  It's not a career, it's a lifestyle choice (you're figuring this out now) and

2:  The average security pro makes it about 3 years before they move on to something else, and over 40% of those people move on to something that's not even IT related because they get so fried (so congratulations, you're perfectly normal!)

3:  Just like the Marines, it ""takes a special kind of personality"".  Since you're expected to always be available, you're in a field where it's a zero-sum game by which you are literally never allowed to fail, and because you generally will not be respected or treated well - by coworkers because your job is to make their life more difficult, and by management because they view you as a cost sink, it takes a certain amount of mental fortitude and very thick skin.  There's a reason most of you are cynical and jaded and grizzled.  Also why so many develop some form of addiction.  Nature of the beast, and most people coming up in the world today don't have that gator hide.

&#x200B;

Now, as to your question:

&#x200B;

OK, you've decided you want out.  You've got a few different directions you can go.  You didn't state what type of environment you work in now, though given your ridiculously low pay (seriously, I pay my interns more than you're making and they have 0 years experience and are nothing but dangerous), this will seem scattershot.

&#x200B;

\-If you're in some sort of a MSP, telco, or consulting situation, you're in a meat grinder.  That's the absolute worst environment in the entire industry.  It could be as simple as going to a traditional enterprise environment where you only have to deal with one infrastructure and can operate as an island on long term project work.  Difficulty:  0/10.  Everybody's desperate for someone who knows anything, and your pay is so low that they'll not even stop to think about paying you.

&#x200B;

\-You could stay in the field and deep dive in one specific technology.  Palo Alto Networks is hiring everybody with a pulse, they'll send you to a boot camp on one of their platforms and make you an expert on that, and you'll spend the rest of your days only having to deal with one platform stack, which is something you expressed an interest in.  It will mostly be project work, so the life is easier.  Difficulty:  2/10.  You have to live in an area where Palo actually wants you, and they've got a hard on for culture fit.

&#x200B;

\-You can pivot into a network and cloud engineer role.  Demand not quite as high as for security specialists, but still high.  Your security knowledge transfers over to networking quite easily, so your barrier to entry is low.  You just need to go acquire a few basic certifications from the big players and you're in like Flynn.  Since your experience is in appsec, you will have to learn a bit, which could be a hurdle, but it's an easy transition from there.  Bone up on cloud and the world would be your oyster since you would at that point both understand cloud platforms AND how to securely architect cloud platforms as an all-in-one by using security's standards guidelines.  Difficulty:  5/10, just because you have to open books.  Be aware that as the network guy who understands security, you're still gonna get pulled into security conversations from time to time.

&#x200B;

\-You can TRY to pivot into sysadmin life, but you've got a few problems here:  1st, that's a dying role in the ops world as automated hyperscalability becomes the standard and devs have tools that allow them to stand up and deploy systems on their own without involving sysops for much more than architecture evaluation.  Your skills also don't transit well to this, so you're going to have to basically re-define your skillset.  I'm going to lump DBA work into this paragraph simply because it's got some overlap, but doesn't come with the issue of a declining profession.  Difficulty:  7/10.

&#x200B;

\-Just leave technology altogether.  As I said up top, almost half of people who go into security get so burned out they just completely reinvent themselves.  I came into the industry during the dot-com days, and I can't even tell you how many of my counterparts ended up in construction or teaching.  These days, it seems most people who burn out and leave somehow end up in project management or data analyst roles, where they can be technology adjacent while simultaneously getting to feign ignorance as to anything related to tech (ex. become a Workday deployment PM with a PMP).  Difficulty:  9/10, but if you wake up each morning and don't even want to get out of bed because you hate what you do so much, the right choice isn't always the easy one.  

&#x200B;

The wildcard here is, I've a lot of long-time friends who burn out every few years and you would be amazed what just taking 6 months off to learn how to surf can re-center you and put you in a state where you're willing to walk into the shitpile again.

&#x200B;

Good luck.",there s a lot to unpack here. x   b first the good news: if you really want out your biggest hurdle will be that wherever you go they will know you understand security and will keep trying to pull you into that because they re undoubtedly short handed there. x   b that said... x   b there are   things i always tell the people i volunteer to professionally mentor who have aspirations of getting into security : x   b  : it s not a career it s a lifestyle choice and  : the average security pro makes it about   years before they move on to something else and over    of those people move on to something that s not even it related because they get so fried  : just like the marines it takes a special kind of personality . since you re expected to always be available you re in a field where it s a zero sum game by which you are literally never allowed to fail and because you generally will not be respected or treated well   by coworkers because your job is to make their life more difficult and by management because they view you as a cost sink it takes a certain amount of mental fortitude and very thick skin. there s a reason most of you are cynical and jaded and grizzled. also why so many develop some form of addiction. nature of the beast and most people coming up in the world today don t have that gator hide. x   b now as to your question: x   b ok you ve decided you want out. you ve got a few different directions you can go. you didn t state what type of environment you work in now though given your ridiculously low pay this will seem scattershot. x   b  if you re in some sort of a msp telco or consulting situation you re in a meat grinder. that s the absolute worst environment in the entire industry. it could be as simple as going to a traditional enterprise environment where you only have to deal with one infrastructure and can operate as an island on long term project work. difficulty:     . everybody s desperate for someone who knows anything and your pay is so low that they ll not even stop to think about paying you. x   b  you could stay in the field and deep dive in one specific technology. palo alto networks is hiring everybody with a pulse they ll send you to a boot camp on one of their platforms and make you an expert on that and you ll spend the rest of your days only having to deal with one platform stack which is something you expressed an interest in. it will mostly be project work so the life is easier. difficulty:     . you have to live in an area where palo actually wants you and they ve got a hard on for culture fit. x   b  you can pivot into a network and cloud engineer role. demand not quite as high as for security specialists but still high. your security knowledge transfers over to networking quite easily so your barrier to entry is low. you just need to go acquire a few basic certifications from the big players and you re in like flynn. since your experience is in appsec you will have to learn a bit which could be a hurdle but it s an easy transition from there. bone up on cloud and the world would be your oyster since you would at that point both understand cloud platforms and how to securely architect cloud platforms as an all in one by using security s standards guidelines. difficulty:      just because you have to open books. be aware that as the network guy who understands security you re still gonna get pulled into security conversations from time to time. x   b  you can try to pivot into sysadmin life but you ve got a few problems here:  st that s a dying role in the ops world as automated hyperscalability becomes the standard and devs have tools that allow them to stand up and deploy systems on their own without involving sysops for much more than architecture evaluation. your skills also don t transit well to this so you re going to have to basically re define your skillset. i m going to lump dba work into this paragraph simply because it s got some overlap but doesn t come with the issue of a declining profession. difficulty:     . x   b  just leave technology altogether. as i said up top almost half of people who go into security get so burned out they just completely reinvent themselves. i came into the industry during the dot com days and i can t even tell you how many of my counterparts ended up in construction or teaching. these days it seems most people who burn out and leave somehow end up in project management or data analyst roles where they can be technology adjacent while simultaneously getting to feign ignorance as to anything related to tech . difficulty:      but if you wake up each morning and don t even want to get out of bed because you hate what you do so much the right choice isn t always the easy one. x   b the wildcard here is i ve a lot of long time friends who burn out every few years and you would be amazed what just taking   months off to learn how to surf can re center you and put you in a state where you re willing to walk into the shitpile again. x   b good luck.,953,2.0,/r/AskNetsec/comments/sbl1b2/how_do_i_get_out/hu375kc/,asknetsec,4
kbnp79e,188y0b3,t3_188y0b3,t3_188y0b3,0xbsidian,2023-12-02 07:31:00,1701502260.0,2023,12,2023-12,I ain't reading all that. I'm happy for u tho. Or sorry that happened.,i ain t reading all that. i m happy for u tho. or sorry that happened.,16,1.0,/r/AskNetsec/comments/188y0b3/i_know_someones_hacking_me/kbnp79e/,asknetsec,4
j5hjnkf,10iu8oi,t3_10iu8oi,t3_10iu8oi,n0o0o0p,2023-01-23 01:20:03,1674436803.0,2023,1,2023-01,"that's not a job for one person. that's not even a job for one team. for a company of 800 people, investing in \~10 people to do security shouldn't be the end of the world. and unfortunately that's the hard part of starting to build it up. changing the mentality to ""we want to have a security team"" i the biggest hurdle in SMBs",that s not a job for one person. that s not even a job for one team. for a company of     people investing in    people to do security shouldn t be the end of the world. and unfortunately that s the hard part of starting to build it up. changing the mentality to we want to have a security team i the biggest hurdle in smbs,66,1.0,/r/AskNetsec/comments/10iu8oi/a_drowning_solitary_security_engineer_seeking_help/j5hjnkf/,asknetsec,4
j870bhz,10iu8oi,t3_10iu8oi,t3_10iu8oi,Lion-of-Faith,2023-02-12 02:47:14,1676170034.0,2023,2,2023-02,Let me work with you and help you out lol. I’m a system admin right now. I’d much rather monitor a SIEM all day. For real though they need to hire.,let me work with you and help you out lol. i m a system admin right now. i d much rather monitor a siem all day. for real though they need to hire.,33,1.0,/r/AskNetsec/comments/10iu8oi/a_drowning_solitary_security_engineer_seeking_help/j870bhz/,asknetsec,4
faknhzn,e9279g,t3_e9279g,t3_e9279g,crypt0gr4phy,2019-12-12 17:00:57,1576170057.0,2019,12,2019-12,"The last part of your post is the most important. 

Working in a SOC - even a well-run one - can be hard on a person. Amplifying that through what sounds like awful management is a recipe for burnout. I would suggest you start reaching out within whatever local security community you can get involved with looking for other opportunities, because there are definitely better jobs out there where management will enable and support you instead of make your life harder.",the last part of your post is the most important. working in a soc   even a well run one   can be hard on a person. amplifying that through what sounds like awful management is a recipe for burnout. i would suggest you start reaching out within whatever local security community you can get involved with looking for other opportunities because there are definitely better jobs out there where management will enable and support you instead of make your life harder.,80,1.0,/r/AskNetsec/comments/e9279g/changed_career_path_to_infosec_doubting_this/faknhzn/,asknetsec,4
j5hdpmx,10iu8oi,t3_10iu8oi,t3_10iu8oi,random869,2023-01-23 00:39:07,1674434347.0,2023,1,2023-01,"I’m a security analyst and I like the vulnerability aspect of IT security. I recently, started pushing updates out to machines, what  else should I be doing experience and cert wise to get more in touch with the vulnerability management side of IT.",i m a security analyst and i like the vulnerability aspect of it security. i recently started pushing updates out to machines what else should i be doing experience and cert wise to get more in touch with the vulnerability management side of it.,44,1.0,/r/AskNetsec/comments/10iu8oi/a_drowning_solitary_security_engineer_seeking_help/j5hdpmx/,asknetsec,4
fag8wey,e9279g,t3_e9279g,t3_e9279g,haha_supadupa,2019-12-11 06:01:18,1576044078.0,2019,12,2019-12,change your career to writing books lol :) otherwise infosec is on the rise and strong demand. you gonna be a millionaire in 15-20 years if not sooner,change your career to writing books lol : otherwise infosec is on the rise and strong demand. you gonna be a millionaire in       years if not sooner,27,1.0,/r/AskNetsec/comments/e9279g/changed_career_path_to_infosec_doubting_this/fag8wey/,asknetsec,4
dxcvt96,8c81a0,t3_8c81a0,t3_8c81a0,Fehnor,2018-04-14 16:03:07,1523721787.0,2018,4,2018-04,"That's exceptionally bad. Your problems with overseas analysts are pretty common, but not all outsourced SOCs are overseas, drastically understaffed, offer no growth, and refuse to improve systems. They just charge their customers a shit ton more.",that s exceptionally bad. your problems with overseas analysts are pretty common but not all outsourced socs are overseas drastically understaffed offer no growth and refuse to improve systems. they just charge their customers a shit ton more.,38,30.0,/r/AskNetsec/comments/8c81a0/is_this_a_typical_experience_for_an_mssp_soc/dxcvt96/,asknetsec,4
hu1cuqw,sbl1b2,t3_sbl1b2,t3_sbl1b2,PenetrationT3ster,2022-01-24 16:44:16,1643042656.0,2022,1,2022-01,"It's actually surprisingly easy. Apply to sys admin roles, look up what is required, maybe take a few months off to get a recognised sys admin certificate i.e. SSCP and then go for it man. 

My mate went from security into DevOps and it's not tough to transfer your skills.",it s actually surprisingly easy. apply to sys admin roles look up what is required maybe take a few months off to get a recognised sys admin certificate i.e. sscp and then go for it man. my mate went from security into devops and it s not tough to transfer your skills.,52,1.0,/r/AskNetsec/comments/sbl1b2/how_do_i_get_out/hu1cuqw/,asknetsec,4
hu5bus7,sbl1b2,t3_sbl1b2,t3_sbl1b2,reeeeee-tool,2022-01-25 13:02:25,1643115745.0,2022,1,2022-01,"At least here in the states, Cloud Eng, SRE and DevOps roles are very in demand. You would have to do a lot of additional studying to get up to speed, but your security background would be an asset.",at least here in the states cloud eng sre and devops roles are very in demand. you would have to do a lot of additional studying to get up to speed but your security background would be an asset.,39,1.0,/r/AskNetsec/comments/sbl1b2/how_do_i_get_out/hu5bus7/,asknetsec,4
dxds2qy,8c81a0,t3_8c81a0,t3_8c81a0,marshal_mellow,2018-04-15 02:01:11,1523757671.0,2018,4,2018-04,Well. You just made me feel a lot better about my job,well. you just made me feel a lot better about my job,12,4.0,/r/AskNetsec/comments/8c81a0/is_this_a_typical_experience_for_an_mssp_soc/dxds2qy/,asknetsec,4
hu1hy69,sbl1b2,t3_sbl1b2,t3_sbl1b2,h_saxon,2022-01-24 17:15:43,1643044543.0,2022,1,2022-01,"Have you thought about project management or product ownership for pen testing teams?

This way you can keep your industry experience and leverage it with other needed skills within the industry.",have you thought about project management or product ownership for pen testing teams this way you can keep your industry experience and leverage it with other needed skills within the industry.,31,1.0,/r/AskNetsec/comments/sbl1b2/how_do_i_get_out/hu1hy69/,asknetsec,4
kbnoa8s,188y0b3,t3_188y0b3,t3_188y0b3,AsparagusFirm7764,2023-12-02 07:19:06,1701501546.0,2023,12,2023-12,"I have no idea what your post is about, but I'm certain this isn't the sub for it.",i have no idea what your post is about but i m certain this isn t the sub for it.,20,2.0,/r/AskNetsec/comments/188y0b3/i_know_someones_hacking_me/kbnoa8s/,asknetsec,4
hu0peig,sbl1b2,t3_sbl1b2,t3_sbl1b2,dorkycool,2022-01-24 14:02:56,1643032976.0,2022,1,2022-01,"Definitely could transition, most go from sysadmin to security not typically the other direction. Have you considered maybe in house security? Seems like most of the issue you brought up is new clients and tech constantly, if you focused more on stable internal systems it might be different.",definitely could transition most go from sysadmin to security not typically the other direction. have you considered maybe in house security seems like most of the issue you brought up is new clients and tech constantly if you focused more on stable internal systems it might be different.,48,3.0,/r/AskNetsec/comments/sbl1b2/how_do_i_get_out/hu0peig/,asknetsec,4
dxfmv18,8c81a0,t3_8c81a0,t3_8c81a0,sephstorm,2018-04-16 02:47:01,1523846821.0,2018,4,2018-04,"I didn't get through everything but some of it is common, not all of it. MSSP's are not ideal, but they are decent places to get experience, especially if you take the opportunity to learn yourself.",i didn t get through everything but some of it is common not all of it. mssp s are not ideal but they are decent places to get experience especially if you take the opportunity to learn yourself.,38,1.0,/r/AskNetsec/comments/8c81a0/is_this_a_typical_experience_for_an_mssp_soc/dxfmv18/,asknetsec,4
j5gjtde,10iu8oi,t3_10iu8oi,t3_10iu8oi,keebsec,2023-01-22 21:21:40,1674422500.0,2023,1,2023-01,"A lot of orgs that get to a certain size think that they can hire one or two security engineers and then magically they'll have a fully functioning enterprise level security program. The truth is that security programs/orgs need full buy in from the busines, probably a CISO and a bare minimum level of staffing to handle all the different areas within a corporate sec program.",a lot of orgs that get to a certain size think that they can hire one or two security engineers and then magically they ll have a fully functioning enterprise level security program. the truth is that security programs orgs need full buy in from the busines probably a ciso and a bare minimum level of staffing to handle all the different areas within a corporate sec program.,68,30.0,/r/AskNetsec/comments/10iu8oi/a_drowning_solitary_security_engineer_seeking_help/j5gjtde/,asknetsec,4
dxd0w1h,8c81a0,t3_8c81a0,t3_8c81a0,Lil-BobbyTables,2018-04-14 17:37:09,1523727429.0,2018,4,2018-04,"I wouldn't say this is ""typical"", but certainly not rare.

I got hired at an MSSP years ago and I lasted a day and a half. They advertised the job as being your typical SOC Analyst role, but as soon as I got there they had me immediately start studying for Juniper certs.  As I was sitting there doing that, I was listening to the other ""analysts"", who were on the phone all day with various customers providing Juniper helpdesk support more or less. That was their main job.

Then, as they were doing that, they were still closing out 100-150 SIEM cases per hour...The majority of which was IDS false positives, etc. It was obvious that they weren't actually doing any tuning, and certainly weren't doing any real analysis. Closing out 2-3 cases per minute, all day long? Go pound sand.  I left my RSA token with the receptionist and went on a permanent lunch break. 

edit: They also lowballed me on the pay and I accepted because I was still new to Infosec and thought another opportunity would be hard to come by. Shortly after I left there, I got hired onto an awesome in-house blue team and was offered double the salary.",i wouldn t say this is typical but certainly not rare. i got hired at an mssp years ago and i lasted a day and a half. they advertised the job as being your typical soc analyst role but as soon as i got there they had me immediately start studying for juniper certs. as i was sitting there doing that i was listening to the other analysts who were on the phone all day with various customers providing juniper helpdesk support more or less. that was their main job. then as they were doing that they were still closing out         siem cases per hour...the majority of which was ids false positives etc. it was obvious that they weren t actually doing any tuning and certainly weren t doing any real analysis. closing out     cases per minute all day long go pound sand. i left my rsa token with the receptionist and went on a permanent lunch break. edit: they also lowballed me on the pay and i accepted because i was still new to infosec and thought another opportunity would be hard to come by. shortly after i left there i got hired onto an awesome in house blue team and was offered double the salary.,207,16.0,/r/AskNetsec/comments/8c81a0/is_this_a_typical_experience_for_an_mssp_soc/dxd0w1h/,asknetsec,4
fag3pd8,e9279g,t3_e9279g,t3_e9279g,jvisagod,2019-12-11 04:40:57,1576039257.0,2019,12,2019-12,Dude that sounds awful. I would definitely start looking elsewhere as soon as you can.,dude that sounds awful. i would definitely start looking elsewhere as soon as you can.,15,13.0,/r/AskNetsec/comments/e9279g/changed_career_path_to_infosec_doubting_this/fag3pd8/,asknetsec,4
dxd155q,8c81a0,t3_8c81a0,t3_8c81a0,frenchadelic,2018-04-14 17:41:39,1523727699.0,2018,4,2018-04,"Your employer is exceptionally awful. I've seen a lot of the issues you describe at both in-house and MSSP SOCs, but never all at once.

It's good that you know a bad situation when you see one and are planning on getting out.",your employer is exceptionally awful. i ve seen a lot of the issues you describe at both in house and mssp socs but never all at once. it s good that you know a bad situation when you see one and are planning on getting out.,46,5.0,/r/AskNetsec/comments/8c81a0/is_this_a_typical_experience_for_an_mssp_soc/dxd155q/,asknetsec,4
dxd3z9e,8c81a0,t3_8c81a0,t3_8c81a0,WarCleric,2018-04-14 18:33:05,1523730785.0,2018,4,2018-04,"I have to wonder how bad the organizations that hire your company are if they are putting up with this crap service. You need to find someplace that challenges you and appreciates attempts to make things more secure. 

We are currently hiring :)",i have to wonder how bad the organizations that hire your company are if they are putting up with this crap service. you need to find someplace that challenges you and appreciates attempts to make things more secure. we are currently hiring :,43,3.0,/r/AskNetsec/comments/8c81a0/is_this_a_typical_experience_for_an_mssp_soc/dxd3z9e/,asknetsec,4
fagopth,e9279g,t3_e9279g,t3_e9279g,ctmtech,2019-12-11 12:04:57,1576065897.0,2019,12,2019-12,"Sounds very similar to my position. If we had a new start I would of thought he was the one posting it! I got promised a year ago to have a budget to do security stuff. Death by out source means that all I was doing was asking the outsourced networks to implement dot1x to which they denied the request as ‘they don’t deem it required.

I’ve handed my notice in and I’m going to contract whilst I get a cert under my belt and look for a perm role in security. Did you have to take a pay cut for the transition in role? I’m struggling to even get a call back from recruiters for cyber security positions - yet there’s apparently a shortage.",sounds very similar to my position. if we had a new start i would of thought he was the one posting it i got promised a year ago to have a budget to do security stuff. death by out source means that all i was doing was asking the outsourced networks to implement dot x to which they denied the request as they don t deem it required. i ve handed my notice in and i m going to contract whilst i get a cert under my belt and look for a perm role in security. did you have to take a pay cut for the transition in role i m struggling to even get a call back from recruiters for cyber security positions   yet there s apparently a shortage.,130,1.0,/r/AskNetsec/comments/e9279g/changed_career_path_to_infosec_doubting_this/fagopth/,asknetsec,4
j5j0ht5,10iu8oi,t3_10iu8oi,t3_10iu8oi,NK012,2023-01-23 10:00:33,1674468033.0,2023,1,2023-01,Try to get mngmnt to appoint or upgrade some L2s to handle some of the more monotonous tasks or projects that you do now. Ease your load so you can deal with upstream crap more easily.,try to get mngmnt to appoint or upgrade some l s to handle some of the more monotonous tasks or projects that you do now. ease your load so you can deal with upstream crap more easily.,37,0.0,/r/AskNetsec/comments/10iu8oi/a_drowning_solitary_security_engineer_seeking_help/j5j0ht5/,asknetsec,4
e47w9lr,8c81a0,t3_8c81a0,t3_8c81a0,InfoSec_Doggo_LFC,2018-08-15 05:53:51,1534312431.0,2018,8,2018-08,I'm currently on shift right now and stumbled upon this post somehow. I want to tell you this. THIS IS LIKE ONE OF OUR EMPLOYEES HAS WRITTEN IT. We have 6 analysts with 2 pushers (soon to be laid off which leaves us with 4). extreme false positives with extreme noise. upper management only worried about money and every thing you mentioned is exactly the same. lmao. I cannot believe how this sounded exactly like any day at work. Made an account  on here just to tell you about this lol.,i m currently on shift right now and stumbled upon this post somehow. i want to tell you this. this is like one of our employees has written it. we have   analysts with   pushers . extreme false positives with extreme noise. upper management only worried about money and every thing you mentioned is exactly the same. lmao. i cannot believe how this sounded exactly like any day at work. made an account on here just to tell you about this lol.,81,1.0,/r/AskNetsec/comments/8c81a0/is_this_a_typical_experience_for_an_mssp_soc/e47w9lr/,asknetsec,4
hu15bm4,sbl1b2,t3_sbl1b2,t3_sbl1b2,LightningRurik,2022-01-24 15:55:59,1643039759.0,2022,1,2022-01,"I've not transitioned to another IT space, but I have transitioned within cyber security. Many times over in my 20+ years in it.


That said, I think much of your stress and anxiety is self-created. You're three years in, you're still new. This is a field where there is a lot of panic to ensure things are done 100% right. But, they can't be. That's an impossible standard. We make best efforts. Even when I did incident response work there was this gold standard that you found 100% of all artifacts and did not miss a thing -- that is impossible. Everyone misses something. I have missed so many things over the years and, while a customer may vent for awhile, the world moves on. 


If you believe you must move on, I don't think that stigma exists. Again, you're making things hard on yourself. There is no problem moving around. Even if it's spun as ""I was years into security work and, through that process, I had the chance to learn many in-depth intricacies to how the infrastructure works and found a greater passion in that side of things while keeping security in mind.""


I can understand and appreciate the burnout. But, it can be overcome. It will take months, but you need to weigh between overcoming the burnout or trying to find happiness elsewhere, which could also create burnout.",i ve not transitioned to another it space but i have transitioned within cyber security. many times over in my    years in it. that said i think much of your stress and anxiety is self created. you re three years in you re still new. this is a field where there is a lot of panic to ensure things are done     right. but they can t be. that s an impossible standard. we make best efforts. even when i did incident response work there was this gold standard that you found     of all artifacts and did not miss a thing    that is impossible. everyone misses something. i have missed so many things over the years and while a customer may vent for awhile the world moves on. if you believe you must move on i don t think that stigma exists. again you re making things hard on yourself. there is no problem moving around. even if it s spun as i was years into security work and through that process i had the chance to learn many in depth intricacies to how the infrastructure works and found a greater passion in that side of things while keeping security in mind. i can understand and appreciate the burnout. but it can be overcome. it will take months but you need to weigh between overcoming the burnout or trying to find happiness elsewhere which could also create burnout.,237,5.0,/r/AskNetsec/comments/sbl1b2/how_do_i_get_out/hu15bm4/,asknetsec,4
hu0o1xx,sbl1b2,t3_sbl1b2,t3_sbl1b2,Codect,2022-01-24 13:51:59,1643032319.0,2022,1,2022-01,"I understand where you're coming from, I've had the same thoughts myself. Being on a new test every week, even multiple times a week, with a new tech stack and the clients always expecting you as a pentester to just know everything about each part of it. Quickly adapting and learning is part of the job but it can be mentally exhausting. Fun at times of course, but exhausting.

I sometimes think offensive security as an industry just hasn't matured enough yet. The testing ""landscape"" is so vast I foresee much more specialisation in the coming years, with testers focusing on particular areas. Just like how doctors and lawyers generally focus on one area of medicine or law rather than the entire domain.

It certainly doesn't help that the pay in the UK at least is pretty mediocre until you get to senior levels. I know of Juniors starting on as little as 19k. They could get more money stacking shelves or putting new tyres on cars.

If you do go through with finding a different role let us know how it goes.",i understand where you re coming from i ve had the same thoughts myself. being on a new test every week even multiple times a week with a new tech stack and the clients always expecting you as a pentester to just know everything about each part of it. quickly adapting and learning is part of the job but it can be mentally exhausting. fun at times of course but exhausting. i sometimes think offensive security as an industry just hasn t matured enough yet. the testing landscape is so vast i foresee much more specialisation in the coming years with testers focusing on particular areas. just like how doctors and lawyers generally focus on one area of medicine or law rather than the entire domain. it certainly doesn t help that the pay in the uk at least is pretty mediocre until you get to senior levels. i know of juniors starting on as little as   k. they could get more money stacking shelves or putting new tyres on cars. if you do go through with finding a different role let us know how it goes.,187,5.0,/r/AskNetsec/comments/sbl1b2/how_do_i_get_out/hu0o1xx/,asknetsec,4
fahqybp,e9279g,t3_e9279g,t3_e9279g,heylooknewpillows,2019-12-11 19:13:50,1576091630.0,2019,12,2019-12,"You sound miserable. What’s to lose if you look for another role?  

First level SOC work is often soul crushing. 

Unfortunately, a lot of what you write about bad managers, asset management, and lack of appropriate work space for a team supposed to manage security incidents is pretty typical. But there’s more here than that.",you sound miserable. what s to lose if you look for another role first level soc work is often soul crushing. unfortunately a lot of what you write about bad managers asset management and lack of appropriate work space for a team supposed to manage security incidents is pretty typical. but there s more here than that.,57,1.0,/r/AskNetsec/comments/e9279g/changed_career_path_to_infosec_doubting_this/fahqybp/,asknetsec,4
dxduufy,8c81a0,t3_8c81a0,t3_8c81a0,LaughingManDotEXE,2018-04-15 02:55:57,1523760957.0,2018,4,2018-04,"This is a US company (regardless of the outsourced workers). 
I smell fraud, and advertising something as a SIEM that ain't one acting like one. 
It seems like you have all the information now. If you stay any longer and DON'T whistle-blow to BBB or FTC, you'll go down with the ship when someone does. 
You may even get job offers from respectable companies for doing so, or at least State or Federal entities.

Or you can stay for a few months, leave, and hope they never get caught until after you have more experience from a respected company that you can remove them completely from your resume.",this is a us company . i smell fraud and advertising something as a siem that ain t one acting like one. it seems like you have all the information now. if you stay any longer and don t whistle blow to bbb or ftc you ll go down with the ship when someone does. you may even get job offers from respectable companies for doing so or at least state or federal entities. or you can stay for a few months leave and hope they never get caught until after you have more experience from a respected company that you can remove them completely from your resume.,108,2.0,/r/AskNetsec/comments/8c81a0/is_this_a_typical_experience_for_an_mssp_soc/dxduufy/,asknetsec,4
fago8dj,e9279g,t3_e9279g,t3_e9279g,dorkycool,2019-12-11 11:55:19,1576065319.0,2019,12,2019-12,"I agree with everyone else, you laid out a very fair case for your job being a bad situation. You have 10 years in IT and now almost a year in security, start looking around, if you live in a remotely decent market you should be able to find a better job quickly. 

Getting the first foot in security is typically hard, you've already done that, recruiters will likely be all over you.",i agree with everyone else you laid out a very fair case for your job being a bad situation. you have    years in it and now almost a year in security start looking around if you live in a remotely decent market you should be able to find a better job quickly. getting the first foot in security is typically hard you ve already done that recruiters will likely be all over you.,73,2.0,/r/AskNetsec/comments/e9279g/changed_career_path_to_infosec_doubting_this/fago8dj/,asknetsec,4
nubhw5p,1pn16cu,t3_1pn16cu,t3_1pn16cu,alexrada,2025-12-16 11:51:21,1765885881.0,2025,12,2025-12,"depending on the size of the company, organizational chart. 

CTO, Risk Officer, CIO.  
  
What kind of business is that you'd be in a conflict of interest with CTO?",depending on the size of the company organizational chart. cto risk officer cio. what kind of business is that you d be in a conflict of interest with cto,29,1.0,/r/ciso/comments/1pn16cu/who_do_you_report_to/nubhw5p/,ciso,1
nzj20xb,1qb7lml,t3_1qb7lml,t3_1qb7lml,JuliusGroMyCo,2026-01-14 12:37:56,1768394276.0,2026,1,2026-01,"The biotechnology sector is highly regulated (a lot of compliance). Are you responsible only for security (a pure CISO) or for security, information, and data protection, and compliance (like HIPAA, SOC2, ISO27k/42k, GDPR/MDR, EU AI Act)?  
If yes, then it's too much, and you need to:  
a. build CISO office  
OR  
b. Draw a strict responsibility perimeter for your role, which is feasible for one person.

P.S. And keep in mind that you would need some discussion with your bosses about the budget for auditors, implementors, external consultants and fractional experts to fulfil non-regular activities.",the biotechnology sector is highly regulated . are you responsible only for security or for security information and data protection and compliance if yes then it s too much and you need to: a. build ciso office or b. draw a strict responsibility perimeter for your role which is feasible for one person. p.s. and keep in mind that you would need some discussion with your bosses about the budget for auditors implementors external consultants and fractional experts to fulfil non regular activities.,83,1.0,/r/ciso/comments/1qb7lml/too_much_to_handle_or_fit/nzj20xb/,ciso,1
jh3i0pd,12t87xb,t3_12t87xb,t3_12t87xb,john_with_a_camera,2023-04-21 02:33:16,1682044396.0,2023,4,2023-04,"When I ran my services firm, I'd have been ashamed of a 7-issue report. I'm actually thinking of asking the team to hold the pen test credentials up a bit longer, clearing my day, and doing my own test 

It just can't be true that the CISO has to do everything around here, can it?

FYI this is the second time this vendor produced a report like this.  They asked for a second chance to show they could do better  Fool me once...",when i ran my services firm i d have been ashamed of a   issue report. i m actually thinking of asking the team to hold the pen test credentials up a bit longer clearing my day and doing my own test it just can t be true that the ciso has to do everything around here can it fyi this is the second time this vendor produced a report like this. they asked for a second chance to show they could do better fool me once...,86,1.0,/r/ciso/comments/12t87xb/am_i_the_only_one/jh3i0pd/,ciso,1
nu9ybvu,1pn16cu,t3_1pn16cu,t3_1pn16cu,evilmanbot,2025-12-16 03:44:19,1765856659.0,2025,12,2025-12,i’ve reported to both CFO and CTO.  both are different.,i ve reported to both cfo and cto. both are different.,11,1.0,/r/ciso/comments/1pn16cu/who_do_you_report_to/nu9ybvu/,ciso,1
lhlhpxu,1epl8ed,t3_1epl8ed,t3_1epl8ed,chrisa85147,2024-08-11 14:57:35,1723388255.0,2024,8,2024-08,"If you're not fully settled on resigning and hold a glimmer of hope for things changing and retaining your position, I'd advise the below:

Don't ramble or rant. Discuss your concerns in general during the meeting, ensuring they understand the gravity. Tell the CEO you will share a detailed, written summary of the issues and possible consequences/business impacts via email as soon as your meeting is over. Finish your email with proposing a follow-up meeting for Thursday.

After Thursdays follow-up, one way or another, you'll go into Friday morning with clarity,  ready to resign or continue in your role. Next weekend will be much better for you once you've made a definitive choice 👍

Good luck.",if you re not fully settled on resigning and hold a glimmer of hope for things changing and retaining your position i d advise the below: don t ramble or rant. discuss your concerns in general during the meeting ensuring they understand the gravity. tell the ceo you will share a detailed written summary of the issues and possible consequences business impacts via email as soon as your meeting is over. finish your email with proposing a follow up meeting for thursday. after thursdays follow up one way or another you ll go into friday morning with clarity ready to resign or continue in your role. next weekend will be much better for you once you ve made a definitive choice good luck.,123,1.0,/r/ciso/comments/1epl8ed/advice_for_head_of_infosec/lhlhpxu/,ciso,1
no6s0us,1otrhxl,t3_1otrhxl,t3_1otrhxl,kranj7,2025-11-10 22:53:22,1762815202.0,2025,11,2025-11,"It depends on your age.  I don't know the demographic, but if I were to guess, most CISOs are in the 40-50 age bracket.  The ripe age where careers stagnate, yet you're too young for retirement and too old to be hired elsewhere.  AI is increasingly going to disrupt things and in my opinion if you have an opportunity to exit the field (assuming that this is not your passion that is), I would consider such options.  If you do not have options, perhaps you could consider developing an exit strategy.  

I am an ex-CISO now running a small import/export commodity trading business.  Am happier doing this, despite earning less money than in the corporate world.",it depends on your age. i don t know the demographic but if i were to guess most cisos are in the       age bracket. the ripe age where careers stagnate yet you re too young for retirement and too old to be hired elsewhere. ai is increasingly going to disrupt things and in my opinion if you have an opportunity to exit the field i would consider such options. if you do not have options perhaps you could consider developing an exit strategy. i am an ex ciso now running a small import export commodity trading business. am happier doing this despite earning less money than in the corporate world.,110,1.0,/r/ciso/comments/1otrhxl/am_i_stuck/no6s0us/,ciso,1
lqru8py,1fbh2gy,t3_1fbh2gy,t3_1fbh2gy,Obvious-Past-2216,2024-10-07 13:21:30,1728307290.0,2024,10,2024-10,"You are not. What you're looking for non-bureaucratic system that provides you steering capabilities. I moved from 20+ years to building my own.

Thank you for considering small organisations. They come with lot of responsibilities like you rightly assessed.

We are working in the space you invested your career in. [https://bluegennx.ai](https://bluegennx.ai) - if this sounds interesting to you, I'd love to chat over DM. 

My DMs are open, feel free to ping.",you are not. what you re looking for non bureaucratic system that provides you steering capabilities. i moved from    years to building my own. thank you for considering small organisations. they come with lot of responsibilities like you rightly assessed. we are working in the space you invested your career in. url   if this sounds interesting to you i d love to chat over dm. my dms are open feel free to ping.,73,1.0,/r/ciso/comments/1fbh2gy/time_for_a_change/lqru8py/,ciso,1
lhtzn03,1epl8ed,t3_1epl8ed,t3_1epl8ed,Madachode,2024-08-13 00:09:54,1723507794.0,2024,8,2024-08,"Take a break or you’ll get divorced or fired, lose your mind or all of the above.  Find an older mentor to talk to or see a therapist",take a break or you ll get divorced or fired lose your mind or all of the above. find an older mentor to talk to or see a therapist,29,2.0,/r/ciso/comments/1epl8ed/advice_for_head_of_infosec/lhtzn03/,ciso,1
no6mf4l,1otrhxl,t3_1otrhxl,t3_1otrhxl,Responsible_Minute12,2025-11-10 22:22:17,1762813337.0,2025,11,2025-11,"One, I am totally annoyed I didn’t claim that user name. 

Two, you never know what a few years will bring…look at what Microsoft is doing with a more distributed CISO model where they are basically naming 13 functional area deputy roles…that might be the kind of structure you are thinking about.",one i am totally annoyed i didn t claim that user name. two you never know what a few years will bring look at what microsoft is doing with a more distributed ciso model where they are basically naming    functional area deputy roles that might be the kind of structure you are thinking about.,54,5.0,/r/ciso/comments/1otrhxl/am_i_stuck/no6mf4l/,ciso,1
nzcr753,1qb7lml,t3_1qb7lml,t3_1qb7lml,j_sec-42,2026-01-13 14:07:10,1768313230.0,2026,1,2026-01,"At 3000 employees with that scope, you're going to burn out trying to do everything yourself. My advice would be to focus on a few high-impact fundamentals first, then build the case for additional headcount once you've got your baseline solid.

The biggest wins for a solo security person in your position:

**1. Incident response through an MSSP.** You can't be on call 24/7/365. Partner with someone who can help you hit CrowdStrike's 1-10-60 benchmark (1 minute to detect, 10 minutes to respond, 60 minutes to recover). This alone will let you sleep at night.

**2. A solid EDR product.** CrowdStrike, Microsoft Defender, or SentinelOne are all strong choices depending on your environment and budget. This is table stakes for any organization your size.

**3. Strong authentication everywhere.** MFA at minimum on all systems, both on-prem and cloud. If you can push for FIDO2 hardware keys, even better. This kills a huge percentage of common attack vectors.

Get these three things locked down and you'll have breathing room to actually think strategically. Plus you'll have real data to show leadership why you need budget for at least one more person on your team.",at      employees with that scope you re going to burn out trying to do everything yourself. my advice would be to focus on a few high impact fundamentals first then build the case for additional headcount once you ve got your baseline solid. the biggest wins for a solo security person in your position:  . incident response through an mssp. you can t be on call         . partner with someone who can help you hit crowdstrike s         benchmark . this alone will let you sleep at night.  . a solid edr product. crowdstrike microsoft defender or sentinelone are all strong choices depending on your environment and budget. this is table stakes for any organization your size.  . strong authentication everywhere. mfa at minimum on all systems both on prem and cloud. if you can push for fido  hardware keys even better. this kills a huge percentage of common attack vectors. get these three things locked down and you ll have breathing room to actually think strategically. plus you ll have real data to show leadership why you need budget for at least one more person on your team.,188,2.0,/r/ciso/comments/1qb7lml/too_much_to_handle_or_fit/nzcr753/,ciso,1
nzd96ra,1qb7lml,t3_1qb7lml,t3_1qb7lml,BBC_water6620,2026-01-13 15:37:39,1768318659.0,2026,1,2026-01,"You need a team! For you to manage all of this doesn’t sound like a recipe for success. If you can get at least 2-3 ppl to start with, demonstrate value, and then ask for 2-3 more.",you need a team for you to manage all of this doesn t sound like a recipe for success. if you can get at least     ppl to start with demonstrate value and then ask for     more.,36,2.0,/r/ciso/comments/1qb7lml/too_much_to_handle_or_fit/nzd96ra/,ciso,1
lhlj34x,1epl8ed,t3_1epl8ed,t3_1epl8ed,burtvader,2024-08-11 15:05:28,1723388728.0,2024,8,2024-08,"I spent time writing a macro in excel that opened a command prompt with a red background and white text, saying “thank you for agreeing to encrypt your files, ring this number with bitcoin to release them.” And included a 0 to 100% bar that crept higher ever so slowly.

Sent the excel file to a few idiots up the tree from a domain squatting domain I bought and enjoyed the fallout.

These days the file is detected by exploit detection in edr but at the time it was glorious.",i spent time writing a macro in excel that opened a command prompt with a red background and white text saying thank you for agreeing to encrypt your files ring this number with bitcoin to release them. and included a   to     bar that crept higher ever so slowly. sent the excel file to a few idiots up the tree from a domain squatting domain i bought and enjoyed the fallout. these days the file is detected by exploit detection in edr but at the time it was glorious.,88,1.0,/r/ciso/comments/1epl8ed/advice_for_head_of_infosec/lhlj34x/,ciso,1
nu4lt5w,1pn16cu,t3_1pn16cu,t3_1pn16cu,Scary_Definition_666,2025-12-15 08:56:33,1765788993.0,2025,12,2025-12,Oh that depends on the overall structure. Usually I'd agree it's a conflict of interest to have person responsible for security report to the person responsible for technology delivery,oh that depends on the overall structure. usually i d agree it s a conflict of interest to have person responsible for security report to the person responsible for technology delivery,31,2.0,/r/ciso/comments/1pn16cu/who_do_you_report_to/nu4lt5w/,ciso,1
lm0xzkg,1fbh2gy,t3_1fbh2gy,t3_1fbh2gy,j_mcc99,2024-09-07 22:44:27,1725749067.0,2024,9,2024-09,"In my experience , CTO’s are focused on service delivery which is often times in conflict with security. You probably already know all this.",in my experience cto s are focused on service delivery which is often times in conflict with security. you probably already know all this.,24,7.0,/r/ciso/comments/1fbh2gy/time_for_a_change/lm0xzkg/,ciso,1
no838of,1otrhxl,t3_1otrhxl,t3_1otrhxl,CarmeloTronPrime,2025-11-11 03:35:12,1762832112.0,2025,11,2025-11,"CIO, CTO, CRO. and... you can also start something and be CEO",cio cto cro. and... you can also start something and be ceo,12,1.0,/r/ciso/comments/1otrhxl/am_i_stuck/no838of/,ciso,1
nu5h0lh,1pn16cu,t3_1pn16cu,t3_1pn16cu,Low_Appearance_9921,2025-12-15 13:24:36,1765805076.0,2025,12,2025-12,"I’ve been a CISO for a hospital and a business school, always reported to the CTO. It has its pros and cons. Main cons are about budget and mid-term vision. The CTO can have the final word if he isn’t aligned with your vision of security projects. It can be a good collaboration if the CTO trusts you and your skills. But when the CTO doesn’t fully trust your judgement, it’s a dead end",i ve been a ciso for a hospital and a business school always reported to the cto. it has its pros and cons. main cons are about budget and mid term vision. the cto can have the final word if he isn t aligned with your vision of security projects. it can be a good collaboration if the cto trusts you and your skills. but when the cto doesn t fully trust your judgement it s a dead end,79,3.0,/r/ciso/comments/1pn16cu/who_do_you_report_to/nu5h0lh/,ciso,1
jh42gyy,12t87xb,t3_12t87xb,t3_12t87xb,Sawell,2023-04-21 05:54:06,1682056446.0,2023,4,2023-04,"Owner of a software company and co-founder of a startup cyber security platform here, might be able to shed some light on one possible common reason for this. We often get the same puzzled response of 'is that it?', I would say the answer is no, that's not it at all, but so many web applications now run entirely client-side that pen testers are failing to accurately test the stack and opting instead for OWASP-then-not-much-else.   


Burpsuite etc has made everyone who doesn't know full stack development feel far too confident in their own range of pen testing that everyone's spending their time making the reports look nice rather than doing the job. This is only anecdotal so take it with a pinch of salt but my advice would be to go for dark grey/black box pen testing. Those guys tend to be more like you and I and do it for the passion rather than so much of the market who seem to have got in it for the money.  


P.s. the same has happened as above in the development market, developers with a security mindset are unicorns and the market is full of 'serverless' developers who are horrifyingly ignorant of even fundamentals in infosec.",owner of a software company and co founder of a startup cyber security platform here might be able to shed some light on one possible common reason for this. we often get the same puzzled response of is that it i would say the answer is no that s not it at all but so many web applications now run entirely client side that pen testers are failing to accurately test the stack and opting instead for owasp then not much else. burpsuite etc has made everyone who doesn t know full stack development feel far too confident in their own range of pen testing that everyone s spending their time making the reports look nice rather than doing the job. this is only anecdotal so take it with a pinch of salt but my advice would be to go for dark grey black box pen testing. those guys tend to be more like you and i and do it for the passion rather than so much of the market who seem to have got in it for the money. p.s. the same has happened as above in the development market developers with a security mindset are unicorns and the market is full of serverless developers who are horrifyingly ignorant of even fundamentals in infosec.,215,3.0,/r/ciso/comments/12t87xb/am_i_the_only_one/jh42gyy/,ciso,1
lm0qnsm,1fbh2gy,t3_1fbh2gy,t3_1fbh2gy,E_Sini,2024-09-07 21:59:28,1725746368.0,2024,9,2024-09,"Just ensure you're not trading in one set of frustrating problems for another. I've been th3 Head of Security at a startup (less than 75 people when I started) and it was amazing. However there was a lot of trial by fire even with experience as you're starting to implement everything fresh. There will always be some problems that frustrate you, but if you're happy more often than not, it's worth staying (or making the jump).",just ensure you re not trading in one set of frustrating problems for another. i ve been th  head of security at a startup and it was amazing. however there was a lot of trial by fire even with experience as you re starting to implement everything fresh. there will always be some problems that frustrate you but if you re happy more often than not it s worth staying .,71,3.0,/r/ciso/comments/1fbh2gy/time_for_a_change/lm0qnsm/,ciso,1
nu57tgx,1pn16cu,t3_1pn16cu,t3_1pn16cu,irishcybercolab,2025-12-15 12:21:54,1765801314.0,2025,12,2025-12,"Massive conflicts and negotiation of pathways forward are fully expected in our game of pointing fingers at who and why we do things. 

It's best to allow your risk registry to help decrease the movement and accountability since not everything in the contested duties are things you need to handle or deliver when it's the business handling so much of the risk they allow or simply accept.

Remember to use all of the tools in your quiver while you're in the quagmire of politics and glory hunters.  Quite often, if the responsible party signs off after I given them a risk registry, a treatment plan, and a lot of advice and they don't follow it, then I no longer care about that portion of the scope and make sure I put one of those other set of initials as the responsible party and I follow it up with an email to myself and the accountability target and simply move onto the next set of risk I must contain or treat.

The politics seem to be the easiest portion of my role.  Take no shit and allow those who don't think risk is real, to find out for themselves.",massive conflicts and negotiation of pathways forward are fully expected in our game of pointing fingers at who and why we do things. it s best to allow your risk registry to help decrease the movement and accountability since not everything in the contested duties are things you need to handle or deliver when it s the business handling so much of the risk they allow or simply accept. remember to use all of the tools in your quiver while you re in the quagmire of politics and glory hunters. quite often if the responsible party signs off after i given them a risk registry a treatment plan and a lot of advice and they don t follow it then i no longer care about that portion of the scope and make sure i put one of those other set of initials as the responsible party and i follow it up with an email to myself and the accountability target and simply move onto the next set of risk i must contain or treat. the politics seem to be the easiest portion of my role. take no shit and allow those who don t think risk is real to find out for themselves.,203,8.0,/r/ciso/comments/1pn16cu/who_do_you_report_to/nu57tgx/,ciso,1
li2dzdu,1epl8ed,t3_1epl8ed,t3_1epl8ed,Ok-Werewolf-3765,2024-08-14 12:51:42,1723639902.0,2024,8,2024-08,"Do you utilise any frameworks like iso27001? You can use these to bolster your security maturity, manage risk, increase accountability across the business and if you get certified show improvement to the business as well as possibly increasing profitability if it makes it easier to sell to clients. Security is a business concern, your job is to advise the business accordingly of risks where they occur and how to counter them. You can utilise tools of varying quality and expense to reduce risk. Also speak to the ceo about the risk tolerance of the business. Use business continuity and disaster recovery to highlight where problems could occur and how much they could cost the business. Financial impact based on probability should set the tone for your budget to increase security maturity. Not to forget if you’ve raised risk and not been given the budget to mitigate then it’s out of your control. When the poo hits the fan you can say I told you so, now give me some budget so it doesn’t happen again",do you utilise any frameworks like iso      you can use these to bolster your security maturity manage risk increase accountability across the business and if you get certified show improvement to the business as well as possibly increasing profitability if it makes it easier to sell to clients. security is a business concern your job is to advise the business accordingly of risks where they occur and how to counter them. you can utilise tools of varying quality and expense to reduce risk. also speak to the ceo about the risk tolerance of the business. use business continuity and disaster recovery to highlight where problems could occur and how much they could cost the business. financial impact based on probability should set the tone for your budget to increase security maturity. not to forget if you ve raised risk and not been given the budget to mitigate then it s out of your control. when the poo hits the fan you can say i told you so now give me some budget so it doesn t happen again,178,1.0,/r/ciso/comments/1epl8ed/advice_for_head_of_infosec/li2dzdu/,ciso,1
lhm3by4,1epl8ed,t3_1epl8ed,t3_1epl8ed,craa141,2024-08-11 16:59:53,1723395593.0,2024,8,2024-08,"Being a CISO is about managing the risk.  That may mean closing security holes or may mean readiness in case you are compromised.  It is also literally your job to educate the business on the risks and to try to affect change. If you are running into trouble articulating that speak to other CISO’s.  The community is very helpful and willing to share best practices and tools that may be used to improve security for all or to help you communicate within the business.  

Take ownership of Cybersecurity instead of saying they are not your fault and manage them to the best ability you have given the resources you have.  If you want to talk PM me or reach out to any of the CISO groups on LinkedIn.  I think you will be surprised how willing people are to talk through issues and help and frankly it helps us to discuss them.",being a ciso is about managing the risk. that may mean closing security holes or may mean readiness in case you are compromised. it is also literally your job to educate the business on the risks and to try to affect change. if you are running into trouble articulating that speak to other ciso s. the community is very helpful and willing to share best practices and tools that may be used to improve security for all or to help you communicate within the business. take ownership of cybersecurity instead of saying they are not your fault and manage them to the best ability you have given the resources you have. if you want to talk pm me or reach out to any of the ciso groups on linkedin. i think you will be surprised how willing people are to talk through issues and help and frankly it helps us to discuss them.,153,3.0,/r/ciso/comments/1epl8ed/advice_for_head_of_infosec/lhm3by4/,ciso,1
no6mkoj,1otrhxl,t3_1otrhxl,t3_1otrhxl,TickleMyBurger,2025-11-10 22:23:09,1762813389.0,2025,11,2025-11,"I’ve been a CISO for probably 20 years, I’m pretty much done with it at this point but putting in another 5-10 years max before I hang up my skates; but I’d quit now if the economy wasn’t such a disaster (the money I have has to last hopefully a long time).

I’d love to get a role back to tech and away from the board room again but it would take too long to get relevant certs again. If you’ve only been “out” for three years I’d like your relevancy curve would be much shorter - do you have senior level cloud certs or something technical and relevant now?",i ve been a ciso for probably    years i m pretty much done with it at this point but putting in another      years max before i hang up my skates but i d quit now if the economy wasn t such a disaster . i d love to get a role back to tech and away from the board room again but it would take too long to get relevant certs again. if you ve only been out for three years i d like your relevancy curve would be much shorter   do you have senior level cloud certs or something technical and relevant now,104,3.0,/r/ciso/comments/1otrhxl/am_i_stuck/no6mkoj/,ciso,1
lhy5e56,1epl8ed,t3_1epl8ed,t3_1epl8ed,_johnbradbury,2024-08-13 18:15:46,1723572946.0,2024,8,2024-08,"It can be frustrating but take some comfort in knowing that this isn’t about you, and it’s not personal. The other involved parties and stakeholders have their own objectives and goals which they need to prioritise. 

If you want to get things done then you need to be able to influence those stakeholders and put them squarely in your corner. Try looking at things slightly differently, where do your objectives meet, how can you help each other?

Consider talking to the CEO about making some of the information security programme objectives shared across the delivery teams.

Regular face time with the CEO is going to be important.",it can be frustrating but take some comfort in knowing that this isn t about you and it s not personal. the other involved parties and stakeholders have their own objectives and goals which they need to prioritise. if you want to get things done then you need to be able to influence those stakeholders and put them squarely in your corner. try looking at things slightly differently where do your objectives meet how can you help each other consider talking to the ceo about making some of the information security programme objectives shared across the delivery teams. regular face time with the ceo is going to be important.,109,2.0,/r/ciso/comments/1epl8ed/advice_for_head_of_infosec/lhy5e56/,ciso,1
nu5669q,1pn16cu,t3_1pn16cu,t3_1pn16cu,merdock79,2025-12-15 12:09:10,1765800550.0,2025,12,2025-12,"Depends on your business. 

If you are SaaS I love reporting to CTO. Whole focus is to build for revenue which makes it easier to get headcount and build security into the product. You are not thought of as a cost center. I don’t have any issues with conflict of interest, maybe it’s that we agree the number one asset to protect is customer data.",depends on your business. if you are saas i love reporting to cto. whole focus is to build for revenue which makes it easier to get headcount and build security into the product. you are not thought of as a cost center. i don t have any issues with conflict of interest maybe it s that we agree the number one asset to protect is customer data.,67,3.0,/r/ciso/comments/1pn16cu/who_do_you_report_to/nu5669q/,ciso,1
lm3rct0,1fbh2gy,t3_1fbh2gy,t3_1fbh2gy,dalethedonkey,2024-09-08 12:34:14,1725798854.0,2024,9,2024-09,You failed to mention the salaries/delta in salary. That’s going to be a factor for most people,you failed to mention the salaries delta in salary. that s going to be a factor for most people,19,2.0,/r/ciso/comments/1fbh2gy/time_for_a_change/lm3rct0/,ciso,1
nzpbmtl,1qb7lml,t3_1qb7lml,t3_1qb7lml,Ok_Interaction_7267,2026-01-15 09:57:58,1768471078.0,2026,1,2026-01,"That’s not impostor syndrome - that’s too much scope for one person.

You can keep it afloat solo, but you’ll live in reactive mode and never go deep. One incident or audit will make that obvious fast.

Best move: add 1–2 people or outsource pieces (SOC, audits). Biotech + regulated data isn’t a one-man security job.",that s not impostor syndrome   that s too much scope for one person. you can keep it afloat solo but you ll live in reactive mode and never go deep. one incident or audit will make that obvious fast. best move: add     people or outsource pieces . biotech regulated data isn t a one man security job.,57,1.0,/r/ciso/comments/1qb7lml/too_much_to_handle_or_fit/nzpbmtl/,ciso,1
nu580mx,1pn16cu,t3_1pn16cu,t3_1pn16cu,Candid-Molasses-6204,2025-12-15 12:23:23,1765801403.0,2025,12,2025-12,It’s always a conflict of interest and the CTO is usually putting pressure on the CISO to control cost and not dealing with stuff they don’t think matters.,it s always a conflict of interest and the cto is usually putting pressure on the ciso to control cost and not dealing with stuff they don t think matters.,30,3.0,/r/ciso/comments/1pn16cu/who_do_you_report_to/nu580mx/,ciso,1
nz8nxi4,1qb7lml,t3_1qb7lml,t3_1qb7lml,jtkooch,2026-01-12 21:53:03,1768254783.0,2026,1,2026-01,"Whats the IT budget and headcount? While not a perfect benchmark, I would think a 3000 seat org would expect to set cybersecurity at about 10% of what they are investing in IT. Lower if they are still in early funding rounds; *should* be higher if they have already IPOd. 

Are you executing an existing strategy? Is there already an ISMS? Are they expecting you to do first and second line risk management? I don’t think there’s an answer to any of those questions which would result in “ok, one person is enough”, but if you’re looking to articulate the need for more resources those questions to keep in mind.

I wouldn’t run for the hills. Bio is incredibly insular and the fact that you got in one now gives you a line on your résumé that will make it easier to get into another bio firm later.",whats the it budget and headcount while not a perfect benchmark i would think a      seat org would expect to set cybersecurity at about    of what they are investing in it. lower if they are still in early funding rounds should be higher if they have already ipod. are you executing an existing strategy is there already an isms are they expecting you to do first and second line risk management i don t think there s an answer to any of those questions which would result in ok one person is enough but if you re looking to articulate the need for more resources those questions to keep in mind. i wouldn t run for the hills. bio is incredibly insular and the fact that you got in one now gives you a line on your r sum  that will make it easier to get into another bio firm later.,151,5.0,/r/ciso/comments/1qb7lml/too_much_to_handle_or_fit/nz8nxi4/,ciso,1
nofu6ak,1otrhxl,t3_1otrhxl,t3_1otrhxl,bmhoskinson,2025-11-12 11:30:32,1762947032.0,2025,11,2025-11,"I understand the job search frustration. I am on the other side of the coin looking to find my first CISO position at 45. I have worked in small organizations my entire career, many times being both chief cook and bottle washer in IT and Cybersecurity. 

When interviewing, it feels like the fact that I haven’t managed a multimillion dollar budged and a large team of dozens just knocks me out of the race. I’m of the opinion that skills scale though. I worked for a financial advisor who I asked how he dealt with managing large sums of money, he said I just knock the zeros off the end. So a million dollar budget is the same as a thousand dollar budget and a 20 person team, if you can manage people at all, is not much different that two or three.

I have read others comments and largely agree. If you have a good reason to make a move down to a smaller ore or to a more technical position express those to recruiters and interviewers in a way that puts a positive light on it and highlight the benefits of your experience you bring with that shift in position.",i understand the job search frustration. i am on the other side of the coin looking to find my first ciso position at   . i have worked in small organizations my entire career many times being both chief cook and bottle washer in it and cybersecurity. when interviewing it feels like the fact that i haven t managed a multimillion dollar budged and a large team of dozens just knocks me out of the race. i m of the opinion that skills scale though. i worked for a financial advisor who i asked how he dealt with managing large sums of money he said i just knock the zeros off the end. so a million dollar budget is the same as a thousand dollar budget and a    person team if you can manage people at all is not much different that two or three. i have read others comments and largely agree. if you have a good reason to make a move down to a smaller ore or to a more technical position express those to recruiters and interviewers in a way that puts a positive light on it and highlight the benefits of your experience you bring with that shift in position.,203,1.0,/r/ciso/comments/1otrhxl/am_i_stuck/nofu6ak/,ciso,1
nog7aa6,1otrhxl,t3_1otrhxl,t3_1otrhxl,patGmoney,2025-11-12 13:08:09,1762952889.0,2025,11,2025-11,"Well Danny, the world could always use more ditch diggers. 
- Judge Shmails",well danny the world could always use more ditch diggers.   judge shmails,12,1.0,/r/ciso/comments/1otrhxl/am_i_stuck/nog7aa6/,ciso,1
nz8qf3w,1qb7lml,t3_1qb7lml,t3_1qb7lml,tikseris,2026-01-12 22:04:41,1768255481.0,2026,1,2026-01,"Ask the CEO to be responsible for the executing the lab work as well and see how far you get. :-D

Seriously though. At start ups, CTOs usually write code (and the title CTO is honorary at that point, you're not chiefing anything). But as the business grows it becomes restrictive to growth for the chief to do the grunt work as well. Eventually you are executing (not executing in you execute the stuff, but egsecuting like you are the egsecutor egsecutiving) or you are doing the work. That's where the whole ""Don't call me sir, I work for a living"" thing comes from. If you are doing code reviews or checking the locks on the syringe cabinet then you are not egsecutiving. The CISO becomes an honorary, not a function.

It's up to you where you want your future to go. Do you want to be an executive or do you want to be a security engineer? They are not the same thing. The executive is more of a business manager, the security engineering can put all the stuff into place. Any position that asks you to do both is either unaware (welcome to being an executive, it's part of your job to educate to accomplish the outcome of increased budget and headcount) or intentially sucking you dry knowing that you'll last less than two years.

Figure out what you want and then derive as much value (while providing as much value) as you can from that position and then move to what aligns with your goals.

Outside of the fact that the market sucks chicklets right now, so job hopping isn't the best strategy, but I'm talking mid-term strategy, not next week strategy.",ask the ceo to be responsible for the executing the lab work as well and see how far you get. : d seriously though. at start ups ctos usually write code . but as the business grows it becomes restrictive to growth for the chief to do the grunt work as well. eventually you are executing or you are doing the work. that s where the whole don t call me sir i work for a living thing comes from. if you are doing code reviews or checking the locks on the syringe cabinet then you are not egsecutiving. the ciso becomes an honorary not a function. it s up to you where you want your future to go. do you want to be an executive or do you want to be a security engineer they are not the same thing. the executive is more of a business manager the security engineering can put all the stuff into place. any position that asks you to do both is either unaware or intentially sucking you dry knowing that you ll last less than two years. figure out what you want and then derive as much value as you can from that position and then move to what aligns with your goals. outside of the fact that the market sucks chicklets right now so job hopping isn t the best strategy but i m talking mid term strategy not next week strategy.,240,4.0,/r/ciso/comments/1qb7lml/too_much_to_handle_or_fit/nz8qf3w/,ciso,1
nzx0n1n,1qb7lml,t3_1qb7lml,t3_1qb7lml,Mission-Custard6306,2026-01-16 13:31:00,1768570260.0,2026,1,2026-01,"There were many good answers already, especially about risk management and documenting decisions.

From my experience it is very unlikely that you will get 2-3 people to build a small team just because you say you need them.

When I talk to other CISOs or by reading job descriptions, I got the impression that it is not very uncommon, that non-IT companies think they can just hire a ""security guy"", call him/her CISO, and that's it. Checkmark item done.

To improve your situation it would be good to make the problem visible and let other people do it.

Try to get your security function audited, either as part of an annual audit, or by spending some budget for a well-known consulting firm. Audit reports have a high weight for CEOs, because they show gaps in the management of a company, gaps a CEO is responsible for. And there is always someone above the CEO, either a regulator or an investor.

By the way, if you pay for the audit you can also talk to the auditors and ask them to make your dilemma very clear in the audit report.",there were many good answers already especially about risk management and documenting decisions. from my experience it is very unlikely that you will get     people to build a small team just because you say you need them. when i talk to other cisos or by reading job descriptions i got the impression that it is not very uncommon that non it companies think they can just hire a security guy call him her ciso and that s it. checkmark item done. to improve your situation it would be good to make the problem visible and let other people do it. try to get your security function audited either as part of an annual audit or by spending some budget for a well known consulting firm. audit reports have a high weight for ceos because they show gaps in the management of a company gaps a ceo is responsible for. and there is always someone above the ceo either a regulator or an investor. by the way if you pay for the audit you can also talk to the auditors and ask them to make your dilemma very clear in the audit report.,192,1.0,/r/ciso/comments/1qb7lml/too_much_to_handle_or_fit/nzx0n1n/,ciso,1
lm9i50g,1fbh2gy,t3_1fbh2gy,t3_1fbh2gy,PanchoLaRue,2024-09-09 11:57:14,1725883034.0,2024,9,2024-09,"Head of IT Security and IT Operations (regardless of title) seems to be more common, especially in finance/insurance space.

Not sure if that’s a good thing or not, but definitely seems to be a thing.",head of it security and it operations seems to be more common especially in finance insurance space. not sure if that s a good thing or not but definitely seems to be a thing.,34,2.0,/r/ciso/comments/1fbh2gy/time_for_a_change/lm9i50g/,ciso,1
no6wj6z,1otrhxl,t3_1otrhxl,t3_1otrhxl,DonHastily,2025-11-10 23:19:40,1762816780.0,2025,11,2025-11,"In this job market, I wouldn’t ascribe too much meaning to one rejection.",in this job market i wouldn t ascribe too much meaning to one rejection.,14,2.0,/r/ciso/comments/1otrhxl/am_i_stuck/no6wj6z/,ciso,1
no7v9gy,1otrhxl,t3_1otrhxl,t3_1otrhxl,Slight-Department-80,2025-11-11 02:46:17,1762829177.0,2025,11,2025-11,"As someone that is eyeing CISO or Leading a security org positions this is helpful to read. I’ve been a bit hesitant to fully commit to the CISO path. I currently report to our CISO leading GRC, but wonder what happens after you become CISO…do you just do the CISO role for forever haha",as someone that is eyeing ciso or leading a security org positions this is helpful to read. i ve been a bit hesitant to fully commit to the ciso path. i currently report to our ciso leading grc but wonder what happens after you become ciso do you just do the ciso role for forever haha,56,1.0,/r/ciso/comments/1otrhxl/am_i_stuck/no7v9gy/,ciso,1
no6mevi,1otrhxl,t3_1otrhxl,t3_1otrhxl,Day_Mysterious,2025-11-10 22:22:15,1762813335.0,2025,11,2025-11,Consider looking for CIO roles at smaller orgs.  Having the CISO background would be attractive in a smaller org. Also look at nonprofit if you are willing to trade a little salary for something rewarding.  They tend to be more willing to think outside of the box when hiring.,consider looking for cio roles at smaller orgs. having the ciso background would be attractive in a smaller org. also look at nonprofit if you are willing to trade a little salary for something rewarding. they tend to be more willing to think outside of the box when hiring.,49,16.0,/r/ciso/comments/1otrhxl/am_i_stuck/no6mevi/,ciso,1
nu650j7,1pn16cu,t3_1pn16cu,t3_1pn16cu,Sp00k_x,2025-12-15 15:36:39,1765812999.0,2025,12,2025-12,"Been in that situation before, only reason why I agreed to it was because he was co-owner of the company. Was still a pain in the balls. These days I make sure I report to the CEO or Board of Directors, otherwise I’m not interested.",been in that situation before only reason why i agreed to it was because he was co owner of the company. was still a pain in the balls. these days i make sure i report to the ceo or board of directors otherwise i m not interested.,47,2.0,/r/ciso/comments/1pn16cu/who_do_you_report_to/nu650j7/,ciso,1
lhlnbus,1epl8ed,t3_1epl8ed,t3_1epl8ed,Reveal_Nothing,2024-08-11 15:29:26,1723390166.0,2024,8,2024-08,"If you report directly to the CEO, you're in a better position to affect change than 80% of CISOs.  Resigning before having a SERIES (not just one lunch meeting) of discussions and collaborations with your boss is foolish.

  
The degree to which an organization takes security seriously is a function of tone at the top.  You need the CEO to help you message out to the company that cyber risk is business risk and, as such, it will be attended to.  That's not just a one-time email from him/her to their deputies, though.  It's references in all-hands meetings, it's appropriate budget allocation and headcount, it's incorporating security objectives into the performance plans of their directs, etc.

  
Come up with a list of reasonable, strategic (not tactical) changes you'd like to see along with a timeline for those changes.  Present it to your boss and see what they say.  If they blow you off, either start looking or figure out how you maximize your positioning for your exit.  But don't act rashly.  You're at the top of the pyramid and those positions don't come easily even though it sounds like you reached that position quickly.  Throwing out the baby with the bathwater is not the move to make.

  
Last thought.  Being renamed to CISO should be on your list.  Having a C-level title is a ""free"" change for the org that helps emphasize the importance of cyber to the rest of the company.  As importantly, it resonates FAR better with recruiters and hiring managers when you're looking for that next CISO-like gig.",if you report directly to the ceo you re in a better position to affect change than    of cisos. resigning before having a series of discussions and collaborations with your boss is foolish. the degree to which an organization takes security seriously is a function of tone at the top. you need the ceo to help you message out to the company that cyber risk is business risk and as such it will be attended to. that s not just a one time email from him her to their deputies though. it s references in all hands meetings it s appropriate budget allocation and headcount it s incorporating security objectives into the performance plans of their directs etc. come up with a list of reasonable strategic changes you d like to see along with a timeline for those changes. present it to your boss and see what they say. if they blow you off either start looking or figure out how you maximize your positioning for your exit. but don t act rashly. you re at the top of the pyramid and those positions don t come easily even though it sounds like you reached that position quickly. throwing out the baby with the bathwater is not the move to make. last thought. being renamed to ciso should be on your list. having a c level title is a free change for the org that helps emphasize the importance of cyber to the rest of the company. as importantly it resonates far better with recruiters and hiring managers when you re looking for that next ciso like gig.,268,19.0,/r/ciso/comments/1epl8ed/advice_for_head_of_infosec/lhlnbus/,ciso,1
no90v38,1otrhxl,t3_1otrhxl,t3_1otrhxl,vicbhatia,2025-11-11 08:15:04,1762848904.0,2025,11,2025-11,"Have you thought about taking on an advisory or CISO-adjacent role that broadens your skill set and strengthens your personal brand? Roles that directly influence a company’s top-line growth are especially valuable. For example, you could advise an organization on leveraging security as a go-to-market differentiator, or on accelerating entry into a new market or geographic region. You could then turn that experience into a case study and use it to build relationships with leaders you can most impact, such as Chief Revenue Officers or Chief Product Officers.",have you thought about taking on an advisory or ciso adjacent role that broadens your skill set and strengthens your personal brand roles that directly influence a company s top line growth are especially valuable. for example you could advise an organization on leveraging security as a go to market differentiator or on accelerating entry into a new market or geographic region. you could then turn that experience into a case study and use it to build relationships with leaders you can most impact such as chief revenue officers or chief product officers.,93,1.0,/r/ciso/comments/1otrhxl/am_i_stuck/no90v38/,ciso,1
nz8k9i7,1qb7lml,t3_1qb7lml,t3_1qb7lml,Thedudeabide80,2026-01-12 21:36:20,1768253780.0,2026,1,2026-01,"I mean, you can't operate 24x7 so at a minimum you'll need some sort of service to do security monitoring/IR. Beyond that for 3K ppl the biotech folks can talk in more detail but you'll probably need 2-3 people to do ""security stuff"" and if you're in any regulatory area you may have SOD and other compliance goals. Are you exposed to HIPAA in any way?",i mean you can t operate   x  so at a minimum you ll need some sort of service to do security monitoring ir. beyond that for  k ppl the biotech folks can talk in more detail but you ll probably need     people to do security stuff and if you re in any regulatory area you may have sod and other compliance goals. are you exposed to hipaa in any way,70,11.0,/r/ciso/comments/1qb7lml/too_much_to_handle_or_fit/nz8k9i7/,ciso,1
nu60zuw,1pn16cu,t3_1pn16cu,t3_1pn16cu,martynjsimpson,2025-12-15 15:16:36,1765811796.0,2025,12,2025-12,"It depends massively on the organization, the type of person you are, the type of person the CTO is, and more.

I have reported to CTO's in Tech/ SaaS businesses which makes sense as most the ""risk"" is in the Technology org - being plugged into that org is massively beneficial.

The only thing you need to ensure is that you have the wherewithal and ability to escalate above/ around the CTO if the need arises. In my CISO capacity, I treated my CTO in the same way I would any other C-Suite exec and I would never let them being my ""manager"" affect that role. 

I have, and would again, go around the CTO for matters that were caused by them, however, just like any other C-Suite, I would have a conversation with the CTO first. It goes something like this

CISO to CTO - ""Hey I am aware you have made this decision regarding ABC, unfortunately that represents a risk for XYZ, assuming you are still wishing to proceed then I will need to log this as a Risk and notify the Board inline with our risk management process. We also need to agree the compensating controls. In addition would you like me to include any notes from you when I raise this risk with the board?""

CISO to Board - ""I am writing in regards to ABC decision that created risk in XYZ, CTO has provided the below justification and I seek your sign-off with the designated risk, proposed compensating controls to reduce the risk to an acceptable level'",it depends massively on the organization the type of person you are the type of person the cto is and more. i have reported to cto s in tech  saas businesses which makes sense as most the risk is in the technology org   being plugged into that org is massively beneficial. the only thing you need to ensure is that you have the wherewithal and ability to escalate above  around the cto if the need arises. in my ciso capacity i treated my cto in the same way i would any other c suite exec and i would never let them being my manager affect that role. i have and would again go around the cto for matters that were caused by them however just like any other c suite i would have a conversation with the cto first. it goes something like this ciso to cto   hey i am aware you have made this decision regarding abc unfortunately that represents a risk for xyz assuming you are still wishing to proceed then i will need to log this as a risk and notify the board inline with our risk management process. we also need to agree the compensating controls. in addition would you like me to include any notes from you when i raise this risk with the board ciso to board   i am writing in regards to abc decision that created risk in xyz cto has provided the below justification and i seek your sign off with the designated risk proposed compensating controls to reduce the risk to an acceptable level,263,6.0,/r/ciso/comments/1pn16cu/who_do_you_report_to/nu60zuw/,ciso,1
no9cw5t,1otrhxl,t3_1otrhxl,t3_1otrhxl,jovzta,2025-11-11 10:21:06,1762856466.0,2025,11,2025-11,Those who think they're stuck... Are usually the ones who put themselves there.,those who think they re stuck... are usually the ones who put themselves there.,14,1.0,/r/ciso/comments/1otrhxl/am_i_stuck/no9cw5t/,ciso,1
nze5gk2,1qbpevw,t3_1qbpevw,t3_1qbpevw,ListeningQ,2026-01-13 18:16:44,1768328204.0,2026,1,2026-01,"That's a management issue. If management doesn't feel the need for a CISO or CTO, then when the company gets compromised, that falls on them for failure to complete their due diligence.",that s a management issue. if management doesn t feel the need for a ciso or cto then when the company gets compromised that falls on them for failure to complete their due diligence.,34,2.0,/r/ciso/comments/1qbpevw/overwhelmed_6_months_without_a_ciso_and_now_im/nze5gk2/,ciso,2
nm075mf,1oivdvr,t3_1oivdvr,t3_1oivdvr,Nonaveragemonkey,2025-10-29 13:30:53,1761744653.0,2025,10,2025-10,"Honestly I'd say fuck it, take it to the board and expose this bullshit.",honestly i d say fuck it take it to the board and expose this bullshit.,15,2.0,/r/ciso/comments/1oivdvr/legal_and_compliance_challenges_time_to_run_away/nm075mf/,ciso,2
nm472xy,1oivdvr,t3_1oivdvr,t3_1oivdvr,awwhorseshit,2025-10-30 01:25:39,1761787539.0,2025,10,2025-10,"Whistleblower, regulatory authorities. Enjoy a nice severance package and payout after a legal fight and your previous company making your life hell.",whistleblower regulatory authorities. enjoy a nice severance package and payout after a legal fight and your previous company making your life hell.,22,1.0,/r/ciso/comments/1oivdvr/legal_and_compliance_challenges_time_to_run_away/nm472xy/,ciso,2
nzc9brb,1qbpevw,t3_1qbpevw,t3_1qbpevw,robocop_py,2026-01-13 12:18:11,1768306691.0,2026,1,2026-01,"Companies of that size don’t typically have CTOs or CISOs. Typical IT staffing is an IT manager and a junior, backed by a MSP.",companies of that size don t typically have ctos or cisos. typical it staffing is an it manager and a junior backed by a msp.,25,25.0,/r/ciso/comments/1qbpevw/overwhelmed_6_months_without_a_ciso_and_now_im/nzc9brb/,ciso,2
nzdce3x,1qbpevw,t3_1qbpevw,t3_1qbpevw,cmillerIT007,2026-01-13 15:52:25,1768319545.0,2026,1,2026-01,"If you are officially the CISO you are taking on a huge amount of personal Risk to yourself.  There is a reason a lot of people do not go into that role, unless you are getting a ton of money (and saving most of it to cover your own attorneys fees and expenses).  I have seen multiple CISO’s end up in court and their companies use them as an escape goat and did not cover their expenses.",if you are officially the ciso you are taking on a huge amount of personal risk to yourself. there is a reason a lot of people do not go into that role unless you are getting a ton of money . i have seen multiple ciso s end up in court and their companies use them as an escape goat and did not cover their expenses.,66,2.0,/r/ciso/comments/1qbpevw/overwhelmed_6_months_without_a_ciso_and_now_im/nzdce3x/,ciso,2
nzdu9ta,1qbpevw,t3_1qbpevw,t3_1qbpevw,ChirsF,2026-01-13 17:25:59,1768325159.0,2026,1,2026-01,"1) Gather information on business values and concerns at the highest levels

2) Pick the appropriate framework and/or regulations.  Do you process credit cards? PCI most likely. Publicly traded? SOX. Etc etc. 

3) Figure out where you are in a 1-5 scale, for the framework requirements. That’s your baseline. 

4) Create a roadmap for 3 years, with target increases in overall score. Let’s say you used NIST CSF. The average score per domain is how you get there. 

5) Present the roadmap, request budget for the roadmap, adjust both roadmap and budget if need be. 

6) successfully complete the roadmap items or have a good documentation chain for why it wasn’t done. 

7 Build presentations for the board and committees. Practice these presentations. Know everything in the deck backwards and forwards. 

8) Get budget for you to get presentation training. Get really good at story telling. Etc.",  gather information on business values and concerns at the highest levels   pick the appropriate framework and or regulations. do you process credit cards pci most likely. publicly traded sox. etc etc.   figure out where you are in a     scale for the framework requirements. that s your baseline.   create a roadmap for   years with target increases in overall score. let s say you used nist csf. the average score per domain is how you get there.   present the roadmap request budget for the roadmap adjust both roadmap and budget if need be.   successfully complete the roadmap items or have a good documentation chain for why it wasn t done.   build presentations for the board and committees. practice these presentations. know everything in the deck backwards and forwards.   get budget for you to get presentation training. get really good at story telling. etc.,141,1.0,/r/ciso/comments/1qbpevw/overwhelmed_6_months_without_a_ciso_and_now_im/nzdu9ta/,ciso,2
nakc81s,1mzmorn,t3_1mzmorn,t3_1mzmorn,JImagined,2025-08-25 11:14:15,1756120455.0,2025,8,2025-08,DM and we can connect. I think I can help you.,dm and we can connect. i think i can help you.,11,-2.0,/r/ciso/comments/1mzmorn/ciso_with_no_team_it_wants_it_security_advice/nakc81s/,ciso,2
nal0q8d,1mzmorn,t3_1mzmorn,t3_1mzmorn,InterestingMedium500,2025-08-25 13:50:18,1756129818.0,2025,8,2025-08,"Sorry for being honesty, but if you don't have a security team, you're not a CISO, just to fulfill a function. However, if you have these responsibilities in fact, you should talk with senior management and explain the risks involved in the company's current organizational structure and propose the necessary adjustments.",sorry for being honesty but if you don t have a security team you re not a ciso just to fulfill a function. however if you have these responsibilities in fact you should talk with senior management and explain the risks involved in the company s current organizational structure and propose the necessary adjustments.,54,2.0,/r/ciso/comments/1mzmorn/ciso_with_no_team_it_wants_it_security_advice/nal0q8d/,ciso,2
nam4pie,1mzmorn,t3_1mzmorn,t3_1mzmorn,Chongulator,2025-08-25 17:10:09,1756141809.0,2025,8,2025-08,"Whether you have a team or not, there will always be security functions outside of the security org. The work is always cross-functional. As security leaders, we often have responsibility without authority.

They key to managing security in any organization, large or small, is relationships. Identify stakeholders across the org and start developing relationships with them. As part of that outreach, try your best to understand each person's role in the org along with what their needs and frustrations are. 

When you can, find ways to help out with those needs or frustrations. Show stakeholders that you aren't here just to pursue security for its own sake. Be am ally, be a partner, and always consider the big picture.",whether you have a team or not there will always be security functions outside of the security org. the work is always cross functional. as security leaders we often have responsibility without authority. they key to managing security in any organization large or small is relationships. identify stakeholders across the org and start developing relationships with them. as part of that outreach try your best to understand each person s role in the org along with what their needs and frustrations are. when you can find ways to help out with those needs or frustrations. show stakeholders that you aren t here just to pursue security for its own sake. be am ally be a partner and always consider the big picture.,122,2.0,/r/ciso/comments/1mzmorn/ciso_with_no_team_it_wants_it_security_advice/nam4pie/,ciso,2
navi0is,1mzmorn,t3_1mzmorn,t3_1mzmorn,lythander,2025-08-27 01:51:37,1756259497.0,2025,8,2025-08,This company didn’t need nor were they ready for a CISO. Head of security maybe. Not a CISO,this company didn t need nor were they ready for a ciso. head of security maybe. not a ciso,19,1.0,/r/ciso/comments/1mzmorn/ciso_with_no_team_it_wants_it_security_advice/navi0is/,ciso,2
nanglmr,1mzmorn,t3_1mzmorn,t3_1mzmorn,Erbage,2025-08-25 20:59:57,1756155597.0,2025,8,2025-08,"This sounds like the typical underinvestment in Security and covering a checkbox. Things to implement:

* **Formalize responsibilities** using a **RACI matrix** to clarify ownership across security domains.
* Conduct **tabletop exercises** to expose gaps in incident response and accountability.
* Push for **top-down support** from the CEO or board to define and enforce a unified security strategy.
* Consider using a **risk-based approach** to assign control ownership and drive prioritization.
* If structural changes aren’t possible, **document risks and responsibilities** to protect yourself.
* If leadership won’t support change, **consider leaving** this setup poses professional risk (Fall Guy).",this sounds like the typical underinvestment in security and covering a checkbox. things to implement: formalize responsibilities using a raci matrix to clarify ownership across security domains. conduct tabletop exercises to expose gaps in incident response and accountability. push for top down support from the ceo or board to define and enforce a unified security strategy. consider using a risk based approach to assign control ownership and drive prioritization. if structural changes aren t possible document risks and responsibilities to protect yourself. if leadership won t support change consider leaving this setup poses professional risk .,96,1.0,/r/ciso/comments/1mzmorn/ciso_with_no_team_it_wants_it_security_advice/nanglmr/,ciso,2
nlzbqq8,1oivdvr,t3_1oivdvr,t3_1oivdvr,Eastern_Tap_9723,2025-10-29 09:51:50,1761731510.0,2025,10,2025-10,Tell them you have an ethical obligation to report this to NYDFS.,tell them you have an ethical obligation to report this to nydfs.,12,2.0,/r/ciso/comments/1oivdvr/legal_and_compliance_challenges_time_to_run_away/nlzbqq8/,ciso,2
nzdyru2,1qbpevw,t3_1qbpevw,t3_1qbpevw,BlacksmithCautious81,2026-01-13 17:46:57,1768326417.0,2026,1,2026-01,Or just update your CV. Why would you assume responsibility for something that is not within your remit!?,or just update your cv. why would you assume responsibility for something that is not within your remit,18,1.0,/r/ciso/comments/1qbpevw/overwhelmed_6_months_without_a_ciso_and_now_im/nzdyru2/,ciso,2
nlzenob,1oivdvr,t3_1oivdvr,t3_1oivdvr,rainbowpikminsquad,2025-10-29 10:18:07,1761733087.0,2025,10,2025-10,Does your company have a whistleblower policy and confidential helpline?  This sounds like the exact scenario these policies are created for.,does your company have a whistleblower policy and confidential helpline this sounds like the exact scenario these policies are created for.,21,5.0,/r/ciso/comments/1oivdvr/legal_and_compliance_challenges_time_to_run_away/nlzenob/,ciso,2
nlykfch,1oivdvr,t3_1oivdvr,t3_1oivdvr,ConcernedViolinist,2025-10-29 05:15:32,1761714932.0,2025,10,2025-10,Run as far and as fast as you can. Hope you have umbrella insurance.,run as far and as fast as you can. hope you have umbrella insurance.,14,2.0,/r/ciso/comments/1oivdvr/legal_and_compliance_challenges_time_to_run_away/nlykfch/,ciso,2
nakg9du,1mzmorn,t3_1mzmorn,t3_1mzmorn,KerberosDog,2025-08-25 11:44:31,1756122271.0,2025,8,2025-08,"Is a table-top exercise something that could happen in your org? They sometimes sound silly - but once leaders are forced to roll play in their own processes (the it manager), it is often revealing. Assuming some “aha moments” - you might parlay the experience into a budget for some contractors at the minimum.",is a table top exercise something that could happen in your org they sometimes sound silly   but once leaders are forced to roll play in their own processes it is often revealing. assuming some aha moments   you might parlay the experience into a budget for some contractors at the minimum.,50,10.0,/r/ciso/comments/1mzmorn/ciso_with_no_team_it_wants_it_security_advice/nakg9du/,ciso,2
nzhdivu,1qbpevw,t3_1qbpevw,t3_1qbpevw,syb3rpunk,2026-01-14 04:10:53,1768363853.0,2026,1,2026-01,Pivot this experience into a well written resume and interview until you can jump ship.,pivot this experience into a well written resume and interview until you can jump ship.,15,1.0,/r/ciso/comments/1qbpevw/overwhelmed_6_months_without_a_ciso_and_now_im/nzhdivu/,ciso,2
nm1kbxm,1oivdvr,t3_1oivdvr,t3_1oivdvr,Alternative-Law4626,2025-10-29 17:29:05,1761758945.0,2025,10,2025-10,"Dude, dust off the resume. GTFO of there. Nothing good is going to happen as a result of this process. 

I specifically got the CIO to authorize, via policy, his direct reports accepting risks. Then, we have quarterly risk meetings where we show him what risks his directs have accepted and what that means. He gets the opportunity to manage, our program runs with proper risk acceptance. 

Speaking as a lawyer, the general counsel should be fired. He’s violating his oath as a lawyer and has, in essence, become a consigliere to the company and its bad acts. Go someplace where they want security done properly.",dude dust off the resume. gtfo of there. nothing good is going to happen as a result of this process. i specifically got the cio to authorize via policy his direct reports accepting risks. then we have quarterly risk meetings where we show him what risks his directs have accepted and what that means. he gets the opportunity to manage our program runs with proper risk acceptance. speaking as a lawyer the general counsel should be fired. he s violating his oath as a lawyer and has in essence become a consigliere to the company and its bad acts. go someplace where they want security done properly.,107,2.0,/r/ciso/comments/1oivdvr/legal_and_compliance_challenges_time_to_run_away/nm1kbxm/,ciso,2
nb0ubsx,1mzmorn,t3_1mzmorn,t3_1mzmorn,willbertsmillbert,2025-08-27 21:33:28,1756330408.0,2025,8,2025-08,"Is the company actually actioning your suggestions, or is it all a box ticking exercise. Then you have your answer",is the company actually actioning your suggestions or is it all a box ticking exercise. then you have your answer,20,1.0,/r/ciso/comments/1mzmorn/ciso_with_no_team_it_wants_it_security_advice/nb0ubsx/,ciso,2
nm4u8mi,1oivdvr,t3_1oivdvr,t3_1oivdvr,Crapfarts_Allday,2025-10-30 03:45:09,1761795909.0,2025,10,2025-10,"What are we talking about whistleblowing?  Publicly available customer facing login?  I've never seen a company require customers use MFA.  My bank certainly does not.  All the major trading platforms do not.  What exactly are they getting access to?  Their own records right?  Just one set?  Do you have security controls in place, you feel your application is reasonable secure?  Have you had pentesters login to an account and try to access others data, middleware, backend?

The risk should be individual access to one set of records, e.g. the customer's.  What are we talking about in this thread?  Does anyone here work in cybersecurity or technology?  I work with regulators and compliance/lawyers on the regular and I have no idea what people are talking about whistleblower this and run for the hills.

Someone explain to me where a public website, even fintech, forces MFA for all users.",what are we talking about whistleblowing publicly available customer facing login i ve never seen a company require customers use mfa. my bank certainly does not. all the major trading platforms do not. what exactly are they getting access to their own records right just one set do you have security controls in place you feel your application is reasonable secure have you had pentesters login to an account and try to access others data middleware backend the risk should be individual access to one set of records e.g. the customer s. what are we talking about in this thread does anyone here work in cybersecurity or technology i work with regulators and compliance lawyers on the regular and i have no idea what people are talking about whistleblower this and run for the hills. someone explain to me where a public website even fintech forces mfa for all users.,150,-1.0,/r/ciso/comments/1oivdvr/legal_and_compliance_challenges_time_to_run_away/nm4u8mi/,ciso,2
nzc880u,1qbpevw,t3_1qbpevw,t3_1qbpevw,TickleMyBurger,2026-01-13 12:10:09,1768306209.0,2026,1,2026-01,You can’t be the ciso and IT team of one. So set your boundaries and do not work crazy hours to “save the company”. I’d be on the hunt to pull the chute from there stat.,you can t be the ciso and it team of one. so set your boundaries and do not work crazy hours to save the company . i d be on the hunt to pull the chute from there stat.,39,7.0,/r/ciso/comments/1qbpevw/overwhelmed_6_months_without_a_ciso_and_now_im/nzc880u/,ciso,2
nzgekvp,1qbpevw,t3_1qbpevw,t3_1qbpevw,Fath3r0fDrag0n5,2026-01-14 00:48:12,1768351692.0,2026,1,2026-01,"1. Find a new job, 2. Ask for a raise", . find a new job  . ask for a raise,10,2.0,/r/ciso/comments/1qbpevw/overwhelmed_6_months_without_a_ciso_and_now_im/nzgekvp/,ciso,2
nm5nlou,1oivdvr,t3_1oivdvr,t3_1oivdvr,mightysam19,2025-10-30 08:15:32,1761812132.0,2025,10,2025-10,"Ensure strong documentation, keep record of conversations and email the correspondence to all stake holders. For starters it covers liability and also, clarifies your stance on the decision.",ensure strong documentation keep record of conversations and email the correspondence to all stake holders. for starters it covers liability and also clarifies your stance on the decision.,28,2.0,/r/ciso/comments/1oivdvr/legal_and_compliance_challenges_time_to_run_away/nm5nlou/,ciso,2
nalwlpd,1mzmorn,t3_1mzmorn,t3_1mzmorn,hyperproof,2025-08-25 16:30:33,1756139433.0,2025,8,2025-08,"This sounds like a textbook case of what I've seen called an ""authority-responsibility mismatch"" - basically, you're on the hook for security outcomes but don't have the organizational muscle to actually drive them.

I've noticed this pattern a lot where CISOs report up through IT, and it creates these weird conflicts. IT folks are naturally focused on keeping things running smoothly and controlling costs, while security sometimes needs to say ""hey, we need to shut this down"" or ""we need to spend more money on this thing that might never happen."" Those priorities just don't align well.

What you're describing with the shifting definition of ""IT security"" sounds super frustrating. From what I've seen, a lot of organizations struggle with clearly defining who owns what in security - it's surprisingly common for roles and responsibilities to be fuzzy or completely undocumented.

The thing is, when security reports into a technology department, it often gets treated as just another operational function rather than something that needs to influence company-wide decisions. For a multinational company, that's especially problematic because you're dealing with different regulations and threat landscapes across jurisdictions.

With all the regulatory focus on cybersecurity accountability these days, being in that position seems like it would create some serious professional risk.",this sounds like a textbook case of what i ve seen called an authority responsibility mismatch   basically you re on the hook for security outcomes but don t have the organizational muscle to actually drive them. i ve noticed this pattern a lot where cisos report up through it and it creates these weird conflicts. it folks are naturally focused on keeping things running smoothly and controlling costs while security sometimes needs to say hey we need to shut this down or we need to spend more money on this thing that might never happen. those priorities just don t align well. what you re describing with the shifting definition of it security sounds super frustrating. from what i ve seen a lot of organizations struggle with clearly defining who owns what in security   it s surprisingly common for roles and responsibilities to be fuzzy or completely undocumented. the thing is when security reports into a technology department it often gets treated as just another operational function rather than something that needs to influence company wide decisions. for a multinational company that s especially problematic because you re dealing with different regulations and threat landscapes across jurisdictions. with all the regulatory focus on cybersecurity accountability these days being in that position seems like it would create some serious professional risk.,220,1.0,/r/ciso/comments/1mzmorn/ciso_with_no_team_it_wants_it_security_advice/nalwlpd/,ciso,2
ocgj4p8,1qbpevw,t3_1qbpevw,t3_1qbpevw,drastiqndu100,2026-03-25 20:31:51,1774470711.0,2026,3,2026-03,"You’re getting set up to be the “hero” until you burn out, so I’d put guardrails in writing now: list the non-negotiables that keep the SaaS alive (backups, patching, access control, monitoring, incident response basics), define what slips if you’re also doing helpdesk, and take that to leadership as a risk acceptance convo with dates and consequences, not vibes. If they won’t fund at least a fractional vCISO or a small MSP/MDR contract, start planning your exit because one-person IT plus security for production is not a sustainable operating model. Also, if AI tools are creeping into workflows, call it out early and at least get visibility into what’s being used and where data might be going, I’ve seen people use things like Larridin for that governance and usage tracking piece when leadership keeps asking for “AI” without staffing the basics.",you re getting set up to be the hero until you burn out so i d put guardrails in writing now: list the non negotiables that keep the saas alive define what slips if you re also doing helpdesk and take that to leadership as a risk acceptance convo with dates and consequences not vibes. if they won t fund at least a fractional vciso or a small msp mdr contract start planning your exit because one person it plus security for production is not a sustainable operating model. also if ai tools are creeping into workflows call it out early and at least get visibility into what s being used and where data might be going i ve seen people use things like larridin for that governance and usage tracking piece when leadership keeps asking for ai without staffing the basics.,142,1.0,/r/ciso/comments/1qbpevw/overwhelmed_6_months_without_a_ciso_and_now_im/ocgj4p8/,ciso,2
nlzng1s,1oivdvr,t3_1oivdvr,t3_1oivdvr,not-a-co-conspirator,2025-10-29 11:29:16,1761737356.0,2025,10,2025-10,"Legal obligations have always been there. 

As do everything else, the Business Judgement Rule applies.",legal obligations have always been there. as do everything else the business judgement rule applies.,15,2.0,/r/ciso/comments/1oivdvr/legal_and_compliance_challenges_time_to_run_away/nlzng1s/,ciso,2
nam1oma,1mzmorn,t3_1mzmorn,t3_1mzmorn,davidschroth,2025-08-25 16:55:35,1756140935.0,2025,8,2025-08,"What compliance requirements does your company have? Do you go through audits (ISO/SOC/regulatory/etc.) or is it more wild west? It gets a lot harder to convince management if you don't have the ""threat"" of an audit failure.

This also isn't an issue of whether IT will do the needful for you or not, it sounds more like the folks above you on the food chain have not clearly identified security as a priority. If IT doesn't have have enough staff to do your needfuls, then budget should be allocated to either staff them up or add staff under you.

The organization of who reports to who feels fairly moot to me at the size of your current organization as a lot of folks will be wearing multiple hats. You and IT need to out line the work that needs to be done for both functions, determine if resources are sufficient, and if not, ask management above you to either fund the difference or prioritize.",what compliance requirements does your company have do you go through audits or is it more wild west it gets a lot harder to convince management if you don t have the threat of an audit failure. this also isn t an issue of whether it will do the needful for you or not it sounds more like the folks above you on the food chain have not clearly identified security as a priority. if it doesn t have have enough staff to do your needfuls then budget should be allocated to either staff them up or add staff under you. the organization of who reports to who feels fairly moot to me at the size of your current organization as a lot of folks will be wearing multiple hats. you and it need to out line the work that needs to be done for both functions determine if resources are sufficient and if not ask management above you to either fund the difference or prioritize.,166,1.0,/r/ciso/comments/1mzmorn/ciso_with_no_team_it_wants_it_security_advice/nam1oma/,ciso,2
nakzfx5,1mzmorn,t3_1mzmorn,t3_1mzmorn,severinoscopy,2025-08-25 13:43:11,1756129391.0,2025,8,2025-08,"This setup is strange to me for multiple reasons. 

IT's job is to deploy and manage systems and endpoints for the company. Security is very much a secondary priority and will lose out to the primary. 

So why they employ security staff and want to claim surface-level responsibility here is confusing to me. 

If you weren't in the picture and this setup needed to remain, I'd say they should hire a security manager to handle the security branch of IT. However, you're here and have an executive level, yet aren't equipped to make meaningful change. How is your reporting duties valuable enough for the high position and salary while another team has the headcount for it? 

My suggestion is to convince the CEO to move the security staff under you, then you and IT review point by point which aspects of compliance fall under them. If the CEO disagrees, then leave. Your future will be more of the same as what you've already seen; ineffective traction, puling-ponging, and a lack of resources.",this setup is strange to me for multiple reasons. it s job is to deploy and manage systems and endpoints for the company. security is very much a secondary priority and will lose out to the primary. so why they employ security staff and want to claim surface level responsibility here is confusing to me. if you weren t in the picture and this setup needed to remain i d say they should hire a security manager to handle the security branch of it. however you re here and have an executive level yet aren t equipped to make meaningful change. how is your reporting duties valuable enough for the high position and salary while another team has the headcount for it my suggestion is to convince the ceo to move the security staff under you then you and it review point by point which aspects of compliance fall under them. if the ceo disagrees then leave. your future will be more of the same as what you ve already seen ineffective traction puling ponging and a lack of resources.,180,1.0,/r/ciso/comments/1mzmorn/ciso_with_no_team_it_wants_it_security_advice/nakzfx5/,ciso,2
nzsbm92,1qbpevw,t3_1qbpevw,t3_1qbpevw,ThorneMarcus92,2026-01-15 19:44:51,1768506291.0,2026,1,2026-01,"I hear you buddy. Being in that seat without a CISO for a long stretch can feel like trying to steer a ship while patching leaks below deck at the same time! Look, it’s completely normal to feel overwhelmed when you’re carrying both operational and strategic risk responsibilities without dedicated leadership.

One of the hardest transitions for teams without a dedicated CISO is that risk isn’t just a technical backlog, but it’s a business signal. Without someone anchoring the security strategy and translating technical risk into business impact, you end up fighting fires without shaping where resources go next.

My advice is: a) Prioritize ruthlessly**.** Not everything you see is equally likely to lead to a breach or business impact - focus on the attack paths that expose crown-jewel assets and break those first**.** And b) create a clear risk narrative for leadership: when you present risk as a business decision (e.g., ""Fixing A, B, and C reduces likely loss by X%""), it becomes easier to get buy-in for headcount or tooling that actually moves the needle.

And lastly, don’t underestimate the value of scoping what you can realistically influence with the team you have - that alone buys psychological and practical breathing room until leadership secures the right support.",i hear you buddy. being in that seat without a ciso for a long stretch can feel like trying to steer a ship while patching leaks below deck at the same time look it s completely normal to feel overwhelmed when you re carrying both operational and strategic risk responsibilities without dedicated leadership. one of the hardest transitions for teams without a dedicated ciso is that risk isn t just a technical backlog but it s a business signal. without someone anchoring the security strategy and translating technical risk into business impact you end up fighting fires without shaping where resources go next. my advice is: a prioritize ruthlessly. not everything you see is equally likely to lead to a breach or business impact   focus on the attack paths that expose crown jewel assets and break those first. and b create a clear risk narrative for leadership: when you present risk as a business decision it becomes easier to get buy in for headcount or tooling that actually moves the needle. and lastly don t underestimate the value of scoping what you can realistically influence with the team you have   that alone buys psychological and practical breathing room until leadership secures the right support.,204,1.0,/r/ciso/comments/1qbpevw/overwhelmed_6_months_without_a_ciso_and_now_im/nzsbm92/,ciso,2
namanez,1mzmorn,t3_1mzmorn,t3_1mzmorn,MountainDadwBeard,2025-08-25 17:38:18,1756143498.0,2025,8,2025-08,"Sounds like there's a little bit of a leadership quarrel. 

And one or both sides understand but pushback on the other because their performance KPIs aren't fully aligned. 

Understanding that in order for IT to be accountable for their infrastructure, they need to maintain a bit of autonomy. 

I'd work to algin their key response objectives to security concerns with reasonable and agreed upon, organizationally approved timelines. Give them an escape hatch with risk acceptance mechanisms for cost, functional viability, etc but make the decision maker accountable. 

""Yes our vulnerability scanning program detected X vulnerabilities, IT addressed all the critical gaps within Y days, except for list Z which was accepted as a risk by IT due to budget constraints. 

We setup detection monitoring an an ancillary duty. IT will address all low severity alerts within X time. High severity or elevated alerts will be forwarded to a MSSP while we're continuing to build independent capacity in-house. Our SOP/RACI chart dictates that I'm briefed all alerts that reach this threshold, and I will be briefed within Y time of the finding.",sounds like there s a little bit of a leadership quarrel. and one or both sides understand but pushback on the other because their performance kpis aren t fully aligned. understanding that in order for it to be accountable for their infrastructure they need to maintain a bit of autonomy. i d work to algin their key response objectives to security concerns with reasonable and agreed upon organizationally approved timelines. give them an escape hatch with risk acceptance mechanisms for cost functional viability etc but make the decision maker accountable. yes our vulnerability scanning program detected x vulnerabilities it addressed all the critical gaps within y days except for list z which was accepted as a risk by it due to budget constraints. we setup detection monitoring an an ancillary duty. it will address all low severity alerts within x time. high severity or elevated alerts will be forwarded to a mssp while we re continuing to build independent capacity in house. our sop raci chart dictates that i m briefed all alerts that reach this threshold and i will be briefed within y time of the finding.,188,1.0,/r/ciso/comments/1mzmorn/ciso_with_no_team_it_wants_it_security_advice/namanez/,ciso,2
nzfor4d,1qbpevw,t3_1qbpevw,t3_1qbpevw,Resident_Zucchini474,2026-01-13 22:31:11,1768343471.0,2026,1,2026-01,Don’t take on anything your CISO did unless you get paid. It’s not your responsibility. You need to stand strong. If they won’t hire a new CTO/CISO then the CEO or COO needs to assume the responsibility and risk. ,don t take on anything your ciso did unless you get paid. it s not your responsibility. you need to stand strong. if they won t hire a new cto ciso then the ceo or coo needs to assume the responsibility and risk.,43,1.0,/r/ciso/comments/1qbpevw/overwhelmed_6_months_without_a_ciso_and_now_im/nzfor4d/,ciso,2
nlyppqf,1oivdvr,t3_1oivdvr,t3_1oivdvr,pappabearct,2025-10-29 06:06:36,1761717996.0,2025,10,2025-10,"What is the reason they want to turn off MFA?  Is it because it's not working, or is it impacting user experience?

Document your interactions seek legal advice. 

The November 1st mandate allows for compensating controls but they need to be a) approved by you and b) meet or exceed NYDFs expectations - what does you GC have to say here?",what is the reason they want to turn off mfa is it because it s not working or is it impacting user experience document your interactions seek legal advice. the november  st mandate allows for compensating controls but they need to be a approved by you and b meet or exceed nydfs expectations   what does you gc have to say here,61,6.0,/r/ciso/comments/1oivdvr/legal_and_compliance_challenges_time_to_run_away/nlyppqf/,ciso,2
nalxc7z,1mzmorn,t3_1mzmorn,t3_1mzmorn,nagdamnit,2025-08-25 16:34:13,1756139653.0,2025,8,2025-08,"If you ask me you shouldnt be messing around with operational security stuff really. You are a CISO. You need to be conversing with management about Strategy and Risk. 

I think you need to just adopt a Control Framework you like, assess your company against those requirements, agree on improvement plans to fill the gaps, and ownership of those improvements (thats your responsibility issues sorted right there). 

Outside of that if you are more comfortable, speak about the risks facing the business. Using Risk as your language of choice will allow you to publicly assess ITs ability to successfully mitigate the elements they own (you are outside of IT, thats why) and begin to apply direction of effort through Risk Mitigation rather than IT picking where they want to spend their resources. Again, ownship of the controls is assigned via Risk Management so thats the responsibility issue sorted right there. 

You SHOULD however be heavily involved in Incident management.",if you ask me you shouldnt be messing around with operational security stuff really. you are a ciso. you need to be conversing with management about strategy and risk. i think you need to just adopt a control framework you like assess your company against those requirements agree on improvement plans to fill the gaps and ownership of those improvements . outside of that if you are more comfortable speak about the risks facing the business. using risk as your language of choice will allow you to publicly assess its ability to successfully mitigate the elements they own and begin to apply direction of effort through risk mitigation rather than it picking where they want to spend their resources. again ownship of the controls is assigned via risk management so thats the responsibility issue sorted right there. you should however be heavily involved in incident management.,146,2.0,/r/ciso/comments/1mzmorn/ciso_with_no_team_it_wants_it_security_advice/nalxc7z/,ciso,2
nzdaxt8,1qbpevw,t3_1qbpevw,t3_1qbpevw,CarmeloTronPrime,2026-01-13 15:45:44,1768319144.0,2026,1,2026-01,"sounds like you need to have a sit down with the CEO/Owner of the company and give them a plan of the risk and how you can decrease risk if empowered. if they don't care, then don't care and implement your exit strategy.",sounds like you need to have a sit down with the ceo owner of the company and give them a plan of the risk and how you can decrease risk if empowered. if they don t care then don t care and implement your exit strategy.,46,2.0,/r/ciso/comments/1qbpevw/overwhelmed_6_months_without_a_ciso_and_now_im/nzdaxt8/,ciso,2
nmmcyfp,1oivdvr,t3_1oivdvr,t3_1oivdvr,Quadling,2025-11-02 00:05:31,1762041931.0,2025,11,2025-11,"Hey listen. One of my gigs is IANS faculty member and I write standards. You need to head this off. Or you will find out the Ciso alternate job title - designated scapegoat. 

In all seriousness, call me. Happy to talk it through with you. No charge no strings.",hey listen. one of my gigs is ians faculty member and i write standards. you need to head this off. or you will find out the ciso alternate job title   designated scapegoat. in all seriousness call me. happy to talk it through with you. no charge no strings.,48,1.0,/r/ciso/comments/1oivdvr/legal_and_compliance_challenges_time_to_run_away/nmmcyfp/,ciso,2
nzr686r,1qbpevw,t3_1qbpevw,t3_1qbpevw,xxc0rpsxx,2026-01-15 16:39:09,1768495149.0,2026,1,2026-01,"Get some sneakers. Hire a Devops tech, don't self-demote.",get some sneakers. hire a devops tech don t self demote.,11,1.0,/r/ciso/comments/1qbpevw/overwhelmed_6_months_without_a_ciso_and_now_im/nzr686r/,ciso,2
nakf9ha,1mzmorn,t3_1mzmorn,t3_1mzmorn,elder_o_the_internet,2025-08-25 11:37:12,1756121832.0,2025,8,2025-08,"I would recommend formalising accountability with a RACI matrix covering all major security domains. Share it as a risk management artefact to provide clear accountability. Leverage the fact that you are outside of IT to enable reporting on the status and effectiveness of the organisation’s information security controls to a risk committee. It’s not about calling out IT, it’s about good governance.

You may find that this leads to an effective control environment, or a shift in responsibility that needs to be supported with the allocation, or reallocation, of appropriate resourcing to enable you to execute and achieve an effective control environment.

I hope this helps!",i would recommend formalising accountability with a raci matrix covering all major security domains. share it as a risk management artefact to provide clear accountability. leverage the fact that you are outside of it to enable reporting on the status and effectiveness of the organisation s information security controls to a risk committee. it s not about calling out it it s about good governance. you may find that this leads to an effective control environment or a shift in responsibility that needs to be supported with the allocation or reallocation of appropriate resourcing to enable you to execute and achieve an effective control environment. i hope this helps,109,19.0,/r/ciso/comments/1mzmorn/ciso_with_no_team_it_wants_it_security_advice/nakf9ha/,ciso,2
nlym2ce,1oivdvr,t3_1oivdvr,t3_1oivdvr,ShakataGaNai,2025-10-29 05:30:47,1761715847.0,2025,10,2025-10,"There aren't a lot of public ""the CISO/CSO takes the fall"" cases (legally speaking).... YET.

But the fact that they went around you threatened someone with firing, and then went as far as try to REMOVE the paper trail... sounds sketchy as fuck. Normally I'm not one to say ""run"", cause I know that's not realistic in a lot of situations. But uh... you may want to consider an expedited [advance to the rear](https://www.reddit.com/r/dndmemes/comments/my6dd1/or_as_my_group_calls_it_advancing_swiftly_to_the/).

They are basically telling you that they will do shit they know to be dangerous and maybe even potentially illegal, and they KNOW IT because they don't want a written record. I would document these sort of things for yourself and put that in a document somewhere, not corporate, in case the legal stuff ever comes to your door. Hopefully it wont, but ... can't hurt to make sure you've got your own written records.

And yea, when the company goes down, or gets a major fine or whatever - you're going to be out anyways. You know full well they are going to put 200% of the blame on you. Best not to be there when it happens.",there aren t a lot of public the ciso cso takes the fall cases .... yet. but the fact that they went around you threatened someone with firing and then went as far as try to remove the paper trail... sounds sketchy as fuck. normally i m not one to say run cause i know that s not realistic in a lot of situations. but uh... you may want to consider an expedited url they are basically telling you that they will do shit they know to be dangerous and maybe even potentially illegal and they know it because they don t want a written record. i would document these sort of things for yourself and put that in a document somewhere not corporate in case the legal stuff ever comes to your door. hopefully it wont but ... can t hurt to make sure you ve got your own written records. and yea when the company goes down or gets a major fine or whatever   you re going to be out anyways. you know full well they are going to put     of the blame on you. best not to be there when it happens.,195,9.0,/r/ciso/comments/1oivdvr/legal_and_compliance_challenges_time_to_run_away/nlym2ce/,ciso,2
nml6i6v,1oivdvr,t3_1oivdvr,t3_1oivdvr,Comfortable_Act_2660,2025-11-01 20:08:36,1762027716.0,2025,11,2025-11,lol total unrelated but i am studying comptia sec+ and i actually understood this post.,lol total unrelated but i am studying comptia sec and i actually understood this post.,15,1.0,/r/ciso/comments/1oivdvr/legal_and_compliance_challenges_time_to_run_away/nml6i6v/,ciso,2
nzcevxv,1qbpevw,t3_1qbpevw,t3_1qbpevw,sirseatbelt,2026-01-13 12:56:06,1768308966.0,2026,1,2026-01,You can DM me. I managed the cyber program for a small company of 50ish people.,you can dm me. i managed the cyber program for a small company of   ish people.,16,1.0,/r/ciso/comments/1qbpevw/overwhelmed_6_months_without_a_ciso_and_now_im/nzcevxv/,ciso,2
nm1eqdq,1oivdvr,t3_1oivdvr,t3_1oivdvr,eldonhughes,2025-10-29 17:02:51,1761757371.0,2025,10,2025-10,"""When I returned from PTO the CIO called me into their office and said that all compliance requests now need to be offloaded from the GRC function over to Legal. They also said we don't require written responses to when there is a compliance issue and that we should just follow their demands, regardless of how ""insecure"" they may seem.""

  
I think I would put that conversation in writing, in an email and ask for confirmation that this is how they intend for you to proceed.  It is a pretty reasonable assumption that, should/when things go south, they are not going to offer to cover your legal bills.",when i returned from pto the cio called me into their office and said that all compliance requests now need to be offloaded from the grc function over to legal. they also said we don t require written responses to when there is a compliance issue and that we should just follow their demands regardless of how insecure they may seem. i think i would put that conversation in writing in an email and ask for confirmation that this is how they intend for you to proceed. it is a pretty reasonable assumption that should when things go south they are not going to offer to cover your legal bills.,110,2.0,/r/ciso/comments/1oivdvr/legal_and_compliance_challenges_time_to_run_away/nm1eqdq/,ciso,2
nantr8i,1mzmorn,t3_1mzmorn,t3_1mzmorn,bews,2025-08-25 22:06:43,1756159603.0,2025,8,2025-08,Set a strategy and roadmap (endorsed by the management) and then do risk and issue management. The IT function will want to have a security team soon enough.,set a strategy and roadmap and then do risk and issue management. the it function will want to have a security team soon enough.,24,1.0,/r/ciso/comments/1mzmorn/ciso_with_no_team_it_wants_it_security_advice/nantr8i/,ciso,2
oesgg4k,1sbjt10,t3_1sbjt10,t3_1sbjt10,PageCivil321,2026-04-07 12:25:01,1775564701.0,2026,4,2026-04,"You are centralized and I think not understaffed. All high complexity work lands on you... regulatory interpretation, vendor risk, contract review, etc. etc. This makes you the throughput limit for the entire function. Adding more junior people will not change that because they cannot absorb that layer of work.

The issue to show leadership is flow. Track how many requests come in, how many get completed and how long they sit. If demand consistently exceeds output, that is a measurable business constraint. Fix the structure before adding more people. You need a dedicated senior GRC/compliance owner, IT fully removed from your scope and standardized patterns for contracts and data use so every request is not bespoke. Intake also needs gating with SLAs, otherwise the business will continue to overload the function.
Right now every decision requires manual verification by you. Until that bottleneck is removed, backlog and MTTR will not improve regardless of team size. You can either build internal workflows to prevalidate risk and ownership or use ServiceNow, Vanta or something to centralize evidence and ownership and pair that with SOC/triage layers like UnderDefense (I work with them) to handle first pass validation. I think until that layer exists, backlog and MTTR will not improve regardless of team size.",you are centralized and i think not understaffed. all high complexity work lands on you... regulatory interpretation vendor risk contract review etc. etc. this makes you the throughput limit for the entire function. adding more junior people will not change that because they cannot absorb that layer of work. the issue to show leadership is flow. track how many requests come in how many get completed and how long they sit. if demand consistently exceeds output that is a measurable business constraint. fix the structure before adding more people. you need a dedicated senior grc compliance owner it fully removed from your scope and standardized patterns for contracts and data use so every request is not bespoke. intake also needs gating with slas otherwise the business will continue to overload the function. right now every decision requires manual verification by you. until that bottleneck is removed backlog and mttr will not improve regardless of team size. you can either build internal workflows to prevalidate risk and ownership or use servicenow vanta or something to centralize evidence and ownership and pair that with soc triage layers like underdefense to handle first pass validation. i think until that layer exists backlog and mttr will not improve regardless of team size.,208,1.0,/r/ciso/comments/1sbjt10/help_sanity_check_on_resourcing/oesgg4k/,ciso,3
mp1fv9d,1k7d8py,t3_1k7d8py,t3_1k7d8py,Due_Pop_5117,2025-04-25 21:16:59,1745615819.0,2025,4,2025-04,"Are there aspects of being a CISO that you enjoy? Specific job duties that you do…If so, lean on that as a career change or possible growing a business that specializes in that.",are there aspects of being a ciso that you enjoy specific job duties that you do if so lean on that as a career change or possible growing a business that specializes in that.,34,1.0,/r/ciso/comments/1k7d8py/burnout_how_to_leave_cyber_security_entirely/mp1fv9d/,ciso,3
of18z1f,1sbjt10,t3_1sbjt10,t3_1sbjt10,Motor_Blueberry_4215,2026-04-08 17:38:28,1775669908.0,2026,4,2026-04,"Reading this gave me flashbacks, that mix of privacy, risk, compliance and IT in one lane gets overwhelming fast. The part that really slowed me down wasn’t headcount at first, it was how much of the work was manual and sitting with me because it couldn’t be delegated cleanly.



I brought in Ketch mainly to get a grip on data mapping and consent enforcement across tools, and it helped me offload a chunk of those GDPR and data use reviews that kept piling up. It didn’t replace people, but it gave my team enough structure that I could actually start handing things down instead of being the bottleneck on every decision.",reading this gave me flashbacks that mix of privacy risk compliance and it in one lane gets overwhelming fast. the part that really slowed me down wasn t headcount at first it was how much of the work was manual and sitting with me because it couldn t be delegated cleanly. i brought in ketch mainly to get a grip on data mapping and consent enforcement across tools and it helped me offload a chunk of those gdpr and data use reviews that kept piling up. it didn t replace people but it gave my team enough structure that i could actually start handing things down instead of being the bottleneck on every decision.,114,1.0,/r/ciso/comments/1sbjt10/help_sanity_check_on_resourcing/of18z1f/,ciso,3
ndvwyrq,1nfa5d7,t3_1nfa5d7,t3_1nfa5d7,No_Pair6726,2025-09-12 21:07:41,1757711261.0,2025,9,2025-09,"I do volunteer and have done for a long time, my guess is that i will increase my hours doing this.",i do volunteer and have done for a long time my guess is that i will increase my hours doing this.,21,1.0,/r/ciso/comments/1nfa5d7/retirement/ndvwyrq/,ciso,3
ndviphb,1nfa5d7,t3_1nfa5d7,t3_1nfa5d7,Lord_Humongous768,2025-09-12 19:56:22,1757706982.0,2025,9,2025-09,"Congrats on retirement. I'm certainly not going to retire and look for more work. But teaching is a great way to stay engaged and shape the next generation. Community Colleges are great for this. 


Retirement is a big opportunity to achieve other personal goals that were impeded by the daily grind. I personally have a very long list of things to do. 


I'm about 10 years from exiting.",congrats on retirement. i m certainly not going to retire and look for more work. but teaching is a great way to stay engaged and shape the next generation. community colleges are great for this. retirement is a big opportunity to achieve other personal goals that were impeded by the daily grind. i personally have a very long list of things to do. i m about    years from exiting.,69,1.0,/r/ciso/comments/1nfa5d7/retirement/ndviphb/,ciso,3
oe4bxhc,1sbjt10,t3_1sbjt10,t3_1sbjt10,Top_Piano_5351,2026-04-03 18:39:01,1775241541.0,2026,4,2026-04,"Another thought is how are you evolving your management style as your team grows? The team seems to mostly have junior resources now. When you hire your senior resource, think about what you can delegate to that person. If you get a good hire, you should be able to lean on that individual quite a bit. A litmus test would be if you see the amount of operational work you’re doing go down, which would free time for strategy. You still may need more headcount, but you do need to evolve how you handle your own role as you grow.",another thought is how are you evolving your management style as your team grows the team seems to mostly have junior resources now. when you hire your senior resource think about what you can delegate to that person. if you get a good hire you should be able to lean on that individual quite a bit. a litmus test would be if you see the amount of operational work you re doing go down which would free time for strategy. you still may need more headcount but you do need to evolve how you handle your own role as you grow.,101,4.0,/r/ciso/comments/1sbjt10/help_sanity_check_on_resourcing/oe4bxhc/,ciso,3
ndvr6gj,1nfa5d7,t3_1nfa5d7,t3_1nfa5d7,Reveal_Nothing,2025-09-12 20:38:29,1757709509.0,2025,9,2025-09,"I plan on volunteering in my community, mentoring, and seeing if there are other ways I can contribute to society without needing a paycheck.  

But nothing technical, that’s for sure.",i plan on volunteering in my community mentoring and seeing if there are other ways i can contribute to society without needing a paycheck. but nothing technical that s for sure.,31,1.0,/r/ciso/comments/1nfa5d7/retirement/ndvr6gj/,ciso,3
moyocf8,1k7d8py,t3_1k7d8py,t3_1k7d8py,duhbiap,2025-04-25 12:59:33,1745585973.0,2025,4,2025-04,"Had to check the username.  Thought OP was me.  Same boat dude. Keep us posted.

I’ve been thinking about doing Sales Engineer roles for big EDR company.  Another thought is Cyber Architect.  Another is just saying fuck it (but I gotta a family to care for).",had to check the username. thought op was me. same boat dude. keep us posted. i ve been thinking about doing sales engineer roles for big edr company. another thought is cyber architect. another is just saying fuck it .,40,1.0,/r/ciso/comments/1k7d8py/burnout_how_to_leave_cyber_security_entirely/moyocf8/,ciso,3
moxpmyy,1k7d8py,t3_1k7d8py,t3_1k7d8py,kranj7,2025-04-25 08:12:25,1745568745.0,2025,4,2025-04,"I left Cyber (as a career) to start a commodity import/export trading business.  Money is less stable, but I enjoy it more.  But import/export trading - especially when dealing with raw materials is largely a risk management business and so skills from cyber can most definitely be transferrable.  The only hitch as I said is that the money is inconsistent and margins are very thin when you do trade.

I still do some on-going CISO consulting despite my heart not really being into it though. But at least my former side hustle is my main gig now and my former cyber career is now my side hustle.  But I don't think I can sustain this as there's a lot of cultural and corporate shifts going on, influencing spending practices on IT, increased uptake in AI etc.  So it's essentially a take-the-money-while-you can thing for me at this point.  I somehow am not too optimistic about the future of IT and Infosec Pros.  I mean if you're young, then sure, stick with it as there's still opportunity.  But if you're say in your 40s or 50s where you're too expensive for an employer and too young to qualify for retirement, then try and get out and pivot into something else, if you can.  The longer you linger, the harder it will be when the shit hits the fan.  

Sometimes I think about starting some sort of service to help CISOs and other Infosec pros who want to leave the sector altogether, but not really sure exactly what kind of service I could provide.  But once I have a better idea, I'll be sure to share it!",i left cyber to start a commodity import export trading business. money is less stable but i enjoy it more. but import export trading   especially when dealing with raw materials is largely a risk management business and so skills from cyber can most definitely be transferrable. the only hitch as i said is that the money is inconsistent and margins are very thin when you do trade. i still do some on going ciso consulting despite my heart not really being into it though. but at least my former side hustle is my main gig now and my former cyber career is now my side hustle. but i don t think i can sustain this as there s a lot of cultural and corporate shifts going on influencing spending practices on it increased uptake in ai etc. so it s essentially a take the money while you can thing for me at this point. i somehow am not too optimistic about the future of it and infosec pros. i mean if you re young then sure stick with it as there s still opportunity. but if you re say in your   s or   s where you re too expensive for an employer and too young to qualify for retirement then try and get out and pivot into something else if you can. the longer you linger the harder it will be when the shit hits the fan. sometimes i think about starting some sort of service to help cisos and other infosec pros who want to leave the sector altogether but not really sure exactly what kind of service i could provide. but once i have a better idea i ll be sure to share it,286,4.0,/r/ciso/comments/1k7d8py/burnout_how_to_leave_cyber_security_entirely/moxpmyy/,ciso,3
ndzf058,1nfa5d7,t3_1nfa5d7,t3_1nfa5d7,Ok-Square82,2025-09-13 12:33:46,1757766826.0,2025,9,2025-09,"Congrats, your path/life stage seems similar to mine (including state government work!). What I've found is that it's hard to move away from tech. One issue is that people are always looking for help, and you end up with offers for contract work to either fix something, analyze something, or teach it. I ended up doing some of the latter, trying stay as far from the grind as possible. It was actually nice to write and instruct; it gives the opportunity lay down ""do as I say, not as I had do.""

I've also done some volunteer work that I wouldn't mind rolling into consulting in regard to governance. Security professionals, I think, have a good sense of systems (human and otherwise) and how they fail, and it's fascinating how many organizations, non-profits in particular, are dysfunctional from the board on down, largely due to lack of policy and procedures. For those of us who spent time in senior management, we have a good understanding of how shortcomings at the board level turn into headaches for management. The nice thing about governance is you can feel like you are doing something without getting into the weeds or the grind.

The other thing I did was get a new set of golf clubs :)",congrats your path life stage seems similar to mine . what i ve found is that it s hard to move away from tech. one issue is that people are always looking for help and you end up with offers for contract work to either fix something analyze something or teach it. i ended up doing some of the latter trying stay as far from the grind as possible. it was actually nice to write and instruct it gives the opportunity lay down do as i say not as i had do. i ve also done some volunteer work that i wouldn t mind rolling into consulting in regard to governance. security professionals i think have a good sense of systems and how they fail and it s fascinating how many organizations non profits in particular are dysfunctional from the board on down largely due to lack of policy and procedures. for those of us who spent time in senior management we have a good understanding of how shortcomings at the board level turn into headaches for management. the nice thing about governance is you can feel like you are doing something without getting into the weeds or the grind. the other thing i did was get a new set of golf clubs :,214,2.0,/r/ciso/comments/1nfa5d7/retirement/ndzf058/,ciso,3
moysmel,1k7d8py,t3_1k7d8py,t3_1k7d8py,rlt0w,2025-04-25 13:24:02,1745587442.0,2025,4,2025-04,"Or just ride it out for three years and retire. I'm almost 40 and with no prospects of retiring until 65 at this point. Count yourself lucky that you can retire before 40. Many of us will never have that luxury. 

I've been a consultant for 10 years and I'm damn near burnt out, but I have no business acumen and will likely never rise to the ranks you've achieved.",or just ride it out for three years and retire. i m almost    and with no prospects of retiring until    at this point. count yourself lucky that you can retire before   . many of us will never have that luxury. i ve been a consultant for    years and i m damn near burnt out but i have no business acumen and will likely never rise to the ranks you ve achieved.,71,2.0,/r/ciso/comments/1k7d8py/burnout_how_to_leave_cyber_security_entirely/moysmel/,ciso,3
oe9d612,1sbjt10,t3_1sbjt10,t3_1sbjt10,MichaelArgast,2026-04-04 14:22:58,1775312578.0,2026,4,2026-04,"So your instinct is that you’re well staffed and others are telling you that you are as well. 

People/Process/Technology.

You’ve got good staffing but a big remit. Glad to see you haven’t don’t anything stupid like build your own SOC.

You need to look at process and technology. For example:

Do you have an effective GRC tool that cross maps all the frameworks you have to support and minimizes efforts across standards, audits, security questionnaires, access management.

Do you have SSO in place to simplify onboard and offboarding?

Do you have the right MDM and other management tools to stay on top of the team you have.

Do you have consistent, documented processes that speed up work and reduce
rework, allow for automation/AI assistance, etc?

As a MSSP you sit in the sweet spot of customers we serve. Your scope is likely bigger but we would typically staff all the risk management, SOC, governance, compliance, etc with less than the equivalent of a single FTE and be able to keep up. 

I think before you hire more people I’d be tempted to do a work and time analysis across the team and find out what your big time sucks are and address them with process and tech.",so your instinct is that you re well staffed and others are telling you that you are as well. people process technology. you ve got good staffing but a big remit. glad to see you haven t don t anything stupid like build your own soc. you need to look at process and technology. for example: do you have an effective grc tool that cross maps all the frameworks you have to support and minimizes efforts across standards audits security questionnaires access management. do you have sso in place to simplify onboard and offboarding do you have the right mdm and other management tools to stay on top of the team you have. do you have consistent documented processes that speed up work and reduce rework allow for automation ai assistance etc as a mssp you sit in the sweet spot of customers we serve. your scope is likely bigger but we would typically staff all the risk management soc governance compliance etc with less than the equivalent of a single fte and be able to keep up. i think before you hire more people i d be tempted to do a work and time analysis across the team and find out what your big time sucks are and address them with process and tech.,215,1.0,/r/ciso/comments/1sbjt10/help_sanity_check_on_resourcing/oe9d612/,ciso,3
mox9u4p,1k7d8py,t3_1k7d8py,t3_1k7d8py,RadlEonk,2025-04-25 05:37:23,1745559443.0,2025,4,2025-04,"Burnout is common. Nothing wrong with finding an exit strategy. I’m doing OK, but not retire early money.

Encourage you to find boundaries and define enough. Give realistic deadlines that won’t kill you. “‘No’ is a complete sentence” is one of my favorite Internet lines I picked up.",burnout is common. nothing wrong with finding an exit strategy. i m doing ok but not retire early money. encourage you to find boundaries and define enough. give realistic deadlines that won t kill you. no is a complete sentence is one of my favorite internet lines i picked up.,50,3.0,/r/ciso/comments/1k7d8py/burnout_how_to_leave_cyber_security_entirely/mox9u4p/,ciso,3
mp1zec4,1k7d8py,t3_1k7d8py,t3_1k7d8py,john_with_a_camera,2025-04-25 23:05:41,1745622341.0,2025,4,2025-04,"Yah. I serve a bunch of small and mid size businesses and love that consulting aspect. It's the day to day admin stuff that's just killing me, plus the constant battles for finances.",yah. i serve a bunch of small and mid size businesses and love that consulting aspect. it s the day to day admin stuff that s just killing me plus the constant battles for finances.,35,1.0,/r/ciso/comments/1k7d8py/burnout_how_to_leave_cyber_security_entirely/mp1zec4/,ciso,3
nduxi64,1nfa5d7,t3_1nfa5d7,t3_1nfa5d7,More_Purpose2758,2025-09-12 18:12:30,1757700750.0,2025,9,2025-09,"Do you need to work in retirement? 

Is cyber what you’ve always wanted to do? 

Do you have a therapist to help with the transition if you think it’ll be hard on you.",do you need to work in retirement is cyber what you ve always wanted to do do you have a therapist to help with the transition if you think it ll be hard on you.,35,0.0,/r/ciso/comments/1nfa5d7/retirement/nduxi64/,ciso,3
oee7tqi,1sbjt10,t3_1sbjt10,t3_1sbjt10,ThroatPlenty7765,2026-04-05 07:13:31,1775373211.0,2026,4,2026-04,"The process and technology point from u/MichaelArgast is worth taking seriously before the next hire. The pattern I see most often at your stage is that the volume problem is real but it is concentrated in a few specific workflows -> vendor intake and security questionnaires tend to be the biggest time sucks because they are high frequency and hard to delegate without a lot of back-and-forth.

Worth doing the time analysis first. If you can quantify where the hours actually go it also gives you a much stronger case for the exec conversation, showing throughput vs request volume is more compelling than headcount ratios.

(Full disclosure I'm building tooling in the vendor compliance space so I have a bias here. But the principle holds regardless of tooling)",the process and technology point from user is worth taking seriously before the next hire. the pattern i see most often at your stage is that the volume problem is real but it is concentrated in a few specific workflows   vendor intake and security questionnaires tend to be the biggest time sucks because they are high frequency and hard to delegate without a lot of back and forth. worth doing the time analysis first. if you can quantify where the hours actually go it also gives you a much stronger case for the exec conversation showing throughput vs request volume is more compelling than headcount ratios.,106,2.0,/r/ciso/comments/1sbjt10/help_sanity_check_on_resourcing/oee7tqi/,ciso,3
mp3njzj,1k7d8py,t3_1k7d8py,t3_1k7d8py,john_with_a_camera,2025-04-26 05:32:44,1745645564.0,2025,4,2025-04,"Hah! Gotta wait till that big project is over the line, first...",hah gotta wait till that big project is over the line first...,12,1.0,/r/ciso/comments/1k7d8py/burnout_how_to_leave_cyber_security_entirely/mp3njzj/,ciso,3
moy06gz,1k7d8py,t3_1k7d8py,t3_1k7d8py,ManBearCave,2025-04-25 10:01:47,1745575307.0,2025,4,2025-04,"I am literally exactly in the same spot with the same track. 35 years in, a CISO, 3 years to retirement, and fried. My side gig for years was wedding photography but the day job got in the way of that so I’ll go back at retirement (that’s a high paying side job that’s fun).

I haven’t cracked the code and don’t think it’s possible however getting an EA helped a lot, she acts like a wall for a lot of the bullshit (mostly the constant barrage of meeting requests). That said, due to cost cutting, I’m going to lose my EA this year so I need to exit

DM me and I’ll fill you in on my high paying (lower stress) exit plan.",i am literally exactly in the same spot with the same track.    years in a ciso   years to retirement and fried. my side gig for years was wedding photography but the day job got in the way of that so i ll go back at retirement . i haven t cracked the code and don t think it s possible however getting an ea helped a lot she acts like a wall for a lot of the bullshit . that said due to cost cutting i m going to lose my ea this year so i need to exit dm me and i ll fill you in on my high paying exit plan.,113,4.0,/r/ciso/comments/1k7d8py/burnout_how_to_leave_cyber_security_entirely/moy06gz/,ciso,3
moxj7ft,1k7d8py,t3_1k7d8py,t3_1k7d8py,Statically,2025-04-25 07:06:00,1745564760.0,2025,4,2025-04,"I’m currently transitioning to CIO since the start of the year at my current place, while also still doing CISO high level exec duties and elevating my Cyber #2 to be the day to day lead. 

I found that the burnout and stress grew as I was only focusing on cyber every day and not being able to enact change, and cyber becoming more of an after thought in this economy. This new wider role means something is always progressing, which gives me the dopamine hit I’ve been sorely missing professionally for many years.

Grind is still there, but I’ve realised I’m done with a pure CISO role.",i m currently transitioning to cio since the start of the year at my current place while also still doing ciso high level exec duties and elevating my cyber   to be the day to day lead. i found that the burnout and stress grew as i was only focusing on cyber every day and not being able to enact change and cyber becoming more of an after thought in this economy. this new wider role means something is always progressing which gives me the dopamine hit i ve been sorely missing professionally for many years. grind is still there but i ve realised i m done with a pure ciso role.,111,2.0,/r/ciso/comments/1k7d8py/burnout_how_to_leave_cyber_security_entirely/moxj7ft/,ciso,3
moybjd2,1k7d8py,t3_1k7d8py,t3_1k7d8py,mindful_island,2025-04-25 11:36:55,1745581015.0,2025,4,2025-04,"Take a smaller role. Say no to things, turn off the computer at 5pm religiously. Set boundaries. Seek smaller companies that respect boundaries. Be realistic that you can't save the world or force everyone to do everything right. It's a slow evolution for society and business leaders to learn.

I've worked in IT and cyber around 25 years. I work 8 hours per day and i separate work and play.

I left CISO track to go back to principal engineer and IC roles. Way less pressure and money is similar on lower end of CISO. I also left a massive company (hundreds of thousands of employees) to work at a small company (500)

I go into work refreshed which keeps my curiosity, patience and drive higher.

Avoiding burn out is about maintaining some autonomy, balancing in some non-work play and learning to focus on doing what you can do expertly. You can't hinge your happiness on others doing what you want them to do.",take a smaller role. say no to things turn off the computer at  pm religiously. set boundaries. seek smaller companies that respect boundaries. be realistic that you can t save the world or force everyone to do everything right. it s a slow evolution for society and business leaders to learn. i ve worked in it and cyber around    years. i work   hours per day and i separate work and play. i left ciso track to go back to principal engineer and ic roles. way less pressure and money is similar on lower end of ciso. i also left a massive company to work at a small company i go into work refreshed which keeps my curiosity patience and drive higher. avoiding burn out is about maintaining some autonomy balancing in some non work play and learning to focus on doing what you can do expertly. you can t hinge your happiness on others doing what you want them to do.,161,4.0,/r/ciso/comments/1k7d8py/burnout_how_to_leave_cyber_security_entirely/moybjd2/,ciso,3
oeht4f4,1sbjt10,t3_1sbjt10,t3_1sbjt10,RogueNumberStation,2026-04-05 20:18:22,1775420302.0,2026,4,2026-04,"I'd approach it from the opposite angle; communicate the risks (e.g. around not being on top of the EU Product Liability Directive), outline the mitigations that could be taken and the associated headcount requirements. Provide two, maybe three options, one of which is keeping the current headcount - with it's own set of risks and even proposing reduced scope if you see that as necessary to prevent burnout/dropped balls, make a recommendation and then let the execs decide the appropriate budget for their risk appetite?",i d approach it from the opposite angle communicate the risks outline the mitigations that could be taken and the associated headcount requirements. provide two maybe three options one of which is keeping the current headcount   with it s own set of risks and even proposing reduced scope if you see that as necessary to prevent burnout dropped balls make a recommendation and then let the execs decide the appropriate budget for their risk appetite,75,1.0,/r/ciso/comments/1sbjt10/help_sanity_check_on_resourcing/oeht4f4/,ciso,3
mpggqo9,1k7d8py,t3_1k7d8py,t3_1k7d8py,Just_Conflict5718,2025-04-28 09:45:46,1745833546.0,2025,4,2025-04,"I would suggest taking a sabbatical.  Just take 6 months off... go and stack shelves in the supermarket or if you can afford it take 6 months off... write a book, or do a PhD.  Or just take photographs.",i would suggest taking a sabbatical. just take   months off... go and stack shelves in the supermarket or if you can afford it take   months off... write a book or do a phd. or just take photographs.,37,1.0,/r/ciso/comments/1k7d8py/burnout_how_to_leave_cyber_security_entirely/mpggqo9/,ciso,3
oh5nr01,1sbjt10,t3_1sbjt10,t3_1sbjt10,sprocketsecurity,2026-04-19 22:17:13,1776637033.0,2026,4,2026-04,"You're not insane. The issue isn't headcount relative to company size, it's headcount relative to regulatory surface area and deal velocity. Payments-adjacent SaaS with enterprise customers and European expansion is one of the heavier compliance loads you can have at 110 people.

For the exec conversation, the most effective framing is revenue protection rather than risk overhead. You're already doing this work implicitly when you clear security terms in MSAs or unblock a data sharing agreement. If you can attach dollar figures to deals your team helped close or unblock, that's a stronger argument than any headcount benchmark.

One thing worth considering before adding another FTE: a continuous pentesting or attack surface monitoring partner can offload proactive security work so your internal team stays focused on compliance and risk. We see that free up meaningful bandwidth at companies in exactly this situation.

The senior hire probably buys time but not runway at 30% growth.",you re not insane. the issue isn t headcount relative to company size it s headcount relative to regulatory surface area and deal velocity. payments adjacent saas with enterprise customers and european expansion is one of the heavier compliance loads you can have at     people. for the exec conversation the most effective framing is revenue protection rather than risk overhead. you re already doing this work implicitly when you clear security terms in msas or unblock a data sharing agreement. if you can attach dollar figures to deals your team helped close or unblock that s a stronger argument than any headcount benchmark. one thing worth considering before adding another fte: a continuous pentesting or attack surface monitoring partner can offload proactive security work so your internal team stays focused on compliance and risk. we see that free up meaningful bandwidth at companies in exactly this situation. the senior hire probably buys time but not runway at    growth.,158,1.0,/r/ciso/comments/1sbjt10/help_sanity_check_on_resourcing/oh5nr01/,ciso,3
ogpl0xz,1sbjt10,t3_1sbjt10,t3_1sbjt10,Master_Baby_2700,2026-04-17 13:31:04,1776432664.0,2026,4,2026-04,"Honestly this reads less like a pure headcount issue and more like too many different functions crammed into one small team. You’ve got security, GRC/privacy, vendor risk, contract/data review, and even some IT support all sitting together, so even a “reasonable” team size is going to feel stretched because the work isn’t the same kind of work. Until those lines are clearer, adding people can help but won’t fully fix the feeling of being underwater.

If leadership is actually supportive, I’d lean into framing this around specialization rather than just more bodies. The vendor reviews and intake work can scale with process and more junior resources, but the regulatory, privacy, and contract-heavy work usually needs someone senior who can own it end to end. Without that, everything bottlenecks no matter how many people you add.

It also helps to tie the ask to business impact instead of workload. If you can show how long reviews are taking, where things are backing up, and how that’s slowing down deals or product launches, it becomes a lot easier to justify. From the outside, it sounds like a senior GRC/privacy hire is pretty reasonable here, but the bigger unlock is making that a clearly defined function instead of just absorbing it into an already overloaded team.",honestly this reads less like a pure headcount issue and more like too many different functions crammed into one small team. you ve got security grc privacy vendor risk contract data review and even some it support all sitting together so even a reasonable team size is going to feel stretched because the work isn t the same kind of work. until those lines are clearer adding people can help but won t fully fix the feeling of being underwater. if leadership is actually supportive i d lean into framing this around specialization rather than just more bodies. the vendor reviews and intake work can scale with process and more junior resources but the regulatory privacy and contract heavy work usually needs someone senior who can own it end to end. without that everything bottlenecks no matter how many people you add. it also helps to tie the ask to business impact instead of workload. if you can show how long reviews are taking where things are backing up and how that s slowing down deals or product launches it becomes a lot easier to justify. from the outside it sounds like a senior grc privacy hire is pretty reasonable here but the bigger unlock is making that a clearly defined function instead of just absorbing it into an already overloaded team.,222,1.0,/r/ciso/comments/1sbjt10/help_sanity_check_on_resourcing/ogpl0xz/,ciso,3
oectsiy,1sbjt10,t3_1sbjt10,t3_1sbjt10,MaleficentFee6949,2026-04-05 01:10:28,1775351428.0,2026,4,2026-04,"This doesn’t seems headcount problem, it is what happens when these workflows stop scaling. Vendor intake, data use changes, customer obligations, I think each one is manageable on its own, but together could create compounding problem around tracking impact and maintaining a defensible record over time. most teams I’ve seen, the breaking point is knowing exactly which customers affected by a change and being able to prove what was communicated and when. That’s where things fall back to spreadsheets and email.

How are you handling that today?",this doesn t seems headcount problem it is what happens when these workflows stop scaling. vendor intake data use changes customer obligations i think each one is manageable on its own but together could create compounding problem around tracking impact and maintaining a defensible record over time. most teams i ve seen the breaking point is knowing exactly which customers affected by a change and being able to prove what was communicated and when. that s where things fall back to spreadsheets and email. how are you handling that today,90,1.0,/r/ciso/comments/1sbjt10/help_sanity_check_on_resourcing/oectsiy/,ciso,3
mqs35sz,1k7d8py,t3_1k7d8py,t3_1k7d8py,SheOwnsRoot,2025-05-05 21:38:06,1746481086.0,2025,5,2025-05,"For me, burnout has been linked to either a new boss that doesn’t inspire me or some other cultural change that causes the organization’s mission (or how that mission is pursued) to no longer resonate with me. In those moments, I’ve left and a new start elsewhere got my mojo back. It’s hard to leave a role that makes logical sense. It’s worse to stay in that role. Rooting for you!",for me burnout has been linked to either a new boss that doesn t inspire me or some other cultural change that causes the organization s mission to no longer resonate with me. in those moments i ve left and a new start elsewhere got my mojo back. it s hard to leave a role that makes logical sense. it s worse to stay in that role. rooting for you,70,2.0,/r/ciso/comments/1k7d8py/burnout_how_to_leave_cyber_security_entirely/mqs35sz/,ciso,3
ne5egx6,1nfa5d7,t3_1nfa5d7,t3_1nfa5d7,VanillaBean8585,2025-09-14 11:28:21,1757849301.0,2025,9,2025-09,"Maybe you could do some mentoring? I personally love learning from experienced CISOs about their careers, incidents, how they dealt with things.",maybe you could do some mentoring i personally love learning from experienced cisos about their careers incidents how they dealt with things.,22,1.0,/r/ciso/comments/1nfa5d7/retirement/ne5egx6/,ciso,3
neq8tzs,1nfa5d7,t3_1nfa5d7,t3_1nfa5d7,john_with_a_camera,2025-09-17 16:21:23,1758126083.0,2025,9,2025-09,"The only use I plan to have for a computer post-retirement is post processing photos no one will ever buy, lol.

When I'm out, I am O-U-T. 35 years in IT has taken such a toll on my body, mind, and psyche. Let some other mug be the one fighting for budget, pushing IT to fix stuff, and fending off vendor calls all day long. Someone else can take those phone calls on sick days, the vacation interruptions, and the 'hey, do you have a few minutes' interruptions.

Did I mention, I actually do love my job? I really enjoy it, but there is a season for everything.",the only use i plan to have for a computer post retirement is post processing photos no one will ever buy lol. when i m out i am o u t.    years in it has taken such a toll on my body mind and psyche. let some other mug be the one fighting for budget pushing it to fix stuff and fending off vendor calls all day long. someone else can take those phone calls on sick days the vacation interruptions and the hey do you have a few minutes interruptions. did i mention i actually do love my job i really enjoy it but there is a season for everything.,111,1.0,/r/ciso/comments/1nfa5d7/retirement/neq8tzs/,ciso,3
oe40wya,1sbjt10,t3_1sbjt10,t3_1sbjt10,LyricalString,2026-04-03 17:48:12,1775238492.0,2026,4,2026-04,"not insane at all. when you're the bottleneck for contract reviews and strategy, they aren't just paying for security, they're paying for your runway. if you're reactive, you're just firefighting.

  
try framing headcount requests around that risk of failure. show them the gap between your throughput and request volume. if you show them hiring a privacy specialist buys back time for policy, they'll actually listen since you're already doing three jobs.",not insane at all. when you re the bottleneck for contract reviews and strategy they aren t just paying for security they re paying for your runway. if you re reactive you re just firefighting. try framing headcount requests around that risk of failure. show them the gap between your throughput and request volume. if you show them hiring a privacy specialist buys back time for policy they ll actually listen since you re already doing three jobs.,78,2.0,/r/ciso/comments/1sbjt10/help_sanity_check_on_resourcing/oe40wya/,ciso,3
moyphe6,1k7d8py,t3_1k7d8py,t3_1k7d8py,john_with_a_camera,2025-04-25 13:06:10,1745586370.0,2025,4,2025-04,"Sad that so many people feel the same way. I am going to explore the IC side of things-maybe going back to consulting is the right approach. I just need whoever hired me to know I'm not killing myself for them.

Problem is, with the current economy everyone's work is slow and there are loads of people in the bench. I have a massive project under way right now, which I've been doing solo. I'm bringing in some help to share that load, which will buy me some time.

There's a problem when an entire job role is like this and everyone burns out. I honestly think the happiest (maybe not the best, but the happiest) CISOs are those who enter from non technical backgrounds. Their employers understand, they need a team behind them. With me, they know I can handle the incidents, mentor the devs, review the reports, etc.

BTW I work in PE and I am one single man driving security across our portfolio. We have enough companies that I could meet one each day and not finish in a year. 

More and more I don't understand why I thought this would be a healthy challenge... Last night I realized what one other has said: ""No"" is the most important word right now.

Thank you all for your insight!",sad that so many people feel the same way. i am going to explore the ic side of things maybe going back to consulting is the right approach. i just need whoever hired me to know i m not killing myself for them. problem is with the current economy everyone s work is slow and there are loads of people in the bench. i have a massive project under way right now which i ve been doing solo. i m bringing in some help to share that load which will buy me some time. there s a problem when an entire job role is like this and everyone burns out. i honestly think the happiest cisos are those who enter from non technical backgrounds. their employers understand they need a team behind them. with me they know i can handle the incidents mentor the devs review the reports etc. btw i work in pe and i am one single man driving security across our portfolio. we have enough companies that i could meet one each day and not finish in a year. more and more i don t understand why i thought this would be a healthy challenge... last night i realized what one other has said: no is the most important word right now. thank you all for your insight,221,1.0,/r/ciso/comments/1k7d8py/burnout_how_to_leave_cyber_security_entirely/moyphe6/,ciso,3
ndwa5qf,1nfa5d7,t3_1nfa5d7,t3_1nfa5d7,RadlEonk,2025-09-12 22:18:25,1757715505.0,2025,9,2025-09,"I’m hoping to do fuck all when I retire. Little travel.

In the meantime, I’ve a dozen years or so left. Please share your job description so I can apply to your vacancy.

And congrats.",i m hoping to do fuck all when i retire. little travel. in the meantime i ve a dozen years or so left. please share your job description so i can apply to your vacancy. and congrats.,37,1.0,/r/ciso/comments/1nfa5d7/retirement/ndwa5qf/,ciso,3
oef5uyo,1sbjt10,t3_1sbjt10,t3_1sbjt10,DetSteve1,2026-04-05 12:12:12,1775391132.0,2026,4,2026-04,"I’d need more answers; but would typically base this on strategy and growth; as the business grows, so do the resources to support it. ",i d need more answers but would typically base this on strategy and growth as the business grows so do the resources to support it.,25,1.0,/r/ciso/comments/1sbjt10/help_sanity_check_on_resourcing/oef5uyo/,ciso,3
mp2jq26,1k7d8py,t3_1k7d8py,t3_1k7d8py,inteller,2025-04-26 01:03:08,1745629388.0,2025,4,2025-04,"It's ok, we are firing you next week so it'll be easy",it s ok we are firing you next week so it ll be easy,14,1.0,/r/ciso/comments/1k7d8py/burnout_how_to_leave_cyber_security_entirely/mp2jq26/,ciso,3
mp1zgor,1k7d8py,t3_1k7d8py,t3_1k7d8py,john_with_a_camera,2025-04-25 23:06:03,1745622363.0,2025,4,2025-04,"Yah that's been the goal, but this week has been so bad that I'm ready to just walk.",yah that s been the goal but this week has been so bad that i m ready to just walk.,20,1.0,/r/ciso/comments/1k7d8py/burnout_how_to_leave_cyber_security_entirely/mp1zgor/,ciso,3
oe4pm1e,1sbjt10,t3_1sbjt10,t3_1sbjt10,HorrorTour5557,2026-04-03 19:44:16,1775245456.0,2026,4,2026-04,you are well staffed. In a company your size you cannot do everything in full maturity and you dont need to. with that additional senior staff you should have more than enough for the size and stage of your company. You dont need a full blown enterprisy risk Management process. focus on what matters. leverage AI e.g. in validating dpas or security questionnaires.,you are well staffed. in a company your size you cannot do everything in full maturity and you dont need to. with that additional senior staff you should have more than enough for the size and stage of your company. you dont need a full blown enterprisy risk management process. focus on what matters. leverage ai e.g. in validating dpas or security questionnaires.,63,3.0,/r/ciso/comments/1sbjt10/help_sanity_check_on_resourcing/oe4pm1e/,ciso,3
lxbuils,1gs6jy1,t3_1gs6jy1,t3_1gs6jy1,n00b_1337,2024-11-15 21:04:29,1731704669.0,2024,11,2024-11,Start small focus on basics like code reviews and dependency scanning to address immediate risks. Use OWASP SAMM to baseline your maturity and prioritize changes. Gradually introduce secure coding standards and training for developers to build a security culture.,start small focus on basics like code reviews and dependency scanning to address immediate risks. use owasp samm to baseline your maturity and prioritize changes. gradually introduce secure coding standards and training for developers to build a security culture.,39,1.0,/r/cybersecurity/comments/1gs6jy1/how_to_implement_a_secure_development_methodology/lxbuils/,cybersecurity,1
ep0iknk,btnj2u,t3_btnj2u,t3_btnj2u,lawtechie,2019-05-27 16:52:00,1558975920.0,2019,5,2019-05,"> Is it possible to pivot to cybersecurity sales with a degree in rhetoric and no industry experience?  
  
Cybersecurity sales is technical sales. While usual sales teams are sales person & a sales engineer, you're still going to have to know why & how the customer is going to use your product or service. Self study or experience would be the best paths that I can think of.    
  
> Any conferences you would recommend where I could network with professionals in the industry? Specifically sales professionals if possible.  
  
RSA is thick with sales people, which is why I don't go. 
  
Other advice? Please understand that if anybody's half competent in this field, they're busy and don't have time to waste ""Just to see if there's some way our buzzword compliant solution can fix my organizations' problems"". Sometimes your solution just isn't going to work and your perseverance and personality won't overcome it.",is it possible to pivot to cybersecurity sales with a degree in rhetoric and no industry experience cybersecurity sales is technical sales. while usual sales teams are sales person a sales engineer you re still going to have to know why how the customer is going to use your product or service. self study or experience would be the best paths that i can think of. any conferences you would recommend where i could network with professionals in the industry specifically sales professionals if possible. rsa is thick with sales people which is why i don t go. other advice please understand that if anybody s half competent in this field they re busy and don t have time to waste just to see if there s some way our buzzword compliant solution can fix my organizations problems . sometimes your solution just isn t going to work and your perseverance and personality won t overcome it.,157,3.0,/r/cybersecurity/comments/btnj2u/requesting_advice_on_transitioning_from/ep0iknk/,cybersecurity,1
kyu7s29,1bzzg2n,t3_1bzzg2n,t3_1bzzg2n,smittyhotep,2024-04-09 22:37:12,1712702232.0,2024,4,2024-04,You guys with CyberSec degrees are screwed. You need outside IT experience to get glombed onto by the community.,you guys with cybersec degrees are screwed. you need outside it experience to get glombed onto by the community.,19,7.0,/r/cybersecurity/comments/1bzzg2n/going_to_graduate_with_my_masters_soon_and_i_dont/kyu7s29/,cybersecurity,1
mr4imc5,1kh6jt6,t3_1kh6jt6,t3_1kh6jt6,RogueSMG,2025-05-07 20:05:39,1746648339.0,2025,5,2025-05,Been in Infosec since around 5 years now and I don't know shit.,been in infosec since around   years now and i don t know shit.,13,123.0,/r/cybersecurity/comments/1kh6jt6/constant_imposter_syndrome/mr4imc5/,cybersecurity,1
obe1sd5,1ryesvt,t3_1ryesvt,t3_1ryesvt,RubenPanza,2026-03-19 23:04:28,1773961468.0,2026,3,2026-03,"Hey there, it's kind of interesting when I struggle upon this because after reading it I can't help but want to tell you the truth. And I'm even going to offering an opportunity here. In front of mine just came back into town and we used to work remote and we're working on a long-term project, the details which I won't bother you with here. Let's just say that you I have a business doing something similar but you might sooner become my client than your I become yours and if you want to talk about it perhaps working together I'm open to it it's a business correcting Vibe code because people making these programs using standard libraries and random packages without even specifying to the LM what are they're going to use how they want to obfuscate functions and all that. So you haven't since like a recent week from dating app, one which ironically was build as a safer alternative for women, it was five coated over the course of like a weekend and it left all of the users information in unsecured buckets. They just assumed that it was magic you didn't know how to program themselves you don't have to be a genius about it you have to be a problem solver this is a force multiplier a tutor and a tool it's not magic it's a mystifying probabilistic engine. And if you're not willing to spend hours you seem natural language processing weekend constantly back up and have it present you with explorable instructions and conventions and things you can load into the next update you're going to have to start from square one or you're going to have a very janky experience. Spend the time literally work on training the tool and always be specific never assume. I already have people coming to me everything from local social media producers who have a studio and it was recently compromised because they five coded their entire hot website and everything else that was associated with their brand. When I looked at their Network everything was done with scripts that were Vibe coded and ultimately only would work with another OS and in doing so I think it corrupted audio and visual data I can't speak to the specifics of that means I personally don't nor would they like me to share those details but yeah there's going to be more of an opportunity I think and fixing janky ass five code even if you have to use an llm to save yourself a lot of pain if you have any repetitive stress injuries believe me. Damn if you want to talk about this in Greater detail and talk about your idea and greater detail",hey there it s kind of interesting when i struggle upon this because after reading it i can t help but want to tell you the truth. and i m even going to offering an opportunity here. in front of mine just came back into town and we used to work remote and we re working on a long term project the details which i won t bother you with here. let s just say that you i have a business doing something similar but you might sooner become my client than your i become yours and if you want to talk about it perhaps working together i m open to it it s a business correcting vibe code because people making these programs using standard libraries and random packages without even specifying to the lm what are they re going to use how they want to obfuscate functions and all that. so you haven t since like a recent week from dating app one which ironically was build as a safer alternative for women it was five coated over the course of like a weekend and it left all of the users information in unsecured buckets. they just assumed that it was magic you didn t know how to program themselves you don t have to be a genius about it you have to be a problem solver this is a force multiplier a tutor and a tool it s not magic it s a mystifying probabilistic engine. and if you re not willing to spend hours you seem natural language processing weekend constantly back up and have it present you with explorable instructions and conventions and things you can load into the next update you re going to have to start from square one or you re going to have a very janky experience. spend the time literally work on training the tool and always be specific never assume. i already have people coming to me everything from local social media producers who have a studio and it was recently compromised because they five coded their entire hot website and everything else that was associated with their brand. when i looked at their network everything was done with scripts that were vibe coded and ultimately only would work with another os and in doing so i think it corrupted audio and visual data i can t speak to the specifics of that means i personally don t nor would they like me to share those details but yeah there s going to be more of an opportunity i think and fixing janky ass five code even if you have to use an llm to save yourself a lot of pain if you have any repetitive stress injuries believe me. damn if you want to talk about this in greater detail and talk about your idea and greater detail,480,1.0,/r/cybersecurity/comments/1ryesvt/vibe_coding_cybersecurity_business/obe1sd5/,cybersecurity,1
nhbprv2,1nvoqkq,t3_1nvoqkq,t3_1nvoqkq,Strange-Mountain1810,2025-10-02 07:03:05,1759388585.0,2025,10,2025-10,"You know whats worse than getting a report declined?

Blasting them on social media and dumping the “vuln”’s contents, true Karen move. I cringed hard for you as it’s not even a vuln lol. 

Gj getting banned from Platforms for this.",you know whats worse than getting a report declined blasting them on social media and dumping the vuln s contents true karen move. i cringed hard for you as it s not even a vuln lol. gj getting banned from platforms for this.,43,1.0,/r/cybersecurity/comments/1nvoqkq/nvidia_vdp_through_intigriti_bad_faithed_process/nhbprv2/,cybersecurity,1
fr8tven,gnc930,t3_gnc930,t3_gnc930,robby808,2020-05-20 14:50:08,1589986208.0,2020,5,2020-05,"If he didn’t have direct access to your new phone then he most likely can’t remotely view your screen. Changing your iCloud and email passwords may have done the trick. You might have to change your number if you really don’t want him to contact you anymore. Also, I’d change the passwords on all your online accounts. He may also find a way to recover passwords via recovery questions so make sure you update those on your accounts as well. Last but not least, make sure you change Snapchat, Instagram passwords etc. also, make sure your location isn’t being shared on Snapchat.",if he didn t have direct access to your new phone then he most likely can t remotely view your screen. changing your icloud and email passwords may have done the trick. you might have to change your number if you really don t want him to contact you anymore. also i d change the passwords on all your online accounts. he may also find a way to recover passwords via recovery questions so make sure you update those on your accounts as well. last but not least make sure you change snapchat instagram passwords etc. also make sure your location isn t being shared on snapchat.,107,6.0,/r/cybersecurity/comments/gnc930/how_to_cut_cyber_ties_with_a_hacker_ex/fr8tven/,cybersecurity,1
hg9vbuw,q5zbsw,t3_q5zbsw,t3_q5zbsw,yitbaus,2021-10-11 20:53:41,1633985621.0,2021,10,2021-10,"The title should read: ""If you are entry level, do not go for your masters in cybersecurity"". Masters programs are meant to build on information and experience you already have. As many other people have mentioned, get some experience in IT, learn the ins and outs, and then transition into a security focused role.",the title should read: if you are entry level do not go for your masters in cybersecurity . masters programs are meant to build on information and experience you already have. as many other people have mentioned get some experience in it learn the ins and outs and then transition into a security focused role.,55,9.0,/r/cybersecurity/comments/q5zbsw/do_not_go_for_your_masters_in_cybersecurity/hg9vbuw/,cybersecurity,1
k8idvzv,17qypn8,t3_17qypn8,t3_17qypn8,dahra8888,2023-11-09 15:16:59,1699543019.0,2023,11,2023-11,"Security Engineering is generally 9-5 with maybe some occasional after hours prod support work, but nothing like Ops work.",security engineering is generally     with maybe some occasional after hours prod support work but nothing like ops work.,18,1.0,/r/cybersecurity/comments/17qypn8/less_stressful_jobs/k8idvzv/,cybersecurity,1
nnotvpk,1or3lcr,t3_1or3lcr,t3_1or3lcr,OpenSourceGuy_Ger,2025-11-08 00:28:13,1762561693.0,2025,11,2025-11,A bachelor's degree isn't worth anything. You should have at least a master's degree. Then you become interesting. I know this from the mechanical engineering industry.,a bachelor s degree isn t worth anything. you should have at least a master s degree. then you become interesting. i know this from the mechanical engineering industry.,29,0.0,/r/cybersecurity/comments/1or3lcr/feeling_highly_discouraged_how_do_i_get_into_the/nnotvpk/,cybersecurity,1
myysagd,1j9mz71,t3_1j9mz71,t3_1j9mz71,Risk_Cognizance_GRC,2025-06-21 10:39:26,1750502366.0,2025,6,2025-06,"Try Risk Cognizance, a proactive approach to identifying and managing risks, not just meeting compliance. www.riskcognizance.com ",try risk cognizance a proactive approach to identifying and managing risks not just meeting compliance. url,16,0.0,/r/cybersecurity/comments/1j9mz71/best_risk_management_tool_for_lowmaturity_risk/myysagd/,cybersecurity,1
jlcaoj0,13p8k5y,t3_13p8k5y,t3_13p8k5y,raduep,2023-05-23 21:00:56,1684875656.0,2023,5,2023-05,"Firstly, thanks. Secondly, I really hope my resume will never get to you",firstly thanks. secondly i really hope my resume will never get to you,13,1.0,/r/cybersecurity/comments/13p8k5y/if_you_are_currently_applying_for_jobs_then/jlcaoj0/,cybersecurity,1
o4hzygn,1r017p7,t3_1r017p7,t3_1r017p7,HomerDoakQuarlesIII,2026-02-09 21:01:21,1770670881.0,2026,2,2026-02,"CMMC lvl 2 got mandated in November to contract for DoD. There will be a lot of work for C3PAOs and a lot of new boutiques stood up I imagine. Based on CMMC lvl 1 which is just a self assessment of compliance of NIST 800-171 framework, but you cannot just be self assessed now you have to be certified for lvl 2.

I think there will be a lot of new cloud / environment scanning tools that can assess and remediate, and maybe somehow leverage AI as well. But there has to be certified auditors to have a C3PAO so if AI does make it a dent, it will have to be under the purview of a certified human.

So the age old adage of auditors “can’t work harder so have to work longer” may ease up a bit for auditors in that space.",cmmc lvl   got mandated in november to contract for dod. there will be a lot of work for c paos and a lot of new boutiques stood up i imagine. based on cmmc lvl   which is just a self assessment of compliance of nist         framework but you cannot just be self assessed now you have to be certified for lvl  . i think there will be a lot of new cloud   environment scanning tools that can assess and remediate and maybe somehow leverage ai as well. but there has to be certified auditors to have a c pao so if ai does make it a dent it will have to be under the purview of a certified human. so the age old adage of auditors can t work harder so have to work longer may ease up a bit for auditors in that space.,144,1.0,/r/cybersecurity/comments/1r017p7/iso_42001_is_it_time_to_leave_the_soc_227001/o4hzygn/,cybersecurity,1
i0v4ub1,tfd1aq,t3_tfd1aq,t3_tfd1aq,tim-brottsling,2022-03-16 09:26:13,1647422773.0,2022,3,2022-03,"This is STEM in a nutshell. Just push through. You’ll need your degree later, when the labour market tightens up.",this is stem in a nutshell. just push through. you ll need your degree later when the labour market tightens up.,21,13.0,/r/cybersecurity/comments/tfd1aq/should_i_quit_uni/i0v4ub1/,cybersecurity,1
j3i8qpy,106qtp9,t3_106qtp9,t3_106qtp9,Displaced_in_Space,2023-01-08 19:36:55,1673206615.0,2023,1,2023-01,"A properly staffed company shouldn't have you on call 24/7 AND actively getting contacted.  


Move companies, not industries (all other things being the same).  


I'm technically ""on call"" 24/7/365 even when vacationing.   But I rarely get more than adivsory texts from my department managers.     


Proper staffing and structure is the key.",a properly staffed company shouldn t have you on call      and actively getting contacted. move companies not industries . i m technically on call          even when vacationing. but i rarely get more than adivsory texts from my department managers. proper staffing and structure is the key.,46,45.0,/r/cybersecurity/comments/106qtp9/what_cyber_security_roles_are_more_95/j3i8qpy/,cybersecurity,1
j9zcnag,11bq9xj,t3_11bq9xj,t3_11bq9xj,Distinct_Ordinary_71,2023-02-25 18:02:07,1677348127.0,2023,2,2023-02,Talk to the olds. Russia impairing the functioning of networked computer systems will seem way more chill than the whole thousands of nukes on 15 minutes warning thing!,talk to the olds. russia impairing the functioning of networked computer systems will seem way more chill than the whole thousands of nukes on    minutes warning thing,27,19.0,/r/cybersecurity/comments/11bq9xj/read_sandworm_by_andy_greenberg/j9zcnag/,cybersecurity,1
hzdr0hd,t6byv2,t3_t6byv2,t3_t6byv2,fabledparable,2022-03-04 23:17:24,1646435844.0,2022,3,2022-03,"This forum is only able to speculate whether or not the company is *actually* able to elevate your salary more. No doubt your company's HR dept. has various metrics for handling these sorts of events that only they are privy to. It may be the case that you are genuinely only able to be paid a certain amount for your given pay-band (larger businesses deliberately enact these to mitigate lawsuits surrounding equal opportunity, for example).

Regardless, if you feel slighted and under-compensated, the natural solution is to start shopping around elsewhere for employment. If you really want a reality check on what you're worth, the best to be offered is hearing what alternate employers are willing to pay.",this forum is only able to speculate whether or not the company is actually able to elevate your salary more. no doubt your company s hr dept. has various metrics for handling these sorts of events that only they are privy to. it may be the case that you are genuinely only able to be paid a certain amount for your given pay band . regardless if you feel slighted and under compensated the natural solution is to start shopping around elsewhere for employment. if you really want a reality check on what you re worth the best to be offered is hearing what alternate employers are willing to pay.,110,2.0,/r/cybersecurity/comments/t6byv2/may_need_a_reality_check_on_salarypromotion/hzdr0hd/,cybersecurity,1
lo74f6b,1flyd9d,t3_1flyd9d,t3_1flyd9d,pyker42,2024-09-21 12:25:02,1726921502.0,2024,9,2024-09,">issues I report are often not resolved,

Doesn't matter which part of cybersecurity you go into, this will always be a thing. Listening to you is more about who you work for than what you are doing.",issues i report are often not resolved doesn t matter which part of cybersecurity you go into this will always be a thing. listening to you is more about who you work for than what you are doing.,38,7.0,/r/cybersecurity/comments/1flyd9d/penetration_tester_in_transition/lo74f6b/,cybersecurity,1
k79cl19,17kqbac,t3_17kqbac,t3_17kqbac,TheTarquin,2023-10-31 18:02:32,1698775352.0,2023,10,2023-10,"I used to work on acquisition security. Acquisitions are always chaotic. Most companies don't actually understand how to integrate a new business. For individual contributors (ICs) like analysts and engineers, this usually means one of three things:

1. **Situation more or less unchanged**. If you have fungible skills and your acquiring company has similar teams that align well, it's usually pretty easy to either integrate the teams or just lift and shift folks into the parent team and use their knowledge to help with integrating the subsidiary.
2. **Get lost in the shuffle**. If you're looking for laid back, this is the option to hope for. Oftentimes the acquiring company has a very clear vision for one product, business line, team, etc. at the new subsidiary and everything else is basically treated as ""uh, we'll figure it out"". This leads to teams getting less (and eventually basically no) work while the parent company sorts their shit out. What most companies and people don't realize is that acquisitions usually take on the order of years to fully shake out. Even cases where the company is purchased for patent rights and is being dissolved afterwards take upwards of 6 months. If you end up on this path and you're okay with coasting, you can do it for quite awhile.
3. **Motherfucking Chaos Mode**. Congratulations you're now on an integration IT team writing firewall rules. Oh wait, we lied we actually need you to write documentation for this service you never worked on because the entire team quit. Oh, hold up, shelve that (still super important, though) we need you to write a Database driver to integrate our system with this legacy product your company supported that we realized was still printing money, so we don't want to shut it off. What's that you're not a SWE and have never written a DB driver before? You seem like a smart kid, you'll figure it out. By the way is that documentation done? No wait, you're back on firewalls. Oh wait, all of our TPMs quit so now you're managing action items for the integration of the marketing team...",i used to work on acquisition security. acquisitions are always chaotic. most companies don t actually understand how to integrate a new business. for individual contributors like analysts and engineers this usually means one of three things:  . situation more or less unchanged. if you have fungible skills and your acquiring company has similar teams that align well it s usually pretty easy to either integrate the teams or just lift and shift folks into the parent team and use their knowledge to help with integrating the subsidiary.  . get lost in the shuffle. if you re looking for laid back this is the option to hope for. oftentimes the acquiring company has a very clear vision for one product business line team etc. at the new subsidiary and everything else is basically treated as uh we ll figure it out . this leads to teams getting less work while the parent company sorts their shit out. what most companies and people don t realize is that acquisitions usually take on the order of years to fully shake out. even cases where the company is purchased for patent rights and is being dissolved afterwards take upwards of   months. if you end up on this path and you re okay with coasting you can do it for quite awhile.  . motherfucking chaos mode. congratulations you re now on an integration it team writing firewall rules. oh wait we lied we actually need you to write documentation for this service you never worked on because the entire team quit. oh hold up shelve that we need you to write a database driver to integrate our system with this legacy product your company supported that we realized was still printing money so we don t want to shut it off. what s that you re not a swe and have never written a db driver before you seem like a smart kid you ll figure it out. by the way is that documentation done no wait you re back on firewalls. oh wait all of our tpms quit so now you re managing action items for the integration of the marketing team...,359,12.0,/r/cybersecurity/comments/17kqbac/company_is_being_acquired_what_would_you_do_in_my/k79cl19/,cybersecurity,1
jacu8th,11dm9h8,t3_11dm9h8,t3_11dm9h8,lobsangr,2023-02-28 14:57:53,1677596273.0,2023,2,2023-02,"Job hopping is the answer since different companies allocate different budgets for their employees. It's going to be somewhat hard going through the process but I guarantee is the easiest way to increase your pay. Doubled my salary in less than 3 years currently sitting in the low 60s, studying for security+ hoping it can help me out move up the ladder.",job hopping is the answer since different companies allocate different budgets for their employees. it s going to be somewhat hard going through the process but i guarantee is the easiest way to increase your pay. doubled my salary in less than   years currently sitting in the low   s studying for security hoping it can help me out move up the ladder.,62,1.0,/r/cybersecurity/comments/11dm9h8/so_my_yearly_raise_was2_is_the_field_still_in/jacu8th/,cybersecurity,1
mwpljmb,1l6jisy,t3_1l6jisy,t3_1l6jisy,zkareface,2025-06-08 19:53:52,1749412432.0,2025,6,2025-06,">However I basically have NO context for wtf these vulnerabilities are,


Well you got Google :D",however i basically have no context for wtf these vulnerabilities are well you got google :d,16,14.0,/r/cybersecurity/comments/1l6jisy/i_got_a_scholarship_to_take_18_cybersecurity/mwpljmb/,cybersecurity,1
ka9fsx7,180sqyc,t3_180sqyc,t3_180sqyc,DontBuyAHorse,2023-11-22 04:52:38,1700628758.0,2023,11,2023-11,"So for me, I have really bad ADHD. Have had it all my life. I'd rule that out first because I simply can't learn properly without medication and some tricks learned in therapy.  


Otherwise, you do just naturally forget a lot of it. Take lots of practice tests. That's the way I better learned what to expect.",so for me i have really bad adhd. have had it all my life. i d rule that out first because i simply can t learn properly without medication and some tricks learned in therapy. otherwise you do just naturally forget a lot of it. take lots of practice tests. that s the way i better learned what to expect.,60,4.0,/r/cybersecurity/comments/180sqyc/memory_struggle/ka9fsx7/,cybersecurity,1
id5w9g2,vh8cuh,t3_vh8cuh,t3_vh8cuh,Cortesr7324,2022-06-21 09:33:07,1655803987.0,2022,6,2022-06,"For me I enjoy seeing all the certs I'm gonna go after A+ N+ S+ are probably the most enjoyable.

I will be getting my A+ before October but I'm already receiving newer resources on bigger things like TCM Securities complete Network Penetration Tester live training for beginners to pro.

I love the Cyber community because everyone on LinkedIn just shares so much learning resources that it doesn't make it seem impossible to me. There's even virtual internships to get started THM like you did. If you found that stressfull then to me I found it as a milestone in the journey of Infosec/Cyber 

You should celebrate your THM and capture the flags because that was a milestone you should celebrate. But in the case you found it stressful and don't find it enjoyable then to answer your question it may not be for you.

Social life? There's always a balance of social life I just went to the RSA Conference 2022 at San Francisco. Local events are even better",for me i enjoy seeing all the certs i m gonna go after a n s are probably the most enjoyable. i will be getting my a before october but i m already receiving newer resources on bigger things like tcm securities complete network penetration tester live training for beginners to pro. i love the cyber community because everyone on linkedin just shares so much learning resources that it doesn t make it seem impossible to me. there s even virtual internships to get started thm like you did. if you found that stressfull then to me i found it as a milestone in the journey of infosec cyber you should celebrate your thm and capture the flags because that was a milestone you should celebrate. but in the case you found it stressful and don t find it enjoyable then to answer your question it may not be for you. social life there s always a balance of social life i just went to the rsa conference      at san francisco. local events are even better,176,4.0,/r/cybersecurity/comments/vh8cuh/is_cybersecurity_for_me/id5w9g2/,cybersecurity,1
ki567d4,19811dp,t3_19811dp,t3_19811dp,neebulo,2024-01-16 16:37:47,1705423067.0,2024,1,2024-01,"Not normal. Do not allow them to normalize this. If they need those covered, they need to hire more. Not burden you and at the same time devalue what you are worth.

Set your boundaries.",not normal. do not allow them to normalize this. if they need those covered they need to hire more. not burden you and at the same time devalue what you are worth. set your boundaries.,35,1.0,/r/cybersecurity/comments/19811dp/working_in_all_cyber_security_fields_at_once/ki567d4/,cybersecurity,1
mqtqfd1,1kfuoco,t3_1kfuoco,t3_1kfuoco,MarioV2,2025-05-06 03:19:08,1746501548.0,2025,5,2025-05,"Maybe you need a distinct office space/desk. Or maybe you need a new $500 4K monitor and arm. 

Plenty of on site positions out there :P",maybe you need a distinct office space desk. or maybe you need a new      k monitor and arm. plenty of on site positions out there :p,26,1.0,/r/cybersecurity/comments/1kfuoco/remote_work_rant/mqtqfd1/,cybersecurity,1
fv4asx9,hakgwy,t3_hakgwy,t3_hakgwy,whattheflag,2020-06-17 13:10:56,1592399456.0,2020,6,2020-06,"I work as an analyst at the moment. During my studies you would not believe how many times I procrastinated. For me it was a part of the process.
Sometimes I would not feel like doing anything, and that's ok. Sometimes I would go a full day with no time off. It helps if you are really curious about the project at hand. But we all know it is not always the case.Say I did my dissertation in IOT vuln assesment, that would keep me going for days. But I almost failed a crypto class as it did not resonate with me at all. So, just find something you enjoy doing, it may be outside of the scope of your studies. When I get a bit bored at work, I just make a program or a script. Something that helps with my daily tasks. That gets me going and boosts my self esteem a bit as well. Hope you find your way.",i work as an analyst at the moment. during my studies you would not believe how many times i procrastinated. for me it was a part of the process. sometimes i would not feel like doing anything and that s ok. sometimes i would go a full day with no time off. it helps if you are really curious about the project at hand. but we all know it is not always the case.say i did my dissertation in iot vuln assesment that would keep me going for days. but i almost failed a crypto class as it did not resonate with me at all. so just find something you enjoy doing it may be outside of the scope of your studies. when i get a bit bored at work i just make a program or a script. something that helps with my daily tasks. that gets me going and boosts my self esteem a bit as well. hope you find your way.,163,2.0,/r/cybersecurity/comments/hakgwy/so_many_distractions_netflix/fv4asx9/,cybersecurity,1
llio4es,1f8j8b2,t3_1f8j8b2,t3_1f8j8b2,Obreezy0656,2024-09-04 19:54:29,1725479669.0,2024,9,2024-09,"I work for a medical device manufacturer who needs tight security controls on their products due to heavy regulations from the new food drugs and cosmetic’s act that passed in October 2023. No SOC, no overtime, just developing and maintaining security controls, SBOM, monitoring and controlling for new vulnerabilities, etc. relatively cushy 9-5, good W/L balance.",i work for a medical device manufacturer who needs tight security controls on their products due to heavy regulations from the new food drugs and cosmetic s act that passed in october     . no soc no overtime just developing and maintaining security controls sbom monitoring and controlling for new vulnerabilities etc. relatively cushy     good w l balance.,57,2.0,/r/cybersecurity/comments/1f8j8b2/security_engineers_do_you_have_a_good_wl_balance/llio4es/,cybersecurity,1
gukbjcz,mr5dc4,t3_mr5dc4,t3_mr5dc4,nocsupport,2021-04-15 02:51:18,1618455078.0,2021,4,2021-04,"Another point: even if it were true, 4 x 300k = 1.2M pre-tax. You can't retire off of that at 30. 

Even if it were net, in the bank, ready to go. Life expectancy might be 80. With inflation (rising healthcare costs etc) there's no way you (c/s)hould retire. 1.2M today won't sustain you for 50 years. Just sayin'... Story doesn't ring true.",another point: even if it were true   x    k  . m pre tax. you can t retire off of that at   . even if it were net in the bank ready to go. life expectancy might be   . with inflation there s no way you hould retire.  . m today won t sustain you for    years. just sayin ... story doesn t ring true.,64,36.0,/r/cybersecurity/comments/mr5dc4/a_friend_who_works_in_cybersecurity_claims_to/gukbjcz/,cybersecurity,1
mqtsdiq,1kfuoco,t3_1kfuoco,t3_1kfuoco,ChasingDivvies,2025-05-06 03:32:44,1746502364.0,2025,5,2025-05,"I""m the exact opposite, I will be very content never seeing another coworker in person ever again, nor having to drive to work on my dime/time just to be stressed when I get to work and stressed when I get home because DC traffic is a nightmare. But, I can appreciate I am not everyone. So, good luck on hunt.",i m the exact opposite i will be very content never seeing another coworker in person ever again nor having to drive to work on my dime time just to be stressed when i get to work and stressed when i get home because dc traffic is a nightmare. but i can appreciate i am not everyone. so good luck on hunt.,62,6.0,/r/cybersecurity/comments/1kfuoco/remote_work_rant/mqtsdiq/,cybersecurity,1
jztxjr9,16azgxj,t3_16azgxj,t3_16azgxj,Fit_Accountant_5367,2023-09-09 16:14:46,1694276086.0,2023,9,2023-09,"Happy? Very. Love each day right now. Doing also cyber at night for hobby.
Payment is good, know others having better pays but my job makes so much fun, impact and is recognized.
I go for 4 weeks holidays and already miss my job",happy very. love each day right now. doing also cyber at night for hobby. payment is good know others having better pays but my job makes so much fun impact and is recognized. i go for   weeks holidays and already miss my job,43,1.0,/r/cybersecurity/comments/16azgxj/are_you_still_happy_in_cyber_security/jztxjr9/,cybersecurity,1
gx1blrg,n5eait,t3_n5eait,t3_n5eait,j1mgg,2021-05-05 15:29:40,1620228580.0,2021,5,2021-05,"What is it you want to do later in life, you say chase the money, then what to do?",what is it you want to do later in life you say chase the money then what to do,19,1.0,/r/cybersecurity/comments/n5eait/stress_in_cyber_security/gx1blrg/,cybersecurity,1
ijl7xp3,wjypns,t3_wjypns,t3_wjypns,usererroralways,2022-08-09 15:13:40,1660058020.0,2022,8,2022-08,Consider switching to a bigger company. As a junior IC in a large org you get to focus on the technical aspect more over trying to solve org-wide issues.,consider switching to a bigger company. as a junior ic in a large org you get to focus on the technical aspect more over trying to solve org wide issues.,30,2.0,/r/cybersecurity/comments/wjypns/does_every_company_ignore_cybersecurity/ijl7xp3/,cybersecurity,1
hh8wogp,qbbhcg,t3_qbbhcg,t3_qbbhcg,blanketknabber,2021-10-19 16:07:36,1634659656.0,2021,10,2021-10,"Alright I don't know your work environment very well, so this reply might make a few assumptions. It's easy to think out bosses are frustrated with us and assume the worst. I've had bosses seem like they were pissed at me when I didn't realize until after that something else was going on in the background that was causing them more stress. Second, it is not uncommon for managers in a field like this to ask for information like that. I have been on a gov contract, and our managers ask for data like this to make all different types of decisions. It could be that they are budgeting for the next quarter or fiscal year. It could also be that they are trying to see if they need more employees to get work done. I hope this is all just a misunderstanding and the sequence of events just kind of lined up in a weird way. A few other questions:

Do you use Agile (or a similar methodology) for tracking work?

What is the review process like for your position?",alright i don t know your work environment very well so this reply might make a few assumptions. it s easy to think out bosses are frustrated with us and assume the worst. i ve had bosses seem like they were pissed at me when i didn t realize until after that something else was going on in the background that was causing them more stress. second it is not uncommon for managers in a field like this to ask for information like that. i have been on a gov contract and our managers ask for data like this to make all different types of decisions. it could be that they are budgeting for the next quarter or fiscal year. it could also be that they are trying to see if they need more employees to get work done. i hope this is all just a misunderstanding and the sequence of events just kind of lined up in a weird way. a few other questions: do you use agile for tracking work what is the review process like for your position,181,3.0,/r/cybersecurity/comments/qbbhcg/boss_gave_me_a_task_that_i_feel_like_is_for/hh8wogp/,cybersecurity,1
lo8631j,1flyd9d,t3_1flyd9d,t3_1flyd9d,sendersclu8,2024-09-21 16:12:08,1726935128.0,2024,9,2024-09,"Move into a technical consultancy/security architecture role, with your experience you’ll be able to actually impact change at the right level. I’ve found it to be a rewarding role so far.",move into a technical consultancy security architecture role with your experience you ll be able to actually impact change at the right level. i ve found it to be a rewarding role so far.,34,2.0,/r/cybersecurity/comments/1flyd9d/penetration_tester_in_transition/lo8631j/,cybersecurity,1
mjl5ch4,1jj7mi3,t3_1jj7mi3,t3_1jj7mi3,shootdir,2025-03-25 01:53:09,1742867589.0,2025,3,2025-03,"It all depends if they make everyone go through an interview process to evaluate if you need their hiring bar and level. For example a ""VP"" at a small company is not a ""VP"" at Microsoft.",it all depends if they make everyone go through an interview process to evaluate if you need their hiring bar and level. for example a vp at a small company is not a vp at microsoft.,36,22.0,/r/cybersecurity/comments/1jj7mi3/company_was_acquired/mjl5ch4/,cybersecurity,1
mdt05f0,1ity92c,t3_1ity92c,t3_1ity92c,go-mod-tidy-,2025-02-20 14:22:11,1740061331.0,2025,2,2025-02,"Opportunists make up the company leadershit and they take turns flipping switches on and off, aggrandizing the impact, capturing a massive bonus/stock grant, then golden parachute or fail upwards.",opportunists make up the company leadershit and they take turns flipping switches on and off aggrandizing the impact capturing a massive bonus stock grant then golden parachute or fail upwards.,30,3.0,/r/cybersecurity/comments/1ity92c/the_cycle_that_is_cyber/mdt05f0/,cybersecurity,1
gfzkq3q,kdygob,t3_kdygob,t3_kdygob,STxGAMER,2020-12-16 01:57:21,1608083841.0,2020,12,2020-12,"Hey! 

You're off to a great start. You took that internship, and used it to identify bad IT hygiene at that organization. Believe it or not, bad IT fundamentals can lead to an unbelievable amount of risk to a business. Why does that matter, though? Cyber security is just one part of the larger whole that is Information Security. Fundamental concepts such as asset management, patch management, vulnerability management, change management, standardization, compliance, etc... can be overlooked and expose a business to all sorts of cyber threats and liability.  

That being said, if you want to learn more about a specific subject, I recommend Udemy, or other online platforms. Develop a strong base. Learn the fundamentals (CIA Triad, as cliche as that is). Work towards the Security+ from CompTIA, it's the best at breaking the barrier of entry and on teaching the fundamentals (in my opinion). After that, if you find something that you like, or want to specialize in, then take the leap and go for it!",hey you re off to a great start. you took that internship and used it to identify bad it hygiene at that organization. believe it or not bad it fundamentals can lead to an unbelievable amount of risk to a business. why does that matter though cyber security is just one part of the larger whole that is information security. fundamental concepts such as asset management patch management vulnerability management change management standardization compliance etc... can be overlooked and expose a business to all sorts of cyber threats and liability. that being said if you want to learn more about a specific subject i recommend udemy or other online platforms. develop a strong base. learn the fundamentals . work towards the security from comptia it s the best at breaking the barrier of entry and on teaching the fundamentals . after that if you find something that you like or want to specialize in then take the leap and go for it,162,3.0,/r/cybersecurity/comments/kdygob/i_have_extra_time_in_college_and_i_want_to_make/gfzkq3q/,cybersecurity,1
j2zq2n6,103bpo4,t3_103bpo4,t3_103bpo4,Gordonb0mbay,2023-01-05 01:41:44,1672882904.0,2023,1,2023-01,"Internal Audit shouldn't be reporting to InfoSec, correct. You're essentially auditing them and their work, I don't know why you wouldn't be silo'ed ideally, much less reporting to them.",internal audit shouldn t be reporting to infosec correct. you re essentially auditing them and their work i don t know why you wouldn t be silo ed ideally much less reporting to them.,34,5.0,/r/cybersecurity/comments/103bpo4/newly_promoted_it_audit_manager_bit_off_more_than/j2zq2n6/,cybersecurity,1
mqiazlh,1kdbo69,t3_1kdbo69,t3_1kdbo69,uk_one,2025-05-04 08:58:23,1746349103.0,2025,5,2025-05,"Your boss's board are convinced of the wage bill reduction benefits of AI and are pushing it's usage. In 6 months a report will be presented along the lines of, ""60% of our staff report using AI to do achieve most of their function ergo we can look to automate their roles and reduce our staffing costs by at least 50%'.

 Remaining staff will be off-shored for additional savings and we'll market ourselves as 'AI driven' which is proven to increase sales. With an increased EBITDA we'll all slide into a better bonus window and can retire 10 years earlier.",your boss s board are convinced of the wage bill reduction benefits of ai and are pushing it s usage. in   months a report will be presented along the lines of    of our staff report using ai to do achieve most of their function ergo we can look to automate their roles and reduce our staffing costs by at least    . remaining staff will be off shored for additional savings and we ll market ourselves as ai driven which is proven to increase sales. with an increased ebitda we ll all slide into a better bonus window and can retire    years earlier.,102,1.0,/r/cybersecurity/comments/1kdbo69/am_i_the_only_one_that_hates_the_overuse_of/mqiazlh/,cybersecurity,1
krfykfp,1awb3yv,t3_1awb3yv,t3_1awb3yv,ThePorko,2024-02-21 13:01:31,1708520491.0,2024,2,2024-02,"This is why alot of the cybersecurity guys I know have went back to system ops or networking. Cybersecurity is a endless thankless job for most of us responsible for vuln management and dfir. 
Having never been there, I sometimes dream of the green pasture of grc or becoming an SE and just repeat “zero trust” x number of times per meeting.",this is why alot of the cybersecurity guys i know have went back to system ops or networking. cybersecurity is a endless thankless job for most of us responsible for vuln management and dfir. having never been there i sometimes dream of the green pasture of grc or becoming an se and just repeat zero trust x number of times per meeting.,62,8.0,/r/cybersecurity/comments/1awb3yv/boredom_and_stuck/krfykfp/,cybersecurity,1
j72t649,10s8iv0,t3_10s8iv0,t3_10s8iv0,N651EB,2023-02-03 17:45:45,1675446345.0,2023,2,2023-02,"An insight I can offer… too many organizations (even many of the “mature” ones) fail in practice to meaningfully differentiate risks from issues. So many times I have seen “risk registers” which are just issue logs. The dumping ground pattern OP describes is a very common pattern in organizations that don’t understand risk. In this pattern, the “risk” team ends up becoming an intake function of “risks” that are really issues, and they become a reactive PMO function distracted with endlessly plugging holes while more holes are poked than can be plugged. This never ends well.

A risk register should be relatively stable and resemble risks and scenarios that represent how applications, people, data, etc are structured. Risks can be managed through processes/capabilities/controls. A risk organization needs to focus on aligning those processes/capabilities/controls to risks which describe what COULD go wrong (this is the proactive approach, and it begins with understanding the enterprise architecture). Chasing issues focuses on what HAS gone wrong and generally is tied to a failure to begin with an understanding of the enterprise architecture and reinforces cycles of reactivity with few meaningful/measurable wins.",an insight i can offer too many organizations fail in practice to meaningfully differentiate risks from issues. so many times i have seen risk registers which are just issue logs. the dumping ground pattern op describes is a very common pattern in organizations that don t understand risk. in this pattern the risk team ends up becoming an intake function of risks that are really issues and they become a reactive pmo function distracted with endlessly plugging holes while more holes are poked than can be plugged. this never ends well. a risk register should be relatively stable and resemble risks and scenarios that represent how applications people data etc are structured. risks can be managed through processes capabilities controls. a risk organization needs to focus on aligning those processes capabilities controls to risks which describe what could go wrong . chasing issues focuses on what has gone wrong and generally is tied to a failure to begin with an understanding of the enterprise architecture and reinforces cycles of reactivity with few meaningful measurable wins.,175,3.0,/r/cybersecurity/comments/10s8iv0/why_is_everything_a_risk_problem_all_of_a_sudden/j72t649/,cybersecurity,1
jmi4fu3,13x3wnf,t3_13x3wnf,t3_13x3wnf,chrisknight1985,2023-06-01 17:35:36,1685640936.0,2023,6,2023-06,"This is 99.9% of corporate and gov jobs

its just that a means to an end, it is a paycheck",this is   .  of corporate and gov jobs its just that a means to an end it is a paycheck,20,1.0,/r/cybersecurity/comments/13x3wnf/making_a_difference_in_cybersecurity/jmi4fu3/,cybersecurity,1
jrtltbv,14yoowu,t3_14yoowu,t3_14yoowu,slowclicker,2023-07-13 16:40:42,1689266442.0,2023,7,2023-07,"Leverage a free structured course to learn the basics If you're being genuine and want to learn the basics of your team.

Coursera - Security focus

CompTIA certs (Have your company pay for this training)

Take your time and learn something every day.

There is free Security+ training on YouTube. 

Have a weekly meeting with the team where teammates are encouraged to share a big topic that came up that they had to solve or something new in the security space. Make learning a part of your team's activity.",leverage a free structured course to learn the basics if you re being genuine and want to learn the basics of your team. coursera   security focus comptia certs take your time and learn something every day. there is free security training on youtube. have a weekly meeting with the team where teammates are encouraged to share a big topic that came up that they had to solve or something new in the security space. make learning a part of your team s activity.,83,1.0,/r/cybersecurity/comments/14yoowu/cybersecurity_at_40/jrtltbv/,cybersecurity,2
kh6mg8x,192wbu6,t3_192wbu6,t3_192wbu6,AyeSocketFucker,2024-01-10 08:56:16,1704876976.0,2024,1,2024-01,"I moved from hospitality / serving at restaurants into cyber. I can always go back to that if I ever feel the need to leave. But for now, I’m quite happy no rude customers with entitled allergies, and no commute.",i moved from hospitality   serving at restaurants into cyber. i can always go back to that if i ever feel the need to leave. but for now i m quite happy no rude customers with entitled allergies and no commute.,40,11.0,/r/cybersecurity/comments/192wbu6/how_do_you_did_you_get_out_of_cybersecurity/kh6mg8x/,cybersecurity,2
nl36h7t,1oejnzi,t3_1oejnzi,t3_1oejnzi,Lethalspartan76,2025-10-24 05:26:06,1761283566.0,2025,10,2025-10,"Sounds like the SOC need a sit down meeting to get on same page. Tune the alerts. Develop consistent procedure. Some automated responses. Each customer is gonna be special and make a bunch of trash. You have to work with them at first to tune the alerts, whitelisting the normal processes that are throwing false positives.",sounds like the soc need a sit down meeting to get on same page. tune the alerts. develop consistent procedure. some automated responses. each customer is gonna be special and make a bunch of trash. you have to work with them at first to tune the alerts whitelisting the normal processes that are throwing false positives.,56,1.0,/r/cybersecurity/comments/1oejnzi/l1_soc_analyst_here_drowning_in_false_positives/nl36h7t/,cybersecurity,2
k0713o5,16g4io5,t3_16g4io5,t3_16g4io5,Cell0ut,2023-09-12 01:16:43,1694481403.0,2023,9,2023-09,Picking up collaterals is something common. Anything to make you more value able I would think.,picking up collaterals is something common. anything to make you more value able i would think.,16,1.0,/r/cybersecurity/comments/16g4io5/first_job_issues/k0713o5/,cybersecurity,2
k1uppsr,16py7h4,t3_16py7h4,t3_16py7h4,GrouchyAd5957,2023-09-23 13:47:23,1695476843.0,2023,9,2023-09,I am in the cloud security space.  This is the slowest I have ever seen it.,i am in the cloud security space. this is the slowest i have ever seen it.,16,21.0,/r/cybersecurity/comments/16py7h4/just_another_rant_about_the_job_marketstate_of/k1uppsr/,cybersecurity,2
kj2l9qb,19d1khi,t3_19d1khi,t3_19d1khi,DeezSaltyNuts69,2024-01-22 18:00:37,1705946437.0,2024,1,2024-01,"everyone returned to the office

there are very few remote roles

accept it

move along",everyone returned to the office there are very few remote roles accept it move along,15,-15.0,/r/cybersecurity/comments/19d1khi/fully_remote_jobs_from_within_the_eu/kj2l9qb/,cybersecurity,2
k2n02sb,16tvbyi,t3_16tvbyi,t3_16tvbyi,joker_122402,2023-09-28 21:53:14,1695937994.0,2023,9,2023-09,Pick up a hobby that takes you away from your PC. It will cure all your burnout problems. I promise,pick up a hobby that takes you away from your pc. it will cure all your burnout problems. i promise,20,1.0,/r/cybersecurity/comments/16tvbyi/burnout_what_now/k2n02sb/,cybersecurity,2
giauxqh,krn789,t3_krn789,t3_krn789,JohnWickin2020,2021-01-06 13:36:01,1609940161.0,2021,1,2021-01,"The majority of job descriptions are not written by hiring managers, especially at larger companies.

HR/Recruiting is broken, they don't know anything about specific roles, all they know how to do is copy/paste job descriptions and put in key words, to use as filters so they do as little work as possible

Do your research on the companies you actually want to work at and try and talk to some of the people there and then apply regardless of the mumbo jumbo in the description",the majority of job descriptions are not written by hiring managers especially at larger companies. hr recruiting is broken they don t know anything about specific roles all they know how to do is copy paste job descriptions and put in key words to use as filters so they do as little work as possible do your research on the companies you actually want to work at and try and talk to some of the people there and then apply regardless of the mumbo jumbo in the description,88,2.0,/r/cybersecurity/comments/krn789/how_can_i_show_hiring_managers_im_capable_without/giauxqh/,cybersecurity,2
my33iaz,1lctro8,t3_1lctro8,t3_1lctro8,Purepaladin123,2025-06-16 14:28:13,1750084093.0,2025,6,2025-06,"Check out a company called AppCheck, competitor of the Nessus/Tenable rapid7. UI is shit but they know their stuff when it comes to DAST SAST vuln scanning",check out a company called appcheck competitor of the nessus tenable rapid . ui is shit but they know their stuff when it comes to dast sast vuln scanning,29,-9.0,/r/cybersecurity/comments/1lctro8/another_revolutionary_appsec_tool_thats_just/my33iaz/,cybersecurity,2
nmwbvtd,1one6s5,t3_1one6s5,t3_1one6s5,danfirst,2025-11-03 15:57:33,1762185453.0,2025,11,2025-11,"Sorry to hear. Often for a final round they have multiple people to pick from and then they decide from there. It's frustrating to get that far and think that the last round went really well, only to find out they just liked somebody else more for whatever reason.",sorry to hear. often for a final round they have multiple people to pick from and then they decide from there. it s frustrating to get that far and think that the last round went really well only to find out they just liked somebody else more for whatever reason.,50,32.0,/r/cybersecurity/comments/1one6s5/final_round_interview_no_offer/nmwbvtd/,cybersecurity,2
ix4dlbc,z080fi,t3_z080fi,t3_z080fi,wowneatlookatthat,2022-11-20 17:46:00,1668966360.0,2022,11,2022-11,"Implement an entire end-to-end SecOps tool stack (and open source tools at that) with tools you aren't familiar with, by yourself, in less than 6 months? 

You need to reset expectations with your boss. You either need extra hands, or a way longer timeframe to do all of this.",implement an entire end to end secops tool stack with tools you aren t familiar with by yourself in less than   months you need to reset expectations with your boss. you either need extra hands or a way longer timeframe to do all of this.,45,6.0,/r/cybersecurity/comments/z080fi/soc_architects_help_out_a_fellow_mate/ix4dlbc/,cybersecurity,2
k6iywlp,17gmrn0,t3_17gmrn0,t3_17gmrn0,Disazzt3rD3m0nD4d,2023-10-26 12:00:38,1698321638.0,2023,10,2023-10,"Folks, these are all great answers.  TYVM. I’ll try and respond individually throughout today.   But I’ve gotten some really good things to consider here.",folks these are all great answers. tyvm. i ll try and respond individually throughout today. but i ve gotten some really good things to consider here.,26,18.0,/r/cybersecurity/comments/17gmrn0/after_30_years_burnout_has_arrived/k6iywlp/,cybersecurity,2
my7eqk4,1lctro8,t3_1lctro8,t3_1lctro8,TheKayin,2025-06-17 03:49:05,1750132145.0,2025,6,2025-06,"lol ASPM!  It’ll solve everything!  Now with AI! Because we’re forward thinking! 

The marketing writes itself i swear

The longer I’m in this industry the less important these tools really become.  The magic is in your team, in your devsecops maturity, and in your ability to engineer creatively within your company’s software ecosystem.",lol aspm it ll solve everything now with ai because we re forward thinking the marketing writes itself i swear the longer i m in this industry the less important these tools really become. the magic is in your team in your devsecops maturity and in your ability to engineer creatively within your company s software ecosystem.,57,2.0,/r/cybersecurity/comments/1lctro8/another_revolutionary_appsec_tool_thats_just/my7eqk4/,cybersecurity,2
n2219h0,1lutwyn,t3_1lutwyn,t3_1lutwyn,sendersclu8,2025-07-08 20:56:35,1752008195.0,2025,7,2025-07,"Keep the boring cushty job. Develop a side interest, get into bug bounty, build a tool, develop threat intel network, do mentorship, heck get into something else.",keep the boring cushty job. develop a side interest get into bug bounty build a tool develop threat intel network do mentorship heck get into something else.,27,12.0,/r/cybersecurity/comments/1lutwyn/a_bored_ciso_who_wants_to_do_more_handson_work/n2219h0/,cybersecurity,2
iyxoj5q,zcg4jj,t3_zcg4jj,t3_zcg4jj,ChanceKale7861,2022-12-04 23:20:03,1670196003.0,2022,12,2022-12,"Check out GRC or IT Compliance, or use all your skills to make a bad ass IT AUDITOR or check out data privacy, or potentially cyber law as a potential path?",check out grc or it compliance or use all your skills to make a bad ass it auditor or check out data privacy or potentially cyber law as a potential path,31,6.0,/r/cybersecurity/comments/zcg4jj/leaving_the_industry_good_part_time_gigs_for/iyxoj5q/,cybersecurity,2
kbh8fsn,187u1xi,t3_187u1xi,t3_187u1xi,jumpinjelly789,2023-12-01 00:12:16,1701389536.0,2023,12,2023-12,"Check these out: 

Bookstack

Wikijs

Docuwiki

Mediawiki

Gollum

Outline

See if any of these might fit your needs.

Also you should find a template that everyone should be following and go off of. It will make what ever you do last longer.",check these out: bookstack wikijs docuwiki mediawiki gollum outline see if any of these might fit your needs. also you should find a template that everyone should be following and go off of. it will make what ever you do last longer.,42,2.0,/r/cybersecurity/comments/187u1xi/knowledge_base_wiki_at_scale_how_you_guys_are/kbh8fsn/,cybersecurity,2
lexwthe,1ebyhtr,t3_1ebyhtr,t3_1ebyhtr,Jon-allday,2024-07-25 22:01:30,1721944890.0,2024,7,2024-07,"I was thinking setting up residential security cameras would be a nice retirement gig. Still has some simple networking involved, and can probably stay as busy as you want to be. Get some fresh air, and you’re not staring at a computer screen all day.",i was thinking setting up residential security cameras would be a nice retirement gig. still has some simple networking involved and can probably stay as busy as you want to be. get some fresh air and you re not staring at a computer screen all day.,46,1.0,/r/cybersecurity/comments/1ebyhtr/experienced_cyber_professionals_where_are_the/lexwthe/,cybersecurity,2
nraxfz4,1p99dtf,t3_1p99dtf,t3_1p99dtf,BeginningSome2182,2025-11-29 00:26:40,1764376000.0,2025,11,2025-11,"If you're the one Security person then just uninstall the EDR and do other things, like, I dunno man, making sure peoples passwords aren't 123456 with MFA disabled first, otherwise

if you play stupid games you will win stupid prizes",if you re the one security person then just uninstall the edr and do other things like i dunno man making sure peoples passwords aren t        with mfa disabled first otherwise if you play stupid games you will win stupid prizes,41,-1.0,/r/cybersecurity/comments/1p99dtf/i_want_to_replace_crowdstrike/nraxfz4/,cybersecurity,2
lt81osr,1g9qkbi,t3_1g9qkbi,t3_1g9qkbi,PurpleGoldBlack,2024-10-22 19:37:28,1729625848.0,2024,10,2024-10,There are far too many titles listed to have done in just five years. What are the actual titles you were hired on as?,there are far too many titles listed to have done in just five years. what are the actual titles you were hired on as,24,31.0,/r/cybersecurity/comments/1g9qkbi/pulling_hair_out_looking_for_jobs/lt81osr/,cybersecurity,2
jf68tvu,12cw6ul,t3_12cw6ul,t3_12cw6ul,Beef_Studpile,2023-04-06 11:38:24,1680781104.0,2023,4,2023-04,"Accept the fact that you're only actually expected to provide 40 hours of work per week, and if the org is assigning you more than that, it's a failure on **them**, not you.  Make sure you tell your manager as they should be able to help temper the incoming workload.",accept the fact that you re only actually expected to provide    hours of work per week and if the org is assigning you more than that it s a failure on them not you. make sure you tell your manager as they should be able to help temper the incoming workload.,51,1.0,/r/cybersecurity/comments/12cw6ul/burning_out_any_advice/jf68tvu/,cybersecurity,2
gias19z,krn789,t3_krn789,t3_krn789,infosecforhumans,2021-01-06 13:03:25,1609938205.0,2021,1,2021-01,"Hey buddy, I made a video about how weird job descriptions can be.  I have a few years of sitting on the other side of the table during interviews...I hope this helps.

[https://www.youtube.com/watch?v=dZMEFA3lpaA](https://www.youtube.com/watch?v=dZMEFA3lpaA)

&#x200B;

To answer some of your questions:  


> What's the purpose of certifications anyways? 

Certs are sometimes misunderstood, and this is one of those misunderstandings.  This is almost always due to the marketing that the certification body (Comptia in this case) puts behind the certs.  This marketing, or perception is then perpetuated threw the infosec community by those who hold the cert (and benefited from it) or those who blindly agree with the marketing without any real data to back it up.    


Certs are meant to certify that the holder of the cert is knowledgeable in the areas tested by the certification exam.  Whether or not these areas are in demand, applicable, useful, etc...is the issue.  

&#x200B;

> How can a single certification be so versatile? 

&#x200B;

Its not, really.  Its just a yard stick, a standard unit of measure, that HR and non-technical people can use to try and gauge the technical savviness of an individual in the infosec domain.  This is why you see CISSP referenced so much.  HR is told ""we need someone real sharp"" and a quick google search tells them the CISSP is the top of the pile.  

&#x200B;

> Also how can a job description ask you to have a TOGAF, COBIT, PRINCE2 & ITIL + CISSP and at least 4 years experience for a Tier2 Analyst role?  

&#x200B;

I cover this kind of thing in the video, but essentially this is a (crack) pipe dream.  They most likely will never find someone knowledgeable in those domains...but they will take someone who shows interest in the field and is demonstrably curious.  

&#x200B;

> I know that I can beat many people with 10+ years experience in technical knowledge... so why is it that employers can be so shallow to look at a number and use that as a criteria for defining whether you're ready or not for a job? 

&#x200B;

The Million Dollar question!   

You are right, your 10 years of exp may far exceed my 10 years of exp (ok I don't have ten years...).  Because as we all know, you can't (and shouldn't) measure experience in time.  Experience should be measured in capabilities.  

So, to answer your question...do you really want to work for an organization that fails to understand the basic requirements needed to perform the job they are trying to fill?  It sounds like a recipe for disaster.  They are clearly using the wrong metrics to measure and quantify candidates with, do you think that would change if you worked for them and they were trying to measure and quantify your success?  I don't....",hey buddy i made a video about how weird job descriptions can be. i have a few years of sitting on the other side of the table during interviews...i hope this helps. url x   b to answer some of your questions: what s the purpose of certifications anyways certs are sometimes misunderstood and this is one of those misunderstandings. this is almost always due to the marketing that the certification body puts behind the certs. this marketing or perception is then perpetuated threw the infosec community by those who hold the cert or those who blindly agree with the marketing without any real data to back it up. certs are meant to certify that the holder of the cert is knowledgeable in the areas tested by the certification exam. whether or not these areas are in demand applicable useful etc...is the issue. x   b how can a single certification be so versatile x   b its not really. its just a yard stick a standard unit of measure that hr and non technical people can use to try and gauge the technical savviness of an individual in the infosec domain. this is why you see cissp referenced so much. hr is told we need someone real sharp and a quick google search tells them the cissp is the top of the pile. x   b also how can a job description ask you to have a togaf cobit prince  itil cissp and at least   years experience for a tier  analyst role x   b i cover this kind of thing in the video but essentially this is a pipe dream. they most likely will never find someone knowledgeable in those domains...but they will take someone who shows interest in the field and is demonstrably curious. x   b i know that i can beat many people with    years experience in technical knowledge... so why is it that employers can be so shallow to look at a number and use that as a criteria for defining whether you re ready or not for a job x   b the million dollar question you are right your    years of exp may far exceed my    years of exp . because as we all know you can t measure experience in time. experience should be measured in capabilities. so to answer your question...do you really want to work for an organization that fails to understand the basic requirements needed to perform the job they are trying to fill it sounds like a recipe for disaster. they are clearly using the wrong metrics to measure and quantify candidates with do you think that would change if you worked for them and they were trying to measure and quantify your success i don t....,453,7.0,/r/cybersecurity/comments/krn789/how_can_i_show_hiring_managers_im_capable_without/gias19z/,cybersecurity,2
jqkcgtc,14pp0k5,t3_14pp0k5,t3_14pp0k5,FourSharpTwigs,2023-07-03 22:47:35,1688424455.0,2023,7,2023-07,"Look for senior positions. 

I had the same thing happen during covid.  Which for my location was identical.  To make matters worse I needed my employer to sponsor me.  

I was struggling at the base line level.   Started apply for senior roles and was getting about two interviews per day.  

Entry positions ask for WAY too much.  It’s absurd.  But most people don’t think they’re qualified for a senior role so they won’t apply.",look for senior positions. i had the same thing happen during covid. which for my location was identical. to make matters worse i needed my employer to sponsor me. i was struggling at the base line level. started apply for senior roles and was getting about two interviews per day. entry positions ask for way too much. it s absurd. but most people don t think they re qualified for a senior role so they won t apply.,78,12.0,/r/cybersecurity/comments/14pp0k5/cybersecurity_marketershows_the_job_market/jqkcgtc/,cybersecurity,2
n46z2ga,1m4k33z,t3_1m4k33z,t3_1m4k33z,clayweeks,2025-07-20 16:58:51,1753030731.0,2025,7,2025-07,"This is partly the result of the colleges and diploma mills convincing people that if you just have enough education that you'll be able to ""skip the line"" and jump into a senior role right out of school. In the early 00s I got my A+ Net+. I was working on my MCSE. I talked to my instructor and he said, ""You really should work first. Take credentials you've got and get some experience and then come back and get higher level creds. Otherwise, you're going to price yourself out of the market,"" and he was right. I've been part of interview teams for positions where people have come in with a lot of credentials, but can't answer basic questions. I've also thrown out resumes of people that are just too overqualified for the position. It sucks, but it's reality that school isn't everything.

Now, on the flip side, experience isn't everything either because I'm at a point in my career that I need a degree to move up to the next level, so I'm looking at having to go back to school at nearly 50. So I guess the lesson is take some from column A and some from column B, then get a little lucky.",this is partly the result of the colleges and diploma mills convincing people that if you just have enough education that you ll be able to skip the line and jump into a senior role right out of school. in the early   s i got my a net . i was working on my mcse. i talked to my instructor and he said you really should work first. take credentials you ve got and get some experience and then come back and get higher level creds. otherwise you re going to price yourself out of the market and he was right. i ve been part of interview teams for positions where people have come in with a lot of credentials but can t answer basic questions. i ve also thrown out resumes of people that are just too overqualified for the position. it sucks but it s reality that school isn t everything. now on the flip side experience isn t everything either because i m at a point in my career that i need a degree to move up to the next level so i m looking at having to go back to school at nearly   . so i guess the lesson is take some from column a and some from column b then get a little lucky.,219,6.0,/r/cybersecurity/comments/1m4k33z/realization_of_cybersecurity_it_jobs_is_it_worth/n46z2ga/,cybersecurity,2
mxpuf8v,1lb13xq,t3_1lb13xq,t3_1lb13xq,danfirst,2025-06-14 10:09:21,1749895761.0,2025,6,2025-06,"Obligatory I am not a lawyer. I feel bad for people that got sucked in by boot camps, but I don't know that you'd have any standing really. Do you somehow have a contract that says they guarantee you a job within some time period? I know somebody who did a training program, not for security, with a similar guarantee, and they have made them jump through a million different hoops to avoid paying that guaranteed refund.

I have also seen these things advertised from impressive schools. But, there are always a lot of disclaimers in the advertising saying it's not the actual school offering it, so it will be hard to say that they tricked you into thinking it was from that school.",obligatory i am not a lawyer. i feel bad for people that got sucked in by boot camps but i don t know that you d have any standing really. do you somehow have a contract that says they guarantee you a job within some time period i know somebody who did a training program not for security with a similar guarantee and they have made them jump through a million different hoops to avoid paying that guaranteed refund. i have also seen these things advertised from impressive schools. but there are always a lot of disclaimers in the advertising saying it s not the actual school offering it so it will be hard to say that they tricked you into thinking it was from that school.,127,1.0,/r/cybersecurity/comments/1lb13xq/do_you_think_it_would_be_possible_to_file_a/mxpuf8v/,cybersecurity,2
ktd426y,1b6k1dl,t3_1b6k1dl,t3_1b6k1dl,wayward-hayseed,2024-03-04 22:24:07,1709591047.0,2024,3,2024-03,"Well, when you’re roaming the barren wastelands of tomorrow, trying to join a band of nomadic survivors, you’re going to have better luck interviewing as a nurse. 

If you saunter up to the up armored Winnebago, petition the occupants for admission, and tell them you once worked in infosec…well they’ll be more likely to harvest you for meat than admit you to the group.

As a character in Omar El Akkad’s novel “American War” said, ‘There’s always money in the blood trades’.",well when you re roaming the barren wastelands of tomorrow trying to join a band of nomadic survivors you re going to have better luck interviewing as a nurse. if you saunter up to the up armored winnebago petition the occupants for admission and tell them you once worked in infosec well they ll be more likely to harvest you for meat than admit you to the group. as a character in omar el akkad s novel american war said there s always money in the blood trades .,89,10.0,/r/cybersecurity/comments/1b6k1dl/cybersecurity_to_nursing/ktd426y/,cybersecurity,2
m6vtqrd,1hzu2wg,t3_1hzu2wg,t3_1hzu2wg,Sqooky,2025-01-13 06:41:34,1736750494.0,2025,1,2025-01,"tl:dr figure where you're out today, figure out what needs to be fixed ASAP. Figure out the high severity problems.  Ex. Kerberoasting and start tackling those. Work towards getting the old lingering stuff fixed. Hunt for new misconfigurations/problems that may occur in day to day business things. Work towards preventing these incidents in the future. Write policy.

For on prem AD, this should give you **a lot** to chew on for a while.

Step 1. Find out where you're at today
- Do service accounts have strong passwords? Is kerberoasting a concern?
- How about ASREP-roasting?
- Is tiered AD segmentation in place? 0, 1, and 2?
- Are you going to be fine when NetNTLM becomes deprecated & Kerberos authentication is in full swing?
- Is RC4 still being used? Plan to get to AES256.
- Service Account Password Strength
- PAM/PIM? Does it exists? Is it being used?
- Just in Time Administration/Just Enough Administration/Just Enough Access (granting users the ability to administer when needed, don't grant 24/7/365 to privileged groups).
- Protocol signing (SMB, LDAP, etc).
- Is AD:CS in use?
- Is On Prem Exchange in Use? Has it been deprivileged?

Step 2. Begin the long path of trying to work with stakeholders to get the answers to these questions and begin work to try to fix it. They're not easy. They're not fun. No one has a blanket answer of ""can we shut off NetNTLM (example) without breaking anything?"". Plans need to be put together.


Step 3. Proactively seek out misconfigurations
- Identify instances of SMB/RPC Null Sessions
- Identify instances of pre2k/machine accounts created w/ dsadd
- Roadmap access to SMB shares and see
- Password audits. Hire a pentest team to have one done targeting non human accounts specifically. 
- work with stakeholders to seek out misconfigurations
- Use BloodHound/SharpHound to identify lateral movement paths
- Identify misconfigurations that may allow for privilege escalation 
- Use BloodHound and Certify/Certipy to find AD:CS misconfigurations. These are super fast paths to Domain Admin
- Ensure SMB shares are locked down, come up with schemes that grant users share access if needed thats standardized and broken down by each server and each share.
- ensure passwords arent stored in plaintext, ensure if they are saved for some reason, they're encrypted, preferably with DPAPI, so only intended users can access them.
- Ping Castle, they deliver a nice report.

Step 4. Prevention
- Periodically rotate out KRBTGT every 6 months, 2x, 12 hours apart (or whatever the recommendations are today).
- Policies, make sure things are written in stone to make sure things like storage of plaintext passwords never happen (again).
- Work with stakeholders to ensure if there ever becomes a time/date when DR activities engage and you need to start rolling passwords, thing's wont break. Or if they do, things can be un-broken quickly.
- Documentation. If you find something is used somewhere, write it down. Knowing whos using what and where is incredibly important. This ties back into the previous bullet.

IAM Security is unfortunately (at least what I've seen), a lot of politics. It's a lot of getting buy in from key stakeholders to do things. IAM traditionally has a motto of ""just get it working"". Your job is to ""Get it working, securely"". It's a hard job. I don't envy it. It's why I sit on the other side of the table. [ATT&CK might offer a good roadmap if you ever want to know what attackers look for. ](https://attack.mitre.org/). it'll give you leads on what you should actively try to fix. [DFIRReport contains tons of goodies on how real threat actors move laterally throughout networks. Hint hint, it's by abusing identities.](https://thedfirreport.com/). If you can, whenever there's a high profile breach, example: Uber. the given threat actor was cocky and overconfident, and told several people (which was eventually made public) on step by step how they gained access to things and compromise the company. these are key things to look out for. if it's something a threat actor is looking to search for, it's something you want to be on top of.",tl:dr figure where you re out today figure out what needs to be fixed asap. figure out the high severity problems. ex. kerberoasting and start tackling those. work towards getting the old lingering stuff fixed. hunt for new misconfigurations problems that may occur in day to day business things. work towards preventing these incidents in the future. write policy. for on prem ad this should give you a lot to chew on for a while. step  . find out where you re at today   do service accounts have strong passwords is kerberoasting a concern   how about asrep roasting   is tiered ad segmentation in place     and     are you going to be fine when netntlm becomes deprecated kerberos authentication is in full swing   is rc  still being used plan to get to aes   .   service account password strength   pam pim does it exists is it being used   just in time administration just enough administration just enough access .   protocol signing .   is ad:cs in use   is on prem exchange in use has it been deprivileged step  . begin the long path of trying to work with stakeholders to get the answers to these questions and begin work to try to fix it. they re not easy. they re not fun. no one has a blanket answer of can we shut off netntlm without breaking anything . plans need to be put together. step  . proactively seek out misconfigurations   identify instances of smb rpc null sessions   identify instances of pre k machine accounts created w  dsadd   roadmap access to smb shares and see   password audits. hire a pentest team to have one done targeting non human accounts specifically.   work with stakeholders to seek out misconfigurations   use bloodhound sharphound to identify lateral movement paths   identify misconfigurations that may allow for privilege escalation   use bloodhound and certify certipy to find ad:cs misconfigurations. these are super fast paths to domain admin   ensure smb shares are locked down come up with schemes that grant users share access if needed thats standardized and broken down by each server and each share.   ensure passwords arent stored in plaintext ensure if they are saved for some reason they re encrypted preferably with dpapi so only intended users can access them.   ping castle they deliver a nice report. step  . prevention   periodically rotate out krbtgt every   months  x    hours apart .   policies make sure things are written in stone to make sure things like storage of plaintext passwords never happen .   work with stakeholders to ensure if there ever becomes a time date when dr activities engage and you need to start rolling passwords thing s wont break. or if they do things can be un broken quickly.   documentation. if you find something is used somewhere write it down. knowing whos using what and where is incredibly important. this ties back into the previous bullet. iam security is unfortunately a lot of politics. it s a lot of getting buy in from key stakeholders to do things. iam traditionally has a motto of just get it working . your job is to get it working securely . it s a hard job. i don t envy it. it s why i sit on the other side of the table. att ck might offer a good roadmap if you ever want to know what attackers look for. on step by step how they gained access to things and compromise the company. these are key things to look out for. if it s something a threat actor is looking to search for it s something you want to be on top of.,599,7.0,/r/cybersecurity/comments/1hzu2wg/best_way_to_become_an_effective_iam_security/m6vtqrd/,cybersecurity,2
js4py6r,150gdq2,t3_150gdq2,t3_150gdq2,savvyspoon2,2023-07-16 00:21:40,1689466900.0,2023,7,2023-07,"lol. No.  That is way too prestigious. We brave network warriors are more akin to a hybrid of mall cops and custodial staff. I call my staff the “Cyber Janitors” or “Keyboard Cowboy Custodians”.

Network pipes clogged up with Russian shit. Call us. 

Some user pulled on the floor after they clicked on a link. Call us.",lol. no. that is way too prestigious. we brave network warriors are more akin to a hybrid of mall cops and custodial staff. i call my staff the cyber janitors or keyboard cowboy custodians . network pipes clogged up with russian shit. call us. some user pulled on the floor after they clicked on a link. call us.,58,0.0,/r/cybersecurity/comments/150gdq2/is_cyber_security_just_tech_support_on_steroids/js4py6r/,cybersecurity,2
numooay,1pp4hqx,t3_1pp4hqx,t3_1pp4hqx,Tall_Fly_2221,2025-12-18 03:35:52,1766028952.0,2025,12,2025-12,"I have nothing to do with Cybersecurity and the job market, but implement AI Chatbots and Agents and I am being confronted with topics of prompt injections etc.. Maybe it could be worth looking into this for you? Think it could be a new field where companies need advice on. So for example if my client asks me how to protect my implementation against prompt injection, I mean to make it a 100 💯 proof I would need to hire somebody from AI Cyber Security Team..",i have nothing to do with cybersecurity and the job market but implement ai chatbots and agents and i am being confronted with topics of prompt injections etc.. maybe it could be worth looking into this for you think it could be a new field where companies need advice on. so for example if my client asks me how to protect my implementation against prompt injection i mean to make it a     proof i would need to hire somebody from ai cyber security team..,84,1.0,/r/cybersecurity/comments/1pp4hqx/why_i_cant_be_hired/numooay/,cybersecurity,2
je2e5d5,12504t0,t3_12504t0,t3_12504t0,hdrive1335,2023-03-28 22:25:13,1680042313.0,2023,3,2023-03,"Someone in security somewhere at some point suckered them into ""doing a little hardening"" which ended up being a rabbit hole for a full infra evaluation and its the baggage they'll carry the rest of their professional lives.

At least that's what I tell myself when they send me a paragraphs-long email which could be summarized into a simple,'fuck off, fuck you' after asking them for a little info so I can SAML integrate their app into our IdP.",someone in security somewhere at some point suckered them into doing a little hardening which ended up being a rabbit hole for a full infra evaluation and its the baggage they ll carry the rest of their professional lives. at least that s what i tell myself when they send me a paragraphs long email which could be summarized into a simple fuck off fuck you after asking them for a little info so i can saml integrate their app into our idp.,83,18.0,/r/cybersecurity/comments/12504t0/cybersecurity_a_rant/je2e5d5/,cybersecurity,2
ggqyglg,kihhca,t3_kihhca,t3_kihhca,TrustmeImaConsultant,2020-12-23 00:39:40,1608683980.0,2020,12,2020-12,"How much do you know about networking, how much do you know about operating systems?",how much do you know about networking how much do you know about operating systems,15,1.0,/r/cybersecurity/comments/kihhca/advice_needed/ggqyglg/,cybersecurity,2
j4azqb8,10b8rwy,t3_10b8rwy,t3_10b8rwy,randalthor23,2023-01-14 12:32:07,1673699527.0,2023,1,2023-01,"Soooo did you hire them? What was the interview process? Did someone verify his resume?

I know multiple interviews suck, but this right here is why they exist.",soooo did you hire them what was the interview process did someone verify his resume i know multiple interviews suck but this right here is why they exist.,28,1.0,/r/cybersecurity/comments/10b8rwy/we_hired_someone_with_10_years_exp_but_they_dont/j4azqb8/,cybersecurity,2
m8qddas,1i7rz3l,t3_1i7rz3l,t3_1i7rz3l,bitslammer,2025-01-23 14:57:55,1737644275.0,2025,1,2025-01,Have a plan and follow a framework. Personally I like the [NIST CSF](https://www.nist.gov/cyberframework) as a start and they even have a specific [guide for small business.](https://nvlpubs.nist.gov/nistpubs/SpecialPublications/NIST.SP.1300.pdf),have a plan and follow a framework. personally i like the url as a start and they even have a specific url,22,1.0,/r/cybersecurity/comments/1i7rz3l/navigating_the_complex_cyber_security_landscape/m8qddas/,cybersecurity,2
gjut8w6,l0pgxf,t3_l0pgxf,t3_l0pgxf,WhyNotice,2021-01-19 18:23:07,1611080587.0,2021,1,2021-01,"It's not bad stuff to know if you can apply knowledge you're getting from working on cloud platforms; large scale attacks, lateral movement across a network and maybe in the future tracking down APT groups knowing how these enviroments work/function will be invaluable! Company might just be seeing how you as an employee manage yourself n work loads too? If not then look elsewhere just don't rush.",it s not bad stuff to know if you can apply knowledge you re getting from working on cloud platforms large scale attacks lateral movement across a network and maybe in the future tracking down apt groups knowing how these enviroments work function will be invaluable company might just be seeing how you as an employee manage yourself n work loads too if not then look elsewhere just don t rush.,71,2.0,/r/cybersecurity/comments/l0pgxf/took_a_job_for_pentesting_ended_up_doing_cloud/gjut8w6/,cybersecurity,2
j71jmrr,10s27dv,t3_10s27dv,t3_10s27dv,usr_dev,2023-02-03 12:19:50,1675426790.0,2023,2,2023-02,Unsolicited emails is called spam no matter if it's a small or big startup with a good or bad product.,unsolicited emails is called spam no matter if it s a small or big startup with a good or bad product.,21,5.0,/r/cybersecurity/comments/10s27dv/whats_wrong_with_our_industry_rant_from_an/j71jmrr/,cybersecurity,2
mave0w1,1igutka,t3_1igutka,t3_1igutka,LaOnionLaUnion,2025-02-04 04:42:22,1738644142.0,2025,2,2025-02,I’m not on nor have been SOC but know plenty of people who were. That’s not normal. That’s a shitty job. I’d basically start looking for a new one.,i m not on nor have been soc but know plenty of people who were. that s not normal. that s a shitty job. i d basically start looking for a new one.,33,2.0,/r/cybersecurity/comments/1igutka/how_do_you_handle_247_rotating_shifts_as_a_soc/mave0w1/,cybersecurity,2
ofi89az,1shhjqk,t3_1shhjqk,t3_1shhjqk,spentanhouralready,2026-04-11 03:20:41,1775877641.0,2026,4,2026-04,"Went with the flow, some kinda devil in me which made me explore more and I put my devil in a right place ",went with the flow some kinda devil in me which made me explore more and i put my devil in a right place,23,1.0,/r/cybersecurity/comments/1shhjqk/why_are_you_in_this_field/ofi89az/,cybersecurity,2
ktfhjko,1b6k1dl,t3_1b6k1dl,t3_1b6k1dl,THMKing,2024-03-05 09:39:34,1709631574.0,2024,3,2024-03,"The know it all culture, gatekeeping etc that you mention, it's in every field, not just cybersecurity. Also the pandemic showed people that pretty much every field is not lay off proof.

Do what you love, forget the know it all gatekeepy people.",the know it all culture gatekeeping etc that you mention it s in every field not just cybersecurity. also the pandemic showed people that pretty much every field is not lay off proof. do what you love forget the know it all gatekeepy people.,44,1.0,/r/cybersecurity/comments/1b6k1dl/cybersecurity_to_nursing/ktfhjko/,cybersecurity,2
m7vafv4,1i4f3pq,t3_1i4f3pq,t3_1i4f3pq,rayraykiller,2025-01-18 21:32:15,1737235935.0,2025,1,2025-01,I hope you feel better. Now get back out there and do what you need to do. You do not owe anyone here the truth. Over come your challenges. Tomorrow is a new day.,i hope you feel better. now get back out there and do what you need to do. you do not owe anyone here the truth. over come your challenges. tomorrow is a new day.,34,2.0,/r/cybersecurity/comments/1i4f3pq/will_the_truth_actually_set_me_free/m7vafv4/,cybersecurity,2
nzluvnq,1qcxmx9,t3_1qcxmx9,t3_1qcxmx9,ThePorko,2026-01-14 20:43:31,1768423411.0,2026,1,2026-01,"Im curious to know if cs centric vendors are better at satisfactory of cs employees. Companies like a crowdstrike, sentinelone or palo alto.",im curious to know if cs centric vendors are better at satisfactory of cs employees. companies like a crowdstrike sentinelone or palo alto.,23,1.0,/r/cybersecurity/comments/1qcxmx9/extreme_demotivation/nzluvnq/,cybersecurity,2
odr0dgs,1s9txqr,t3_1s9txqr,t3_1s9txqr,ShameNap,2026-04-01 19:18:09,1775071089.0,2026,4,2026-04,"Minimum wage is a real thing. Companies can’t just have you work for free as it is illegal. But there are exceptions as other people have noted, volunteer work or internships. ",minimum wage is a real thing. companies can t just have you work for free as it is illegal. but there are exceptions as other people have noted volunteer work or internships.,32,3.0,/r/cybersecurity/comments/1s9txqr/can_i_work_full_time_for_free/odr0dgs/,cybersecurity,2
jz3o4hw,169tfxm,t3_169tfxm,t3_169tfxm,Durex_Buster,2023-09-04 14:52:58,1693839178.0,2023,9,2023-09,There is a lot of hiring happening for L1 Analysts in India. Usually there's difficulties getting a VAPT job as it is not entry level jobs and requires experience in the field.,there is a lot of hiring happening for l  analysts in india. usually there s difficulties getting a vapt job as it is not entry level jobs and requires experience in the field.,33,1.0,/r/cybersecurity/comments/169tfxm/feeling_extremely_demotivated_please_help/jz3o4hw/,cybersecurity,2
jhcceb3,12vh8sj,t3_12vh8sj,t3_12vh8sj,wawa2563,2023-04-23 01:42:03,1682214123.0,2023,4,2023-04,"Repeat after me. ""You are not your job.""
You don't own everything. You can't fix everything.
Make them aware of the risks and the costs to fix it and the impact of not fixing it.

CISO is like being a goldfish won at a county fair, there isn't much of a lifespan.",repeat after me. you are not your job. you don t own everything. you can t fix everything. make them aware of the risks and the costs to fix it and the impact of not fixing it. ciso is like being a goldfish won at a county fair there isn t much of a lifespan.,55,6.0,/r/cybersecurity/comments/12vh8sj/how_do_you_manage_the_stress_of_being_a_ciso/jhcceb3/,cybersecurity,2
hd709jw,ppofex,t3_ppofex,t3_ppofex,seanprefect,2021-09-17 11:22:02,1631877722.0,2021,9,2021-09,"Ok, I've read a lot of your comments. I'm a cybersecurity architect and I do make hiring decisions. I recently hired a 22 year old fresh out of school so I'm not biased against younger people. I hope you listen to me. 

I would not hire you. You ARE underqualified the fact that you think you aren't shows how much you don't know you don't know. No degree isn't an instant deal breaker but it makes things harder coupled with your near non existent experience (yes I've seen your certs and whopping 6 months of whatever). All this could be forgiven if i saw any actual subject passion or willingness to take direction. 

You seem bright enough but you need to learn how much you don't know you don't know. 

If you're actually willing to take direction come to me we'll talk.",ok i ve read a lot of your comments. i m a cybersecurity architect and i do make hiring decisions. i recently hired a    year old fresh out of school so i m not biased against younger people. i hope you listen to me. i would not hire you. you are underqualified the fact that you think you aren t shows how much you don t know you don t know. no degree isn t an instant deal breaker but it makes things harder coupled with your near non existent experience . all this could be forgiven if i saw any actual subject passion or willingness to take direction. you seem bright enough but you need to learn how much you don t know you don t know. if you re actually willing to take direction come to me we ll talk.,142,25.0,/r/cybersecurity/comments/ppofex/losing_faith_in_cybersecuritytech_industry/hd709jw/,cybersecurity,3
lo9qjom,1fm82zl,t3_1fm82zl,t3_1fm82zl,hiddentalent,2024-09-21 21:27:23,1726954043.0,2024,9,2024-09,"Based on the things you don't like about software engineering, I'm going to say that you probably won't like infosec any better. The very same frustrations apply, especially around hiring processes.

An M.Sc. in Cybersecurity mostly is a waste of time and money and unlikely to help you land a job. And even if it does, you're not going to get an appsec position without the same kind of coding interviews that are used for software-engineering roles. Not that I disagree with you about the low quality and poor candidate experience of those interviews. It's just a fact of life these days.",based on the things you don t like about software engineering i m going to say that you probably won t like infosec any better. the very same frustrations apply especially around hiring processes. an m.sc. in cybersecurity mostly is a waste of time and money and unlikely to help you land a job. and even if it does you re not going to get an appsec position without the same kind of coding interviews that are used for software engineering roles. not that i disagree with you about the low quality and poor candidate experience of those interviews. it s just a fact of life these days.,108,1.0,/r/cybersecurity/comments/1fm82zl/swe_with_7_years_of_experience_to_cybersec_via/lo9qjom/,cybersecurity,3
mg616nt,1j44awo,t3_1j44awo,t3_1j44awo,CyberRabbit74,2025-03-05 16:15:23,1741191323.0,2025,3,2025-03,"That is a management issue.  You need to find a way to let your manager know.  Maybe suggesting changing to a ""round robin"" type of ticket distribution.  I do look at ticket dispersment within my team and have spoken to one individual who decided they were too important to take tickets.",that is a management issue. you need to find a way to let your manager know. maybe suggesting changing to a round robin type of ticket distribution. i do look at ticket dispersment within my team and have spoken to one individual who decided they were too important to take tickets.,51,33.0,/r/cybersecurity/comments/1j44awo/anyone_else_experience_this/mg616nt/,cybersecurity,3
l23fu05,1chg03j,t3_1chg03j,t3_1chg03j,TheCraziestOfHorses,2024-05-01 14:14:53,1714572893.0,2024,5,2024-05,">I’m wrong, aren’t I? 

Yes. You are. I've managed juniors like you, and honestly you seem to have no idea just how exhausting this approach to security is. That's not to say i don't respect you and appreciate the work you put in, but you really need to chill. These colleagues could be amazing at the work, but the people skills were what was lacking. I'd been called a moronic apologist for saying the XP based OS for the self service checkouts we had deployed in our stores was ""Fine for now"" by one of these very juniors. 

Now I'm not saying this is an industry void of passion, but having to cope with someone as emotionally charged as this reads makes everyone miserable. I'm still relatively young, and bounced around different roles in security for 11/12+ years now, seen plenty of these types and i know how this goes. You need to talk to someone if you aren't already. 



So, 4 things. 

Chill out - Leave work at work. Seek help. 

Really assess your presence - ""Everyone hates me"" is a tired rhetoric, and yes toxic workplaces DO exist, but 4 companies in 5 years is that's more reflective of you than it is the industry mon ami. 

Stay in your lane - Half the shit you mentioned sounds like it would be IMPOSSIBLE for auditors to overlook. There are ways around it, of course, but your reoccurring experience of brazen, obvious negligence sounds a little bit overblown i must say. Also, I'm a personal privacy advocate too, i'm not gonna change the practises of an MSP by pissing of CISOs because frankly i'm not a self destructive gibbon.

Aim for research roles - Join a CySec first company IE, their business model is providing Cyber security services. Sounds like you have the capability and capacity to get really into something. Vuln development, Security Architecture consultant, malware analysis, actually you sound like you'd be an AMAZING auditor. I dunno.. Just stop pissing off the people you work with. And i hate to be making assumptions here, but they're WAY more forgiving to the neurospicy.

>  
the practices I’ve seen have made me truly worried about the geopolitical and ethical implications of what this means for the future.

I'd made this point in another point recently. If you're upset about the things you know about, the things you don't know will give you a stroke. 

Don't give up. Change tact.",i m wrong aren t i yes. you are. i ve managed juniors like you and honestly you seem to have no idea just how exhausting this approach to security is. that s not to say i don t respect you and appreciate the work you put in but you really need to chill. these colleagues could be amazing at the work but the people skills were what was lacking. i d been called a moronic apologist for saying the xp based os for the self service checkouts we had deployed in our stores was fine for now by one of these very juniors. now i m not saying this is an industry void of passion but having to cope with someone as emotionally charged as this reads makes everyone miserable. i m still relatively young and bounced around different roles in security for       years now seen plenty of these types and i know how this goes. you need to talk to someone if you aren t already. so   things. chill out   leave work at work. seek help. really assess your presence   everyone hates me is a tired rhetoric and yes toxic workplaces do exist but   companies in   years is that s more reflective of you than it is the industry mon ami. stay in your lane   half the shit you mentioned sounds like it would be impossible for auditors to overlook. there are ways around it of course but your reoccurring experience of brazen obvious negligence sounds a little bit overblown i must say. also i m a personal privacy advocate too i m not gonna change the practises of an msp by pissing of cisos because frankly i m not a self destructive gibbon. aim for research roles   join a cysec first company ie their business model is providing cyber security services. sounds like you have the capability and capacity to get really into something. vuln development security architecture consultant malware analysis actually you sound like you d be an amazing auditor. i dunno.. just stop pissing off the people you work with. and i hate to be making assumptions here but they re way more forgiving to the neurospicy. the practices i ve seen have made me truly worried about the geopolitical and ethical implications of what this means for the future. i d made this point in another point recently. if you re upset about the things you know about the things you don t know will give you a stroke. don t give up. change tact.,421,4.0,/r/cybersecurity/comments/1chg03j/im_begging_you_please_give_a_perspective_of_this/l23fu05/,cybersecurity,3
hnqjyc1,rbj54g,t3_rbj54g,t3_rbj54g,phoenix14830,2021-12-08 16:59:25,1638982765.0,2021,12,2021-12,"The most reoccurring theme I'm seeing in this thread is that companies don't want to train and fear hiring people without experience.   
That said, one thing I see extremely common in this board is people bragging that they got a cert in less than a month (and are on to the next cert.)  


These two combined make me think that the majority of candidates for these InfoSec positions are all theory and have no experience of using almost any of it.  


So, the result is that hiring managers see lots of certs and no paid experience as a dime a dozen throwaway resumes. It's someone they are going to have to teach real-world work and troubleshooting to, and as soon as that person is trained and experienced, then they are no longer the hiring risk they once were. My guess is that this leads hiring managers to low-ball pay people with no experience, then when the candidate gets some experience, they leave that underpaying job resentful of being underpaid for so long.  


The idea that you should send out hundreds of resumes sounds counterintuitive to the risk that companies have toward inexperienced job seekers. It seems that doing exhausting home lab work and demonstrating that progress in a social platform would be so much more rewarding than advertising lack of experience to people who don't want that.",the most reoccurring theme i m seeing in this thread is that companies don t want to train and fear hiring people without experience. that said one thing i see extremely common in this board is people bragging that they got a cert in less than a month these two combined make me think that the majority of candidates for these infosec positions are all theory and have no experience of using almost any of it. so the result is that hiring managers see lots of certs and no paid experience as a dime a dozen throwaway resumes. it s someone they are going to have to teach real world work and troubleshooting to and as soon as that person is trained and experienced then they are no longer the hiring risk they once were. my guess is that this leads hiring managers to low ball pay people with no experience then when the candidate gets some experience they leave that underpaying job resentful of being underpaid for so long. the idea that you should send out hundreds of resumes sounds counterintuitive to the risk that companies have toward inexperienced job seekers. it seems that doing exhausting home lab work and demonstrating that progress in a social platform would be so much more rewarding than advertising lack of experience to people who don t want that.,226,2.0,/r/cybersecurity/comments/rbj54g/lets_talk_about_that_cybersecurity_personnel/hnqjyc1/,cybersecurity,3
eh1k6cz,at8ep9,t3_at8ep9,t3_at8ep9,GraceAredel,2019-02-22 17:36:07,1550856967.0,2019,2,2019-02,"I’ve been working in my company for a year now. All I can say is all of these statements except #3 (which is literally okay for me) are mostly overreacted. Always learning is fine, and three weeks ago I killed the developers production server (I almost died) but my devops fixed it all and said it was fine. ",i ve been working in my company for a year now. all i can say is all of these statements except   are mostly overreacted. always learning is fine and three weeks ago i killed the developers production server but my devops fixed it all and said it was fine.,49,1.0,/r/cybersecurity/comments/at8ep9/6_reasons_why_you_should_not_work_in_information/eh1k6cz/,cybersecurity,3
egzm9gn,at8ep9,t3_at8ep9,t3_at8ep9,AlfredoVignale,2019-02-21 22:57:05,1550789825.0,2019,2,2019-02,"If you have the right processes, systems, people, and policies in place.....negates all of this. ",if you have the right processes systems people and policies in place.....negates all of this.,15,7.0,/r/cybersecurity/comments/at8ep9/6_reasons_why_you_should_not_work_in_information/egzm9gn/,cybersecurity,3
mmwbrfg,1jx8s4s,t3_1jx8s4s,t3_1jx8s4s,G1zm0e,2025-04-13 14:09:17,1744553357.0,2025,4,2025-04,Any chance you live in DFW? I might be hiring a devsecops/appsec person and you wouldn't have to justify your existence!,any chance you live in dfw i might be hiring a devsecops appsec person and you wouldn t have to justify your existence,23,1.0,/r/cybersecurity/comments/1jx8s4s/posting_to_vent_thats_it/mmwbrfg/,cybersecurity,3
m86lcag,1i33xqd,t3_1i33xqd,t3_1i33xqd,BPCISO,2025-01-20 16:29:51,1737390591.0,2025,1,2025-01,"Hey the first time is typically the toughest, if you are in a position to hold the title and have some of the entry level work materialize, this is a good place to be.  Disorganization and dealing with dysfunction is part of the job as well as feeling stagnant.  Here are a couple of things to consider.  If this job is paying the bills, do they offer a continuing education stipend?  Do you end up having time and energy to develop yourself?  Consider becoming involved in area get togethers like ISSA, ISACA, ISC2, OWASP, SIM, or even the startup community where you can understand where the landscape is going, could also be good to network as you never know when an opportunity can present itself to shift companies.

  
Related to your lack of clarity in the current role, do you have a rapport with your in line manager, do you have a performance review process, have you considered keeping an inventory of your accomplishments over the last 6-12 months or so and perhaps just having a conversation about the desire to do more?  in one of the areas that you see dysfunction or organization, is this something that you have clarity on and can help fix, can you set it to be a goal for the next review cycle or perhaps create something that makes it better?  these are all opportunities to help make something better for the benefit of the program and a win-win.",hey the first time is typically the toughest if you are in a position to hold the title and have some of the entry level work materialize this is a good place to be. disorganization and dealing with dysfunction is part of the job as well as feeling stagnant. here are a couple of things to consider. if this job is paying the bills do they offer a continuing education stipend do you end up having time and energy to develop yourself consider becoming involved in area get togethers like issa isaca isc  owasp sim or even the startup community where you can understand where the landscape is going could also be good to network as you never know when an opportunity can present itself to shift companies. related to your lack of clarity in the current role do you have a rapport with your in line manager do you have a performance review process have you considered keeping an inventory of your accomplishments over the last      months or so and perhaps just having a conversation about the desire to do more in one of the areas that you see dysfunction or organization is this something that you have clarity on and can help fix can you set it to be a goal for the next review cycle or perhaps create something that makes it better these are all opportunities to help make something better for the benefit of the program and a win win.,245,1.0,/r/cybersecurity/comments/1i33xqd/frustrated_in_my_first_cybersecurity_role_is_this/m86lcag/,cybersecurity,3
m7nfiq5,1i33xqd,t3_1i33xqd,t3_1i33xqd,Flash4473,2025-01-17 16:28:46,1737131326.0,2025,1,2025-01,"Just came to up this and show support to OP, I genuinely wonder what are thoughts of ppl downvoting this after reading it, get a life or smth.  
  
I feel the same basically on every point, working in MSSP. Worst part is that it takes energy and motivation and days fly without any meaningful growth, adding to injury. Didn't find the solution myself yet, decided to try this type of work for bank or in GRC if opportunity presents itself. Structure is important for long-term mental health, wouldn't split the difference there after working in job with mature processes and now one without them.",just came to up this and show support to op i genuinely wonder what are thoughts of ppl downvoting this after reading it get a life or smth. i feel the same basically on every point working in mssp. worst part is that it takes energy and motivation and days fly without any meaningful growth adding to injury. didn t find the solution myself yet decided to try this type of work for bank or in grc if opportunity presents itself. structure is important for long term mental health wouldn t split the difference there after working in job with mature processes and now one without them.,107,11.0,/r/cybersecurity/comments/1i33xqd/frustrated_in_my_first_cybersecurity_role_is_this/m7nfiq5/,cybersecurity,3
oev75bk,1sf6iup,t3_1sf6iup,t3_1sf6iup,Sentient_Crab_Chip,2026-04-07 19:55:52,1775591752.0,2026,4,2026-04,"I'm a little older than you, but feeling the same.  I've never wanted to do this before, but I'd just love to take a couple months off and just sit on my porch and watch the world pass me by.  

But, like you, I got bills and I make good money doing what I do.  My wife, who doesn't work, said she thinks everyone's feeling this way right now, and I think she's right.  AI, politics, everything.... maybe the best we can do is try to disconnect a little mentally, be an MVP - minimally viable product, and try to relax if we can.

Career wise, I always look at where I'm at, and what I can start moving to from that exact spot.  It's never easy, but it's sometimes possible.",i m a little older than you but feeling the same. i ve never wanted to do this before but i d just love to take a couple months off and just sit on my porch and watch the world pass me by. but like you i got bills and i make good money doing what i do. my wife who doesn t work said she thinks everyone s feeling this way right now and i think she s right. ai politics everything.... maybe the best we can do is try to disconnect a little mentally be an mvp   minimally viable product and try to relax if we can. career wise i always look at where i m at and what i can start moving to from that exact spot. it s never easy but it s sometimes possible.,139,72.0,/r/cybersecurity/comments/1sf6iup/beyond_burnt_out_unsure_where_to_turn/oev75bk/,cybersecurity,3
mqepsgd,1kdq491,t3_1kdq491,t3_1kdq491,GenerousWineMerchant,2025-05-03 18:06:16,1746295576.0,2025,5,2025-05,Woman quits easy high paying white collar job because she can't handle the stress.  And then everybody on Reddit clapped.,woman quits easy high paying white collar job because she can t handle the stress. and then everybody on reddit clapped.,21,-3.0,/r/cybersecurity/comments/1kdq491/i_did_it_i_quit_my_manager_role_to_take_a_break/mqepsgd/,cybersecurity,3
egzutx7,at8ep9,t3_at8ep9,t3_at8ep9,SnatchHammer66,2019-02-22 00:44:55,1550796295.0,2019,2,2019-02,The dude I work next to that makes probably 80k+ a year has zero of these issues. Guess it all depends on how you set yourself up.,the dude i work next to that makes probably   k a year has zero of these issues. guess it all depends on how you set yourself up.,27,8.0,/r/cybersecurity/comments/at8ep9/6_reasons_why_you_should_not_work_in_information/egzutx7/,cybersecurity,3
m5b36q6,1hspr2j,t3_1hspr2j,t3_1hspr2j,Asleep-Wish5232,2025-01-04 04:51:16,1735966276.0,2025,1,2025-01,Step back according to who? Hope this answers your perceived dilemma,step back according to who hope this answers your perceived dilemma,11,1.0,/r/cybersecurity/comments/1hspr2j/f_it_im_34m_going_back_to_the_soc/m5b36q6/,cybersecurity,3
jcqazhr,11uj8gn,t3_11uj8gn,t3_11uj8gn,westleyb,2023-03-18 18:59:49,1679165989.0,2023,3,2023-03,"I may be lucky, but in my experience k-12, college,and federal and local government jobs reward most ethics, with the exception of politics at or above director level positions, and somewhat depending upon leadership and culture.",i may be lucky but in my experience k    college and federal and local government jobs reward most ethics with the exception of politics at or above director level positions and somewhat depending upon leadership and culture.,37,0.0,/r/cybersecurity/comments/11uj8gn/is_there_a_company_with_ethics_anymore/jcqazhr/,cybersecurity,3
mtmaa7j,1kshlm5,t3_1kshlm5,t3_1kshlm5,YT_Usul,2025-05-22 07:44:24,1747899864.0,2025,5,2025-05,"Ineffective management can cause real issues on a team. I advise colleagues who find themselves in similar situations to get out. Staying a bad role leads to a kind of contagious negative morale that can find its way integrated into our personalities. It can stunt careers and derail our progression. When a leader puts someone on a performance improvement plan... consider that an invitation to leave. Something is wrong, either with the fit of that employee, the management, upper leaders, or the company itself. Dysfunctional companies often have high turnover and gaslight themselves into thinking it is an ""industry norm."" In many cases, we cannot solve it.

There are strategies for staying employed in a bad-fit role, though it is important to recognize that issues add up to undermine our own value in the marketplace. Those risks must be weighed against the leap of faith that there is likely a better fit for us out there, maybe even outside cybersecurity altogether.",ineffective management can cause real issues on a team. i advise colleagues who find themselves in similar situations to get out. staying a bad role leads to a kind of contagious negative morale that can find its way integrated into our personalities. it can stunt careers and derail our progression. when a leader puts someone on a performance improvement plan... consider that an invitation to leave. something is wrong either with the fit of that employee the management upper leaders or the company itself. dysfunctional companies often have high turnover and gaslight themselves into thinking it is an industry norm. in many cases we cannot solve it. there are strategies for staying employed in a bad fit role though it is important to recognize that issues add up to undermine our own value in the marketplace. those risks must be weighed against the leap of faith that there is likely a better fit for us out there maybe even outside cybersecurity altogether.,162,3.0,/r/cybersecurity/comments/1kshlm5/efficiently_ground_into_dust/mtmaa7j/,cybersecurity,3
jrlt46w,14x3enp,t3_14x3enp,t3_14x3enp,intelligent467,2023-07-12 00:07:00,1689120420.0,2023,7,2023-07,All these people online are saying you can get it without a degree though? Lol,all these people online are saying you can get it without a degree though lol,15,1.0,/r/cybersecurity/comments/14x3enp/what_am_i_even_doing/jrlt46w/,cybersecurity,3
gnnpevu,ll6a2b,t3_ll6a2b,t3_ll6a2b,lostcauseandhope,2021-02-16 16:05:01,1613491501.0,2021,2,2021-02,"If you feel stressed and overworked now, just wait until you enter a career in security.",if you feel stressed and overworked now just wait until you enter a career in security.,16,8.0,/r/cybersecurity/comments/ll6a2b/i_failed_my_first_course_hard/gnnpevu/,cybersecurity,3
nmqbxqq,1okopit,t3_1okopit,t3_1okopit,Ok-Resolution4555,2025-11-02 17:02:22,1762102942.0,2025,11,2025-11,We’re all in the same boat I feel like quitting 😔,we re all in the same boat i feel like quitting,11,1.0,/r/cybersecurity/comments/1okopit/leaving_cybersecurity_without_even_properly/nmqbxqq/,cybersecurity,3
nnrqzvr,1ore825,t3_1ore825,t3_1ore825,uncannysalt,2025-11-08 14:31:39,1762612299.0,2025,11,2025-11,Call 988 if you need help and someone to chat with who understands your depression.,call     if you need help and someone to chat with who understands your depression.,14,6.0,/r/cybersecurity/comments/1ore825/they_called_it_a_scholarship_i_call_it_the_worst/nnrqzvr/,cybersecurity,3
noj7b7e,1otsy86,t3_1otsy86,t3_1otsy86,Gessaffelstein,2025-11-12 22:17:58,1762985878.0,2025,11,2025-11,"OP I will just say this, you said the following "" feel like a failure. I didn’t get proper training and was constantly stressed about making mistakes. My boss even threatened to fire me once I did make a blip. This really affected my anxiety levels and have been struggling to manage it since then.""

As you get older and obtain more experience and you realize your self worth, you will never let this happen again.

If ANY manager or company makes you feel like this, its not worth it. I actually left one or two jobs within two months because of this.",op i will just say this you said the following feel like a failure. i didn t get proper training and was constantly stressed about making mistakes. my boss even threatened to fire me once i did make a blip. this really affected my anxiety levels and have been struggling to manage it since then. as you get older and obtain more experience and you realize your self worth you will never let this happen again. if any manager or company makes you feel like this its not worth it. i actually left one or two jobs within two months because of this.,103,1.0,/r/cybersecurity/comments/1otsy86/leaving_cyber/noj7b7e/,cybersecurity,3
n348bpr,1lzlw7g,t3_1lzlw7g,t3_1lzlw7g,dinosore,2025-07-14 18:04:02,1752516242.0,2025,7,2025-07,"Sounds like burnout to me and it’s very understandable given your description. I can’t relate to everything in your situation but a lot of what you describe is similar to how I feel working in the private sector. 

Are you able to take some time off? That alone won’t fix it but it can help. What made the biggest difference for me was seeing a good therapist. It took some time to find one that was a good fit but it’s really been worth it.",sounds like burnout to me and it s very understandable given your description. i can t relate to everything in your situation but a lot of what you describe is similar to how i feel working in the private sector. are you able to take some time off that alone won t fix it but it can help. what made the biggest difference for me was seeing a good therapist. it took some time to find one that was a good fit but it s really been worth it.,89,1.0,/r/cybersecurity/comments/1lzlw7g/losing_motivation_not_sure_if_its_burnout_or/n348bpr/,cybersecurity,3
imvhflz,x47q71,t3_x47q71,t3_x47q71,rdjotut,2022-09-03 01:35:33,1662168933.0,2022,9,2022-09,"Been there, my queue to leave was when I was trying to build the security program I was hired for only to be told my priority was to pick the correct color pallet a chart on a PowerPoint.",been there my queue to leave was when i was trying to build the security program i was hired for only to be told my priority was to pick the correct color pallet a chart on a powerpoint.,38,1.0,/r/cybersecurity/comments/x47q71/when_do_you_say_f_it_and_move_on/imvhflz/,cybersecurity,3
nk8x2cn,1o9ocp5,t3_1o9ocp5,t3_1o9ocp5,datOEsigmagrindlife,2025-10-19 02:58:19,1760842699.0,2025,10,2025-10,"You care too much.

It's just a job.

Do you think your company's upper management cares about security? 

Doesn't sound like they do, so you're burning yourself out and causing yourself what sounds like anxiety over a job.

Clock in, do the minimum that is required to keep the job, clock out and forget about it.",you care too much. it s just a job. do you think your company s upper management cares about security doesn t sound like they do so you re burning yourself out and causing yourself what sounds like anxiety over a job. clock in do the minimum that is required to keep the job clock out and forget about it.,60,3.0,/r/cybersecurity/comments/1o9ocp5/the_burnout_the_grind_the_money/nk8x2cn/,cybersecurity,3
l8imc9b,1dfaqyv,t3_1dfaqyv,t3_1dfaqyv,skynetcoder,2024-06-14 01:32:59,1718328779.0,2024,6,2024-06,"maybe you are burn out? 

I recommend you to take few weeks off to go somewhere for a good vacation, then come back to this question.",maybe you are burn out i recommend you to take few weeks off to go somewhere for a good vacation then come back to this question.,26,1.0,/r/cybersecurity/comments/1dfaqyv/sick_of_cyber_and_it_in_general/l8imc9b/,cybersecurity,3
j8ant35,110jsxo,t3_110jsxo,t3_110jsxo,Chris71Mach1,2023-02-12 22:26:11,1676240771.0,2023,2,2023-02,"Oh HELL no.  I was more of a generalist early in my career, and it helped me not only learn a lot more outside of my chosen specialty, but that knowledge has helped me to have more of a ""big picture"" perspective on most things I do and look at. Generalist knowledge is incredibly valuable in my opinion.",oh hell no. i was more of a generalist early in my career and it helped me not only learn a lot more outside of my chosen specialty but that knowledge has helped me to have more of a big picture perspective on most things i do and look at. generalist knowledge is incredibly valuable in my opinion.,58,4.0,/r/cybersecurity/comments/110jsxo/discussion_as_an_engineer_do_you_feel_like_a/j8ant35/,cybersecurity,3
n1mulfu,1lsfnr3,t3_1lsfnr3,t3_1lsfnr3,gailanwhite-oak,2025-07-06 13:51:37,1751809897.0,2025,7,2025-07,"This is a tough industry to break into, and it looks like it's going back to a specialized industry that has limited or no ""entry"" level jobs. That means having experience in other facets of IT is highly important.

You're smart going after a T1 help desk role, but just doing that isn't gonna get you to cyber. Coming home and studying matters too.

My advice is to pick one cert, and come home each day and study for 1 hour for the cert. On days off, study 2 hours. This is a marathon, not race. Consistent learning will help you remember more and keep the burnout away.",this is a tough industry to break into and it looks like it s going back to a specialized industry that has limited or no entry level jobs. that means having experience in other facets of it is highly important. you re smart going after a t  help desk role but just doing that isn t gonna get you to cyber. coming home and studying matters too. my advice is to pick one cert and come home each day and study for   hour for the cert. on days off study   hours. this is a marathon not race. consistent learning will help you remember more and keep the burnout away.,109,5.0,/r/cybersecurity/comments/1lsfnr3/i_feel_like_im_stuck/n1mulfu/,cybersecurity,3
nlkaygx,1oeg87d,t3_1oeg87d,t3_1oeg87d,Incelex0rcist,2025-10-26 23:36:12,1761521772.0,2025,10,2025-10,"Just milk it and retain what you learn so you can get a leg up elsewhere.

I ended up overseeing risk assessments for a global defense company as a mere student contractor even though I got paid dog shit but it gave me an advantage. Now I excel in conducting risk assessments/GRC work at another company that pays well.",just milk it and retain what you learn so you can get a leg up elsewhere. i ended up overseeing risk assessments for a global defense company as a mere student contractor even though i got paid dog shit but it gave me an advantage. now i excel in conducting risk assessments grc work at another company that pays well.,60,1.0,/r/cybersecurity/comments/1oeg87d/anyone_been_in_this_situation/nlkaygx/,cybersecurity,3
m3hhubj,1hks4dp,t3_1hks4dp,t3_1hks4dp,ricestocks,2024-12-23 19:59:03,1734983943.0,2024,12,2024-12,"ur basically asking internal vs external

internal will always be better",ur basically asking internal vs external internal will always be better,11,1.0,/r/cybersecurity/comments/1hks4dp/soc_analyst_in_bank_vs_mssp/m3hhubj/,cybersecurity,3
ixi8kuo,z2u7yh,t3_z2u7yh,t3_z2u7yh,Psuedo-Sudo,2022-11-23 17:14:51,1669223691.0,2022,11,2022-11,Leverage your internship/job to get a better internship / new grad position as far away from the SOC as you can.,leverage your internship job to get a better internship   new grad position as far away from the soc as you can.,21,2.0,/r/cybersecurity/comments/z2u7yh/i_dont_know_if_its_just_me_but_i_dont_like/ixi8kuo/,cybersecurity,3
i15e3bm,tgmo1k,t3_tgmo1k,t3_tgmo1k,careerAlt123,2022-03-18 13:18:52,1647609532.0,2022,3,2022-03,"I’m currently a cyber security analyst, and actually have more in depth duties beyond alert triage (query/alert tuning, malware analysis, threat hunting, etc). 1 year IT experience as internships, finishing my bachelors in cyber this May. Currently making 75,100 , 10% annual bonus, fully remote. Medium cost of living area

Edit; this is my first cyber job, been here for a month or so, so I guess 1 month cyber experience lol",i m currently a cyber security analyst and actually have more in depth duties beyond alert triage .   year it experience as internships finishing my bachelors in cyber this may. currently making           annual bonus fully remote. medium cost of living area edit this is my first cyber job been here for a month or so so i guess   month cyber experience lol,62,1.0,/r/cybersecurity/comments/tgmo1k/how_much_do_you_make_as_a_soc_analyst/i15e3bm/,cybersecurity,3
l87eeky,1dcfy3b,t3_1dcfy3b,t3_1dcfy3b,Scoliosisisking,2024-06-12 01:19:13,1718155153.0,2024,6,2024-06,I think i’m starting to see a pattern here. Another person posted about the exact same thing not too long ago.,i think i m starting to see a pattern here. another person posted about the exact same thing not too long ago.,22,1.0,/r/cybersecurity/comments/1dcfy3b/tired_working_on_cybersecurity/l87eeky/,cybersecurity,3
lqeown7,1fvsur8,t3_1fvsur8,t3_1fvsur8,CrazyTreat8326,2024-10-05 03:48:31,1728100111.0,2024,10,2024-10,"Quit it bro. Don't think too much about current job.
They don't give shit, either u stay or leave. They want their business to continue at any cost.",quit it bro. don t think too much about current job. they don t give shit either u stay or leave. they want their business to continue at any cost.,30,1.0,/r/cybersecurity/comments/1fvsur8/burnt_out_soc_analyst_ready_to_quit/lqeown7/,cybersecurity,3
ixib2jt,z2u7yh,t3_z2u7yh,t3_z2u7yh,pyker42,2022-11-23 17:31:07,1669224667.0,2022,11,2022-11,"There's a lot to be said for a change of scenery. This can be a transition from one specialty to another, or even just a job change to another SOC.

For me, I've always disliked the SOC side of things. Spending my day chasing alerts doesn't interest me. I find the red team side much more enjoyable. Another option would be to look into opportunities to do more engineering level work, like building and deploying systems and integrations.",there s a lot to be said for a change of scenery. this can be a transition from one specialty to another or even just a job change to another soc. for me i ve always disliked the soc side of things. spending my day chasing alerts doesn t interest me. i find the red team side much more enjoyable. another option would be to look into opportunities to do more engineering level work like building and deploying systems and integrations.,81,2.0,/r/cybersecurity/comments/z2u7yh/i_dont_know_if_its_just_me_but_i_dont_like/ixib2jt/,cybersecurity,3
k5mdamg,17brsj7,t3_17brsj7,t3_17brsj7,Dependent-Tomato-534,2023-10-20 00:07:24,1697760444.0,2023,10,2023-10,"Sorry to hear, you are clearly burnt out and venting here,  people have their own insecurities about their IQ , experience or qualifications so probably a bit offended by you mentioning those, and not everyone had 10k on the bank so they probably think you’re flexing. I see a 30+ year old with only 10k and still has debts like student loan, with unstable work… not a great position to be in at that age but not the worst. Certainly can turn this around 

Are you charging high enough rate with your contracts, or do you perhaps have a very expensive lifestyle? I know many people who can do 3-6month contracts and still live very comfortably without work for the rest of the year if they wanted to, these are senior consultant level people and I’d suggest you should be in that category too at that age. 

Not sure how you haven’t paid off the student loans yet either, which further leads me to believe you should really use some of that free time to study financial management and get on top of your game there. This is not a dig at you, I don’t know your full situation but it sounds like a good starting point as you really should be earning enough with those shorter contracts to live better than this.",sorry to hear you are clearly burnt out and venting here people have their own insecurities about their iq experience or qualifications so probably a bit offended by you mentioning those and not everyone had   k on the bank so they probably think you re flexing. i see a    year old with only   k and still has debts like student loan with unstable work not a great position to be in at that age but not the worst. certainly can turn this around are you charging high enough rate with your contracts or do you perhaps have a very expensive lifestyle i know many people who can do    month contracts and still live very comfortably without work for the rest of the year if they wanted to these are senior consultant level people and i d suggest you should be in that category too at that age. not sure how you haven t paid off the student loans yet either which further leads me to believe you should really use some of that free time to study financial management and get on top of your game there. this is not a dig at you i don t know your full situation but it sounds like a good starting point as you really should be earning enough with those shorter contracts to live better than this.,225,4.0,/r/cybersecurity/comments/17brsj7/thinking_maybe_i_should_quit_cyber_security_after/k5mdamg/,cybersecurity,3
ig7h2l1,vz05sx,t3_vz05sx,t3_vz05sx,Miranda_That_Ghost,2022-07-15 01:26:52,1657848412.0,2022,7,2022-07,"Finishing your degree will go a long way.  Whatever you do, do not back out your senior year. 

You already have some experience. Get the degree and a cert or 2 and you will start getting interviews. 

Also, might be worth putting in some time to practice interviewing.",finishing your degree will go a long way. whatever you do do not back out your senior year. you already have some experience. get the degree and a cert or   and you will start getting interviews. also might be worth putting in some time to practice interviewing.,47,1.0,/r/cybersecurity/comments/vz05sx/i_feel_stuck_and_feel_like_giving_up/ig7h2l1/,cybersecurity,3
jsfpp9p,1523gjl,t3_1523gjl,t3_1523gjl,Educational_Edge7228,2023-07-18 10:21:47,1689675707.0,2023,7,2023-07,Have you ever thought of just applying to fed positions to start your IT journey? They accept all experience even ones that are for adding to your resume. I went from help desk to Sysadmin/infosec making 100k basically.,have you ever thought of just applying to fed positions to start your it journey they accept all experience even ones that are for adding to your resume. i went from help desk to sysadmin infosec making    k basically.,39,1.0,/r/cybersecurity/comments/1523gjl/i_gave_up/jsfpp9p/,cybersecurity,3
k5ljzmi,17brsj7,t3_17brsj7,t3_17brsj7,k0ty,2023-10-19 20:51:43,1697748703.0,2023,10,2023-10,"I feel you, but the best advice I can offer is to chill out, take it easy. Life is full of unfulfilled expectations and weird turns that in those moments dont make sense. Job market is harsh right now, maybe you can pick up something different, maybe even close, IT job for instance. And look for opportunity on the side.

I will end it with a clique quote: Power is only given to those who are prepared to lower themselves to pick it up.",i feel you but the best advice i can offer is to chill out take it easy. life is full of unfulfilled expectations and weird turns that in those moments dont make sense. job market is harsh right now maybe you can pick up something different maybe even close it job for instance. and look for opportunity on the side. i will end it with a clique quote: power is only given to those who are prepared to lower themselves to pick it up.,84,8.0,/r/cybersecurity/comments/17brsj7/thinking_maybe_i_should_quit_cyber_security_after/k5ljzmi/,cybersecurity,3
kxte31n,1bu50qq,t3_1bu50qq,t3_1bu50qq,Strict_Macaron_5984,2024-04-03 06:03:48,1712124228.0,2024,4,2024-04,"Bro, you have the degree, you're north african, i am too.

My 2 cents to you is, stay where you are, start working on getting some certifications, start with EJPT then ECPPTV2 then OSCP, if you want to be on the offensive side, and practice on tryhackme and hackthebox.

For the defensive you can also work on some azure and splunk certifications.

Just focus and give yourself one more year, it's worth, you're in the US there is always a chance, better than staying in north africa for sure.",bro you have the degree you re north african i am too. my   cents to you is stay where you are start working on getting some certifications start with ejpt then ecpptv  then oscp if you want to be on the offensive side and practice on tryhackme and hackthebox. for the defensive you can also work on some azure and splunk certifications. just focus and give yourself one more year it s worth you re in the us there is always a chance better than staying in north africa for sure.,91,1.0,/r/cybersecurity/comments/1bu50qq/cybersecurity_analyst_us_europe/kxte31n/,cybersecurity,3
gsxwrqb,mh9p0c,t3_mh9p0c,t3_mh9p0c,TheFlightlessDragon,2021-03-31 18:20:40,1617214840.0,2021,3,2021-03,"If your schedule is super busy, I would highly recommend looking into what are called micro bachelors, they are offered in EdX.

It would give you the ability to earn your degree in increments, with a flexible schedule. You would also have the ability to be earning multiple professional certificates along the way to earning your bachelors degree.",if your schedule is super busy i would highly recommend looking into what are called micro bachelors they are offered in edx. it would give you the ability to earn your degree in increments with a flexible schedule. you would also have the ability to be earning multiple professional certificates along the way to earning your bachelors degree.,58,2.0,/r/cybersecurity/comments/mh9p0c/making_a_change_is_it_the_right_one/gsxwrqb/,cybersecurity,3
l26finp,1chg03j,t3_1chg03j,t3_1chg03j,RealVenom_,2024-05-02 00:56:55,1714611415.0,2024,5,2024-05,"I feel like there is a spectrum of what needs calling out and what doesn't. If you're nitpicking every issue, then you're getting in the way of the business functioning as a business and will find a target on your back.

If you want to affect change then you need to work on your soft skills and be realistic in what you can achieve without stopping the business from being profitable.",i feel like there is a spectrum of what needs calling out and what doesn t. if you re nitpicking every issue then you re getting in the way of the business functioning as a business and will find a target on your back. if you want to affect change then you need to work on your soft skills and be realistic in what you can achieve without stopping the business from being profitable.,74,1.0,/r/cybersecurity/comments/1chg03j/im_begging_you_please_give_a_perspective_of_this/l26finp/,cybersecurity,3
oi3dxcd,1sur7g0,t3_1sur7g0,t3_1sur7g0,TheOneTheyCallNoob,2026-04-24 22:01:10,1777068070.0,2026,4,2026-04,"I know it’s not the point of your post, but best of luck to you continuing a pentesting career with AI scaling the way it is.

I would wager nobody is going to be using human penetesters in a couple years. ",i know it s not the point of your post but best of luck to you continuing a pentesting career with ai scaling the way it is. i would wager nobody is going to be using human penetesters in a couple years.,42,7.0,/r/cybersecurity/comments/1sur7g0/failed_interview_hard_ranting/oi3dxcd/,cybersecurity,3
l73s8wg,1d7q8g3,t3_1d7q8g3,t3_1d7q8g3,Queen_Latifah_513,2024-06-04 18:52:49,1717527169.0,2024,6,2024-06,Try to find an internal position. Vastly better in my experience.,try to find an internal position. vastly better in my experience.,11,3.0,/r/cybersecurity/comments/1d7q8g3/really_struggling_as_a_soc_analyst/l73s8wg/,cybersecurity,4
mlosf98,1jraghg,t3_1jraghg,t3_1jraghg,gxnnelle,2025-04-06 12:14:17,1743941657.0,2025,4,2025-04,"This is exactly what I was going through 2023 - 2024. It won’t get better until you leave unfortunately, I’m now in a non-SOC role with better work life balance. I will never work in a SOC environment ever again.",this is exactly what i was going through            . it won t get better until you leave unfortunately i m now in a non soc role with better work life balance. i will never work in a soc environment ever again.,41,2.0,/r/cybersecurity/comments/1jraghg/how_to_deal_with_skill_gaps_and_burnout_as_a_soc/mlosf98/,cybersecurity,4
iwtyjuq,yxxi43,t3_yxxi43,t3_yxxi43,MTheBelovedCat,2022-11-18 09:29:31,1668763771.0,2022,11,2022-11,"The problem is, for example, at my organization as an Infosec officer I am wearing so many hats and management sees our department as an extra cost which is why they are reluctant to hire more guys. Like who the hell acts as a SOC analyst, GRC officer and incident responder all at once?! I am not showing off. On the contrary, this is so stupid and is driving me insane. My days are hectic where I am constantly context switching just to try to catch up and oh boy am I failing miserably. They do not seem to understand that a SOC needs an entire team that monitors logs 24/7. We are a team of 3 including my manager. Then, there is another problem. If your manager is constantly throwing tasks and projects at you and expects them to be done immediately as if I can just flick my fingers and the task gets done. If your manager is out of touch believe me that you will get burnt out so fast you would not even realize it. Poor management today is very common at least from my experience. A lot of managers are not good planners and cannot understand that they have to balance means and resources with ends and become surprised when everything collapses. There is also lack of motivation from poor compensation which is what I am suffering from. Pay your people well and give them reasonable PTO and make them feel that they are looked after in return for their input. Sorry for the long rant but this is how I reached burn out. At the moment, I am thinking of quitting and having a break for a while. I have saved some money to be able to survive and at the same time I am planning to utilize my break to get some certs and upgrade my CV and hopefully be hired at a better place.",the problem is for example at my organization as an infosec officer i am wearing so many hats and management sees our department as an extra cost which is why they are reluctant to hire more guys. like who the hell acts as a soc analyst grc officer and incident responder all at once i am not showing off. on the contrary this is so stupid and is driving me insane. my days are hectic where i am constantly context switching just to try to catch up and oh boy am i failing miserably. they do not seem to understand that a soc needs an entire team that monitors logs     . we are a team of   including my manager. then there is another problem. if your manager is constantly throwing tasks and projects at you and expects them to be done immediately as if i can just flick my fingers and the task gets done. if your manager is out of touch believe me that you will get burnt out so fast you would not even realize it. poor management today is very common at least from my experience. a lot of managers are not good planners and cannot understand that they have to balance means and resources with ends and become surprised when everything collapses. there is also lack of motivation from poor compensation which is what i am suffering from. pay your people well and give them reasonable pto and make them feel that they are looked after in return for their input. sorry for the long rant but this is how i reached burn out. at the moment i am thinking of quitting and having a break for a while. i have saved some money to be able to survive and at the same time i am planning to utilize my break to get some certs and upgrade my cv and hopefully be hired at a better place.,321,3.0,/r/cybersecurity/comments/yxxi43/people_who_are_asking_about_burnout_factors/iwtyjuq/,cybersecurity,4
k6phlys,17hh5b9,t3_17hh5b9,t3_17hh5b9,ThePorko,2023-10-27 17:25:47,1698427547.0,2023,10,2023-10,The market is so bad right now most of my friends with alot of experiences arent even getting any responses on jobs they applied for.,the market is so bad right now most of my friends with alot of experiences arent even getting any responses on jobs they applied for.,25,2.0,/r/cybersecurity/comments/17hh5b9/given_up_completely/k6phlys/,cybersecurity,4
n7wjta2,1mlxbrq,t3_1mlxbrq,t3_1mlxbrq,Bombardier143,2025-08-10 07:08:31,1754809711.0,2025,8,2025-08,"Hello neighbour!

I don't work in security, I'm more on the engineering side. There is coding involved in security engineering and security research. Analyst roles don't require as much. In a product based security firm, there is a lot of cross team collaboration between developers, incident response, support and researchers.

UAE, Qatar and Saudi are great for Cybersecurity. A lot of big security companies have been setting up offices in the UAE recently. In Europe, it ranges between the UK, Switzerland, Spain and Romania. There are more, others on this sub might be able to give you more on that. My suggestion is to go where you can find jobs. While you're working as a developer, make sure you upskill in security, do certifications and projects.

All the best!",hello neighbour i don t work in security i m more on the engineering side. there is coding involved in security engineering and security research. analyst roles don t require as much. in a product based security firm there is a lot of cross team collaboration between developers incident response support and researchers. uae qatar and saudi are great for cybersecurity. a lot of big security companies have been setting up offices in the uae recently. in europe it ranges between the uk switzerland spain and romania. there are more others on this sub might be able to give you more on that. my suggestion is to go where you can find jobs. while you re working as a developer make sure you upskill in security do certifications and projects. all the best,133,1.0,/r/cybersecurity/comments/1mlxbrq/cybersecurity_professionals_what_does_a_typical/n7wjta2/,cybersecurity,4
kg0qycg,18wuhvk,t3_18wuhvk,t3_18wuhvk,ThePorko,2024-01-02 19:51:20,1704225080.0,2024,1,2024-01,Look for new opportunities that has a better leadership team in place.,look for new opportunities that has a better leadership team in place.,12,1.0,/r/cybersecurity/comments/18wuhvk/how_do_you_peeps_handle_burnout_and_frustration/kg0qycg/,cybersecurity,4
iwtg9rr,yxxi43,t3_yxxi43,t3_yxxi43,juanMoreLife,2022-11-18 05:27:45,1668749265.0,2022,11,2022-11,"Can I recommend general advice for all? If you are fortunate enough to have a gig where they respect work/life balance, then leverage the rules they set. A lot of it comes on the person them selves as well. 

Being remote I taught my self to start and most importantly STOP working. Make sure you have time for your self like working out, playing video games, and or binge watching anime. Along the way, educate your self some days as well! 

Ignore emails after a certain time. My phone just stops notifications. If you have a work phone, even better! 

Draw boundaries and ask your boss for help to set some up as well. I am flexible when required, but for sure- enjoy your life! :-) 

Then everything else makes sense. Also, read the Phoenix project? Great book!",can i recommend general advice for all if you are fortunate enough to have a gig where they respect work life balance then leverage the rules they set. a lot of it comes on the person them selves as well. being remote i taught my self to start and most importantly stop working. make sure you have time for your self like working out playing video games and or binge watching anime. along the way educate your self some days as well ignore emails after a certain time. my phone just stops notifications. if you have a work phone even better draw boundaries and ask your boss for help to set some up as well. i am flexible when required but for sure  enjoy your life :  then everything else makes sense. also read the phoenix project great book,139,10.0,/r/cybersecurity/comments/yxxi43/people_who_are_asking_about_burnout_factors/iwtg9rr/,cybersecurity,4
ktvht1i,1b8zbax,t3_1b8zbax,t3_1b8zbax,theoreoman,2024-03-08 04:47:31,1709873251.0,2024,3,2024-03,"There's kind of two types of people. The first is the one who's personal identity revolves around their carrer, all they can do is talk shop. And those who do their job, and do it well but don't give a sigle fuck about what the company does. I try to be the latter.",there s kind of two types of people. the first is the one who s personal identity revolves around their carrer all they can do is talk shop. and those who do their job and do it well but don t give a sigle fuck about what the company does. i try to be the latter.,56,4.0,/r/cybersecurity/comments/1b8zbax/serious_veterans_of_it_security_how_do_you_cope_i/ktvht1i/,cybersecurity,4
irc0r18,xxeit3,t3_xxeit3,t3_xxeit3,cuccudoggydog,2022-10-06 21:38:23,1665092303.0,2022,10,2022-10,You can’t just stop a burnout under the same circumstances in which started it. The best thing to do would be to flag up the issue in the hope of someone caring and dealing with the problems otherwise just leave.,you can t just stop a burnout under the same circumstances in which started it. the best thing to do would be to flag up the issue in the hope of someone caring and dealing with the problems otherwise just leave.,41,4.0,/r/cybersecurity/comments/xxeit3/soc_analyst_how_to_deal_with_burnout/irc0r18/,cybersecurity,4
ixvbla2,z5613z,t3_z5613z,t3_z5613z,slippy7890,2022-11-26 17:37:47,1669484267.0,2022,11,2022-11,"> I feel that I have a lot on my plate and I am barely catching up even though I rarely take any breaks. My manager keeps throwing stuff at me and the team and stuff just keeps piling up in the backlog. 

What you’ve described here I’ve found is ubiquitous across our industry.

> Most of what I do is boring paperwork, writing emails, writing to IT over and over about why tickets/vulnerabilities have not been addressed and then escalating these requests and attending endless meetings (some of which involve discussing the same thing over and over again) to the point where no actual work gets done not to mention having barely received training and development opportunities. I am frustrated also because I am a technical geek and like hands-on work.

I’m a technical geek doing actual SecOps and I can attest firsthand that just making the move into operations doesn’t change the endless meetings, constantly full backlog, and non-stop badgering of users/admins to adhere to established best practices. 

> I am here to ask for your advice regarding going about this. What do you feel about this? What should I do? Am I not being realistic? Am I being ""soft"" or silly? Thank you.

Transition to a company with a purple team. You can leverage your auditing skills while working with cyber defense and the red team to hone your skills in both areas. As you build relations with the red team and show genuine interest in what they do, they will likely see you as a fellow peer or teammate.",i feel that i have a lot on my plate and i am barely catching up even though i rarely take any breaks. my manager keeps throwing stuff at me and the team and stuff just keeps piling up in the backlog. what you ve described here i ve found is ubiquitous across our industry. most of what i do is boring paperwork writing emails writing to it over and over about why tickets vulnerabilities have not been addressed and then escalating these requests and attending endless meetings to the point where no actual work gets done not to mention having barely received training and development opportunities. i am frustrated also because i am a technical geek and like hands on work. i m a technical geek doing actual secops and i can attest firsthand that just making the move into operations doesn t change the endless meetings constantly full backlog and non stop badgering of users admins to adhere to established best practices. i am here to ask for your advice regarding going about this. what do you feel about this what should i do am i not being realistic am i being soft or silly thank you. transition to a company with a purple team. you can leverage your auditing skills while working with cyber defense and the red team to hone your skills in both areas. as you build relations with the red team and show genuine interest in what they do they will likely see you as a fellow peer or teammate.,256,3.0,/r/cybersecurity/comments/z5613z/cyber_security_career_advice/ixvbla2/,cybersecurity,4
lop938b,1focakd,t3_1focakd,t3_1focakd,dadgamer99,2024-09-24 15:09:23,1727190563.0,2024,9,2024-09,"Being a manager is not for everyone, and I'm not saying that in a bad way, I realized it was not for me.

I was a Manager/VP/CISO and I truly hated every minute of it, I thought I couldn't make as much money as an IC so I stuck it out for so long, gained weight, had to go on blood pressure medication.   
  
But it is untrue that you need to be in management to make good money, I consult now and make nearly as much as I did at my highest salary, however I work a standard 40 hour week with no overtime, no weekend work, nobody calls/emails or bothers me after hours.",being a manager is not for everyone and i m not saying that in a bad way i realized it was not for me. i was a manage subreddit  ciso and i truly hated every minute of it i thought i couldn t make as much money as an ic so i stuck it out for so long gained weight had to go on blood pressure medication. but it is untrue that you need to be in management to make good money i consult now and make nearly as much as i did at my highest salary however i work a standard    hour week with no overtime no weekend work nobody calls emails or bothers me after hours.,118,1.0,/r/cybersecurity/comments/1focakd/burnout_in_cybersecurity/lop938b/,cybersecurity,4
j5jy45z,10ith4h,t3_10ith4h,t3_10ith4h,Usual_Danger,2023-01-23 15:27:24,1674487644.0,2023,1,2023-01,"This sounds like my situation. We have another “security architect” (but he isn’t very hands on), but otherwise I’m the only technical in house security resource for a 15,000 user Fortune 500. We have an MSSP with ~8 dedicated resources to handle most of the ops alerts, endpoint security, and firewall rule changes, so that at least helps. I had to come to the realization that I’m not Superman and that if I keep overextending myself nothing will change. I’ve let my manger and CISO know that my workload isn’t possible to complete, so things will take longer, be lower quality, and unless they want to prioritize something, that I’ll prioritize the best I can. Their response is to do the best I can. Every 1:1 with my manager and skip level I have with the CISO I repeat the same thing and how we need to hire at least a junior person so I can get them up to speed before I “win the lottery”. My suggestion would be to not let everything put on your plate stress you out. When you are already slammed, saying yes to something means saying no (or delaying) something else. If your boss doesn’t understand that, start looking elsewhere. If things have to start dropping/breaking, so be it. Prioritize what you think is important if you’re not given priorities. In the end, you’ll realize if it was a priority for the company then they would staff appropriately. If that isn’t possible, jump ship.",this sounds like my situation. we have another security architect but otherwise i m the only technical in house security resource for a        user fortune    . we have an mssp with   dedicated resources to handle most of the ops alerts endpoint security and firewall rule changes so that at least helps. i had to come to the realization that i m not superman and that if i keep overextending myself nothing will change. i ve let my manger and ciso know that my workload isn t possible to complete so things will take longer be lower quality and unless they want to prioritize something that i ll prioritize the best i can. their response is to do the best i can. every  :  with my manager and skip level i have with the ciso i repeat the same thing and how we need to hire at least a junior person so i can get them up to speed before i win the lottery . my suggestion would be to not let everything put on your plate stress you out. when you are already slammed saying yes to something means saying no something else. if your boss doesn t understand that start looking elsewhere. if things have to start dropping breaking so be it. prioritize what you think is important if you re not given priorities. in the end you ll realize if it was a priority for the company then they would staff appropriately. if that isn t possible jump ship.,251,1.0,/r/cybersecurity/comments/10ith4h/a_drowning_solitary_security_engineer_seeking_help/j5jy45z/,cybersecurity,4
iwt4yq8,yxxi43,t3_yxxi43,t3_yxxi43,q0mb9l236oxkae43ih6p,2022-11-18 03:41:13,1668742873.0,2022,11,2022-11,"Got pulled in to an incident today where someone sent the CEO an email with a YouTube link in it from a Gmail account. 

P1 urgent critical incident response: is this YouTube link a virus? Who is the sender can you find out???

Like what the fuck is this stupid shit",got pulled in to an incident today where someone sent the ceo an email with a youtube link in it from a gmail account. p  urgent critical incident response: is this youtube link a virus who is the sender can you find out like what the fuck is this stupid shit,51,14.0,/r/cybersecurity/comments/yxxi43/people_who_are_asking_about_burnout_factors/iwt4yq8/,cybersecurity,4
kg0w21w,18wuhvk,t3_18wuhvk,t3_18wuhvk,Beetus_warrior_jar,2024-01-02 20:20:28,1704226828.0,2024,1,2024-01,"You echo a lot of the same things I have been concerned with here.  

I make a list of side projects that:

* Are fun.
* Will help my career.
* have *potential* (not a guarantee) to benefit my current employer.  If they decide to pass on it that's their deal. 

IMO If your attempts to convince leadership you're capable of better things have failed, that's OK.   The unproductive guilt when you have your hands tied is a bit self inflicted.

you gotta let go, enjoy the craft and keep your mind open for new opportunities.  Good luck!",you echo a lot of the same things i have been concerned with here. i make a list of side projects that: are fun. will help my career. have potential to benefit my current employer. if they decide to pass on it that s their deal. imo if your attempts to convince leadership you re capable of better things have failed that s ok. the unproductive guilt when you have your hands tied is a bit self inflicted. you gotta let go enjoy the craft and keep your mind open for new opportunities. good luck,95,1.0,/r/cybersecurity/comments/18wuhvk/how_do_you_peeps_handle_burnout_and_frustration/kg0w21w/,cybersecurity,4
nn5c81h,1on37mj,t3_1on37mj,t3_1on37mj,cyberpop12,2025-11-04 23:48:05,1762300085.0,2025,11,2025-11,I would love to switch roles with you T_T,i would love to switch roles with you t t,10,1.0,/r/cybersecurity/comments/1on37mj/soc_analyst_team_with_5_members/nn5c81h/,cybersecurity,4
nlezqjm,1og98bw,t3_1og98bw,t3_1og98bw,Troubledking-313,2025-10-26 02:39:52,1761446392.0,2025,10,2025-10,Maybe youre just creating new neural pathways and you just need to keep grinding. Don’t worry about putting pressure on learning it but make it fun.,maybe youre just creating new neural pathways and you just need to keep grinding. don t worry about putting pressure on learning it but make it fun.,27,26.0,/r/cybersecurity/comments/1og98bw/trying_my_hands_in_forensics_burning_out/nlezqjm/,cybersecurity,4
ktlwwpn,1b7sbkg,t3_1b7sbkg,t3_1b7sbkg,computerchipsanddip,2024-03-06 13:56:14,1709733374.0,2024,3,2024-03,"Whole lot of bitter people on here. Why are you subscribed to this sub if you hate the industry so much?

I love it. My wage has doubled, I get full benefits and pension, 7 weeks of paid time off, set my own hours, and I get my education completed paid for including travel costs if I so need them.

The work is amazing and I have full support from senior management and the Board. 

Sorry but I had to post a positive story. There's wayyyyy too much negativity on this sub and negativity about the industry in general.",whole lot of bitter people on here. why are you subscribed to this sub if you hate the industry so much i love it. my wage has doubled i get full benefits and pension   weeks of paid time off set my own hours and i get my education completed paid for including travel costs if i so need them. the work is amazing and i have full support from senior management and the board. sorry but i had to post a positive story. there s wayyyyy too much negativity on this sub and negativity about the industry in general.,99,10.0,/r/cybersecurity/comments/1b7sbkg/quitting_cybersecurity/ktlwwpn/,cybersecurity,4
oby3y06,1s0xjoh,t3_1s0xjoh,t3_1s0xjoh,T_Thriller_T,2026-03-23 02:03:09,1774231389.0,2026,3,2026-03,"Every time I have been involved there was _much_ better tuning and a very clear mindset: either we get it worked out so there is consistency in not being woken up more than once a week.

A lot of time that also means determining what alerts are worth being checked _right now_.

And it was abundantly clear if that was not possible, we'd need to go down the path of co-managed and get a service because we cannot work our analysts to death.

So... I guess the answer to your question is vere employer and stricter employment law",every time i have been involved there was  much  better tuning and a very clear mindset: either we get it worked out so there is consistency in not being woken up more than once a week. a lot of time that also means determining what alerts are worth being checked  right now . and it was abundantly clear if that was not possible we d need to go down the path of co managed and get a service because we cannot work our analysts to death. so... i guess the answer to your question is vere employer and stricter employment law,101,1.0,/r/cybersecurity/comments/1s0xjoh/i_think_im_done_with_soc_work_the_2_am_false/oby3y06/,cybersecurity,4
lcukv79,1e181yf,t3_1e181yf,t3_1e181yf,braywarshawsky,2024-07-12 15:32:41,1720798361.0,2024,7,2024-07,"Anything worth doing is going to suck at first. Until you get better, keep digging. Use failure as a lesson learned, not as an end to the means.

Ultimately your decision to make OP... but if you're this far in, just keep going. Or not.

Up to you.

We all suffer in some form or another from Imposter Syndrome. It ebbs and flows like the tide.",anything worth doing is going to suck at first. until you get better keep digging. use failure as a lesson learned not as an end to the means. ultimately your decision to make op... but if you re this far in just keep going. or not. up to you. we all suffer in some form or another from imposter syndrome. it ebbs and flows like the tide.,67,1.0,/r/cybersecurity/comments/1e181yf/already_burnt_out_and_havent_even_started/lcukv79/,cybersecurity,4
igsv997,w2u4ma,t3_w2u4ma,t3_w2u4ma,olujche,2022-07-19 17:11:13,1658250673.0,2022,7,2022-07,"If you love helping people, you should get a junior to help you out. You will help someone, after a while you will have less work and you can focus on other things.

That would be ideal if profit was not number 1 for every company. They just burn you out until nothing is left..

And thanks for story. I learn today not to be jack of all trades.",if you love helping people you should get a junior to help you out. you will help someone after a while you will have less work and you can focus on other things. that would be ideal if profit was not number   for every company. they just burn you out until nothing is left.. and thanks for story. i learn today not to be jack of all trades.,68,2.0,/r/cybersecurity/comments/w2u4ma/overwhelmedburnout/igsv997/,cybersecurity,4
mjvbgbf,1jjt1t8,t3_1jjt1t8,t3_1jjt1t8,dahra8888,2025-03-26 17:45:38,1743011138.0,2025,3,2025-03,"Every other week on-call is insane if you are actually getting called. If that's the biggest cause of stress for you, I'd recommend focusing your job search to larger companies with larger security teams. Bigger companies come with their own baggage - politics, siloed roles, slow decision making, etc. But the larger the team, the longer between each individual's on call rotation. My security engineering team is almost 30 people now, each are on call every ~7 months. That's a huge quality of life improvement alone.

You can also target roles that don't have on call. 8 YOE is putting you in the realm of security architect, which generally is not part of on-call short of a disaster. You may want to start focusing your training toward that type of role.",every other week on call is insane if you are actually getting called. if that s the biggest cause of stress for you i d recommend focusing your job search to larger companies with larger security teams. bigger companies come with their own baggage   politics siloed roles slow decision making etc. but the larger the team the longer between each individual s on call rotation. my security engineering team is almost    people now each are on call every   months. that s a huge quality of life improvement alone. you can also target roles that don t have on call.   yoe is putting you in the realm of security architect which generally is not part of on call short of a disaster. you may want to start focusing your training toward that type of role.,134,1.0,/r/cybersecurity/comments/1jjt1t8/burnout_is_taking_over_my_life/mjvbgbf/,cybersecurity,4
mx7o932,1l8ns4w,t3_1l8ns4w,t3_1l8ns4w,qpxa,2025-06-11 15:14:25,1749654865.0,2025,6,2025-06,Just go at your own pace and keep your feelings out of it to keep your sanity.,just go at your own pace and keep your feelings out of it to keep your sanity.,17,1.0,/r/cybersecurity/comments/1l8ns4w/feel_like_quitting_my_job/mx7o932/,cybersecurity,4
ja62w26,11cs1e8,t3_11cs1e8,t3_11cs1e8,PigPixel,2023-02-27 02:48:14,1677466094.0,2023,2,2023-02,"I second three of the suggestions I've seen here: Find a new company, get out of IR, get into GRC. Any one of those, or all three.

In January I worked myself into the hospital. Don't get that far.

Like that great philosopher Taylor Swift says: Bend when you can, break when you have to. If you have to take another role, somewhere else, anywhere else, to get yourself the headspace to figure out what to do next, it's a great time to do so.

Reach out if you'd like to chat.",i second three of the suggestions i ve seen here: find a new company get out of ir get into grc. any one of those or all three. in january i worked myself into the hospital. don t get that far. like that great philosopher taylor swift says: bend when you can break when you have to. if you have to take another role somewhere else anywhere else to get yourself the headspace to figure out what to do next it s a great time to do so. reach out if you d like to chat.,96,1.0,/r/cybersecurity/comments/11cs1e8/rant_time_i_think_im_out_of_cybersecurity_is_it/ja62w26/,cybersecurity,4
j1hys4x,zu6td1,t3_zu6td1,t3_zu6td1,CruwL,2022-12-24 14:37:30,1671892650.0,2022,12,2022-12," impostor syndrome - This never goes away, some times it gets quiet, but it's always there. Learn how to reflect on your experience, and accept you don't know everything, but always be willing to learn, or research on your own.

Did you try applying for any of those positions on LinkedIn? Any response?

“0-2 years experience, CISSP preferred” This was clearly written by an uninformed person, as CISSP isn't possible with 2 years exp. Treat Job postings as wish lists for the hiring manager or HR, Are you familiar with 75% of the topics? Do you have experience with 30% of the duties? apply.

You say you are rusty, are you doing anything to brush up on topics? There's tons of free content out there to brush up on your skills you haven't used in a while.",impostor syndrome   this never goes away some times it gets quiet but it s always there. learn how to reflect on your experience and accept you don t know everything but always be willing to learn or research on your own. did you try applying for any of those positions on linkedin any response     years experience cissp preferred this was clearly written by an uninformed person as cissp isn t possible with   years exp. treat job postings as wish lists for the hiring manager or hr are you familiar with    of the topics do you have experience with    of the duties apply. you say you are rusty are you doing anything to brush up on topics there s tons of free content out there to brush up on your skills you haven t used in a while.,137,2.0,/r/cybersecurity/comments/zu6td1/returning_to_itcyber_after_giving_up_due_to/j1hys4x/,cybersecurity,4
i93hz9l,usac4y,t3_usac4y,t3_usac4y,miley_whatsgood_,2022-05-18 17:22:39,1652894559.0,2022,5,2022-05,"This is going to sound like just another thing to add to your plate but it's better than spamming applications: you really need to expand & leverage your network. That 18yo kid in a help desk job right now, have you talked to him if his company has openings? (i was that kid that started at 18 and i got a lot of my friends into my department). Have you asked anyone to review your resume or give you feedback? All of the jobs I've gotten are because of people that I know, its the sad reality of tech. Finding a job is basically a full time job on its own, so try to make it easier by using the people you know.",this is going to sound like just another thing to add to your plate but it s better than spamming applications: you really need to expand leverage your network. that   yo kid in a help desk job right now have you talked to him if his company has openings . have you asked anyone to review your resume or give you feedback all of the jobs i ve gotten are because of people that i know its the sad reality of tech. finding a job is basically a full time job on its own so try to make it easier by using the people you know.,106,8.0,/r/cybersecurity/comments/usac4y/need_career_advice_hope/i93hz9l/,cybersecurity,4
igshn01,w2u4ma,t3_w2u4ma,t3_w2u4ma,spectralTopology,2022-07-19 15:46:05,1658245565.0,2022,7,2022-07,"| And then I find myself falling behind on deadlines that I should be meeting, but not really being scolded for.

So much this. I feel guilty about not doing something, but then I'm told no worries...but part of me wants someone to tell me that I should do better. I'm really right on a weird edge of either being apathetic or trying to make up for being apathetic.",and then i find myself falling behind on deadlines that i should be meeting but not really being scolded for. so much this. i feel guilty about not doing something but then i m told no worries...but part of me wants someone to tell me that i should do better. i m really right on a weird edge of either being apathetic or trying to make up for being apathetic.,70,6.0,/r/cybersecurity/comments/w2u4ma/overwhelmedburnout/igshn01/,cybersecurity,4
kg1h9mf,18wuhvk,t3_18wuhvk,t3_18wuhvk,TheRedmanCometh,2024-01-02 22:22:07,1704234127.0,2024,1,2024-01,I've been out 3 years I'm a game producer now.,i ve been out   years i m a game producer now.,11,1.0,/r/cybersecurity/comments/18wuhvk/how_do_you_peeps_handle_burnout_and_frustration/kg1h9mf/,cybersecurity,4
nlwm4dj,1og98bw,t3_1og98bw,t3_1og98bw,irishcybercolab,2025-10-28 22:03:23,1761689003.0,2025,10,2025-10,"Maybe it's time to take a break.  Cyber defense is difficult work and forensics is a giant puzzle.  

So why not offer yourself a hard earned break?  Most defenders I know and that have been DFIR for a long while need substantial off time to reset before handling triage of a new environment which isn't theirs but the data and the reasoning behind the lessons still have to have your expertise.   

So take credit for doing a great job of handling self-care too   it's responsible and shows that you value your work and the results",maybe it s time to take a break. cyber defense is difficult work and forensics is a giant puzzle. so why not offer yourself a hard earned break most defenders i know and that have been dfir for a long while need substantial off time to reset before handling triage of a new environment which isn t theirs but the data and the reasoning behind the lessons still have to have your expertise. so take credit for doing a great job of handling self care too it s responsible and shows that you value your work and the results,99,1.0,/r/cybersecurity/comments/1og98bw/trying_my_hands_in_forensics_burning_out/nlwm4dj/,cybersecurity,4
lnex3ru,1ff84y9,t3_1ff84y9,t3_1ff84y9,Fair-Soil-6267,2024-09-16 14:31:58,1726497118.0,2024,9,2024-09,Most people that are currently in Cyber are the ones that gate kept the regular IT jobs a bit ago. They are gate keeping Cyber jobs and helping with the shortage or complaining about it.,most people that are currently in cyber are the ones that gate kept the regular it jobs a bit ago. they are gate keeping cyber jobs and helping with the shortage or complaining about it.,35,1.0,/r/cybersecurity/comments/1ff84y9/im_tired_of_applying_for_jobs_rant/lnex3ru/,cybersecurity,4
ixul8m8,z5613z,t3_z5613z,t3_z5613z,compuwar,2022-11-26 14:10:09,1669471809.0,2022,11,2022-11,"Do the OSCP, it’s still decently respected in the field, and you probably need to know you can do the work.  If you’re not set up to do it quickly, take the time to use the common study guides to prepare in your off time.",do the oscp it s still decently respected in the field and you probably need to know you can do the work. if you re not set up to do it quickly take the time to use the common study guides to prepare in your off time.,47,3.0,/r/cybersecurity/comments/z5613z/cyber_security_career_advice/ixul8m8/,cybersecurity,4
l71vci3,1d7q8g3,t3_1d7q8g3,t3_1d7q8g3,ryox82,2024-06-04 11:58:27,1717502307.0,2024,6,2024-06,Sounds like bad or lack of leadership. You shouldn't be sorting through low level SIEM events. That is what automation is for.,sounds like bad or lack of leadership. you shouldn t be sorting through low level siem events. that is what automation is for.,23,16.0,/r/cybersecurity/comments/1d7q8g3/really_struggling_as_a_soc_analyst/l71vci3/,cybersecurity,4
ilfdbu2,wve26n,t3_wve26n,t3_wve26n,vodged,2022-08-23 07:03:34,1661238214.0,2022,8,2022-08,Sounds like company fatigue rather than job fatigue. You're going to get this to different degrees everywhere but your current place does sound particularly shit.,sounds like company fatigue rather than job fatigue. you re going to get this to different degrees everywhere but your current place does sound particularly shit.,26,5.0,/r/cybersecurity/comments/wve26n/can_i_just_rant_a_second_thinking_of_quitting/ilfdbu2/,cybersecurity,4
nxu4r47,1q4lgkt,t3_1q4lgkt,t3_1q4lgkt,sdrawkcabineter,2026-01-05 16:04:48,1767629088.0,2026,1,2026-01,">They place students in partner companies, and there’s a real chance of being hired after the internship.

Academia ""lost the ball"" but continues to find new ways to downplay the democratization of education our current technology provides. Gate keeping to ""ensure mastery"" and ""quality production"" are fossils under mountains of bureaucratic vampirism.",they place students in partner companies and there s a real chance of being hired after the internship. academia lost the ball but continues to find new ways to downplay the democratization of education our current technology provides. gate keeping to ensure mastery and quality production are fossils under mountains of bureaucratic vampirism.,53,1.0,/r/cybersecurity/comments/1q4lgkt/stuck_in_a_poorly_structured_cybersecurity_course/nxu4r47/,cybersecurity,4
nwdidvg,1pxj7i9,t3_1pxj7i9,t3_1pxj7i9,Viper896,2025-12-28 15:25:51,1766935551.0,2025,12,2025-12,What kills me is our False Negative rate.   I love the random phone calls where a user  reports a phishing email and we find out that a different user received the same email and clicked on it an hour earlier and we didn’t get alerted and it wasn’t reported.,what kills me is our false negative rate. i love the random phone calls where a user reports a phishing email and we find out that a different user received the same email and clicked on it an hour earlier and we didn t get alerted and it wasn t reported.,51,28.0,/r/cybersecurity/comments/1pxj7i9/what_is_the_false_positive_rate_in_your_soc/nwdidvg/,cybersecurity,4
ixuchte,z5613z,t3_z5613z,t3_z5613z,ThePorko,2022-11-26 12:37:34,1669466254.0,2022,11,2022-11,Thats really alot of cyber security. Most of us are doing the items you described and in excel or emails most of the day.,thats really alot of cyber security. most of us are doing the items you described and in excel or emails most of the day.,24,3.0,/r/cybersecurity/comments/z5613z/cyber_security_career_advice/ixuchte/,cybersecurity,4
kttjyl2,1b8zbax,t3_1b8zbax,t3_1b8zbax,Pearl_krabs,2024-03-07 21:04:40,1709845480.0,2024,3,2024-03,"Your mistake is looking for self-actualization at work, and therefore investing your energy as if you're going to find it there.

Look for self actualization elsewhere, in your family, in your life, spend your energy there.  Stop investing so much passion at work and settle for high competence. Definitely stop caring more than the business does. Take fucking teams and outlook off your phone.  Turn off your computer at 5.  Set your boundaries firmly.",your mistake is looking for self actualization at work and therefore investing your energy as if you re going to find it there. look for self actualization elsewhere in your family in your life spend your energy there. stop investing so much passion at work and settle for high competence. definitely stop caring more than the business does. take fucking teams and outlook off your phone. turn off your computer at  . set your boundaries firmly.,76,8.0,/r/cybersecurity/comments/1b8zbax/serious_veterans_of_it_security_how_do_you_cope_i/kttjyl2/,cybersecurity,4
j5jwto3,10ith4h,t3_10ith4h,t3_10ith4h,csForShort,2023-01-23 15:18:40,1674487120.0,2023,1,2023-01,"If you are determined to stay, you are going to have to do 2 scary things.

1. Work on root causes. You mentioned that new VMs spin up and have a vuln that was solved on all the existing VMs. Well, that means that there is a missing step in the build/image maintenance process, things aren’t getting patched before they are in prod. So the owner is literally pushing tech debt. Get a project going with the system owners to fix that process. Most of the work should be done by the owners, not by you. 

Iterate for other recurring problems.

2. Let non-priority stuff drop. Seriously. If there isn’t staff to do it within a reasonable work day, it doesn’t get done. The business has to see and experience the gap before to understand it.

A lot of the minutiae that you’ve mentioned (password resets, etc) should be done by the teams who own the systems. IT is in charge of the laptops, right? They should own the access control on those laptops. 

Look, you are a security leader. The entire company is your team. Engage them in the work",if you are determined to stay you are going to have to do   scary things.  . work on root causes. you mentioned that new vms spin up and have a vuln that was solved on all the existing vms. well that means that there is a missing step in the build image maintenance process things aren t getting patched before they are in prod. so the owner is literally pushing tech debt. get a project going with the system owners to fix that process. most of the work should be done by the owners not by you. iterate for other recurring problems.  . let non priority stuff drop. seriously. if there isn t staff to do it within a reasonable work day it doesn t get done. the business has to see and experience the gap before to understand it. a lot of the minutiae that you ve mentioned should be done by the teams who own the systems. it is in charge of the laptops right they should own the access control on those laptops. look you are a security leader. the entire company is your team. engage them in the work,193,3.0,/r/cybersecurity/comments/10ith4h/a_drowning_solitary_security_engineer_seeking_help/j5jwto3/,cybersecurity,4
nv7kqt5,1ps8odq,t3_1ps8odq,t3_1ps8odq,IrateWeasel89,2025-12-21 15:29:55,1766330995.0,2025,12,2025-12,"It's frustrating banging your head against a wall constantly.

They look to us for expertise but then completely ignore what we say.",it s frustrating banging your head against a wall constantly. they look to us for expertise but then completely ignore what we say.,23,3.0,/r/cybersecurity/comments/1ps8odq/i_dropped_the_customer_service_voice_during_a_qbr/nv7kqt5/,cybersecurity,4
lmvj0qo,1ff84y9,t3_1ff84y9,t3_1ff84y9,TheCleverChipmunk,2024-09-13 03:29:07,1726198147.0,2024,9,2024-09,"Hey OP, have you considered starting your career in IT Audit? I would look at IT Audit as many companies are looking for IT Auditors and the Big 4 Firms (PwC, Deloitte, EY, KPMG) seem to be severely understaffed when it comes to IT Audit Staff. Of course the downside is the poor worklife balance. However, the upside is that these firms, typically have deep pockets and are willing to sponsor people, and I have personally seen them fly IT Auditors from India over to stay in the United States for a few months to help with projects/audits. The work isn’t very technical but allows you to still get lots of useful GRC experience. I would strongly encourage you to look their Associate openings. You can use your background to your advantage since most IT Auditors have an Accounting background. I’m not kidding…I began my career as a CPA.",hey op have you considered starting your career in it audit i would look at it audit as many companies are looking for it auditors and the big   firms seem to be severely understaffed when it comes to it audit staff. of course the downside is the poor worklife balance. however the upside is that these firms typically have deep pockets and are willing to sponsor people and i have personally seen them fly it auditors from india over to stay in the united states for a few months to help with projects audits. the work isn t very technical but allows you to still get lots of useful grc experience. i would strongly encourage you to look their associate openings. you can use your background to your advantage since most it auditors have an accounting background. i m not kidding i began my career as a cpa.,148,3.0,/r/cybersecurity/comments/1ff84y9/im_tired_of_applying_for_jobs_rant/lmvj0qo/,cybersecurity,4
k6olk44,17hh5b9,t3_17hh5b9,t3_17hh5b9,Kurosanti,2023-10-27 14:06:57,1698415617.0,2023,10,2023-10,">Really disheartening thinking that my life would’ve been different if I had just done a CS degree and then moved on from there.

Do you know what the CS market is like right now?We're in/entering a recession. Shit hurts everywhere right now.",really disheartening thinking that my life would ve been different if i had just done a cs degree and then moved on from there. do you know what the cs market is like right now we re in entering a recession. shit hurts everywhere right now.,46,0.0,/r/cybersecurity/comments/17hh5b9/given_up_completely/k6olk44/,cybersecurity,4
ixwqv3d,z5613z,t3_z5613z,t3_z5613z,Voidoli,2022-11-26 23:54:10,1669506850.0,2022,11,2022-11,"Dude i want to know how to get your current job, wanted to try grc for a change. What skillset did you have to get it?",dude i want to know how to get your current job wanted to try grc for a change. what skillset did you have to get it,26,2.0,/r/cybersecurity/comments/z5613z/cyber_security_career_advice/ixwqv3d/,cybersecurity,4
igsk46a,w2u4ma,t3_w2u4ma,t3_w2u4ma,fiddysix_k,2022-07-19 16:01:41,1658246501.0,2022,7,2022-07,"I burn out once a year, but the first time was the only time that really did me in. I just didn't know the warning signs. Now I catch the burnout as it's happening and do what I can to mitigate. 

Feeling pretty burnt out right now to be honest. I usually just take a long vacation and drink a lot for a couple of months and stop focusing on everything then I'm good as new til the next burnout.
 
As far as I can tell, this is just the way it goes in IT. Is it healthy? Fuck no. That's why we get paid.",i burn out once a year but the first time was the only time that really did me in. i just didn t know the warning signs. now i catch the burnout as it s happening and do what i can to mitigate. feeling pretty burnt out right now to be honest. i usually just take a long vacation and drink a lot for a couple of months and stop focusing on everything then i m good as new til the next burnout. as far as i can tell this is just the way it goes in it. is it healthy fuck no. that s why we get paid.,109,6.0,/r/cybersecurity/comments/w2u4ma/overwhelmedburnout/igsk46a/,cybersecurity,4
dxijez8,8ctd50,,,Tr1pline,2018-04-17 15:44:13,1523979853.0,2018,4,2018-04,You're not alone. I was just taking a look at the practice test and couldn't remember the protocols for port 110 vs 143. Then there were questions about ethernet cable coloring and I had no idea ever though I crimped network cables before.,you re not alone. i was just taking a look at the practice test and couldn t remember the protocols for port     vs    . then there were questions about ethernet cable coloring and i had no idea ever though i crimped network cables before.,44,1.0,,sysadmin,1
edxja8m,af5605,,,Xibby,2019-01-12 23:17:24,1547335044.0,2019,1,2019-01,"Proper documentation should give anyone with appropriate experience/knowledge/skill the information needed. In other words, the proper audience for documentation is yourself. 

If there is a recurring issue where a step by step document can be created to fix the problem then monitoring should be able to detect the problem and fire an automation to fix it. ",proper documentation should give anyone with appropriate experience knowledge skill the information needed. in other words the proper audience for documentation is yourself. if there is a recurring issue where a step by step document can be created to fix the problem then monitoring should be able to detect the problem and fire an automation to fix it.,58,1.0,,sysadmin,1
e56q77r,9bwqt8,,,Synssins,2018-09-01 00:01:42,1535760102.0,2018,9,2018-09,"We started with the TB15... Piece of Shit. HUGE piece of shit. 
The TB16 was supposed to be the fix-all for all of the issues the TB15 had. So we replaced all 40 of the TB15s with the TB16s. 

They're better, but still grossly unreliable. ",we started with the tb  ... piece of shit. huge piece of shit. the tb   was supposed to be the fix all for all of the issues the tb   had. so we replaced all    of the tb  s with the tb  s. they re better but still grossly unreliable.,49,2.0,,sysadmin,1
lsdm952,1g5laxd,,,Glassweaver,2024-10-17 15:36:41,1729179401.0,2024,10,2024-10,"Knowing what can be done, the potential risks of doing, how to find the information to do the thing, general enough knowledge to know whether the information is correct or how to test it outside of production, and most importantly, how to troubleshoot and what questions to ask when something goes wrong is far more important than actually knowing the answer. 

Or, as I tell the students and the handful of people that work for me: I don't care if you know the answer. I care if you know what question to ask.",knowing what can be done the potential risks of doing how to find the information to do the thing general enough knowledge to know whether the information is correct or how to test it outside of production and most importantly how to troubleshoot and what questions to ask when something goes wrong is far more important than actually knowing the answer. or as i tell the students and the handful of people that work for me: i don t care if you know the answer. i care if you know what question to ask.,94,1.0,,sysadmin,1
ike29f7,woz1v2,,,intrntpirate,2022-08-15 15:02:13,1660575733.0,2022,8,2022-08,"We had an issue similar to this last year. Our build team was using an assortment of 3rd party (cheap) USB network adapters at the time. When digging into it I found that sometimes Windows saw the USB network adapter as a storage device (thus causing the build process with SCCM to fail). HP recommended using their HP branded USB-C network adapters (no surprise there) which I believe are just re-branded Realtek adapters.

Our issue went away 100% after having our build team switch entirely to using the HP USB-C adapters for the newer Elitebook's/ZBook's.

Now, with the HP branded USB-C network adapters I found that with my HP ZBook Firefly G8 the network connection kept dropping at 5-15 minute intervals with Windows 11. Ended up having to source a newer driver directly from Realtek (1153.7.20.520 with a release date of 5/20/2022) to fix the issue since the latest driver from HP (from over a year ago) still had the issue. Only sharing this in case this is the next issue you run into.",we had an issue similar to this last year. our build team was using an assortment of  rd party usb network adapters at the time. when digging into it i found that sometimes windows saw the usb network adapter as a storage device . hp recommended using their hp branded usb c network adapters which i believe are just re branded realtek adapters. our issue went away     after having our build team switch entirely to using the hp usb c adapters for the newer elitebook s zbook s. now with the hp branded usb c network adapters i found that with my hp zbook firefly g  the network connection kept dropping at      minute intervals with windows   . ended up having to source a newer driver directly from realtek to fix the issue since the latest driver from hp still had the issue. only sharing this in case this is the next issue you run into.,155,2.0,,sysadmin,1
exuww6t,cuh927,,,Tymanthius,2019-08-23 19:42:37,1566589357.0,2019,8,2019-08,"> I tend to raise my level of salt when i speak to people who don't know what they're talking about, 

And then this:

> I have tact, and use it,

Definitely a Marine.  ;)

In all seriousness, you probably do need to take a course on business communications. My sister did (she's just a bitch, not a marine) and it helped her loads in the work force.

Know your audience, and speak to them the way they will hear you.",i tend to raise my level of salt when i speak to people who don t know what they re talking about and then this: i have tact and use it definitely a marine. in all seriousness you probably do need to take a course on business communications. my sister did and it helped her loads in the work force. know your audience and speak to them the way they will hear you.,73,4.0,,sysadmin,1
e3yfjx4,967zwt,,,I_Chose_A_User_Name,2018-08-10 15:59:15,1533916755.0,2018,8,2018-08,You should have said that to him. In a polite way.,you should have said that to him. in a polite way.,11,3.0,,sysadmin,1
el115go,bdvb2s,,,pdp10,2019-04-16 16:08:18,1555430898.0,2019,4,2019-04,"> I think it was a 111 Authentication issue

Probably [not a good choice of error code](https://en.wikipedia.org/wiki/List_of_HTTP_status_codes#1xx_Informational_response).

Regardless of the terminology used (""Internet""), this user clearly relates to computer connectivity and workflow through a very specific portal. I was quite startled when I first encountered users who relate to their files through the ""open"" dialogs and default-locations in their GUI apps, but in retrospect it makes a certain kind of sense. That's the minimal user surface they've needed to know in order to function, and they've never been systematically taught otherwise.

Overall, we've done a very poor job of educating users, and always have. Years ago, we'd just plop a shiny beige machine on the desk and take away the dingy beige terminal and then the users would spent a few hours figuring out how to double-click. They'd find out that it was literally three times more complicated to perform their workflows with the new system, and dramatically slower as well, but nobody cared and nobody taught them anything. Then we wonder why they've learned everything they know about computers by asking their colleague sitting near them.

> ""Well I've always done it this way. I don't use those links.""

Abstractions can make things simpler for users, but they can also make things a bit more complex.",i think it was a     authentication issue probably not a good choice of error code this user clearly relates to computer connectivity and workflow through a very specific portal. i was quite startled when i first encountered users who relate to their files through the open dialogs and default locations in their gui apps but in retrospect it makes a certain kind of sense. that s the minimal user surface they ve needed to know in order to function and they ve never been systematically taught otherwise. overall we ve done a very poor job of educating users and always have. years ago we d just plop a shiny beige machine on the desk and take away the dingy beige terminal and then the users would spent a few hours figuring out how to double click. they d find out that it was literally three times more complicated to perform their workflows with the new system and dramatically slower as well but nobody cared and nobody taught them anything. then we wonder why they ve learned everything they know about computers by asking their colleague sitting near them. well i ve always done it this way. i don t use those links. abstractions can make things simpler for users but they can also make things a bit more complex.,219,35.0,,sysadmin,1
jcb6p75,11rzq2a,,,bellyhopnflop,2023-03-15 16:17:46,1678897066.0,2023,3,2023-03,"I have ADHD and yes, this is a boundary issue. If not managed you are training yourself to have a short attention span. Just like building muscle, the more your practice mindfulness or focusing on something for a period of time (20min) you will strengthen it. 

The common struggle is having users/issues pull you from your task at hand. If this is the cause find the root cause, maybe having a MSP offload some of your duties.",i have adhd and yes this is a boundary issue. if not managed you are training yourself to have a short attention span. just like building muscle the more your practice mindfulness or focusing on something for a period of time you will strengthen it. the common struggle is having users issues pull you from your task at hand. if this is the cause find the root cause maybe having a msp offload some of your duties.,77,18.0,,sysadmin,1
jjxn551,13fyqt6,,,Sasataf12,2023-05-12 23:12:55,1683933175.0,2023,5,2023-05,100 employees for ~200 students?!? Sounds like they can definitely afford more IT staff.,    employees for     students sounds like they can definitely afford more it staff.,12,9.0,,sysadmin,1
jrsai3p,14y7vmn,,,vicelore,2023-07-13 10:22:57,1689243777.0,2023,7,2023-07,Find printerless solutions and push for education with your users. I haven't used one in years.,find printerless solutions and push for education with your users. i haven t used one in years.,17,1.0,,sysadmin,1
j1tgs4c,zw85ei,,,QF17,2022-12-27 06:51:11,1672123871.0,2022,12,2022-12,">They did this before when someone at Apple got the smart idea to haveeverything Copy & Paste secretly goto iCloud for device sharing/adtargeting and caused passwords to be exposed.

Ahh, isn't this the (very convenient) Universal clipboard? I love being able to copy something on my iPad and paste it on my Mac.

And if you're doing passwords properly (using a decent password manager), Apple has clipboard API's which lets you prevent your password from jumping across devices",they did this before when someone at apple got the smart idea to haveeverything copy paste secretly goto icloud for device sharing adtargeting and caused passwords to be exposed. ahh isn t this the universal clipboard i love being able to copy something on my ipad and paste it on my mac. and if you re doing passwords properly apple has clipboard api s which lets you prevent your password from jumping across devices,74,1.0,,sysadmin,1
e038lek,8ofxkz,,,thaddeussmith,2018-06-04 13:03:39,1528117419.0,2018,6,2018-06,"Get a BBQ for the office and convince your boss to hand over some cash once a month that so you can buy some groceries and beer and then proceed to spend most of the morning cooking for your coworkers, then the afternoon cleaning up after them. You get to kill a day serving them (gasp, you become a lowly chef and janitor) and as a result you spread some cheer, everyone starts to appreciate you, and maybe office morale goes up. And all this because you didn't allow yourself to hide away in your ivory tower bitching about entitlements.",get a bbq for the office and convince your boss to hand over some cash once a month that so you can buy some groceries and beer and then proceed to spend most of the morning cooking for your coworkers then the afternoon cleaning up after them. you get to kill a day serving them and as a result you spread some cheer everyone starts to appreciate you and maybe office morale goes up. and all this because you didn t allow yourself to hide away in your ivory tower bitching about entitlements.,93,6.0,,sysadmin,1
ju44agr,15dn13d,,,carl3456,2023-07-30 20:07:25,1690747645.0,2023,7,2023-07,"“We don’t monitor anything, no RMM … aren’t Microsoft partners” 
I hate to break the news to you, but you don’t work for an MSP.",we don t monitor anything no rmm aren t microsoft partners i hate to break the news to you but you don t work for an msp.,27,6.0,,sysadmin,1
jiw7lqi,137rgc6,,,caponate,2023-05-04 23:03:25,1683241405.0,2023,5,2023-05,"Everyone shit talks on prem, but we use barracuda cloud, and exchange 2019. Don’t have these bullshit problems that make the c-levels rage.

People in this thread clearly haven’t had some exec breathing down their neck saying “just fix it” when they miss an email causing lost revenue.

I have had so many issues like this with clients.",everyone shit talks on prem but we use barracuda cloud and exchange     . don t have these bullshit problems that make the c levels rage. people in this thread clearly haven t had some exec breathing down their neck saying just fix it when they miss an email causing lost revenue. i have had so many issues like this with clients.,61,3.0,,sysadmin,1
h3fauxs,o9srxd,,,steveinbuffalo,2021-06-29 10:26:30,1624962390.0,2021,6,2021-06,they'd drop you on your ass in a cold minute.. move on.,they d drop you on your ass in a cold minute.. move on.,13,2.0,,sysadmin,1
mu94e8q,1kvfdsa,,,Vesalii,2025-05-25 23:13:49,1748214829.0,2025,5,2025-05,"On your own it'll take YEARS to get to ISO standards. I don't k ow if there's such a thing as an ISO27001 road map but I'd ook into it. Take little steps at a time and don't forget change management. Explain to users that a change is coming, what it is and why is half the battle. Also don't forget that YOU are in charge in terms of IT.",on your own it ll take years to get to iso standards. i don t k ow if there s such a thing as an iso      road map but i d ook into it. take little steps at a time and don t forget change management. explain to users that a change is coming what it is and why is half the battle. also don t forget that you are in charge in terms of it.,76,1.0,,sysadmin,1
jyiogf4,166aykk,,,iwoketoanightmare,2023-08-31 13:39:59,1693489199.0,2023,8,2023-08,"I don’t discount your feelings because you came into the industry at such a shitty time. Been doing this since 2001 and have burned out several times to where I need to take up to a year off work each time. I’ve developed chronic stress related autoimmune health issues that just compound the problem.

I had a mental break some weeks ago due to understaffing, overwork, and a host of other personal problems going on all at once.. I finally got all my leave paperwork submitted just yesterday and am taking my 3 mos of FMLA/StD to see if I can bounce back this time around too..   it’s getting harder and harder especially now that I’m in my 40s.  Fortunately I saved most of my money so retirement is ~5yrs off give or take.

I honestly wouldn’t mind just finding a chill thing to do.. like crop dusting.. 😆 airplanes are still fun.

Get out while you still can if it’s what you feel now!",i don t discount your feelings because you came into the industry at such a shitty time. been doing this since      and have burned out several times to where i need to take up to a year off work each time. i ve developed chronic stress related autoimmune health issues that just compound the problem. i had a mental break some weeks ago due to understaffing overwork and a host of other personal problems going on all at once.. i finally got all my leave paperwork submitted just yesterday and am taking my   mos of fmla std to see if i can bounce back this time around too.. it s getting harder and harder especially now that i m in my   s. fortunately i saved most of my money so retirement is  yrs off give or take. i honestly wouldn t mind just finding a chill thing to do.. like crop dusting.. airplanes are still fun. get out while you still can if it s what you feel now,169,5.0,,sysadmin,1
h1xh88w,o0nxkn,,,dan19b83,2021-06-16 03:39:29,1623814769.0,2021,6,2021-06,"I had the same situation with GoDaddy a few months ago. They said it would need to be deleted/cancelled and then purchase again, losing any current subscription. I decided to bight the bullet and deal with the consequences. To my amazement, the guy was wrong! When the purchase was cancelled and refunded, the current subscription was still valid. I’m not sure if this will be the same for you but you may get lucky.",i had the same situation with godaddy a few months ago. they said it would need to be deleted cancelled and then purchase again losing any current subscription. i decided to bight the bullet and deal with the consequences. to my amazement the guy was wrong when the purchase was cancelled and refunded the current subscription was still valid. i m not sure if this will be the same for you but you may get lucky.,76,1.0,,sysadmin,1
fk00r0z,ffmwop,,,redlotusaustin,2020-03-09 06:49:10,1583736550.0,2020,3,2020-03,"I'd advise talking to a local labor attorney, since this is probably a legal question. The laws might be different in Australia but in the US I believe you would be considered ""engaged to wait"", which would require you being compensated for those hours: https://blog.paymaster.com/waiting-to-be-engaged-or-engaged-to-wait/

If you're required to return phone calls in 10 minutes or be on site within a certain amount of time, then you are effectively prohibited from using that time for your own purposes. You should also be getting paid for any time that you are actually working, either on the phone or on-site.

Definitely talk to an attorney, since you may be entitled to back-pay.",i d advise talking to a local labor attorney since this is probably a legal question. the laws might be different in australia but in the us i believe you would be considered engaged to wait which would require you being compensated for those hours: url if you re required to return phone calls in    minutes or be on site within a certain amount of time then you are effectively prohibited from using that time for your own purposes. you should also be getting paid for any time that you are actually working either on the phone or on site. definitely talk to an attorney since you may be entitled to back pay.,113,5.0,,sysadmin,1
ephvu6r,butdey,,,pdp10,2019-05-30 15:54:43,1559231683.0,2019,5,2019-05,"> I really thrive on interruptions.

> My manager really has me pegged as an architect.

Thriving on interrupt-driven process tends to mean a short attention span and high competence at the individual tasks. If the work was pushing the envelope of your skill, you wouldn't be able to do it so fast, and so happily, without obvious fatigue.

> I've asked multiple times for him to hire more help but we don't have the budget apparently. I don't know how budgets work.

Very few things in normal business are complicated. Even if we account for the management of cash-flow, the operative principle here is saying ""no"" in a formalized way. Or at least avoiding making any promises. You know exactly how this works.

I've seen your challenge many times. *Virtually everyone* has trouble mixing interrupt-driven work with focus work. The only question is how they should cope, and how much mixed workload anyone should be asked to bear.

In the long term, the answer is shifting the reactive work to proactive, by preventing those interrupts from ever happening in the first place. This is somewhat controversial, but it shouldn't be.

I focus best when nobody is around. A very good classic method is for your team to have a dedicated ""interrupt servicer"" who will do reactive work for at least a day, and not be responsible in any way for project work (though they may manage to accomplish it as a bonus). Interrupts will be prevented from reaching anyone who's not servicing interrupts, unless it's a literal declared emergency.",i really thrive on interruptions. my manager really has me pegged as an architect. thriving on interrupt driven process tends to mean a short attention span and high competence at the individual tasks. if the work was pushing the envelope of your skill you wouldn t be able to do it so fast and so happily without obvious fatigue. i ve asked multiple times for him to hire more help but we don t have the budget apparently. i don t know how budgets work. very few things in normal business are complicated. even if we account for the management of cash flow the operative principle here is saying no in a formalized way. or at least avoiding making any promises. you know exactly how this works. i ve seen your challenge many times. virtually everyone has trouble mixing interrupt driven work with focus work. the only question is how they should cope and how much mixed workload anyone should be asked to bear. in the long term the answer is shifting the reactive work to proactive by preventing those interrupts from ever happening in the first place. this is somewhat controversial but it shouldn t be. i focus best when nobody is around. a very good classic method is for your team to have a dedicated interrupt servicer who will do reactive work for at least a day and not be responsible in any way for project work . interrupts will be prevented from reaching anyone who s not servicing interrupts unless it s a literal declared emergency.,259,8.0,,sysadmin,1
gomzoal,lrkqw6,,,PrettyFlyForITguy,2021-02-24 22:52:46,1614207166.0,2021,2,2021-02,"Google voice is a good barrier between you and your actual cell phone number.  You can set up rules about times, make exceptions for certain contact groups.  I use it for my office, so they don't have a direct method of contact.  

VOIP.ms has a pretty cheap service for SIP trunks.  You could always use an asterisk based system (e.g. freepbx), either in the cloud or local to host the calls.  Its very low resources.  

There are also of course a ton of hosted voice solutions.. but you may be dealing with a few hundred a year, when the other choices are considerably less expensive.",google voice is a good barrier between you and your actual cell phone number. you can set up rules about times make exceptions for certain contact groups. i use it for my office so they don t have a direct method of contact. voip.ms has a pretty cheap service for sip trunks. you could always use an asterisk based system either in the cloud or local to host the calls. its very low resources. there are also of course a ton of hosted voice solutions.. but you may be dealing with a few hundred a year when the other choices are considerably less expensive.,104,2.0,,sysadmin,1
hz87ma8,t60r60,,,Young-G0ku,2022-03-03 20:23:26,1646339006.0,2022,3,2022-03,"Get the comp tia A+
Should easily be able to land a helpdesk job with that cert and it’s off from there.",get the comp tia a should easily be able to land a helpdesk job with that cert and it s off from there.,23,6.0,,sysadmin,1
lbp80c9,1bim98z,,,grimegroup,2024-07-05 04:45:48,1720154748.0,2024,7,2024-07,"It really is a headache to use and admin in so many ways. 

I've given my best efforts to build a respectable knowledge base, organize workflows and automations, and if each feature doesn't fight my natural expectation, the poor navigability of it all leads me to be ready to clock out early.",it really is a headache to use and admin in so many ways. i ve given my best efforts to build a respectable knowledge base organize workflows and automations and if each feature doesn t fight my natural expectation the poor navigability of it all leads me to be ready to clock out early.,54,1.0,,sysadmin,1
e1q116k,8vq7yg,,,ArmandoMcgee,2018-07-03 15:40:32,1530632432.0,2018,7,2018-07,"I was in my current job for about 17 years.  Took a new one, lasted 3 days before I called my old boss and said if they hadn't opened my job yet that I'd be willing to come back.  And they gave me an extra 10k/year for coming back.  I've now been here 21 years (minus 3 days)",i was in my current job for about    years. took a new one lasted   days before i called my old boss and said if they hadn t opened my job yet that i d be willing to come back. and they gave me an extra   k year for coming back. i ve now been here    years,56,26.0,,sysadmin,1
j79zsru,10t9z0u,,,that_dapper_llama,2023-02-05 05:31:23,1675575083.0,2023,2,2023-02,"I try to. I work for a company in the realm of financial services and my degree is in Finance so I have a better understanding than most around what the business is trying to accomplish however its a highly complex field that even those in the field for their entire career can’t get their heads wrapped around all the weird things that people do. 

I think that having a good understanding of the business is crucial and makes you a better employee as you are able to understand how the systems interact with the business and what you can do to empower employees to have their jobs be easier and more efficient.",i try to. i work for a company in the realm of financial services and my degree is in finance so i have a better understanding than most around what the business is trying to accomplish however its a highly complex field that even those in the field for their entire career can t get their heads wrapped around all the weird things that people do. i think that having a good understanding of the business is crucial and makes you a better employee as you are able to understand how the systems interact with the business and what you can do to empower employees to have their jobs be easier and more efficient.,114,1.0,,sysadmin,1
lpqv6xn,1ft0fx7,,,Hopeful_Day782,2024-10-01 01:34:00,1727746440.0,2024,10,2024-10,Almost every major security flaw existed for years before being discovered. Deep breath. There are hundreds or even thousands of exploitable mechanisms in the software we use right now. Holes being found and patched are the usual process. It isn't typical to assume an incident response is needed until you can prove a breach rather than a hole.,almost every major security flaw existed for years before being discovered. deep breath. there are hundreds or even thousands of exploitable mechanisms in the software we use right now. holes being found and patched are the usual process. it isn t typical to assume an incident response is needed until you can prove a breach rather than a hole.,59,1.0,,sysadmin,1
fpgqt6h,gdc51s,,,MaximumProc,2020-05-04 15:57:07,1588607827.0,2020,5,2020-05,"On the plus side they need you back and you can negotiate good terms for employment, even if they know you can't walk away you can bring them half way.",on the plus side they need you back and you can negotiate good terms for employment even if they know you can t walk away you can bring them half way.,31,1.0,,sysadmin,1
ohjq3ji,1sl3yy7,,,Alarming-Road-9967,2026-04-22 00:56:28,1776819388.0,2026,4,2026-04,"been in the same boat mate. ended up on inv͏gate and haven't looked back.

ticks everything on your list — itsm, asset management that actually links to tickets, self service portal people genuinely use, decent reporting, knowledge base. cloud by default but on-prem exists if you need it.

no consultant hostage situation either. their team helped us set up without it feeling like a money grab every five minutes.

8 months is plenty to run a pilot. just re͏ach out to them, they're pretty straightforward about what it does and doesn't do.",been in the same boat mate. ended up on inv gate and haven t looked back. ticks everything on your list itsm asset management that actually links to tickets self service portal people genuinely use decent reporting knowledge base. cloud by default but on prem exists if you need it. no consultant hostage situation either. their team helped us set up without it feeling like a money grab every five minutes.   months is plenty to run a pilot. just re ach out to them they re pretty straightforward about what it does and doesn t do.,96,1.0,,sysadmin,1
o3n9hsj,1qw8fyq,,,F0rkbombz,2026-02-05 02:19:13,1770257953.0,2026,2,2026-02,"Y’all seem all kinds of ate up at that place. She’s wrong, but you are too. 

Don’t. Share. Accounts. Full stop.",y all seem all kinds of ate up at that place. she s wrong but you are too. don t. share. accounts. full stop.,24,138.0,,sysadmin,1
ghsfvea,kojudy,,,Twisted_Schwartz_,2021-01-02 02:58:18,1609556298.0,2021,1,2021-01,"Translation: We had shit security for our clients who paid us for security, and crap ass backups, someone showed us up, and now I'm on reddit complaining about my incompetence.

If these people can do this to you, it's not because they can't do their job, but because you can't do yours.",translation: we had shit security for our clients who paid us for security and crap ass backups someone showed us up and now i m on reddit complaining about my incompetence. if these people can do this to you it s not because they can t do their job but because you can t do yours.,56,8.0,,sysadmin,1
n39jqwx,1m0gbex,,,VERI_TAS,2025-07-15 14:15:37,1752588937.0,2025,7,2025-07,"A couple hundred physical servers sounds insane to me. I mean the electricity costs alone.

Like others have said, start with the money, that's what most higher-ups respond to. Converting those servers to virtual servers and running them on SIGNIFICANTLY less hardware would heavily cut costs.

I'm not sure what kind of compute power these servers need but I'm willing to bet you could cut the physical servers down in half, likely much more than that.

As for a path forward, I would start small then build off of that. Set up a VM host with some kind of shared storage and start putting any new servers on that host then work off of that. You could also PtoV some lesser used servers.   
  
You could likely start with a NAS at first then move to a SAN(much more expensive) later. Then add new VM hosts as you need them and decommission older physical hosts. Eventually you'll reduce your hardware costs significantly.

That said, this approach will take years(possibly more than a decade) to get to a point where all servers are virtual especially with the ""hundreds"" of servers you have.

One extra note, if you can swing it, I'd steer clear of open-source software. Especially if this kind of setup is new to you. You're more likely to get support or even 3rd-party assistance if you have something like Hyper-V set up. I know you're trying to keep costs down but I think you'll have plenty of money cleared up in the budget eventually if you start going virtual. When you go Open-source you're kind of on your own. Leverage support, leverage 3rd-parties.

Sorry, one more thing(I keeping thinking of more things to mention) try getting a consultant in to review the setup. It helps for management to see that someone, outside the company, also agrees with you that something needs to change. And I can almost guarantee you that any consultant coming into a situation like this will suggest virtualization and more than likely will suggest vmware/hyper-v.",a couple hundred physical servers sounds insane to me. i mean the electricity costs alone. like others have said start with the money that s what most higher ups respond to. converting those servers to virtual servers and running them on significantly less hardware would heavily cut costs. i m not sure what kind of compute power these servers need but i m willing to bet you could cut the physical servers down in half likely much more than that. as for a path forward i would start small then build off of that. set up a vm host with some kind of shared storage and start putting any new servers on that host then work off of that. you could also ptov some lesser used servers. you could likely start with a nas at first then move to a san later. then add new vm hosts as you need them and decommission older physical hosts. eventually you ll reduce your hardware costs significantly. that said this approach will take years to get to a point where all servers are virtual especially with the hundreds of servers you have. one extra note if you can swing it i d steer clear of open source software. especially if this kind of setup is new to you. you re more likely to get support or even  rd party assistance if you have something like hyper v set up. i know you re trying to keep costs down but i think you ll have plenty of money cleared up in the budget eventually if you start going virtual. when you go open source you re kind of on your own. leverage support leverage  rd parties. sorry one more thing try getting a consultant in to review the setup. it helps for management to see that someone outside the company also agrees with you that something needs to change. and i can almost guarantee you that any consultant coming into a situation like this will suggest virtualization and more than likely will suggest vmware hyper v.,342,2.0,,sysadmin,1
ljxix87,1f14pto,,,Sasataf12,2024-08-25 23:04:37,1724627077.0,2024,8,2024-08,">I'm more than willing to provide detailed information about what I do to make this happen


Why don't you use that as a starting point for your resume?",i m more than willing to provide detailed information about what i do to make this happen why don t you use that as a starting point for your resume,30,1.0,,sysadmin,1
eao2arg,a14kod,,,nineteen999,2018-11-28 21:12:11,1543439531.0,2018,11,2018-11,Join the queue? Nearly every place I have worked at in my entire career is like that. ,join the queue nearly every place i have worked at in my entire career is like that.,17,1.0,,sysadmin,1
fobp4fk,g6ow3f,,,uptimefordays,2020-04-23 17:15:37,1587662137.0,2020,4,2020-04,"So I'd setup printer VLANs for both offices still, but definitely use DHCP reservations rather than setting static addresses on the printers. The only manual work you or your folks should be doing on printers is setting a hostname on them so techs can ping them without looking at DHCP first. Deploying with GPO also makes managing printers much easier. Papercut is not a bad product, nor is PrintLogic, Windows Print Server works just fine as well. Manually setting up printers on each computer is no bueno.",so i d setup printer vlans for both offices still but definitely use dhcp reservations rather than setting static addresses on the printers. the only manual work you or your folks should be doing on printers is setting a hostname on them so techs can ping them without looking at dhcp first. deploying with gpo also makes managing printers much easier. papercut is not a bad product nor is printlogic windows print server works just fine as well. manually setting up printers on each computer is no bueno.,88,1.0,,sysadmin,1
m2ifrdo,1hgdw3q,,,Familiar_Box7032,2024-12-17 16:11:47,1734451907.0,2024,12,2024-12,"We have had Microsoft Hyper-V running critical servers for over 10 years with next to no issues.

This whole rant reeks of incompetence at your business rather than Microsoft being the cause of your issues.

A poor workman always blames his tools.",we have had microsoft hyper v running critical servers for over    years with next to no issues. this whole rant reeks of incompetence at your business rather than microsoft being the cause of your issues. a poor workman always blames his tools.,42,34.0,,sysadmin,1
it0xhr2,y82tis,,,guydogg,2022-10-20 03:10:47,1666235447.0,2022,10,2022-10,"I'd leave due to your boss being a weirdo.  I wouldn't leave because there's a lack of ticketing system.  These two things sound like they may go hand in hand, though.",i d leave due to your boss being a weirdo. i wouldn t leave because there s a lack of ticketing system. these two things sound like they may go hand in hand though.,34,1.0,,sysadmin,1
e8gdqe1,9rdztk,,,Eat_the_Path,2018-10-25 22:41:54,1540507314.0,2018,10,2018-10,"Don't worry, I manage remote offices where the building management announce a power cut on Sunday and then do it on Saturday or sometimes just do it with no warning at all and nothing has died yet! ",don t worry i manage remote offices where the building management announce a power cut on sunday and then do it on saturday or sometimes just do it with no warning at all and nothing has died yet,38,2.0,,sysadmin,1
meg5vlu,1ivvnwi,,,davidm2232,2025-02-24 02:00:24,1740362424.0,2025,2,2025-02,I left IT a few years ago when it seemed the only paths now are to specialize. Everything is getting too complicated and changing too much. I very much miss the windows xp days.,i left it a few years ago when it seemed the only paths now are to specialize. everything is getting too complicated and changing too much. i very much miss the windows xp days.,34,1.0,,sysadmin,1
l632u5h,1d2up5u,,,JMMD7,2024-05-28 21:41:11,1716932471.0,2024,5,2024-05,"Do any of you work with coworkers who are a bit too perfectionist?

Nope, I work with someone who has zero attention to detail and makes tons of mistakes. I would love someone to be close to a perfectionist. No one is perfect but I'd love for someone who actually put in some effort.",do any of you work with coworkers who are a bit too perfectionist nope i work with someone who has zero attention to detail and makes tons of mistakes. i would love someone to be close to a perfectionist. no one is perfect but i d love for someone who actually put in some effort.,55,19.0,,sysadmin,1
m5psnm8,1hv0sqx,,,OkBaconBurger,2025-01-06 16:22:37,1736180557.0,2025,1,2025-01,I had/have mental health issues too and I can’t stress how important it is to go get help. I’m on an SSRI now and doing much better. Sure bad days happen but it gets me out of my head so I can deal better.,i had have mental health issues too and i can t stress how important it is to go get help. i m on an ssri now and doing much better. sure bad days happen but it gets me out of my head so i can deal better.,47,1.0,,sysadmin,1
jcbxpht,11rzq2a,,,Zarochi,2023-03-15 19:03:30,1678907010.0,2023,3,2023-03,"You need another employee. Either part time or full time. Whatever. Just somebody to take the dumb ""my mouse isn't work"" type tasks off your plate, so you can focus on things that matter.",you need another employee. either part time or full time. whatever. just somebody to take the dumb my mouse isn t work type tasks off your plate so you can focus on things that matter.,35,4.0,,sysadmin,1
oc2j59u,1s1p2xm,,,NHGuy,2026-03-23 19:10:04,1774293004.0,2026,3,2026-03,"WRT to a big push for startup(y) companies to mandate the use of AI...it smells just like ""offshore"" did in the mid-2000s when every business plan had to have an offshore plan, and existing companies were creating one if they didn't already have one",wrt to a big push for startup companies to mandate the use of ai...it smells just like offshore did in the mid     s when every business plan had to have an offshore plan and existing companies were creating one if they didn t already have one,46,2.0,,sysadmin,2
mlya3ma,1jtse8z,,,ps030365,2025-04-08 00:01:02,1744070462.0,2025,4,2025-04,"Sounds like if they cut you loose, they are doing you a favor. Been there.",sounds like if they cut you loose they are doing you a favor. been there.,15,68.0,,sysadmin,2
hb1gbiv,peqzo6,,,[deleted],2021-08-31 10:18:26,1630405106.0,2021,8,2021-08,"It comes and goes with us.  We will have a quiet period for month then boom, it's off the charts busy again. I have been pushing hard for quiet times so projects aren't all dropped at the same time. Plus making sure stakeholders are actively involved - none of this ""We want this, figure it out"" crap.

I cut out a lot of meetings. One of my site has meetings all day. Some groups meet for an hour daily. I was to go to many but I told them only invite me when you need to hear from IT, then put me up early so I can leave once my part is done. Nothing worse than sitting in a 3 hour snorefest discussing the same crap you talked about yesterday and your contribution is a quick round robin at the end.",it comes and goes with us. we will have a quiet period for month then boom it s off the charts busy again. i have been pushing hard for quiet times so projects aren t all dropped at the same time. plus making sure stakeholders are actively involved   none of this we want this figure it out crap. i cut out a lot of meetings. one of my site has meetings all day. some groups meet for an hour daily. i was to go to many but i told them only invite me when you need to hear from it then put me up early so i can leave once my part is done. nothing worse than sitting in a   hour snorefest discussing the same crap you talked about yesterday and your contribution is a quick round robin at the end.,141,1.0,,sysadmin,2
g2ilnys,ielzod,,,j0hnnyrico,2020-08-22 20:39:14,1598128754.0,2020,8,2020-08,"Essentially in this field ""there are bad days and there are ... Legendary bad days"" (Riddick). Some very good points said by people before me and I only want to add this: the statement that you wouldn't support that person anytime soon is not the answer. Behave professionally even if you hate it. That says a lot about you. In the end of the day you're looking at yourself in the mirror. Don't go down that path because it fueles itself and is harmful first to you. In the long run it will be detrimental to your career. GL HF!",essentially in this field there are bad days and there are ... legendary bad days . some very good points said by people before me and i only want to add this: the statement that you wouldn t support that person anytime soon is not the answer. behave professionally even if you hate it. that says a lot about you. in the end of the day you re looking at yourself in the mirror. don t go down that path because it fueles itself and is harmful first to you. in the long run it will be detrimental to your career. gl hf,103,5.0,,sysadmin,2
e64viw6,9gjlvq,,,tnoe509,2018-09-17 15:04:02,1537196642.0,2018,9,2018-09,"Just curious - have you thought of taking a short-term leave of absence?  Maybe instead of quitting outright (unless you really don't like your job), take a 90-day sabbatical and explore other interests?  LOA's are common at my job as we have a lot of seasonal workers, so nobody really bats an eye about it unless it's during peak season or in the middle of some large project.  Might be an alternative to adding the stress of a career change?",just curious   have you thought of taking a short term leave of absence maybe instead of quitting outright take a    day sabbatical and explore other interests loa s are common at my job as we have a lot of seasonal workers so nobody really bats an eye about it unless it s during peak season or in the middle of some large project. might be an alternative to adding the stress of a career change,75,3.0,,sysadmin,2
j6nc79i,10pvhdo,,,ukulele87,2023-01-31 15:39:02,1675179542.0,2023,1,2023-01,"What ticketing system do you use?  
If its outside your scope you should reassign the ticket to him so its clear the issue is waiting action on his part, users should be able to see it and the sysadmin can have better visibility of his pending tasks.  
Speak with your manager about implementing a similar process and i think most of your headaches would be gone.",what ticketing system do you use if its outside your scope you should reassign the ticket to him so its clear the issue is waiting action on his part users should be able to see it and the sysadmin can have better visibility of his pending tasks. speak with your manager about implementing a similar process and i think most of your headaches would be gone.,66,1.0,,sysadmin,2
oc1eeyz,1rs55je,,,Sufficient-Power-293,2026-03-23 16:02:45,1774281765.0,2026,3,2026-03,"Oof, that sounds rough, especially with the budget already approved.  Last year at my old job, we ran into similar issues with shipping hardware internationally.  We ended up partnering with a local vendor in the target country to source and configure the machines there.  It cut down on a ton of the shipping headaches and duties, even if the per-unit cost was a little higher initially.  Might be worth looking into if you have a significant international presence.",oof that sounds rough especially with the budget already approved. last year at my old job we ran into similar issues with shipping hardware internationally. we ended up partnering with a local vendor in the target country to source and configure the machines there. it cut down on a ton of the shipping headaches and duties even if the per unit cost was a little higher initially. might be worth looking into if you have a significant international presence.,79,1.0,,sysadmin,2
k5fmxmr,17aryqr,,,burman84,2023-10-18 18:04:16,1697652256.0,2023,10,2023-10,I feel your pain going through the same thing. Manage a small team as part of the spoke of the hub and it took 3 weeks for the Ad team to create  a svc account for me. I can't complain it's a great company but fuck me processes and procedures in big gigs are slowing me right down!!,i feel your pain going through the same thing. manage a small team as part of the spoke of the hub and it took   weeks for the ad team to create a svc account for me. i can t complain it s a great company but fuck me processes and procedures in big gigs are slowing me right down,59,2.0,,sysadmin,2
kitdtga,19bpvfk,,,_BoNgRiPPeR_420,2024-01-21 00:15:03,1705796103.0,2024,1,2024-01,"Possibility and likelihood are two different things. Someone needs to speak up and set proper expectations, whether that's you or your boss.",possibility and likelihood are two different things. someone needs to speak up and set proper expectations whether that s you or your boss.,23,216.0,,sysadmin,2
ki1nfro,197n461,,,Gravybees,2024-01-15 23:53:15,1705362795.0,2024,1,2024-01,"It was a bit too much to read, so I didn’t.  Dude if you’re unhappy just leave.",it was a bit too much to read so i didn t. dude if you re unhappy just leave.,19,14.0,,sysadmin,2
k5jq61e,17bjrew,,,Hotshot55,2023-10-19 14:11:03,1697724663.0,2023,10,2023-10,It sounds like you need a better plan for completing the exam. Are you rebooting throughout to verify the system will come back online with everything set correctly?,it sounds like you need a better plan for completing the exam. are you rebooting throughout to verify the system will come back online with everything set correctly,28,17.0,,sysadmin,2
mbl9zip,1ijv2n0,,,coalsack,2025-02-08 02:13:15,1738980795.0,2025,2,2025-02,"16. If you are user facing, you are not a sysadmin. You are level 2 help desk.",  . if you are user facing you are not a sysadmin. you are level   help desk.,16,0.0,,sysadmin,2
dw3oqyy,86ba6y,,,t3hwUn,2018-03-22 13:06:54,1521724014.0,2018,3,2018-03,"Are you being treated for your depression? Please see a doctor if not. Treat the problem not the ancillary symptoms.

Like any good admin, troubleshoot effectively ;)",are you being treated for your depression please see a doctor if not. treat the problem not the ancillary symptoms. like any good admin troubleshoot effectively,26,5.0,,sysadmin,2
ncbiqpd,1n7xtlr,,,Steamwells,2025-09-04 04:32:30,1756960350.0,2025,9,2025-09,"C-levels aren’t meant to waste their time having conversations about why their support request wasn’t picked up immediately. Also, they are meant to be supportive and strong leaders to those further down the chain. In this case the CEO should have just spoken to the CTO and asked for that situation to be investigated. Does West need extra support there? Etc This just sounds like bad leadership.

To all those that have laid on the c-level hate in this post, thats fine, and I am mostly with ya. However, there is one thing to be mentioned: C levels get to where they are because of results. They come in all sorts, but the reason they’re in those positions is get results for the business.",c levels aren t meant to waste their time having conversations about why their support request wasn t picked up immediately. also they are meant to be supportive and strong leaders to those further down the chain. in this case the ceo should have just spoken to the cto and asked for that situation to be investigated. does west need extra support there etc this just sounds like bad leadership. to all those that have laid on the c level hate in this post thats fine and i am mostly with ya. however there is one thing to be mentioned: c levels get to where they are because of results. they come in all sorts but the reason they re in those positions is get results for the business.,129,2.0,,sysadmin,2
itt4yoq,ydc8wy,,,onequestion1168,2022-10-26 02:45:31,1666752331.0,2022,10,2022-10,you need to be an architect for every IT job now the industry is crazy just keep grinding away,you need to be an architect for every it job now the industry is crazy just keep grinding away,19,2.0,,sysadmin,2
ewyc0aq,cqmczg,,,darcon12,2019-08-15 14:14:11,1565878451.0,2019,8,2019-08,"> I guess people read ""Core i3 or Core i5"" and thinks that's good but 2nd generation, seriously? 

I put cheap Sandisk SSD's in about 10 1st gen i5's/4gb RAM and it totally transformed those machines.  Our warehouse staff use these machines everyday with no complaints.  I also use one as my GPO test machine.

But yeah, the main reason to move off Win7 is security. Patching is becoming more and more important as time goes.  Do your best to show your clients how an unpatched vulnerability can take down the business, that's all you can do.",i guess people read core i  or core i  and thinks that s good but  nd generation seriously i put cheap sandisk ssd s in about     st gen i  s  gb ram and it totally transformed those machines. our warehouse staff use these machines everyday with no complaints. i also use one as my gpo test machine. but yeah the main reason to move off win  is security. patching is becoming more and more important as time goes. do your best to show your clients how an unpatched vulnerability can take down the business that s all you can do.,100,10.0,,sysadmin,2
ggqrhlv,ki2czf,,,hellbringer82,2020-12-22 23:34:53,1608680093.0,2020,12,2020-12,"When I read the title I was like: yeah updating that shit is always a pain and always courses new issues and make sure you have a recent&tested backup of the machine before you let a ""consultant"" touch it.

But you are talking application management, that is not system administration mate. I make sure the ERP system works, that means: you got a working (web)interface: great. Good luck with that. Any issues inside the ERP with an account, billing, permissions: find someone else.

If you like new stuff and want to be able to support this, get at least a basic and advanced training because that stuff gets complicated fast and if you mess that up, it could cost a lot of money real fast to fix.",when i read the title i was like: yeah updating that shit is always a pain and always courses new issues and make sure you have a recent tested backup of the machine before you let a consultant touch it. but you are talking application management that is not system administration mate. i make sure the erp system works that means: you got a working interface: great. good luck with that. any issues inside the erp with an account billing permissions: find someone else. if you like new stuff and want to be able to support this get at least a basic and advanced training because that stuff gets complicated fast and if you mess that up it could cost a lot of money real fast to fix.,128,1.0,,sysadmin,2
n9gidze,1mu4yjx,,,DaLurker87,2025-08-19 01:59:42,1755568782.0,2025,8,2025-08,IT is a Blackbox for management. All they see is a task on the spreadsheet and not what goes into it.,it is a blackbox for management. all they see is a task on the spreadsheet and not what goes into it.,21,77.0,,sysadmin,2
dui9ob5,7yps2c,,,ZAFJB,2018-02-19 20:28:24,1519072104.0,2018,2,2018-02,"Get over it. You are not the first and won't be the last to encounter an undicumentrd mess.

Reverse engineer and document what you find. Then fix what is broken or misconfigured.

If you can't reverse engineer it, hire someone who can.",get over it. you are not the first and won t be the last to encounter an undicumentrd mess. reverse engineer and document what you find. then fix what is broken or misconfigured. if you can t reverse engineer it hire someone who can.,44,-4.0,,sysadmin,2
ea5jtd0,9yvds7,,,DoughnutOnline,2018-11-21 07:24:17,1542785057.0,2018,11,2018-11,"I just addressed a similar issue this evening. SendAs permissions when utilizing a non-existent email and domain that you have no rights to, causes a real problem.",i just addressed a similar issue this evening. sendas permissions when utilizing a non existent email and domain that you have no rights to causes a real problem.,28,1.0,,sysadmin,2
l20yq5v,1ch8zf9,,,mtmadhatt,2024-05-01 00:59:16,1714525156.0,2024,5,2024-05,Sounds like a bullet dodged… I’ll leave it there,sounds like a bullet dodged i ll leave it there,10,6.0,,sysadmin,2
m2tdsjj,1hhku9a,,,JerryBoBerry38,2024-12-19 12:56:06,1734612966.0,2024,12,2024-12,"Think of it as a good thing. If you have to ask permission to do anything, then any time something goes horribly wrong you have someone else to blame.

My manager approved it. Best talk to him. I'll be making a new pot of coffee...with your permission of course.",think of it as a good thing. if you have to ask permission to do anything then any time something goes horribly wrong you have someone else to blame. my manager approved it. best talk to him. i ll be making a new pot of coffee...with your permission of course.,50,1.0,,sysadmin,2
lmxcrtp,1fftxv3,,,SenTedStevens,2024-09-13 13:34:30,1726234470.0,2024,9,2024-09,"At my current place, it's a losing battle. I've done things to report and streamline certain patches, user stats, and one big one was to apply a new certificate to all web servers. All they needed to do was supply me with the updated certs and the process would copy/import the certificate and re-bound it to the site. We have many, many dozens of servers that need this done every year.

This process I created knocked this out in less than an hour. But the higher ups rather would rather the team hand jam it on all these servers just to be safe. This manual process takes the team most of a day to complete. I at least partially push this out so the cert is added to the cert store and they can manually add it to each site. It still saves a ton of time at least.",at my current place it s a losing battle. i ve done things to report and streamline certain patches user stats and one big one was to apply a new certificate to all web servers. all they needed to do was supply me with the updated certs and the process would copy import the certificate and re bound it to the site. we have many many dozens of servers that need this done every year. this process i created knocked this out in less than an hour. but the higher ups rather would rather the team hand jam it on all these servers just to be safe. this manual process takes the team most of a day to complete. i at least partially push this out so the cert is added to the cert store and they can manually add it to each site. it still saves a ton of time at least.,153,3.0,,sysadmin,2
hmqc5b5,r608qq,,,SotongSG,2021-12-01 00:10:52,1638317452.0,2021,12,2021-12,"It never hurts to be open and look around. Even if you are happy with where you are, going for the odd interesting job interview just to ensure you are not missing any opportunities.",it never hurts to be open and look around. even if you are happy with where you are going for the odd interesting job interview just to ensure you are not missing any opportunities.,34,3.0,,sysadmin,2
kz7p1ma,1c24iv5,,,Odd_Lack_9186,2024-04-12 10:32:57,1712917977.0,2024,4,2024-04,"The lay off was a blessing. You are going to a better position and salary. Embrace the good things that are going to happen in the new company and let go of that one-man-band mindset from previous company.

Also, please don’t answer to requests from previous company. Filter them out for your health.",the lay off was a blessing. you are going to a better position and salary. embrace the good things that are going to happen in the new company and let go of that one man band mindset from previous company. also please don t answer to requests from previous company. filter them out for your health.,56,4.0,,sysadmin,2
h6nv2fk,os9y06,,,speaksoftly_bigstick,2021-07-27 02:35:25,1627353325.0,2021,7,2021-07,"Something I haven't seen specifically mentioned is that this is intentional in a lot of ways.

They aren't oblivious to the plight.

My experience in similar situations (on both sides of the coin) has been that the company wasn't bought for it's talent pool specifically. It was bought for it's MRR value and client-base. If there are really talented people on staff they can assimilate they will.. but the rest of the talent pool is actually weighed and measured as a ""cost sink"" of salaries / benefits to income ratio that can be ""tweaked"" or ""maximized.""

They will ""onboard"" your company and incorporate your systems at a bare minimum. Then they will move their primary staff into a position of assimilating client knowledge and care and eventually either deplete your current helpdesk with layoffs / terminations. Especially in a right to work state.

I've seen this hinted at, but not described yet the way I did above.

If you're not totally enthralled with new company's methods and style, then all your warning signs are potentially there. Have a backup / exit plan if possible.

Just my $.02",something i haven t seen specifically mentioned is that this is intentional in a lot of ways. they aren t oblivious to the plight. my experience in similar situations has been that the company wasn t bought for it s talent pool specifically. it was bought for it s mrr value and client base. if there are really talented people on staff they can assimilate they will.. but the rest of the talent pool is actually weighed and measured as a cost sink of salaries   benefits to income ratio that can be tweaked or maximized. they will onboard your company and incorporate your systems at a bare minimum. then they will move their primary staff into a position of assimilating client knowledge and care and eventually either deplete your current helpdesk with layoffs   terminations. especially in a right to work state. i ve seen this hinted at but not described yet the way i did above. if you re not totally enthralled with new company s methods and style then all your warning signs are potentially there. have a backup   exit plan if possible. just my .  ,187,8.0,,sysadmin,2
eilosko,b1h1tx,,,unix_heretic,2019-03-15 17:27:01,1552670821.0,2019,3,2019-03,"Listen, OP...it gets easier. You're afraid - you feel like you're drowning. That fear will never entirely go away...but you do learn to live with it (and eventually, value it). There are two things that will help you immensely:

* Ask questions. Even if they seem stupid. ""Why"" is a particularly valuable one.

* Look for patterns. Even if you can't tell why a pattern exists in a situation (or how to fix certain patterns), knowing that it's there is valuable.",listen op...it gets easier. you re afraid   you feel like you re drowning. that fear will never entirely go away...but you do learn to live with it . there are two things that will help you immensely: ask questions. even if they seem stupid. why is a particularly valuable one. look for patterns. even if you can t tell why a pattern exists in a situation knowing that it s there is valuable.,73,5.0,,sysadmin,2
nub52uc,1pny175,,,Fit_Prize_3245,2025-12-16 09:54:52,1765878892.0,2025,12,2025-12,"If your problem is specific to Hotmail/Outlook (non-Exchange Online), check the Junk Email Reporting Program:

https://sendersupport.olc.protection.outlook.com/pm/services",if your problem is specific to hotmail outlook check the junk email reporting program: url,15,1.0,,sysadmin,2
krcpaqr,1avsw8r,,,Calabris,2024-02-20 21:23:54,1708464234.0,2024,2,2024-02,Might be IP conflict between old modem and new one.  Is the modem handling DHCP?  Might need to run IPConfig /release and then ipconfig /renew to update the DHCP lease.  Is printer a static IP address?  could me the new modem is using a different private subnet range.,might be ip conflict between old modem and new one. is the modem handling dhcp might need to run ipconfig  release and then ipconfig  renew to update the dhcp lease. is printer a static ip address could me the new modem is using a different private subnet range.,48,2.0,,sysadmin,2
jwrwo4h,15urcim,,,khantroll1,2023-08-18 21:05:06,1692392706.0,2023,8,2023-08,I use RustDesk for side work and Splashtop at work. both are great options,i use rustdesk for side work and splashtop at work. both are great options,14,1.0,,sysadmin,2
j64yy3t,10mo9wt,,,brackybrack,2023-01-27 19:17:18,1674847038.0,2023,1,2023-01,"I feel this story so close to heart!

But I eventually broke and forced them to hire someone to do the low level stuff.",i feel this story so close to heart but i eventually broke and forced them to hire someone to do the low level stuff.,24,2.0,,sysadmin,2
j1rpeqv,zvxo74,,,GhostPantz322,2022-12-26 21:44:03,1672091043.0,2022,12,2022-12,"Well, I'm devops, but have the sysadmin experience, linux more stable, than windows to my mind, for example if you use debian stable branch, you will never break your system, because all of the packages are tested and carefully delivered to repository",well i m devops but have the sysadmin experience linux more stable than windows to my mind for example if you use debian stable branch you will never break your system because all of the packages are tested and carefully delivered to repository,43,7.0,,sysadmin,2
lvi752q,1gk45ul,,,bobs143,2024-11-05 11:20:01,1730805601.0,2024,11,2024-11,"You need to ask, be vocal with your boss and other coworkers. Ask for help and use it as an opportunity to learn. 

I love teaching others what I know. Because that knowledge was passed down to me at some point. But I had to be the catalyst to seek out that knowledge from others. Was it intimidating? Yes it was sometimes. 

But most of my coworkers and managers appreciated that I asked and was taking an active part to be a better teammate.

"" Progress is not achieved by luck or accident, but by working on yourself daily.""  Epictetus",you need to ask be vocal with your boss and other coworkers. ask for help and use it as an opportunity to learn. i love teaching others what i know. because that knowledge was passed down to me at some point. but i had to be the catalyst to seek out that knowledge from others. was it intimidating yes it was sometimes. but most of my coworkers and managers appreciated that i asked and was taking an active part to be a better teammate. progress is not achieved by luck or accident but by working on yourself daily. epictetus,99,7.0,,sysadmin,2
ewi6kca,codk3g,,,Shujolnyc,2019-08-10 12:33:04,1565440384.0,2019,8,2019-08,"I think there were a few things that mitigated the risk at the time of the original offer - (a) your boss said you could it, (b) with that recommendation you would have some air cover, (c) you were already instrumental in successes for the team.


I have witnessed, and have had a hand in, seeing the Peter Principle in play. Being a manager can be drastically different than being an individual contributor and sometimes ppl don’t understand that. Having ppl supporting you helps.",i think there were a few things that mitigated the risk at the time of the original offer   your boss said you could it with that recommendation you would have some air cover you were already instrumental in successes for the team. i have witnessed and have had a hand in seeing the peter principle in play. being a manager can be drastically different than being an individual contributor and sometimes ppl don t understand that. having ppl supporting you helps.,81,1.0,,sysadmin,2
ehxn4nx,ay131k,,,ErikTheEngineer,2019-03-06 18:35:00,1551897300.0,2019,3,2019-03,"> Can anyone relate?

Yes. I miss hardware and the complexity of infrastructure. When you're talking cloud-provider scale, they barely bother with fixing anything...they just let the gear rot until they roll another truckload of identical boxes in and swap that unit out once they hit a critical number of failures in a set of racks. Talk about immutable infrastructure!

One important thing to realize is that (a) not every company is a small startup or mom and pop business whose needs are 100% met by cloud and MDM, and (b) more importantly, not every company is Facebook, Google or Netflix. It's really easy to go to r/DevOps and assume that absolutely every company is releasing software 400 times a day, that they're all abandoning VMs and infrastructure, and have all reduced every IT issue to an It Just Works!^TM API. There are still plenty of environments in the medium-to-large category that aren't wholesale rewriting all their applications or lifting-and-shifting. It's all going to head to a hybrid model eventually for all but the smallest and youngest startups with the simplest needs. But as long as you're keeping up and not sticking your head in the sand, don't think that just because your company isn't implementing YetAnotherMonitoringTool that Netflix released last week means you're woefully behind the curve.

Truthfully, even though it's all locked behind an API, I think companies are still going to need people who understand how things are wired together below that level. The never-ending abstraction tower is maddening though...you have services on top of services on top of frameworks on top of APIs and it's frustrating to not be able to decipher exactly how that web request ended up being processed. Talk to a developer, and they don't care...it just works, why do I care how? But when that abstraction tower hits an organizational issue or security issue, infrastructure people can help the developers understand why things don't work when you don't have unrestricted free high speed Internet access to your service.",can anyone relate yes. i miss hardware and the complexity of infrastructure. when you re talking cloud provider scale they barely bother with fixing anything...they just let the gear rot until they roll another truckload of identical boxes in and swap that unit out once they hit a critical number of failures in a set of racks. talk about immutable infrastructure one important thing to realize is that not every company is a small startup or mom and pop business whose needs are     met by cloud and mdm and more importantly not every company is facebook google or netflix. it s really easy to go to subreddit and assume that absolutely every company is releasing software     times a day that they re all abandoning vms and infrastructure and have all reduced every it issue to an it just works tm api. there are still plenty of environments in the medium to large category that aren t wholesale rewriting all their applications or lifting and shifting. it s all going to head to a hybrid model eventually for all but the smallest and youngest startups with the simplest needs. but as long as you re keeping up and not sticking your head in the sand don t think that just because your company isn t implementing yetanothermonitoringtool that netflix released last week means you re woefully behind the curve. truthfully even though it s all locked behind an api i think companies are still going to need people who understand how things are wired together below that level. the never ending abstraction tower is maddening though...you have services on top of services on top of frameworks on top of apis and it s frustrating to not be able to decipher exactly how that web request ended up being processed. talk to a developer and they don t care...it just works why do i care how but when that abstraction tower hits an organizational issue or security issue infrastructure people can help the developers understand why things don t work when you don t have unrestricted free high speed internet access to your service.,352,13.0,,sysadmin,2
h1st4ps,nzvnna,,,TheLegendaryBeard,2021-06-15 01:33:20,1623720800.0,2021,6,2021-06,Been there and done that… It isn’t worth it. You could drop dead tomorrow and yeah maybe a month or so they would miss you (probably not) but soon you’ll be just an after thought.,been there and done that it isn t worth it. you could drop dead tomorrow and yeah maybe a month or so they would miss you but soon you ll be just an after thought.,35,3.0,,sysadmin,2
ngeoim1,1nrcd0r,,,Assumeweknow,2025-09-27 01:19:27,1758935967.0,2025,9,2025-09,"CYA, and check the cyber security policy your company should have already purchased.   Finance should have a copy of it.   Very likely that you can push back saying our insurance won't cover us if we do this according to the contract.   If they don't have said policy, bring it up, and say if you keep reducing security this way we should also look at mitigating security risk with an insurance policy for cyber security.    Then you can make sure they end up with a policy that basically spells out what they can or can't do.",cya and check the cyber security policy your company should have already purchased. finance should have a copy of it. very likely that you can push back saying our insurance won t cover us if we do this according to the contract. if they don t have said policy bring it up and say if you keep reducing security this way we should also look at mitigating security risk with an insurance policy for cyber security. then you can make sure they end up with a policy that basically spells out what they can or can t do.,98,2.0,,sysadmin,2
g86z5fc,j7pc3u,,,starmizzle,2020-10-09 06:28:10,1602224890.0,2020,10,2020-10,"Powershell has several inexplicable limitations. Why are there commands you can't directly run remotely (like running Windows updates on another machine)? If everything is supposed to be object based then why is it such a PITA to cycle through all devices and search for new drivers? Why is it next to impossible to script the creation/modification of a GPO to modify local group memberships?

And the default tab completion is just garbage. I know it can be changed but ffs what dipshit would prefer to cycle through available values vs completing to the next unique character and then seeing available choice when hitting tab again?",powershell has several inexplicable limitations. why are there commands you can t directly run remotely if everything is supposed to be object based then why is it such a pita to cycle through all devices and search for new drivers why is it next to impossible to script the creation modification of a gpo to modify local group memberships and the default tab completion is just garbage. i know it can be changed but ffs what dipshit would prefer to cycle through available values vs completing to the next unique character and then seeing available choice when hitting tab again,100,11.0,,sysadmin,2
dvdtoep,82ygmn,,,NeverDocument,2018-03-08 17:08:36,1520528916.0,2018,3,2018-03,"Whelp now she's got you by the short hairs.  She owns you now.

Cynicism aside. That is pretty neat.",whelp now she s got you by the short hairs. she owns you now. cynicism aside. that is pretty neat.,20,3.0,,sysadmin,2
lhzq8xg,1eraysd,,,youngmindoldbody,2024-08-13 23:49:13,1723592953.0,2024,8,2024-08,"I do the same as with tailgaters. 

Normally I drive a few over the posted limit - arrives a tailgater; I slow down 1 mph, still tailgating, another 1 mph, an so on.

I do this at work also, more pressure? I hurry less. More workload, well, I can only get to so much so some stuff doesn't get done / finished. 

I have a lot of PTO, so I start to take off every Friday for 2-3 months. Since there has been a hiring freeze for a 3rd year now and mgt killed all our open backfills, the threshold for getting kicked out the door is very high. As long as I keep showing up and do some work - it's all good.",i do the same as with tailgaters. normally i drive a few over the posted limit   arrives a tailgater i slow down   mph still tailgating another   mph an so on. i do this at work also more pressure i hurry less. more workload well i can only get to so much so some stuff doesn t get done   finished. i have a lot of pto so i start to take off every friday for     months. since there has been a hiring freeze for a  rd year now and mgt killed all our open backfills the threshold for getting kicked out the door is very high. as long as i keep showing up and do some work   it s all good.,120,1.0,,sysadmin,2
na8kh7z,1mvpvyo,,,WorldWalker997,2025-08-23 12:34:18,1755952458.0,2025,8,2025-08,Turn your work phone off or set it to DND and the same for Teams / email.,turn your work phone off or set it to dnd and the same for teams   email.,16,1.0,,sysadmin,2
dsllwun,7q0m8c,,,GoodRubik,2018-01-13 01:09:27,1515805767.0,2018,1,2018-01,"This has always been a pet peeve of mine. It makes no sense for your highly trained, and EXPENSIVE people to be doing dishes. 

It's not that I'm too good to do dishes, it's that I'm expensive. If the boss says, well you're on salary so it's free. Then clearly they don't care about efficiency or the cost of being interrupted. 

Funny  thing is I actually like washing dishes. ",this has always been a pet peeve of mine. it makes no sense for your highly trained and expensive people to be doing dishes. it s not that i m too good to do dishes it s that i m expensive. if the boss says well you re on salary so it s free. then clearly they don t care about efficiency or the cost of being interrupted. funny thing is i actually like washing dishes.,76,1.0,,sysadmin,2
mprc636,1kb04q5,,,badlybane,2025-04-30 00:39:02,1745973542.0,2025,4,2025-04,"Yea before you bail. Try doing this. Take your skills and start teaching your peers. Give them the tools to do the jobs or train. I realized that as a manager I could affect 10 projects vs just the one I am assigned to. You will still be the go to guy. 

The reports, figure out how to automate that stuff. Most of your tooling can get you that. 

Focus on direction help your team members out. Not everyone is a manager but realize you now have the ability fix a lot of things wrong. Just give it a real try.",yea before you bail. try doing this. take your skills and start teaching your peers. give them the tools to do the jobs or train. i realized that as a manager i could affect    projects vs just the one i am assigned to. you will still be the go to guy. the reports figure out how to automate that stuff. most of your tooling can get you that. focus on direction help your team members out. not everyone is a manager but realize you now have the ability fix a lot of things wrong. just give it a real try.,100,2.0,,sysadmin,3
nbvmnl9,1n5l4sm,,,shimoheihei2,2025-09-01 18:12:23,1756750343.0,2025,9,2025-09,"Most people don't read docs. You can make the docs, point to the docs, and they'll still come to you asking questions that were answered in the docs.",most people don t read docs. you can make the docs point to the docs and they ll still come to you asking questions that were answered in the docs.,30,2.0,,sysadmin,3
lp4mo75,1fqboyy,,,sushisoma,2024-09-27 02:59:52,1727405992.0,2024,9,2024-09,"I’m in the exact same position, been in this job close to two years and it’s been very difficult for me. I had no prior experience and was completely new to everything so I had to learn on my own. I think the experience and on the job learning will be beneficial for further jobs maybe even more than college or certificates. However, if I had the time, energy, and money these things would absolutely help.",i m in the exact same position been in this job close to two years and it s been very difficult for me. i had no prior experience and was completely new to everything so i had to learn on my own. i think the experience and on the job learning will be beneficial for further jobs maybe even more than college or certificates. however if i had the time energy and money these things would absolutely help.,78,1.0,,sysadmin,3
io8iznk,xd0ppu,,,ITmandan_,2022-09-13 09:35:05,1663061705.0,2022,9,2022-09,"As much as I loved being a jack of all trades I ultimately ended up getting fed up of dealing with end users entirely and like you, that is what started to prompt me to really think hard about where I want to go. Part of that was not knowing what I wanted to move into and specialise in though, and part of it was just simply maturing in my career to understand what I liked and didn't like. 

So the last 2 years I moved heavily for cloud-only work, specifically Azure, by getting some certs and securing a basic Ops/Cloud role which enabled me to focus on Azure tech only. 

I've now just got myself a role going into Azure consultancy space and whilst I've got a lot to learn and grow yet, it's a step in the right way for me to truly be a specialist.",as much as i loved being a jack of all trades i ultimately ended up getting fed up of dealing with end users entirely and like you that is what started to prompt me to really think hard about where i want to go. part of that was not knowing what i wanted to move into and specialise in though and part of it was just simply maturing in my career to understand what i liked and didn t like. so the last   years i moved heavily for cloud only work specifically azure by getting some certs and securing a basic ops cloud role which enabled me to focus on azure tech only. i ve now just got myself a role going into azure consultancy space and whilst i ve got a lot to learn and grow yet it s a step in the right way for me to truly be a specialist.,153,2.0,,sysadmin,3
m2z9m0x,1hiiw95,,,Feisty_Fan_6116,2024-12-20 13:32:49,1734701569.0,2024,12,2024-12,"I broadens into VOIP , wireless … There is really no ceiling for me even at my age , which is 64 . Got my BS, MIB etc. and got bored with management side but still love the wild side .",i broadens into voip wireless there is really no ceiling for me even at my age which is    . got my bs mib etc. and got bored with management side but still love the wild side .,37,1.0,,sysadmin,3
n83s2aq,1mn7a0r,,,apatrol,2025-08-11 13:06:19,1754917579.0,2025,8,2025-08,"I was laid off last year. I have a strong 30yr resume and cant find work. 

Be thankful for the shit weeks guys. AI is starting to affect all of IT plus the economy,",i was laid off last year. i have a strong   yr resume and cant find work. be thankful for the shit weeks guys. ai is starting to affect all of it plus the economy,34,2.0,,sysadmin,3
kul2cxw,1bcdkgw,,,Recalcitrant-wino,2024-03-12 21:47:21,1710280041.0,2024,3,2024-03,It only took me 20 months at an MSP to have my breakdown.  Hit the lottery on my current position.,it only took me    months at an msp to have my breakdown. hit the lottery on my current position.,19,2.0,,sysadmin,3
het2u3s,pyaunn,,,Torschlusspaniker,2021-09-30 03:10:58,1632971458.0,2021,9,2021-09,"Congrats man, that is exciting.

Migrate what to AWS? Azure is more in line with the services I would think you would be using.

Great opportunity but pretty huge learning curve for a team of one. It will take time to get up to speed.

No real advice here but I am rooting for ya. 


Some generic recommendations:

Document everything as it is as soon as you can. Find out what software is critical to the business, what each server does etc. 

Setup a test bench. Virtual machines and physical machines to test software and configurations before you push them out to production.

Get a ticking system up and running. It will help keep track of your tasks and work done. 

Break things into smaller chunks, it is tempting to overload on projects but take your time.

Roll out 2fa wherever you can. It can help avoid some major headaches dealing with breaches. Looks bad to have breach starting out and 2fa can help avoid that.

Backups! 321 or better. Last thing you ever want to do is lose data.

MDT + WDS imagining (you need a volume license, some loop holes to do it cheap)",congrats man that is exciting. migrate what to aws azure is more in line with the services i would think you would be using. great opportunity but pretty huge learning curve for a team of one. it will take time to get up to speed. no real advice here but i am rooting for ya. some generic recommendations: document everything as it is as soon as you can. find out what software is critical to the business what each server does etc. setup a test bench. virtual machines and physical machines to test software and configurations before you push them out to production. get a ticking system up and running. it will help keep track of your tasks and work done. break things into smaller chunks it is tempting to overload on projects but take your time. roll out  fa wherever you can. it can help avoid some major headaches dealing with breaches. looks bad to have breach starting out and  fa can help avoid that. backups     or better. last thing you ever want to do is lose data. mdt wds imagining,182,3.0,,sysadmin,3
iidgx57,wcihhn,,,digitaldanalog,2022-07-31 12:19:49,1659269989.0,2022,7,2022-07,"I don’t consider this a reflection of management as a whole, but if they are having you look into a technology, I take it as they want a technician’s opinion on it instead of buying into all the marketing hype that they’re seeing. I’ve seen management suddenly buy a new toy without consulting techs only for that new toy to backfire and cause more work for IT.

But to answer your question, coming from a semi-retired IT manager, there are a couple ways to deal with bad IT management.

First, you can become an IT manager yourself. In my experience, there seems to be many more underqualified IT managers than qualified ones. One reason is that many IT techs do not want to take on mentoring roles.

Second, look for opportunities to give your management feedback. It won’t fix everything, but your input is what you can do and what you can control. If you have the ability to fix all of management, then you should probably be a manager yourself, just sayin.

But the worst of all is when those above IT managers do not support or respect the IT managers, even if they are good managers. In that case, hang on as long as you can and run when the time is right.",i don t consider this a reflection of management as a whole but if they are having you look into a technology i take it as they want a technician s opinion on it instead of buying into all the marketing hype that they re seeing. i ve seen management suddenly buy a new toy without consulting techs only for that new toy to backfire and cause more work for it. but to answer your question coming from a semi retired it manager there are a couple ways to deal with bad it management. first you can become an it manager yourself. in my experience there seems to be many more underqualified it managers than qualified ones. one reason is that many it techs do not want to take on mentoring roles. second look for opportunities to give your management feedback. it won t fix everything but your input is what you can do and what you can control. if you have the ability to fix all of management then you should probably be a manager yourself just sayin. but the worst of all is when those above it managers do not support or respect the it managers even if they are good managers. in that case hang on as long as you can and run when the time is right.,221,3.0,,sysadmin,3
kydj8rh,1bxludz,,,One-Entrepreneur4516,2024-04-06 20:57:16,1712437036.0,2024,4,2024-04,Join a godawful MSP or pay for hands-on learning or learn to be content.,join a godawful msp or pay for hands on learning or learn to be content.,15,32.0,,sysadmin,3
e6mtdf7,9iu4zw,,,vCentered,2018-09-25 20:59:25,1537909165.0,2018,9,2018-09,"What really gets me is imposter syndrome. I'd never heard about it until I started posting here but it fits perfectly with how I've felt for the last ten years, in spite of the fact that people are constantly telling me how great I'm doing.

I've gotten pretty good with work/life balance and compartmentalizing stress and the rest of it, but the imposter syndrome follows me everywhere.",what really gets me is imposter syndrome. i d never heard about it until i started posting here but it fits perfectly with how i ve felt for the last ten years in spite of the fact that people are constantly telling me how great i m doing. i ve gotten pretty good with work life balance and compartmentalizing stress and the rest of it but the imposter syndrome follows me everywhere.,72,2.0,,sysadmin,3
dw0eynn,85td98,,,Owl_of_Panopticon,2018-03-20 19:50:04,1521575404.0,2018,3,2018-03,The hamster wheel of re-training yourself every 6 months to 4 years never ends. Maybe time to change gears in what you'd like to do?,the hamster wheel of re training yourself every   months to   years never ends. maybe time to change gears in what you d like to do,25,1.0,,sysadmin,3
hlxe440,r0zd03,,,spuckthew,2021-11-24 17:55:58,1637776558.0,2021,11,2021-11,"This reminded me that I once handed in a resignation with the email subject the same as your thread title. I think it was in 2012, so a fair old while back now lol.",this reminded me that i once handed in a resignation with the email subject the same as your thread title. i think it was in      so a fair old while back now lol.,33,0.0,,sysadmin,3
m9u3jkk,1icvo2n,,,packet_weaver,2025-01-29 15:31:26,1738164686.0,2025,1,2025-01,"Move to the vendor side. No on call, no operations, and you make them money. Either professional services or sales engineer (SE will have more stress). If PS, you get your marching orders, you go in and do the work and move on.",move to the vendor side. no on call no operations and you make them money. either professional services or sales engineer . if ps you get your marching orders you go in and do the work and move on.,39,1.0,,sysadmin,3
k5pourx,17cfpck,,,Sasataf12,2023-10-20 17:00:42,1697821242.0,2023,10,2023-10,"If you're not enjoying working at an MSP, then don't.",if you re not enjoying working at an msp then don t.,12,71.0,,sysadmin,3
hr0va2h,ruhn1v,,,Sir_Vinci,2022-01-03 03:00:13,1641178813.0,2022,1,2022-01,"Higher-ed can be a good gig. The pay probably isn't quite what corporate is, but the benefits are unbeatable. Fully remote is tougher to pull off, though.",higher ed can be a good gig. the pay probably isn t quite what corporate is but the benefits are unbeatable. fully remote is tougher to pull off though.,29,1.0,,sysadmin,3
i86snrv,umsbxx,,,Aronacus,2022-05-11 14:29:31,1652279371.0,2022,5,2022-05,"Log cabins, off the grid down long winding roads that everyone thinks go to abandon houses.



ever see Evil dead?  Cabins like that... minus the demons.  The IT guys killed them already.  Evil thinks it has a chance until you bludgeon it with a macbook pro.",log cabins off the grid down long winding roads that everyone thinks go to abandon houses. ever see evil dead cabins like that... minus the demons. the it guys killed them already. evil thinks it has a chance until you bludgeon it with a macbook pro.,46,2.0,,sysadmin,3
gtvhn61,mms8zf,,,1999FLSTF,2021-04-09 00:10:44,1617927044.0,2021,4,2021-04,I feel this. I work in an ISP and have put in countless 10+ hr days for 6 years. It feels draining. Good managers make the job bearable when they advocate for you.,i feel this. i work in an isp and have put in countless    hr days for   years. it feels draining. good managers make the job bearable when they advocate for you.,31,1.0,,sysadmin,3
njnw6ro,1o7f0uw,,,wideace99,2025-10-15 18:20:40,1760552440.0,2025,10,2025-10,"In the beginning, the IT&C job market was only for geeks only who were truly passionate about the domain and having a homelab was a dream coming true especially based on the hefty wages from that moment since there are not so many geeks.

Today, the employers don't appreciate any more geeks (translated in wages) but only the cheapest workforce ready available so your argument is valid.

Crappy wages = barely do the job",in the beginning the it c job market was only for geeks only who were truly passionate about the domain and having a homelab was a dream coming true especially based on the hefty wages from that moment since there are not so many geeks. today the employers don t appreciate any more geeks but only the cheapest workforce ready available so your argument is valid. crappy wages barely do the job,72,1.0,,sysadmin,3
k1939o3,16m26f1,,,Scary-Jury1059,2023-09-19 10:09:23,1695118163.0,2023,9,2023-09,You work for an MSP. Don't stress. You're probably under paid and over worked. If it takes a week..it takes a week..it's not your problem is a THEM problem.,you work for an msp. don t stress. you re probably under paid and over worked. if it takes a week..it takes a week..it s not your problem is a them problem.,32,1.0,,sysadmin,3
nbtjqas,1n5l4sm,,,deZbrownT,2025-09-01 11:33:24,1756726404.0,2025,9,2025-09,"Your team does not read docs? Every team everywhere ever does not read the docs. 

Some individuals read the docs if they are not pressured by some other higher priorities.

Everything seems normal, the world will keep on turning.",your team does not read docs every team everywhere ever does not read the docs. some individuals read the docs if they are not pressured by some other higher priorities. everything seems normal the world will keep on turning.,39,14.0,,sysadmin,3
j82sg0h,10yxn3z,,,thecyberwolfe,2023-02-11 05:05:35,1676091935.0,2023,2,2023-02,"The latest rollup broke search in our Exchange 2016 system. I've been working with Microsoft support to get it fixed for 3 weeks now, and they don't have a clue what is actually broken. You don't get to escalate up, your tech deals with more experienced people in the background that you don't get to talk to.

Their last attempt to fix it broke something in IIS, and the whole thing was down. Tech poked and prodded, then started copying a folder with 800k items in it into another folder, said ""well, it's end of my shift I have to go, my relief will call you in 30 minutes"".

Guess who never called?

After about two more fruitless hours of troubleshooting, I hit ""fuck it"" and decided to restore from backup - we have a Datto Siris on this stack for just such reasons. Well, I of course ran into a hitch with that, called their ""Emergency Disaster Recovery"" line, and got ""Sorry, there are no technicians available. Please create a ticket in our helpdesk or try back later.""

Before Kaseya bought Datto, I think the Datto support line had at most rang three times before I got a human.",the latest rollup broke search in our exchange      system. i ve been working with microsoft support to get it fixed for   weeks now and they don t have a clue what is actually broken. you don t get to escalate up your tech deals with more experienced people in the background that you don t get to talk to. their last attempt to fix it broke something in iis and the whole thing was down. tech poked and prodded then started copying a folder with    k items in it into another folder said well it s end of my shift i have to go my relief will call you in    minutes . guess who never called after about two more fruitless hours of troubleshooting i hit fuck it and decided to restore from backup   we have a datto siris on this stack for just such reasons. well i of course ran into a hitch with that called their emergency disaster recovery line and got sorry there are no technicians available. please create a ticket in our helpdesk or try back later. before kaseya bought datto i think the datto support line had at most rang three times before i got a human.,202,3.0,,sysadmin,3
hoy7hli,rii4s0,,,dawn_line,2021-12-17 18:31:31,1639765891.0,2021,12,2021-12,"Thank you all for your responses, I really appreciate them. For a little more background, I wanna clarify some things.

1. I work for a very small MSP. Like, 3-4 man team. I am a salesman and tech for basic PC repairs, and do remote/onsite work for businesses.
Basically when something big comes up, i ask to be a part of it. Let me do something that is new and I'll research it. It's always left with no response or owner will do it. Simple as that.
2. It's not that I'm unwilling to look at jobs that I'm not qualified for, but I'm not a software engineer, not a web dev, or anything built into a specified field. Can't exactly be a Senior Web Dev when all i know how to do is fix connection on a network printer. They're on different ends of the spectrum

3. I want to learn and dive, yet in all honesty, i have no idea what to dive into! Really! I need a problem first before i can start solving it. Or maybe a situation where I'm given a task with a good bit of time to do it. I feel lost every time I try to pick up something in this case. It is definitely that lack of mentoring and instruction that is killing my motivation. I'll have to work on that.

All in all, yall are right. I need to look for a new job. I'm tired of being a damn grunt.

Again, I appreciate all the responses. They've really helped",thank you all for your responses i really appreciate them. for a little more background i wanna clarify some things.  . i work for a very small msp. like     man team. i am a salesman and tech for basic pc repairs and do remote onsite work for businesses. basically when something big comes up i ask to be a part of it. let me do something that is new and i ll research it. it s always left with no response or owner will do it. simple as that.  . it s not that i m unwilling to look at jobs that i m not qualified for but i m not a software engineer not a web dev or anything built into a specified field. can t exactly be a senior web dev when all i know how to do is fix connection on a network printer. they re on different ends of the spectrum  . i want to learn and dive yet in all honesty i have no idea what to dive into really i need a problem first before i can start solving it. or maybe a situation where i m given a task with a good bit of time to do it. i feel lost every time i try to pick up something in this case. it is definitely that lack of mentoring and instruction that is killing my motivation. i ll have to work on that. all in all yall are right. i need to look for a new job. i m tired of being a damn grunt. again i appreciate all the responses. they ve really helped,272,2.0,,sysadmin,3
ljxmljb,1f16upd,,,Proper_Cranberry_795,2024-08-25 23:28:56,1724628536.0,2024,8,2024-08,This is not the life of a sysadmin.  This is the life of helpdesk @ an MSP ( a ticket mill ).  Go into internal IT and enjoy the slow pace.,this is not the life of a sysadmin. this is the life of helpdesk an msp . go into internal it and enjoy the slow pace.,26,1.0,,sysadmin,3
li7a0cy,1es6th5,,,boli99,2024-08-15 06:44:51,1723704291.0,2024,8,2024-08,"I have been to the precipice, and even beyond it.

Here's what I wish I knew years ago.

1. Get work stuff away from your personal stuff. That means dont do personal on a work computer, and dont do work on a personal computer.**It must be possible to turn work off**. Even if you 'enjoy' work. If you want to keep enjoying it - then it must be possible to get away from it on your own terms.
2. That applies to phones too. Make sure that work does not know your personal phone number. Not even one person. Not even 'for emergencies'. No exceptions.
3. If work *does* know your personal phone number, then get a new phone number, and move all your personal stuff on to it. You may continue to use the old number for work stuff *if you choose to. its up to you*. Yes, this is annoying and frustrating, but when its done its done. Treat the new number with the utmost respect. Never ever let it escape into the wild.
4. Now you have some seperation, and its time to use it, so - do your hours, and then go home at your allotted time - and turn your work devices **off**
5. It's ok to let stuff burn. Sometimes its even necessary and (surprisingly) productive to do so. If you work yourself to death working for a company that doesnt appreciate you - then they will send flowers to your funeral, (but they'll have hired the next guy first) - but if the world burns for a while because 5 man-days werent enough to put out the fire - then you need more people on your team. The business needs to know that. Letting things burn is often a more effective way to demonstrate it than complaining a lot (because nobody likes someone who complains a lot)
6. Document everything. If stuff breaks because the higher-ups wouldnt buy you an XYZ123 that you requested 6 months ago to prevent the problem - then you need to be able to point to the email where you recommended purchase of it, and also you need to be able to point to the email where they refused to fund it.
7. Ticketing system. No walk-ups. No phone-calls. Tickets only. This one is much harder because you need management buy-in. Unfortunately they are also the ones that want to sidestep the procedure everytime. Good luck, but if you can get them on board - it will eliminate a lot of bullshit such as questions like 'whats the progress on issue X' becomes 'go look at the ticket', and 'why are you doing X instead of Y' becomes 'because X is prioritised higher than Y in the system'

apart from that - work hard, do your hours, do your best, then go home and forget about work.

nobody ever lay on their deathbed thinking 'i wish i had worked more hours'",i have been to the precipice and even beyond it. here s what i wish i knew years ago.  . get work stuff away from your personal stuff. that means dont do personal on a work computer and dont do work on a personal computer.it must be possible to turn work off. even if you enjoy work. if you want to keep enjoying it   then it must be possible to get away from it on your own terms.  . that applies to phones too. make sure that work does not know your personal phone number. not even one person. not even for emergencies . no exceptions.  . if work does know your personal phone number then get a new phone number and move all your personal stuff on to it. you may continue to use the old number for work stuff if you choose to. its up to you. yes this is annoying and frustrating but when its done its done. treat the new number with the utmost respect. never ever let it escape into the wild.  . now you have some seperation and its time to use it so   do your hours and then go home at your allotted time   and turn your work devices off  . it s ok to let stuff burn. sometimes its even necessary and productive to do so. if you work yourself to death working for a company that doesnt appreciate you   then they will send flowers to your funeral   but if the world burns for a while because   man days werent enough to put out the fire   then you need more people on your team. the business needs to know that. letting things burn is often a more effective way to demonstrate it than complaining a lot  . document everything. if stuff breaks because the higher ups wouldnt buy you an xyz    that you requested   months ago to prevent the problem   then you need to be able to point to the email where you recommended purchase of it and also you need to be able to point to the email where they refused to fund it.  . ticketing system. no walk ups. no phone calls. tickets only. this one is much harder because you need management buy in. unfortunately they are also the ones that want to sidestep the procedure everytime. good luck but if you can get them on board   it will eliminate a lot of bullshit such as questions like whats the progress on issue x becomes go look at the ticket and why are you doing x instead of y becomes because x is prioritised higher than y in the system apart from that   work hard do your hours do your best then go home and forget about work. nobody ever lay on their deathbed thinking i wish i had worked more hours,473,1.0,,sysadmin,3
hzkoci7,t7vzlt,,,_limitless_,2022-03-06 13:35:21,1646573721.0,2022,3,2022-03,"The average career lasts 7-12 years.

You have time for several.

Change it up.",the average career lasts      years. you have time for several. change it up.,13,19.0,,sysadmin,3
dtj73au,7ubr0x,,,TheDoNothings,2018-01-31 19:19:21,1517426361.0,2018,1,2018-01,Are you able to automate stuff and just not tell them? This way you could open up some time for you and still get to expand your skill set.,are you able to automate stuff and just not tell them this way you could open up some time for you and still get to expand your skill set.,29,1.0,,sysadmin,3
kqb8hdx,1aq802x,,,xboxhobo,2024-02-13 23:56:22,1707868582.0,2024,2,2024-02,"I do automation work for an MSP. I don't deal with clients directly, I just write scripts and make the tools work. It's pretty sweet. Only caveat is that IT guys sure can act A LOT like end users.",i do automation work for an msp. i don t deal with clients directly i just write scripts and make the tools work. it s pretty sweet. only caveat is that it guys sure can act a lot like end users.,41,6.0,,sysadmin,3
mqstxlg,1kfqco4,,,P_Villain,2025-05-06 00:06:31,1746489991.0,2025,5,2025-05,"What industry are you in? How big is your team and how is it structured? How many users? Sites? Just curious for context.

Forget role definition, it sounds like your company has tech debt like they've been drunk at the strip club for 10 years and you're trying to write checks you can't personally cash based both on your experience level and your position in the org, and that's OK. The fact that you have managed to take on what you have proves you are capable and that you give enough of a shit to post here speaks to you actually caring, so good for you.

Running is probably advisable, but staying and fighting the shitty fight will sure as hell build some knowledge, character and provide some stories. There is no right answer you will get from anyone on Reddit because it's all dependent on your alternative options and the potential upside of sticking around, nuances which only you can be the judge of.",what industry are you in how big is your team and how is it structured how many users sites just curious for context. forget role definition it sounds like your company has tech debt like they ve been drunk at the strip club for    years and you re trying to write checks you can t personally cash based both on your experience level and your position in the org and that s ok. the fact that you have managed to take on what you have proves you are capable and that you give enough of a shit to post here speaks to you actually caring so good for you. running is probably advisable but staying and fighting the shitty fight will sure as hell build some knowledge character and provide some stories. there is no right answer you will get from anyone on reddit because it s all dependent on your alternative options and the potential upside of sticking around nuances which only you can be the judge of.,169,2.0,,sysadmin,3
mmdezln,1jvvdr2,,,Naclox,2025-04-10 11:45:11,1744285511.0,2025,4,2025-04,"Since it sounds like you've already talked to your manager and their response wasn't at all helpful instead telling you to work more, it's probably time to find a new position. That environment sounds toxic.",since it sounds like you ve already talked to your manager and their response wasn t at all helpful instead telling you to work more it s probably time to find a new position. that environment sounds toxic.,38,29.0,,sysadmin,3
hk5mxip,qqz6k7,,,dunningkrugernarwhal,2021-11-11 03:02:09,1636599729.0,2021,11,2021-11,You should be seeing a psychologist to help you through this. I am.,you should be seeing a psychologist to help you through this. i am.,13,1.0,,sysadmin,3
l389bbo,1cnk4oy,,,SawtoothGlitch,2024-05-09 02:48:18,1715222898.0,2024,5,2024-05,"I got out of a bad environment, but in hindsight I waited way too long. Start looking for other jobs NOW, do not give them any hints that you’re looking or leaving (or they’ll end up laying you off before you are ready), and give them 2 weeks notice once you’ve secured a new job. Don’t accept their counter offers and then after 2 weeks, leave, and don’t look back.",i got out of a bad environment but in hindsight i waited way too long. start looking for other jobs now do not give them any hints that you re looking or leaving and give them   weeks notice once you ve secured a new job. don t accept their counter offers and then after   weeks leave and don t look back.,61,7.0,,sysadmin,3
enge1ng,bogqwz,,,_dismal_scientist,2019-05-14 11:30:13,1557833413.0,2019,5,2019-05,"Depends on the software. You should be able to have the server run a scheduled task or cron job that will run a command listing this information, and then do something based on the contents. 

I have my netbackup servers run a command in the morning that lists the night's backups, greps for failures, and based on the client os, notify the appropriate team.",depends on the software. you should be able to have the server run a scheduled task or cron job that will run a command listing this information and then do something based on the contents. i have my netbackup servers run a command in the morning that lists the night s backups greps for failures and based on the client os notify the appropriate team.,65,2.0,,sysadmin,3
iki4zj4,wpmi5a,,,dabbydaberson,2022-08-16 10:54:15,1660647255.0,2022,8,2022-08,"Let me guess... The ""devs"" are likey mostly offshore from some TCS, Infosys, IBM, etc. They pulled the actual devs that still probably were insufficient and wrote terrible code to a team of ""operations"" because the app was finished and just needed to be kept alive. Over time changes are needed and the ops team just ""does the needful"" mindlessly and never thinks about the repercussions

All of the other people left because they couldn't impact any change as this contract is way cheaper",let me guess... the devs are likey mostly offshore from some tcs infosys ibm etc. they pulled the actual devs that still probably were insufficient and wrote terrible code to a team of operations because the app was finished and just needed to be kept alive. over time changes are needed and the ops team just does the needful mindlessly and never thinks about the repercussions all of the other people left because they couldn t impact any change as this contract is way cheaper,85,1.0,,sysadmin,3
o3brawe,1nzaoko,,,Cold-Intention-9705,2026-02-03 11:45:38,1770119138.0,2026,2,2026-02,"What's your resume look like? Any schooling for IT? If so, Id say yes, youre being exploited. If no, then learn as much as you can while there, build your resume, and after about a year or two there, look for other positions there or elsewhere that pays more. Gotta have the experience for $$$",what s your resume look like any schooling for it if so id say yes youre being exploited. if no then learn as much as you can while there build your resume and after about a year or two there look for other positions there or elsewhere that pays more. gotta have the experience for,55,1.0,,sysadmin,3
ni29pqo,1nzaoko,,,itmgr2024,2025-10-06 13:08:41,1759756121.0,2025,10,2025-10,I don’t really understand how you are being exploited. If you were paid minimum wage but had to pay for the bus out of pocket would that be better?  I assume you are getting a discount on the bus from the company. Is your issue that you are doing more tasks than on your job description?  Because that is learning on the job. Don’t like the salary or commute?  Find a better higher paying job after 1-2 years.,i don t really understand how you are being exploited. if you were paid minimum wage but had to pay for the bus out of pocket would that be better i assume you are getting a discount on the bus from the company. is your issue that you are doing more tasks than on your job description because that is learning on the job. don t like the salary or commute find a better higher paying job after     years.,79,3.0,,sysadmin,3
j2d395u,zzciwc,,,c1u5t3r,2022-12-31 10:06:47,1672481207.0,2022,12,2022-12,Sometimes a boss just has to step in his own shit 🤷🏻‍♂️,sometimes a boss just has to step in his own shit,11,1.0,,sysadmin,3
n99f6f8,1msk17y,,,Kumorigoe,2025-08-17 23:29:32,1755473372.0,2025,8,2025-08,"Sorry, it seems this comment or thread has violated a sub-reddit rule and has been removed by a moderator.  

**Inappropriate use of, or expectation of the Community.**

* There are many reddit communities that exist that may be more catered to/dedicated your topic.  
 - Consider posting (or cross posting) there with specific niche questions.  
* Requests for assistance are expected to contain basic situational information. 
 - They should also contain evidence of basic troubleshooting & Googling for self-help.  
 - Keep topics/questions related to technology/people/practices/etc within a business environment.  
* When asking a question or requesting advice, please update your original post with any new information, or solution (if found).  
 - This will make things easier for anyone else who may have the same issue or question in the future.

-----  

*If you wish to appeal this action please don't hesitate to [message the moderation team](https://www.reddit.com/message/compose?to=%2Fr%2Fsysadmin).*",sorry it seems this comment or thread has violated a sub reddit rule and has been removed by a moderator. inappropriate use of or expectation of the community. there are many reddit communities that exist that may be more catered to dedicated your topic.   consider posting there with specific niche questions. requests for assistance are expected to contain basic situational information.   they should also contain evidence of basic troubleshooting googling for self help.   keep topics questions related to technology people practices etc within a business environment. when asking a question or requesting advice please update your original post with any new information or solution .   this will make things easier for anyone else who may have the same issue or question in the future.       if you wish to appeal this action please don t hesitate to url,137,1.0,,sysadmin,3
etce634,cb1248,,,redline42,2019-07-09 14:30:51,1562682651.0,2019,7,2019-07,"Sonicwall is strictly a SMB product.  Their on board specs cannot handle all of the features they are tasked with.  This is par for the course with most SMB carriers like Barracuda, Sonicwall and Cisco's SMB line.  They sell them for convenience and because they use one OS package for multiple devices.   If you want all of the features on then you need to make sure you upscale the devices.  So you have 30 users and a TZ300 but you want DPI, ATP, AV, Spam, Etc... you need the processing power to run those programs on the streams of data.  Its taxing.  You should go with a higher cost unit.  Even a firmware upgrade or an OS upgrade requires setting aside processing power to install.  

alot of it comes down to education and willingness to spend money.  They are a quality product in the right environment.  Its not shit or garbage.  Its just not the right tool.",sonicwall is strictly a smb product. their on board specs cannot handle all of the features they are tasked with. this is par for the course with most smb carriers like barracuda sonicwall and cisco s smb line. they sell them for convenience and because they use one os package for multiple devices. if you want all of the features on then you need to make sure you upscale the devices. so you have    users and a tz    but you want dpi atp av spam etc... you need the processing power to run those programs on the streams of data. its taxing. you should go with a higher cost unit. even a firmware upgrade or an os upgrade requires setting aside processing power to install. alot of it comes down to education and willingness to spend money. they are a quality product in the right environment. its not shit or garbage. its just not the right tool.,157,9.0,,sysadmin,3
i5buajh,u725ps,,,ducktruck27,2022-04-19 11:19:57,1650367197.0,2022,4,2022-04,"Ah the dreamy director position..... my director doesn't even do policies lol. He pays bills. 

Congrats but remember you are your teams only voice to higher ups. Fight for them and treat them well.",ah the dreamy director position..... my director doesn t even do policies lol. he pays bills. congrats but remember you are your teams only voice to higher ups. fight for them and treat them well.,35,120.0,,sysadmin,3
h3r3cw0,obviy6,,,x37v911,2021-07-02 01:19:35,1625188775.0,2021,7,2021-07,"Get another job, take your vacation, then after you get back tell them you quit.",get another job take your vacation then after you get back tell them you quit.,15,1.0,,sysadmin,3
jarv03k,118wqt1,,,Plizbatic,2023-03-03 16:43:54,1677861834.0,2023,3,2023-03,Wow!  Whether or not you're just plain stupid might depend on where you live and what the job market is there.  But yeah mostly this sounds absolutely insane.  Nightmare.  Not something that I could imagine putting up with.  I would never want to work for a company that is \*that\* level of unsupportive.  Clearly there should be more than just a single IT person.,wow whether or not you re just plain stupid might depend on where you live and what the job market is there. but yeah mostly this sounds absolutely insane. nightmare. not something that i could imagine putting up with. i would never want to work for a company that is that level of unsupportive. clearly there should be more than just a single it person.,65,1.0,,sysadmin,3
o3gnyp4,1qvcdjm,,,mobileaccountuser,2026-02-04 02:52:23,1770173543.0,2026,2,2026-02,I'll admit poor typing. I slammed that in 2 min max. Promise 2 in should proof read mates. Thank you all.,i ll admit poor typing. i slammed that in   min max. promise   in should proof read mates. thank you all.,20,1.0,,sysadmin,4
gp4ibhx,lty6wm,,,superfluousSilver,2021-02-28 05:00:52,1614488452.0,2021,2,2021-02,"Initial thoughts, and haven’t read all the posts (my apologies), I would speak out and Up!  Having worked for 5 fortune 100’s, I can state - executive management would rather hear the truth than some half-hazard idea.  At least, in my experience..  Mileage varies, I get it.  Never succumb to the idiots for there are many.",initial thoughts and haven t read all the posts i would speak out and up having worked for   fortune     s i can state   executive management would rather hear the truth than some half hazard idea. at least in my experience.. mileage varies i get it. never succumb to the idiots for there are many.,54,1.0,,sysadmin,4
e778y5p,9lj6q0,,,Gutter7676,2018-10-05 06:03:05,1538719385.0,2018,10,2018-10,"Every MSP is different, I have worked for 5 different ones in my career as well as on IT teams at various size companies, from huge to a couple that I was one man IT shop.

It ebbs and flows.  Some days I can be slammed from when I wake up to when I fall asleep.  Other days I can choose what I am working on, internal process improvement, new automations, etc.

But yes, MSP life is not made for everyone.  Some people just can’t handle it, see the posts here and other places in the sub where all they do is make fun of MSPs, call them not really IT.  I could work circles around those folks in most cases.  But I don’t make fun of them for wanting a cushy, easy sit down job.  It is what it is, there is obviously a need for MSPs or there wouldn’t be so many out there.  Some are shit shows and make a bad name for the good ones out there.  But that is true in any segment of any industry.

At the end of the day you need to figure out if this is truly what you want to be doing every day.  If not leverage it to get experience and start working on polishing your resume.  I have made several forays back into the corporate sector and just find it more my comfort zone to always be the go to guy and always be working on customer emergencies.  And projects, that is my zen place.

Anyways, good luck with figuring it out.  Sometimes it takes a while to find your niche/zone.",every msp is different i have worked for   different ones in my career as well as on it teams at various size companies from huge to a couple that i was one man it shop. it ebbs and flows. some days i can be slammed from when i wake up to when i fall asleep. other days i can choose what i am working on internal process improvement new automations etc. but yes msp life is not made for everyone. some people just can t handle it see the posts here and other places in the sub where all they do is make fun of msps call them not really it. i could work circles around those folks in most cases. but i don t make fun of them for wanting a cushy easy sit down job. it is what it is there is obviously a need for msps or there wouldn t be so many out there. some are shit shows and make a bad name for the good ones out there. but that is true in any segment of any industry. at the end of the day you need to figure out if this is truly what you want to be doing every day. if not leverage it to get experience and start working on polishing your resume. i have made several forays back into the corporate sector and just find it more my comfort zone to always be the go to guy and always be working on customer emergencies. and projects that is my zen place. anyways good luck with figuring it out. sometimes it takes a while to find your niche zone.,276,3.0,,sysadmin,4
kwuisl4,1bp9vss,,,Pristine_Map1303,2024-03-27 19:49:56,1711568996.0,2024,3,2024-03,"> I don't use them at my full time job. 

If you use Microsoft Server, you use CALs or some type of equivalent.",i don t use them at my full time job. if you use microsoft server you use cals or some type of equivalent.,23,9.0,,sysadmin,4
oahkgrq,1rtykbp,,,Parking_Media,2026-03-14 23:46:56,1773532016.0,2026,3,2026-03,"Bail. While you are young enough that consequences are basically just annoying and not ""my kid needs XYZ"" 

So many more fulfilling careers. Especially if you aren't passionate about it. We (the old folks) can sense it.",bail. while you are young enough that consequences are basically just annoying and not my kid needs xyz so many more fulfilling careers. especially if you aren t passionate about it. we can sense it.,35,1.0,,sysadmin,4
lmo4vhh,1fejx18,,,Alarming_Ad_9922,2024-09-11 21:30:06,1726090206.0,2024,9,2024-09,"That's how legendary stories are born, told in a forgotten pub in a nameless village, by battle-hardened sysadmins whose tales make your blood run cold! Crashed servers, deleted routing tables, incorrect zoning, non-existent backups... ;)",that s how legendary stories are born told in a forgotten pub in a nameless village by battle hardened sysadmins whose tales make your blood run cold crashed servers deleted routing tables incorrect zoning non existent backups...,37,11.0,,sysadmin,4
k89p4cl,17q45ed,,,DumbshitOnTheRight,2023-11-07 21:22:56,1699392176.0,2023,11,2023-11,"There's a lot of shitty jobs out there, and not just IT jobs.",there s a lot of shitty jobs out there and not just it jobs.,14,11.0,,sysadmin,4
duwki6z,80ihhm,,,TheElusiveFox,2018-02-27 13:41:56,1519738916.0,2018,2,2018-02,"I agree with whoever told you to take a nice long vacation, if you can afford it - just make sure you can make it clear you are unplugging completely, time away can give you perspective.

From there I would look at what is causing your stress...

If it is something at your job you can correct, then try to work on it... If it is something like being stuck in your career - great news, job seeking while you have a job already is a skill you should probably keep up anyways... 

Cheers.",i agree with whoever told you to take a nice long vacation if you can afford it   just make sure you can make it clear you are unplugging completely time away can give you perspective. from there i would look at what is causing your stress... if it is something at your job you can correct then try to work on it... if it is something like being stuck in your career   great news job seeking while you have a job already is a skill you should probably keep up anyways... cheers.,92,1.0,,sysadmin,4
iiyt44w,wg4vwc,,,sysadminmakesmecry,2022-08-04 20:52:42,1659646362.0,2022,8,2022-08,"If you dont give a shit about the job at this point, contact the CEO.

Explain your own boss won't answer you, you were lied to in the interview, and you can't effectively do what you were hired for without a team/being able to ignore L1 tickets.

Make sure you can cite specific examples, and show the unresponded to attempts to talk with your boss.",if you dont give a shit about the job at this point contact the ceo. explain your own boss won t answer you you were lied to in the interview and you can t effectively do what you were hired for without a team being able to ignore l  tickets. make sure you can cite specific examples and show the unresponded to attempts to talk with your boss.,68,15.0,,sysadmin,4
kdn5fre,18jvfj9,,,UCFknight2016,2023-12-16 18:13:29,1702750409.0,2023,12,2023-12,"Here is what I would do - Go back, but say you want PTO and benefits. If they bite, spend the next 3 months finding another job while putting in the bare minimum. Quit on the spot once you find something better.",here is what i would do   go back but say you want pto and benefits. if they bite spend the next   months finding another job while putting in the bare minimum. quit on the spot once you find something better.,40,3.0,,sysadmin,4
jn3q8sg,141rxu7,,,dasookwat,2023-06-06 10:40:27,1686048027.0,2023,6,2023-06,"Lemons and lemonade, if they want consultancy, let some company audit the it environment, the report coming from this, gives you the leverage for needed improvements. Let staff make a plan t execute the improvements, gt a go from mgt, and add the success to your resume.",lemons and lemonade if they want consultancy let some company audit the it environment the report coming from this gives you the leverage for needed improvements. let staff make a plan t execute the improvements gt a go from mgt and add the success to your resume.,47,1.0,,sysadmin,4
l1ij0oh,1cefz1i,,,thenewguyonreddit,2024-04-27 15:48:44,1714232924.0,2024,4,2024-04,"Every job sucks dude. Technology sucks because it’s always changing. Trades suck because it tears your body up. Sales suck because customers are cheap and have unrealistic expectations. Finance sucks because you’re working in spreadsheets all day. Entrepreneur sucks because you have to take on all the financial risk yourself. 

You have a bad case of grass is greener syndrome. My advice is be humble and try to look in the bright side of what you have.",every job sucks dude. technology sucks because it s always changing. trades suck because it tears your body up. sales suck because customers are cheap and have unrealistic expectations. finance sucks because you re working in spreadsheets all day. entrepreneur sucks because you have to take on all the financial risk yourself. you have a bad case of grass is greener syndrome. my advice is be humble and try to look in the bright side of what you have.,79,12.0,,sysadmin,4
lxw0sb2,1gs89kj,,,ksolves-India-LTD,2024-11-19 06:27:21,1731997641.0,2024,11,2024-11,"You've raised some valid points about the challenges of using Azure Synapse Analytics and the limitations of SQL Server as a data warehouse. While BigQuery and GCP have their strengths, Synapse has made strides with its MPP architecture and integration with other Azure services. That said, optimizing for performance can still feel like an uphill battle.

What’s been your experience with query performance tuning or workarounds in Synapse? Do you think hybrid setups, leveraging the strengths of both platforms, could be a viable compromise?",you ve raised some valid points about the challenges of using azure synapse analytics and the limitations of sql server as a data warehouse. while bigquery and gcp have their strengths synapse has made strides with its mpp architecture and integration with other azure services. that said optimizing for performance can still feel like an uphill battle. what s been your experience with query performance tuning or workarounds in synapse do you think hybrid setups leveraging the strengths of both platforms could be a viable compromise,86,1.0,,sysadmin,4
nju3o0n,1o7soak,,,denmicent,2025-10-16 18:09:54,1760638194.0,2025,10,2025-10,"Ok, with the additional policies, did you ever apply a new retention tag? Without the tag, the policy won’t do anything.

Or am I misunderstanding you?",ok with the additional policies did you ever apply a new retention tag without the tag the policy won t do anything. or am i misunderstanding you,27,1.0,,sysadmin,4
jsds2yc,152dq96,,,omni876,2023-07-17 22:51:02,1689634262.0,2023,7,2023-07,"I work with people in a technical environment, multiple servers, multiple subnets, vlans everywhere and some of them don't know what ping is...... 

You'll be fine. Get the task your working on atm fixed and maybe take a long weekend",i work with people in a technical environment multiple servers multiple subnets vlans everywhere and some of them don t know what ping is...... you ll be fine. get the task your working on atm fixed and maybe take a long weekend,42,3.0,,sysadmin,4
nza3i79,1qbe99n,,,pq11333,2026-01-13 02:23:39,1768271019.0,2026,1,2026-01,"Start looking for another job, and read book that teaches you how to say NO. Start doing as little as possible and just enough to get you by until you find a new job.",start looking for another job and read book that teaches you how to say no. start doing as little as possible and just enough to get you by until you find a new job.,34,2.0,,sysadmin,4
ew2fyn5,cmdhfu,,,chrisanzalone007,2019-08-05 22:55:36,1565045736.0,2019,8,2019-08,"

Stop caring about pleasing other people.
Work your 8 hours and leave. 

#1 - expect to and ALLOW balls to drop if you can justify it.

I have way too many fucks to give but I end up killing myself for it and it’s not worth it. Enjoy your free time and your life. 

Work to live.
Do t live to work.",stop caring about pleasing other people. work your   hours and leave.     expect to and allow balls to drop if you can justify it. i have way too many fucks to give but i end up killing myself for it and it s not worth it. enjoy your free time and your life. work to live. do t live to work.,60,5.0,,sysadmin,4
muias74,1kvuzs8,,,awetsasquatch,2025-05-27 12:54:43,1748350483.0,2025,5,2025-05,"Brutal way to start a career in IT, but it's unfortunately all too common. Loads of businesses don't see IT as a value add, it's just a cost, so early on, we're underpaid and we don't always get treated the best. Keep your resume updated, keep applying for what jobs are there, and do your best to soak up everything you can. I promise it gets better the further in your career you go - also (just in my experience) you'll get treated better in larger companies rather than smaller ones. Maybe focus on those?",brutal way to start a career in it but it s unfortunately all too common. loads of businesses don t see it as a value add it s just a cost so early on we re underpaid and we don t always get treated the best. keep your resume updated keep applying for what jobs are there and do your best to soak up everything you can. i promise it gets better the further in your career you go   also you ll get treated better in larger companies rather than smaller ones. maybe focus on those,96,1.0,,sysadmin,4
ejlryef,b6mrwr,,,I_Chose_A_User_Name,2019-03-28 20:33:23,1553805203.0,2019,3,2019-03,"I have a department in my company that deals with all that.   


thank fucking god ",i have a department in my company that deals with all that. thank fucking god,15,8.0,,sysadmin,4
hsrac9r,s44p6w,,,mwohpbshd,2022-01-15 12:22:53,1642249373.0,2022,1,2022-01,"If I lost it every time I screwed something up, I wouldn't be around.

20 years doing this and I still make mistakes.  Just own them, fix them and move on.

I personally can't take it to heart.  It's just a job, not my life.",if i lost it every time i screwed something up i wouldn t be around.    years doing this and i still make mistakes. just own them fix them and move on. i personally can t take it to heart. it s just a job not my life.,47,2.0,,sysadmin,4
h4ineac,ogg2wj,,,DarkJediHawkeye77,2021-07-08 21:02:06,1625778126.0,2021,7,2021-07,"In general, policies should be kept separate from the default domain policy with only a few exceptions such as password policy and a couple others it has been a best practice for decades. Not saying how they are in the system is at all best or even functional though. 

Honestly, you may not have a better learning experience than taking this on directly. However you are going to need assistance from more experienced tech on an advisory/mentor basis for sure to make sure you don’t ha e to redo things later and are familiar with the reasons why you went this way as opposed to that. In interviews if you thought it out and can explain it you still do fine most places you will end up. 

From a basic AD perspective, that is a long procees, but getting the backup world working first would be my top priority. Job 1 get backups done, job 2 figure out in test how to restore something. This will help you sleep at night. 

You have questions send me a message, feel free to ask specifics but come into the question prepared",in general policies should be kept separate from the default domain policy with only a few exceptions such as password policy and a couple others it has been a best practice for decades. not saying how they are in the system is at all best or even functional though. honestly you may not have a better learning experience than taking this on directly. however you are going to need assistance from more experienced tech on an advisory mentor basis for sure to make sure you don t ha e to redo things later and are familiar with the reasons why you went this way as opposed to that. in interviews if you thought it out and can explain it you still do fine most places you will end up. from a basic ad perspective that is a long procees but getting the backup world working first would be my top priority. job   get backups done job   figure out in test how to restore something. this will help you sleep at night. you have questions send me a message feel free to ask specifics but come into the question prepared,189,3.0,,sysadmin,4
kdn0grz,18jvfj9,,,placated,2023-12-16 17:44:53,1702748693.0,2023,12,2023-12,Don’t go back and don’t go back to work for a company of this size. They are all like this.,don t go back and don t go back to work for a company of this size. they are all like this.,22,4.0,,sysadmin,4
mr3b7st,1kgggww,,,InfinityConstruct,2025-05-07 16:38:08,1746635888.0,2025,5,2025-05,"Move to internal IT. I was in the exact same position as you in MSP land, getting tired of doing everything from Level 1 stuff to badly organized large scale migration projects and having to constantly switch gears.

Moved to an internal IT position with dedicated support teams and now get to solely focus on infra and backend project stuff, mostly Azure.

I barely ever have to talk to end users. I am much happier and have time to upskill in the stuff I actually want to do and get paid for my skillet and exp, not how many billable hours I can clock. 

It's a different world.",move to internal it. i was in the exact same position as you in msp land getting tired of doing everything from level   stuff to badly organized large scale migration projects and having to constantly switch gears. moved to an internal it position with dedicated support teams and now get to solely focus on infra and backend project stuff mostly azure. i barely ever have to talk to end users. i am much happier and have time to upskill in the stuff i actually want to do and get paid for my skillet and exp not how many billable hours i can clock. it s a different world.,108,2.0,,sysadmin,4
itq032t,ycqwbc,,,michaelpaoli,2022-10-25 13:46:43,1666705603.0,2022,10,2022-10,">overwhelmed by the sheer infinite amount of things you need to learn

Oh, but you haven't even learned 1/10 of 1% of it yet. ;-)

>started green, but found a way to carry on...  
HOW???

Everybody's path is different.  And ... IT ain't for everybody.  Anyway ...

How?  May or may not work for you ... or anyone else (and then there's that whole timeshift thing), but my path went about like this:

* ... 12-17 got interested in electronics, first some relatively trivial circuits, then somewhat more complex ... and started also studying and well learning how they worked ...
* \~14-17 met someone who became a great mentor (and friend) - they worked mostly as a TV service technician - they also gave me a lot of older radio and TV electronics magazines
   * also picked up lots of old/used/discarded electronics - TV sets, and other electronics ... to troubleshoot and repair and/or scrap for parts - even fair number of years later I'd still do that - pick up the electronics to repair, or for parts.
   * I'd also fix a lot of the electronics of friends and coworkers of my mom's
* 14-17 also took electronics in high school - much of the stuff I already knew, but it helped fill some gaps, and gave me more hands-on - especially the 2nd & 3rd years when I could pretty much pick and do whatever projects I wanted
* 16-17 computers first made it to my school ... at least ones the students could touch, I quickly learned programming and was quite good at it
* 16-20 college (and some of that overlapping high school) ... degree program: EECS ... but alas, didn't graduate.  Oh, and included UNIX - as early a 1980.
* \~21-22 did some sh\*t jobs (and crud starving student full time Summer jobs 'n such + some other part-time stuff going back to at least only 16), - yeah, zero college degee, not much of a shot at significant IT jobs ... then got foot-in-the-door of IT nothin' snazzy to start ...
* IT ...:
* QA (testing cables and other electronics assemblies)
* assembler - assembling the above
* ""Tech Support"" - for same employer - take engineering specifications, and turn 'em into computerized parts inventory and build specs for the assemblers to build the products; also bit of electronics design work, maintaining manufacturing equipment, learned and did some more programming, etc.
* another employer - QA - I was final check of anything and everything before it went to inventory for being shipped out the door - except for some PC software - there was another person who covered that, but I covered everything else - including also fault isolation of anything that didn't pass - had to flag it as either assembly error and it would go back to assembler, or faulty component (in which case I simply repaired it ... unless it was something so obvious assembler should've caught it).  Also learned C while I was there, did fair bit of programming in BASIC and C - some of which was used to semi-automate some of the QA testing I did.
* another employer - ""Tech support manager"" - though I didn't have full manager responsibilities (actually never have), but still oversaw a few folks - sometimes up to about 8 (when other manager went on vacation).  Basically glorified help desk - provide support on PC's and related equipment, mostly via phone; also oversaw repair technicians (I was their escalation point for matters technical, or 1st line of escalation with any customer issues/disputes over repairs/servicing and sometimes other matters).  Did a fair bit more there with DOS (and first used DOS at prior employer - also got to use UNIX there first time since college), and this employer, also some more UNIX bits.  Also got my first x86 computer while I worked there ... and yes, got and ran UNIX (well, Xenix) on it.  And yes, learned lots of UNIX - mostly on my own.
* next employer - Director of M.I.S. ... of a small company with a 2 person M.I.S. department.  Anyway, did lots of UNIX programming and sysadmin work there, and also DOS, dealt with hardware, etc.  Not exactly full-time UNIX sysadmin, but more than 50% of the work was that.
* next employer - was there about 10 years, worked in 3 different departments, under about 5 different manager - lot of growth, etc. - started as the only full-time UNIX admin in a small (but well positioned) department ... about a half dozen UNIX machines ... by the time I left that employer I'd covered up through being on team of about 20 supporting thousands of \*nix host - mostly production, being quite the sr. sysadmin and team lead for my location (distributed team), also was very instrumental in improving sysadmin filtering/hiring/recruitment processes, mentored and grew multiple sysadmins, etc.
* next employer, on team of about 3 sysadmins handling hundreds to thousands of \*nix hosts, including also going into cloud - lots of stuff I did was designing, building out, and maintaining infrastructure - hardware, software, programming, ... supported many hundreds of gTLDs and well over many tens of millions of users
* next place I worked, provided sysadmin support for thousands of production \*nix hosts, on a team of about 15 to 20 or so sysadmins.  Also did various programming work, e.g. like in a few working days or so, ported a Perl application from Solaris to Red Hat ... whereas earlier they had in a team of 3 consultants that failed to manage to do that when given an entire month to do that; anyway, besides lots of the sysadm stuff, isolated faults on and often fixed things where nobody else on the team could manage to do so - likewise also manged to keep some legacy \*nix stuff running - and get it back into operation when it failed - when nobody else on the team could ... on multiple occasions and for multiple such systems.
* next place I worked - a major telecommunications provider - many hundreds of on-prem \*nix hosts, and many thousands of \*nix instances in cloud - basically myself - the most sr./technical (at least almost all the time) among about 3 sysadmins covering all that.  So, lots of sysadmin stuff, mentoring other sysadmins, recruiting, filtering, interviewing, etc.., lots of architecture design, etc. work, lots of automation/programming work, and fair bit of troubleshooting and fixing issues - most notably the particularly tough issues that nobody else on the team would be able to resolve (and a few of which were highly challenging).
* and current ""DevOps"" (prior was too), lots more in the cloud, much larger scale, on team of about half dozen DevOps folks, mostly wrangling virtual infrastructure and systems at scale, solving the tough occasional odd-ball problem that would show up, etc.

Anyway, that covers about 4.5 decades.  Oh, yeah, and I've always been interested in UNIX/Linux ... do lots of that on my own too.  Heck, my ""home"" operating system has never been Microsoft or MacOS - started with \*nix, and continues to be \*nix.",overwhelmed by the sheer infinite amount of things you need to learn oh but you haven t even learned      of   of it yet.   started green but found a way to carry on... how everybody s path is different. and ... it ain t for everybody. anyway ... how may or may not work for you ... or anyone else but my path went about like this: ...       got interested in electronics first some relatively trivial circuits then somewhat more complex ... and started also studying and well learning how they worked ...       met someone who became a great mentor   they worked mostly as a tv service technician   they also gave me a lot of older radio and tv electronics magazines also picked up lots of old used discarded electronics   tv sets and other electronics ... to troubleshoot and repair and or scrap for parts   even fair number of years later i d still do that   pick up the electronics to repair or for parts. i d also fix a lot of the electronics of friends and coworkers of my mom s       also took electronics in high school   much of the stuff i already knew but it helped fill some gaps and gave me more hands on   especially the  nd  rd years when i could pretty much pick and do whatever projects i wanted       computers first made it to my school ... at least ones the students could touch i quickly learned programming and was quite good at it       college ... degree program: eecs ... but alas didn t graduate. oh and included unix   as early a     .       did some sh t jobs   yeah zero college degee not much of a shot at significant it jobs ... then got foot in the door of it nothin snazzy to start ... it ...: qa assembler   assembling the above tech support   for same employer   take engineering specifications and turn em into computerized parts inventory and build specs for the assemblers to build the products also bit of electronics design work maintaining manufacturing equipment learned and did some more programming etc. another employer   qa   i was final check of anything and everything before it went to inventory for being shipped out the door   except for some pc software   there was another person who covered that but i covered everything else   including also fault isolation of anything that didn t pass   had to flag it as either assembly error and it would go back to assembler or faulty component . also learned c while i was there did fair bit of programming in basic and c   some of which was used to semi automate some of the qa testing i did. another employer   tech support manager   though i didn t have full manager responsibilities but still oversaw a few folks   sometimes up to about   . basically glorified help desk   provide support on pc s and related equipment mostly via phone also oversaw repair technicians . did a fair bit more there with dos and this employer also some more unix bits. also got my first x   computer while i worked there ... and yes got and ran unix on it. and yes learned lots of unix   mostly on my own. next employer   director of m.i.s. ... of a small company with a   person m.i.s. department. anyway did lots of unix programming and sysadmin work there and also dos dealt with hardware etc. not exactly full time unix sysadmin but more than    of the work was that. next employer   was there about    years worked in   different departments under about   different manager   lot of growth etc.   started as the only full time unix admin in a small department ... about a half dozen unix machines ... by the time i left that employer i d covered up through being on team of about    supporting thousands of nix host   mostly production being quite the sr. sysadmin and team lead for my location also was very instrumental in improving sysadmin filtering hiring recruitment processes mentored and grew multiple sysadmins etc. next employer on team of about   sysadmins handling hundreds to thousands of nix hosts including also going into cloud   lots of stuff i did was designing building out and maintaining infrastructure   hardware software programming ... supported many hundreds of gtlds and well over many tens of millions of users next place i worked provided sysadmin support for thousands of production nix hosts on a team of about    to    or so sysadmins. also did various programming work e.g. like in a few working days or so ported a perl application from solaris to red hat ... whereas earlier they had in a team of   consultants that failed to manage to do that when given an entire month to do that anyway besides lots of the sysadm stuff isolated faults on and often fixed things where nobody else on the team could manage to do so   likewise also manged to keep some legacy nix stuff running   and get it back into operation when it failed   when nobody else on the team could ... on multiple occasions and for multiple such systems. next place i worked   a major telecommunications provider   many hundreds of on prem nix hosts and many thousands of nix instances in cloud   basically myself   the most sr. technical among about   sysadmins covering all that. so lots of sysadmin stuff mentoring other sysadmins recruiting filtering interviewing etc.. lots of architecture design etc. work lots of automation programming work and fair bit of troubleshooting and fixing issues   most notably the particularly tough issues that nobody else on the team would be able to resolve . and current devops lots more in the cloud much larger scale on team of about half dozen devops folks mostly wrangling virtual infrastructure and systems at scale solving the tough occasional odd ball problem that would show up etc. anyway that covers about  .  decades. oh yeah and i ve always been interested in unix linux ... do lots of that on my own too. heck my home operating system has never been microsoft or macos   started with nix and continues to be nix.,1018,2.0,,sysadmin,4
fb3hf5u,eb8vnd,,,Pyrostasis,2019-12-16 05:13:28,1576473208.0,2019,12,2019-12,"Express to your leadership your concerns on how green you are and how big this move is. Explain you  are happy to TRY but that you will be learning as you go and it may not be smooth.

If they are ok with that, then fuck it take the opportunity and learn.

IF they arent get a MSP to at least assist.",express to your leadership your concerns on how green you are and how big this move is. explain you are happy to try but that you will be learning as you go and it may not be smooth. if they are ok with that then fuck it take the opportunity and learn. if they arent get a msp to at least assist.,62,0.0,,sysadmin,4
dw07ri2,85tyez,,,gort32,2018-03-20 18:03:34,1521569014.0,2018,3,2018-03,"The only way to deal with burnout is to implement a significant change.

It sounds like you are not empowered to make a change from within this organization.  Upper management does not see an issue, so either you try to champion a change in the face of apathy (at best), or you live with things as-is the same as everyone else is doing.

So, if you can't effect a major change within the organization, your best bet may be to change organizations.  If it's been 5 years, it is likely time for a change anyway to help advance your career and salary as significant advancements within an organization are rare.

If you've got the job that pays the bills right now, you are in an excellent position to start the hunt for a brighter and better place, without the pressure of ""I gotta find a job yesterday!"".

But if something doesn't change, the burnout is going to continue, so you need to focus on where such a change can occur.",the only way to deal with burnout is to implement a significant change. it sounds like you are not empowered to make a change from within this organization. upper management does not see an issue so either you try to champion a change in the face of apathy or you live with things as is the same as everyone else is doing. so if you can t effect a major change within the organization your best bet may be to change organizations. if it s been   years it is likely time for a change anyway to help advance your career and salary as significant advancements within an organization are rare. if you ve got the job that pays the bills right now you are in an excellent position to start the hunt for a brighter and better place without the pressure of i gotta find a job yesterday . but if something doesn t change the burnout is going to continue so you need to focus on where such a change can occur.,173,1.0,,sysadmin,4
n74n597,1mih39w,,,Fantastic_Sail1881,2025-08-05 22:24:46,1754432686.0,2025,8,2025-08,"If you write that letter you are going to look like a clown. You could have fought while you were an employee, now the only guy they think knows anything is the dude you quit over. You can't make them choose him or you when you have already quit. ",if you write that letter you are going to look like a clown. you could have fought while you were an employee now the only guy they think knows anything is the dude you quit over. you can t make them choose him or you when you have already quit.,50,30.0,,sysadmin,4
ml0zau4,1jpnljd,,,Defiant-Moose-,2025-04-02 14:19:08,1743603548.0,2025,4,2025-04,"This is where you’re truly tested—not by others, but by yourself. Your manager expects you to provide all the solutions, initiate projects, manage timelines, oversee OPEX and CAPEX expenditures, serve as the SME in meetings, provide RCAs, and everything else in between.

If you’re truly cut out for this, you’ll develop a routine and pace that works for you which is the best part. Stay on top of everything, and it’s bliss. But if you slack here and there, it will quickly surface, and you’ll have to face the music. When you inevitably FUBAR something (and you will), don’t hide it. Communicate. 

As for other departments throwing IT under the bus, that’s normal behavior. It’s corporate politics. Play it back in a professional sense. If you know your stuff and are on top of everything, it’s not an issue. Communicate often, clearly, and more importantly, expect to dumb it all down for the stakeholders. They’ll appreciate it and will take note.

You have the job for a reason.",this is where you re truly tested not by others but by yourself. your manager expects you to provide all the solutions initiate projects manage timelines oversee opex and capex expenditures serve as the sme in meetings provide rcas and everything else in between. if you re truly cut out for this you ll develop a routine and pace that works for you which is the best part. stay on top of everything and it s bliss. but if you slack here and there it will quickly surface and you ll have to face the music. when you inevitably fubar something don t hide it. communicate. as for other departments throwing it under the bus that s normal behavior. it s corporate politics. play it back in a professional sense. if you know your stuff and are on top of everything it s not an issue. communicate often clearly and more importantly expect to dumb it all down for the stakeholders. they ll appreciate it and will take note. you have the job for a reason.,176,1.0,,sysadmin,4
dzcz6aj,8l4zhj,,,Xibby,2018-05-22 00:02:31,1526947351.0,2018,5,2018-05,"> I will never again work more than 45 hours... 

A few years ago I was interviewing. Hiring Manager told me all about how they usually work around 45 hours each week. 

I looked at her and said “I plan my work so I get it done within a reasonable amount of time and maintain my work/life balance.” 

The expression I got in return said I was speaking a foreign language. When asked what I expected for compensation I stated extra $5,000 above what I was actually looking for. 

Funny I didn’t get a callback on that job. No regrets. 

Never forget to take care of yourself and put your needs first. Your employer isn’t going to do that for you.",i will never again work more than    hours... a few years ago i was interviewing. hiring manager told me all about how they usually work around    hours each week. i looked at her and said i plan my work so i get it done within a reasonable amount of time and maintain my work life balance. the expression i got in return said i was speaking a foreign language. when asked what i expected for compensation i stated extra       above what i was actually looking for. funny i didn t get a callback on that job. no regrets. never forget to take care of yourself and put your needs first. your employer isn t going to do that for you.,120,11.0,,sysadmin,4
jh9ssqm,12v6o3h,,,Hollow3ddd,2023-04-22 14:16:19,1682172979.0,2023,4,2023-04,"Troubleshooting at the higher levels gets a bit more creative, but a strong base is needed.  Programming even moreso.  I'd take a look at itfreetraining series on youtube for a very great beginner intro on concept in short digestable vids, if you decide to stick w/ it.  

I guess the question is ""why"" do you hate it?  Personality, boss, environment, skillset?  Was the professor any good at explaining this too others?  You are still young, I started my IT career a few years after you.  Love what I do, but it's still just a paycheck.  If I hated it, that might be different, prob start taking some other classes and get ready to bounce, or see what other industries are like.  


Best of luck!",troubleshooting at the higher levels gets a bit more creative but a strong base is needed. programming even moreso. i d take a look at itfreetraining series on youtube for a very great beginner intro on concept in short digestable vids if you decide to stick w  it. i guess the question is why do you hate it personality boss environment skillset was the professor any good at explaining this too others you are still young i started my it career a few years after you. love what i do but it s still just a paycheck. if i hated it that might be different prob start taking some other classes and get ready to bounce or see what other industries are like. best of luck,126,2.0,,sysadmin,4
nuciq84,1po3az2,,,volster,2025-12-16 15:34:25,1765899265.0,2025,12,2025-12,"I don't take my work personality 

I. E - bar the time and effort it'd take to find another job, I don't care if the idiotic desth-by-policy results in the firm going under, and/or the building burning down with all my coworkers trapped inside it - I donk have any skin in the game and nil emotional investment in the neverending shit show. 

I have a defined role I've agreed to do for 8 hours a day in exchange for x amount of money.... I just do that and anything else quite simply isn't my problem 

2. I don't subscribe to the ""it helpdesk as underling bitch boy"" mindset and won't jump through hoops - I'll absolutely report people being disrespectful and if my own management won't nip it in the bud.... Off to HR it goes 

They're colleagues not customers.  It's as much about framing as anything else.... They'd never dream of speaking to any other department the same way, so why on earth would I tolerate being their punching bag?



3. ""Poor planning on your part does not constitute an emergency on mine""  - a big part of it is simply not allowing them to roust you into being ""frantic"" - retain s measured tone and be cheerfully unbothered In the face of their ridiculous tantrums 


 users should be able to indicate relative importance, but not triage their own tickets or assign priority - user chasing it as urgent is just a note on the ticket that they chased it

4. Retain sanity in the endless see if tickets by operating exclusively on short term memory **everything** gets dumped into the notes, the moment you close it and move onto the next one, all the details including their name simply never existed",i don t take my work personality i. e   bar the time and effort it d take to find another job i don t care if the idiotic desth by policy results in the firm going under and or the building burning down with all my coworkers trapped inside it   i donk have any skin in the game and nil emotional investment in the neverending shit show. i have a defined role i ve agreed to do for   hours a day in exchange for x amount of money.... i just do that and anything else quite simply isn t my problem  . i don t subscribe to the it helpdesk as underling bitch boy mindset and won t jump through hoops   i ll absolutely report people being disrespectful and if my own management won t nip it in the bud.... off to hr it goes they re colleagues not customers. it s as much about framing as anything else.... they d never dream of speaking to any other department the same way so why on earth would i tolerate being their punching bag  . poor planning on your part does not constitute an emergency on mine   a big part of it is simply not allowing them to roust you into being frantic   retain s measured tone and be cheerfully unbothered in the face of their ridiculous tantrums users should be able to indicate relative importance but not triage their own tickets or assign priority   user chasing it as urgent is just a note on the ticket that they chased it  . retain sanity in the endless see if tickets by operating exclusively on short term memory everything gets dumped into the notes the moment you close it and move onto the next one all the details including their name simply never existed,302,3.0,,sysadmin,4
igkunnp,w1jwtg,,,St0nywall,2022-07-17 23:39:37,1658101177.0,2022,7,2022-07,"Here is what I have learned about working over the last 40 some years.

1. You work to provide the means to live.  
Be it putting a roof over your head or supporting a lavish lifestyle, your pay needs to support what makes you happy and healthy outside of work.
2. You never, ever, work more than the hours you are being paid for.  
There may be circumstances that you have to work more, but it should not be the norm.
3. If your home life (with or without a family) is suffering because of your job, you need to find a way to modify the job or find a new job immediately.

Do not let making more and more money or prestige (titles) become the driving factor for your work.  It always burns you out.",here is what i have learned about working over the last    some years.  . you work to provide the means to live. be it putting a roof over your head or supporting a lavish lifestyle your pay needs to support what makes you happy and healthy outside of work.  . you never ever work more than the hours you are being paid for. there may be circumstances that you have to work more but it should not be the norm.  . if your home life is suffering because of your job you need to find a way to modify the job or find a new job immediately. do not let making more and more money or prestige become the driving factor for your work. it always burns you out.,129,66.0,,sysadmin,4
l2ablqf,1cimagz,,,mcshanksshanks,2024-05-02 18:59:58,1714676398.0,2024,5,2024-05,"Take a look at openings at your state university/colleges especially if you have at least ten more working years so you can get yourself some actual work/life balance, most likely better health/dental benefits and a state pension.",take a look at openings at your state university colleges especially if you have at least ten more working years so you can get yourself some actual work life balance most likely better health dental benefits and a state pension.,40,3.0,,sysadmin,4
jwz2bq3,15vouk2,,,FireQuencher_,2023-08-20 08:27:41,1692520061.0,2023,8,2023-08,"I just left a company like that after being there for 2 years. Definitely made a change in the systems, but the culture for IT never improved. Things were still ran terribly, constant changes in priority.

My health slowly got worse and worse over time from the stress. Ended up on multiple medications, et

Am now at a new place for ~4 months and doing much better. All my health issues are cleared up.

Morale of my story is if you stay just keep a good eye on yourself. Keep yourself first and watch for the warning signs to dip.

Its really hard to evolve a culture like that",i just left a company like that after being there for   years. definitely made a change in the systems but the culture for it never improved. things were still ran terribly constant changes in priority. my health slowly got worse and worse over time from the stress. ended up on multiple medications et am now at a new place for   months and doing much better. all my health issues are cleared up. morale of my story is if you stay just keep a good eye on yourself. keep yourself first and watch for the warning signs to dip. its really hard to evolve a culture like that,107,2.0,,sysadmin,4
gawkoh2,jmmfsm,,,NateNetAdmin,2020-11-02 15:39:56,1604331596.0,2020,11,2020-11,"Another good lesson is about valuing your own time. People will recognize the value of your time, by how much you value your own time. No one will value your time more than you do.

If you are constantly dropping tasks to work on other tasks, everyone will assume they are the  most important issue. Once you establish a value of your time, people will (eventually) recognize where their issue fall into priority.

Unfortunately, it will involve a rude (but professional) awakening for users that have been ""trained"" (by you) to think that they are first in line for service.

This is all part of growing up. Sometimes it takes years to develop your own time's value. Sometimes, it takes finding a new job and starting fresh with a new company.

We've all been there.",another good lesson is about valuing your own time. people will recognize the value of your time by how much you value your own time. no one will value your time more than you do. if you are constantly dropping tasks to work on other tasks everyone will assume they are the most important issue. once you establish a value of your time people will recognize where their issue fall into priority. unfortunately it will involve a rude awakening for users that have been trained to think that they are first in line for service. this is all part of growing up. sometimes it takes years to develop your own time s value. sometimes it takes finding a new job and starting fresh with a new company. we ve all been there.,132,7.0,,sysadmin,4
jx0lxja,15wdh3i,,,hydra458,2023-08-20 16:47:33,1692550053.0,2023,8,2023-08,"Don’t be afraid of other career paths outside of IT too. I found myself in a similar situation and taking that leap was the best choice of my life. Nothing saying you can’t jump back into the IT space especially if you manage to get a managerial or sales position for the short term while you regain your physical and mental health, and who knows you may like your new job you may never want to return to IT.",don t be afraid of other career paths outside of it too. i found myself in a similar situation and taking that leap was the best choice of my life. nothing saying you can t jump back into the it space especially if you manage to get a managerial or sales position for the short term while you regain your physical and mental health and who knows you may like your new job you may never want to return to it.,81,8.0,,sysadmin,4
gayzuzl,jmmfsm,,,jpking17,2020-11-03 03:58:13,1604375893.0,2020,11,2020-11,But hey...you get to fill out a survey every year so that the company can hear the voice of their employee...so you’ve got that going for you!  🤪,but hey...you get to fill out a survey every year so that the company can hear the voice of their employee...so you ve got that going for you,28,1.0,,sysadmin,4
oahnaot,1rtykbp,,,djgizmo,2026-03-15 00:03:36,1773533016.0,2026,3,2026-03,most msp jobs are burn out jobs.  Take a few niche certs (network  or something) and then bail.  ,most msp jobs are burn out jobs. take a few niche certs and then bail.,15,1.0,,sysadmin,4
evrp1wm,cky9eo,,,bigfoot_76,2019-08-02 02:51:33,1564714293.0,2019,8,2019-08,"Wow that’s basically the equivalent of a $22/hr job before even figuring in fuel...this completely assumes you’re managing to hold it to only 40 hours (I’m guessing your note given all the BS holiday people are taking). 

Time for 3 envelopes",wow that s basically the equivalent of a    hr job before even figuring in fuel...this completely assumes you re managing to hold it to only    hours . time for   envelopes,30,13.0,,sysadmin,4
jt0kpko,156j21g,,,Drylnor,2023-07-22 16:41:02,1690044062.0,2023,7,2023-07,"I'm a little more than a year in the business. I'm alone at helpdesk and currently I'm transitioning at a role of junior sysadmin. My patience with the things you mentioned has already ran thin. 

I don't accept cold calls except from C level. Fuck everyone else. We have a ticketing system.
I don't take teams requests. Use the ticketing system.
I don't pay attention to messages urging me to give priority to their ticket. Get in line.

I ve had people interrupt my lunch and event me going to the bathroom. Not anymore. I tell them to open a ticket and the team will get on it as soon as possible 

If we don't set boundaries they will eat us alive. 

Don't get me wrong I still get pissed as hell when I'm in the middle of a ticket resolution or other project and get 5 cold calls in 10minutes from the same person that doesn't seem to be able to get the hint, but I don't give in. They will wait.",i m a little more than a year in the business. i m alone at helpdesk and currently i m transitioning at a role of junior sysadmin. my patience with the things you mentioned has already ran thin. i don t accept cold calls except from c level. fuck everyone else. we have a ticketing system. i don t take teams requests. use the ticketing system. i don t pay attention to messages urging me to give priority to their ticket. get in line. i ve had people interrupt my lunch and event me going to the bathroom. not anymore. i tell them to open a ticket and the team will get on it as soon as possible if we don t set boundaries they will eat us alive. don t get me wrong i still get pissed as hell when i m in the middle of a ticket resolution or other project and get   cold calls in   minutes from the same person that doesn t seem to be able to get the hint but i don t give in. they will wait.,183,7.0,,sysadmin,4
od8a0e3,1s791jr,,,whatdoido8383,2026-03-30 00:40:57,1774831257.0,2026,3,2026-03,"I'm not connecting the dots on how you took prod down for 6 hours by editing a hosts file. Can you clarify? 

Also, why did you need to flip to the cloud instance of you have Veeam, couldn't you just restore the Db quick? 

That sucks though. I took down prod once by forgetting to merge a running snapshot and filing up the storage lun... Didn't get fired for it but never made that mistake again. 
 ",i m not connecting the dots on how you took prod down for   hours by editing a hosts file. can you clarify also why did you need to flip to the cloud instance of you have veeam couldn t you just restore the db quick that sucks though. i took down prod once by forgetting to merge a running snapshot and filing up the storage lun... didn t get fired for it but never made that mistake again.,78,1.0,,sysadmin,4
i0q62hc,tef9no,,,xGarionx,2022-03-15 08:31:01,1647333061.0,2022,3,2022-03,"The curse of the generalist ( but as others says your manager needs to step up thier game hard), you have a good foundation in everything you have deeper understanding in somethings and always feel that you dont have any clue when you talk with a specialist.

However if you talk with a full own deep dive Database Admin he will look at you with blank eyes if you talk to him about firewalls deeper than ports, if you talk with a specialist network admin you get looks of dread if you talk about Development, if you talk with a developer about loadbalancing and redudancy he probably calls in sick the next day.

On top of that you do everything my advice :

\- No one can work : Prio 1 (equivalent to the C-Level cant find a file on thier desktop)

\- Someone cant work : Prio 2

\- Project (until stated otherwise) : Prio 3

\- Someone cant do a specific task : Prio 4 (if it cant be resolved immediatly and the immediate workaround doesnt work push it to next day)

\- Prio 5 everything else -> push it to next day.

Have a time frame for each day for : Projects and 'ticket resolving' if someone chats you up push them to later , if its a emergency (prio) push everything else to later",the curse of the generalist you have a good foundation in everything you have deeper understanding in somethings and always feel that you dont have any clue when you talk with a specialist. however if you talk with a full own deep dive database admin he will look at you with blank eyes if you talk to him about firewalls deeper than ports if you talk with a specialist network admin you get looks of dread if you talk about development if you talk with a developer about loadbalancing and redudancy he probably calls in sick the next day. on top of that you do everything my advice :   no one can work : prio     someone cant work : prio     project : prio     someone cant do a specific task : prio     prio   everything else   push it to next day. have a time frame for each day for : projects and ticket resolving if someone chats you up push them to later if its a emergency push everything else to later,170,1.0,,sysadmin,4
inlcaox,x85u9n,,,FunnyPirateName,2022-09-08 14:26:30,1662647190.0,2022,9,2022-09,"IT has always been viewed as a cost by mgmt and there is some fact to that. Where they fail, imo, is understand the costs of NOT having long-term IT people on staff. 

Sadly, most of them don't care, because it won't affect them personally and some of them can't see past their own noses. 

Source: 30+ years in IT.",it has always been viewed as a cost by mgmt and there is some fact to that. where they fail imo is understand the costs of not having long term it people on staff. sadly most of them don t care because it won t affect them personally and some of them can t see past their own noses. source:    years in it.,63,1.0,,sysadmin,1
l3mnqfn,1cprcan,,,Snuggle__Monster,2024-05-11 21:42:14,1715463734.0,2024,5,2024-05,"Your mental health is more important than anything, so you seriously need to take that into consideration.  Are the days frustrating?  Sure, but are they impacting your health?  That's something you need to look into.  Go see your primary doctor and let them know you're experiecing stress at work and you want a basic checkup.  That won't take much effort.

Also, you said change in management.  If you had a solid working relationship with your old managers, reach out to them and see if they can help you jump ship.  If you're going to jump, it's better if you have a guaranteed landing spot.",your mental health is more important than anything so you seriously need to take that into consideration. are the days frustrating sure but are they impacting your health that s something you need to look into. go see your primary doctor and let them know you re experiecing stress at work and you want a basic checkup. that won t take much effort. also you said change in management. if you had a solid working relationship with your old managers reach out to them and see if they can help you jump ship. if you re going to jump it s better if you have a guaranteed landing spot.,109,2.0,,sysadmin,3
j6qhkxt,10qej12,t3_10qej12,t3_10qej12,InexpensiveElf,2023-02-01 04:07:45,1675224465.0,2023,2,2023-02,"The people (users) we deal with in cyber security are one thing, what you'd have to clean up with being a security guard I can't imagine. It will be just as wild with new threats and more annoying.",the people we deal with in cyber security are one thing what you d have to clean up with being a security guard i can t imagine. it will be just as wild with new threats and more annoying.,39,2.0,/r/cybersecurity/comments/10qej12/i_work_for_a_cyber_security_start_up_and_i_hate/j6qhkxt/,cybersecurity,3
ksc64xv,1b0ur2u,,,popperinthere,2024-02-27 05:46:38,1709012798.0,2024,2,2024-02,Same boat here and I'm looking for a new job. If you wanted to fight for access rights you could review your contract with HR and point out the corresponding Azure AD permission sets you require to fulfil your job description,same boat here and i m looking for a new job. if you wanted to fight for access rights you could review your contract with hr and point out the corresponding azure ad permission sets you require to fulfil your job description,42,1.0,,sysadmin,2
ia9zl5w,uzd6qq,,,CaptainWillThrasher,2022-05-28 04:05:11,1653710711.0,2022,5,2022-05,"Maybe Broadcom will buy Oracle next - or just VirtualBox, and then we are left out to dry.",maybe broadcom will buy oracle next   or just virtualbox and then we are left out to dry.,17,-1.0,,sysadmin,1
hnvjpkl,rc3zyp,,,shakes6819,2021-12-09 17:34:29,1639071269.0,2021,12,2021-12,"This wasn't with an MSP, but my first job was with a small company where each department did its own backups. I thought that was messed up, but I was new to all this, so after some initial pushback with management, I stopped pressing. Sure enough, a couple months later, we lose a drive on the server and I go looking for the backup. I'm handed a completely blank tape. Confused, I said, ""Can you show me how you do your backups?"" The guy says, ""Well, every night I take the tape out of this machine and I put a new tape in."" Management let me handle backups after that.",this wasn t with an msp but my first job was with a small company where each department did its own backups. i thought that was messed up but i was new to all this so after some initial pushback with management i stopped pressing. sure enough a couple months later we lose a drive on the server and i go looking for the backup. i m handed a completely blank tape. confused i said can you show me how you do your backups the guy says well every night i take the tape out of this machine and i put a new tape in. management let me handle backups after that.,112,2.0,,sysadmin,2
h97v9b2,p5oc3n,,,bberg22,2021-08-16 22:46:44,1629154004.0,2021,8,2021-08,Just warrantied a laptop today with pro support for spill damage and the chat was about 12 messages back and forth total. It's the easiest it's ever been. Usually pro support have less of a language barrier also.,just warrantied a laptop today with pro support for spill damage and the chat was about    messages back and forth total. it s the easiest it s ever been. usually pro support have less of a language barrier also.,39,8.0,,sysadmin,2
icd8h8q,vc689v,t3_vc689v,t3_vc689v,I_yam_wut_i_yam,2022-06-14 19:37:46,1655235466.0,2022,6,2022-06,"I know it's frustrating now, but there is a silver lining.  The more interviews you go through, the better you are at them.  Take note of the questions asked.  Think of ways you did well, and how you can improve.  Practice answering in a mirror and to those around you.  I guarantee it pays off.",i know it s frustrating now but there is a silver lining. the more interviews you go through the better you are at them. take note of the questions asked. think of ways you did well and how you can improve. practice answering in a mirror and to those around you. i guarantee it pays off.,56,2.0,/r/cybersecurity/comments/vc689v/just_got_last_moment_rejected/icd8h8q/,cybersecurity,1
ewz00e9,cqmczg,,,Erasus,2019-08-15 17:15:15,1565889315.0,2019,8,2019-08,"Core i3 second gen, 8GB RAM and an SSD will be fine for Windows 10 + Office work.",core i  second gen  gb ram and an ssd will be fine for windows    office work.,16,2.0,,sysadmin,2
