post_id,bat_score,subreddit,has_final_comments,diagnosis
d308dy,1,cybersecurity,False,A: SCRAPE GAP
deqcg7,1,cybersecurity,False,A: SCRAPE GAP
ffe4fn,2,cybersecurity,False,A: SCRAPE GAP
fihr7q,1,cybersecurity,False,A: SCRAPE GAP
gvg3kr,1,cybersecurity,False,A: SCRAPE GAP
hdg1oc,2,cybersecurity,False,A: SCRAPE GAP
koopfe,2,cybersecurity,False,"C: FILTERED OUT (had top-level comments, dropped by cleaning)"
kt5elz,1,cybersecurity,False,"C: FILTERED OUT (had top-level comments, dropped by cleaning)"
kwpezs,2,cybersecurity,False,"C: FILTERED OUT (had top-level comments, dropped by cleaning)"
ndmwnc,3,cybersecurity,False,"C: FILTERED OUT (had top-level comments, dropped by cleaning)"
o3j0h7,1,cybersecurity,False,A: SCRAPE GAP
qndd68,1,cybersecurity,False,"C: FILTERED OUT (had top-level comments, dropped by cleaning)"
rgilv3,1,cybersecurity,False,"C: FILTERED OUT (had top-level comments, dropped by cleaning)"
tjnqpa,2,cybersecurity,False,A: SCRAPE GAP
ts696i,1,cybersecurity,False,A: SCRAPE GAP
tx7dpm,1,cybersecurity,False,A: SCRAPE GAP
wflgem,1,cybersecurity,False,A: SCRAPE GAP
ww810p,1,cybersecurity,False,"C: FILTERED OUT (had top-level comments, dropped by cleaning)"
16iyf11,2,cybersecurity,False,A: SCRAPE GAP
179dmu3,3,cybersecurity,False,"C: FILTERED OUT (had top-level comments, dropped by cleaning)"
17q3fjp,1,cybersecurity,False,A: SCRAPE GAP
18fwmtt,3,cybersecurity,False,A: SCRAPE GAP
1985qib,4,cybersecurity,False,A: SCRAPE GAP
1ahs9v1,1,cybersecurity,False,A: SCRAPE GAP
1aj80uw,2,cybersecurity,False,A: SCRAPE GAP
1akkmmu,1,cybersecurity,False,A: SCRAPE GAP
1akl6o7,1,cybersecurity,False,A: SCRAPE GAP
1aommse,3,cybersecurity,False,A: SCRAPE GAP
1axdzp0,4,cybersecurity,False,A: SCRAPE GAP
1axj0jz,1,cybersecurity,False,A: SCRAPE GAP
1ay31tk,2,cybersecurity,False,A: SCRAPE GAP
1bcfvnu,2,cybersecurity,False,A: SCRAPE GAP
1be5nmb,1,cybersecurity,False,A: SCRAPE GAP
1bttlm5,2,cybersecurity,False,A: SCRAPE GAP
1bw3sgp,2,cybersecurity,False,A: SCRAPE GAP
1c5f6tc,1,cybersecurity,False,A: SCRAPE GAP
1d3r7t3,3,cybersecurity,False,A: SCRAPE GAP
1d88mcc,2,cybersecurity,False,A: SCRAPE GAP
1ddov0i,3,cybersecurity,False,A: SCRAPE GAP
1dewqwn,1,cybersecurity,False,A: SCRAPE GAP
1dhohj0,3,cybersecurity,False,A: SCRAPE GAP
1dokjdp,3,cybersecurity,False,A: SCRAPE GAP
1e0ab59,3,cybersecurity,False,A: SCRAPE GAP
1e9phxz,1,cybersecurity,False,A: SCRAPE GAP
1eew1b2,2,cybersecurity,False,A: SCRAPE GAP
1epq85j,3,cybersecurity,False,A: SCRAPE GAP
1eqpykj,3,cybersecurity,False,A: SCRAPE GAP
1ewj4ep,3,cybersecurity,False,A: SCRAPE GAP
1ex8yw0,1,cybersecurity,False,A: SCRAPE GAP
1f07rmf,4,cybersecurity,False,A: SCRAPE GAP
1f0rqwp,1,cybersecurity,False,A: SCRAPE GAP
1f2u19m,1,cybersecurity,False,A: SCRAPE GAP
1f66q95,1,cybersecurity,False,A: SCRAPE GAP
1f72fmd,3,cybersecurity,False,A: SCRAPE GAP
1f7qo9c,1,cybersecurity,False,"C: FILTERED OUT (had top-level comments, dropped by cleaning)"
1fpfxba,2,cybersecurity,False,A: SCRAPE GAP
1fsjq9s,1,cybersecurity,False,A: SCRAPE GAP
1ftf2dr,4,cybersecurity,False,A: SCRAPE GAP
1fvxopx,1,cybersecurity,False,A: SCRAPE GAP
1fytzub,1,cybersecurity,False,A: SCRAPE GAP
1g4r84h,1,cybersecurity,False,A: SCRAPE GAP
1gduly2,3,cybersecurity,False,A: SCRAPE GAP
1gh1lqd,1,cybersecurity,False,A: SCRAPE GAP
1gjvzwe,2,cybersecurity,False,A: SCRAPE GAP
1gm5fls,1,cybersecurity,False,A: SCRAPE GAP
1gla1mj,3,cybersecurity,False,A: SCRAPE GAP
1gmrxl3,1,cybersecurity,False,A: SCRAPE GAP
1gq4p0x,3,cybersecurity,False,A: SCRAPE GAP
1gxkp1g,1,cybersecurity,False,A: SCRAPE GAP
1h9e75e,1,cybersecurity,False,A: SCRAPE GAP
1hbgzlk,2,cybersecurity,False,A: SCRAPE GAP
1hbuzhy,1,cybersecurity,False,A: SCRAPE GAP
1hhdudw,4,cybersecurity,False,A: SCRAPE GAP
1htb95l,2,cybersecurity,False,A: SCRAPE GAP
1hust2q,1,cybersecurity,False,A: SCRAPE GAP
1hv05yo,1,cybersecurity,False,A: SCRAPE GAP
1i1ofif,2,cybersecurity,False,A: SCRAPE GAP
1i6uzjl,1,cybersecurity,False,A: SCRAPE GAP
1i8xzy6,1,cybersecurity,False,A: SCRAPE GAP
1ie48cu,1,cybersecurity,False,A: SCRAPE GAP
1in1lcr,1,cybersecurity,False,A: SCRAPE GAP
1is3mo2,1,cybersecurity,False,A: SCRAPE GAP
1iz4hjs,1,cybersecurity,False,A: SCRAPE GAP
1j06o5w,3,cybersecurity,False,A: SCRAPE GAP
1j1n5eb,1,cybersecurity,False,A: SCRAPE GAP
1j3zy48,1,cybersecurity,False,"C: FILTERED OUT (had top-level comments, dropped by cleaning)"
1je0gpb,1,cybersecurity,False,A: SCRAPE GAP
1jjs9zt,4,cybersecurity,False,A: SCRAPE GAP
1jmgby6,1,cybersecurity,False,A: SCRAPE GAP
1jqch46,1,cybersecurity,False,A: SCRAPE GAP
1jqjt8e,1,cybersecurity,False,A: SCRAPE GAP
1jx7mgu,4,cybersecurity,False,A: SCRAPE GAP
1k5ufm7,2,cybersecurity,False,"C: FILTERED OUT (had top-level comments, dropped by cleaning)"
1l2e7ky,1,cybersecurity,False,A: SCRAPE GAP
1l8k5kk,2,cybersecurity,False,A: SCRAPE GAP
1ldaz5f,3,cybersecurity,False,"C: FILTERED OUT (had top-level comments, dropped by cleaning)"
1mox0a1,1,cybersecurity,False,A: SCRAPE GAP
1mpvwzo,1,cybersecurity,False,"C: FILTERED OUT (had top-level comments, dropped by cleaning)"
1n4kmfz,2,cybersecurity,False,A: SCRAPE GAP
1o6qml3,1,cybersecurity,False,A: SCRAPE GAP
1p6p2wx,1,cybersecurity,False,"C: FILTERED OUT (had top-level comments, dropped by cleaning)"
1qcvnym,2,cybersecurity,False,A: SCRAPE GAP
1qigs66,1,cybersecurity,False,A: SCRAPE GAP
1qkiqhv,1,cybersecurity,False,A: SCRAPE GAP
1r61uvg,3,cybersecurity,False,"C: FILTERED OUT (had top-level comments, dropped by cleaning)"
1s1c5i7,1,cybersecurity,False,A: SCRAPE GAP
qzyp2b,1,SecurityCareerAdvice,False,"C: FILTERED OUT (had top-level comments, dropped by cleaning)"
15strf8,1,SecurityCareerAdvice,False,A: SCRAPE GAP
16yfopv,1,SecurityCareerAdvice,False,A: SCRAPE GAP
17a3dvb,1,SecurityCareerAdvice,False,A: SCRAPE GAP
1796oam,1,SecurityCareerAdvice,False,A: SCRAPE GAP
1bpdn8q,1,SecurityCareerAdvice,False,A: SCRAPE GAP
1bqu2yu,1,SecurityCareerAdvice,False,A: SCRAPE GAP
1cc4kdf,1,SecurityCareerAdvice,False,"C: FILTERED OUT (had top-level comments, dropped by cleaning)"
1ctpmzg,1,SecurityCareerAdvice,False,A: SCRAPE GAP
1du39td,4,SecurityCareerAdvice,False,A: SCRAPE GAP
1dz18ft,1,SecurityCareerAdvice,False,A: SCRAPE GAP
1e1oq2d,2,SecurityCareerAdvice,False,A: SCRAPE GAP
1eaiplu,1,SecurityCareerAdvice,False,A: SCRAPE GAP
1ek7jef,1,SecurityCareerAdvice,False,A: SCRAPE GAP
1eki9bz,2,SecurityCareerAdvice,False,A: SCRAPE GAP
1fbvynt,2,SecurityCareerAdvice,False,A: SCRAPE GAP
1fosbmy,1,SecurityCareerAdvice,False,A: SCRAPE GAP
1hws8fg,3,SecurityCareerAdvice,False,A: SCRAPE GAP
1i04gsu,1,SecurityCareerAdvice,False,A: SCRAPE GAP
1i0zr66,1,SecurityCareerAdvice,False,A: SCRAPE GAP
1i3n9qc,1,SecurityCareerAdvice,False,A: SCRAPE GAP
1ie8tff,1,SecurityCareerAdvice,False,A: SCRAPE GAP
1jgpkop,2,SecurityCareerAdvice,False,A: SCRAPE GAP
1jhsuwm,1,SecurityCareerAdvice,False,"C: FILTERED OUT (had top-level comments, dropped by cleaning)"
1jn4hmo,1,SecurityCareerAdvice,False,"C: FILTERED OUT (had top-level comments, dropped by cleaning)"
1jqcvck,1,SecurityCareerAdvice,False,A: SCRAPE GAP
1jwcf6q,2,SecurityCareerAdvice,False,"C: FILTERED OUT (had top-level comments, dropped by cleaning)"
1jwp0sq,4,SecurityCareerAdvice,False,A: SCRAPE GAP
1jwlnrh,1,SecurityCareerAdvice,False,A: SCRAPE GAP
1l99yp1,1,SecurityCareerAdvice,False,"C: FILTERED OUT (had top-level comments, dropped by cleaning)"
1ldq429,1,SecurityCareerAdvice,False,"C: FILTERED OUT (had top-level comments, dropped by cleaning)"
1lg09qo,2,SecurityCareerAdvice,False,A: SCRAPE GAP
1ls437t,3,SecurityCareerAdvice,False,A: SCRAPE GAP
1lxlo7d,1,SecurityCareerAdvice,False,A: SCRAPE GAP
1m29zif,1,SecurityCareerAdvice,False,A: SCRAPE GAP
1m5fze0,1,SecurityCareerAdvice,False,"C: FILTERED OUT (had top-level comments, dropped by cleaning)"
1m833zh,1,SecurityCareerAdvice,False,A: SCRAPE GAP
1mosnvs,3,SecurityCareerAdvice,False,"C: FILTERED OUT (had top-level comments, dropped by cleaning)"
1mq1ayy,1,SecurityCareerAdvice,False,A: SCRAPE GAP
1mtmgu9,1,SecurityCareerAdvice,False,"C: FILTERED OUT (had top-level comments, dropped by cleaning)"
1n0z3bi,1,SecurityCareerAdvice,False,A: SCRAPE GAP
1n5m9se,2,SecurityCareerAdvice,False,A: SCRAPE GAP
1n60unb,1,SecurityCareerAdvice,False,A: SCRAPE GAP
1nnvooi,2,SecurityCareerAdvice,False,"C: FILTERED OUT (had top-level comments, dropped by cleaning)"
1np1yab,2,SecurityCareerAdvice,False,A: SCRAPE GAP
1o8aujc,1,SecurityCareerAdvice,False,A: SCRAPE GAP
1oe80v3,1,SecurityCareerAdvice,False,A: SCRAPE GAP
1ouflb7,1,SecurityCareerAdvice,False,A: SCRAPE GAP
1oufrf9,1,SecurityCareerAdvice,False,A: SCRAPE GAP
1p60oft,2,SecurityCareerAdvice,False,A: SCRAPE GAP
1pkyyz0,1,SecurityCareerAdvice,False,A: SCRAPE GAP
1q0eo61,3,SecurityCareerAdvice,False,"C: FILTERED OUT (had top-level comments, dropped by cleaning)"
1qrgc1t,2,SecurityCareerAdvice,False,A: SCRAPE GAP
1qwucbb,1,SecurityCareerAdvice,False,"C: FILTERED OUT (had top-level comments, dropped by cleaning)"
1qzro6n,1,SecurityCareerAdvice,False,"C: FILTERED OUT (had top-level comments, dropped by cleaning)"
1r8hcl3,1,SecurityCareerAdvice,False,A: SCRAPE GAP
1rcitpf,1,SecurityCareerAdvice,False,A: SCRAPE GAP
1rfdn5b,1,SecurityCareerAdvice,False,A: SCRAPE GAP
1ro9ntr,2,SecurityCareerAdvice,False,A: SCRAPE GAP
7xefus,4,sysadmin,False,"C: FILTERED OUT (had top-level comments, dropped by cleaning)"
7xhoyr,1,sysadmin,False,A: SCRAPE GAP
7xj7bx,1,sysadmin,False,A: SCRAPE GAP
7yocaz,1,sysadmin,False,"C: FILTERED OUT (had top-level comments, dropped by cleaning)"
82yqo5,2,sysadmin,False,A: SCRAPE GAP
83yg1w,1,sysadmin,False,"C: FILTERED OUT (had top-level comments, dropped by cleaning)"
87xw7m,2,sysadmin,False,A: SCRAPE GAP
8bdgl2,1,sysadmin,False,A: SCRAPE GAP
8ia90l,1,sysadmin,False,A: SCRAPE GAP
906ngt,1,sysadmin,False,"C: FILTERED OUT (had top-level comments, dropped by cleaning)"
955q2q,1,sysadmin,False,A: SCRAPE GAP
9tcc4j,2,sysadmin,False,"C: FILTERED OUT (had top-level comments, dropped by cleaning)"
9wpvij,1,sysadmin,False,A: SCRAPE GAP
9xr3qs,1,sysadmin,False,A: SCRAPE GAP
a5mqr0,2,sysadmin,False,A: SCRAPE GAP
a5tjs4,1,sysadmin,False,"C: FILTERED OUT (had top-level comments, dropped by cleaning)"
ae615j,1,sysadmin,False,A: SCRAPE GAP
ajw1tr,1,sysadmin,False,A: SCRAPE GAP
anumc8,1,sysadmin,False,"C: FILTERED OUT (had top-level comments, dropped by cleaning)"
are0zq,1,sysadmin,False,"C: FILTERED OUT (had top-level comments, dropped by cleaning)"
b34tl5,1,sysadmin,False,"C: FILTERED OUT (had top-level comments, dropped by cleaning)"
b8q0sl,1,sysadmin,False,"C: FILTERED OUT (had top-level comments, dropped by cleaning)"
b8tpzk,2,sysadmin,False,A: SCRAPE GAP
b8y98k,2,sysadmin,False,A: SCRAPE GAP
b9dkfx,3,sysadmin,False,A: SCRAPE GAP
b9diw8,1,sysadmin,False,A: SCRAPE GAP
b9ewiq,1,sysadmin,False,A: SCRAPE GAP
b9ji48,1,sysadmin,False,A: SCRAPE GAP
b9kgzc,1,sysadmin,False,A: SCRAPE GAP
b9rbzb,1,sysadmin,False,A: SCRAPE GAP
b9vemp,1,sysadmin,False,A: SCRAPE GAP
ba01gl,1,sysadmin,False,A: SCRAPE GAP
ba5a4r,1,sysadmin,False,A: SCRAPE GAP
baiu4j,2,sysadmin,False,A: SCRAPE GAP
bal6wy,2,sysadmin,False,A: SCRAPE GAP
barsn3,1,sysadmin,False,A: SCRAPE GAP
battyv,1,sysadmin,False,A: SCRAPE GAP
baxvpq,2,sysadmin,False,A: SCRAPE GAP
bb1uw9,2,sysadmin,False,A: SCRAPE GAP
bb8mqg,1,sysadmin,False,A: SCRAPE GAP
bb7drs,1,sysadmin,False,A: SCRAPE GAP
bb8y01,1,sysadmin,False,A: SCRAPE GAP
bb9t8n,2,sysadmin,False,A: SCRAPE GAP
bblou4,1,sysadmin,False,A: SCRAPE GAP
bbqnr3,1,sysadmin,False,A: SCRAPE GAP
bbq5uz,1,sysadmin,False,A: SCRAPE GAP
bbvddb,3,sysadmin,False,A: SCRAPE GAP
bbwse6,2,sysadmin,False,A: SCRAPE GAP
bbxslz,1,sysadmin,False,A: SCRAPE GAP
bc0kht,2,sysadmin,False,A: SCRAPE GAP
bc10lq,2,sysadmin,False,A: SCRAPE GAP
bc31xq,1,sysadmin,False,A: SCRAPE GAP
bc4zt7,1,sysadmin,False,A: SCRAPE GAP
bc77dq,2,sysadmin,False,A: SCRAPE GAP
bcko95,1,sysadmin,False,A: SCRAPE GAP
bcrfko,1,sysadmin,False,A: SCRAPE GAP
bd2xg3,1,sysadmin,False,A: SCRAPE GAP
bd3w0a,2,sysadmin,False,A: SCRAPE GAP
bdjnp0,2,sysadmin,False,A: SCRAPE GAP
bdvb2s,1,sysadmin,False,A: SCRAPE GAP
bdz83a,1,sysadmin,False,A: SCRAPE GAP
be6vwj,1,sysadmin,False,A: SCRAPE GAP
be7u9n,1,sysadmin,False,A: SCRAPE GAP
be7vb2,1,sysadmin,False,A: SCRAPE GAP
beablg,1,sysadmin,False,A: SCRAPE GAP
beaxn2,1,sysadmin,False,A: SCRAPE GAP
bedrvt,2,sysadmin,False,A: SCRAPE GAP
bem6nk,1,sysadmin,False,A: SCRAPE GAP
beo6ra,1,sysadmin,False,A: SCRAPE GAP
bepik2,1,sysadmin,False,A: SCRAPE GAP
ber55q,1,sysadmin,False,A: SCRAPE GAP
bf29gu,1,sysadmin,False,A: SCRAPE GAP
bf334e,2,sysadmin,False,A: SCRAPE GAP
bficbo,1,sysadmin,False,A: SCRAPE GAP
bgk9kq,1,sysadmin,False,A: SCRAPE GAP
bglwi3,1,sysadmin,False,A: SCRAPE GAP
bgoddd,2,sysadmin,False,A: SCRAPE GAP
bgqo48,1,sysadmin,False,A: SCRAPE GAP
bgrh5j,1,sysadmin,False,A: SCRAPE GAP
bgvap4,1,sysadmin,False,A: SCRAPE GAP
bh3pi8,1,sysadmin,False,A: SCRAPE GAP
bh9pgg,1,sysadmin,False,A: SCRAPE GAP
bhbr65,4,sysadmin,False,A: SCRAPE GAP
bhcepf,1,sysadmin,False,A: SCRAPE GAP
bhkc2h,1,sysadmin,False,A: SCRAPE GAP
bhn9vr,1,sysadmin,False,A: SCRAPE GAP
bhoos6,1,sysadmin,False,A: SCRAPE GAP
bhs546,1,sysadmin,False,A: SCRAPE GAP
bhz3mv,3,sysadmin,False,A: SCRAPE GAP
bi0rzo,1,sysadmin,False,A: SCRAPE GAP
bi9463,1,sysadmin,False,A: SCRAPE GAP
bitd6d,2,sysadmin,False,A: SCRAPE GAP
bj0dra,2,sysadmin,False,A: SCRAPE GAP
bj1pei,1,sysadmin,False,A: SCRAPE GAP
bj38cb,2,sysadmin,False,A: SCRAPE GAP
bjis44,2,sysadmin,False,A: SCRAPE GAP
bjjoh5,1,sysadmin,False,A: SCRAPE GAP
bjml0o,2,sysadmin,False,A: SCRAPE GAP
bjttat,1,sysadmin,False,A: SCRAPE GAP
bjxsoh,1,sysadmin,False,A: SCRAPE GAP
bk1xr7,2,sysadmin,False,A: SCRAPE GAP
bk6l9e,1,sysadmin,False,A: SCRAPE GAP
bk73bk,1,sysadmin,False,A: SCRAPE GAP
bkbdnq,1,sysadmin,False,A: SCRAPE GAP
bkesfk,1,sysadmin,False,A: SCRAPE GAP
bkqgqy,3,sysadmin,False,A: SCRAPE GAP
blvwkd,1,sysadmin,False,A: SCRAPE GAP
blx5n7,2,sysadmin,False,A: SCRAPE GAP
bm07lr,1,sysadmin,False,A: SCRAPE GAP
bmbcty,1,sysadmin,False,A: SCRAPE GAP
bmbmsp,1,sysadmin,False,A: SCRAPE GAP
bmk9lq,1,sysadmin,False,A: SCRAPE GAP
bmmfgt,2,sysadmin,False,A: SCRAPE GAP
bmq08p,1,sysadmin,False,A: SCRAPE GAP
bmyk0s,1,sysadmin,False,A: SCRAPE GAP
bmzbw6,1,sysadmin,False,A: SCRAPE GAP
bn0z4u,2,sysadmin,False,A: SCRAPE GAP
bn38pp,2,sysadmin,False,A: SCRAPE GAP
bnf9bu,4,sysadmin,False,A: SCRAPE GAP
bnppop,1,sysadmin,False,A: SCRAPE GAP
bo4jsl,4,sysadmin,False,A: SCRAPE GAP
bo5a6e,2,sysadmin,False,A: SCRAPE GAP
bo9wm7,1,sysadmin,False,A: SCRAPE GAP
bod6y6,3,sysadmin,False,A: SCRAPE GAP
bogshq,1,sysadmin,False,A: SCRAPE GAP
bogqwz,3,sysadmin,False,A: SCRAPE GAP
boixky,1,sysadmin,False,A: SCRAPE GAP
boit4k,1,sysadmin,False,A: SCRAPE GAP
bonfnz,1,sysadmin,False,A: SCRAPE GAP
bonpll,1,sysadmin,False,A: SCRAPE GAP
bosv44,1,sysadmin,False,A: SCRAPE GAP
boz0a6,1,sysadmin,False,A: SCRAPE GAP
bp61pa,1,sysadmin,False,A: SCRAPE GAP
bp6dn1,1,sysadmin,False,A: SCRAPE GAP
bpawh7,1,sysadmin,False,A: SCRAPE GAP
bphe9p,1,sysadmin,False,A: SCRAPE GAP
bpi4aq,2,sysadmin,False,A: SCRAPE GAP
bpx8gt,1,sysadmin,False,A: SCRAPE GAP
bpxmra,1,sysadmin,False,A: SCRAPE GAP
bq9bte,2,sysadmin,False,A: SCRAPE GAP
bqvupc,2,sysadmin,False,A: SCRAPE GAP
bqwdyv,1,sysadmin,False,A: SCRAPE GAP
br9jjd,2,sysadmin,False,A: SCRAPE GAP
brb0wj,3,sysadmin,False,A: SCRAPE GAP
brciba,2,sysadmin,False,A: SCRAPE GAP
brcwqn,3,sysadmin,False,A: SCRAPE GAP
brrkwu,2,sysadmin,False,A: SCRAPE GAP
brxm8v,1,sysadmin,False,A: SCRAPE GAP
brvitx,1,sysadmin,False,A: SCRAPE GAP
bs6q02,1,sysadmin,False,A: SCRAPE GAP
bs6kig,2,sysadmin,False,A: SCRAPE GAP
bse78o,1,sysadmin,False,A: SCRAPE GAP
bshv4b,1,sysadmin,False,A: SCRAPE GAP
bsi0js,1,sysadmin,False,A: SCRAPE GAP
btjlv2,1,sysadmin,False,A: SCRAPE GAP
btzvvc,1,sysadmin,False,A: SCRAPE GAP
bu1awc,1,sysadmin,False,A: SCRAPE GAP
bu2mqx,1,sysadmin,False,A: SCRAPE GAP
bu46ay,1,sysadmin,False,A: SCRAPE GAP
bu5613,1,sysadmin,False,A: SCRAPE GAP
bu7znu,1,sysadmin,False,A: SCRAPE GAP
bu9exh,3,sysadmin,False,A: SCRAPE GAP
buf0u5,2,sysadmin,False,A: SCRAPE GAP
buly2t,1,sysadmin,False,A: SCRAPE GAP
butdhn,2,sysadmin,False,A: SCRAPE GAP
butdey,1,sysadmin,False,A: SCRAPE GAP
buujl6,2,sysadmin,False,A: SCRAPE GAP
bux9fr,1,sysadmin,False,A: SCRAPE GAP
buzj7r,2,sysadmin,False,A: SCRAPE GAP
bv2no0,2,sysadmin,False,A: SCRAPE GAP
bv5fq6,1,sysadmin,False,A: SCRAPE GAP
bvr66a,1,sysadmin,False,A: SCRAPE GAP
bvuqow,2,sysadmin,False,A: SCRAPE GAP
bw9wft,2,sysadmin,False,A: SCRAPE GAP
bwde4h,1,sysadmin,False,A: SCRAPE GAP
bwhzre,1,sysadmin,False,A: SCRAPE GAP
bwhzuz,1,sysadmin,False,A: SCRAPE GAP
bwjrt3,2,sysadmin,False,A: SCRAPE GAP
bwn40r,2,sysadmin,False,A: SCRAPE GAP
bws0tg,1,sysadmin,False,A: SCRAPE GAP
bwsubz,2,sysadmin,False,A: SCRAPE GAP
bwvxfc,1,sysadmin,False,A: SCRAPE GAP
bx1z5h,1,sysadmin,False,A: SCRAPE GAP
bx4od6,1,sysadmin,False,A: SCRAPE GAP
bxhv74,3,sysadmin,False,A: SCRAPE GAP
bxntqn,1,sysadmin,False,A: SCRAPE GAP
by1ojp,3,sysadmin,False,A: SCRAPE GAP
by5n48,3,sysadmin,False,A: SCRAPE GAP
byabgl,3,sysadmin,False,A: SCRAPE GAP
byxy4y,1,sysadmin,False,A: SCRAPE GAP
bykjm5,3,sysadmin,False,A: SCRAPE GAP
bz423n,1,sysadmin,False,A: SCRAPE GAP
bz7n9y,2,sysadmin,False,A: SCRAPE GAP
bzcu6a,1,sysadmin,False,A: SCRAPE GAP
bzg4ze,3,sysadmin,False,A: SCRAPE GAP
bzj9ji,1,sysadmin,False,A: SCRAPE GAP
bzi6vz,3,sysadmin,False,A: SCRAPE GAP
bzm93d,2,sysadmin,False,A: SCRAPE GAP
bzzked,3,sysadmin,False,A: SCRAPE GAP
c0holj,2,sysadmin,False,A: SCRAPE GAP
c0mjcf,3,sysadmin,False,A: SCRAPE GAP
c0mxjv,1,sysadmin,False,A: SCRAPE GAP
c0p34h,2,sysadmin,False,A: SCRAPE GAP
c11ilv,2,sysadmin,False,A: SCRAPE GAP
c18uu9,1,sysadmin,False,A: SCRAPE GAP
c1peb1,1,sysadmin,False,A: SCRAPE GAP
c1vx1u,1,sysadmin,False,A: SCRAPE GAP
c2bn5v,1,sysadmin,False,A: SCRAPE GAP
c2jdj1,1,sysadmin,False,A: SCRAPE GAP
c2lqoy,3,sysadmin,False,A: SCRAPE GAP
c2o4z4,2,sysadmin,False,A: SCRAPE GAP
c2zw7x,4,sysadmin,False,A: SCRAPE GAP
c315m4,2,sysadmin,False,A: SCRAPE GAP
c36jhl,2,sysadmin,False,A: SCRAPE GAP
c3a1bw,1,sysadmin,False,A: SCRAPE GAP
c3av39,1,sysadmin,False,A: SCRAPE GAP
c3d2ic,1,sysadmin,False,A: SCRAPE GAP
c3g0m3,1,sysadmin,False,A: SCRAPE GAP
c3ye9h,1,sysadmin,False,A: SCRAPE GAP
c4h0ti,1,sysadmin,False,A: SCRAPE GAP
c4ndk4,1,sysadmin,False,A: SCRAPE GAP
c4q0ng,3,sysadmin,False,A: SCRAPE GAP
c4r9ey,1,sysadmin,False,A: SCRAPE GAP
c4t7cd,1,sysadmin,False,A: SCRAPE GAP
c50toz,1,sysadmin,False,A: SCRAPE GAP
c5bzq9,1,sysadmin,False,A: SCRAPE GAP
c5l4ru,1,sysadmin,False,A: SCRAPE GAP
c5nipc,2,sysadmin,False,A: SCRAPE GAP
c5sjh2,2,sysadmin,False,A: SCRAPE GAP
c5xdre,1,sysadmin,False,A: SCRAPE GAP
c68hh3,1,sysadmin,False,A: SCRAPE GAP
c6lnw4,1,sysadmin,False,A: SCRAPE GAP
c7lack,2,sysadmin,False,A: SCRAPE GAP
c7y30z,1,sysadmin,False,A: SCRAPE GAP
c7zp3i,1,sysadmin,False,A: SCRAPE GAP
c86y2f,1,sysadmin,False,A: SCRAPE GAP
c88p4a,1,sysadmin,False,A: SCRAPE GAP
c8cp90,2,sysadmin,False,A: SCRAPE GAP
c8fizo,1,sysadmin,False,A: SCRAPE GAP
c8ge29,1,sysadmin,False,A: SCRAPE GAP
c8nb1o,1,sysadmin,False,A: SCRAPE GAP
c8utx8,1,sysadmin,False,A: SCRAPE GAP
c91z2g,1,sysadmin,False,A: SCRAPE GAP
c9504t,3,sysadmin,False,A: SCRAPE GAP
c96wv7,2,sysadmin,False,A: SCRAPE GAP
c9gmbd,1,sysadmin,False,A: SCRAPE GAP
c9j7u6,1,sysadmin,False,A: SCRAPE GAP
c9lroi,1,sysadmin,False,A: SCRAPE GAP
camo7o,4,sysadmin,False,A: SCRAPE GAP
caprs3,1,sysadmin,False,A: SCRAPE GAP
cap2kd,1,sysadmin,False,A: SCRAPE GAP
cb03gc,1,sysadmin,False,A: SCRAPE GAP
cb1248,3,sysadmin,False,A: SCRAPE GAP
cb0wxe,1,sysadmin,False,A: SCRAPE GAP
cb91ed,1,sysadmin,False,A: SCRAPE GAP
cba960,1,sysadmin,False,A: SCRAPE GAP
cbirqb,2,sysadmin,False,A: SCRAPE GAP
cblgxa,1,sysadmin,False,A: SCRAPE GAP
cbnick,3,sysadmin,False,A: SCRAPE GAP
cbwl2m,2,sysadmin,False,A: SCRAPE GAP
cc0u44,2,sysadmin,False,A: SCRAPE GAP
cc5kkr,2,sysadmin,False,A: SCRAPE GAP
ccax2l,2,sysadmin,False,A: SCRAPE GAP
ccctk9,1,sysadmin,False,A: SCRAPE GAP
cclzmh,3,sysadmin,False,A: SCRAPE GAP
ccnj23,2,sysadmin,False,A: SCRAPE GAP
ccnq72,2,sysadmin,False,A: SCRAPE GAP
ccrg3g,1,sysadmin,False,A: SCRAPE GAP
cd3bu4,1,sysadmin,False,A: SCRAPE GAP
cdf1dp,1,sysadmin,False,A: SCRAPE GAP
cdbak7,1,sysadmin,False,A: SCRAPE GAP
cdh4jr,1,sysadmin,False,A: SCRAPE GAP
cdicck,1,sysadmin,False,A: SCRAPE GAP
cdj51a,3,sysadmin,False,A: SCRAPE GAP
cdovy3,1,sysadmin,False,A: SCRAPE GAP
cdprnh,1,sysadmin,False,A: SCRAPE GAP
cdqtnu,1,sysadmin,False,A: SCRAPE GAP
cdqu3h,2,sysadmin,False,A: SCRAPE GAP
ce9w99,1,sysadmin,False,A: SCRAPE GAP
cegurv,1,sysadmin,False,A: SCRAPE GAP
cehd4u,1,sysadmin,False,A: SCRAPE GAP
cehwfq,3,sysadmin,False,A: SCRAPE GAP
cfccao,1,sysadmin,False,A: SCRAPE GAP
cfflm0,1,sysadmin,False,A: SCRAPE GAP
cfngtv,1,sysadmin,False,A: SCRAPE GAP
cftdda,3,sysadmin,False,A: SCRAPE GAP
cg6nk0,1,sysadmin,False,A: SCRAPE GAP
cgb9n2,1,sysadmin,False,A: SCRAPE GAP
cgd1ym,1,sysadmin,False,A: SCRAPE GAP
cgxaxp,2,sysadmin,False,A: SCRAPE GAP
ch1kno,1,sysadmin,False,A: SCRAPE GAP
ch23qk,1,sysadmin,False,A: SCRAPE GAP
ch7vqv,1,sysadmin,False,A: SCRAPE GAP
chcn66,1,sysadmin,False,A: SCRAPE GAP
chcuw7,2,sysadmin,False,A: SCRAPE GAP
chdbhg,1,sysadmin,False,A: SCRAPE GAP
cia2wj,1,sysadmin,False,A: SCRAPE GAP
ci8iwp,1,sysadmin,False,A: SCRAPE GAP
cicjdq,1,sysadmin,False,A: SCRAPE GAP
cizs09,1,sysadmin,False,A: SCRAPE GAP
cjbjrb,1,sysadmin,False,A: SCRAPE GAP
cjc7g1,3,sysadmin,False,A: SCRAPE GAP
cjc9jv,2,sysadmin,False,A: SCRAPE GAP
cjqzr6,1,sysadmin,False,A: SCRAPE GAP
cjsss6,1,sysadmin,False,A: SCRAPE GAP
cjyto1,2,sysadmin,False,A: SCRAPE GAP
cjzo3c,2,sysadmin,False,A: SCRAPE GAP
ck3ujp,1,sysadmin,False,A: SCRAPE GAP
ckj31o,1,sysadmin,False,A: SCRAPE GAP
ckpoit,1,sysadmin,False,A: SCRAPE GAP
ckr3zx,1,sysadmin,False,A: SCRAPE GAP
cksu1e,1,sysadmin,False,A: SCRAPE GAP
cky9eo,4,sysadmin,False,A: SCRAPE GAP
cl3l2b,1,sysadmin,False,A: SCRAPE GAP
cl8j4v,1,sysadmin,False,A: SCRAPE GAP
clmwch,1,sysadmin,False,A: SCRAPE GAP
clqmm5,1,sysadmin,False,A: SCRAPE GAP
cm4285,3,sysadmin,False,A: SCRAPE GAP
cmdhfu,4,sysadmin,False,A: SCRAPE GAP
cmhitj,1,sysadmin,False,A: SCRAPE GAP
cmmlzy,1,sysadmin,False,A: SCRAPE GAP
cmo2il,1,sysadmin,False,A: SCRAPE GAP
cmqd4c,1,sysadmin,False,A: SCRAPE GAP
cmtqei,1,sysadmin,False,A: SCRAPE GAP
cn0m77,3,sysadmin,False,A: SCRAPE GAP
cn34qn,1,sysadmin,False,A: SCRAPE GAP
cn76dv,1,sysadmin,False,A: SCRAPE GAP
cncdyo,3,sysadmin,False,A: SCRAPE GAP
co0uh9,1,sysadmin,False,A: SCRAPE GAP
co66j7,1,sysadmin,False,A: SCRAPE GAP
co5oy5,3,sysadmin,False,A: SCRAPE GAP
co7ltf,1,sysadmin,False,A: SCRAPE GAP
codk3g,2,sysadmin,False,A: SCRAPE GAP
corj7d,2,sysadmin,False,A: SCRAPE GAP
covfa8,1,sysadmin,False,A: SCRAPE GAP
cp1mnp,3,sysadmin,False,A: SCRAPE GAP
cozpd6,1,sysadmin,False,A: SCRAPE GAP
cpcu75,2,sysadmin,False,A: SCRAPE GAP
cpi12b,1,sysadmin,False,A: SCRAPE GAP
cppcb2,1,sysadmin,False,A: SCRAPE GAP
cprpxi,1,sysadmin,False,A: SCRAPE GAP
cpsk3t,1,sysadmin,False,A: SCRAPE GAP
cq1pma,1,sysadmin,False,A: SCRAPE GAP
cq91l6,2,sysadmin,False,A: SCRAPE GAP
cqet54,2,sysadmin,False,A: SCRAPE GAP
cqg2yf,1,sysadmin,False,A: SCRAPE GAP
cqk1jk,1,sysadmin,False,A: SCRAPE GAP
cqmczg,2,sysadmin,False,A: SCRAPE GAP
cqt8eg,3,sysadmin,False,A: SCRAPE GAP
cr5wtb,1,sysadmin,False,A: SCRAPE GAP
crdgeq,1,sysadmin,False,A: SCRAPE GAP
crox2u,2,sysadmin,False,A: SCRAPE GAP
csj9cu,1,sysadmin,False,A: SCRAPE GAP
csk0n1,1,sysadmin,False,A: SCRAPE GAP
csiyub,1,sysadmin,False,A: SCRAPE GAP
cslgyk,1,sysadmin,False,A: SCRAPE GAP
cso8vx,1,sysadmin,False,A: SCRAPE GAP
csxef2,2,sysadmin,False,A: SCRAPE GAP
ct0hdn,1,sysadmin,False,A: SCRAPE GAP
ct0eag,2,sysadmin,False,A: SCRAPE GAP
ct66x8,2,sysadmin,False,A: SCRAPE GAP
ctenhj,1,sysadmin,False,A: SCRAPE GAP
ctffq4,1,sysadmin,False,A: SCRAPE GAP
cto7uh,1,sysadmin,False,A: SCRAPE GAP
ctxpvw,4,sysadmin,False,A: SCRAPE GAP
ctz5wx,1,sysadmin,False,A: SCRAPE GAP
cu0uuj,1,sysadmin,False,A: SCRAPE GAP
cu2ipg,2,sysadmin,False,A: SCRAPE GAP
cu7fwl,2,sysadmin,False,A: SCRAPE GAP
cug7vc,1,sysadmin,False,A: SCRAPE GAP
cuh927,1,sysadmin,False,A: SCRAPE GAP
cuk32q,1,sysadmin,False,A: SCRAPE GAP
cuqfc8,2,sysadmin,False,A: SCRAPE GAP
cuu4qb,2,sysadmin,False,A: SCRAPE GAP
cv6xs3,1,sysadmin,False,A: SCRAPE GAP
cvja7o,1,sysadmin,False,A: SCRAPE GAP
cvpey3,1,sysadmin,False,A: SCRAPE GAP
cvppz5,1,sysadmin,False,A: SCRAPE GAP
cvrbfl,1,sysadmin,False,A: SCRAPE GAP
cvr604,3,sysadmin,False,A: SCRAPE GAP
cw13le,2,sysadmin,False,A: SCRAPE GAP
cwbnwc,1,sysadmin,False,A: SCRAPE GAP
cwaysp,2,sysadmin,False,A: SCRAPE GAP
cwc9hf,2,sysadmin,False,A: SCRAPE GAP
cwmz16,1,sysadmin,False,A: SCRAPE GAP
cwnuch,1,sysadmin,False,A: SCRAPE GAP
cwq45q,3,sysadmin,False,A: SCRAPE GAP
cwvqui,2,sysadmin,False,A: SCRAPE GAP
cwwxko,4,sysadmin,False,A: SCRAPE GAP
cwzzeq,2,sysadmin,False,A: SCRAPE GAP
cx3du7,2,sysadmin,False,A: SCRAPE GAP
cx4hxd,3,sysadmin,False,A: SCRAPE GAP
cxbxx3,2,sysadmin,False,A: SCRAPE GAP
cxccky,1,sysadmin,False,A: SCRAPE GAP
cxfw75,1,sysadmin,False,A: SCRAPE GAP
cxmg0q,2,sysadmin,False,A: SCRAPE GAP
cxuknt,1,sysadmin,False,A: SCRAPE GAP
cyfkd4,1,sysadmin,False,A: SCRAPE GAP
cz0man,1,sysadmin,False,A: SCRAPE GAP
czczqs,2,sysadmin,False,A: SCRAPE GAP
czd9pp,1,sysadmin,False,A: SCRAPE GAP
czfq0n,1,sysadmin,False,A: SCRAPE GAP
czisog,3,sysadmin,False,A: SCRAPE GAP
czovlz,1,sysadmin,False,A: SCRAPE GAP
czrm6o,2,sysadmin,False,A: SCRAPE GAP
czv71f,1,sysadmin,False,A: SCRAPE GAP
d02st1,1,sysadmin,False,A: SCRAPE GAP
d0y8uq,1,sysadmin,False,A: SCRAPE GAP
d133sa,2,sysadmin,False,A: SCRAPE GAP
d167kd,1,sysadmin,False,A: SCRAPE GAP
d1sjrl,2,sysadmin,False,A: SCRAPE GAP
d1ss5w,2,sysadmin,False,A: SCRAPE GAP
d1xo0k,2,sysadmin,False,A: SCRAPE GAP
d2261q,2,sysadmin,False,A: SCRAPE GAP
d28b5y,2,sysadmin,False,A: SCRAPE GAP
d2myah,1,sysadmin,False,A: SCRAPE GAP
d2qha2,1,sysadmin,False,A: SCRAPE GAP
d2vicu,1,sysadmin,False,A: SCRAPE GAP
d2wbsq,2,sysadmin,False,A: SCRAPE GAP
d2xdkz,1,sysadmin,False,A: SCRAPE GAP
d371ma,1,sysadmin,False,A: SCRAPE GAP
d3a6iq,2,sysadmin,False,A: SCRAPE GAP
d3idgg,1,sysadmin,False,A: SCRAPE GAP
d3igki,1,sysadmin,False,A: SCRAPE GAP
d3qnio,1,sysadmin,False,A: SCRAPE GAP
d3s4mx,1,sysadmin,False,A: SCRAPE GAP
d3rwzi,1,sysadmin,False,A: SCRAPE GAP
d3t6j5,2,sysadmin,False,A: SCRAPE GAP
d3u7ot,4,sysadmin,False,A: SCRAPE GAP
d3wboc,1,sysadmin,False,A: SCRAPE GAP
d408do,2,sysadmin,False,A: SCRAPE GAP
d48s2e,1,sysadmin,False,A: SCRAPE GAP
d4sqmm,1,sysadmin,False,A: SCRAPE GAP
d4ukae,1,sysadmin,False,A: SCRAPE GAP
d5hzql,1,sysadmin,False,A: SCRAPE GAP
d5r6j5,1,sysadmin,False,A: SCRAPE GAP
d5x3v5,1,sysadmin,False,A: SCRAPE GAP
d6341y,1,sysadmin,False,A: SCRAPE GAP
d6e3kr,1,sysadmin,False,A: SCRAPE GAP
d6eyfa,1,sysadmin,False,A: SCRAPE GAP
d6fn8x,1,sysadmin,False,A: SCRAPE GAP
d6h3nm,3,sysadmin,False,A: SCRAPE GAP
d6h662,4,sysadmin,False,A: SCRAPE GAP
d6u5c2,1,sysadmin,False,A: SCRAPE GAP
d6v8nb,1,sysadmin,False,A: SCRAPE GAP
d6ykai,1,sysadmin,False,A: SCRAPE GAP
d6ywk7,1,sysadmin,False,A: SCRAPE GAP
d78fhi,1,sysadmin,False,A: SCRAPE GAP
d7qxu3,2,sysadmin,False,A: SCRAPE GAP
d7vucr,1,sysadmin,False,A: SCRAPE GAP
d89lk1,1,sysadmin,False,A: SCRAPE GAP
d8bbpf,1,sysadmin,False,A: SCRAPE GAP
d8dbv2,3,sysadmin,False,A: SCRAPE GAP
d8vvcg,3,sysadmin,False,A: SCRAPE GAP
d8vizi,2,sysadmin,False,A: SCRAPE GAP
d90pzh,1,sysadmin,False,A: SCRAPE GAP
d94n3v,1,sysadmin,False,A: SCRAPE GAP
d95u58,1,sysadmin,False,A: SCRAPE GAP
d96gqg,1,sysadmin,False,A: SCRAPE GAP
d96fxl,1,sysadmin,False,A: SCRAPE GAP
d9p0xu,3,sysadmin,False,A: SCRAPE GAP
da1q4f,3,sysadmin,False,A: SCRAPE GAP
da3xza,4,sysadmin,False,A: SCRAPE GAP
da48ga,4,sysadmin,False,A: SCRAPE GAP
da8ihi,2,sysadmin,False,A: SCRAPE GAP
da8ala,1,sysadmin,False,A: SCRAPE GAP
dabuq8,3,sysadmin,False,A: SCRAPE GAP
dbi9ab,1,sysadmin,False,A: SCRAPE GAP
dbk6iv,2,sysadmin,False,A: SCRAPE GAP
dbnfpc,1,sysadmin,False,A: SCRAPE GAP
dbuxak,3,sysadmin,False,A: SCRAPE GAP
dcfedd,1,sysadmin,False,A: SCRAPE GAP
dclcn1,1,sysadmin,False,A: SCRAPE GAP
dcm1rl,1,sysadmin,False,A: SCRAPE GAP
dcky70,1,sysadmin,False,A: SCRAPE GAP
dckq7k,1,sysadmin,False,A: SCRAPE GAP
dcx76b,1,sysadmin,False,A: SCRAPE GAP
dcz612,1,sysadmin,False,A: SCRAPE GAP
dd67qv,1,sysadmin,False,A: SCRAPE GAP
dd71hr,3,sysadmin,False,A: SCRAPE GAP
dd882d,3,sysadmin,False,A: SCRAPE GAP
dd8m8z,2,sysadmin,False,A: SCRAPE GAP
dd8nvi,2,sysadmin,False,A: SCRAPE GAP
ddced7,1,sysadmin,False,A: SCRAPE GAP
ddg0w2,2,sysadmin,False,A: SCRAPE GAP
ddi5yo,3,sysadmin,False,A: SCRAPE GAP
dei2wf,1,sysadmin,False,A: SCRAPE GAP
demcl4,1,sysadmin,False,A: SCRAPE GAP
denvwd,1,sysadmin,False,A: SCRAPE GAP
deo7lt,2,sysadmin,False,A: SCRAPE GAP
dev6u4,1,sysadmin,False,A: SCRAPE GAP
deu2xl,2,sysadmin,False,A: SCRAPE GAP
df0dxh,2,sysadmin,False,A: SCRAPE GAP
df2qc7,1,sysadmin,False,A: SCRAPE GAP
df97rx,2,sysadmin,False,A: SCRAPE GAP
dfgz6q,1,sysadmin,False,A: SCRAPE GAP
dfi7w2,1,sysadmin,False,A: SCRAPE GAP
dfjz1h,2,sysadmin,False,A: SCRAPE GAP
dfkiif,2,sysadmin,False,A: SCRAPE GAP
dgie7z,3,sysadmin,False,A: SCRAPE GAP
dgnzpx,1,sysadmin,False,A: SCRAPE GAP
dgyi56,1,sysadmin,False,A: SCRAPE GAP
dh09i1,1,sysadmin,False,A: SCRAPE GAP
dh9rq5,1,sysadmin,False,A: SCRAPE GAP
dh74ua,1,sysadmin,False,A: SCRAPE GAP
dhmdkg,1,sysadmin,False,A: SCRAPE GAP
dhqkk7,2,sysadmin,False,A: SCRAPE GAP
dhxrtn,1,sysadmin,False,A: SCRAPE GAP
di2l80,3,sysadmin,False,A: SCRAPE GAP
dijr1u,1,sysadmin,False,A: SCRAPE GAP
dj7m31,2,sysadmin,False,A: SCRAPE GAP
dj9jps,3,sysadmin,False,A: SCRAPE GAP
djt21s,1,sysadmin,False,A: SCRAPE GAP
dkzldw,2,sysadmin,False,A: SCRAPE GAP
dlgjwo,1,sysadmin,False,A: SCRAPE GAP
dm9lz0,1,sysadmin,False,A: SCRAPE GAP
dmef6w,1,sysadmin,False,A: SCRAPE GAP
dmit8i,1,sysadmin,False,A: SCRAPE GAP
dmlbn5,2,sysadmin,False,A: SCRAPE GAP
dmmwjx,1,sysadmin,False,A: SCRAPE GAP
dmo8vl,4,sysadmin,False,A: SCRAPE GAP
dmzfoh,1,sysadmin,False,A: SCRAPE GAP
dn8jp1,1,sysadmin,False,A: SCRAPE GAP
dnh2gq,3,sysadmin,False,A: SCRAPE GAP
do1cm3,1,sysadmin,False,A: SCRAPE GAP
dogvvz,1,sysadmin,False,A: SCRAPE GAP
dokfau,2,sysadmin,False,A: SCRAPE GAP
doqpgk,1,sysadmin,False,A: SCRAPE GAP
dorem0,2,sysadmin,False,A: SCRAPE GAP
dou61q,1,sysadmin,False,A: SCRAPE GAP
doz6wm,1,sysadmin,False,A: SCRAPE GAP
dp7bhl,1,sysadmin,False,A: SCRAPE GAP
dpbt3t,1,sysadmin,False,A: SCRAPE GAP
dpnwk7,2,sysadmin,False,A: SCRAPE GAP
dpokcs,1,sysadmin,False,A: SCRAPE GAP
dppsax,2,sysadmin,False,A: SCRAPE GAP
dpq5yl,1,sysadmin,False,A: SCRAPE GAP
dpqvmo,1,sysadmin,False,A: SCRAPE GAP
dprefo,3,sysadmin,False,A: SCRAPE GAP
dps72n,1,sysadmin,False,A: SCRAPE GAP
dpsn8i,1,sysadmin,False,A: SCRAPE GAP
dptr4x,1,sysadmin,False,A: SCRAPE GAP
dq4g4k,1,sysadmin,False,A: SCRAPE GAP
dq5h76,1,sysadmin,False,A: SCRAPE GAP
dq5czh,1,sysadmin,False,A: SCRAPE GAP
dq6hgi,1,sysadmin,False,A: SCRAPE GAP
dqp35c,3,sysadmin,False,A: SCRAPE GAP
dqubec,2,sysadmin,False,A: SCRAPE GAP
dqyxjm,1,sysadmin,False,A: SCRAPE GAP
ds6gw3,1,sysadmin,False,A: SCRAPE GAP
dscswt,3,sysadmin,False,A: SCRAPE GAP
dsf8pe,1,sysadmin,False,A: SCRAPE GAP
dsj9jy,2,sysadmin,False,A: SCRAPE GAP
dsnum2,1,sysadmin,False,A: SCRAPE GAP
dszriw,1,sysadmin,False,A: SCRAPE GAP
dt52mr,1,sysadmin,False,A: SCRAPE GAP
dtcew4,2,sysadmin,False,A: SCRAPE GAP
dtgua1,1,sysadmin,False,A: SCRAPE GAP
dtjd7c,2,sysadmin,False,A: SCRAPE GAP
dtjqh8,3,sysadmin,False,A: SCRAPE GAP
duk57w,3,sysadmin,False,A: SCRAPE GAP
duo4zt,2,sysadmin,False,A: SCRAPE GAP
durvv0,1,sysadmin,False,A: SCRAPE GAP
dv00t2,1,sysadmin,False,A: SCRAPE GAP
dvu6nq,1,sysadmin,False,A: SCRAPE GAP
dvvwku,1,sysadmin,False,A: SCRAPE GAP
dw1fuc,1,sysadmin,False,A: SCRAPE GAP
dw3enq,1,sysadmin,False,A: SCRAPE GAP
dw94di,3,sysadmin,False,A: SCRAPE GAP
dwasaf,2,sysadmin,False,A: SCRAPE GAP
dwg64t,1,sysadmin,False,A: SCRAPE GAP
dwqtd8,1,sysadmin,False,A: SCRAPE GAP
dwtjvs,2,sysadmin,False,A: SCRAPE GAP
dwufcu,1,sysadmin,False,A: SCRAPE GAP
dwxeei,1,sysadmin,False,A: SCRAPE GAP
dwxmrt,1,sysadmin,False,A: SCRAPE GAP
dwxs6a,3,sysadmin,False,A: SCRAPE GAP
dwy63k,1,sysadmin,False,A: SCRAPE GAP
dx2o70,2,sysadmin,False,A: SCRAPE GAP
dxku52,1,sysadmin,False,A: SCRAPE GAP
dxko75,1,sysadmin,False,A: SCRAPE GAP
dy4mnz,3,sysadmin,False,A: SCRAPE GAP
dy7ga8,1,sysadmin,False,A: SCRAPE GAP
dylrsm,1,sysadmin,False,A: SCRAPE GAP
dypxcx,1,sysadmin,False,A: SCRAPE GAP
dz6g0f,1,sysadmin,False,A: SCRAPE GAP
dz6qh9,1,sysadmin,False,A: SCRAPE GAP
dzbtt2,3,sysadmin,False,A: SCRAPE GAP
dzleqo,1,sysadmin,False,A: SCRAPE GAP
dzo7hh,1,sysadmin,False,A: SCRAPE GAP
dzt5a8,2,sysadmin,False,A: SCRAPE GAP
e03sh2,2,sysadmin,False,A: SCRAPE GAP
e03iwm,3,sysadmin,False,A: SCRAPE GAP
e16rmw,1,sysadmin,False,A: SCRAPE GAP
e16ug1,1,sysadmin,False,A: SCRAPE GAP
e1ex0z,1,sysadmin,False,A: SCRAPE GAP
e1peti,1,sysadmin,False,A: SCRAPE GAP
e230wb,1,sysadmin,False,A: SCRAPE GAP
e2fv9w,1,sysadmin,False,A: SCRAPE GAP
e2gtt0,2,sysadmin,False,A: SCRAPE GAP
e2kf9d,2,sysadmin,False,A: SCRAPE GAP
e2kh1j,1,sysadmin,False,A: SCRAPE GAP
e2mvnr,1,sysadmin,False,A: SCRAPE GAP
e2p4id,1,sysadmin,False,A: SCRAPE GAP
e2veyt,2,sysadmin,False,A: SCRAPE GAP
e3cjag,3,sysadmin,False,A: SCRAPE GAP
e3tjrj,1,sysadmin,False,A: SCRAPE GAP
e3vatu,1,sysadmin,False,A: SCRAPE GAP
e509ce,2,sysadmin,False,A: SCRAPE GAP
e5465y,1,sysadmin,False,A: SCRAPE GAP
e5e93q,1,sysadmin,False,A: SCRAPE GAP
e5fn1g,1,sysadmin,False,A: SCRAPE GAP
e5jsqg,1,sysadmin,False,A: SCRAPE GAP
e5kq1q,1,sysadmin,False,A: SCRAPE GAP
e5n76i,1,sysadmin,False,A: SCRAPE GAP
e5qbll,1,sysadmin,False,A: SCRAPE GAP
e5w3qt,2,sysadmin,False,A: SCRAPE GAP
e616bi,2,sysadmin,False,A: SCRAPE GAP
e64c1b,1,sysadmin,False,A: SCRAPE GAP
e67tg5,3,sysadmin,False,A: SCRAPE GAP
e6insa,1,sysadmin,False,A: SCRAPE GAP
e73kk7,3,sysadmin,False,A: SCRAPE GAP
e772yu,1,sysadmin,False,A: SCRAPE GAP
e7696b,1,sysadmin,False,A: SCRAPE GAP
e7d1x3,1,sysadmin,False,A: SCRAPE GAP
e7tqhc,2,sysadmin,False,A: SCRAPE GAP
e8a3ej,1,sysadmin,False,A: SCRAPE GAP
e8a04a,1,sysadmin,False,A: SCRAPE GAP
e8br6d,1,sysadmin,False,A: SCRAPE GAP
e8e8li,2,sysadmin,False,A: SCRAPE GAP
e8k66z,2,sysadmin,False,A: SCRAPE GAP
e8qypg,1,sysadmin,False,A: SCRAPE GAP
e8r9qi,1,sysadmin,False,A: SCRAPE GAP
e8rctu,1,sysadmin,False,A: SCRAPE GAP
e939bt,1,sysadmin,False,A: SCRAPE GAP
e97xr0,2,sysadmin,False,A: SCRAPE GAP
e98el8,3,sysadmin,False,A: SCRAPE GAP
e9bbyl,1,sysadmin,False,A: SCRAPE GAP
e9h8bs,1,sysadmin,False,A: SCRAPE GAP
e9rrsv,2,sysadmin,False,A: SCRAPE GAP
ea9edg,1,sysadmin,False,A: SCRAPE GAP
ealr2h,2,sysadmin,False,A: SCRAPE GAP
ean6cj,1,sysadmin,False,A: SCRAPE GAP
eanree,2,sysadmin,False,A: SCRAPE GAP
eaphr8,2,sysadmin,False,A: SCRAPE GAP
eayune,1,sysadmin,False,A: SCRAPE GAP
eb3qts,1,sysadmin,False,A: SCRAPE GAP
eb8vnd,4,sysadmin,False,A: SCRAPE GAP
ebcqed,1,sysadmin,False,A: SCRAPE GAP
ebjazp,1,sysadmin,False,A: SCRAPE GAP
ebu6g7,1,sysadmin,False,A: SCRAPE GAP
ec2gz0,1,sysadmin,False,A: SCRAPE GAP
ec418o,2,sysadmin,False,A: SCRAPE GAP
ec90w7,1,sysadmin,False,A: SCRAPE GAP
ecnf0f,1,sysadmin,False,A: SCRAPE GAP
ecxo27,1,sysadmin,False,A: SCRAPE GAP
ecywpl,1,sysadmin,False,A: SCRAPE GAP
edbmbr,1,sysadmin,False,A: SCRAPE GAP
eddrsy,2,sysadmin,False,A: SCRAPE GAP
ee8w5l,1,sysadmin,False,A: SCRAPE GAP
eetanm,2,sysadmin,False,A: SCRAPE GAP
eevmt5,3,sysadmin,False,A: SCRAPE GAP
ef1hee,1,sysadmin,False,A: SCRAPE GAP
efo9qs,2,sysadmin,False,A: SCRAPE GAP
efkks4,1,sysadmin,False,A: SCRAPE GAP
efwoh8,1,sysadmin,False,A: SCRAPE GAP
efwwvi,1,sysadmin,False,A: SCRAPE GAP
efzk6z,1,sysadmin,False,A: SCRAPE GAP
eg61lw,3,sysadmin,False,A: SCRAPE GAP
egbtj3,2,sysadmin,False,A: SCRAPE GAP
egff61,2,sysadmin,False,A: SCRAPE GAP
egu7n4,3,sysadmin,False,A: SCRAPE GAP
ehylwe,1,sysadmin,False,A: SCRAPE GAP
ei6lwe,1,sysadmin,False,A: SCRAPE GAP
eic286,2,sysadmin,False,A: SCRAPE GAP
eir6b9,4,sysadmin,False,A: SCRAPE GAP
eiz7wx,1,sysadmin,False,A: SCRAPE GAP
ej0tcl,1,sysadmin,False,A: SCRAPE GAP
ej4v10,2,sysadmin,False,A: SCRAPE GAP
eja7ce,2,sysadmin,False,A: SCRAPE GAP
ejebrd,3,sysadmin,False,A: SCRAPE GAP
ejkuhn,1,sysadmin,False,A: SCRAPE GAP
ekoxje,1,sysadmin,False,A: SCRAPE GAP
el6ehr,3,sysadmin,False,A: SCRAPE GAP
el4adk,2,sysadmin,False,A: SCRAPE GAP
elc001,2,sysadmin,False,A: SCRAPE GAP
elnoih,2,sysadmin,False,A: SCRAPE GAP
elvf2q,1,sysadmin,False,A: SCRAPE GAP
elw0sg,4,sysadmin,False,A: SCRAPE GAP
em8dbl,3,sysadmin,False,A: SCRAPE GAP
emd95n,1,sysadmin,False,A: SCRAPE GAP
emr408,1,sysadmin,False,A: SCRAPE GAP
eno3by,1,sysadmin,False,A: SCRAPE GAP
enyodv,1,sysadmin,False,A: SCRAPE GAP
eo64wg,3,sysadmin,False,A: SCRAPE GAP
eoarat,2,sysadmin,False,A: SCRAPE GAP
eolqjv,1,sysadmin,False,A: SCRAPE GAP
eomatr,2,sysadmin,False,A: SCRAPE GAP
eor74b,1,sysadmin,False,A: SCRAPE GAP
eovi7s,1,sysadmin,False,A: SCRAPE GAP
ep5vqm,1,sysadmin,False,A: SCRAPE GAP
eped0o,2,sysadmin,False,A: SCRAPE GAP
epcd5j,1,sysadmin,False,A: SCRAPE GAP
epjn1z,1,sysadmin,False,A: SCRAPE GAP
epmax2,1,sysadmin,False,A: SCRAPE GAP
epkz3p,1,sysadmin,False,A: SCRAPE GAP
eppxg6,2,sysadmin,False,A: SCRAPE GAP
epr8nh,1,sysadmin,False,A: SCRAPE GAP
equb8c,1,sysadmin,False,A: SCRAPE GAP
erc3l9,2,sysadmin,False,A: SCRAPE GAP
erdbfl,1,sysadmin,False,A: SCRAPE GAP
erv8ck,1,sysadmin,False,A: SCRAPE GAP
erx8ch,1,sysadmin,False,A: SCRAPE GAP
es0h07,1,sysadmin,False,A: SCRAPE GAP
esjf00,2,sysadmin,False,A: SCRAPE GAP
est1l6,2,sysadmin,False,A: SCRAPE GAP
esuvzu,1,sysadmin,False,A: SCRAPE GAP
esxr6d,3,sysadmin,False,A: SCRAPE GAP
et1djo,1,sysadmin,False,A: SCRAPE GAP
et4agr,1,sysadmin,False,A: SCRAPE GAP
et53hl,1,sysadmin,False,A: SCRAPE GAP
etaajb,1,sysadmin,False,A: SCRAPE GAP
etbmba,1,sysadmin,False,A: SCRAPE GAP
eterpm,1,sysadmin,False,A: SCRAPE GAP
etf8pv,2,sysadmin,False,A: SCRAPE GAP
eucpmj,1,sysadmin,False,A: SCRAPE GAP
euusdw,2,sysadmin,False,A: SCRAPE GAP
evix5x,1,sysadmin,False,A: SCRAPE GAP
evluxx,1,sysadmin,False,A: SCRAPE GAP
evm0kz,1,sysadmin,False,A: SCRAPE GAP
evn2qp,2,sysadmin,False,A: SCRAPE GAP
evo9c6,1,sysadmin,False,A: SCRAPE GAP
evuygs,1,sysadmin,False,A: SCRAPE GAP
ew693t,2,sysadmin,False,A: SCRAPE GAP
ewc759,1,sysadmin,False,A: SCRAPE GAP
ewdn6v,1,sysadmin,False,A: SCRAPE GAP
ewnljc,1,sysadmin,False,A: SCRAPE GAP
ewl2wr,2,sysadmin,False,A: SCRAPE GAP
ewmwvx,2,sysadmin,False,A: SCRAPE GAP
ewom6j,1,sysadmin,False,A: SCRAPE GAP
ewqnnx,1,sysadmin,False,A: SCRAPE GAP
ewr55a,1,sysadmin,False,A: SCRAPE GAP
ewt8x4,1,sysadmin,False,A: SCRAPE GAP
ewvbpn,2,sysadmin,False,A: SCRAPE GAP
ewxrfd,1,sysadmin,False,A: SCRAPE GAP
exw84h,1,sysadmin,False,A: SCRAPE GAP
ey0gt9,2,sysadmin,False,A: SCRAPE GAP
ey3pln,1,sysadmin,False,A: SCRAPE GAP
eyagij,1,sysadmin,False,A: SCRAPE GAP
eyc4fu,2,sysadmin,False,A: SCRAPE GAP
eyx3d0,1,sysadmin,False,A: SCRAPE GAP
eyzby4,2,sysadmin,False,A: SCRAPE GAP
ez0y7l,2,sysadmin,False,A: SCRAPE GAP
ez6ozs,1,sysadmin,False,A: SCRAPE GAP
ez7vir,1,sysadmin,False,A: SCRAPE GAP
ezyh7m,1,sysadmin,False,A: SCRAPE GAP
f0d3j8,1,sysadmin,False,A: SCRAPE GAP
f0gxw2,2,sysadmin,False,A: SCRAPE GAP
f0h6fa,1,sysadmin,False,A: SCRAPE GAP
f1ac3i,2,sysadmin,False,A: SCRAPE GAP
f1bb4h,3,sysadmin,False,A: SCRAPE GAP
f1lfs9,1,sysadmin,False,A: SCRAPE GAP
f1lse8,1,sysadmin,False,A: SCRAPE GAP
f1s7jx,1,sysadmin,False,A: SCRAPE GAP
f20zfv,2,sysadmin,False,A: SCRAPE GAP
f2amn3,2,sysadmin,False,A: SCRAPE GAP
f2fmsy,1,sysadmin,False,A: SCRAPE GAP
f2i1gp,3,sysadmin,False,A: SCRAPE GAP
f2kl0l,1,sysadmin,False,A: SCRAPE GAP
f2r5lh,2,sysadmin,False,A: SCRAPE GAP
f2raox,1,sysadmin,False,A: SCRAPE GAP
f2t78e,2,sysadmin,False,A: SCRAPE GAP
f2t5fs,1,sysadmin,False,A: SCRAPE GAP
f2vtp1,3,sysadmin,False,A: SCRAPE GAP
f37ifm,3,sysadmin,False,A: SCRAPE GAP
f3br0d,3,sysadmin,False,A: SCRAPE GAP
f3cggd,1,sysadmin,False,A: SCRAPE GAP
f3gipv,2,sysadmin,False,A: SCRAPE GAP
f3fvol,1,sysadmin,False,A: SCRAPE GAP
f3xy0s,2,sysadmin,False,A: SCRAPE GAP
f3xt8u,2,sysadmin,False,A: SCRAPE GAP
f3zg29,1,sysadmin,False,A: SCRAPE GAP
f40u6q,2,sysadmin,False,A: SCRAPE GAP
f4hsy4,1,sysadmin,False,A: SCRAPE GAP
f4qok2,2,sysadmin,False,A: SCRAPE GAP
f4vcoh,1,sysadmin,False,A: SCRAPE GAP
f598i6,2,sysadmin,False,A: SCRAPE GAP
f5fq0h,1,sysadmin,False,A: SCRAPE GAP
f5lewk,1,sysadmin,False,A: SCRAPE GAP
f5q0ns,2,sysadmin,False,A: SCRAPE GAP
f5ruvp,1,sysadmin,False,A: SCRAPE GAP
f5tws2,1,sysadmin,False,A: SCRAPE GAP
f5vbdh,1,sysadmin,False,A: SCRAPE GAP
f5x7eh,1,sysadmin,False,A: SCRAPE GAP
f5yb7z,3,sysadmin,False,A: SCRAPE GAP
f6ccjk,2,sysadmin,False,A: SCRAPE GAP
f6dsz5,1,sysadmin,False,A: SCRAPE GAP
f6hmib,1,sysadmin,False,A: SCRAPE GAP
f6hirk,1,sysadmin,False,A: SCRAPE GAP
f6i811,1,sysadmin,False,A: SCRAPE GAP
f6vbv8,2,sysadmin,False,A: SCRAPE GAP
f6w5c5,1,sysadmin,False,A: SCRAPE GAP
f6zjeo,1,sysadmin,False,A: SCRAPE GAP
f71rpx,2,sysadmin,False,A: SCRAPE GAP
f710d2,2,sysadmin,False,A: SCRAPE GAP
f71yg8,3,sysadmin,False,A: SCRAPE GAP
f73rre,3,sysadmin,False,A: SCRAPE GAP
f747ex,1,sysadmin,False,A: SCRAPE GAP
f75wtp,1,sysadmin,False,A: SCRAPE GAP
f7b75e,3,sysadmin,False,A: SCRAPE GAP
f7cjfi,1,sysadmin,False,A: SCRAPE GAP
f7dcy4,2,sysadmin,False,A: SCRAPE GAP
f7goo0,3,sysadmin,False,A: SCRAPE GAP
f7samu,2,sysadmin,False,A: SCRAPE GAP
f7t3kc,1,sysadmin,False,A: SCRAPE GAP
f80r5n,1,sysadmin,False,A: SCRAPE GAP
f7zt93,1,sysadmin,False,A: SCRAPE GAP
f87p8u,1,sysadmin,False,A: SCRAPE GAP
f8uko6,2,sysadmin,False,A: SCRAPE GAP
f8ygis,1,sysadmin,False,A: SCRAPE GAP
f930mf,2,sysadmin,False,A: SCRAPE GAP
f9wuuj,1,sysadmin,False,A: SCRAPE GAP
fa5ona,1,sysadmin,False,A: SCRAPE GAP
fa6kjk,2,sysadmin,False,A: SCRAPE GAP
faeljn,1,sysadmin,False,A: SCRAPE GAP
fai6i9,1,sysadmin,False,A: SCRAPE GAP
fauzj3,1,sysadmin,False,A: SCRAPE GAP
fax3uy,1,sysadmin,False,A: SCRAPE GAP
faxcv9,1,sysadmin,False,A: SCRAPE GAP
fazl4g,1,sysadmin,False,A: SCRAPE GAP
fb9hta,1,sysadmin,False,A: SCRAPE GAP
fc55yi,1,sysadmin,False,A: SCRAPE GAP
fckp83,1,sysadmin,False,A: SCRAPE GAP
fd9542,2,sysadmin,False,A: SCRAPE GAP
fdg5bv,1,sysadmin,False,A: SCRAPE GAP
fdgl2z,1,sysadmin,False,A: SCRAPE GAP
fdkn1d,2,sysadmin,False,A: SCRAPE GAP
fdnchk,1,sysadmin,False,A: SCRAPE GAP
fdmv8j,1,sysadmin,False,A: SCRAPE GAP
fdorvf,1,sysadmin,False,A: SCRAPE GAP
fdsydo,1,sysadmin,False,A: SCRAPE GAP
fdwmrc,1,sysadmin,False,A: SCRAPE GAP
fdx22t,2,sysadmin,False,A: SCRAPE GAP
fdzpsd,1,sysadmin,False,A: SCRAPE GAP
feehqd,2,sysadmin,False,A: SCRAPE GAP
fef1hf,2,sysadmin,False,A: SCRAPE GAP
fenm5k,1,sysadmin,False,A: SCRAPE GAP
ff0lkl,1,sysadmin,False,A: SCRAPE GAP
fffgro,3,sysadmin,False,A: SCRAPE GAP
ffhozb,3,sysadmin,False,A: SCRAPE GAP
ffjjsc,1,sysadmin,False,A: SCRAPE GAP
ffmwop,1,sysadmin,False,A: SCRAPE GAP
fftk7z,2,sysadmin,False,A: SCRAPE GAP
ffvlpg,1,sysadmin,False,A: SCRAPE GAP
fg0npm,1,sysadmin,False,A: SCRAPE GAP
fg5nte,1,sysadmin,False,A: SCRAPE GAP
fgc30y,2,sysadmin,False,A: SCRAPE GAP
fgi0sk,2,sysadmin,False,A: SCRAPE GAP
fgjkjf,2,sysadmin,False,A: SCRAPE GAP
fgj8p3,2,sysadmin,False,A: SCRAPE GAP
fgpgkb,1,sysadmin,False,A: SCRAPE GAP
fgr5xs,2,sysadmin,False,A: SCRAPE GAP
fh1aql,1,sysadmin,False,A: SCRAPE GAP
fh78be,2,sysadmin,False,A: SCRAPE GAP
fh747o,3,sysadmin,False,A: SCRAPE GAP
fh9yxs,1,sysadmin,False,A: SCRAPE GAP
fheaz2,1,sysadmin,False,A: SCRAPE GAP
fhh239,1,sysadmin,False,A: SCRAPE GAP
fhm991,1,sysadmin,False,A: SCRAPE GAP
fi9zkz,1,sysadmin,False,A: SCRAPE GAP
fiip4o,1,sysadmin,False,A: SCRAPE GAP
fiss9i,2,sysadmin,False,A: SCRAPE GAP
fizew4,1,sysadmin,False,A: SCRAPE GAP
fj2zm3,1,sysadmin,False,A: SCRAPE GAP
fj7fl0,1,sysadmin,False,A: SCRAPE GAP
fja3oq,1,sysadmin,False,A: SCRAPE GAP
fjiphp,1,sysadmin,False,A: SCRAPE GAP
fjklra,1,sysadmin,False,A: SCRAPE GAP
fjl7cs,2,sysadmin,False,A: SCRAPE GAP
fjn758,1,sysadmin,False,A: SCRAPE GAP
fjol22,1,sysadmin,False,A: SCRAPE GAP
fjsz6g,1,sysadmin,False,A: SCRAPE GAP
fjtnoy,1,sysadmin,False,A: SCRAPE GAP
fk4k4x,3,sysadmin,False,A: SCRAPE GAP
fkbkdg,1,sysadmin,False,A: SCRAPE GAP
fkm4fi,1,sysadmin,False,A: SCRAPE GAP
fkpivd,1,sysadmin,False,A: SCRAPE GAP
fkpwkq,2,sysadmin,False,A: SCRAPE GAP
fkqdey,2,sysadmin,False,A: SCRAPE GAP
fkrkjd,1,sysadmin,False,A: SCRAPE GAP
fkvc19,2,sysadmin,False,A: SCRAPE GAP
fkymwy,3,sysadmin,False,A: SCRAPE GAP
fl1y5v,1,sysadmin,False,A: SCRAPE GAP
fl47aa,1,sysadmin,False,A: SCRAPE GAP
fl8ahb,1,sysadmin,False,A: SCRAPE GAP
fl9nxk,1,sysadmin,False,A: SCRAPE GAP
flcq27,1,sysadmin,False,A: SCRAPE GAP
fld3qz,2,sysadmin,False,A: SCRAPE GAP
fldcqj,1,sysadmin,False,A: SCRAPE GAP
flg5ip,2,sysadmin,False,A: SCRAPE GAP
flh8b1,1,sysadmin,False,A: SCRAPE GAP
flh43p,1,sysadmin,False,A: SCRAPE GAP
fligg3,1,sysadmin,False,A: SCRAPE GAP
flmu9r,2,sysadmin,False,A: SCRAPE GAP
flssqh,2,sysadmin,False,A: SCRAPE GAP
flrgzo,2,sysadmin,False,A: SCRAPE GAP
flvpe6,1,sysadmin,False,A: SCRAPE GAP
fly4gm,1,sysadmin,False,A: SCRAPE GAP
fm3hy0,1,sysadmin,False,A: SCRAPE GAP
fm6orr,1,sysadmin,False,A: SCRAPE GAP
fmbp6z,4,sysadmin,False,A: SCRAPE GAP
fmehvg,2,sysadmin,False,A: SCRAPE GAP
fmlgjw,1,sysadmin,False,A: SCRAPE GAP
fmotmh,1,sysadmin,False,A: SCRAPE GAP
fmvd12,2,sysadmin,False,A: SCRAPE GAP
fn22n7,1,sysadmin,False,A: SCRAPE GAP
fnbbfi,1,sysadmin,False,A: SCRAPE GAP
fnipfx,2,sysadmin,False,A: SCRAPE GAP
fnjgb1,1,sysadmin,False,A: SCRAPE GAP
fnqhmo,2,sysadmin,False,A: SCRAPE GAP
fnrin0,2,sysadmin,False,A: SCRAPE GAP
fnugvt,1,sysadmin,False,A: SCRAPE GAP
fnuv2b,1,sysadmin,False,A: SCRAPE GAP
fo78u1,1,sysadmin,False,A: SCRAPE GAP
fo7qdj,1,sysadmin,False,A: SCRAPE GAP
fodzan,1,sysadmin,False,A: SCRAPE GAP
fofanh,1,sysadmin,False,A: SCRAPE GAP
fogq6s,2,sysadmin,False,A: SCRAPE GAP
foit5o,3,sysadmin,False,A: SCRAPE GAP
fos3j5,1,sysadmin,False,A: SCRAPE GAP
forl57,2,sysadmin,False,A: SCRAPE GAP
fov3fu,1,sysadmin,False,A: SCRAPE GAP
foxews,3,sysadmin,False,A: SCRAPE GAP
fp5j6v,1,sysadmin,False,A: SCRAPE GAP
fp93fa,1,sysadmin,False,A: SCRAPE GAP
fpbdsl,1,sysadmin,False,A: SCRAPE GAP
fpbgwj,1,sysadmin,False,A: SCRAPE GAP
fpbtdm,2,sysadmin,False,A: SCRAPE GAP
fpfcnk,1,sysadmin,False,A: SCRAPE GAP
fphpq6,1,sysadmin,False,A: SCRAPE GAP
fpqhzk,1,sysadmin,False,A: SCRAPE GAP
fpu4da,2,sysadmin,False,A: SCRAPE GAP
fpx890,1,sysadmin,False,A: SCRAPE GAP
fpxmy3,2,sysadmin,False,A: SCRAPE GAP
fpy6m7,1,sysadmin,False,A: SCRAPE GAP
fq025c,1,sysadmin,False,A: SCRAPE GAP
fq0sg8,1,sysadmin,False,A: SCRAPE GAP
fq2hv1,1,sysadmin,False,A: SCRAPE GAP
fq1lho,1,sysadmin,False,A: SCRAPE GAP
fq2uq0,1,sysadmin,False,A: SCRAPE GAP
fq2oy4,2,sysadmin,False,A: SCRAPE GAP
fq57jc,1,sysadmin,False,A: SCRAPE GAP
fq7j8m,2,sysadmin,False,A: SCRAPE GAP
fq732o,1,sysadmin,False,A: SCRAPE GAP
fq96re,1,sysadmin,False,A: SCRAPE GAP
fqjyev,1,sysadmin,False,A: SCRAPE GAP
fql0m1,1,sysadmin,False,A: SCRAPE GAP
fqrrpt,2,sysadmin,False,A: SCRAPE GAP
frg2j6,1,sysadmin,False,A: SCRAPE GAP
frrocz,2,sysadmin,False,A: SCRAPE GAP
frvfrn,1,sysadmin,False,A: SCRAPE GAP
frxody,1,sysadmin,False,A: SCRAPE GAP
fs0pbw,1,sysadmin,False,A: SCRAPE GAP
fs51by,1,sysadmin,False,A: SCRAPE GAP
fs5tpo,1,sysadmin,False,A: SCRAPE GAP
fshzf7,1,sysadmin,False,A: SCRAPE GAP
fsld4r,1,sysadmin,False,A: SCRAPE GAP
fslp9b,2,sysadmin,False,A: SCRAPE GAP
fsurd9,2,sysadmin,False,A: SCRAPE GAP
fsyhwm,1,sysadmin,False,A: SCRAPE GAP
ft4ocb,1,sysadmin,False,A: SCRAPE GAP
ft8zmo,3,sysadmin,False,A: SCRAPE GAP
ft94ch,2,sysadmin,False,A: SCRAPE GAP
ftko1o,1,sysadmin,False,A: SCRAPE GAP
ftlfda,1,sysadmin,False,A: SCRAPE GAP
ftll22,2,sysadmin,False,A: SCRAPE GAP
ftpd84,1,sysadmin,False,A: SCRAPE GAP
ftt0u9,1,sysadmin,False,A: SCRAPE GAP
fttiw0,2,sysadmin,False,A: SCRAPE GAP
ftvtih,2,sysadmin,False,A: SCRAPE GAP
ftvuza,1,sysadmin,False,A: SCRAPE GAP
ftxil2,3,sysadmin,False,A: SCRAPE GAP
fu24s3,1,sysadmin,False,A: SCRAPE GAP
fu86zr,2,sysadmin,False,A: SCRAPE GAP
fuarp8,1,sysadmin,False,A: SCRAPE GAP
fubobg,1,sysadmin,False,A: SCRAPE GAP
fufi7p,1,sysadmin,False,A: SCRAPE GAP
fugp4a,1,sysadmin,False,A: SCRAPE GAP
fuifif,3,sysadmin,False,A: SCRAPE GAP
fumsgj,2,sysadmin,False,A: SCRAPE GAP
funt3f,1,sysadmin,False,A: SCRAPE GAP
fv4yjs,1,sysadmin,False,A: SCRAPE GAP
fvdj18,1,sysadmin,False,A: SCRAPE GAP
fvpyrd,1,sysadmin,False,A: SCRAPE GAP
fvrfjo,1,sysadmin,False,A: SCRAPE GAP
fvslj6,1,sysadmin,False,A: SCRAPE GAP
fvvj60,3,sysadmin,False,A: SCRAPE GAP
fvwxd2,1,sysadmin,False,A: SCRAPE GAP
fwazkm,1,sysadmin,False,A: SCRAPE GAP
fwj6gg,4,sysadmin,False,A: SCRAPE GAP
fwwgwc,2,sysadmin,False,A: SCRAPE GAP
fx3niu,1,sysadmin,False,A: SCRAPE GAP
fxab51,1,sysadmin,False,A: SCRAPE GAP
fxe3kk,1,sysadmin,False,A: SCRAPE GAP
fyjzod,1,sysadmin,False,A: SCRAPE GAP
fyn17v,1,sysadmin,False,A: SCRAPE GAP
fylsu0,1,sysadmin,False,A: SCRAPE GAP
fzkeme,2,sysadmin,False,A: SCRAPE GAP
fzg8ph,1,sysadmin,False,A: SCRAPE GAP
g00ca4,1,sysadmin,False,A: SCRAPE GAP
g06cyd,2,sysadmin,False,A: SCRAPE GAP
g0kgvw,1,sysadmin,False,A: SCRAPE GAP
g13nry,3,sysadmin,False,A: SCRAPE GAP
g154cg,1,sysadmin,False,A: SCRAPE GAP
g18a94,1,sysadmin,False,A: SCRAPE GAP
g18d1g,1,sysadmin,False,A: SCRAPE GAP
g1bbmb,2,sysadmin,False,A: SCRAPE GAP
g1ffj8,1,sysadmin,False,A: SCRAPE GAP
g1w8st,2,sysadmin,False,A: SCRAPE GAP
g2d4id,2,sysadmin,False,A: SCRAPE GAP
g2hsip,2,sysadmin,False,A: SCRAPE GAP
g2nt8n,2,sysadmin,False,A: SCRAPE GAP
g2mqss,1,sysadmin,False,A: SCRAPE GAP
g2nv0z,2,sysadmin,False,A: SCRAPE GAP
g2onhy,1,sysadmin,False,A: SCRAPE GAP
g32gwa,2,sysadmin,False,A: SCRAPE GAP
g38fko,1,sysadmin,False,A: SCRAPE GAP
g3ekg4,1,sysadmin,False,A: SCRAPE GAP
g4dk37,3,sysadmin,False,A: SCRAPE GAP
g4hw0y,2,sysadmin,False,A: SCRAPE GAP
g4pdx7,1,sysadmin,False,A: SCRAPE GAP
g51sra,1,sysadmin,False,A: SCRAPE GAP
g52skw,1,sysadmin,False,A: SCRAPE GAP
g5ksil,2,sysadmin,False,A: SCRAPE GAP
g5oo5n,2,sysadmin,False,A: SCRAPE GAP
g68n84,2,sysadmin,False,A: SCRAPE GAP
g6mu4e,1,sysadmin,False,A: SCRAPE GAP
g6ow3f,1,sysadmin,False,A: SCRAPE GAP
g6qw66,2,sysadmin,False,A: SCRAPE GAP
g6ymsm,1,sysadmin,False,A: SCRAPE GAP
g7360i,2,sysadmin,False,A: SCRAPE GAP
g74l4b,1,sysadmin,False,A: SCRAPE GAP
g7cl6t,1,sysadmin,False,A: SCRAPE GAP
g7e9w3,1,sysadmin,False,A: SCRAPE GAP
g7hft2,4,sysadmin,False,A: SCRAPE GAP
g7vzk3,2,sysadmin,False,A: SCRAPE GAP
g84mwx,1,sysadmin,False,A: SCRAPE GAP
g90h96,2,sysadmin,False,A: SCRAPE GAP
g92ro3,1,sysadmin,False,A: SCRAPE GAP
g96lxz,1,sysadmin,False,A: SCRAPE GAP
g9dv5w,2,sysadmin,False,A: SCRAPE GAP
g9ibkf,1,sysadmin,False,A: SCRAPE GAP
g9ljtt,1,sysadmin,False,A: SCRAPE GAP
g9ov6y,1,sysadmin,False,A: SCRAPE GAP
g9vacp,1,sysadmin,False,A: SCRAPE GAP
g9yh09,1,sysadmin,False,A: SCRAPE GAP
ga4cpj,1,sysadmin,False,A: SCRAPE GAP
ga7mqz,2,sysadmin,False,A: SCRAPE GAP
ga8hgl,1,sysadmin,False,A: SCRAPE GAP
gaalbg,2,sysadmin,False,A: SCRAPE GAP
gaf819,1,sysadmin,False,A: SCRAPE GAP
gafh3y,1,sysadmin,False,A: SCRAPE GAP
gafxn6,1,sysadmin,False,A: SCRAPE GAP
gagguc,3,sysadmin,False,A: SCRAPE GAP
gak6ku,3,sysadmin,False,A: SCRAPE GAP
ganpfa,1,sysadmin,False,A: SCRAPE GAP
gawgbx,1,sysadmin,False,A: SCRAPE GAP
gaz1e9,2,sysadmin,False,A: SCRAPE GAP
gb5cv3,2,sysadmin,False,A: SCRAPE GAP
gbk1ze,1,sysadmin,False,A: SCRAPE GAP
gbjh2v,3,sysadmin,False,A: SCRAPE GAP
gboseb,1,sysadmin,False,A: SCRAPE GAP
gcmd38,1,sysadmin,False,A: SCRAPE GAP
gdbk1f,1,sysadmin,False,A: SCRAPE GAP
gdc51s,1,sysadmin,False,A: SCRAPE GAP
gdf6vx,1,sysadmin,False,A: SCRAPE GAP
gdj6cr,2,sysadmin,False,A: SCRAPE GAP
gduarx,1,sysadmin,False,A: SCRAPE GAP
ge223j,1,sysadmin,False,A: SCRAPE GAP
ge6yhu,3,sysadmin,False,A: SCRAPE GAP
gela0b,1,sysadmin,False,A: SCRAPE GAP
genbi2,1,sysadmin,False,A: SCRAPE GAP
geq9wl,3,sysadmin,False,A: SCRAPE GAP
gf04mn,1,sysadmin,False,A: SCRAPE GAP
gf8day,2,sysadmin,False,A: SCRAPE GAP
gf9rb0,3,sysadmin,False,A: SCRAPE GAP
gfb188,3,sysadmin,False,A: SCRAPE GAP
gfqrhd,1,sysadmin,False,A: SCRAPE GAP
gg4ncd,1,sysadmin,False,A: SCRAPE GAP
gg5bf5,1,sysadmin,False,A: SCRAPE GAP
ghlu97,1,sysadmin,False,A: SCRAPE GAP
ghp1gf,1,sysadmin,False,A: SCRAPE GAP
gib65g,1,sysadmin,False,A: SCRAPE GAP
gie1is,2,sysadmin,False,A: SCRAPE GAP
giijsr,3,sysadmin,False,A: SCRAPE GAP
gillfe,1,sysadmin,False,A: SCRAPE GAP
gip87v,1,sysadmin,False,A: SCRAPE GAP
gizqmz,1,sysadmin,False,A: SCRAPE GAP
gj0tno,1,sysadmin,False,A: SCRAPE GAP
gjczy9,1,sysadmin,False,A: SCRAPE GAP
gjq9ay,3,sysadmin,False,A: SCRAPE GAP
gjtsun,2,sysadmin,False,A: SCRAPE GAP
gk9oe0,3,sysadmin,False,A: SCRAPE GAP
gkfn4l,1,sysadmin,False,A: SCRAPE GAP
gktudy,2,sysadmin,False,A: SCRAPE GAP
gkp9f8,1,sysadmin,False,A: SCRAPE GAP
glan8x,1,sysadmin,False,A: SCRAPE GAP
glyulx,2,sysadmin,False,A: SCRAPE GAP
gm13kd,1,sysadmin,False,A: SCRAPE GAP
gm8kyh,1,sysadmin,False,A: SCRAPE GAP
gmayut,1,sysadmin,False,A: SCRAPE GAP
gmtmzf,3,sysadmin,False,A: SCRAPE GAP
gmustk,1,sysadmin,False,A: SCRAPE GAP
gngas3,2,sysadmin,False,A: SCRAPE GAP
gnk6gw,1,sysadmin,False,A: SCRAPE GAP
gnnl1t,2,sysadmin,False,A: SCRAPE GAP
goiyv9,1,sysadmin,False,A: SCRAPE GAP
gor2vj,3,sysadmin,False,A: SCRAPE GAP
goswy7,2,sysadmin,False,A: SCRAPE GAP
gqw29r,1,sysadmin,False,A: SCRAPE GAP
gqwky2,2,sysadmin,False,A: SCRAPE GAP
gqwqj4,1,sysadmin,False,A: SCRAPE GAP
grba2t,1,sysadmin,False,A: SCRAPE GAP
grpinb,1,sysadmin,False,A: SCRAPE GAP
gs7lyi,1,sysadmin,False,A: SCRAPE GAP
gs9c2f,4,sysadmin,False,A: SCRAPE GAP
gsfjf1,1,sysadmin,False,A: SCRAPE GAP
gsjfj9,1,sysadmin,False,A: SCRAPE GAP
gsv5xv,1,sysadmin,False,A: SCRAPE GAP
gsw5c3,3,sysadmin,False,A: SCRAPE GAP
gswdhi,3,sysadmin,False,A: SCRAPE GAP
gt4bqp,1,sysadmin,False,A: SCRAPE GAP
gtqt45,1,sysadmin,False,A: SCRAPE GAP
gus5r4,1,sysadmin,False,A: SCRAPE GAP
gv8p54,1,sysadmin,False,A: SCRAPE GAP
gvul59,2,sysadmin,False,A: SCRAPE GAP
gw40wp,1,sysadmin,False,A: SCRAPE GAP
gwmv1h,3,sysadmin,False,A: SCRAPE GAP
gwqwh3,1,sysadmin,False,A: SCRAPE GAP
gwuqdk,1,sysadmin,False,A: SCRAPE GAP
gwycxy,3,sysadmin,False,A: SCRAPE GAP
gxbwy2,2,sysadmin,False,A: SCRAPE GAP
gxq3x6,1,sysadmin,False,A: SCRAPE GAP
gy7asw,2,sysadmin,False,A: SCRAPE GAP
gy5k2k,2,sysadmin,False,A: SCRAPE GAP
gyh0bl,1,sysadmin,False,A: SCRAPE GAP
gyih5a,2,sysadmin,False,A: SCRAPE GAP
gypvtp,1,sysadmin,False,A: SCRAPE GAP
gyzz12,1,sysadmin,False,A: SCRAPE GAP
gz3tv5,2,sysadmin,False,A: SCRAPE GAP
gz5qrl,1,sysadmin,False,A: SCRAPE GAP
gzlney,1,sysadmin,False,A: SCRAPE GAP
gzznt0,3,sysadmin,False,A: SCRAPE GAP
h089ro,1,sysadmin,False,A: SCRAPE GAP
h08k5z,1,sysadmin,False,A: SCRAPE GAP
h0a4zq,1,sysadmin,False,A: SCRAPE GAP
h0bvzs,1,sysadmin,False,A: SCRAPE GAP
h0fb9t,1,sysadmin,False,A: SCRAPE GAP
h14epa,2,sysadmin,False,A: SCRAPE GAP
h7m3fa,1,sysadmin,False,A: SCRAPE GAP
h89sh7,2,sysadmin,False,A: SCRAPE GAP
h8tf3v,1,sysadmin,False,A: SCRAPE GAP
h8zkgx,2,sysadmin,False,A: SCRAPE GAP
h9cqmq,1,sysadmin,False,A: SCRAPE GAP
h9ihcu,2,sysadmin,False,A: SCRAPE GAP
h9o7bt,1,sysadmin,False,A: SCRAPE GAP
ha3yk2,2,sysadmin,False,A: SCRAPE GAP
haa3iw,2,sysadmin,False,A: SCRAPE GAP
haalwg,1,sysadmin,False,A: SCRAPE GAP
hac8vw,1,sysadmin,False,A: SCRAPE GAP
hak54u,1,sysadmin,False,A: SCRAPE GAP
hasjmp,1,sysadmin,False,A: SCRAPE GAP
hays1h,3,sysadmin,False,A: SCRAPE GAP
hazgjx,3,sysadmin,False,A: SCRAPE GAP
hb0u7h,1,sysadmin,False,A: SCRAPE GAP
hbwgv2,1,sysadmin,False,A: SCRAPE GAP
hc0yhi,4,sysadmin,False,A: SCRAPE GAP
hc1fum,1,sysadmin,False,A: SCRAPE GAP
hcglvg,1,sysadmin,False,A: SCRAPE GAP
hclc3o,1,sysadmin,False,A: SCRAPE GAP
hctzov,2,sysadmin,False,A: SCRAPE GAP
hdu72i,1,sysadmin,False,A: SCRAPE GAP
hdq94f,4,sysadmin,False,A: SCRAPE GAP
hdv0dn,1,sysadmin,False,A: SCRAPE GAP
he9gd6,3,sysadmin,False,A: SCRAPE GAP
hentby,2,sysadmin,False,A: SCRAPE GAP
hepu56,1,sysadmin,False,A: SCRAPE GAP
heps2p,1,sysadmin,False,A: SCRAPE GAP
hf1wqv,1,sysadmin,False,A: SCRAPE GAP
hfok90,3,sysadmin,False,A: SCRAPE GAP
hfulqr,2,sysadmin,False,A: SCRAPE GAP
hfxd2e,3,sysadmin,False,A: SCRAPE GAP
hg70iy,1,sysadmin,False,A: SCRAPE GAP
hgbl35,2,sysadmin,False,A: SCRAPE GAP
hgc6kz,2,sysadmin,False,A: SCRAPE GAP
hgg90r,3,sysadmin,False,A: SCRAPE GAP
hgh0uq,3,sysadmin,False,A: SCRAPE GAP
hgplp9,3,sysadmin,False,A: SCRAPE GAP
hgtij7,1,sysadmin,False,A: SCRAPE GAP
hh7fzf,1,sysadmin,False,A: SCRAPE GAP
hi7rv7,1,sysadmin,False,A: SCRAPE GAP
hig4cf,1,sysadmin,False,A: SCRAPE GAP
hildmk,1,sysadmin,False,A: SCRAPE GAP
hinniq,4,sysadmin,False,A: SCRAPE GAP
hipzum,1,sysadmin,False,A: SCRAPE GAP
hj0hgj,1,sysadmin,False,A: SCRAPE GAP
hjaq9x,1,sysadmin,False,A: SCRAPE GAP
hjekg0,2,sysadmin,False,A: SCRAPE GAP
hjre2f,1,sysadmin,False,A: SCRAPE GAP
hk1y38,3,sysadmin,False,A: SCRAPE GAP
hkj331,1,sysadmin,False,A: SCRAPE GAP
hlygsg,2,sysadmin,False,A: SCRAPE GAP
hlz0wm,1,sysadmin,False,A: SCRAPE GAP
hm3dqv,1,sysadmin,False,A: SCRAPE GAP
hm90in,2,sysadmin,False,A: SCRAPE GAP
hm9cgd,1,sysadmin,False,A: SCRAPE GAP
hmek8g,1,sysadmin,False,A: SCRAPE GAP
hmphwk,2,sysadmin,False,A: SCRAPE GAP
hms8kv,2,sysadmin,False,A: SCRAPE GAP
hmth7s,2,sysadmin,False,A: SCRAPE GAP
hn6x02,1,sysadmin,False,A: SCRAPE GAP
hnhe4s,1,sysadmin,False,A: SCRAPE GAP
hnr06m,1,sysadmin,False,A: SCRAPE GAP
hnx42y,1,sysadmin,False,A: SCRAPE GAP
ho3vht,1,sysadmin,False,A: SCRAPE GAP
hovi4l,2,sysadmin,False,A: SCRAPE GAP
hq9kbn,4,sysadmin,False,A: SCRAPE GAP
hqlbms,2,sysadmin,False,A: SCRAPE GAP
hqq0pl,1,sysadmin,False,A: SCRAPE GAP
hqvu3l,1,sysadmin,False,A: SCRAPE GAP
hqz8k9,1,sysadmin,False,A: SCRAPE GAP
hr1hyz,1,sysadmin,False,A: SCRAPE GAP
hr20qj,3,sysadmin,False,A: SCRAPE GAP
hr1x8p,1,sysadmin,False,A: SCRAPE GAP
hr51bl,2,sysadmin,False,A: SCRAPE GAP
hrn5i2,2,sysadmin,False,A: SCRAPE GAP
hrmt43,2,sysadmin,False,A: SCRAPE GAP
hrpoee,1,sysadmin,False,A: SCRAPE GAP
hrr4i7,1,sysadmin,False,A: SCRAPE GAP
hrumwn,2,sysadmin,False,A: SCRAPE GAP
hrzze9,3,sysadmin,False,A: SCRAPE GAP
hsdzho,2,sysadmin,False,A: SCRAPE GAP
hsetz3,1,sysadmin,False,A: SCRAPE GAP
hsvgso,1,sysadmin,False,A: SCRAPE GAP
hsvu84,3,sysadmin,False,A: SCRAPE GAP
ht181m,1,sysadmin,False,A: SCRAPE GAP
htp231,1,sysadmin,False,A: SCRAPE GAP
hu7oy3,1,sysadmin,False,A: SCRAPE GAP
hugdi6,1,sysadmin,False,A: SCRAPE GAP
hunnk5,1,sysadmin,False,A: SCRAPE GAP
huu41x,1,sysadmin,False,A: SCRAPE GAP
hv4ccn,1,sysadmin,False,A: SCRAPE GAP
hvcf6w,1,sysadmin,False,A: SCRAPE GAP
hvezdu,2,sysadmin,False,A: SCRAPE GAP
hvgodk,2,sysadmin,False,A: SCRAPE GAP
hvqjy2,1,sysadmin,False,A: SCRAPE GAP
hw20xa,1,sysadmin,False,A: SCRAPE GAP
hw1cvp,1,sysadmin,False,A: SCRAPE GAP
hw6zp9,1,sysadmin,False,A: SCRAPE GAP
hw8jjr,2,sysadmin,False,A: SCRAPE GAP
hw7dix,1,sysadmin,False,A: SCRAPE GAP
hwd1mn,1,sysadmin,False,A: SCRAPE GAP
hwehs7,1,sysadmin,False,A: SCRAPE GAP
hwf54o,2,sysadmin,False,A: SCRAPE GAP
hwiax3,1,sysadmin,False,A: SCRAPE GAP
hwktkx,1,sysadmin,False,A: SCRAPE GAP
hwlozh,1,sysadmin,False,A: SCRAPE GAP
hwqkqz,3,sysadmin,False,A: SCRAPE GAP
hx1vdw,2,sysadmin,False,A: SCRAPE GAP
hx4jj6,4,sysadmin,False,A: SCRAPE GAP
hx8r4f,1,sysadmin,False,A: SCRAPE GAP
hxb893,1,sysadmin,False,A: SCRAPE GAP
hxclwv,2,sysadmin,False,A: SCRAPE GAP
hxdo5q,1,sysadmin,False,A: SCRAPE GAP
hxr1ub,1,sysadmin,False,A: SCRAPE GAP
hxs5w2,1,sysadmin,False,A: SCRAPE GAP
hyss9l,1,sysadmin,False,A: SCRAPE GAP
hyt8s1,1,sysadmin,False,A: SCRAPE GAP
hyzaqq,2,sysadmin,False,A: SCRAPE GAP
hz0c2k,2,sysadmin,False,A: SCRAPE GAP
hziyij,1,sysadmin,False,A: SCRAPE GAP
hzmqo7,1,sysadmin,False,A: SCRAPE GAP
i00xfm,1,sysadmin,False,A: SCRAPE GAP
i0idqr,1,sysadmin,False,A: SCRAPE GAP
i0l9bk,2,sysadmin,False,A: SCRAPE GAP
i1spio,2,sysadmin,False,A: SCRAPE GAP
i2pued,1,sysadmin,False,A: SCRAPE GAP
i2zk0e,1,sysadmin,False,A: SCRAPE GAP
i35cdf,1,sysadmin,False,A: SCRAPE GAP
i3drh2,1,sysadmin,False,A: SCRAPE GAP
i3aecm,3,sysadmin,False,A: SCRAPE GAP
i3khyt,2,sysadmin,False,A: SCRAPE GAP
i3m1qe,3,sysadmin,False,A: SCRAPE GAP
i3mbmp,1,sysadmin,False,A: SCRAPE GAP
i3t9mf,1,sysadmin,False,A: SCRAPE GAP
i3za1t,3,sysadmin,False,A: SCRAPE GAP
i45td4,3,sysadmin,False,A: SCRAPE GAP
i46t3n,2,sysadmin,False,A: SCRAPE GAP
i4kzvf,3,sysadmin,False,A: SCRAPE GAP
i4o7zc,2,sysadmin,False,A: SCRAPE GAP
i4mz7p,1,sysadmin,False,A: SCRAPE GAP
i4oxj7,1,sysadmin,False,A: SCRAPE GAP
i4pu4d,1,sysadmin,False,A: SCRAPE GAP
i4s092,1,sysadmin,False,A: SCRAPE GAP
i4shgq,1,sysadmin,False,A: SCRAPE GAP
i5fz8d,1,sysadmin,False,A: SCRAPE GAP
i5jmc7,3,sysadmin,False,A: SCRAPE GAP
i5ijnl,1,sysadmin,False,A: SCRAPE GAP
i5jo3x,1,sysadmin,False,A: SCRAPE GAP
i5joof,1,sysadmin,False,A: SCRAPE GAP
i5la4b,1,sysadmin,False,A: SCRAPE GAP
i69ve3,2,sysadmin,False,A: SCRAPE GAP
i74rdx,1,sysadmin,False,A: SCRAPE GAP
i7789r,2,sysadmin,False,A: SCRAPE GAP
i7tzda,1,sysadmin,False,A: SCRAPE GAP
i7ykye,1,sysadmin,False,A: SCRAPE GAP
i80gdd,2,sysadmin,False,A: SCRAPE GAP
i816nx,1,sysadmin,False,A: SCRAPE GAP
i8fdlo,1,sysadmin,False,A: SCRAPE GAP
i8fl4s,1,sysadmin,False,A: SCRAPE GAP
i8gol6,2,sysadmin,False,A: SCRAPE GAP
i96oj5,1,sysadmin,False,A: SCRAPE GAP
i99htc,2,sysadmin,False,A: SCRAPE GAP
i9cj5k,1,sysadmin,False,A: SCRAPE GAP
i9gz37,1,sysadmin,False,A: SCRAPE GAP
i9fedi,2,sysadmin,False,A: SCRAPE GAP
i9m4dn,1,sysadmin,False,A: SCRAPE GAP
i9outh,2,sysadmin,False,A: SCRAPE GAP
i9py99,3,sysadmin,False,A: SCRAPE GAP
iaz5bc,2,sysadmin,False,A: SCRAPE GAP
ibeq1u,2,sysadmin,False,A: SCRAPE GAP
ibag5g,1,sysadmin,False,A: SCRAPE GAP
ibfun2,1,sysadmin,False,A: SCRAPE GAP
ibp021,4,sysadmin,False,A: SCRAPE GAP
ic9hev,1,sysadmin,False,A: SCRAPE GAP
icag8g,2,sysadmin,False,A: SCRAPE GAP
icdbcz,2,sysadmin,False,A: SCRAPE GAP
icmmyy,1,sysadmin,False,A: SCRAPE GAP
ico09b,1,sysadmin,False,A: SCRAPE GAP
icttnl,1,sysadmin,False,A: SCRAPE GAP
ictgct,1,sysadmin,False,A: SCRAPE GAP
icv2qv,2,sysadmin,False,A: SCRAPE GAP
icw4tu,1,sysadmin,False,A: SCRAPE GAP
id2j0v,1,sysadmin,False,A: SCRAPE GAP
idcusk,1,sysadmin,False,A: SCRAPE GAP
idhavt,1,sysadmin,False,A: SCRAPE GAP
idhowe,1,sysadmin,False,A: SCRAPE GAP
idoiqo,1,sysadmin,False,A: SCRAPE GAP
idsazd,1,sysadmin,False,A: SCRAPE GAP
ie48x8,1,sysadmin,False,A: SCRAPE GAP
ie4a7b,3,sysadmin,False,A: SCRAPE GAP
ie563p,1,sysadmin,False,A: SCRAPE GAP
ie6xnx,1,sysadmin,False,A: SCRAPE GAP
ie7sfc,2,sysadmin,False,A: SCRAPE GAP
iefxap,2,sysadmin,False,A: SCRAPE GAP
ielzod,2,sysadmin,False,A: SCRAPE GAP
iesr8r,1,sysadmin,False,A: SCRAPE GAP
iet97x,1,sysadmin,False,A: SCRAPE GAP
ievmzt,1,sysadmin,False,A: SCRAPE GAP
if553l,1,sysadmin,False,A: SCRAPE GAP
ifp06m,1,sysadmin,False,A: SCRAPE GAP
ifs4uo,2,sysadmin,False,A: SCRAPE GAP
ig4nau,1,sysadmin,False,A: SCRAPE GAP
igc4so,1,sysadmin,False,A: SCRAPE GAP
igexhu,2,sysadmin,False,A: SCRAPE GAP
iggk19,3,sysadmin,False,A: SCRAPE GAP
igo2wg,1,sysadmin,False,A: SCRAPE GAP
igktcn,1,sysadmin,False,A: SCRAPE GAP
ih00ni,1,sysadmin,False,A: SCRAPE GAP
ih1zx1,1,sysadmin,False,A: SCRAPE GAP
ih57uv,1,sysadmin,False,A: SCRAPE GAP
ih8hq4,2,sysadmin,False,A: SCRAPE GAP
ihdghc,2,sysadmin,False,A: SCRAPE GAP
ihodp2,2,sysadmin,False,A: SCRAPE GAP
ihyitw,2,sysadmin,False,A: SCRAPE GAP
ii60bp,3,sysadmin,False,A: SCRAPE GAP
ij0bde,1,sysadmin,False,A: SCRAPE GAP
ijxj60,1,sysadmin,False,A: SCRAPE GAP
ikbyet,2,sysadmin,False,A: SCRAPE GAP
ikrggk,3,sysadmin,False,A: SCRAPE GAP
ikteji,1,sysadmin,False,A: SCRAPE GAP
il8qlz,1,sysadmin,False,A: SCRAPE GAP
ilfzh2,1,sysadmin,False,A: SCRAPE GAP
ilj0gd,1,sysadmin,False,A: SCRAPE GAP
iloc02,1,sysadmin,False,A: SCRAPE GAP
ily6vz,1,sysadmin,False,A: SCRAPE GAP
ilzvse,1,sysadmin,False,A: SCRAPE GAP
im00bq,3,sysadmin,False,A: SCRAPE GAP
im3qbr,1,sysadmin,False,A: SCRAPE GAP
imm276,1,sysadmin,False,A: SCRAPE GAP
imvdve,1,sysadmin,False,A: SCRAPE GAP
in9cwr,3,sysadmin,False,A: SCRAPE GAP
io5d56,1,sysadmin,False,A: SCRAPE GAP
io6xk6,1,sysadmin,False,A: SCRAPE GAP
io7xwn,1,sysadmin,False,A: SCRAPE GAP
ioj8cc,1,sysadmin,False,A: SCRAPE GAP
iovyso,2,sysadmin,False,A: SCRAPE GAP
ioz5wp,3,sysadmin,False,A: SCRAPE GAP
ip71o7,3,sysadmin,False,A: SCRAPE GAP
ip7qcg,1,sysadmin,False,A: SCRAPE GAP
iphlpa,4,sysadmin,False,A: SCRAPE GAP
ipmtg0,1,sysadmin,False,A: SCRAPE GAP
ipntug,1,sysadmin,False,A: SCRAPE GAP
ipo9ip,1,sysadmin,False,A: SCRAPE GAP
ipseit,1,sysadmin,False,A: SCRAPE GAP
ipukga,3,sysadmin,False,A: SCRAPE GAP
iq8cod,1,sysadmin,False,A: SCRAPE GAP
iqpq8y,2,sysadmin,False,A: SCRAPE GAP
iqmnb6,1,sysadmin,False,A: SCRAPE GAP
iqwobj,1,sysadmin,False,A: SCRAPE GAP
ir1qmc,1,sysadmin,False,A: SCRAPE GAP
is2oyp,3,sysadmin,False,A: SCRAPE GAP
isc5eh,1,sysadmin,False,A: SCRAPE GAP
isgha3,2,sysadmin,False,A: SCRAPE GAP
isynam,2,sysadmin,False,A: SCRAPE GAP
isxwcz,4,sysadmin,False,A: SCRAPE GAP
itam07,1,sysadmin,False,A: SCRAPE GAP
itm274,1,sysadmin,False,A: SCRAPE GAP
itrhmk,1,sysadmin,False,A: SCRAPE GAP
itqqby,1,sysadmin,False,A: SCRAPE GAP
iuia3r,1,sysadmin,False,A: SCRAPE GAP
iuklru,1,sysadmin,False,A: SCRAPE GAP
iuosnt,1,sysadmin,False,A: SCRAPE GAP
iuqeou,1,sysadmin,False,A: SCRAPE GAP
ivd42s,4,sysadmin,False,A: SCRAPE GAP
ivffh6,1,sysadmin,False,A: SCRAPE GAP
ivlxfz,1,sysadmin,False,A: SCRAPE GAP
ivyz2z,1,sysadmin,False,A: SCRAPE GAP
ix07r2,1,sysadmin,False,A: SCRAPE GAP
ix5saa,1,sysadmin,False,A: SCRAPE GAP
ix5aw1,1,sysadmin,False,A: SCRAPE GAP
ixoaj6,1,sysadmin,False,A: SCRAPE GAP
iy1w85,1,sysadmin,False,A: SCRAPE GAP
iydeqa,1,sysadmin,False,A: SCRAPE GAP
iyga2l,1,sysadmin,False,A: SCRAPE GAP
iyslma,1,sysadmin,False,A: SCRAPE GAP
iyn74z,2,sysadmin,False,A: SCRAPE GAP
iz3i1w,1,sysadmin,False,A: SCRAPE GAP
iz30wg,3,sysadmin,False,A: SCRAPE GAP
iz547r,3,sysadmin,False,A: SCRAPE GAP
izoqxr,1,sysadmin,False,A: SCRAPE GAP
j08j49,1,sysadmin,False,A: SCRAPE GAP
j1vzmr,1,sysadmin,False,A: SCRAPE GAP
j1z7x6,1,sysadmin,False,A: SCRAPE GAP
j21iug,2,sysadmin,False,A: SCRAPE GAP
j24gy9,2,sysadmin,False,A: SCRAPE GAP
j2661c,2,sysadmin,False,A: SCRAPE GAP
j25yiq,1,sysadmin,False,A: SCRAPE GAP
j2cff4,1,sysadmin,False,A: SCRAPE GAP
j2osvd,1,sysadmin,False,A: SCRAPE GAP
j2xmcv,1,sysadmin,False,A: SCRAPE GAP
j38dok,1,sysadmin,False,A: SCRAPE GAP
j38olb,1,sysadmin,False,A: SCRAPE GAP
j3jlnt,1,sysadmin,False,A: SCRAPE GAP
j3ixcr,1,sysadmin,False,A: SCRAPE GAP
j46k3d,3,sysadmin,False,A: SCRAPE GAP
j4frif,1,sysadmin,False,A: SCRAPE GAP
j4qy89,1,sysadmin,False,A: SCRAPE GAP
j4yff3,1,sysadmin,False,A: SCRAPE GAP
j5ogcp,3,sysadmin,False,A: SCRAPE GAP
j5qirb,1,sysadmin,False,A: SCRAPE GAP
j5s2l4,2,sysadmin,False,A: SCRAPE GAP
j5ss6w,1,sysadmin,False,A: SCRAPE GAP
j5u3s5,1,sysadmin,False,A: SCRAPE GAP
j5x5cb,2,sysadmin,False,A: SCRAPE GAP
j6da9p,1,sysadmin,False,A: SCRAPE GAP
j6gcb8,1,sysadmin,False,A: SCRAPE GAP
j6n0vv,2,sysadmin,False,A: SCRAPE GAP
j6p5x1,1,sysadmin,False,A: SCRAPE GAP
j6rj37,1,sysadmin,False,A: SCRAPE GAP
j7hevs,1,sysadmin,False,A: SCRAPE GAP
j7hroa,1,sysadmin,False,A: SCRAPE GAP
j7l1yz,1,sysadmin,False,A: SCRAPE GAP
j7m08z,1,sysadmin,False,A: SCRAPE GAP
j7qmm0,1,sysadmin,False,A: SCRAPE GAP
j7pc3u,2,sysadmin,False,A: SCRAPE GAP
j7tios,2,sysadmin,False,A: SCRAPE GAP
j84c3r,1,sysadmin,False,A: SCRAPE GAP
j82pvw,1,sysadmin,False,A: SCRAPE GAP
j8dzwr,1,sysadmin,False,A: SCRAPE GAP
j8b6yl,1,sysadmin,False,A: SCRAPE GAP
j8o80t,1,sysadmin,False,A: SCRAPE GAP
j96hqo,3,sysadmin,False,A: SCRAPE GAP
j9e64f,1,sysadmin,False,A: SCRAPE GAP
j9l894,3,sysadmin,False,A: SCRAPE GAP
j9zsx0,4,sysadmin,False,A: SCRAPE GAP
ja4epy,1,sysadmin,False,A: SCRAPE GAP
ja6wy2,1,sysadmin,False,A: SCRAPE GAP
ja8khx,3,sysadmin,False,A: SCRAPE GAP
jacvof,3,sysadmin,False,A: SCRAPE GAP
jak8n9,1,sysadmin,False,A: SCRAPE GAP
jakgzj,1,sysadmin,False,A: SCRAPE GAP
japvrq,1,sysadmin,False,A: SCRAPE GAP
javhy7,2,sysadmin,False,A: SCRAPE GAP
jb2aa0,1,sysadmin,False,A: SCRAPE GAP
jb4uvh,2,sysadmin,False,A: SCRAPE GAP
jb6sc4,1,sysadmin,False,A: SCRAPE GAP
jb8f9e,4,sysadmin,False,A: SCRAPE GAP
jbd00s,2,sysadmin,False,A: SCRAPE GAP
jbbj2i,1,sysadmin,False,A: SCRAPE GAP
jbltha,1,sysadmin,False,A: SCRAPE GAP
jbpo0m,2,sysadmin,False,A: SCRAPE GAP
jbtj6r,1,sysadmin,False,A: SCRAPE GAP
jcais7,3,sysadmin,False,A: SCRAPE GAP
jcarjj,1,sysadmin,False,A: SCRAPE GAP
jckbb3,1,sysadmin,False,A: SCRAPE GAP
jclsvk,2,sysadmin,False,A: SCRAPE GAP
jdns85,1,sysadmin,False,A: SCRAPE GAP
jdt9z2,2,sysadmin,False,A: SCRAPE GAP
jdulgd,2,sysadmin,False,A: SCRAPE GAP
je5mab,1,sysadmin,False,A: SCRAPE GAP
jep8xk,1,sysadmin,False,A: SCRAPE GAP
jexvif,1,sysadmin,False,A: SCRAPE GAP
jfdosg,1,sysadmin,False,A: SCRAPE GAP
jfhuqs,2,sysadmin,False,A: SCRAPE GAP
jfqvkt,2,sysadmin,False,A: SCRAPE GAP
jgmxik,1,sysadmin,False,A: SCRAPE GAP
jh18ug,3,sysadmin,False,A: SCRAPE GAP
jgrtfu,1,sysadmin,False,A: SCRAPE GAP
jhtj9r,1,sysadmin,False,A: SCRAPE GAP
jhvitq,1,sysadmin,False,A: SCRAPE GAP
jhwuge,2,sysadmin,False,A: SCRAPE GAP
ji90v5,2,sysadmin,False,A: SCRAPE GAP
jiz3yz,2,sysadmin,False,A: SCRAPE GAP
jj0q91,3,sysadmin,False,A: SCRAPE GAP
jj4hsg,1,sysadmin,False,A: SCRAPE GAP
jjimax,1,sysadmin,False,A: SCRAPE GAP
jjjh3b,1,sysadmin,False,A: SCRAPE GAP
jjqo9z,1,sysadmin,False,A: SCRAPE GAP
jjuoxn,1,sysadmin,False,A: SCRAPE GAP
jjuxee,2,sysadmin,False,A: SCRAPE GAP
jk20oj,2,sysadmin,False,A: SCRAPE GAP
jkc029,2,sysadmin,False,A: SCRAPE GAP
jkjfyx,1,sysadmin,False,A: SCRAPE GAP
jkx7s6,1,sysadmin,False,A: SCRAPE GAP
jl4dy8,2,sysadmin,False,A: SCRAPE GAP
jlx0od,1,sysadmin,False,A: SCRAPE GAP
jlzp0j,1,sysadmin,False,A: SCRAPE GAP
jmf0d5,1,sysadmin,False,A: SCRAPE GAP
jmon2s,1,sysadmin,False,A: SCRAPE GAP
jmmfsm,4,sysadmin,False,A: SCRAPE GAP
jmqvke,1,sysadmin,False,A: SCRAPE GAP
jmx3ci,1,sysadmin,False,A: SCRAPE GAP
jn3yki,1,sysadmin,False,A: SCRAPE GAP
jn7a9a,1,sysadmin,False,A: SCRAPE GAP
jndew2,1,sysadmin,False,A: SCRAPE GAP
jne0rr,1,sysadmin,False,A: SCRAPE GAP
jnimpm,1,sysadmin,False,A: SCRAPE GAP
jnta0i,1,sysadmin,False,A: SCRAPE GAP
jo3prx,1,sysadmin,False,A: SCRAPE GAP
jo7ljx,1,sysadmin,False,A: SCRAPE GAP
jo9ogq,1,sysadmin,False,A: SCRAPE GAP
jog9ze,2,sysadmin,False,A: SCRAPE GAP
jojisz,1,sysadmin,False,A: SCRAPE GAP
jokd58,1,sysadmin,False,A: SCRAPE GAP
jokc1w,2,sysadmin,False,A: SCRAPE GAP
jowcgh,2,sysadmin,False,A: SCRAPE GAP
jphjvn,1,sysadmin,False,A: SCRAPE GAP
jpo0fi,1,sysadmin,False,A: SCRAPE GAP
jq6zhi,1,sysadmin,False,A: SCRAPE GAP
jr3d2s,1,sysadmin,False,A: SCRAPE GAP
jr9nee,2,sysadmin,False,A: SCRAPE GAP
jrip4k,1,sysadmin,False,A: SCRAPE GAP
jrml13,2,sysadmin,False,A: SCRAPE GAP
jrn6pc,1,sysadmin,False,A: SCRAPE GAP
jrt1ef,2,sysadmin,False,A: SCRAPE GAP
jrt6we,1,sysadmin,False,A: SCRAPE GAP
jrvxnn,1,sysadmin,False,A: SCRAPE GAP
jsdagn,2,sysadmin,False,A: SCRAPE GAP
jsi6st,1,sysadmin,False,A: SCRAPE GAP
jsjuxw,2,sysadmin,False,A: SCRAPE GAP
jso0ji,1,sysadmin,False,A: SCRAPE GAP
jsx42d,1,sysadmin,False,A: SCRAPE GAP
jt1sfh,2,sysadmin,False,A: SCRAPE GAP
jt5u9v,1,sysadmin,False,A: SCRAPE GAP
jtv5in,1,sysadmin,False,A: SCRAPE GAP
jucp6w,2,sysadmin,False,A: SCRAPE GAP
jvb6uc,1,sysadmin,False,A: SCRAPE GAP
jv9al3,1,sysadmin,False,A: SCRAPE GAP
jvlxl5,1,sysadmin,False,A: SCRAPE GAP
jvunzs,1,sysadmin,False,A: SCRAPE GAP
jwmrkl,2,sysadmin,False,A: SCRAPE GAP
jx7v2z,2,sysadmin,False,A: SCRAPE GAP
jxfl46,1,sysadmin,False,A: SCRAPE GAP
jxvry2,1,sysadmin,False,A: SCRAPE GAP
jy4ck5,3,sysadmin,False,A: SCRAPE GAP
jyajzu,4,sysadmin,False,A: SCRAPE GAP
jy6r27,1,sysadmin,False,A: SCRAPE GAP
jychoz,2,sysadmin,False,A: SCRAPE GAP
jyhfnl,2,sysadmin,False,A: SCRAPE GAP
jyrz1p,1,sysadmin,False,A: SCRAPE GAP
k0gbdp,1,sysadmin,False,A: SCRAPE GAP
k0kx70,2,sysadmin,False,A: SCRAPE GAP
k0vvh3,2,sysadmin,False,A: SCRAPE GAP
k13iev,1,sysadmin,False,A: SCRAPE GAP
k16tvm,1,sysadmin,False,A: SCRAPE GAP
k1xbsr,1,sysadmin,False,A: SCRAPE GAP
k22uo0,1,sysadmin,False,A: SCRAPE GAP
k3lt0d,1,sysadmin,False,A: SCRAPE GAP
k3nwt7,1,sysadmin,False,A: SCRAPE GAP
k3pkk0,4,sysadmin,False,A: SCRAPE GAP
k47h27,1,sysadmin,False,A: SCRAPE GAP
k5bx13,1,sysadmin,False,A: SCRAPE GAP
k5elp2,1,sysadmin,False,A: SCRAPE GAP
k5g78t,2,sysadmin,False,A: SCRAPE GAP
k5g0aj,2,sysadmin,False,A: SCRAPE GAP
k5gr0d,1,sysadmin,False,A: SCRAPE GAP
k5itua,1,sysadmin,False,A: SCRAPE GAP
k5qr8f,1,sysadmin,False,A: SCRAPE GAP
k61cs1,2,sysadmin,False,A: SCRAPE GAP
k69y0j,3,sysadmin,False,A: SCRAPE GAP
k6cr3e,4,sysadmin,False,A: SCRAPE GAP
k6iawl,1,sysadmin,False,A: SCRAPE GAP
k6odc6,1,sysadmin,False,A: SCRAPE GAP
k6qb90,1,sysadmin,False,A: SCRAPE GAP
k8iaqt,2,sysadmin,False,A: SCRAPE GAP
k8j8b6,2,sysadmin,False,A: SCRAPE GAP
k9ua16,2,sysadmin,False,A: SCRAPE GAP
k9vg7n,1,sysadmin,False,A: SCRAPE GAP
kafwna,1,sysadmin,False,A: SCRAPE GAP
kakych,4,sysadmin,False,A: SCRAPE GAP
kap7rr,1,sysadmin,False,A: SCRAPE GAP
kb2f5x,1,sysadmin,False,A: SCRAPE GAP
kbgpdt,1,sysadmin,False,A: SCRAPE GAP
kd1suj,2,sysadmin,False,A: SCRAPE GAP
kd4pkv,1,sysadmin,False,A: SCRAPE GAP
kd7122,3,sysadmin,False,A: SCRAPE GAP
kdajiy,1,sysadmin,False,A: SCRAPE GAP
kdjfek,1,sysadmin,False,A: SCRAPE GAP
kdhpuz,1,sysadmin,False,A: SCRAPE GAP
kdo1zw,3,sysadmin,False,A: SCRAPE GAP
kdmvxn,2,sysadmin,False,A: SCRAPE GAP
kdqxf2,2,sysadmin,False,A: SCRAPE GAP
ke522v,2,sysadmin,False,A: SCRAPE GAP
ke6vb3,1,sysadmin,False,A: SCRAPE GAP
kebfbe,2,sysadmin,False,A: SCRAPE GAP
kedi6v,1,sysadmin,False,A: SCRAPE GAP
kek7ca,2,sysadmin,False,A: SCRAPE GAP
kenpw2,1,sysadmin,False,A: SCRAPE GAP
kez8gd,1,sysadmin,False,A: SCRAPE GAP
kezvrv,3,sysadmin,False,A: SCRAPE GAP
kf7i5x,1,sysadmin,False,A: SCRAPE GAP
kg0anf,3,sysadmin,False,A: SCRAPE GAP
kg5yry,3,sysadmin,False,A: SCRAPE GAP
kh9dzf,1,sysadmin,False,A: SCRAPE GAP
khluyv,1,sysadmin,False,A: SCRAPE GAP
ki2czf,2,sysadmin,False,A: SCRAPE GAP
ki58wu,1,sysadmin,False,A: SCRAPE GAP
ki888e,3,sysadmin,False,A: SCRAPE GAP
kjdo8s,2,sysadmin,False,A: SCRAPE GAP
kjike9,1,sysadmin,False,A: SCRAPE GAP
kjte69,2,sysadmin,False,A: SCRAPE GAP
kk34cg,1,sysadmin,False,A: SCRAPE GAP
kmzgmn,1,sysadmin,False,A: SCRAPE GAP
kmy94z,2,sysadmin,False,A: SCRAPE GAP
kn58gz,1,sysadmin,False,A: SCRAPE GAP
knqbjq,1,sysadmin,False,A: SCRAPE GAP
knzqwg,2,sysadmin,False,A: SCRAPE GAP
kogcr1,1,sysadmin,False,A: SCRAPE GAP
kojudy,1,sysadmin,False,A: SCRAPE GAP
kp4xxy,1,sysadmin,False,A: SCRAPE GAP
kps5dv,1,sysadmin,False,A: SCRAPE GAP
kptrcu,2,sysadmin,False,A: SCRAPE GAP
kpv86u,4,sysadmin,False,A: SCRAPE GAP
kqfihu,2,sysadmin,False,A: SCRAPE GAP
kqkhjl,1,sysadmin,False,A: SCRAPE GAP
kqmymu,2,sysadmin,False,A: SCRAPE GAP
kqzla3,1,sysadmin,False,A: SCRAPE GAP
kr0fra,4,sysadmin,False,A: SCRAPE GAP
kr19wm,1,sysadmin,False,A: SCRAPE GAP
kr2xt6,2,sysadmin,False,A: SCRAPE GAP
kr7le1,1,sysadmin,False,A: SCRAPE GAP
kr985i,3,sysadmin,False,A: SCRAPE GAP
kr6b5c,1,sysadmin,False,A: SCRAPE GAP
krg03t,1,sysadmin,False,A: SCRAPE GAP
krn2zy,1,sysadmin,False,A: SCRAPE GAP
krwuiq,1,sysadmin,False,A: SCRAPE GAP
ks0auo,1,sysadmin,False,A: SCRAPE GAP
kseqf1,2,sysadmin,False,A: SCRAPE GAP
ksf92q,1,sysadmin,False,A: SCRAPE GAP
ksnf70,1,sysadmin,False,A: SCRAPE GAP
ksq6v8,3,sysadmin,False,A: SCRAPE GAP
kt17vg,1,sysadmin,False,A: SCRAPE GAP
kt2hzk,1,sysadmin,False,A: SCRAPE GAP
kt97qi,2,sysadmin,False,A: SCRAPE GAP
kt7i43,1,sysadmin,False,A: SCRAPE GAP
ktbrx2,2,sysadmin,False,A: SCRAPE GAP
ktgn1p,2,sysadmin,False,A: SCRAPE GAP
ktrxw4,1,sysadmin,False,A: SCRAPE GAP
kuihn3,1,sysadmin,False,A: SCRAPE GAP
kutscm,2,sysadmin,False,A: SCRAPE GAP
kvqegv,1,sysadmin,False,A: SCRAPE GAP
kvr5gh,2,sysadmin,False,A: SCRAPE GAP
kvur1w,1,sysadmin,False,A: SCRAPE GAP
kw0xmm,1,sysadmin,False,A: SCRAPE GAP
kw2n8n,1,sysadmin,False,A: SCRAPE GAP
kw8bhc,1,sysadmin,False,A: SCRAPE GAP
kwar8y,2,sysadmin,False,A: SCRAPE GAP
kwisci,2,sysadmin,False,A: SCRAPE GAP
kwjtnt,2,sysadmin,False,A: SCRAPE GAP
kx8xlp,2,sysadmin,False,A: SCRAPE GAP
kxa2zq,1,sysadmin,False,A: SCRAPE GAP
kxclgs,1,sysadmin,False,A: SCRAPE GAP
kxhih2,1,sysadmin,False,A: SCRAPE GAP
kxkp7y,1,sysadmin,False,A: SCRAPE GAP
kxlvui,1,sysadmin,False,A: SCRAPE GAP
kxy6nu,1,sysadmin,False,A: SCRAPE GAP
kyhrr7,2,sysadmin,False,A: SCRAPE GAP
kyi2jk,1,sysadmin,False,A: SCRAPE GAP
kyltgy,1,sysadmin,False,A: SCRAPE GAP
kz62i7,2,sysadmin,False,A: SCRAPE GAP
kzjmvm,1,sysadmin,False,A: SCRAPE GAP
kzr5t9,1,sysadmin,False,A: SCRAPE GAP
l00wtv,2,sysadmin,False,A: SCRAPE GAP
l00x6v,3,sysadmin,False,A: SCRAPE GAP
l0l88f,3,sysadmin,False,A: SCRAPE GAP
l0pm6d,3,sysadmin,False,A: SCRAPE GAP
l0ypk9,1,sysadmin,False,A: SCRAPE GAP
l1797q,1,sysadmin,False,A: SCRAPE GAP
l1a0k6,1,sysadmin,False,A: SCRAPE GAP
l1tset,1,sysadmin,False,A: SCRAPE GAP
l1ymv4,2,sysadmin,False,A: SCRAPE GAP
l26u0u,2,sysadmin,False,A: SCRAPE GAP
l2bhu8,3,sysadmin,False,A: SCRAPE GAP
l2kpw1,1,sysadmin,False,A: SCRAPE GAP
l2q70j,1,sysadmin,False,A: SCRAPE GAP
l2vr6w,1,sysadmin,False,A: SCRAPE GAP
l3f367,1,sysadmin,False,A: SCRAPE GAP
l44kco,1,sysadmin,False,A: SCRAPE GAP
l4o53g,1,sysadmin,False,A: SCRAPE GAP
l4owoh,3,sysadmin,False,A: SCRAPE GAP
l52ef2,4,sysadmin,False,A: SCRAPE GAP
l5ggm6,2,sysadmin,False,A: SCRAPE GAP
l5gv9l,4,sysadmin,False,A: SCRAPE GAP
l5rukh,3,sysadmin,False,A: SCRAPE GAP
l5xu5i,4,sysadmin,False,A: SCRAPE GAP
l5wd87,2,sysadmin,False,A: SCRAPE GAP
l6e7zv,1,sysadmin,False,A: SCRAPE GAP
l6qurk,1,sysadmin,False,A: SCRAPE GAP
l72ktl,3,sysadmin,False,A: SCRAPE GAP
l7aqse,1,sysadmin,False,A: SCRAPE GAP
l7av18,3,sysadmin,False,A: SCRAPE GAP
l7h6fy,1,sysadmin,False,A: SCRAPE GAP
l7yh5m,3,sysadmin,False,A: SCRAPE GAP
l7ztpm,3,sysadmin,False,A: SCRAPE GAP
l85mvj,2,sysadmin,False,A: SCRAPE GAP
l8fpcj,1,sysadmin,False,A: SCRAPE GAP
l8mbj9,4,sysadmin,False,A: SCRAPE GAP
l8hlp7,1,sysadmin,False,A: SCRAPE GAP
l8rn3y,3,sysadmin,False,A: SCRAPE GAP
l8utt9,1,sysadmin,False,A: SCRAPE GAP
l8xsew,1,sysadmin,False,A: SCRAPE GAP
l8yvqz,2,sysadmin,False,A: SCRAPE GAP
l9ld70,1,sysadmin,False,A: SCRAPE GAP
l9w3hb,1,sysadmin,False,A: SCRAPE GAP
lab69m,1,sysadmin,False,A: SCRAPE GAP
laahl3,1,sysadmin,False,A: SCRAPE GAP
ladoyy,1,sysadmin,False,A: SCRAPE GAP
lafa79,3,sysadmin,False,A: SCRAPE GAP
lahvxr,1,sysadmin,False,A: SCRAPE GAP
lax1f2,2,sysadmin,False,A: SCRAPE GAP
lb1qwy,1,sysadmin,False,A: SCRAPE GAP
lbrjrz,1,sysadmin,False,A: SCRAPE GAP
lbt571,4,sysadmin,False,A: SCRAPE GAP
lbwa2c,1,sysadmin,False,A: SCRAPE GAP
lc1efc,3,sysadmin,False,A: SCRAPE GAP
lcg8kk,2,sysadmin,False,A: SCRAPE GAP
lckwqm,3,sysadmin,False,A: SCRAPE GAP
lco9dz,3,sysadmin,False,A: SCRAPE GAP
ld0gic,2,sysadmin,False,A: SCRAPE GAP
ld8ldl,2,sysadmin,False,A: SCRAPE GAP
ldaon7,1,sysadmin,False,A: SCRAPE GAP
ldfgu8,2,sysadmin,False,A: SCRAPE GAP
ldpq8c,1,sysadmin,False,A: SCRAPE GAP
le4077,1,sysadmin,False,A: SCRAPE GAP
lf2i1f,2,sysadmin,False,A: SCRAPE GAP
lf9fd3,1,sysadmin,False,A: SCRAPE GAP
lfhiyc,2,sysadmin,False,A: SCRAPE GAP
lfm4bp,1,sysadmin,False,A: SCRAPE GAP
lfpldy,1,sysadmin,False,A: SCRAPE GAP
lg74jy,2,sysadmin,False,A: SCRAPE GAP
lg9rn5,3,sysadmin,False,A: SCRAPE GAP
lgvwbt,1,sysadmin,False,A: SCRAPE GAP
lhih0u,4,sysadmin,False,A: SCRAPE GAP
lhink7,1,sysadmin,False,A: SCRAPE GAP
lhlo3z,3,sysadmin,False,A: SCRAPE GAP
lhnw5n,3,sysadmin,False,A: SCRAPE GAP
lho8n3,1,sysadmin,False,A: SCRAPE GAP
lhoj6y,2,sysadmin,False,A: SCRAPE GAP
lhp4s8,1,sysadmin,False,A: SCRAPE GAP
lhw834,2,sysadmin,False,A: SCRAPE GAP
li2ytm,1,sysadmin,False,A: SCRAPE GAP
liapa7,2,sysadmin,False,A: SCRAPE GAP
lie97e,1,sysadmin,False,A: SCRAPE GAP
lj3b61,1,sysadmin,False,A: SCRAPE GAP
ljx300,2,sysadmin,False,A: SCRAPE GAP
ljviql,2,sysadmin,False,A: SCRAPE GAP
ljxu7g,1,sysadmin,False,A: SCRAPE GAP
lkkeaw,2,sysadmin,False,A: SCRAPE GAP
ll647z,2,sysadmin,False,A: SCRAPE GAP
ll8ylh,2,sysadmin,False,A: SCRAPE GAP
llf38v,2,sysadmin,False,A: SCRAPE GAP
llk0sy,1,sysadmin,False,A: SCRAPE GAP
lmb6dn,1,sysadmin,False,A: SCRAPE GAP
lmjw4j,1,sysadmin,False,A: SCRAPE GAP
lmrulp,2,sysadmin,False,A: SCRAPE GAP
lmtbzq,1,sysadmin,False,A: SCRAPE GAP
lnhbrl,1,sysadmin,False,A: SCRAPE GAP
lno8z6,1,sysadmin,False,A: SCRAPE GAP
lnr444,4,sysadmin,False,A: SCRAPE GAP
lof9gh,2,sysadmin,False,A: SCRAPE GAP
loh4ie,3,sysadmin,False,A: SCRAPE GAP
lotev7,3,sysadmin,False,A: SCRAPE GAP
lqi15l,1,sysadmin,False,A: SCRAPE GAP
lqliv2,1,sysadmin,False,A: SCRAPE GAP
lqsjfk,1,sysadmin,False,A: SCRAPE GAP
lqx1jc,2,sysadmin,False,A: SCRAPE GAP
lr2mul,1,sysadmin,False,A: SCRAPE GAP
lr2grq,3,sysadmin,False,A: SCRAPE GAP
lre47v,1,sysadmin,False,A: SCRAPE GAP
lrfds4,3,sysadmin,False,A: SCRAPE GAP
lrkqw6,1,sysadmin,False,A: SCRAPE GAP
lsh90x,2,sysadmin,False,A: SCRAPE GAP
lsfgk9,1,sysadmin,False,A: SCRAPE GAP
lsnaiw,1,sysadmin,False,A: SCRAPE GAP
lsux6n,1,sysadmin,False,A: SCRAPE GAP
lt3shi,2,sysadmin,False,A: SCRAPE GAP
lte8bw,1,sysadmin,False,A: SCRAPE GAP
lty6wm,4,sysadmin,False,A: SCRAPE GAP
lualr7,1,sysadmin,False,A: SCRAPE GAP
luadyo,1,sysadmin,False,A: SCRAPE GAP
luv3lv,2,sysadmin,False,A: SCRAPE GAP
lv0lnv,1,sysadmin,False,A: SCRAPE GAP
lv7rg0,1,sysadmin,False,A: SCRAPE GAP
lvm9p7,2,sysadmin,False,A: SCRAPE GAP
lvu3eq,2,sysadmin,False,A: SCRAPE GAP
lw2gzj,1,sysadmin,False,A: SCRAPE GAP
lwanx2,1,sysadmin,False,A: SCRAPE GAP
lx0jf4,2,sysadmin,False,A: SCRAPE GAP
lxb26j,2,sysadmin,False,A: SCRAPE GAP
lxhhvf,2,sysadmin,False,A: SCRAPE GAP
lxj4hi,1,sysadmin,False,A: SCRAPE GAP
lxt75a,3,sysadmin,False,A: SCRAPE GAP
lxy0ad,1,sysadmin,False,A: SCRAPE GAP
ly3ub0,3,sysadmin,False,A: SCRAPE GAP
lycokn,1,sysadmin,False,A: SCRAPE GAP
lympk4,3,sysadmin,False,A: SCRAPE GAP
lyna2m,2,sysadmin,False,A: SCRAPE GAP
lyu8n2,3,sysadmin,False,A: SCRAPE GAP
lzs4dg,1,sysadmin,False,A: SCRAPE GAP
lzw0xz,1,sysadmin,False,A: SCRAPE GAP
m0gsvt,1,sysadmin,False,A: SCRAPE GAP
m0htd7,1,sysadmin,False,A: SCRAPE GAP
m0qxrl,1,sysadmin,False,A: SCRAPE GAP
m0yg4w,2,sysadmin,False,A: SCRAPE GAP
m13u3o,1,sysadmin,False,A: SCRAPE GAP
m26c6a,2,sysadmin,False,A: SCRAPE GAP
m2cmjr,2,sysadmin,False,A: SCRAPE GAP
m2tvtm,1,sysadmin,False,A: SCRAPE GAP
m2x7o7,3,sysadmin,False,A: SCRAPE GAP
m312v9,1,sysadmin,False,A: SCRAPE GAP
m31tyu,2,sysadmin,False,A: SCRAPE GAP
m32bsx,1,sysadmin,False,A: SCRAPE GAP
m36tgw,3,sysadmin,False,A: SCRAPE GAP
m38vie,1,sysadmin,False,A: SCRAPE GAP
m3gjzs,4,sysadmin,False,A: SCRAPE GAP
m3jwvk,2,sysadmin,False,A: SCRAPE GAP
m3m0kq,2,sysadmin,False,A: SCRAPE GAP
m3qhmp,1,sysadmin,False,A: SCRAPE GAP
m59ooz,3,sysadmin,False,A: SCRAPE GAP
m5ghpl,1,sysadmin,False,A: SCRAPE GAP
m5m1va,1,sysadmin,False,A: SCRAPE GAP
m5ob4a,1,sysadmin,False,A: SCRAPE GAP
m5uhud,1,sysadmin,False,A: SCRAPE GAP
m6a53z,1,sysadmin,False,A: SCRAPE GAP
m6bxxo,2,sysadmin,False,A: SCRAPE GAP
m6bcl6,1,sysadmin,False,A: SCRAPE GAP
m6frpg,1,sysadmin,False,A: SCRAPE GAP
m6h72m,1,sysadmin,False,A: SCRAPE GAP
m6gjva,1,sysadmin,False,A: SCRAPE GAP
m6kcei,2,sysadmin,False,A: SCRAPE GAP
m729kw,1,sysadmin,False,A: SCRAPE GAP
m70xci,2,sysadmin,False,A: SCRAPE GAP
m79fxt,3,sysadmin,False,A: SCRAPE GAP
m7dfep,2,sysadmin,False,A: SCRAPE GAP
m7ek1z,1,sysadmin,False,A: SCRAPE GAP
m7n53d,3,sysadmin,False,A: SCRAPE GAP
m7ltg1,1,sysadmin,False,A: SCRAPE GAP
m7vkio,2,sysadmin,False,A: SCRAPE GAP
m8x4kc,1,sysadmin,False,A: SCRAPE GAP
m8y9oo,2,sysadmin,False,A: SCRAPE GAP
m97138,2,sysadmin,False,A: SCRAPE GAP
m9kgus,1,sysadmin,False,A: SCRAPE GAP
ma4mwl,1,sysadmin,False,A: SCRAPE GAP
marrqo,1,sysadmin,False,A: SCRAPE GAP
masflz,1,sysadmin,False,A: SCRAPE GAP
mb6ysf,1,sysadmin,False,A: SCRAPE GAP
mb98rm,1,sysadmin,False,A: SCRAPE GAP
mbg1xi,2,sysadmin,False,A: SCRAPE GAP
mbo2wi,2,sysadmin,False,A: SCRAPE GAP
mc6vex,1,sysadmin,False,A: SCRAPE GAP
mc84nf,3,sysadmin,False,A: SCRAPE GAP
mddwzr,2,sysadmin,False,A: SCRAPE GAP
mdouqc,1,sysadmin,False,A: SCRAPE GAP
mdvl37,1,sysadmin,False,A: SCRAPE GAP
mdwn1q,1,sysadmin,False,A: SCRAPE GAP
mdxqdm,3,sysadmin,False,A: SCRAPE GAP
mft4b2,3,sysadmin,False,A: SCRAPE GAP
mg1dgl,1,sysadmin,False,A: SCRAPE GAP
mgf63m,1,sysadmin,False,A: SCRAPE GAP
mgkjac,1,sysadmin,False,A: SCRAPE GAP
mgr49f,1,sysadmin,False,A: SCRAPE GAP
mgtsf4,1,sysadmin,False,A: SCRAPE GAP
mh49zr,3,sysadmin,False,A: SCRAPE GAP
mhh8oc,1,sysadmin,False,A: SCRAPE GAP
mhthcm,2,sysadmin,False,A: SCRAPE GAP
mhj6zn,1,sysadmin,False,A: SCRAPE GAP
mi6dfw,1,sysadmin,False,A: SCRAPE GAP
miuivy,1,sysadmin,False,A: SCRAPE GAP
mit9lh,1,sysadmin,False,A: SCRAPE GAP
mj1p22,1,sysadmin,False,A: SCRAPE GAP
mjvg7u,3,sysadmin,False,A: SCRAPE GAP
mkkhkj,2,sysadmin,False,A: SCRAPE GAP
mlda2r,1,sysadmin,False,A: SCRAPE GAP
mlh8wt,1,sysadmin,False,A: SCRAPE GAP
mlkgpk,1,sysadmin,False,A: SCRAPE GAP
mloda0,3,sysadmin,False,A: SCRAPE GAP
mm53jg,1,sysadmin,False,A: SCRAPE GAP
mmdqnt,2,sysadmin,False,A: SCRAPE GAP
mms8zf,3,sysadmin,False,A: SCRAPE GAP
mn9z62,1,sysadmin,False,A: SCRAPE GAP
mn85rr,1,sysadmin,False,A: SCRAPE GAP
mn9h9s,1,sysadmin,False,A: SCRAPE GAP
mnf0e2,1,sysadmin,False,A: SCRAPE GAP
mnnv1s,3,sysadmin,False,A: SCRAPE GAP
mnrr3v,2,sysadmin,False,A: SCRAPE GAP
mns8ih,1,sysadmin,False,A: SCRAPE GAP
mo8qex,1,sysadmin,False,A: SCRAPE GAP
mp0qzx,3,sysadmin,False,A: SCRAPE GAP
mphl07,1,sysadmin,False,A: SCRAPE GAP
mpn6e4,2,sysadmin,False,A: SCRAPE GAP
mplcfc,2,sysadmin,False,A: SCRAPE GAP
mppmjo,4,sysadmin,False,A: SCRAPE GAP
mq2zwy,3,sysadmin,False,A: SCRAPE GAP
mqa9i5,2,sysadmin,False,A: SCRAPE GAP
mr532t,3,sysadmin,False,A: SCRAPE GAP
mrgbck,1,sysadmin,False,A: SCRAPE GAP
mrgei9,1,sysadmin,False,A: SCRAPE GAP
mrinb0,1,sysadmin,False,A: SCRAPE GAP
mrii9i,1,sysadmin,False,A: SCRAPE GAP
mrjgx4,1,sysadmin,False,A: SCRAPE GAP
mrvqrw,1,sysadmin,False,A: SCRAPE GAP
ms3krf,1,sysadmin,False,A: SCRAPE GAP
msc41j,1,sysadmin,False,A: SCRAPE GAP
msetjv,2,sysadmin,False,A: SCRAPE GAP
mt938v,3,sysadmin,False,A: SCRAPE GAP
mu1s8b,1,sysadmin,False,A: SCRAPE GAP
mu4jl3,1,sysadmin,False,A: SCRAPE GAP
muef9x,3,sysadmin,False,A: SCRAPE GAP
mut8co,2,sysadmin,False,A: SCRAPE GAP
mutx3l,2,sysadmin,False,A: SCRAPE GAP
muvkuy,1,sysadmin,False,A: SCRAPE GAP
mv66r3,1,sysadmin,False,A: SCRAPE GAP
mvgz70,1,sysadmin,False,A: SCRAPE GAP
mvih1x,1,sysadmin,False,A: SCRAPE GAP
mvn8ep,1,sysadmin,False,A: SCRAPE GAP
mvv9ug,1,sysadmin,False,A: SCRAPE GAP
mw4r07,1,sysadmin,False,A: SCRAPE GAP
mw9nik,2,sysadmin,False,A: SCRAPE GAP
mwd6ck,1,sysadmin,False,A: SCRAPE GAP
mwkzg2,3,sysadmin,False,A: SCRAPE GAP
mws2xx,3,sysadmin,False,A: SCRAPE GAP
mx04bv,1,sysadmin,False,A: SCRAPE GAP
mx6eg5,2,sysadmin,False,A: SCRAPE GAP
mx9ghy,3,sysadmin,False,A: SCRAPE GAP
mxd15z,3,sysadmin,False,A: SCRAPE GAP
mxjfoe,1,sysadmin,False,A: SCRAPE GAP
mymie8,1,sysadmin,False,A: SCRAPE GAP
mys6p5,1,sysadmin,False,A: SCRAPE GAP
mz1099,1,sysadmin,False,A: SCRAPE GAP
mzj1iu,3,sysadmin,False,A: SCRAPE GAP
mzqc83,1,sysadmin,False,A: SCRAPE GAP
mzyh71,1,sysadmin,False,A: SCRAPE GAP
n0kpsv,1,sysadmin,False,A: SCRAPE GAP
n0nxao,2,sysadmin,False,A: SCRAPE GAP
n0r0fx,1,sysadmin,False,A: SCRAPE GAP
n0zfou,4,sysadmin,False,A: SCRAPE GAP
n1709t,1,sysadmin,False,A: SCRAPE GAP
n1i56e,3,sysadmin,False,A: SCRAPE GAP
n1ttgo,1,sysadmin,False,A: SCRAPE GAP
n1uxq2,1,sysadmin,False,A: SCRAPE GAP
n252h2,1,sysadmin,False,A: SCRAPE GAP
n22v93,1,sysadmin,False,A: SCRAPE GAP
n3vs49,3,sysadmin,False,A: SCRAPE GAP
n4ehqv,1,sysadmin,False,A: SCRAPE GAP
n4ng4s,2,sysadmin,False,A: SCRAPE GAP
n52ukn,3,sysadmin,False,A: SCRAPE GAP
n5eqz9,1,sysadmin,False,A: SCRAPE GAP
n5jv5i,4,sysadmin,False,A: SCRAPE GAP
n5q4rk,1,sysadmin,False,A: SCRAPE GAP
n5spo1,1,sysadmin,False,A: SCRAPE GAP
n6250k,1,sysadmin,False,A: SCRAPE GAP
n65eqp,1,sysadmin,False,A: SCRAPE GAP
n68iua,1,sysadmin,False,A: SCRAPE GAP
n6dovw,1,sysadmin,False,A: SCRAPE GAP
n6e4qw,1,sysadmin,False,A: SCRAPE GAP
n6gdkc,1,sysadmin,False,A: SCRAPE GAP
n6ieju,1,sysadmin,False,A: SCRAPE GAP
n6ku0f,3,sysadmin,False,A: SCRAPE GAP
n6oieo,1,sysadmin,False,A: SCRAPE GAP
n6yhqa,2,sysadmin,False,A: SCRAPE GAP
n72732,1,sysadmin,False,A: SCRAPE GAP
n82dn9,2,sysadmin,False,A: SCRAPE GAP
n8hzw6,1,sysadmin,False,A: SCRAPE GAP
n8gdyb,1,sysadmin,False,A: SCRAPE GAP
n8wf0a,4,sysadmin,False,A: SCRAPE GAP
n92peu,3,sysadmin,False,A: SCRAPE GAP
n96gzd,1,sysadmin,False,A: SCRAPE GAP
n9cwn8,1,sysadmin,False,A: SCRAPE GAP
n9ohuz,1,sysadmin,False,A: SCRAPE GAP
n9yhe4,3,sysadmin,False,A: SCRAPE GAP
naeu2f,1,sysadmin,False,A: SCRAPE GAP
naftpz,1,sysadmin,False,A: SCRAPE GAP
nag552,2,sysadmin,False,A: SCRAPE GAP
najz6c,1,sysadmin,False,A: SCRAPE GAP
nanxrl,4,sysadmin,False,A: SCRAPE GAP
naqq8h,1,sysadmin,False,A: SCRAPE GAP
narx4b,1,sysadmin,False,A: SCRAPE GAP
nav0bo,2,sysadmin,False,A: SCRAPE GAP
nb379s,1,sysadmin,False,A: SCRAPE GAP
nbg122,1,sysadmin,False,A: SCRAPE GAP
nbkkyv,1,sysadmin,False,A: SCRAPE GAP
nbn135,2,sysadmin,False,A: SCRAPE GAP
nbw9vl,1,sysadmin,False,A: SCRAPE GAP
nca6aq,1,sysadmin,False,A: SCRAPE GAP
ncjdqe,1,sysadmin,False,A: SCRAPE GAP
nddmdw,1,sysadmin,False,A: SCRAPE GAP
nds6pz,1,sysadmin,False,A: SCRAPE GAP
neqlmk,2,sysadmin,False,A: SCRAPE GAP
nf68a2,2,sysadmin,False,A: SCRAPE GAP
nflenu,1,sysadmin,False,A: SCRAPE GAP
nfuhkr,1,sysadmin,False,A: SCRAPE GAP
ng5joy,2,sysadmin,False,A: SCRAPE GAP
ng67ey,1,sysadmin,False,A: SCRAPE GAP
ng623v,3,sysadmin,False,A: SCRAPE GAP
ng97ok,2,sysadmin,False,A: SCRAPE GAP
ngiboj,1,sysadmin,False,A: SCRAPE GAP
ngsxmv,1,sysadmin,False,A: SCRAPE GAP
ngt5iw,1,sysadmin,False,A: SCRAPE GAP
ngtx2p,2,sysadmin,False,A: SCRAPE GAP
ngzb46,1,sysadmin,False,A: SCRAPE GAP
nh11b1,1,sysadmin,False,A: SCRAPE GAP
nh31zk,3,sysadmin,False,A: SCRAPE GAP
nh9py0,3,sysadmin,False,A: SCRAPE GAP
nhqjix,2,sysadmin,False,A: SCRAPE GAP
nhznye,1,sysadmin,False,A: SCRAPE GAP
ni3dm2,3,sysadmin,False,A: SCRAPE GAP
nio41d,1,sysadmin,False,A: SCRAPE GAP
njovdn,2,sysadmin,False,A: SCRAPE GAP
nk3kzo,1,sysadmin,False,A: SCRAPE GAP
nk9fzc,2,sysadmin,False,A: SCRAPE GAP
nkh5pf,2,sysadmin,False,A: SCRAPE GAP
nktdve,4,sysadmin,False,A: SCRAPE GAP
nktst3,1,sysadmin,False,A: SCRAPE GAP
nkxzpy,1,sysadmin,False,A: SCRAPE GAP
nky2ca,1,sysadmin,False,A: SCRAPE GAP
nl0qoa,2,sysadmin,False,A: SCRAPE GAP
nl24fx,3,sysadmin,False,A: SCRAPE GAP
nlc4fh,1,sysadmin,False,A: SCRAPE GAP
nljil4,2,sysadmin,False,A: SCRAPE GAP
nltgef,4,sysadmin,False,A: SCRAPE GAP
nlsv0i,2,sysadmin,False,A: SCRAPE GAP
nm6x4l,3,sysadmin,False,A: SCRAPE GAP
nml0s1,1,sysadmin,False,A: SCRAPE GAP
nn7q39,1,sysadmin,False,A: SCRAPE GAP
nndiug,1,sysadmin,False,A: SCRAPE GAP
nnybb1,2,sysadmin,False,A: SCRAPE GAP
nq7c2w,3,sysadmin,False,A: SCRAPE GAP
nq668a,2,sysadmin,False,A: SCRAPE GAP
nqg8gk,1,sysadmin,False,A: SCRAPE GAP
nqwcs0,1,sysadmin,False,A: SCRAPE GAP
nqvvht,3,sysadmin,False,A: SCRAPE GAP
nr3tmk,1,sysadmin,False,A: SCRAPE GAP
nrcuw9,1,sysadmin,False,A: SCRAPE GAP
nrchmk,1,sysadmin,False,A: SCRAPE GAP
nre82e,1,sysadmin,False,A: SCRAPE GAP
nre0p0,2,sysadmin,False,A: SCRAPE GAP
nrhfmx,4,sysadmin,False,A: SCRAPE GAP
nrn74t,1,sysadmin,False,A: SCRAPE GAP
nuhmsi,1,sysadmin,False,A: SCRAPE GAP
nui2bp,2,sysadmin,False,A: SCRAPE GAP
nuq9qh,2,sysadmin,False,A: SCRAPE GAP
nv6dun,1,sysadmin,False,A: SCRAPE GAP
nvfin5,2,sysadmin,False,A: SCRAPE GAP
nvg4ue,1,sysadmin,False,A: SCRAPE GAP
nvlk6x,1,sysadmin,False,A: SCRAPE GAP
nvyw8c,3,sysadmin,False,A: SCRAPE GAP
nwgwbm,2,sysadmin,False,A: SCRAPE GAP
nwiob5,3,sysadmin,False,A: SCRAPE GAP
nwibyg,1,sysadmin,False,A: SCRAPE GAP
nwqved,1,sysadmin,False,A: SCRAPE GAP
nwtk4i,1,sysadmin,False,A: SCRAPE GAP
nwvqdk,1,sysadmin,False,A: SCRAPE GAP
nww78d,2,sysadmin,False,A: SCRAPE GAP
nwvv88,2,sysadmin,False,A: SCRAPE GAP
nx2e8w,1,sysadmin,False,A: SCRAPE GAP
nx80se,1,sysadmin,False,A: SCRAPE GAP
nxdlkv,2,sysadmin,False,A: SCRAPE GAP
nxd7l3,1,sysadmin,False,A: SCRAPE GAP
nxgquy,1,sysadmin,False,A: SCRAPE GAP
nxlpme,3,sysadmin,False,A: SCRAPE GAP
ny1nm8,2,sysadmin,False,A: SCRAPE GAP
ny240w,2,sysadmin,False,A: SCRAPE GAP
ny4nqu,1,sysadmin,False,A: SCRAPE GAP
ny4ecd,2,sysadmin,False,A: SCRAPE GAP
nycmma,1,sysadmin,False,A: SCRAPE GAP
nyla5g,3,sysadmin,False,A: SCRAPE GAP
nzpkea,1,sysadmin,False,A: SCRAPE GAP
nzptiz,1,sysadmin,False,A: SCRAPE GAP
nzvnna,2,sysadmin,False,A: SCRAPE GAP
nzvgbo,2,sysadmin,False,A: SCRAPE GAP
o0drln,1,sysadmin,False,A: SCRAPE GAP
o0leoe,1,sysadmin,False,A: SCRAPE GAP
o0nxkn,1,sysadmin,False,A: SCRAPE GAP
o1409a,1,sysadmin,False,A: SCRAPE GAP
o16d69,1,sysadmin,False,A: SCRAPE GAP
o14vds,1,sysadmin,False,A: SCRAPE GAP
o16e9q,1,sysadmin,False,A: SCRAPE GAP
o179ui,1,sysadmin,False,A: SCRAPE GAP
o1b770,2,sysadmin,False,A: SCRAPE GAP
o1hvbk,1,sysadmin,False,A: SCRAPE GAP
o1j8z1,1,sysadmin,False,A: SCRAPE GAP
o1lu2e,1,sysadmin,False,A: SCRAPE GAP
o1xizd,3,sysadmin,False,A: SCRAPE GAP
o1yieg,1,sysadmin,False,A: SCRAPE GAP
o1z6ij,2,sysadmin,False,A: SCRAPE GAP
o21djz,1,sysadmin,False,A: SCRAPE GAP
o29zz3,2,sysadmin,False,A: SCRAPE GAP
o2hbd8,3,sysadmin,False,A: SCRAPE GAP
o32hho,1,sysadmin,False,A: SCRAPE GAP
o38bl7,2,sysadmin,False,A: SCRAPE GAP
o4j2zo,1,sysadmin,False,A: SCRAPE GAP
o50vuh,1,sysadmin,False,A: SCRAPE GAP
o5fmik,2,sysadmin,False,A: SCRAPE GAP
o5o23u,2,sysadmin,False,A: SCRAPE GAP
o676ng,2,sysadmin,False,A: SCRAPE GAP
o63wue,1,sysadmin,False,A: SCRAPE GAP
o68v87,2,sysadmin,False,A: SCRAPE GAP
o6cdd3,1,sysadmin,False,A: SCRAPE GAP
o6o5gr,1,sysadmin,False,A: SCRAPE GAP
o6tsrt,3,sysadmin,False,A: SCRAPE GAP
o7r5tv,2,sysadmin,False,A: SCRAPE GAP
o7prxj,2,sysadmin,False,A: SCRAPE GAP
o7smva,3,sysadmin,False,A: SCRAPE GAP
o7y221,3,sysadmin,False,A: SCRAPE GAP
o81x35,1,sysadmin,False,A: SCRAPE GAP
o9srxd,1,sysadmin,False,A: SCRAPE GAP
o9tw3p,1,sysadmin,False,A: SCRAPE GAP
o9zrw0,3,sysadmin,False,A: SCRAPE GAP
oa7lzn,1,sysadmin,False,A: SCRAPE GAP
oaj2uq,1,sysadmin,False,A: SCRAPE GAP
oamoml,1,sysadmin,False,A: SCRAPE GAP
oav5mc,2,sysadmin,False,A: SCRAPE GAP
oauo5g,3,sysadmin,False,A: SCRAPE GAP
oawtay,1,sysadmin,False,A: SCRAPE GAP
ob0v8i,1,sysadmin,False,A: SCRAPE GAP
ob4pid,2,sysadmin,False,A: SCRAPE GAP
ob88fp,3,sysadmin,False,A: SCRAPE GAP
obir4h,2,sysadmin,False,A: SCRAPE GAP
obv6tq,1,sysadmin,False,A: SCRAPE GAP
obviy6,3,sysadmin,False,A: SCRAPE GAP
obvjb1,1,sysadmin,False,A: SCRAPE GAP
ocafrm,1,sysadmin,False,A: SCRAPE GAP
oce9xl,3,sysadmin,False,A: SCRAPE GAP
od1t9t,1,sysadmin,False,A: SCRAPE GAP
od6va8,3,sysadmin,False,A: SCRAPE GAP
ods2nw,3,sysadmin,False,A: SCRAPE GAP
oebrc0,1,sysadmin,False,A: SCRAPE GAP
oejf1w,3,sysadmin,False,A: SCRAPE GAP
oelcqd,1,sysadmin,False,A: SCRAPE GAP
oeva4s,3,sysadmin,False,A: SCRAPE GAP
of19qz,1,sysadmin,False,A: SCRAPE GAP
of2jbq,2,sysadmin,False,A: SCRAPE GAP
of5qj6,1,sysadmin,False,A: SCRAPE GAP
of6hg2,1,sysadmin,False,A: SCRAPE GAP
ofjkiz,1,sysadmin,False,A: SCRAPE GAP
ofnzrc,2,sysadmin,False,A: SCRAPE GAP
ofmgi8,1,sysadmin,False,A: SCRAPE GAP
ofwrbn,1,sysadmin,False,A: SCRAPE GAP
ofx3n8,2,sysadmin,False,A: SCRAPE GAP
og8m7b,4,sysadmin,False,A: SCRAPE GAP
ogfw1g,1,sysadmin,False,A: SCRAPE GAP
ogg5w1,2,sysadmin,False,A: SCRAPE GAP
ogg6ga,3,sysadmin,False,A: SCRAPE GAP
ogg2wj,4,sysadmin,False,A: SCRAPE GAP
oghb9y,1,sysadmin,False,A: SCRAPE GAP
ogm0v1,3,sysadmin,False,A: SCRAPE GAP
ogicin,1,sysadmin,False,A: SCRAPE GAP
ohmwgq,1,sysadmin,False,A: SCRAPE GAP
oht1ig,2,sysadmin,False,A: SCRAPE GAP
oiagwa,1,sysadmin,False,A: SCRAPE GAP
oj1av9,1,sysadmin,False,A: SCRAPE GAP
oj24wg,1,sysadmin,False,A: SCRAPE GAP
ojhbuj,1,sysadmin,False,A: SCRAPE GAP
oji2t2,1,sysadmin,False,A: SCRAPE GAP
ojnkpp,1,sysadmin,False,A: SCRAPE GAP
ojm9d5,1,sysadmin,False,A: SCRAPE GAP
ojri42,1,sysadmin,False,A: SCRAPE GAP
ojtdek,3,sysadmin,False,A: SCRAPE GAP
ok0l2x,2,sysadmin,False,A: SCRAPE GAP
ok7s12,1,sysadmin,False,A: SCRAPE GAP
oko2rk,1,sysadmin,False,A: SCRAPE GAP
okrf9v,3,sysadmin,False,A: SCRAPE GAP
oktiwf,1,sysadmin,False,A: SCRAPE GAP
ol2dtj,1,sysadmin,False,A: SCRAPE GAP
ol56er,3,sysadmin,False,A: SCRAPE GAP
ol5ubw,3,sysadmin,False,A: SCRAPE GAP
olj5ob,1,sysadmin,False,A: SCRAPE GAP
ollrwo,3,sysadmin,False,A: SCRAPE GAP
olo40s,3,sysadmin,False,A: SCRAPE GAP
olvmfp,1,sysadmin,False,A: SCRAPE GAP
om34ww,3,sysadmin,False,A: SCRAPE GAP
omhpmv,1,sysadmin,False,A: SCRAPE GAP
omwlj5,1,sysadmin,False,A: SCRAPE GAP
onc2z7,1,sysadmin,False,A: SCRAPE GAP
ond8xy,1,sysadmin,False,A: SCRAPE GAP
ongha0,3,sysadmin,False,A: SCRAPE GAP
onnvjq,1,sysadmin,False,A: SCRAPE GAP
onsvw7,1,sysadmin,False,A: SCRAPE GAP
oo2a0x,1,sysadmin,False,A: SCRAPE GAP
oo9n51,1,sysadmin,False,A: SCRAPE GAP
oobuff,3,sysadmin,False,A: SCRAPE GAP
ooz6zf,1,sysadmin,False,A: SCRAPE GAP
ooxhck,2,sysadmin,False,A: SCRAPE GAP
oox0jj,1,sysadmin,False,A: SCRAPE GAP
oozgdb,1,sysadmin,False,A: SCRAPE GAP
op0tgh,1,sysadmin,False,A: SCRAPE GAP
op4s9z,1,sysadmin,False,A: SCRAPE GAP
opeg96,1,sysadmin,False,A: SCRAPE GAP
opgm3b,1,sysadmin,False,A: SCRAPE GAP
opjyv5,1,sysadmin,False,A: SCRAPE GAP
opl2m0,1,sysadmin,False,A: SCRAPE GAP
opshmc,1,sysadmin,False,A: SCRAPE GAP
opuwny,1,sysadmin,False,A: SCRAPE GAP
oq5860,1,sysadmin,False,A: SCRAPE GAP
oq82sw,1,sysadmin,False,A: SCRAPE GAP
oq8brx,1,sysadmin,False,A: SCRAPE GAP
oq99m2,1,sysadmin,False,A: SCRAPE GAP
oqti2k,1,sysadmin,False,A: SCRAPE GAP
oqpm7e,1,sysadmin,False,A: SCRAPE GAP
orpmzx,3,sysadmin,False,A: SCRAPE GAP
os41fc,3,sysadmin,False,A: SCRAPE GAP
os6rp5,2,sysadmin,False,A: SCRAPE GAP
os9y06,2,sysadmin,False,A: SCRAPE GAP
oseho4,1,sysadmin,False,A: SCRAPE GAP
osjnna,1,sysadmin,False,A: SCRAPE GAP
osk632,1,sysadmin,False,A: SCRAPE GAP
osqb2p,3,sysadmin,False,A: SCRAPE GAP
ossexi,2,sysadmin,False,A: SCRAPE GAP
ots9sq,1,sysadmin,False,A: SCRAPE GAP
otontu,1,sysadmin,False,A: SCRAPE GAP
otuxz3,1,sysadmin,False,A: SCRAPE GAP
ou08fs,1,sysadmin,False,A: SCRAPE GAP
ou2321,1,sysadmin,False,A: SCRAPE GAP
ou61f5,1,sysadmin,False,A: SCRAPE GAP
ou63fb,1,sysadmin,False,A: SCRAPE GAP
ou7305,1,sysadmin,False,A: SCRAPE GAP
oubk3x,2,sysadmin,False,A: SCRAPE GAP
oun1us,1,sysadmin,False,A: SCRAPE GAP
ouqgvr,1,sysadmin,False,A: SCRAPE GAP
ovf6al,1,sysadmin,False,A: SCRAPE GAP
ovetaw,1,sysadmin,False,A: SCRAPE GAP
ovsxdr,1,sysadmin,False,A: SCRAPE GAP
ow4atp,1,sysadmin,False,A: SCRAPE GAP
ow44in,1,sysadmin,False,A: SCRAPE GAP
ow6akt,1,sysadmin,False,A: SCRAPE GAP
owwn3m,1,sysadmin,False,A: SCRAPE GAP
ox0sol,1,sysadmin,False,A: SCRAPE GAP
ox5a4q,1,sysadmin,False,A: SCRAPE GAP
oxm2lw,1,sysadmin,False,A: SCRAPE GAP
oxt0wt,3,sysadmin,False,A: SCRAPE GAP
oxvjmx,2,sysadmin,False,A: SCRAPE GAP
oxw220,1,sysadmin,False,A: SCRAPE GAP
oxyd9q,1,sysadmin,False,A: SCRAPE GAP
oyesmg,1,sysadmin,False,A: SCRAPE GAP
oyiy7u,1,sysadmin,False,A: SCRAPE GAP
oyo3ba,1,sysadmin,False,A: SCRAPE GAP
oywsa6,2,sysadmin,False,A: SCRAPE GAP
oz3e5v,1,sysadmin,False,A: SCRAPE GAP
oz7nca,1,sysadmin,False,A: SCRAPE GAP
p0x3q0,1,sysadmin,False,A: SCRAPE GAP
p18vyr,1,sysadmin,False,A: SCRAPE GAP
p1ow9h,2,sysadmin,False,A: SCRAPE GAP
p1s57g,2,sysadmin,False,A: SCRAPE GAP
p1xkxm,1,sysadmin,False,A: SCRAPE GAP
p2bnkj,2,sysadmin,False,A: SCRAPE GAP
p2odfr,2,sysadmin,False,A: SCRAPE GAP
p2x0vu,1,sysadmin,False,A: SCRAPE GAP
p38egb,4,sysadmin,False,A: SCRAPE GAP
p3ao1k,3,sysadmin,False,A: SCRAPE GAP
p3mvta,2,sysadmin,False,A: SCRAPE GAP
p40lla,3,sysadmin,False,A: SCRAPE GAP
p4bjrf,3,sysadmin,False,A: SCRAPE GAP
p4f7nj,3,sysadmin,False,A: SCRAPE GAP
p56y51,2,sysadmin,False,A: SCRAPE GAP
p5g4hv,1,sysadmin,False,A: SCRAPE GAP
p5lqcv,3,sysadmin,False,A: SCRAPE GAP
p5n6er,2,sysadmin,False,A: SCRAPE GAP
p5oc3n,2,sysadmin,False,A: SCRAPE GAP
p60szg,3,sysadmin,False,A: SCRAPE GAP
p648cd,1,sysadmin,False,A: SCRAPE GAP
p6apvk,1,sysadmin,False,A: SCRAPE GAP
p6bas4,1,sysadmin,False,A: SCRAPE GAP
p6bgqr,1,sysadmin,False,A: SCRAPE GAP
p6g6nb,1,sysadmin,False,A: SCRAPE GAP
p6qza0,1,sysadmin,False,A: SCRAPE GAP
p6zws5,1,sysadmin,False,A: SCRAPE GAP
p7a3mc,1,sysadmin,False,A: SCRAPE GAP
p7h5uq,3,sysadmin,False,A: SCRAPE GAP
p7k3xv,2,sysadmin,False,A: SCRAPE GAP
p7k9vb,1,sysadmin,False,A: SCRAPE GAP
p7rwy6,2,sysadmin,False,A: SCRAPE GAP
p849gz,1,sysadmin,False,A: SCRAPE GAP
p8zcsx,1,sysadmin,False,A: SCRAPE GAP
p92f7x,3,sysadmin,False,A: SCRAPE GAP
p9ftgu,1,sysadmin,False,A: SCRAPE GAP
p9t1bx,1,sysadmin,False,A: SCRAPE GAP
pa4j87,1,sysadmin,False,A: SCRAPE GAP
pabjv7,2,sysadmin,False,A: SCRAPE GAP
panh95,1,sysadmin,False,A: SCRAPE GAP
pamx4w,2,sysadmin,False,A: SCRAPE GAP
pap07b,1,sysadmin,False,A: SCRAPE GAP
paxh4b,1,sysadmin,False,A: SCRAPE GAP
pbd0fw,1,sysadmin,False,A: SCRAPE GAP
pbe72i,3,sysadmin,False,A: SCRAPE GAP
pbncby,1,sysadmin,False,A: SCRAPE GAP
pcf0ap,1,sysadmin,False,A: SCRAPE GAP
pcl4t1,2,sysadmin,False,A: SCRAPE GAP
pcmzu1,1,sysadmin,False,A: SCRAPE GAP
pcp6bl,1,sysadmin,False,A: SCRAPE GAP
pcq2wy,1,sysadmin,False,A: SCRAPE GAP
pcrh1v,2,sysadmin,False,A: SCRAPE GAP
pct8uj,1,sysadmin,False,A: SCRAPE GAP
pcvie9,1,sysadmin,False,A: SCRAPE GAP
pdkhei,1,sysadmin,False,A: SCRAPE GAP
pdmeg8,2,sysadmin,False,A: SCRAPE GAP
peeata,1,sysadmin,False,A: SCRAPE GAP
peqtf5,2,sysadmin,False,A: SCRAPE GAP
peqzo6,2,sysadmin,False,A: SCRAPE GAP
pexcnh,2,sysadmin,False,A: SCRAPE GAP
pew2j3,2,sysadmin,False,A: SCRAPE GAP
pf9e4m,1,sysadmin,False,A: SCRAPE GAP
pfeiu6,1,sysadmin,False,A: SCRAPE GAP
pfw8cw,1,sysadmin,False,A: SCRAPE GAP
pfyfhn,1,sysadmin,False,A: SCRAPE GAP
pg6xve,1,sysadmin,False,A: SCRAPE GAP
pg9yrt,2,sysadmin,False,A: SCRAPE GAP
pgid9p,1,sysadmin,False,A: SCRAPE GAP
pgm37d,2,sysadmin,False,A: SCRAPE GAP
pgs5ev,3,sysadmin,False,A: SCRAPE GAP
pgqgkr,3,sysadmin,False,A: SCRAPE GAP
pgsne2,1,sysadmin,False,A: SCRAPE GAP
pikzyk,1,sysadmin,False,A: SCRAPE GAP
pjavl5,1,sysadmin,False,A: SCRAPE GAP
pjzkpc,1,sysadmin,False,A: SCRAPE GAP
pk8wvm,2,sysadmin,False,A: SCRAPE GAP
pkesgs,2,sysadmin,False,A: SCRAPE GAP
pkfl3e,2,sysadmin,False,A: SCRAPE GAP
pkhip3,1,sysadmin,False,A: SCRAPE GAP
pkirx6,3,sysadmin,False,A: SCRAPE GAP
pkmvlt,2,sysadmin,False,A: SCRAPE GAP
pkxdmq,1,sysadmin,False,A: SCRAPE GAP
pkzkxi,1,sysadmin,False,A: SCRAPE GAP
pl2ucq,1,sysadmin,False,A: SCRAPE GAP
plop5p,1,sysadmin,False,A: SCRAPE GAP
pmguky,1,sysadmin,False,A: SCRAPE GAP
pnk2gj,1,sysadmin,False,A: SCRAPE GAP
pnoodq,1,sysadmin,False,A: SCRAPE GAP
po0uby,2,sysadmin,False,A: SCRAPE GAP
po2swr,2,sysadmin,False,A: SCRAPE GAP
po4r16,3,sysadmin,False,A: SCRAPE GAP
po5wjc,1,sysadmin,False,A: SCRAPE GAP
podt0t,1,sysadmin,False,A: SCRAPE GAP
pog6up,3,sysadmin,False,A: SCRAPE GAP
poif7i,1,sysadmin,False,A: SCRAPE GAP
poij1i,2,sysadmin,False,A: SCRAPE GAP
pooi2r,2,sysadmin,False,A: SCRAPE GAP
pouoob,1,sysadmin,False,A: SCRAPE GAP
povmy6,3,sysadmin,False,A: SCRAPE GAP
povyh8,1,sysadmin,False,A: SCRAPE GAP
pozr3z,1,sysadmin,False,A: SCRAPE GAP
pphiqv,1,sysadmin,False,A: SCRAPE GAP
pprctu,3,sysadmin,False,A: SCRAPE GAP
ppsq9j,2,sysadmin,False,A: SCRAPE GAP
ppuxc8,2,sysadmin,False,A: SCRAPE GAP
pq0xtz,3,sysadmin,False,A: SCRAPE GAP
pq5ky7,1,sysadmin,False,A: SCRAPE GAP
pqfg89,1,sysadmin,False,A: SCRAPE GAP
pr6ro6,1,sysadmin,False,A: SCRAPE GAP
pr4aer,1,sysadmin,False,A: SCRAPE GAP
prt3d2,1,sysadmin,False,A: SCRAPE GAP
pryze9,1,sysadmin,False,A: SCRAPE GAP
ps2vnp,1,sysadmin,False,A: SCRAPE GAP
ps5up6,3,sysadmin,False,A: SCRAPE GAP
ps9np1,1,sysadmin,False,A: SCRAPE GAP
psxak2,2,sysadmin,False,A: SCRAPE GAP
ptbogd,1,sysadmin,False,A: SCRAPE GAP
pteipz,1,sysadmin,False,A: SCRAPE GAP
ptjzt6,1,sysadmin,False,A: SCRAPE GAP
ptlcef,2,sysadmin,False,A: SCRAPE GAP
ptpggd,2,sysadmin,False,A: SCRAPE GAP
ptv2jx,2,sysadmin,False,A: SCRAPE GAP
ptxj6x,2,sysadmin,False,A: SCRAPE GAP
ptyopn,1,sysadmin,False,A: SCRAPE GAP
pu2c4h,1,sysadmin,False,A: SCRAPE GAP
pujd86,2,sysadmin,False,A: SCRAPE GAP
pule20,2,sysadmin,False,A: SCRAPE GAP
purd3l,1,sysadmin,False,A: SCRAPE GAP
puwb7t,1,sysadmin,False,A: SCRAPE GAP
puyvhn,3,sysadmin,False,A: SCRAPE GAP
pv7p31,3,sysadmin,False,A: SCRAPE GAP
pvmf7b,2,sysadmin,False,A: SCRAPE GAP
pvpcru,2,sysadmin,False,A: SCRAPE GAP
pwl3nm,4,sysadmin,False,A: SCRAPE GAP
pwm68v,2,sysadmin,False,A: SCRAPE GAP
pwn4ud,1,sysadmin,False,A: SCRAPE GAP
pwrfuc,2,sysadmin,False,A: SCRAPE GAP
pwppgi,1,sysadmin,False,A: SCRAPE GAP
px36q7,1,sysadmin,False,A: SCRAPE GAP
pxb9af,1,sysadmin,False,A: SCRAPE GAP
pxcw69,1,sysadmin,False,A: SCRAPE GAP
pxf30s,1,sysadmin,False,A: SCRAPE GAP
pxf320,1,sysadmin,False,A: SCRAPE GAP
pxvcl3,1,sysadmin,False,A: SCRAPE GAP
pxymid,3,sysadmin,False,A: SCRAPE GAP
py0t32,1,sysadmin,False,A: SCRAPE GAP
pxzdy0,1,sysadmin,False,A: SCRAPE GAP
py2sjo,1,sysadmin,False,A: SCRAPE GAP
py818w,3,sysadmin,False,A: SCRAPE GAP
pyaunn,3,sysadmin,False,A: SCRAPE GAP
pytaf5,2,sysadmin,False,A: SCRAPE GAP
pytt3v,1,sysadmin,False,A: SCRAPE GAP
pyv7az,1,sysadmin,False,A: SCRAPE GAP
pywc77,1,sysadmin,False,A: SCRAPE GAP
pyzzig,1,sysadmin,False,A: SCRAPE GAP
pyy5s6,4,sysadmin,False,A: SCRAPE GAP
pz9ynq,4,sysadmin,False,A: SCRAPE GAP
pzi5vn,2,sysadmin,False,A: SCRAPE GAP
q0dh4y,1,sysadmin,False,A: SCRAPE GAP
q0hm9t,2,sysadmin,False,A: SCRAPE GAP
q1ecko,1,sysadmin,False,A: SCRAPE GAP
q1zjj9,2,sysadmin,False,A: SCRAPE GAP
q2uiom,1,sysadmin,False,A: SCRAPE GAP
q39z90,1,sysadmin,False,A: SCRAPE GAP
q3broi,1,sysadmin,False,A: SCRAPE GAP
q3buag,2,sysadmin,False,A: SCRAPE GAP
q3h710,1,sysadmin,False,A: SCRAPE GAP
q3hb6g,1,sysadmin,False,A: SCRAPE GAP
q3y8uv,4,sysadmin,False,A: SCRAPE GAP
q416xi,1,sysadmin,False,A: SCRAPE GAP
q42j0a,1,sysadmin,False,A: SCRAPE GAP
q459lu,2,sysadmin,False,A: SCRAPE GAP
q572iy,4,sysadmin,False,A: SCRAPE GAP
q599s8,1,sysadmin,False,A: SCRAPE GAP
q5c5yb,2,sysadmin,False,A: SCRAPE GAP
q59oes,1,sysadmin,False,A: SCRAPE GAP
q5x9jg,2,sysadmin,False,A: SCRAPE GAP
q613ah,1,sysadmin,False,A: SCRAPE GAP
q61c6l,2,sysadmin,False,A: SCRAPE GAP
q6oean,1,sysadmin,False,A: SCRAPE GAP
q6ufjv,1,sysadmin,False,A: SCRAPE GAP
q6yz99,1,sysadmin,False,A: SCRAPE GAP
q70lej,1,sysadmin,False,A: SCRAPE GAP
q72cyg,1,sysadmin,False,A: SCRAPE GAP
q7572y,1,sysadmin,False,A: SCRAPE GAP
q7akfa,1,sysadmin,False,A: SCRAPE GAP
q7bgl4,3,sysadmin,False,A: SCRAPE GAP
q7fn90,1,sysadmin,False,A: SCRAPE GAP
q80lpb,1,sysadmin,False,A: SCRAPE GAP
q80thr,2,sysadmin,False,A: SCRAPE GAP
q81bl3,2,sysadmin,False,A: SCRAPE GAP
q81n98,1,sysadmin,False,A: SCRAPE GAP
q82265,1,sysadmin,False,A: SCRAPE GAP
q81t98,1,sysadmin,False,A: SCRAPE GAP
q86raq,1,sysadmin,False,A: SCRAPE GAP
q8abre,1,sysadmin,False,A: SCRAPE GAP
q8g6ee,2,sysadmin,False,A: SCRAPE GAP
q8v0tj,2,sysadmin,False,A: SCRAPE GAP
q8vgyy,1,sysadmin,False,A: SCRAPE GAP
q8ydxs,1,sysadmin,False,A: SCRAPE GAP
q8z4vk,1,sysadmin,False,A: SCRAPE GAP
q8z7vu,3,sysadmin,False,A: SCRAPE GAP
q92qe6,2,sysadmin,False,A: SCRAPE GAP
q9l6hj,3,sysadmin,False,A: SCRAPE GAP
q9xhxj,3,sysadmin,False,A: SCRAPE GAP
qam796,2,sysadmin,False,A: SCRAPE GAP
qaz9ma,1,sysadmin,False,A: SCRAPE GAP
qazr3w,1,sysadmin,False,A: SCRAPE GAP
qb2e8l,3,sysadmin,False,A: SCRAPE GAP
qbb2e0,3,sysadmin,False,A: SCRAPE GAP
qbdcgh,1,sysadmin,False,A: SCRAPE GAP
qbkdw0,2,sysadmin,False,A: SCRAPE GAP
qbohkj,1,sysadmin,False,A: SCRAPE GAP
qbo579,2,sysadmin,False,A: SCRAPE GAP
qbzzke,2,sysadmin,False,A: SCRAPE GAP
qc5ktd,2,sysadmin,False,A: SCRAPE GAP
qc610u,2,sysadmin,False,A: SCRAPE GAP
qcf3c1,1,sysadmin,False,A: SCRAPE GAP
qclz7b,2,sysadmin,False,A: SCRAPE GAP
qcnoyq,2,sysadmin,False,A: SCRAPE GAP
qcqr1d,1,sysadmin,False,A: SCRAPE GAP
qctxtl,3,sysadmin,False,A: SCRAPE GAP
qd0lfu,1,sysadmin,False,A: SCRAPE GAP
qd33ji,1,sysadmin,False,A: SCRAPE GAP
qdcnnd,1,sysadmin,False,A: SCRAPE GAP
qdglkt,3,sysadmin,False,A: SCRAPE GAP
qdgvv5,1,sysadmin,False,A: SCRAPE GAP
qdn21u,1,sysadmin,False,A: SCRAPE GAP
qdv68d,2,sysadmin,False,A: SCRAPE GAP
qe0yts,1,sysadmin,False,A: SCRAPE GAP
qe332s,1,sysadmin,False,A: SCRAPE GAP
qe874h,2,sysadmin,False,A: SCRAPE GAP
qeja95,2,sysadmin,False,A: SCRAPE GAP
qehpc9,1,sysadmin,False,A: SCRAPE GAP
qeon8j,2,sysadmin,False,A: SCRAPE GAP
qevhpf,1,sysadmin,False,A: SCRAPE GAP
qf4red,1,sysadmin,False,A: SCRAPE GAP
qfbs4p,2,sysadmin,False,A: SCRAPE GAP
qfcrj6,1,sysadmin,False,A: SCRAPE GAP
qfngfx,3,sysadmin,False,A: SCRAPE GAP
qfr8ap,1,sysadmin,False,A: SCRAPE GAP
qfrep7,1,sysadmin,False,A: SCRAPE GAP
qft1x1,1,sysadmin,False,A: SCRAPE GAP
qfuru9,1,sysadmin,False,A: SCRAPE GAP
qg7al4,2,sysadmin,False,A: SCRAPE GAP
qgwoom,1,sysadmin,False,A: SCRAPE GAP
qheg4s,1,sysadmin,False,A: SCRAPE GAP
qhj5x4,2,sysadmin,False,A: SCRAPE GAP
qi390c,1,sysadmin,False,A: SCRAPE GAP
qicvv2,2,sysadmin,False,A: SCRAPE GAP
qig3fh,1,sysadmin,False,A: SCRAPE GAP
qiod00,1,sysadmin,False,A: SCRAPE GAP
qise7a,2,sysadmin,False,A: SCRAPE GAP
qjgf0q,2,sysadmin,False,A: SCRAPE GAP
qjyd3s,1,sysadmin,False,A: SCRAPE GAP
qknn6e,1,sysadmin,False,A: SCRAPE GAP
qks2l0,4,sysadmin,False,A: SCRAPE GAP
qku8gl,1,sysadmin,False,A: SCRAPE GAP
ql4y2f,3,sysadmin,False,A: SCRAPE GAP
qlavgz,1,sysadmin,False,A: SCRAPE GAP
qldls1,3,sysadmin,False,A: SCRAPE GAP
qldnfn,2,sysadmin,False,A: SCRAPE GAP
qlfqbi,2,sysadmin,False,A: SCRAPE GAP
qlsae5,4,sysadmin,False,A: SCRAPE GAP
qltape,1,sysadmin,False,A: SCRAPE GAP
qlu9o9,1,sysadmin,False,A: SCRAPE GAP
qlxpo8,1,sysadmin,False,A: SCRAPE GAP
qm106p,4,sysadmin,False,A: SCRAPE GAP
qm6bxi,1,sysadmin,False,A: SCRAPE GAP
qm6753,1,sysadmin,False,A: SCRAPE GAP
qmkyto,1,sysadmin,False,A: SCRAPE GAP
qmtl28,3,sysadmin,False,A: SCRAPE GAP
qmxkfj,3,sysadmin,False,A: SCRAPE GAP
qnanbd,1,sysadmin,False,A: SCRAPE GAP
qnec0r,1,sysadmin,False,A: SCRAPE GAP
qnf70h,2,sysadmin,False,A: SCRAPE GAP
qneonj,1,sysadmin,False,A: SCRAPE GAP
qngjq3,1,sysadmin,False,A: SCRAPE GAP
qnmi5t,1,sysadmin,False,A: SCRAPE GAP
qohaj4,2,sysadmin,False,A: SCRAPE GAP
qon3ea,3,sysadmin,False,A: SCRAPE GAP
qou4oc,2,sysadmin,False,A: SCRAPE GAP
qp13oq,1,sysadmin,False,A: SCRAPE GAP
qp1vrv,1,sysadmin,False,A: SCRAPE GAP
qqaedr,1,sysadmin,False,A: SCRAPE GAP
qqc2kg,2,sysadmin,False,A: SCRAPE GAP
qqlk7n,3,sysadmin,False,A: SCRAPE GAP
qqz6k7,3,sysadmin,False,A: SCRAPE GAP
qr4gmq,1,sysadmin,False,A: SCRAPE GAP
qragam,4,sysadmin,False,A: SCRAPE GAP
qrd8lu,1,sysadmin,False,A: SCRAPE GAP
qs71wb,1,sysadmin,False,A: SCRAPE GAP
qsa93n,2,sysadmin,False,A: SCRAPE GAP
qsex1p,1,sysadmin,False,A: SCRAPE GAP
qsfftg,3,sysadmin,False,A: SCRAPE GAP
qshrxf,1,sysadmin,False,A: SCRAPE GAP
qsis3f,1,sysadmin,False,A: SCRAPE GAP
qslv5z,1,sysadmin,False,A: SCRAPE GAP
qsnqci,1,sysadmin,False,A: SCRAPE GAP
qst83p,3,sysadmin,False,A: SCRAPE GAP
qt5sua,1,sysadmin,False,A: SCRAPE GAP
qtbc30,1,sysadmin,False,A: SCRAPE GAP
quios1,1,sysadmin,False,A: SCRAPE GAP
qukv02,1,sysadmin,False,A: SCRAPE GAP
qunb6w,2,sysadmin,False,A: SCRAPE GAP
qungs8,1,sysadmin,False,A: SCRAPE GAP
qurrjv,1,sysadmin,False,A: SCRAPE GAP
qvbuwq,1,sysadmin,False,A: SCRAPE GAP
qvegh2,1,sysadmin,False,A: SCRAPE GAP
qvmigy,3,sysadmin,False,A: SCRAPE GAP
qvxge2,2,sysadmin,False,A: SCRAPE GAP
qw5y98,1,sysadmin,False,A: SCRAPE GAP
qwdzn6,1,sysadmin,False,A: SCRAPE GAP
qwrv4a,1,sysadmin,False,A: SCRAPE GAP
qx1ig0,4,sysadmin,False,A: SCRAPE GAP
qx2k68,2,sysadmin,False,A: SCRAPE GAP
qx52k2,1,sysadmin,False,A: SCRAPE GAP
qxrej1,2,sysadmin,False,A: SCRAPE GAP
qz9lg6,1,sysadmin,False,A: SCRAPE GAP
qz81bl,2,sysadmin,False,A: SCRAPE GAP
qzqldv,2,sysadmin,False,A: SCRAPE GAP
r0elqh,2,sysadmin,False,A: SCRAPE GAP
r0isoq,3,sysadmin,False,A: SCRAPE GAP
r0ieeu,1,sysadmin,False,A: SCRAPE GAP
r0t7ud,1,sysadmin,False,A: SCRAPE GAP
r0zd03,3,sysadmin,False,A: SCRAPE GAP
r17ipb,1,sysadmin,False,A: SCRAPE GAP
r1gbfx,3,sysadmin,False,A: SCRAPE GAP
r1gqwk,2,sysadmin,False,A: SCRAPE GAP
r1sf17,1,sysadmin,False,A: SCRAPE GAP
r1usaf,1,sysadmin,False,A: SCRAPE GAP
r1ysgq,3,sysadmin,False,A: SCRAPE GAP
r265bu,1,sysadmin,False,A: SCRAPE GAP
r28i5m,2,sysadmin,False,A: SCRAPE GAP
r2aijh,2,sysadmin,False,A: SCRAPE GAP
r29wu6,1,sysadmin,False,A: SCRAPE GAP
r2i7ue,1,sysadmin,False,A: SCRAPE GAP
r2isgj,1,sysadmin,False,A: SCRAPE GAP
r2q2fy,3,sysadmin,False,A: SCRAPE GAP
r4f0o3,2,sysadmin,False,A: SCRAPE GAP
r52emv,2,sysadmin,False,A: SCRAPE GAP
r53559,1,sysadmin,False,A: SCRAPE GAP
r5hl5q,2,sysadmin,False,A: SCRAPE GAP
r608qq,2,sysadmin,False,A: SCRAPE GAP
r6ddrc,2,sysadmin,False,A: SCRAPE GAP
r6fcis,2,sysadmin,False,A: SCRAPE GAP
r6hli2,2,sysadmin,False,A: SCRAPE GAP
r6t84x,1,sysadmin,False,A: SCRAPE GAP
r78362,1,sysadmin,False,A: SCRAPE GAP
r7gfcm,1,sysadmin,False,A: SCRAPE GAP
r7klxx,1,sysadmin,False,A: SCRAPE GAP
r7jt2a,1,sysadmin,False,A: SCRAPE GAP
r7mhwz,1,sysadmin,False,A: SCRAPE GAP
r8fmbe,1,sysadmin,False,A: SCRAPE GAP
r8nk9n,1,sysadmin,False,A: SCRAPE GAP
r8g05i,1,sysadmin,False,A: SCRAPE GAP
r8viy6,1,sysadmin,False,A: SCRAPE GAP
r90fzb,2,sysadmin,False,A: SCRAPE GAP
ra0geh,4,sysadmin,False,A: SCRAPE GAP
rb0bp2,3,sysadmin,False,A: SCRAPE GAP
rb0cjk,3,sysadmin,False,A: SCRAPE GAP
rb47jr,2,sysadmin,False,A: SCRAPE GAP
rb557w,3,sysadmin,False,A: SCRAPE GAP
rbewtk,3,sysadmin,False,A: SCRAPE GAP
rblioj,3,sysadmin,False,A: SCRAPE GAP
rbo5ph,1,sysadmin,False,A: SCRAPE GAP
rbpodd,2,sysadmin,False,A: SCRAPE GAP
rbu6ra,1,sysadmin,False,A: SCRAPE GAP
rc492y,1,sysadmin,False,A: SCRAPE GAP
rc3zyp,2,sysadmin,False,A: SCRAPE GAP
rc6w2s,4,sysadmin,False,A: SCRAPE GAP
rcj7ad,1,sysadmin,False,A: SCRAPE GAP
rclyp6,2,sysadmin,False,A: SCRAPE GAP
rcnsel,1,sysadmin,False,A: SCRAPE GAP
rcylcx,2,sysadmin,False,A: SCRAPE GAP
rd164v,1,sysadmin,False,A: SCRAPE GAP
rd9lqx,1,sysadmin,False,A: SCRAPE GAP
rdg6tp,3,sysadmin,False,A: SCRAPE GAP
rdgnpm,1,sysadmin,False,A: SCRAPE GAP
rdz3ir,1,sysadmin,False,A: SCRAPE GAP
re0tvl,1,sysadmin,False,A: SCRAPE GAP
rfm220,2,sysadmin,False,A: SCRAPE GAP
rfmqn3,1,sysadmin,False,A: SCRAPE GAP
rfoagt,1,sysadmin,False,A: SCRAPE GAP
rg0xdt,3,sysadmin,False,A: SCRAPE GAP
rg5441,1,sysadmin,False,A: SCRAPE GAP
rgcyro,2,sysadmin,False,A: SCRAPE GAP
rgfa2s,2,sysadmin,False,A: SCRAPE GAP
rgk6uv,1,sysadmin,False,A: SCRAPE GAP
rgoej9,1,sysadmin,False,A: SCRAPE GAP
rgodwg,2,sysadmin,False,A: SCRAPE GAP
rgozse,1,sysadmin,False,A: SCRAPE GAP
rgremf,3,sysadmin,False,A: SCRAPE GAP
rgp5rb,2,sysadmin,False,A: SCRAPE GAP
rh5zw2,1,sysadmin,False,A: SCRAPE GAP
rhb99n,1,sysadmin,False,A: SCRAPE GAP
rhnroj,1,sysadmin,False,A: SCRAPE GAP
rhrguw,1,sysadmin,False,A: SCRAPE GAP
rhydod,2,sysadmin,False,A: SCRAPE GAP
rhzuou,2,sysadmin,False,A: SCRAPE GAP
ri087o,1,sysadmin,False,A: SCRAPE GAP
ri0xf4,1,sysadmin,False,A: SCRAPE GAP
ridmbh,1,sysadmin,False,A: SCRAPE GAP
rii4s0,3,sysadmin,False,A: SCRAPE GAP
rim5d3,2,sysadmin,False,A: SCRAPE GAP
riy8ga,1,sysadmin,False,A: SCRAPE GAP
rjwspv,1,sysadmin,False,A: SCRAPE GAP
rkouio,3,sysadmin,False,A: SCRAPE GAP
rkpkkl,1,sysadmin,False,A: SCRAPE GAP
rl32vz,1,sysadmin,False,A: SCRAPE GAP
rl5e8l,1,sysadmin,False,A: SCRAPE GAP
rlh0dg,1,sysadmin,False,A: SCRAPE GAP
rlm9kb,1,sysadmin,False,A: SCRAPE GAP
rm11q0,1,sysadmin,False,A: SCRAPE GAP
rm4f8r,1,sysadmin,False,A: SCRAPE GAP
rm9elm,1,sysadmin,False,A: SCRAPE GAP
rm95fa,1,sysadmin,False,A: SCRAPE GAP
rmr153,1,sysadmin,False,A: SCRAPE GAP
rmxuuk,1,sysadmin,False,A: SCRAPE GAP
rmy3yn,1,sysadmin,False,A: SCRAPE GAP
rndo77,2,sysadmin,False,A: SCRAPE GAP
rnryur,1,sysadmin,False,A: SCRAPE GAP
rolkcv,1,sysadmin,False,A: SCRAPE GAP
rpp7lp,1,sysadmin,False,A: SCRAPE GAP
rq0jtj,1,sysadmin,False,A: SCRAPE GAP
rq9d6t,1,sysadmin,False,A: SCRAPE GAP
rqd1n0,1,sysadmin,False,A: SCRAPE GAP
rqrw4j,3,sysadmin,False,A: SCRAPE GAP
rrb67l,1,sysadmin,False,A: SCRAPE GAP
rrfug9,3,sysadmin,False,A: SCRAPE GAP
rsiq8u,1,sysadmin,False,A: SCRAPE GAP
rsl218,1,sysadmin,False,A: SCRAPE GAP
rssci1,1,sysadmin,False,A: SCRAPE GAP
rsu7zn,1,sysadmin,False,A: SCRAPE GAP
rtn6yz,1,sysadmin,False,A: SCRAPE GAP
rtyp4u,1,sysadmin,False,A: SCRAPE GAP
rubl9y,1,sysadmin,False,A: SCRAPE GAP
ru5um2,1,sysadmin,False,A: SCRAPE GAP
ruik39,1,sysadmin,False,A: SCRAPE GAP
ruhn1v,3,sysadmin,False,A: SCRAPE GAP
rut2wy,1,sysadmin,False,A: SCRAPE GAP
rulpof,3,sysadmin,False,A: SCRAPE GAP
rv67j4,2,sysadmin,False,A: SCRAPE GAP
rv6jxq,1,sysadmin,False,A: SCRAPE GAP
rvji5j,1,sysadmin,False,A: SCRAPE GAP
rvgy85,2,sysadmin,False,A: SCRAPE GAP
rw04mg,1,sysadmin,False,A: SCRAPE GAP
rwrlhy,3,sysadmin,False,A: SCRAPE GAP
rx1mio,1,sysadmin,False,A: SCRAPE GAP
rx0twg,3,sysadmin,False,A: SCRAPE GAP
rx96e6,1,sysadmin,False,A: SCRAPE GAP
rxfk5y,2,sysadmin,False,A: SCRAPE GAP
rxg34z,1,sysadmin,False,A: SCRAPE GAP
rxhd71,2,sysadmin,False,A: SCRAPE GAP
rxi9sv,1,sysadmin,False,A: SCRAPE GAP
rxnn24,1,sysadmin,False,A: SCRAPE GAP
rxrk60,2,sysadmin,False,A: SCRAPE GAP
rxpgy2,2,sysadmin,False,A: SCRAPE GAP
rxxj1x,1,sysadmin,False,A: SCRAPE GAP
rxuzcn,1,sysadmin,False,A: SCRAPE GAP
ry6ag4,1,sysadmin,False,A: SCRAPE GAP
rxyuu1,1,sysadmin,False,A: SCRAPE GAP
ryekh2,1,sysadmin,False,A: SCRAPE GAP
ryf1op,1,sysadmin,False,A: SCRAPE GAP
ryhefn,1,sysadmin,False,A: SCRAPE GAP
ryjucg,1,sysadmin,False,A: SCRAPE GAP
rzhygn,2,sysadmin,False,A: SCRAPE GAP
rzvmkm,1,sysadmin,False,A: SCRAPE GAP
rzwjt7,2,sysadmin,False,A: SCRAPE GAP
s0a3a6,1,sysadmin,False,A: SCRAPE GAP
s0e4rh,1,sysadmin,False,A: SCRAPE GAP
s0ch29,1,sysadmin,False,A: SCRAPE GAP
s0os6g,1,sysadmin,False,A: SCRAPE GAP
s0pz7z,1,sysadmin,False,A: SCRAPE GAP
s0r6fi,3,sysadmin,False,A: SCRAPE GAP
s0urr5,2,sysadmin,False,A: SCRAPE GAP
s1e0mr,1,sysadmin,False,A: SCRAPE GAP
s1h8hh,1,sysadmin,False,A: SCRAPE GAP
s1jnst,1,sysadmin,False,A: SCRAPE GAP
s1lbnw,1,sysadmin,False,A: SCRAPE GAP
s1nk8j,1,sysadmin,False,A: SCRAPE GAP
s1oi76,1,sysadmin,False,A: SCRAPE GAP
s1o3no,3,sysadmin,False,A: SCRAPE GAP
s21xfz,2,sysadmin,False,A: SCRAPE GAP
s2g3ow,1,sysadmin,False,A: SCRAPE GAP
s2i2n0,1,sysadmin,False,A: SCRAPE GAP
s348gs,1,sysadmin,False,A: SCRAPE GAP
s38can,2,sysadmin,False,A: SCRAPE GAP
s3a1qk,1,sysadmin,False,A: SCRAPE GAP
s3lhrb,1,sysadmin,False,A: SCRAPE GAP
s3i9nl,1,sysadmin,False,A: SCRAPE GAP
s3nyfx,4,sysadmin,False,A: SCRAPE GAP
s3s10e,1,sysadmin,False,A: SCRAPE GAP
s3st6c,3,sysadmin,False,A: SCRAPE GAP
s3xafv,4,sysadmin,False,A: SCRAPE GAP
s44p6w,4,sysadmin,False,A: SCRAPE GAP
s492gr,1,sysadmin,False,A: SCRAPE GAP
s4vv8h,1,sysadmin,False,A: SCRAPE GAP
s4z87k,1,sysadmin,False,A: SCRAPE GAP
s5fc0k,1,sysadmin,False,A: SCRAPE GAP
s5oglj,1,sysadmin,False,A: SCRAPE GAP
s5omea,3,sysadmin,False,A: SCRAPE GAP
s5wzk1,3,sysadmin,False,A: SCRAPE GAP
s6331f,1,sysadmin,False,A: SCRAPE GAP
s674oq,3,sysadmin,False,A: SCRAPE GAP
s69xmi,1,sysadmin,False,A: SCRAPE GAP
s76moe,2,sysadmin,False,A: SCRAPE GAP
s7swc5,2,sysadmin,False,A: SCRAPE GAP
s7u1gy,1,sysadmin,False,A: SCRAPE GAP
s7yqk8,1,sysadmin,False,A: SCRAPE GAP
s82jn0,3,sysadmin,False,A: SCRAPE GAP
s84jqj,1,sysadmin,False,A: SCRAPE GAP
s8gw5q,3,sysadmin,False,A: SCRAPE GAP
s8kqbw,1,sysadmin,False,A: SCRAPE GAP
s8rk38,3,sysadmin,False,A: SCRAPE GAP
s8v9lv,1,sysadmin,False,A: SCRAPE GAP
s90zr1,1,sysadmin,False,A: SCRAPE GAP
s98ab7,1,sysadmin,False,A: SCRAPE GAP
s9e5yf,1,sysadmin,False,A: SCRAPE GAP
s9gzzw,1,sysadmin,False,A: SCRAPE GAP
s9mzna,4,sysadmin,False,A: SCRAPE GAP
saae1s,2,sysadmin,False,A: SCRAPE GAP
sb0ih8,1,sysadmin,False,A: SCRAPE GAP
sb3l6m,3,sysadmin,False,A: SCRAPE GAP
sbo3r4,1,sysadmin,False,A: SCRAPE GAP
scb93h,3,sysadmin,False,A: SCRAPE GAP
scd29d,2,sysadmin,False,A: SCRAPE GAP
scd91l,1,sysadmin,False,A: SCRAPE GAP
scqj3b,2,sysadmin,False,A: SCRAPE GAP
scslad,1,sysadmin,False,A: SCRAPE GAP
sd2xau,1,sysadmin,False,A: SCRAPE GAP
sd52se,1,sysadmin,False,A: SCRAPE GAP
sdgmxr,2,sysadmin,False,A: SCRAPE GAP
sdiboj,1,sysadmin,False,A: SCRAPE GAP
sdl802,2,sysadmin,False,A: SCRAPE GAP
sdo0j4,2,sysadmin,False,A: SCRAPE GAP
sdmivh,1,sysadmin,False,A: SCRAPE GAP
sdp652,3,sysadmin,False,A: SCRAPE GAP
sdup5l,1,sysadmin,False,A: SCRAPE GAP
sdyhka,1,sysadmin,False,A: SCRAPE GAP
se1hm7,2,sysadmin,False,A: SCRAPE GAP
sedth9,1,sysadmin,False,A: SCRAPE GAP
sehp60,3,sysadmin,False,A: SCRAPE GAP
sejsjk,3,sysadmin,False,A: SCRAPE GAP
sewx2i,1,sysadmin,False,A: SCRAPE GAP
sezwlk,3,sysadmin,False,A: SCRAPE GAP
sf2c2j,2,sysadmin,False,A: SCRAPE GAP
sf52c9,1,sysadmin,False,A: SCRAPE GAP
sflp5s,1,sysadmin,False,A: SCRAPE GAP
sgjaj8,1,sysadmin,False,A: SCRAPE GAP
sgoq2c,1,sysadmin,False,A: SCRAPE GAP
shiqoa,1,sysadmin,False,A: SCRAPE GAP
shkbm8,1,sysadmin,False,A: SCRAPE GAP
shsrs1,4,sysadmin,False,A: SCRAPE GAP
sht55m,1,sysadmin,False,A: SCRAPE GAP
shxw9w,1,sysadmin,False,A: SCRAPE GAP
si2yd1,1,sysadmin,False,A: SCRAPE GAP
si2fuq,1,sysadmin,False,A: SCRAPE GAP
sijaqq,1,sysadmin,False,A: SCRAPE GAP
silw4l,3,sysadmin,False,A: SCRAPE GAP
sjjf41,3,sysadmin,False,A: SCRAPE GAP
sjm2ut,2,sysadmin,False,A: SCRAPE GAP
sjombq,1,sysadmin,False,A: SCRAPE GAP
sjpzcz,2,sysadmin,False,A: SCRAPE GAP
sjtmnp,1,sysadmin,False,A: SCRAPE GAP
sjvtpl,1,sysadmin,False,A: SCRAPE GAP
sjx96b,1,sysadmin,False,A: SCRAPE GAP
sjxde2,2,sysadmin,False,A: SCRAPE GAP
sk0wn3,3,sysadmin,False,A: SCRAPE GAP
skmce4,4,sysadmin,False,A: SCRAPE GAP
sljgbq,1,sysadmin,False,A: SCRAPE GAP
slzeyv,1,sysadmin,False,A: SCRAPE GAP
smhjyr,1,sysadmin,False,A: SCRAPE GAP
smo9j9,1,sysadmin,False,A: SCRAPE GAP
smotmm,2,sysadmin,False,A: SCRAPE GAP
smq2nv,2,sysadmin,False,A: SCRAPE GAP
smrfzk,3,sysadmin,False,A: SCRAPE GAP
smvgpb,2,sysadmin,False,A: SCRAPE GAP
sn8x5u,1,sysadmin,False,A: SCRAPE GAP
snatt1,1,sysadmin,False,A: SCRAPE GAP
snpufn,1,sysadmin,False,A: SCRAPE GAP
snrht6,2,sysadmin,False,A: SCRAPE GAP
so1k4e,1,sysadmin,False,A: SCRAPE GAP
sobnyy,1,sysadmin,False,A: SCRAPE GAP
sog2mj,1,sysadmin,False,A: SCRAPE GAP
sokb1p,1,sysadmin,False,A: SCRAPE GAP
solskm,2,sysadmin,False,A: SCRAPE GAP
sor0cm,3,sysadmin,False,A: SCRAPE GAP
soscrt,1,sysadmin,False,A: SCRAPE GAP
soue3g,1,sysadmin,False,A: SCRAPE GAP
sp7h1x,1,sysadmin,False,A: SCRAPE GAP
sp9p7l,1,sysadmin,False,A: SCRAPE GAP
spcgy3,1,sysadmin,False,A: SCRAPE GAP
spcb49,1,sysadmin,False,A: SCRAPE GAP
sppfuo,1,sysadmin,False,A: SCRAPE GAP
spqdzf,3,sysadmin,False,A: SCRAPE GAP
spy8es,2,sysadmin,False,A: SCRAPE GAP
sq0za4,2,sysadmin,False,A: SCRAPE GAP
sq3x94,1,sysadmin,False,A: SCRAPE GAP
sq6ej1,1,sysadmin,False,A: SCRAPE GAP
sq90p2,1,sysadmin,False,A: SCRAPE GAP
sqd1bq,1,sysadmin,False,A: SCRAPE GAP
sqctxq,1,sysadmin,False,A: SCRAPE GAP
sqio94,2,sysadmin,False,A: SCRAPE GAP
sr32jl,3,sysadmin,False,A: SCRAPE GAP
srooh5,2,sysadmin,False,A: SCRAPE GAP
ssftp1,3,sysadmin,False,A: SCRAPE GAP
sskaht,1,sysadmin,False,A: SCRAPE GAP
ssqsza,3,sysadmin,False,A: SCRAPE GAP
ssswu7,1,sysadmin,False,A: SCRAPE GAP
sstqru,3,sysadmin,False,A: SCRAPE GAP
st4xhd,1,sysadmin,False,A: SCRAPE GAP
st8hdd,1,sysadmin,False,A: SCRAPE GAP
sth0k9,1,sysadmin,False,A: SCRAPE GAP
stooc2,1,sysadmin,False,A: SCRAPE GAP
su2cnu,1,sysadmin,False,A: SCRAPE GAP
su2u4q,1,sysadmin,False,A: SCRAPE GAP
su4fx1,1,sysadmin,False,A: SCRAPE GAP
su505q,1,sysadmin,False,A: SCRAPE GAP
sudu2n,1,sysadmin,False,A: SCRAPE GAP
suepec,1,sysadmin,False,A: SCRAPE GAP
sul4y2,1,sysadmin,False,A: SCRAPE GAP
sukn99,1,sysadmin,False,A: SCRAPE GAP
surtci,3,sysadmin,False,A: SCRAPE GAP
sutrw2,1,sysadmin,False,A: SCRAPE GAP
susutj,1,sysadmin,False,A: SCRAPE GAP
sutwcw,3,sysadmin,False,A: SCRAPE GAP
suu0ay,2,sysadmin,False,A: SCRAPE GAP
suy930,1,sysadmin,False,A: SCRAPE GAP
sv06gr,1,sysadmin,False,A: SCRAPE GAP
sv6ews,1,sysadmin,False,A: SCRAPE GAP
sv5v91,2,sysadmin,False,A: SCRAPE GAP
sv3v5v,3,sysadmin,False,A: SCRAPE GAP
sv7g7f,3,sysadmin,False,A: SCRAPE GAP
svjzut,1,sysadmin,False,A: SCRAPE GAP
svpg9m,1,sysadmin,False,A: SCRAPE GAP
swboce,3,sysadmin,False,A: SCRAPE GAP
swd2jw,2,sysadmin,False,A: SCRAPE GAP
swmf95,3,sysadmin,False,A: SCRAPE GAP
sx2tii,1,sysadmin,False,A: SCRAPE GAP
sx7rpk,1,sysadmin,False,A: SCRAPE GAP
sxvnaq,1,sysadmin,False,A: SCRAPE GAP
syasjb,2,sysadmin,False,A: SCRAPE GAP
syc2sa,3,sysadmin,False,A: SCRAPE GAP
sypool,1,sysadmin,False,A: SCRAPE GAP
syqnou,1,sysadmin,False,A: SCRAPE GAP
sytk6o,1,sysadmin,False,A: SCRAPE GAP
syw3rf,1,sysadmin,False,A: SCRAPE GAP
sz0772,1,sysadmin,False,A: SCRAPE GAP
szdc11,1,sysadmin,False,A: SCRAPE GAP
szllr4,1,sysadmin,False,A: SCRAPE GAP
sztbac,1,sysadmin,False,A: SCRAPE GAP
t0o5kx,1,sysadmin,False,A: SCRAPE GAP
t0n575,2,sysadmin,False,A: SCRAPE GAP
t0umel,2,sysadmin,False,A: SCRAPE GAP
t14owd,1,sysadmin,False,A: SCRAPE GAP
t1c7dp,1,sysadmin,False,A: SCRAPE GAP
t1wp2m,2,sysadmin,False,A: SCRAPE GAP
t3ma3f,1,sysadmin,False,A: SCRAPE GAP
t3sjij,1,sysadmin,False,A: SCRAPE GAP
t3y2kg,2,sysadmin,False,A: SCRAPE GAP
t4b3ml,1,sysadmin,False,A: SCRAPE GAP
t4btu9,1,sysadmin,False,A: SCRAPE GAP
t4evac,3,sysadmin,False,A: SCRAPE GAP
t4iqih,2,sysadmin,False,A: SCRAPE GAP
t4rako,3,sysadmin,False,A: SCRAPE GAP
t4tf7d,1,sysadmin,False,A: SCRAPE GAP
t51v5a,2,sysadmin,False,A: SCRAPE GAP
t5442s,3,sysadmin,False,A: SCRAPE GAP
t57i2u,1,sysadmin,False,A: SCRAPE GAP
t58jw5,1,sysadmin,False,A: SCRAPE GAP
t5boq2,1,sysadmin,False,A: SCRAPE GAP
t5qbop,1,sysadmin,False,A: SCRAPE GAP
t5uao7,1,sysadmin,False,A: SCRAPE GAP
t5tk7e,2,sysadmin,False,A: SCRAPE GAP
t60r60,1,sysadmin,False,A: SCRAPE GAP
t66yef,1,sysadmin,False,A: SCRAPE GAP
t6l3ll,1,sysadmin,False,A: SCRAPE GAP
t6l6zp,3,sysadmin,False,A: SCRAPE GAP
t6vs2q,2,sysadmin,False,A: SCRAPE GAP
t7vzlt,3,sysadmin,False,A: SCRAPE GAP
t84oj4,3,sysadmin,False,A: SCRAPE GAP
t85wdb,1,sysadmin,False,A: SCRAPE GAP
t85ht2,1,sysadmin,False,A: SCRAPE GAP
t8n9y4,1,sysadmin,False,A: SCRAPE GAP
t8rys0,1,sysadmin,False,A: SCRAPE GAP
t8temx,2,sysadmin,False,A: SCRAPE GAP
t8vz49,4,sysadmin,False,A: SCRAPE GAP
t8vvem,1,sysadmin,False,A: SCRAPE GAP
t929ir,2,sysadmin,False,A: SCRAPE GAP
t92m99,3,sysadmin,False,A: SCRAPE GAP
t9fltk,1,sysadmin,False,A: SCRAPE GAP
t9ikfy,2,sysadmin,False,A: SCRAPE GAP
t9imdo,1,sysadmin,False,A: SCRAPE GAP
t9q4nt,1,sysadmin,False,A: SCRAPE GAP
t9pbkc,2,sysadmin,False,A: SCRAPE GAP
ta7fod,2,sysadmin,False,A: SCRAPE GAP
tacig4,1,sysadmin,False,A: SCRAPE GAP
tacsr0,1,sysadmin,False,A: SCRAPE GAP
tay9bg,1,sysadmin,False,A: SCRAPE GAP
tb94nz,3,sysadmin,False,A: SCRAPE GAP
tbgyp2,2,sysadmin,False,A: SCRAPE GAP
tbrjvf,1,sysadmin,False,A: SCRAPE GAP
tbslh2,1,sysadmin,False,A: SCRAPE GAP
tbupbw,1,sysadmin,False,A: SCRAPE GAP
tbuopy,2,sysadmin,False,A: SCRAPE GAP
tbywez,1,sysadmin,False,A: SCRAPE GAP
tc0tfz,1,sysadmin,False,A: SCRAPE GAP
tc1tyq,1,sysadmin,False,A: SCRAPE GAP
te6s2a,3,sysadmin,False,A: SCRAPE GAP
teac7l,3,sysadmin,False,A: SCRAPE GAP
tef9no,4,sysadmin,False,A: SCRAPE GAP
tej5a0,1,sysadmin,False,A: SCRAPE GAP
tem1ol,3,sysadmin,False,A: SCRAPE GAP
teock2,2,sysadmin,False,A: SCRAPE GAP
teqsw7,1,sysadmin,False,A: SCRAPE GAP
tes7oz,2,sysadmin,False,A: SCRAPE GAP
teredt,1,sysadmin,False,A: SCRAPE GAP
tf1jt5,3,sysadmin,False,A: SCRAPE GAP
tfbzl6,1,sysadmin,False,A: SCRAPE GAP
tfczbj,1,sysadmin,False,A: SCRAPE GAP
tffolf,3,sysadmin,False,A: SCRAPE GAP
tfgegq,1,sysadmin,False,A: SCRAPE GAP
tfkzh3,1,sysadmin,False,A: SCRAPE GAP
tfj3si,1,sysadmin,False,A: SCRAPE GAP
tfo88p,1,sysadmin,False,A: SCRAPE GAP
tfqdj5,1,sysadmin,False,A: SCRAPE GAP
tft6e8,1,sysadmin,False,A: SCRAPE GAP
tfvunb,1,sysadmin,False,A: SCRAPE GAP
tfw96y,3,sysadmin,False,A: SCRAPE GAP
tg1cp7,1,sysadmin,False,A: SCRAPE GAP
tg91gc,2,sysadmin,False,A: SCRAPE GAP
tglj6h,2,sysadmin,False,A: SCRAPE GAP
tgrbdn,1,sysadmin,False,A: SCRAPE GAP
th1js9,3,sysadmin,False,A: SCRAPE GAP
th27h3,2,sysadmin,False,A: SCRAPE GAP
th3z1c,1,sysadmin,False,A: SCRAPE GAP
th4he7,1,sysadmin,False,A: SCRAPE GAP
thb50z,3,sysadmin,False,A: SCRAPE GAP
ti432n,2,sysadmin,False,A: SCRAPE GAP
ti4i2s,3,sysadmin,False,A: SCRAPE GAP
tjha40,1,sysadmin,False,A: SCRAPE GAP
tjj7kp,3,sysadmin,False,A: SCRAPE GAP
tjn2y4,2,sysadmin,False,A: SCRAPE GAP
tjnv1c,1,sysadmin,False,A: SCRAPE GAP
tjo86j,3,sysadmin,False,A: SCRAPE GAP
tk5v70,1,sysadmin,False,A: SCRAPE GAP
tk6gd3,1,sysadmin,False,A: SCRAPE GAP
tkai7a,1,sysadmin,False,A: SCRAPE GAP
tkfhv5,1,sysadmin,False,A: SCRAPE GAP
tlcnyg,1,sysadmin,False,A: SCRAPE GAP
tm1f2j,2,sysadmin,False,A: SCRAPE GAP
tmgq33,1,sysadmin,False,A: SCRAPE GAP
tmiqf7,1,sysadmin,False,A: SCRAPE GAP
tmh4kq,1,sysadmin,False,A: SCRAPE GAP
tmivuc,1,sysadmin,False,A: SCRAPE GAP
tmlopw,3,sysadmin,False,A: SCRAPE GAP
tmr0hz,1,sysadmin,False,A: SCRAPE GAP
tn3pua,1,sysadmin,False,A: SCRAPE GAP
tn6msn,2,sysadmin,False,A: SCRAPE GAP
tnf0y9,3,sysadmin,False,A: SCRAPE GAP
tnnmcp,1,sysadmin,False,A: SCRAPE GAP
tnybuj,2,sysadmin,False,A: SCRAPE GAP
todscc,1,sysadmin,False,A: SCRAPE GAP
tog6a9,3,sysadmin,False,A: SCRAPE GAP
tol4wm,2,sysadmin,False,A: SCRAPE GAP
tp5zqh,3,sysadmin,False,A: SCRAPE GAP
tpmmv6,1,sysadmin,False,A: SCRAPE GAP
tqbjfy,2,sysadmin,False,A: SCRAPE GAP
tqilti,1,sysadmin,False,A: SCRAPE GAP
tqlbk9,1,sysadmin,False,A: SCRAPE GAP
tqkh0b,3,sysadmin,False,A: SCRAPE GAP
tqv3m3,3,sysadmin,False,A: SCRAPE GAP
tqxxvl,1,sysadmin,False,A: SCRAPE GAP
tr0qxq,2,sysadmin,False,A: SCRAPE GAP
tr9z1t,1,sysadmin,False,A: SCRAPE GAP
tr0zf2,1,sysadmin,False,A: SCRAPE GAP
tre0hv,3,sysadmin,False,A: SCRAPE GAP
ts1rfz,2,sysadmin,False,A: SCRAPE GAP
tspi6n,1,sysadmin,False,A: SCRAPE GAP
tssubp,2,sysadmin,False,A: SCRAPE GAP
tt3zyz,1,sysadmin,False,A: SCRAPE GAP
tt41pm,1,sysadmin,False,A: SCRAPE GAP
tu6mdq,1,sysadmin,False,A: SCRAPE GAP
tuqnfm,2,sysadmin,False,A: SCRAPE GAP
tw7ujm,1,sysadmin,False,A: SCRAPE GAP
twkich,1,sysadmin,False,A: SCRAPE GAP
twqa1c,1,sysadmin,False,A: SCRAPE GAP
twt86n,2,sysadmin,False,A: SCRAPE GAP
twutup,3,sysadmin,False,A: SCRAPE GAP
tww5fh,1,sysadmin,False,A: SCRAPE GAP
tx4iar,3,sysadmin,False,A: SCRAPE GAP
txnbw8,2,sysadmin,False,A: SCRAPE GAP
txs8p2,1,sysadmin,False,A: SCRAPE GAP
txrk5h,2,sysadmin,False,A: SCRAPE GAP
txt7uy,1,sysadmin,False,A: SCRAPE GAP
ty7x6k,3,sysadmin,False,A: SCRAPE GAP
tyipvj,1,sysadmin,False,A: SCRAPE GAP
tyjl9i,1,sysadmin,False,A: SCRAPE GAP
tyj581,1,sysadmin,False,A: SCRAPE GAP
tyl6zd,1,sysadmin,False,A: SCRAPE GAP
tym2jf,1,sysadmin,False,A: SCRAPE GAP
tyoyy1,1,sysadmin,False,A: SCRAPE GAP
tytvpb,1,sysadmin,False,A: SCRAPE GAP
tyxeoz,1,sysadmin,False,A: SCRAPE GAP
tz31x8,1,sysadmin,False,A: SCRAPE GAP
tz4sef,2,sysadmin,False,A: SCRAPE GAP
tzjr04,2,sysadmin,False,A: SCRAPE GAP
tzoawq,3,sysadmin,False,A: SCRAPE GAP
u0e9zq,2,sysadmin,False,A: SCRAPE GAP
u0n7ct,1,sysadmin,False,A: SCRAPE GAP
u0qfsd,2,sysadmin,False,A: SCRAPE GAP
u0u4uk,2,sysadmin,False,A: SCRAPE GAP
u0xdxw,1,sysadmin,False,A: SCRAPE GAP
u14qqq,1,sysadmin,False,A: SCRAPE GAP
u1aob6,1,sysadmin,False,A: SCRAPE GAP
u1didc,3,sysadmin,False,A: SCRAPE GAP
u1gfpe,1,sysadmin,False,A: SCRAPE GAP
u1lnhb,1,sysadmin,False,A: SCRAPE GAP
u28prc,1,sysadmin,False,A: SCRAPE GAP
u29kd5,1,sysadmin,False,A: SCRAPE GAP
u2h5nv,1,sysadmin,False,A: SCRAPE GAP
u2io20,1,sysadmin,False,A: SCRAPE GAP
u2vxx1,1,sysadmin,False,A: SCRAPE GAP
u2w6uj,2,sysadmin,False,A: SCRAPE GAP
u33x1m,1,sysadmin,False,A: SCRAPE GAP
u3524r,2,sysadmin,False,A: SCRAPE GAP
u3g7ib,3,sysadmin,False,A: SCRAPE GAP
u37od5,1,sysadmin,False,A: SCRAPE GAP
u3j410,1,sysadmin,False,A: SCRAPE GAP
u3t4kk,1,sysadmin,False,A: SCRAPE GAP
u478u8,1,sysadmin,False,A: SCRAPE GAP
u4hfni,1,sysadmin,False,A: SCRAPE GAP
u4r4mf,3,sysadmin,False,A: SCRAPE GAP
u568qv,2,sysadmin,False,A: SCRAPE GAP
u5ift9,1,sysadmin,False,A: SCRAPE GAP
u5pyil,1,sysadmin,False,A: SCRAPE GAP
u60f2b,3,sysadmin,False,A: SCRAPE GAP
u6grqv,2,sysadmin,False,A: SCRAPE GAP
u6jou8,2,sysadmin,False,A: SCRAPE GAP
u6vkpe,4,sysadmin,False,A: SCRAPE GAP
u725ps,3,sysadmin,False,A: SCRAPE GAP
u6zkok,1,sysadmin,False,A: SCRAPE GAP
u763u6,2,sysadmin,False,A: SCRAPE GAP
u78poz,2,sysadmin,False,A: SCRAPE GAP
u7bg95,1,sysadmin,False,A: SCRAPE GAP
u7hmfi,1,sysadmin,False,A: SCRAPE GAP
u7hunl,1,sysadmin,False,A: SCRAPE GAP
u7xjn4,2,sysadmin,False,A: SCRAPE GAP
u8ouen,3,sysadmin,False,A: SCRAPE GAP
u8rq8d,1,sysadmin,False,A: SCRAPE GAP
u8qx48,2,sysadmin,False,A: SCRAPE GAP
u8t3vw,1,sysadmin,False,A: SCRAPE GAP
u8vb8d,1,sysadmin,False,A: SCRAPE GAP
u9359h,1,sysadmin,False,A: SCRAPE GAP
u93n37,1,sysadmin,False,A: SCRAPE GAP
u93te7,1,sysadmin,False,A: SCRAPE GAP
u96l92,1,sysadmin,False,A: SCRAPE GAP
u9fbbo,3,sysadmin,False,A: SCRAPE GAP
u9hixx,2,sysadmin,False,A: SCRAPE GAP
u9n8m2,1,sysadmin,False,A: SCRAPE GAP
u9scor,2,sysadmin,False,A: SCRAPE GAP
u9wcd9,1,sysadmin,False,A: SCRAPE GAP
uanldb,1,sysadmin,False,A: SCRAPE GAP
ub1u0d,1,sysadmin,False,A: SCRAPE GAP
ubmmud,3,sysadmin,False,A: SCRAPE GAP
ubpa0s,1,sysadmin,False,A: SCRAPE GAP
ubq5ng,1,sysadmin,False,A: SCRAPE GAP
ubscen,1,sysadmin,False,A: SCRAPE GAP
ubxgia,2,sysadmin,False,A: SCRAPE GAP
uc17ks,1,sysadmin,False,A: SCRAPE GAP
uccr4s,1,sysadmin,False,A: SCRAPE GAP
ucavu8,1,sysadmin,False,A: SCRAPE GAP
uciwpt,1,sysadmin,False,A: SCRAPE GAP
uczvs3,1,sysadmin,False,A: SCRAPE GAP
uczkyv,1,sysadmin,False,A: SCRAPE GAP
ud6mlu,2,sysadmin,False,A: SCRAPE GAP
ud7fk9,1,sysadmin,False,A: SCRAPE GAP
udgs8o,1,sysadmin,False,A: SCRAPE GAP
udp01j,1,sysadmin,False,A: SCRAPE GAP
udva34,1,sysadmin,False,A: SCRAPE GAP
ue6kp4,1,sysadmin,False,A: SCRAPE GAP
uea8gw,1,sysadmin,False,A: SCRAPE GAP
ueajvf,1,sysadmin,False,A: SCRAPE GAP
uee63t,2,sysadmin,False,A: SCRAPE GAP
ueonk3,2,sysadmin,False,A: SCRAPE GAP
ueo4k8,1,sysadmin,False,A: SCRAPE GAP
uh0a5f,2,sysadmin,False,A: SCRAPE GAP
uhfppa,2,sysadmin,False,A: SCRAPE GAP
uhj3h4,1,sysadmin,False,A: SCRAPE GAP
uhmw0u,1,sysadmin,False,A: SCRAPE GAP
uhpbpt,2,sysadmin,False,A: SCRAPE GAP
uhp9i6,1,sysadmin,False,A: SCRAPE GAP
ui788o,2,sysadmin,False,A: SCRAPE GAP
uidihr,3,sysadmin,False,A: SCRAPE GAP
uicz8p,1,sysadmin,False,A: SCRAPE GAP
uihpvr,3,sysadmin,False,A: SCRAPE GAP
uilej3,2,sysadmin,False,A: SCRAPE GAP
uixcl2,1,sysadmin,False,A: SCRAPE GAP
uixj4x,2,sysadmin,False,A: SCRAPE GAP
uizb3p,2,sysadmin,False,A: SCRAPE GAP
ujbld4,1,sysadmin,False,A: SCRAPE GAP
ujz9lh,2,sysadmin,False,A: SCRAPE GAP
uk5h4r,2,sysadmin,False,A: SCRAPE GAP
uk3ypj,2,sysadmin,False,A: SCRAPE GAP
ul7nzr,1,sysadmin,False,A: SCRAPE GAP
ulpbf4,1,sysadmin,False,A: SCRAPE GAP
ulvual,1,sysadmin,False,A: SCRAPE GAP
um0p83,1,sysadmin,False,A: SCRAPE GAP
um2bn1,2,sysadmin,False,A: SCRAPE GAP
umckbo,1,sysadmin,False,A: SCRAPE GAP
umlaob,1,sysadmin,False,A: SCRAPE GAP
umrkfp,2,sysadmin,False,A: SCRAPE GAP
umsbxx,3,sysadmin,False,A: SCRAPE GAP
unby86,3,sysadmin,False,A: SCRAPE GAP
ung0jg,3,sysadmin,False,A: SCRAPE GAP
unkjjj,1,sysadmin,False,A: SCRAPE GAP
uniyft,2,sysadmin,False,A: SCRAPE GAP
untksu,2,sysadmin,False,A: SCRAPE GAP
unz8gc,1,sysadmin,False,A: SCRAPE GAP
uo347c,1,sysadmin,False,A: SCRAPE GAP
uo8eg7,1,sysadmin,False,A: SCRAPE GAP
uo9g8m,2,sysadmin,False,A: SCRAPE GAP
uoa3qy,1,sysadmin,False,A: SCRAPE GAP
uobw3g,1,sysadmin,False,A: SCRAPE GAP
uopbp2,1,sysadmin,False,A: SCRAPE GAP
uor494,1,sysadmin,False,A: SCRAPE GAP
uos7e7,1,sysadmin,False,A: SCRAPE GAP
uoucwo,1,sysadmin,False,A: SCRAPE GAP
up8pgb,3,sysadmin,False,A: SCRAPE GAP
upffmu,1,sysadmin,False,A: SCRAPE GAP
upvnix,1,sysadmin,False,A: SCRAPE GAP
uq4svf,1,sysadmin,False,A: SCRAPE GAP
ur8pxx,1,sysadmin,False,A: SCRAPE GAP
urpo4e,1,sysadmin,False,A: SCRAPE GAP
urt249,1,sysadmin,False,A: SCRAPE GAP
usd2hb,2,sysadmin,False,A: SCRAPE GAP
usgice,3,sysadmin,False,A: SCRAPE GAP
usjhye,1,sysadmin,False,A: SCRAPE GAP
ut0o4u,1,sysadmin,False,A: SCRAPE GAP
ut3y3g,4,sysadmin,False,A: SCRAPE GAP
ut8mpu,1,sysadmin,False,A: SCRAPE GAP
utbkrs,1,sysadmin,False,A: SCRAPE GAP
utdar2,3,sysadmin,False,A: SCRAPE GAP
utjy3e,1,sysadmin,False,A: SCRAPE GAP
uu1q7x,3,sysadmin,False,A: SCRAPE GAP
uu5l1q,1,sysadmin,False,A: SCRAPE GAP
uuaz80,1,sysadmin,False,A: SCRAPE GAP
uuz7ak,2,sysadmin,False,A: SCRAPE GAP
uv7fb9,1,sysadmin,False,A: SCRAPE GAP
uvenxi,1,sysadmin,False,A: SCRAPE GAP
uvbvnu,3,sysadmin,False,A: SCRAPE GAP
uvdrli,3,sysadmin,False,A: SCRAPE GAP
uvehno,3,sysadmin,False,A: SCRAPE GAP
uvl8mq,1,sysadmin,False,A: SCRAPE GAP
uvxgti,2,sysadmin,False,A: SCRAPE GAP
uvxqpz,1,sysadmin,False,A: SCRAPE GAP
uwnd7r,1,sysadmin,False,A: SCRAPE GAP
uwoi1i,2,sysadmin,False,A: SCRAPE GAP
uwyxbk,1,sysadmin,False,A: SCRAPE GAP
ux29b2,2,sysadmin,False,A: SCRAPE GAP
ux3pqj,1,sysadmin,False,A: SCRAPE GAP
ux28em,2,sysadmin,False,A: SCRAPE GAP
ux8d64,1,sysadmin,False,A: SCRAPE GAP
uxe4ke,3,sysadmin,False,A: SCRAPE GAP
uxhr34,1,sysadmin,False,A: SCRAPE GAP
uxkmw1,2,sysadmin,False,A: SCRAPE GAP
uxoc69,3,sysadmin,False,A: SCRAPE GAP
uxoinx,1,sysadmin,False,A: SCRAPE GAP
uxqbu2,1,sysadmin,False,A: SCRAPE GAP
uy7u5b,1,sysadmin,False,A: SCRAPE GAP
uy7fju,1,sysadmin,False,A: SCRAPE GAP
uybl5d,1,sysadmin,False,A: SCRAPE GAP
uyh019,1,sysadmin,False,A: SCRAPE GAP
uz3gbq,1,sysadmin,False,A: SCRAPE GAP
uz5f0a,1,sysadmin,False,A: SCRAPE GAP
uzadt1,1,sysadmin,False,A: SCRAPE GAP
uzd6qq,1,sysadmin,False,A: SCRAPE GAP
uzje8f,4,sysadmin,False,A: SCRAPE GAP
v03tmd,1,sysadmin,False,A: SCRAPE GAP
v0k06g,1,sysadmin,False,A: SCRAPE GAP
v14wvn,2,sysadmin,False,A: SCRAPE GAP
v1jkjg,1,sysadmin,False,A: SCRAPE GAP
v1qx33,1,sysadmin,False,A: SCRAPE GAP
v1lzf7,1,sysadmin,False,A: SCRAPE GAP
v1p9xq,1,sysadmin,False,A: SCRAPE GAP
v1v98t,3,sysadmin,False,A: SCRAPE GAP
v205gx,1,sysadmin,False,A: SCRAPE GAP
v1yjrv,2,sysadmin,False,A: SCRAPE GAP
v22u0p,1,sysadmin,False,A: SCRAPE GAP
v2irm9,2,sysadmin,False,A: SCRAPE GAP
v2ocbv,1,sysadmin,False,A: SCRAPE GAP
v2timm,4,sysadmin,False,A: SCRAPE GAP
v35fbm,2,sysadmin,False,A: SCRAPE GAP
v33sda,1,sysadmin,False,A: SCRAPE GAP
v389un,1,sysadmin,False,A: SCRAPE GAP
v3aa5f,1,sysadmin,False,A: SCRAPE GAP
v4a8y3,1,sysadmin,False,A: SCRAPE GAP
v4dplv,2,sysadmin,False,A: SCRAPE GAP
v4g030,3,sysadmin,False,A: SCRAPE GAP
v5es2f,1,sysadmin,False,A: SCRAPE GAP
v5u024,1,sysadmin,False,A: SCRAPE GAP
v69p08,1,sysadmin,False,A: SCRAPE GAP
v6iza0,2,sysadmin,False,A: SCRAPE GAP
v6ue9w,1,sysadmin,False,A: SCRAPE GAP
v6x66d,2,sysadmin,False,A: SCRAPE GAP
v6zbxx,1,sysadmin,False,A: SCRAPE GAP
v7bbug,1,sysadmin,False,A: SCRAPE GAP
v7femg,1,sysadmin,False,A: SCRAPE GAP
v7xil5,2,sysadmin,False,A: SCRAPE GAP
v83erw,1,sysadmin,False,A: SCRAPE GAP
v839io,1,sysadmin,False,A: SCRAPE GAP
v8bnd9,2,sysadmin,False,A: SCRAPE GAP
v8jrge,3,sysadmin,False,A: SCRAPE GAP
v8l4dy,1,sysadmin,False,A: SCRAPE GAP
v8ooue,1,sysadmin,False,A: SCRAPE GAP
v8o0sb,1,sysadmin,False,A: SCRAPE GAP
v8wmyc,1,sysadmin,False,A: SCRAPE GAP
v9mb5x,1,sysadmin,False,A: SCRAPE GAP
vaejwu,2,sysadmin,False,A: SCRAPE GAP
vbah6e,1,sysadmin,False,A: SCRAPE GAP
vb9uo8,4,sysadmin,False,A: SCRAPE GAP
vc27tx,2,sysadmin,False,A: SCRAPE GAP
vc8vfh,1,sysadmin,False,A: SCRAPE GAP
vcbjgy,1,sysadmin,False,A: SCRAPE GAP
vce8v8,2,sysadmin,False,A: SCRAPE GAP
vckl9a,2,sysadmin,False,A: SCRAPE GAP
vcl2sj,1,sysadmin,False,A: SCRAPE GAP
vcqh4r,1,sysadmin,False,A: SCRAPE GAP
vctf3v,1,sysadmin,False,A: SCRAPE GAP
vcztu3,1,sysadmin,False,A: SCRAPE GAP
vd2hbh,4,sysadmin,False,A: SCRAPE GAP
vd6qmy,3,sysadmin,False,A: SCRAPE GAP
vd7ad9,1,sysadmin,False,A: SCRAPE GAP
vdrv94,1,sysadmin,False,A: SCRAPE GAP
vdxmre,1,sysadmin,False,A: SCRAPE GAP
vees52,1,sysadmin,False,A: SCRAPE GAP
vejhpc,1,sysadmin,False,A: SCRAPE GAP
vfl14y,1,sysadmin,False,A: SCRAPE GAP
vfnstn,1,sysadmin,False,A: SCRAPE GAP
vg6jou,1,sysadmin,False,A: SCRAPE GAP
vh1x4i,2,sysadmin,False,A: SCRAPE GAP
vhh9c0,2,sysadmin,False,A: SCRAPE GAP
vhht9d,2,sysadmin,False,A: SCRAPE GAP
vi3f8c,2,sysadmin,False,A: SCRAPE GAP
vi53th,1,sysadmin,False,A: SCRAPE GAP
vi77oo,2,sysadmin,False,A: SCRAPE GAP
vi7xw0,1,sysadmin,False,A: SCRAPE GAP
vibiwe,1,sysadmin,False,A: SCRAPE GAP
vibq0s,1,sysadmin,False,A: SCRAPE GAP
vipqci,3,sysadmin,False,A: SCRAPE GAP
vivp50,1,sysadmin,False,A: SCRAPE GAP
viy8rn,1,sysadmin,False,A: SCRAPE GAP
viy0om,1,sysadmin,False,A: SCRAPE GAP
viyxwc,2,sysadmin,False,A: SCRAPE GAP
vj4z1m,1,sysadmin,False,A: SCRAPE GAP
vj5fyc,2,sysadmin,False,A: SCRAPE GAP
vj6p9b,2,sysadmin,False,A: SCRAPE GAP
vjmgf7,1,sysadmin,False,A: SCRAPE GAP
vjmlvf,1,sysadmin,False,A: SCRAPE GAP
vjn0hp,2,sysadmin,False,A: SCRAPE GAP
vjyjlr,1,sysadmin,False,A: SCRAPE GAP
vn1grj,2,sysadmin,False,A: SCRAPE GAP
vn3rvz,2,sysadmin,False,A: SCRAPE GAP
vnwqrb,2,sysadmin,False,A: SCRAPE GAP
vo7mqc,1,sysadmin,False,A: SCRAPE GAP
vo8gm9,1,sysadmin,False,A: SCRAPE GAP
voir62,2,sysadmin,False,A: SCRAPE GAP
vonxr5,3,sysadmin,False,A: SCRAPE GAP
vojhkt,1,sysadmin,False,A: SCRAPE GAP
vp6nvj,1,sysadmin,False,A: SCRAPE GAP
vpi6j8,1,sysadmin,False,A: SCRAPE GAP
vpem1m,2,sysadmin,False,A: SCRAPE GAP
vrbwnr,1,sysadmin,False,A: SCRAPE GAP
vrlxy8,1,sysadmin,False,A: SCRAPE GAP
vrmuh6,1,sysadmin,False,A: SCRAPE GAP
vrzgio,1,sysadmin,False,A: SCRAPE GAP
vsr1dc,1,sysadmin,False,A: SCRAPE GAP
vsx17j,1,sysadmin,False,A: SCRAPE GAP
vt6d47,2,sysadmin,False,A: SCRAPE GAP
vtkq57,1,sysadmin,False,A: SCRAPE GAP
vtoxmw,1,sysadmin,False,A: SCRAPE GAP
vtp8fr,3,sysadmin,False,A: SCRAPE GAP
vtrylj,2,sysadmin,False,A: SCRAPE GAP
vugk9w,2,sysadmin,False,A: SCRAPE GAP
vviw06,1,sysadmin,False,A: SCRAPE GAP
vwkllm,1,sysadmin,False,A: SCRAPE GAP
vwzkm4,2,sysadmin,False,A: SCRAPE GAP
vxeg5u,3,sysadmin,False,A: SCRAPE GAP
vxg5g4,1,sysadmin,False,A: SCRAPE GAP
vxiitg,1,sysadmin,False,A: SCRAPE GAP
vxpnk4,2,sysadmin,False,A: SCRAPE GAP
vxu0xv,2,sysadmin,False,A: SCRAPE GAP
vy3oun,1,sysadmin,False,A: SCRAPE GAP
vy85eh,1,sysadmin,False,A: SCRAPE GAP
vybzoa,1,sysadmin,False,A: SCRAPE GAP
vyn7l6,2,sysadmin,False,A: SCRAPE GAP
vyi9dp,1,sysadmin,False,A: SCRAPE GAP
vyubd2,1,sysadmin,False,A: SCRAPE GAP
vyzgqp,3,sysadmin,False,A: SCRAPE GAP
vz2x1t,2,sysadmin,False,A: SCRAPE GAP
vzk318,2,sysadmin,False,A: SCRAPE GAP
vzq0cd,1,sysadmin,False,A: SCRAPE GAP
vzscam,3,sysadmin,False,A: SCRAPE GAP
w03qr9,1,sysadmin,False,A: SCRAPE GAP
w044i3,1,sysadmin,False,A: SCRAPE GAP
w0725z,1,sysadmin,False,A: SCRAPE GAP
w0ly49,1,sysadmin,False,A: SCRAPE GAP
w0s8xw,2,sysadmin,False,A: SCRAPE GAP
w1321f,2,sysadmin,False,A: SCRAPE GAP
w13tem,1,sysadmin,False,A: SCRAPE GAP
w1jwtg,4,sysadmin,False,A: SCRAPE GAP
w1lz4e,3,sysadmin,False,A: SCRAPE GAP
w1w6i8,3,sysadmin,False,A: SCRAPE GAP
w20gj5,3,sysadmin,False,A: SCRAPE GAP
w22bmz,2,sysadmin,False,A: SCRAPE GAP
w25gy1,2,sysadmin,False,A: SCRAPE GAP
w26lox,1,sysadmin,False,A: SCRAPE GAP
w2oai8,4,sysadmin,False,A: SCRAPE GAP
w2sfg8,1,sysadmin,False,A: SCRAPE GAP
w2xsbq,2,sysadmin,False,A: SCRAPE GAP
w2yc5k,1,sysadmin,False,A: SCRAPE GAP
w2znge,3,sysadmin,False,A: SCRAPE GAP
w38llz,1,sysadmin,False,A: SCRAPE GAP
w3924f,1,sysadmin,False,A: SCRAPE GAP
w3b47j,1,sysadmin,False,A: SCRAPE GAP
w3p0hx,1,sysadmin,False,A: SCRAPE GAP
w3w2u2,2,sysadmin,False,A: SCRAPE GAP
w462vn,1,sysadmin,False,A: SCRAPE GAP
w4ltbi,1,sysadmin,False,A: SCRAPE GAP
w4m6es,3,sysadmin,False,A: SCRAPE GAP
w4pqtd,1,sysadmin,False,A: SCRAPE GAP
w4rrvy,1,sysadmin,False,A: SCRAPE GAP
w4za3b,1,sysadmin,False,A: SCRAPE GAP
w52lia,2,sysadmin,False,A: SCRAPE GAP
w647yn,3,sysadmin,False,A: SCRAPE GAP
w6iegg,3,sysadmin,False,A: SCRAPE GAP
w6tvo0,1,sysadmin,False,A: SCRAPE GAP
w6xwlj,1,sysadmin,False,A: SCRAPE GAP
w79noh,1,sysadmin,False,A: SCRAPE GAP
w7bb5f,2,sysadmin,False,A: SCRAPE GAP
w7o9al,1,sysadmin,False,A: SCRAPE GAP
w7qqi5,1,sysadmin,False,A: SCRAPE GAP
w82dyi,1,sysadmin,False,A: SCRAPE GAP
w84xms,1,sysadmin,False,A: SCRAPE GAP
w889eu,2,sysadmin,False,A: SCRAPE GAP
w8j0c6,2,sysadmin,False,A: SCRAPE GAP
w8nyrr,1,sysadmin,False,A: SCRAPE GAP
w8nqnq,1,sysadmin,False,A: SCRAPE GAP
w8pm2k,1,sysadmin,False,A: SCRAPE GAP
w8oklt,2,sysadmin,False,A: SCRAPE GAP
w8pakw,3,sysadmin,False,A: SCRAPE GAP
w8uewf,2,sysadmin,False,A: SCRAPE GAP
w8sp51,2,sysadmin,False,A: SCRAPE GAP
w8ui3s,1,sysadmin,False,A: SCRAPE GAP
w8zjyt,1,sysadmin,False,A: SCRAPE GAP
w97ae2,2,sysadmin,False,A: SCRAPE GAP
w98y7h,1,sysadmin,False,A: SCRAPE GAP
w9ggt1,1,sysadmin,False,A: SCRAPE GAP
w9gy3k,3,sysadmin,False,A: SCRAPE GAP
w9i82k,1,sysadmin,False,A: SCRAPE GAP
w9tyot,2,sysadmin,False,A: SCRAPE GAP
wai99h,1,sysadmin,False,A: SCRAPE GAP
wakplt,4,sysadmin,False,A: SCRAPE GAP
wanedh,1,sysadmin,False,A: SCRAPE GAP
watgul,1,sysadmin,False,A: SCRAPE GAP
wari2m,1,sysadmin,False,A: SCRAPE GAP
wb2pce,2,sysadmin,False,A: SCRAPE GAP
wba7cs,1,sysadmin,False,A: SCRAPE GAP
wbavur,2,sysadmin,False,A: SCRAPE GAP
wbb1z0,2,sysadmin,False,A: SCRAPE GAP
wbenjz,2,sysadmin,False,A: SCRAPE GAP
wc0k71,3,sysadmin,False,A: SCRAPE GAP
wcihhn,3,sysadmin,False,A: SCRAPE GAP
wdb1ke,3,sysadmin,False,A: SCRAPE GAP
wdfvf8,2,sysadmin,False,A: SCRAPE GAP
wdk375,2,sysadmin,False,A: SCRAPE GAP
wds0zy,2,sysadmin,False,A: SCRAPE GAP
wdsvfb,3,sysadmin,False,A: SCRAPE GAP
we9ai1,2,sysadmin,False,A: SCRAPE GAP
welkmg,3,sysadmin,False,A: SCRAPE GAP
wegdoc,3,sysadmin,False,A: SCRAPE GAP
wemsxb,1,sysadmin,False,A: SCRAPE GAP
wetmgy,2,sysadmin,False,A: SCRAPE GAP
wf5eax,2,sysadmin,False,A: SCRAPE GAP
wflefx,1,sysadmin,False,A: SCRAPE GAP
wfjkg5,1,sysadmin,False,A: SCRAPE GAP
wfnsaf,1,sysadmin,False,A: SCRAPE GAP
wfnu54,2,sysadmin,False,A: SCRAPE GAP
wg07id,2,sysadmin,False,A: SCRAPE GAP
wfyajy,1,sysadmin,False,A: SCRAPE GAP
wfz65m,2,sysadmin,False,A: SCRAPE GAP
wg1tx6,1,sysadmin,False,A: SCRAPE GAP
wg0ppc,1,sysadmin,False,A: SCRAPE GAP
wg37mh,3,sysadmin,False,A: SCRAPE GAP
wg4vwc,4,sysadmin,False,A: SCRAPE GAP
wg6w6n,2,sysadmin,False,A: SCRAPE GAP
wg7o3f,2,sysadmin,False,A: SCRAPE GAP
wgf6xo,1,sysadmin,False,A: SCRAPE GAP
wgf0zg,1,sysadmin,False,A: SCRAPE GAP
wgznx6,2,sysadmin,False,A: SCRAPE GAP
wh21qg,1,sysadmin,False,A: SCRAPE GAP
wii8xm,3,sysadmin,False,A: SCRAPE GAP
wiymy4,1,sysadmin,False,A: SCRAPE GAP
wj9j84,1,sysadmin,False,A: SCRAPE GAP
wje9ht,2,sysadmin,False,A: SCRAPE GAP
wjgevo,1,sysadmin,False,A: SCRAPE GAP
wjgeam,2,sysadmin,False,A: SCRAPE GAP
wjnyi8,4,sysadmin,False,A: SCRAPE GAP
wjs94w,1,sysadmin,False,A: SCRAPE GAP
wjz0hs,1,sysadmin,False,A: SCRAPE GAP
wklflk,1,sysadmin,False,A: SCRAPE GAP
wl1xu7,1,sysadmin,False,A: SCRAPE GAP
wl34dp,1,sysadmin,False,A: SCRAPE GAP
wl6ltb,3,sysadmin,False,A: SCRAPE GAP
wla0mo,2,sysadmin,False,A: SCRAPE GAP
wleing,1,sysadmin,False,A: SCRAPE GAP
wlfzxb,1,sysadmin,False,A: SCRAPE GAP
wlg8mv,1,sysadmin,False,A: SCRAPE GAP
wlkoby,4,sysadmin,False,A: SCRAPE GAP
wlqoo6,1,sysadmin,False,A: SCRAPE GAP
wlqb46,1,sysadmin,False,A: SCRAPE GAP
wlt6jg,1,sysadmin,False,A: SCRAPE GAP
wluauh,2,sysadmin,False,A: SCRAPE GAP
wmlncg,1,sysadmin,False,A: SCRAPE GAP
wmnnjz,1,sysadmin,False,A: SCRAPE GAP
wmmzp1,1,sysadmin,False,A: SCRAPE GAP
wmvpv5,3,sysadmin,False,A: SCRAPE GAP
wmxwxb,1,sysadmin,False,A: SCRAPE GAP
wn6f1l,1,sysadmin,False,A: SCRAPE GAP
wn8m8s,1,sysadmin,False,A: SCRAPE GAP
wnml4v,2,sysadmin,False,A: SCRAPE GAP
wo6yjv,1,sysadmin,False,A: SCRAPE GAP
wnuuim,2,sysadmin,False,A: SCRAPE GAP
wobm0m,3,sysadmin,False,A: SCRAPE GAP
woihmm,1,sysadmin,False,A: SCRAPE GAP
woz1v2,1,sysadmin,False,A: SCRAPE GAP
wp69hp,1,sysadmin,False,A: SCRAPE GAP
wp7691,1,sysadmin,False,A: SCRAPE GAP
wp7b9r,2,sysadmin,False,A: SCRAPE GAP
wp9c6c,1,sysadmin,False,A: SCRAPE GAP
wp8bke,2,sysadmin,False,A: SCRAPE GAP
wpb12k,1,sysadmin,False,A: SCRAPE GAP
wpfbyy,1,sysadmin,False,A: SCRAPE GAP
wpmi5a,3,sysadmin,False,A: SCRAPE GAP
wpnro3,1,sysadmin,False,A: SCRAPE GAP
wpus85,2,sysadmin,False,A: SCRAPE GAP
wq28ny,1,sysadmin,False,A: SCRAPE GAP
wq86lx,3,sysadmin,False,A: SCRAPE GAP
wqits2,1,sysadmin,False,A: SCRAPE GAP
wqq5uw,1,sysadmin,False,A: SCRAPE GAP
wqu2am,2,sysadmin,False,A: SCRAPE GAP
wqtaq4,1,sysadmin,False,A: SCRAPE GAP
wqv8yt,3,sysadmin,False,A: SCRAPE GAP
wqz4l1,1,sysadmin,False,A: SCRAPE GAP
wqzzda,1,sysadmin,False,A: SCRAPE GAP
wr58wz,1,sysadmin,False,A: SCRAPE GAP
wr7ejl,2,sysadmin,False,A: SCRAPE GAP
wr7lvk,1,sysadmin,False,A: SCRAPE GAP
wra7nr,3,sysadmin,False,A: SCRAPE GAP
wrcc0o,2,sysadmin,False,A: SCRAPE GAP
wrigqz,1,sysadmin,False,A: SCRAPE GAP
wrl964,2,sysadmin,False,A: SCRAPE GAP
wrx9su,4,sysadmin,False,A: SCRAPE GAP
ws2m1o,2,sysadmin,False,A: SCRAPE GAP
wsezvy,3,sysadmin,False,A: SCRAPE GAP
wsf7bh,1,sysadmin,False,A: SCRAPE GAP
wsirr9,1,sysadmin,False,A: SCRAPE GAP
wtfc10,1,sysadmin,False,A: SCRAPE GAP
wunhs7,1,sysadmin,False,A: SCRAPE GAP
wuo5o7,2,sysadmin,False,A: SCRAPE GAP
wuvcwc,2,sysadmin,False,A: SCRAPE GAP
wuw1t5,3,sysadmin,False,A: SCRAPE GAP
wvb5q2,1,sysadmin,False,A: SCRAPE GAP
wvk0zm,1,sysadmin,False,A: SCRAPE GAP
wvpvla,1,sysadmin,False,A: SCRAPE GAP
wvxce9,2,sysadmin,False,A: SCRAPE GAP
wvxx2p,1,sysadmin,False,A: SCRAPE GAP
wvz0rq,1,sysadmin,False,A: SCRAPE GAP
wwi99w,1,sysadmin,False,A: SCRAPE GAP
wwok1c,1,sysadmin,False,A: SCRAPE GAP
wwsalz,1,sysadmin,False,A: SCRAPE GAP
wwyqd3,1,sysadmin,False,A: SCRAPE GAP
wx2ige,1,sysadmin,False,A: SCRAPE GAP
wx0zcx,1,sysadmin,False,A: SCRAPE GAP
wxj95x,1,sysadmin,False,A: SCRAPE GAP
wxs7sg,1,sysadmin,False,A: SCRAPE GAP
wxrfen,1,sysadmin,False,A: SCRAPE GAP
wxz8yb,3,sysadmin,False,A: SCRAPE GAP
wy5dy0,1,sysadmin,False,A: SCRAPE GAP
wy73zc,2,sysadmin,False,A: SCRAPE GAP
wyc6ta,2,sysadmin,False,A: SCRAPE GAP
wydglp,1,sysadmin,False,A: SCRAPE GAP
wygh6i,1,sysadmin,False,A: SCRAPE GAP
wyfto9,2,sysadmin,False,A: SCRAPE GAP
wyjej6,1,sysadmin,False,A: SCRAPE GAP
wyjgv3,1,sysadmin,False,A: SCRAPE GAP
wywu8j,4,sysadmin,False,A: SCRAPE GAP
wz0d3z,1,sysadmin,False,A: SCRAPE GAP
wzuhym,1,sysadmin,False,A: SCRAPE GAP
x0j115,1,sysadmin,False,A: SCRAPE GAP
x0ofhj,1,sysadmin,False,A: SCRAPE GAP
x0phf4,2,sysadmin,False,A: SCRAPE GAP
x0zmky,1,sysadmin,False,A: SCRAPE GAP
x1vw1l,3,sysadmin,False,A: SCRAPE GAP
x251nn,3,sysadmin,False,A: SCRAPE GAP
x25lli,3,sysadmin,False,A: SCRAPE GAP
x29ppk,1,sysadmin,False,A: SCRAPE GAP
x2gcoi,1,sysadmin,False,A: SCRAPE GAP
x2imhh,2,sysadmin,False,A: SCRAPE GAP
x2iua2,1,sysadmin,False,A: SCRAPE GAP
x2kjdt,1,sysadmin,False,A: SCRAPE GAP
x2mndm,3,sysadmin,False,A: SCRAPE GAP
x2oral,1,sysadmin,False,A: SCRAPE GAP
x2ugk5,3,sysadmin,False,A: SCRAPE GAP
x33ht1,1,sysadmin,False,A: SCRAPE GAP
x3aays,1,sysadmin,False,A: SCRAPE GAP
x3dz3m,1,sysadmin,False,A: SCRAPE GAP
x3dpao,2,sysadmin,False,A: SCRAPE GAP
x3fxza,4,sysadmin,False,A: SCRAPE GAP
x3gx30,1,sysadmin,False,A: SCRAPE GAP
x3lz8y,1,sysadmin,False,A: SCRAPE GAP
x3l9i9,4,sysadmin,False,A: SCRAPE GAP
x3n7pt,1,sysadmin,False,A: SCRAPE GAP
x3rqsg,1,sysadmin,False,A: SCRAPE GAP
x3p3cl,1,sysadmin,False,A: SCRAPE GAP
x40i44,1,sysadmin,False,A: SCRAPE GAP
x40lw9,1,sysadmin,False,A: SCRAPE GAP
x45j5r,1,sysadmin,False,A: SCRAPE GAP
x46b9o,1,sysadmin,False,A: SCRAPE GAP
x4jx4g,1,sysadmin,False,A: SCRAPE GAP
x5kpnz,1,sysadmin,False,A: SCRAPE GAP
x6pmof,3,sysadmin,False,A: SCRAPE GAP
x775w2,1,sysadmin,False,A: SCRAPE GAP
x7e0qv,1,sysadmin,False,A: SCRAPE GAP
x7toaf,3,sysadmin,False,A: SCRAPE GAP
x7xz9o,1,sysadmin,False,A: SCRAPE GAP
x85mh8,3,sysadmin,False,A: SCRAPE GAP
x85u9n,1,sysadmin,False,A: SCRAPE GAP
x881we,1,sysadmin,False,A: SCRAPE GAP
x8dxj4,1,sysadmin,False,A: SCRAPE GAP
x8rqhd,3,sysadmin,False,A: SCRAPE GAP
x8ti69,1,sysadmin,False,A: SCRAPE GAP
x8t60f,2,sysadmin,False,A: SCRAPE GAP
x94imh,1,sysadmin,False,A: SCRAPE GAP
x9d8pl,1,sysadmin,False,A: SCRAPE GAP
x9lacv,2,sysadmin,False,A: SCRAPE GAP
xa02ek,2,sysadmin,False,A: SCRAPE GAP
xa580h,2,sysadmin,False,A: SCRAPE GAP
xaug1u,1,sysadmin,False,A: SCRAPE GAP
xb3qj1,3,sysadmin,False,A: SCRAPE GAP
xc2wq5,3,sysadmin,False,A: SCRAPE GAP
xceaqk,1,sysadmin,False,A: SCRAPE GAP
xcg1gd,1,sysadmin,False,A: SCRAPE GAP
xciaii,2,sysadmin,False,A: SCRAPE GAP
xcixca,2,sysadmin,False,A: SCRAPE GAP
xciy81,1,sysadmin,False,A: SCRAPE GAP
xcj7zu,1,sysadmin,False,A: SCRAPE GAP
xcjaz7,2,sysadmin,False,A: SCRAPE GAP
xcl28f,2,sysadmin,False,A: SCRAPE GAP
xcqz2r,4,sysadmin,False,A: SCRAPE GAP
xd0ppu,3,sysadmin,False,A: SCRAPE GAP
xd6che,1,sysadmin,False,A: SCRAPE GAP
xdbb69,2,sysadmin,False,A: SCRAPE GAP
xdf8i1,1,sysadmin,False,A: SCRAPE GAP
xdkydl,1,sysadmin,False,A: SCRAPE GAP
xdkx94,2,sysadmin,False,A: SCRAPE GAP
xdwnmr,1,sysadmin,False,A: SCRAPE GAP
xe043h,1,sysadmin,False,A: SCRAPE GAP
xepm46,1,sysadmin,False,A: SCRAPE GAP
xexdlp,1,sysadmin,False,A: SCRAPE GAP
xf1eq7,2,sysadmin,False,A: SCRAPE GAP
xfwtux,1,sysadmin,False,A: SCRAPE GAP
xftewe,1,sysadmin,False,A: SCRAPE GAP
xfzaoj,2,sysadmin,False,A: SCRAPE GAP
xfz6w2,1,sysadmin,False,A: SCRAPE GAP
xg7c98,2,sysadmin,False,A: SCRAPE GAP
xgvsbz,2,sysadmin,False,A: SCRAPE GAP
xhx209,1,sysadmin,False,A: SCRAPE GAP
xiaexi,2,sysadmin,False,A: SCRAPE GAP
xidrqs,3,sysadmin,False,A: SCRAPE GAP
xihu1h,1,sysadmin,False,A: SCRAPE GAP
xijl45,1,sysadmin,False,A: SCRAPE GAP
xinnzk,1,sysadmin,False,A: SCRAPE GAP
xisgud,3,sysadmin,False,A: SCRAPE GAP
xj4uhj,1,sysadmin,False,A: SCRAPE GAP
xj87kv,1,sysadmin,False,A: SCRAPE GAP
xjcks9,1,sysadmin,False,A: SCRAPE GAP
xjdfwy,1,sysadmin,False,A: SCRAPE GAP
xjj2lu,1,sysadmin,False,A: SCRAPE GAP
xjqzjt,1,sysadmin,False,A: SCRAPE GAP
xjstog,1,sysadmin,False,A: SCRAPE GAP
xk4cz0,1,sysadmin,False,A: SCRAPE GAP
xk45mg,1,sysadmin,False,A: SCRAPE GAP
xk8o3w,2,sysadmin,False,A: SCRAPE GAP
xkcep9,3,sysadmin,False,A: SCRAPE GAP
xko1jv,1,sysadmin,False,A: SCRAPE GAP
xl1vpg,3,sysadmin,False,A: SCRAPE GAP
xlb7t8,2,sysadmin,False,A: SCRAPE GAP
xlva58,1,sysadmin,False,A: SCRAPE GAP
xlvy5k,1,sysadmin,False,A: SCRAPE GAP
xm6kta,2,sysadmin,False,A: SCRAPE GAP
xnzlim,1,sysadmin,False,A: SCRAPE GAP
xodynd,2,sysadmin,False,A: SCRAPE GAP
xofnkh,3,sysadmin,False,A: SCRAPE GAP
xok1e5,1,sysadmin,False,A: SCRAPE GAP
xotr97,1,sysadmin,False,A: SCRAPE GAP
xos8k5,2,sysadmin,False,A: SCRAPE GAP
xoytj5,2,sysadmin,False,A: SCRAPE GAP
xozomy,1,sysadmin,False,A: SCRAPE GAP
xp26mh,2,sysadmin,False,A: SCRAPE GAP
xplwmk,2,sysadmin,False,A: SCRAPE GAP
xptp3p,1,sysadmin,False,A: SCRAPE GAP
xps43b,1,sysadmin,False,A: SCRAPE GAP
xqiqun,1,sysadmin,False,A: SCRAPE GAP
xqy9os,2,sysadmin,False,A: SCRAPE GAP
xr1lvz,1,sysadmin,False,A: SCRAPE GAP
xr66l8,1,sysadmin,False,A: SCRAPE GAP
xr8hnm,2,sysadmin,False,A: SCRAPE GAP
xr9t72,3,sysadmin,False,A: SCRAPE GAP
xrcz82,1,sysadmin,False,A: SCRAPE GAP
xre44p,2,sysadmin,False,A: SCRAPE GAP
xsa4c7,1,sysadmin,False,A: SCRAPE GAP
xscaej,3,sysadmin,False,A: SCRAPE GAP
xsfp8r,4,sysadmin,False,A: SCRAPE GAP
xsg4qd,3,sysadmin,False,A: SCRAPE GAP
xsqzlt,1,sysadmin,False,A: SCRAPE GAP
xtr699,2,sysadmin,False,A: SCRAPE GAP
xuh2e3,1,sysadmin,False,A: SCRAPE GAP
xuj094,1,sysadmin,False,A: SCRAPE GAP
xuoiaq,1,sysadmin,False,A: SCRAPE GAP
xuy508,1,sysadmin,False,A: SCRAPE GAP
xvdu48,4,sysadmin,False,A: SCRAPE GAP
xvlobo,1,sysadmin,False,A: SCRAPE GAP
xvpf0i,3,sysadmin,False,A: SCRAPE GAP
xvwws5,1,sysadmin,False,A: SCRAPE GAP
xvve55,2,sysadmin,False,A: SCRAPE GAP
xvytsb,3,sysadmin,False,A: SCRAPE GAP
xw7fh9,2,sysadmin,False,A: SCRAPE GAP
xwc5y3,1,sysadmin,False,A: SCRAPE GAP
xwglmj,1,sysadmin,False,A: SCRAPE GAP
xwjmww,2,sysadmin,False,A: SCRAPE GAP
xwopz9,2,sysadmin,False,A: SCRAPE GAP
xwntlo,3,sysadmin,False,A: SCRAPE GAP
xx2a2l,1,sysadmin,False,A: SCRAPE GAP
xx3k0j,1,sysadmin,False,A: SCRAPE GAP
xx50z0,1,sysadmin,False,A: SCRAPE GAP
xxhd9t,2,sysadmin,False,A: SCRAPE GAP
xxm461,1,sysadmin,False,A: SCRAPE GAP
xxo679,2,sysadmin,False,A: SCRAPE GAP
xxps4g,1,sysadmin,False,A: SCRAPE GAP
xy2a41,1,sysadmin,False,A: SCRAPE GAP
xyb0q9,1,sysadmin,False,A: SCRAPE GAP
xyn5pc,2,sysadmin,False,A: SCRAPE GAP
xyi4on,1,sysadmin,False,A: SCRAPE GAP
y0kbis,2,sysadmin,False,A: SCRAPE GAP
y0se3p,1,sysadmin,False,A: SCRAPE GAP
y11wif,4,sysadmin,False,A: SCRAPE GAP
y1c8z3,2,sysadmin,False,A: SCRAPE GAP
y1cz02,1,sysadmin,False,A: SCRAPE GAP
y1glxz,1,sysadmin,False,A: SCRAPE GAP
y2cr6g,4,sysadmin,False,A: SCRAPE GAP
y2jzwx,4,sysadmin,False,A: SCRAPE GAP
y2j6fu,1,sysadmin,False,A: SCRAPE GAP
y2niip,3,sysadmin,False,A: SCRAPE GAP
y3emol,1,sysadmin,False,A: SCRAPE GAP
y3m8rw,2,sysadmin,False,A: SCRAPE GAP
y3r8cd,1,sysadmin,False,A: SCRAPE GAP
y3rkiz,1,sysadmin,False,A: SCRAPE GAP
y5pcd7,2,sysadmin,False,A: SCRAPE GAP
y646hd,1,sysadmin,False,A: SCRAPE GAP
y6hpe5,1,sysadmin,False,A: SCRAPE GAP
y78zia,1,sysadmin,False,A: SCRAPE GAP
y7cu8o,1,sysadmin,False,A: SCRAPE GAP
y7j4t4,2,sysadmin,False,A: SCRAPE GAP
y7om8o,1,sysadmin,False,A: SCRAPE GAP
y7wt2z,2,sysadmin,False,A: SCRAPE GAP
y80jqf,3,sysadmin,False,A: SCRAPE GAP
y82tis,1,sysadmin,False,A: SCRAPE GAP
y83z00,1,sysadmin,False,A: SCRAPE GAP
y85uhg,1,sysadmin,False,A: SCRAPE GAP
y8kdh3,1,sysadmin,False,A: SCRAPE GAP
y8xy7w,3,sysadmin,False,A: SCRAPE GAP
y98rqe,2,sysadmin,False,A: SCRAPE GAP
y9ewqg,2,sysadmin,False,A: SCRAPE GAP
y9h3bh,2,sysadmin,False,A: SCRAPE GAP
y9ij43,1,sysadmin,False,A: SCRAPE GAP
y9u0x9,3,sysadmin,False,A: SCRAPE GAP
y9tnkz,2,sysadmin,False,A: SCRAPE GAP
y9vr9j,3,sysadmin,False,A: SCRAPE GAP
y9yufh,1,sysadmin,False,A: SCRAPE GAP
ya4plk,1,sysadmin,False,A: SCRAPE GAP
yaerph,3,sysadmin,False,A: SCRAPE GAP
yb40zi,2,sysadmin,False,A: SCRAPE GAP
ybh2qq,1,sysadmin,False,A: SCRAPE GAP
ybqx7a,1,sysadmin,False,A: SCRAPE GAP
yc7kp7,2,sysadmin,False,A: SCRAPE GAP
ycqwbc,4,sysadmin,False,A: SCRAPE GAP
ycyn16,2,sysadmin,False,A: SCRAPE GAP
yczoeu,1,sysadmin,False,A: SCRAPE GAP
yczx2p,2,sysadmin,False,A: SCRAPE GAP
yd2tcg,1,sysadmin,False,A: SCRAPE GAP
yd451l,1,sysadmin,False,A: SCRAPE GAP
yd68m1,1,sysadmin,False,A: SCRAPE GAP
ydb3mm,2,sysadmin,False,A: SCRAPE GAP
ydc8tt,2,sysadmin,False,A: SCRAPE GAP
ydc8wy,2,sysadmin,False,A: SCRAPE GAP
ydgq3z,1,sysadmin,False,A: SCRAPE GAP
ydh4zi,2,sysadmin,False,A: SCRAPE GAP
ydwlyr,2,sysadmin,False,A: SCRAPE GAP
ydywfb,3,sysadmin,False,A: SCRAPE GAP
ydzdhx,3,sysadmin,False,A: SCRAPE GAP
ye0hoh,2,sysadmin,False,A: SCRAPE GAP
ye0jg6,1,sysadmin,False,A: SCRAPE GAP
ye134c,2,sysadmin,False,A: SCRAPE GAP
yepma1,3,sysadmin,False,A: SCRAPE GAP
yffrne,1,sysadmin,False,A: SCRAPE GAP
yfhqpp,1,sysadmin,False,A: SCRAPE GAP
yffyb5,1,sysadmin,False,A: SCRAPE GAP
yfnksm,1,sysadmin,False,A: SCRAPE GAP
yfsh27,1,sysadmin,False,A: SCRAPE GAP
ygno9e,1,sysadmin,False,A: SCRAPE GAP
ygrnxt,1,sysadmin,False,A: SCRAPE GAP
yhuiyf,2,sysadmin,False,A: SCRAPE GAP
yiefqy,1,sysadmin,False,A: SCRAPE GAP
yijjp8,1,sysadmin,False,A: SCRAPE GAP
yik862,1,sysadmin,False,A: SCRAPE GAP
yipokq,3,sysadmin,False,A: SCRAPE GAP
yiqyza,1,sysadmin,False,A: SCRAPE GAP
yiv6u0,1,sysadmin,False,A: SCRAPE GAP
yj7xc2,1,sysadmin,False,A: SCRAPE GAP
ykbm5n,2,sysadmin,False,A: SCRAPE GAP
ykfad0,2,sysadmin,False,A: SCRAPE GAP
ykv6xn,1,sysadmin,False,A: SCRAPE GAP
yl3cz3,3,sysadmin,False,A: SCRAPE GAP
yl3tze,2,sysadmin,False,A: SCRAPE GAP
yl45cf,1,sysadmin,False,A: SCRAPE GAP
yl48cu,1,sysadmin,False,A: SCRAPE GAP
yl5alh,3,sysadmin,False,A: SCRAPE GAP
yl697a,1,sysadmin,False,A: SCRAPE GAP
ylfsp1,1,sysadmin,False,A: SCRAPE GAP
ym2x8e,1,sysadmin,False,A: SCRAPE GAP
ym7qkr,2,sysadmin,False,A: SCRAPE GAP
ym8e1b,1,sysadmin,False,A: SCRAPE GAP
ynhie9,1,sysadmin,False,A: SCRAPE GAP
yogn0o,1,sysadmin,False,A: SCRAPE GAP
yojgnf,1,sysadmin,False,A: SCRAPE GAP
yoorfc,2,sysadmin,False,A: SCRAPE GAP
yp7i3w,2,sysadmin,False,A: SCRAPE GAP
ypttnv,2,sysadmin,False,A: SCRAPE GAP
yq973c,2,sysadmin,False,A: SCRAPE GAP
yqdafa,2,sysadmin,False,A: SCRAPE GAP
yqjhw7,2,sysadmin,False,A: SCRAPE GAP
yqkvqg,1,sysadmin,False,A: SCRAPE GAP
yqo1x4,3,sysadmin,False,A: SCRAPE GAP
yqsfku,1,sysadmin,False,A: SCRAPE GAP
yqs4bk,2,sysadmin,False,A: SCRAPE GAP
yr5dtu,1,sysadmin,False,A: SCRAPE GAP
yr8dhy,2,sysadmin,False,A: SCRAPE GAP
yrucdg,4,sysadmin,False,A: SCRAPE GAP
ysfw0h,1,sysadmin,False,A: SCRAPE GAP
yscc23,1,sysadmin,False,A: SCRAPE GAP
ysicdh,3,sysadmin,False,A: SCRAPE GAP
ysorof,2,sysadmin,False,A: SCRAPE GAP
yst5kq,3,sysadmin,False,A: SCRAPE GAP
yunbgt,1,sysadmin,False,A: SCRAPE GAP
yv4sg7,1,sysadmin,False,A: SCRAPE GAP
yv512s,1,sysadmin,False,A: SCRAPE GAP
yv5ko1,2,sysadmin,False,A: SCRAPE GAP
yvawai,1,sysadmin,False,A: SCRAPE GAP
yvf698,3,sysadmin,False,A: SCRAPE GAP
yvjh20,3,sysadmin,False,A: SCRAPE GAP
yvlrea,2,sysadmin,False,A: SCRAPE GAP
yvmhu1,4,sysadmin,False,A: SCRAPE GAP
yvsp2a,1,sysadmin,False,A: SCRAPE GAP
ywd39n,2,sysadmin,False,A: SCRAPE GAP
ywkjb8,1,sysadmin,False,A: SCRAPE GAP
ywq3al,1,sysadmin,False,A: SCRAPE GAP
ywug6r,3,sysadmin,False,A: SCRAPE GAP
ywx6p0,1,sysadmin,False,A: SCRAPE GAP
yx54ew,2,sysadmin,False,A: SCRAPE GAP
yx5wc4,1,sysadmin,False,A: SCRAPE GAP
yxaygh,1,sysadmin,False,A: SCRAPE GAP
yxj8bg,2,sysadmin,False,A: SCRAPE GAP
yxxhao,1,sysadmin,False,A: SCRAPE GAP
yxz8jz,1,sysadmin,False,A: SCRAPE GAP
yy0kb5,2,sysadmin,False,A: SCRAPE GAP
yy2z92,1,sysadmin,False,A: SCRAPE GAP
yylmi7,3,sysadmin,False,A: SCRAPE GAP
yyqrtg,1,sysadmin,False,A: SCRAPE GAP
yyruqw,2,sysadmin,False,A: SCRAPE GAP
yyso3u,1,sysadmin,False,A: SCRAPE GAP
yyww3i,1,sysadmin,False,A: SCRAPE GAP
yytzmy,1,sysadmin,False,A: SCRAPE GAP
yzekmo,1,sysadmin,False,A: SCRAPE GAP
yzegwl,1,sysadmin,False,A: SCRAPE GAP
yzoyl2,1,sysadmin,False,A: SCRAPE GAP
z0h3a6,1,sysadmin,False,A: SCRAPE GAP
z0nais,1,sysadmin,False,A: SCRAPE GAP
z15pqu,3,sysadmin,False,A: SCRAPE GAP
z14i0s,1,sysadmin,False,A: SCRAPE GAP
z16aw4,1,sysadmin,False,A: SCRAPE GAP
z16pl6,1,sysadmin,False,A: SCRAPE GAP
z1rz81,2,sysadmin,False,A: SCRAPE GAP
z1y2rj,4,sysadmin,False,A: SCRAPE GAP
z2xvo1,3,sysadmin,False,A: SCRAPE GAP
z30325,2,sysadmin,False,A: SCRAPE GAP
z319wh,4,sysadmin,False,A: SCRAPE GAP
z3b64k,2,sysadmin,False,A: SCRAPE GAP
z448tl,1,sysadmin,False,A: SCRAPE GAP
z46ly4,1,sysadmin,False,A: SCRAPE GAP
z60xig,2,sysadmin,False,A: SCRAPE GAP
z5tnkx,1,sysadmin,False,A: SCRAPE GAP
z6304t,2,sysadmin,False,A: SCRAPE GAP
z70m4d,3,sysadmin,False,A: SCRAPE GAP
z73p6x,1,sysadmin,False,A: SCRAPE GAP
z7yw1g,2,sysadmin,False,A: SCRAPE GAP
z80vja,2,sysadmin,False,A: SCRAPE GAP
z82vih,1,sysadmin,False,A: SCRAPE GAP
z8azk2,1,sysadmin,False,A: SCRAPE GAP
z8em88,3,sysadmin,False,A: SCRAPE GAP
z8cd46,2,sysadmin,False,A: SCRAPE GAP
z8kdhs,2,sysadmin,False,A: SCRAPE GAP
z8h2pg,1,sysadmin,False,A: SCRAPE GAP
z8h9ls,2,sysadmin,False,A: SCRAPE GAP
z8u3nf,2,sysadmin,False,A: SCRAPE GAP
z8w6rm,1,sysadmin,False,A: SCRAPE GAP
z9h60b,4,sysadmin,False,A: SCRAPE GAP
z9ke8i,1,sysadmin,False,A: SCRAPE GAP
z9xm5g,1,sysadmin,False,A: SCRAPE GAP
z9wa0m,3,sysadmin,False,A: SCRAPE GAP
z9z6m4,3,sysadmin,False,A: SCRAPE GAP
za66xi,1,sysadmin,False,A: SCRAPE GAP
za574l,3,sysadmin,False,A: SCRAPE GAP
zaigth,1,sysadmin,False,A: SCRAPE GAP
zapi6n,2,sysadmin,False,A: SCRAPE GAP
zatrs7,1,sysadmin,False,A: SCRAPE GAP
zb004y,2,sysadmin,False,A: SCRAPE GAP
zb3er2,1,sysadmin,False,A: SCRAPE GAP
zbf8fu,2,sysadmin,False,A: SCRAPE GAP
zc7kjo,1,sysadmin,False,A: SCRAPE GAP
zchc6u,1,sysadmin,False,A: SCRAPE GAP
zdf0bk,1,sysadmin,False,A: SCRAPE GAP
zdh23n,1,sysadmin,False,A: SCRAPE GAP
zdy63k,3,sysadmin,False,A: SCRAPE GAP
zdquou,3,sysadmin,False,A: SCRAPE GAP
ze2ili,2,sysadmin,False,A: SCRAPE GAP
zea9wz,3,sysadmin,False,A: SCRAPE GAP
zee3jl,1,sysadmin,False,A: SCRAPE GAP
zeejrt,2,sysadmin,False,A: SCRAPE GAP
zeoixm,1,sysadmin,False,A: SCRAPE GAP
zercbk,2,sysadmin,False,A: SCRAPE GAP
zetv4o,1,sysadmin,False,A: SCRAPE GAP
zf5pqm,1,sysadmin,False,A: SCRAPE GAP
zfqa3k,1,sysadmin,False,A: SCRAPE GAP
zfowq8,1,sysadmin,False,A: SCRAPE GAP
zg9z3m,1,sysadmin,False,A: SCRAPE GAP
zgapcl,1,sysadmin,False,A: SCRAPE GAP
zgjnyh,1,sysadmin,False,A: SCRAPE GAP
zghew1,1,sysadmin,False,A: SCRAPE GAP
zgo8gj,2,sysadmin,False,A: SCRAPE GAP
zh71fg,2,sysadmin,False,A: SCRAPE GAP
zi8kel,1,sysadmin,False,A: SCRAPE GAP
zipg5b,1,sysadmin,False,A: SCRAPE GAP
zjiipr,1,sysadmin,False,A: SCRAPE GAP
zjhn7j,1,sysadmin,False,A: SCRAPE GAP
zk5zp9,1,sysadmin,False,A: SCRAPE GAP
zkb6l2,1,sysadmin,False,A: SCRAPE GAP
zkempc,2,sysadmin,False,A: SCRAPE GAP
zkhir0,3,sysadmin,False,A: SCRAPE GAP
zlkki4,1,sysadmin,False,A: SCRAPE GAP
zln5ec,1,sysadmin,False,A: SCRAPE GAP
zlnk9l,3,sysadmin,False,A: SCRAPE GAP
zly4as,1,sysadmin,False,A: SCRAPE GAP
zlxc4k,1,sysadmin,False,A: SCRAPE GAP
zm4hv9,1,sysadmin,False,A: SCRAPE GAP
zm5t5w,1,sysadmin,False,A: SCRAPE GAP
zmd185,1,sysadmin,False,A: SCRAPE GAP
zmeur4,1,sysadmin,False,A: SCRAPE GAP
zmmc0k,1,sysadmin,False,A: SCRAPE GAP
zmk360,1,sysadmin,False,A: SCRAPE GAP
zmv9of,3,sysadmin,False,A: SCRAPE GAP
zn4p2e,2,sysadmin,False,A: SCRAPE GAP
zn9x8v,1,sysadmin,False,A: SCRAPE GAP
zni8tn,1,sysadmin,False,A: SCRAPE GAP
znk8z1,1,sysadmin,False,A: SCRAPE GAP
znnyyk,1,sysadmin,False,A: SCRAPE GAP
znt8qb,3,sysadmin,False,A: SCRAPE GAP
znq5yx,1,sysadmin,False,A: SCRAPE GAP
zoowce,3,sysadmin,False,A: SCRAPE GAP
zpg1n7,3,sysadmin,False,A: SCRAPE GAP
zpmvzh,2,sysadmin,False,A: SCRAPE GAP
zpuolv,3,sysadmin,False,A: SCRAPE GAP
zqfjob,2,sysadmin,False,A: SCRAPE GAP
zqrwas,1,sysadmin,False,A: SCRAPE GAP
zrcga1,1,sysadmin,False,A: SCRAPE GAP
zrlchu,1,sysadmin,False,A: SCRAPE GAP
zrmvob,1,sysadmin,False,A: SCRAPE GAP
zs7dmr,3,sysadmin,False,A: SCRAPE GAP
zseq93,1,sysadmin,False,A: SCRAPE GAP
zsj1w7,1,sysadmin,False,A: SCRAPE GAP
zslbkh,2,sysadmin,False,A: SCRAPE GAP
zsqwtf,2,sysadmin,False,A: SCRAPE GAP
zsxe0j,1,sysadmin,False,A: SCRAPE GAP
ztklva,2,sysadmin,False,A: SCRAPE GAP
ztkdit,1,sysadmin,False,A: SCRAPE GAP
ztm426,1,sysadmin,False,A: SCRAPE GAP
ztqmkt,4,sysadmin,False,A: SCRAPE GAP
ztuwps,4,sysadmin,False,A: SCRAPE GAP
ztwy9e,2,sysadmin,False,A: SCRAPE GAP
zuhano,2,sysadmin,False,A: SCRAPE GAP
zv3pq5,1,sysadmin,False,A: SCRAPE GAP
zv4g9k,1,sysadmin,False,A: SCRAPE GAP
zvcd0g,3,sysadmin,False,A: SCRAPE GAP
zvj4sr,2,sysadmin,False,A: SCRAPE GAP
zvxo74,2,sysadmin,False,A: SCRAPE GAP
zvwn8a,3,sysadmin,False,A: SCRAPE GAP
zw310x,4,sysadmin,False,A: SCRAPE GAP
zvy042,3,sysadmin,False,A: SCRAPE GAP
zw704j,1,sysadmin,False,A: SCRAPE GAP
zw85ei,1,sysadmin,False,A: SCRAPE GAP
zwnylt,2,sysadmin,False,A: SCRAPE GAP
zx6fbr,1,sysadmin,False,A: SCRAPE GAP
zxgnv2,1,sysadmin,False,A: SCRAPE GAP
zxu92q,1,sysadmin,False,A: SCRAPE GAP
zy9i6w,2,sysadmin,False,A: SCRAPE GAP
zyetmo,2,sysadmin,False,A: SCRAPE GAP
zyfg32,1,sysadmin,False,A: SCRAPE GAP
zymmqw,2,sysadmin,False,A: SCRAPE GAP
zyiudn,2,sysadmin,False,A: SCRAPE GAP
zzciwc,3,sysadmin,False,A: SCRAPE GAP
1009hti,1,sysadmin,False,A: SCRAPE GAP
10295gb,1,sysadmin,False,A: SCRAPE GAP
102ao1l,3,sysadmin,False,A: SCRAPE GAP
102f295,3,sysadmin,False,A: SCRAPE GAP
102k638,1,sysadmin,False,A: SCRAPE GAP
102mqaf,1,sysadmin,False,A: SCRAPE GAP
10346xc,3,sysadmin,False,A: SCRAPE GAP
103856g,2,sysadmin,False,A: SCRAPE GAP
1039zyl,1,sysadmin,False,A: SCRAPE GAP
1042ygd,2,sysadmin,False,A: SCRAPE GAP
1048381,1,sysadmin,False,A: SCRAPE GAP
104fygs,3,sysadmin,False,A: SCRAPE GAP
104k51n,1,sysadmin,False,A: SCRAPE GAP
104t2g4,1,sysadmin,False,A: SCRAPE GAP
104yoc1,1,sysadmin,False,A: SCRAPE GAP
1057lom,1,sysadmin,False,A: SCRAPE GAP
106puib,1,sysadmin,False,A: SCRAPE GAP
106r9rl,2,sysadmin,False,A: SCRAPE GAP
106zh6s,3,sysadmin,False,A: SCRAPE GAP
1079ltd,2,sysadmin,False,A: SCRAPE GAP
107chx3,2,sysadmin,False,A: SCRAPE GAP
107gd8x,1,sysadmin,False,A: SCRAPE GAP
107jfsh,1,sysadmin,False,A: SCRAPE GAP
107px9j,1,sysadmin,False,A: SCRAPE GAP
107s1e1,1,sysadmin,False,A: SCRAPE GAP
1081j6f,2,sysadmin,False,A: SCRAPE GAP
1087px5,2,sysadmin,False,A: SCRAPE GAP
108d0u0,1,sysadmin,False,A: SCRAPE GAP
108crhc,1,sysadmin,False,A: SCRAPE GAP
1096b7g,1,sysadmin,False,A: SCRAPE GAP
1096soi,3,sysadmin,False,A: SCRAPE GAP
10a2tyk,3,sysadmin,False,A: SCRAPE GAP
10ac86u,1,sysadmin,False,A: SCRAPE GAP
10afgk7,2,sysadmin,False,A: SCRAPE GAP
10apcl5,1,sysadmin,False,A: SCRAPE GAP
10apk12,2,sysadmin,False,A: SCRAPE GAP
10b0aw4,2,sysadmin,False,A: SCRAPE GAP
10b55io,1,sysadmin,False,A: SCRAPE GAP
10bd05w,1,sysadmin,False,A: SCRAPE GAP
10btk2r,2,sysadmin,False,A: SCRAPE GAP
10cba1f,3,sysadmin,False,A: SCRAPE GAP
10crqle,3,sysadmin,False,A: SCRAPE GAP
10crz46,2,sysadmin,False,A: SCRAPE GAP
10d1xqs,1,sysadmin,False,A: SCRAPE GAP
10cw5ta,1,sysadmin,False,A: SCRAPE GAP
10dix6v,2,sysadmin,False,A: SCRAPE GAP
10dhyy4,1,sysadmin,False,A: SCRAPE GAP
10ee0y0,1,sysadmin,False,A: SCRAPE GAP
10egd5v,2,sysadmin,False,A: SCRAPE GAP
10eh4qf,1,sysadmin,False,A: SCRAPE GAP
10eiirf,1,sysadmin,False,A: SCRAPE GAP
10esb7o,1,sysadmin,False,A: SCRAPE GAP
10eu49k,1,sysadmin,False,A: SCRAPE GAP
10f1j7r,3,sysadmin,False,A: SCRAPE GAP
10faq6y,2,sysadmin,False,A: SCRAPE GAP
10fbw55,1,sysadmin,False,A: SCRAPE GAP
10flhg1,1,sysadmin,False,A: SCRAPE GAP
10fs11h,4,sysadmin,False,A: SCRAPE GAP
10g1n7o,2,sysadmin,False,A: SCRAPE GAP
10g2ypr,1,sysadmin,False,A: SCRAPE GAP
10g3yws,4,sysadmin,False,A: SCRAPE GAP
10g78c7,3,sysadmin,False,A: SCRAPE GAP
10gmtlo,1,sysadmin,False,A: SCRAPE GAP
10gvtho,2,sysadmin,False,A: SCRAPE GAP
10gmu5e,1,sysadmin,False,A: SCRAPE GAP
10gzhdt,1,sysadmin,False,A: SCRAPE GAP
10gzizn,1,sysadmin,False,A: SCRAPE GAP
10h0a0j,1,sysadmin,False,A: SCRAPE GAP
10h4clv,3,sysadmin,False,A: SCRAPE GAP
10h61gj,3,sysadmin,False,A: SCRAPE GAP
10h6x2e,2,sysadmin,False,A: SCRAPE GAP
10h7evd,4,sysadmin,False,A: SCRAPE GAP
10hgdyo,1,sysadmin,False,A: SCRAPE GAP
10hn2tb,2,sysadmin,False,A: SCRAPE GAP
10i4czq,2,sysadmin,False,A: SCRAPE GAP
10i2779,3,sysadmin,False,A: SCRAPE GAP
10j7wev,1,sysadmin,False,A: SCRAPE GAP
10j7y7i,1,sysadmin,False,A: SCRAPE GAP
10jdo9n,1,sysadmin,False,A: SCRAPE GAP
10jeq7w,3,sysadmin,False,A: SCRAPE GAP
10jfpix,1,sysadmin,False,A: SCRAPE GAP
10ji9co,1,sysadmin,False,A: SCRAPE GAP
10jon9r,1,sysadmin,False,A: SCRAPE GAP
10jpf6t,1,sysadmin,False,A: SCRAPE GAP
10jwqew,1,sysadmin,False,A: SCRAPE GAP
10k7wgu,1,sysadmin,False,A: SCRAPE GAP
10kb07s,1,sysadmin,False,A: SCRAPE GAP
10kotyc,1,sysadmin,False,A: SCRAPE GAP
10kv2e2,1,sysadmin,False,A: SCRAPE GAP
10kxtvq,2,sysadmin,False,A: SCRAPE GAP
10kypl4,1,sysadmin,False,A: SCRAPE GAP
10l1lzq,1,sysadmin,False,A: SCRAPE GAP
10lk5b4,1,sysadmin,False,A: SCRAPE GAP
10lsj0e,3,sysadmin,False,A: SCRAPE GAP
10lw8f4,1,sysadmin,False,A: SCRAPE GAP
10lxd1d,2,sysadmin,False,A: SCRAPE GAP
10m83p8,1,sysadmin,False,A: SCRAPE GAP
10mo9wt,2,sysadmin,False,A: SCRAPE GAP
10mp6q4,1,sysadmin,False,A: SCRAPE GAP
10mrf12,1,sysadmin,False,A: SCRAPE GAP
10mvyxb,2,sysadmin,False,A: SCRAPE GAP
10mvp4w,1,sysadmin,False,A: SCRAPE GAP
10ndyas,1,sysadmin,False,A: SCRAPE GAP
10nj52w,1,sysadmin,False,A: SCRAPE GAP
10nvfc3,1,sysadmin,False,A: SCRAPE GAP
10p29js,1,sysadmin,False,A: SCRAPE GAP
10p3k4j,1,sysadmin,False,A: SCRAPE GAP
10p7s1z,1,sysadmin,False,A: SCRAPE GAP
10p8ppp,2,sysadmin,False,A: SCRAPE GAP
10ptmb7,1,sysadmin,False,A: SCRAPE GAP
10pvhdo,2,sysadmin,False,A: SCRAPE GAP
10qb55f,1,sysadmin,False,A: SCRAPE GAP
10qzt9t,2,sysadmin,False,A: SCRAPE GAP
10r55ef,1,sysadmin,False,A: SCRAPE GAP
10r5jqq,1,sysadmin,False,A: SCRAPE GAP
10r8k4x,2,sysadmin,False,A: SCRAPE GAP
10rqwyq,1,sysadmin,False,A: SCRAPE GAP
10ruqzj,1,sysadmin,False,A: SCRAPE GAP
10s2ck7,1,sysadmin,False,A: SCRAPE GAP
10shu16,3,sysadmin,False,A: SCRAPE GAP
10t1rl2,3,sysadmin,False,A: SCRAPE GAP
10t9z0u,1,sysadmin,False,A: SCRAPE GAP
10usz4o,1,sysadmin,False,A: SCRAPE GAP
10vqd2a,1,sysadmin,False,A: SCRAPE GAP
10vzhuo,1,sysadmin,False,A: SCRAPE GAP
10w197w,1,sysadmin,False,A: SCRAPE GAP
10w8vp2,1,sysadmin,False,A: SCRAPE GAP
10wd5xd,2,sysadmin,False,A: SCRAPE GAP
10weq0x,1,sysadmin,False,A: SCRAPE GAP
10wkuyq,1,sysadmin,False,A: SCRAPE GAP
10wi81e,1,sysadmin,False,A: SCRAPE GAP
10wtje3,1,sysadmin,False,A: SCRAPE GAP
10wx8ok,1,sysadmin,False,A: SCRAPE GAP
10ww9zd,1,sysadmin,False,A: SCRAPE GAP
10x1x5i,2,sysadmin,False,A: SCRAPE GAP
10x2bxf,2,sysadmin,False,A: SCRAPE GAP
10x546e,3,sysadmin,False,A: SCRAPE GAP
10xaw0y,2,sysadmin,False,A: SCRAPE GAP
10xc05l,1,sysadmin,False,A: SCRAPE GAP
10xje9b,1,sysadmin,False,A: SCRAPE GAP
10xjqrr,2,sysadmin,False,A: SCRAPE GAP
10xjjix,1,sysadmin,False,A: SCRAPE GAP
10xlp3h,1,sysadmin,False,A: SCRAPE GAP
10xvtb4,2,sysadmin,False,A: SCRAPE GAP
10y1ywl,1,sysadmin,False,A: SCRAPE GAP
10y3sds,1,sysadmin,False,A: SCRAPE GAP
10y449k,1,sysadmin,False,A: SCRAPE GAP
10y8d8l,1,sysadmin,False,A: SCRAPE GAP
10yeqpe,2,sysadmin,False,A: SCRAPE GAP
10yxn3z,3,sysadmin,False,A: SCRAPE GAP
10z0stp,1,sysadmin,False,A: SCRAPE GAP
10yzyt5,3,sysadmin,False,A: SCRAPE GAP
10z9xvt,1,sysadmin,False,A: SCRAPE GAP
10zbfmv,1,sysadmin,False,A: SCRAPE GAP
10zlt2i,1,sysadmin,False,A: SCRAPE GAP
10ztkbb,3,sysadmin,False,A: SCRAPE GAP
110jaz6,1,sysadmin,False,A: SCRAPE GAP
110wy8b,3,sysadmin,False,A: SCRAPE GAP
1119jhe,1,sysadmin,False,A: SCRAPE GAP
111bm11,2,sysadmin,False,A: SCRAPE GAP
111d1v9,2,sysadmin,False,A: SCRAPE GAP
111fstp,3,sysadmin,False,A: SCRAPE GAP
111h080,4,sysadmin,False,A: SCRAPE GAP
111hsmp,1,sysadmin,False,A: SCRAPE GAP
111nxif,4,sysadmin,False,A: SCRAPE GAP
111wzw7,2,sysadmin,False,A: SCRAPE GAP
1127k8r,1,sysadmin,False,A: SCRAPE GAP
1128je9,1,sysadmin,False,A: SCRAPE GAP
112dc8z,3,sysadmin,False,A: SCRAPE GAP
112kbrt,3,sysadmin,False,A: SCRAPE GAP
112vinc,1,sysadmin,False,A: SCRAPE GAP
1132cpq,1,sysadmin,False,A: SCRAPE GAP
113c60l,1,sysadmin,False,A: SCRAPE GAP
113ihde,1,sysadmin,False,A: SCRAPE GAP
113icyo,2,sysadmin,False,A: SCRAPE GAP
113ml8g,4,sysadmin,False,A: SCRAPE GAP
113qmim,2,sysadmin,False,A: SCRAPE GAP
113rz7n,1,sysadmin,False,A: SCRAPE GAP
113rvxn,1,sysadmin,False,A: SCRAPE GAP
113t06n,4,sysadmin,False,A: SCRAPE GAP
113v0gx,1,sysadmin,False,A: SCRAPE GAP
113wuob,2,sysadmin,False,A: SCRAPE GAP
113xnp9,2,sysadmin,False,A: SCRAPE GAP
113z7ae,2,sysadmin,False,A: SCRAPE GAP
1141uii,1,sysadmin,False,A: SCRAPE GAP
11460qs,1,sysadmin,False,A: SCRAPE GAP
1148pl2,3,sysadmin,False,A: SCRAPE GAP
114bmba,3,sysadmin,False,A: SCRAPE GAP
114rkcr,3,sysadmin,False,A: SCRAPE GAP
114ryse,1,sysadmin,False,A: SCRAPE GAP
114uouq,3,sysadmin,False,A: SCRAPE GAP
114sssr,1,sysadmin,False,A: SCRAPE GAP
114ygcr,1,sysadmin,False,A: SCRAPE GAP
114zc3j,1,sysadmin,False,A: SCRAPE GAP
1152q6r,2,sysadmin,False,A: SCRAPE GAP
1152im4,2,sysadmin,False,A: SCRAPE GAP
1150hcb,1,sysadmin,False,A: SCRAPE GAP
115fu4z,3,sysadmin,False,A: SCRAPE GAP
1160985,3,sysadmin,False,A: SCRAPE GAP
1161clx,3,sysadmin,False,A: SCRAPE GAP
116iqcc,3,sysadmin,False,A: SCRAPE GAP
116i9pj,1,sysadmin,False,A: SCRAPE GAP
116u6th,3,sysadmin,False,A: SCRAPE GAP
11707wf,1,sysadmin,False,A: SCRAPE GAP
1176e4p,3,sysadmin,False,A: SCRAPE GAP
1178krm,2,sysadmin,False,A: SCRAPE GAP
117904h,1,sysadmin,False,A: SCRAPE GAP
117hc51,1,sysadmin,False,A: SCRAPE GAP
117otfb,1,sysadmin,False,A: SCRAPE GAP
1180cg8,3,sysadmin,False,A: SCRAPE GAP
1182loi,1,sysadmin,False,A: SCRAPE GAP
118l5aq,1,sysadmin,False,A: SCRAPE GAP
118mif1,1,sysadmin,False,A: SCRAPE GAP
118vj48,1,sysadmin,False,A: SCRAPE GAP
118wqt1,3,sysadmin,False,A: SCRAPE GAP
1190aii,3,sysadmin,False,A: SCRAPE GAP
1190mej,1,sysadmin,False,A: SCRAPE GAP
1193jyb,2,sysadmin,False,A: SCRAPE GAP
119l15v,1,sysadmin,False,A: SCRAPE GAP
119ym9c,2,sysadmin,False,A: SCRAPE GAP
11a2im4,1,sysadmin,False,A: SCRAPE GAP
11a6z1m,2,sysadmin,False,A: SCRAPE GAP
11abvwd,1,sysadmin,False,A: SCRAPE GAP
11aa7ua,1,sysadmin,False,A: SCRAPE GAP
11ae4ge,2,sysadmin,False,A: SCRAPE GAP
11av851,1,sysadmin,False,A: SCRAPE GAP
11awzhv,3,sysadmin,False,A: SCRAPE GAP
11ayyv3,2,sysadmin,False,A: SCRAPE GAP
11b1xto,2,sysadmin,False,A: SCRAPE GAP
11b6s6h,2,sysadmin,False,A: SCRAPE GAP
11bduwg,3,sysadmin,False,A: SCRAPE GAP
11bcyqe,1,sysadmin,False,A: SCRAPE GAP
11bj9lr,1,sysadmin,False,A: SCRAPE GAP
11bwzmm,1,sysadmin,False,A: SCRAPE GAP
11bxorn,1,sysadmin,False,A: SCRAPE GAP
11by6lg,1,sysadmin,False,A: SCRAPE GAP
11c3d06,4,sysadmin,False,A: SCRAPE GAP
11cmwug,1,sysadmin,False,A: SCRAPE GAP
11dbzi8,1,sysadmin,False,A: SCRAPE GAP
11dfa9t,1,sysadmin,False,A: SCRAPE GAP
11dgfuc,1,sysadmin,False,A: SCRAPE GAP
11dhf6b,1,sysadmin,False,A: SCRAPE GAP
11di7cc,1,sysadmin,False,A: SCRAPE GAP
11dn3n9,1,sysadmin,False,A: SCRAPE GAP
11dt2hn,2,sysadmin,False,A: SCRAPE GAP
11e7joj,1,sysadmin,False,A: SCRAPE GAP
11ebmrp,2,sysadmin,False,A: SCRAPE GAP
11ei57s,1,sysadmin,False,A: SCRAPE GAP
11fi6ra,1,sysadmin,False,A: SCRAPE GAP
11fp30w,2,sysadmin,False,A: SCRAPE GAP
11fx1a1,1,sysadmin,False,A: SCRAPE GAP
11fxqkc,1,sysadmin,False,A: SCRAPE GAP
11g4yjv,1,sysadmin,False,A: SCRAPE GAP
11g9inz,3,sysadmin,False,A: SCRAPE GAP
11ga5uu,2,sysadmin,False,A: SCRAPE GAP
11gapc4,2,sysadmin,False,A: SCRAPE GAP
11gfso2,1,sysadmin,False,A: SCRAPE GAP
11gndgl,1,sysadmin,False,A: SCRAPE GAP
11gsv28,1,sysadmin,False,A: SCRAPE GAP
11hxdb4,1,sysadmin,False,A: SCRAPE GAP
11hk5ss,1,sysadmin,False,A: SCRAPE GAP
11ia26y,1,sysadmin,False,A: SCRAPE GAP
11idd0y,2,sysadmin,False,A: SCRAPE GAP
11k0svg,1,sysadmin,False,A: SCRAPE GAP
11k3mlh,1,sysadmin,False,A: SCRAPE GAP
11k5wgg,2,sysadmin,False,A: SCRAPE GAP
11k8bog,1,sysadmin,False,A: SCRAPE GAP
11kkylo,1,sysadmin,False,A: SCRAPE GAP
11l4kzf,3,sysadmin,False,A: SCRAPE GAP
11l4wsv,1,sysadmin,False,A: SCRAPE GAP
11la899,1,sysadmin,False,A: SCRAPE GAP
11l92q7,2,sysadmin,False,A: SCRAPE GAP
11lddw6,1,sysadmin,False,A: SCRAPE GAP
11lipvr,1,sysadmin,False,A: SCRAPE GAP
11lw8lj,2,sysadmin,False,A: SCRAPE GAP
11m1cc6,1,sysadmin,False,A: SCRAPE GAP
11m7083,1,sysadmin,False,A: SCRAPE GAP
11mjw3x,1,sysadmin,False,A: SCRAPE GAP
11mptwy,1,sysadmin,False,A: SCRAPE GAP
11myjn7,2,sysadmin,False,A: SCRAPE GAP
11n0ep4,1,sysadmin,False,A: SCRAPE GAP
11n57ip,2,sysadmin,False,A: SCRAPE GAP
11n7vlw,2,sysadmin,False,A: SCRAPE GAP
11natkb,1,sysadmin,False,A: SCRAPE GAP
11nt59o,2,sysadmin,False,A: SCRAPE GAP
11nu3te,1,sysadmin,False,A: SCRAPE GAP
11nu1sy,1,sysadmin,False,A: SCRAPE GAP
11o1bas,2,sysadmin,False,A: SCRAPE GAP
11o5iwa,1,sysadmin,False,A: SCRAPE GAP
11oqxw6,3,sysadmin,False,A: SCRAPE GAP
11qgkli,3,sysadmin,False,A: SCRAPE GAP
11qjwlm,2,sysadmin,False,A: SCRAPE GAP
11qlrl4,1,sysadmin,False,A: SCRAPE GAP
11r5ikb,2,sysadmin,False,A: SCRAPE GAP
11r5t50,1,sysadmin,False,A: SCRAPE GAP
11r6v4l,1,sysadmin,False,A: SCRAPE GAP
11rn70b,2,sysadmin,False,A: SCRAPE GAP
11rme9d,1,sysadmin,False,A: SCRAPE GAP
11rvca8,3,sysadmin,False,A: SCRAPE GAP
11ruzkd,3,sysadmin,False,A: SCRAPE GAP
11rx3n1,1,sysadmin,False,A: SCRAPE GAP
11rzq2a,1,sysadmin,False,A: SCRAPE GAP
11s0lcm,2,sysadmin,False,A: SCRAPE GAP
11rzmqe,1,sysadmin,False,A: SCRAPE GAP
11s4kzz,1,sysadmin,False,A: SCRAPE GAP
11svtte,1,sysadmin,False,A: SCRAPE GAP
11syd81,1,sysadmin,False,A: SCRAPE GAP
11sxysw,3,sysadmin,False,A: SCRAPE GAP
11t2phm,1,sysadmin,False,A: SCRAPE GAP
11t5npt,3,sysadmin,False,A: SCRAPE GAP
11th0jr,1,sysadmin,False,A: SCRAPE GAP
11tthsh,2,sysadmin,False,A: SCRAPE GAP
11tv922,1,sysadmin,False,A: SCRAPE GAP
11tv9mj,1,sysadmin,False,A: SCRAPE GAP
11u4g31,2,sysadmin,False,A: SCRAPE GAP
11udo4x,1,sysadmin,False,A: SCRAPE GAP
11uox4k,3,sysadmin,False,A: SCRAPE GAP
11v1iv8,3,sysadmin,False,A: SCRAPE GAP
11vf5gj,1,sysadmin,False,A: SCRAPE GAP
11vs25r,2,sysadmin,False,A: SCRAPE GAP
11w6k7a,1,sysadmin,False,A: SCRAPE GAP
11w7eqg,3,sysadmin,False,A: SCRAPE GAP
11wci89,3,sysadmin,False,A: SCRAPE GAP
11wewz9,1,sysadmin,False,A: SCRAPE GAP
11wfisg,2,sysadmin,False,A: SCRAPE GAP
11wmbnn,3,sysadmin,False,A: SCRAPE GAP
11wn3pd,2,sysadmin,False,A: SCRAPE GAP
11wsvvm,1,sysadmin,False,A: SCRAPE GAP
11xb7sc,3,sysadmin,False,A: SCRAPE GAP
11xedl9,3,sysadmin,False,A: SCRAPE GAP
11xfrdp,3,sysadmin,False,A: SCRAPE GAP
11xi0x4,2,sysadmin,False,A: SCRAPE GAP
11xnsho,2,sysadmin,False,A: SCRAPE GAP
11xwqa5,2,sysadmin,False,A: SCRAPE GAP
11xwzil,1,sysadmin,False,A: SCRAPE GAP
11xx1ly,2,sysadmin,False,A: SCRAPE GAP
11xzeq3,1,sysadmin,False,A: SCRAPE GAP
11y1zby,1,sysadmin,False,A: SCRAPE GAP
11y213u,3,sysadmin,False,A: SCRAPE GAP
11y05vo,1,sysadmin,False,A: SCRAPE GAP
11yd8uw,1,sysadmin,False,A: SCRAPE GAP
11yhc9f,2,sysadmin,False,A: SCRAPE GAP
11ymizd,1,sysadmin,False,A: SCRAPE GAP
11z5i8s,2,sysadmin,False,A: SCRAPE GAP
11z6l0c,2,sysadmin,False,A: SCRAPE GAP
11z7rek,1,sysadmin,False,A: SCRAPE GAP
120042c,2,sysadmin,False,A: SCRAPE GAP
12068om,2,sysadmin,False,A: SCRAPE GAP
12099i0,2,sysadmin,False,A: SCRAPE GAP
1207arv,1,sysadmin,False,A: SCRAPE GAP
120sjua,1,sysadmin,False,A: SCRAPE GAP
120rt42,2,sysadmin,False,A: SCRAPE GAP
121avm0,1,sysadmin,False,A: SCRAPE GAP
12287tf,1,sysadmin,False,A: SCRAPE GAP
122trz2,1,sysadmin,False,A: SCRAPE GAP
123mgo8,1,sysadmin,False,A: SCRAPE GAP
123xkjp,1,sysadmin,False,A: SCRAPE GAP
123znzp,3,sysadmin,False,A: SCRAPE GAP
1240exh,1,sysadmin,False,A: SCRAPE GAP
124heg1,1,sysadmin,False,A: SCRAPE GAP
124p90z,3,sysadmin,False,A: SCRAPE GAP
124rp48,1,sysadmin,False,A: SCRAPE GAP
124wash,1,sysadmin,False,A: SCRAPE GAP
124zigg,2,sysadmin,False,A: SCRAPE GAP
125i7vw,4,sysadmin,False,A: SCRAPE GAP
125lccq,3,sysadmin,False,A: SCRAPE GAP
125ot8p,1,sysadmin,False,A: SCRAPE GAP
125qoj4,1,sysadmin,False,A: SCRAPE GAP
126l4jl,2,sysadmin,False,A: SCRAPE GAP
126sktb,1,sysadmin,False,A: SCRAPE GAP
126xlqk,1,sysadmin,False,A: SCRAPE GAP
127bkwg,2,sysadmin,False,A: SCRAPE GAP
127ohxt,1,sysadmin,False,A: SCRAPE GAP
127pjns,3,sysadmin,False,A: SCRAPE GAP
1297uop,2,sysadmin,False,A: SCRAPE GAP
12a6tyd,1,sysadmin,False,A: SCRAPE GAP
12a6q4b,3,sysadmin,False,A: SCRAPE GAP
12ad98c,1,sysadmin,False,A: SCRAPE GAP
12an41e,2,sysadmin,False,A: SCRAPE GAP
12aqxno,3,sysadmin,False,A: SCRAPE GAP
12arwjz,1,sysadmin,False,A: SCRAPE GAP
12b31ju,2,sysadmin,False,A: SCRAPE GAP
12b6oxl,1,sysadmin,False,A: SCRAPE GAP
12bs9cc,2,sysadmin,False,A: SCRAPE GAP
12buxr9,1,sysadmin,False,A: SCRAPE GAP
12by4lz,1,sysadmin,False,A: SCRAPE GAP
12c42vb,2,sysadmin,False,A: SCRAPE GAP
12cmj7f,1,sysadmin,False,A: SCRAPE GAP
12d4yub,1,sysadmin,False,A: SCRAPE GAP
12dlvbz,1,sysadmin,False,A: SCRAPE GAP
12dzt56,2,sysadmin,False,A: SCRAPE GAP
12dysrl,1,sysadmin,False,A: SCRAPE GAP
12eivgh,3,sysadmin,False,A: SCRAPE GAP
12f1i6e,1,sysadmin,False,A: SCRAPE GAP
12f9sza,4,sysadmin,False,A: SCRAPE GAP
12fx2rr,1,sysadmin,False,A: SCRAPE GAP
12gv60z,1,sysadmin,False,A: SCRAPE GAP
12htdl1,1,sysadmin,False,A: SCRAPE GAP
12i3hcb,3,sysadmin,False,A: SCRAPE GAP
12ig4fn,2,sysadmin,False,A: SCRAPE GAP
12ipond,1,sysadmin,False,A: SCRAPE GAP
12jbr74,1,sysadmin,False,A: SCRAPE GAP
12jozeg,1,sysadmin,False,A: SCRAPE GAP
12k56s3,1,sysadmin,False,A: SCRAPE GAP
12khf44,1,sysadmin,False,A: SCRAPE GAP
12kj8d4,2,sysadmin,False,A: SCRAPE GAP
12l4c45,1,sysadmin,False,A: SCRAPE GAP
12lia2v,1,sysadmin,False,A: SCRAPE GAP
12mdard,1,sysadmin,False,A: SCRAPE GAP
12mgsvc,2,sysadmin,False,A: SCRAPE GAP
12o4jej,1,sysadmin,False,A: SCRAPE GAP
12o7o86,1,sysadmin,False,A: SCRAPE GAP
12omt6y,1,sysadmin,False,A: SCRAPE GAP
12opfbd,3,sysadmin,False,A: SCRAPE GAP
12oy20c,1,sysadmin,False,A: SCRAPE GAP
12pl1vr,2,sysadmin,False,A: SCRAPE GAP
12py4g1,1,sysadmin,False,A: SCRAPE GAP
12qei14,1,sysadmin,False,A: SCRAPE GAP
12qh3c3,1,sysadmin,False,A: SCRAPE GAP
12qok83,2,sysadmin,False,A: SCRAPE GAP
12qp8bi,2,sysadmin,False,A: SCRAPE GAP
12qztfp,1,sysadmin,False,A: SCRAPE GAP
12r9kdg,1,sysadmin,False,A: SCRAPE GAP
12rbm43,1,sysadmin,False,A: SCRAPE GAP
12rocel,1,sysadmin,False,A: SCRAPE GAP
12rtevw,1,sysadmin,False,A: SCRAPE GAP
12rsf7c,1,sysadmin,False,A: SCRAPE GAP
12rxepn,1,sysadmin,False,A: SCRAPE GAP
12s2169,2,sysadmin,False,A: SCRAPE GAP
12s2a4n,1,sysadmin,False,A: SCRAPE GAP
12sep28,4,sysadmin,False,A: SCRAPE GAP
12sjgsj,1,sysadmin,False,A: SCRAPE GAP
12sfw3j,1,sysadmin,False,A: SCRAPE GAP
12tgbf4,1,sysadmin,False,A: SCRAPE GAP
12tikqn,3,sysadmin,False,A: SCRAPE GAP
12tln9v,3,sysadmin,False,A: SCRAPE GAP
12tmmg7,1,sysadmin,False,A: SCRAPE GAP
12ueijz,1,sysadmin,False,A: SCRAPE GAP
12uj09b,1,sysadmin,False,A: SCRAPE GAP
12v6o3h,4,sysadmin,False,A: SCRAPE GAP
12v4j8u,3,sysadmin,False,A: SCRAPE GAP
12wvj0l,2,sysadmin,False,A: SCRAPE GAP
12xhyoc,1,sysadmin,False,A: SCRAPE GAP
12xteid,1,sysadmin,False,A: SCRAPE GAP
12xuset,3,sysadmin,False,A: SCRAPE GAP
12ycb5c,1,sysadmin,False,A: SCRAPE GAP
12yfhia,2,sysadmin,False,A: SCRAPE GAP
12yi7aa,1,sysadmin,False,A: SCRAPE GAP
12ykvnr,1,sysadmin,False,A: SCRAPE GAP
12yn30t,1,sysadmin,False,A: SCRAPE GAP
12yq7pu,1,sysadmin,False,A: SCRAPE GAP
12ytahw,1,sysadmin,False,A: SCRAPE GAP
12yxr44,2,sysadmin,False,A: SCRAPE GAP
12z38vi,2,sysadmin,False,A: SCRAPE GAP
12zawkn,2,sysadmin,False,A: SCRAPE GAP
12zsdyj,2,sysadmin,False,A: SCRAPE GAP
1301pwu,2,sysadmin,False,A: SCRAPE GAP
1304iyt,2,sysadmin,False,A: SCRAPE GAP
130912t,2,sysadmin,False,A: SCRAPE GAP
130kx8x,1,sysadmin,False,A: SCRAPE GAP
130hxvn,1,sysadmin,False,A: SCRAPE GAP
131lsji,2,sysadmin,False,A: SCRAPE GAP
13255xi,3,sysadmin,False,A: SCRAPE GAP
1325arj,1,sysadmin,False,A: SCRAPE GAP
132cdsk,1,sysadmin,False,A: SCRAPE GAP
1338j4e,1,sysadmin,False,A: SCRAPE GAP
133czj3,1,sysadmin,False,A: SCRAPE GAP
133l559,1,sysadmin,False,A: SCRAPE GAP
134q1qi,3,sysadmin,False,A: SCRAPE GAP
134x41a,2,sysadmin,False,A: SCRAPE GAP
1359s7r,1,sysadmin,False,A: SCRAPE GAP
135gnbt,1,sysadmin,False,A: SCRAPE GAP
135matv,3,sysadmin,False,A: SCRAPE GAP
1360e31,1,sysadmin,False,A: SCRAPE GAP
136npa0,1,sysadmin,False,A: SCRAPE GAP
136qhr3,2,sysadmin,False,A: SCRAPE GAP
136stnk,1,sysadmin,False,A: SCRAPE GAP
136tnsf,1,sysadmin,False,A: SCRAPE GAP
136ugeh,1,sysadmin,False,A: SCRAPE GAP
1370z01,1,sysadmin,False,A: SCRAPE GAP
137kppv,1,sysadmin,False,A: SCRAPE GAP
137r5f5,1,sysadmin,False,A: SCRAPE GAP
137pha1,2,sysadmin,False,A: SCRAPE GAP
137rgc6,1,sysadmin,False,A: SCRAPE GAP
137shmn,1,sysadmin,False,A: SCRAPE GAP
138dbjs,2,sysadmin,False,A: SCRAPE GAP
138xy52,1,sysadmin,False,A: SCRAPE GAP
1391df9,1,sysadmin,False,A: SCRAPE GAP
13983ua,2,sysadmin,False,A: SCRAPE GAP
13a4868,1,sysadmin,False,A: SCRAPE GAP
13abzem,1,sysadmin,False,A: SCRAPE GAP
13bl1iu,3,sysadmin,False,A: SCRAPE GAP
13boltm,1,sysadmin,False,A: SCRAPE GAP
13buhhp,1,sysadmin,False,A: SCRAPE GAP
13bwfii,2,sysadmin,False,A: SCRAPE GAP
13bwdy3,1,sysadmin,False,A: SCRAPE GAP
13c8250,1,sysadmin,False,A: SCRAPE GAP
13c8iiy,3,sysadmin,False,A: SCRAPE GAP
13cjymb,2,sysadmin,False,A: SCRAPE GAP
13ck11z,1,sysadmin,False,A: SCRAPE GAP
13ckun2,1,sysadmin,False,A: SCRAPE GAP
13cw1gn,1,sysadmin,False,A: SCRAPE GAP
13d509u,1,sysadmin,False,A: SCRAPE GAP
13dqege,1,sysadmin,False,A: SCRAPE GAP
13dxo3b,2,sysadmin,False,A: SCRAPE GAP
13e3arv,1,sysadmin,False,A: SCRAPE GAP
13ebcjy,2,sysadmin,False,A: SCRAPE GAP
13eft0e,1,sysadmin,False,A: SCRAPE GAP
13eq3jv,2,sysadmin,False,A: SCRAPE GAP
13eudqq,1,sysadmin,False,A: SCRAPE GAP
13f452v,3,sysadmin,False,A: SCRAPE GAP
13f9cie,1,sysadmin,False,A: SCRAPE GAP
13fisfd,1,sysadmin,False,A: SCRAPE GAP
13fhwtr,1,sysadmin,False,A: SCRAPE GAP
13fx327,2,sysadmin,False,A: SCRAPE GAP
13fzpv4,2,sysadmin,False,A: SCRAPE GAP
13fyqt6,1,sysadmin,False,A: SCRAPE GAP
13gflgz,1,sysadmin,False,A: SCRAPE GAP
13gy1zm,1,sysadmin,False,A: SCRAPE GAP
13i3wos,1,sysadmin,False,A: SCRAPE GAP
13i5cgq,1,sysadmin,False,A: SCRAPE GAP
13ibat9,1,sysadmin,False,A: SCRAPE GAP
13iex76,1,sysadmin,False,A: SCRAPE GAP
13j89id,2,sysadmin,False,A: SCRAPE GAP
13jd0m8,3,sysadmin,False,A: SCRAPE GAP
13jdy4r,1,sysadmin,False,A: SCRAPE GAP
13jimdx,1,sysadmin,False,A: SCRAPE GAP
13jh1mj,3,sysadmin,False,A: SCRAPE GAP
13jh1hi,2,sysadmin,False,A: SCRAPE GAP
13jkrh8,1,sysadmin,False,A: SCRAPE GAP
13jy6vc,1,sysadmin,False,A: SCRAPE GAP
13jzex9,3,sysadmin,False,A: SCRAPE GAP
13k2yci,2,sysadmin,False,A: SCRAPE GAP
13k519h,3,sysadmin,False,A: SCRAPE GAP
13k625a,2,sysadmin,False,A: SCRAPE GAP
13kmid2,1,sysadmin,False,A: SCRAPE GAP
13ku562,2,sysadmin,False,A: SCRAPE GAP
13l54y9,2,sysadmin,False,A: SCRAPE GAP
13l8nt6,1,sysadmin,False,A: SCRAPE GAP
13l9srz,1,sysadmin,False,A: SCRAPE GAP
13lay4h,1,sysadmin,False,A: SCRAPE GAP
13lkjfa,4,sysadmin,False,A: SCRAPE GAP
13lz9wc,1,sysadmin,False,A: SCRAPE GAP
13m4h7n,2,sysadmin,False,A: SCRAPE GAP
13ma3ij,1,sysadmin,False,A: SCRAPE GAP
13mddtx,2,sysadmin,False,A: SCRAPE GAP
13mcb3d,1,sysadmin,False,A: SCRAPE GAP
13mo7jt,3,sysadmin,False,A: SCRAPE GAP
13mqm81,1,sysadmin,False,A: SCRAPE GAP
13mre84,2,sysadmin,False,A: SCRAPE GAP
13mv5uy,1,sysadmin,False,A: SCRAPE GAP
13n9m11,1,sysadmin,False,A: SCRAPE GAP
13n3bgy,1,sysadmin,False,A: SCRAPE GAP
13ni59a,1,sysadmin,False,A: SCRAPE GAP
13nomxe,1,sysadmin,False,A: SCRAPE GAP
13o6c03,1,sysadmin,False,A: SCRAPE GAP
13otl4f,1,sysadmin,False,A: SCRAPE GAP
13otu0l,1,sysadmin,False,A: SCRAPE GAP
13p6a7m,3,sysadmin,False,A: SCRAPE GAP
13pi3j4,4,sysadmin,False,A: SCRAPE GAP
13pi867,3,sysadmin,False,A: SCRAPE GAP
13pjrlm,3,sysadmin,False,A: SCRAPE GAP
13plipb,1,sysadmin,False,A: SCRAPE GAP
13q8yi3,1,sysadmin,False,A: SCRAPE GAP
13qss57,2,sysadmin,False,A: SCRAPE GAP
13qwuf5,3,sysadmin,False,A: SCRAPE GAP
13qyx95,2,sysadmin,False,A: SCRAPE GAP
13r728t,1,sysadmin,False,A: SCRAPE GAP
13rgxbr,2,sysadmin,False,A: SCRAPE GAP
13sbcuh,1,sysadmin,False,A: SCRAPE GAP
13sn44l,2,sysadmin,False,A: SCRAPE GAP
13symbu,1,sysadmin,False,A: SCRAPE GAP
13tpv0n,1,sysadmin,False,A: SCRAPE GAP
13ubp2p,1,sysadmin,False,A: SCRAPE GAP
13uaiyt,4,sysadmin,False,A: SCRAPE GAP
13uhgef,3,sysadmin,False,A: SCRAPE GAP
13uqvsx,1,sysadmin,False,A: SCRAPE GAP
13v328l,2,sysadmin,False,A: SCRAPE GAP
13v27zk,1,sysadmin,False,A: SCRAPE GAP
13vg4ta,2,sysadmin,False,A: SCRAPE GAP
13vr2xf,1,sysadmin,False,A: SCRAPE GAP
13vt1yq,2,sysadmin,False,A: SCRAPE GAP
13vts7d,1,sysadmin,False,A: SCRAPE GAP
13vwn1c,2,sysadmin,False,A: SCRAPE GAP
13vuacy,1,sysadmin,False,A: SCRAPE GAP
13w49ty,1,sysadmin,False,A: SCRAPE GAP
13wjo1h,2,sysadmin,False,A: SCRAPE GAP
13wkruf,1,sysadmin,False,A: SCRAPE GAP
13wp2rv,1,sysadmin,False,A: SCRAPE GAP
13wv4gm,3,sysadmin,False,A: SCRAPE GAP
13wv3t6,1,sysadmin,False,A: SCRAPE GAP
13wyb3r,1,sysadmin,False,A: SCRAPE GAP
13x3635,1,sysadmin,False,A: SCRAPE GAP
13xg8cm,1,sysadmin,False,A: SCRAPE GAP
13xn359,1,sysadmin,False,A: SCRAPE GAP
13xvjdp,1,sysadmin,False,A: SCRAPE GAP
13xxpoy,4,sysadmin,False,A: SCRAPE GAP
13xz3gx,2,sysadmin,False,A: SCRAPE GAP
13ykm0o,2,sysadmin,False,A: SCRAPE GAP
13ykqtg,1,sysadmin,False,A: SCRAPE GAP
13yty4t,1,sysadmin,False,A: SCRAPE GAP
13yp4c5,1,sysadmin,False,A: SCRAPE GAP
13ywat7,2,sysadmin,False,A: SCRAPE GAP
13zfudb,2,sysadmin,False,A: SCRAPE GAP
13zjffk,3,sysadmin,False,A: SCRAPE GAP
140rxgi,3,sysadmin,False,A: SCRAPE GAP
1419pcv,2,sysadmin,False,A: SCRAPE GAP
141hyet,1,sysadmin,False,A: SCRAPE GAP
141j33d,1,sysadmin,False,A: SCRAPE GAP
141kfky,1,sysadmin,False,A: SCRAPE GAP
141kvt1,1,sysadmin,False,A: SCRAPE GAP
141mnkr,1,sysadmin,False,A: SCRAPE GAP
141pnb1,1,sysadmin,False,A: SCRAPE GAP
141rxu7,4,sysadmin,False,A: SCRAPE GAP
141zm5j,1,sysadmin,False,A: SCRAPE GAP
1424ivy,3,sysadmin,False,A: SCRAPE GAP
142e6gr,1,sysadmin,False,A: SCRAPE GAP
142fnzf,1,sysadmin,False,A: SCRAPE GAP
142fgj9,1,sysadmin,False,A: SCRAPE GAP
142geaz,2,sysadmin,False,A: SCRAPE GAP
142l6rn,2,sysadmin,False,A: SCRAPE GAP
142kj9n,2,sysadmin,False,A: SCRAPE GAP
142qw6y,1,sysadmin,False,A: SCRAPE GAP
14332i7,1,sysadmin,False,A: SCRAPE GAP
1446881,1,sysadmin,False,A: SCRAPE GAP
145h6z0,4,sysadmin,False,A: SCRAPE GAP
145pk81,1,sysadmin,False,A: SCRAPE GAP
147xmz7,1,sysadmin,False,A: SCRAPE GAP
148oezo,3,sysadmin,False,A: SCRAPE GAP
1499fin,1,sysadmin,False,A: SCRAPE GAP
149gcei,1,sysadmin,False,A: SCRAPE GAP
149wsiy,2,sysadmin,False,A: SCRAPE GAP
14a5s8k,1,sysadmin,False,A: SCRAPE GAP
14a8px3,3,sysadmin,False,A: SCRAPE GAP
14abbed,1,sysadmin,False,A: SCRAPE GAP
14agous,1,sysadmin,False,A: SCRAPE GAP
14ammb2,3,sysadmin,False,A: SCRAPE GAP
14ayxhv,2,sysadmin,False,A: SCRAPE GAP
14b53th,4,sysadmin,False,A: SCRAPE GAP
14bcf46,3,sysadmin,False,A: SCRAPE GAP
14bilg5,1,sysadmin,False,A: SCRAPE GAP
14bz5px,4,sysadmin,False,A: SCRAPE GAP
14cadx1,3,sysadmin,False,A: SCRAPE GAP
14d3nnf,1,sysadmin,False,A: SCRAPE GAP
14db3ep,1,sysadmin,False,A: SCRAPE GAP
14dd2bm,1,sysadmin,False,A: SCRAPE GAP
14di86t,3,sysadmin,False,A: SCRAPE GAP
14dojmk,1,sysadmin,False,A: SCRAPE GAP
14dqmmw,1,sysadmin,False,A: SCRAPE GAP
14ec4rw,2,sysadmin,False,A: SCRAPE GAP
14eirt6,1,sysadmin,False,A: SCRAPE GAP
14eidww,1,sysadmin,False,A: SCRAPE GAP
14eoyyx,4,sysadmin,False,A: SCRAPE GAP
14f4zxi,1,sysadmin,False,A: SCRAPE GAP
14f4mzn,1,sysadmin,False,A: SCRAPE GAP
14fj4bo,1,sysadmin,False,A: SCRAPE GAP
14flnf0,2,sysadmin,False,A: SCRAPE GAP
14fqij2,1,sysadmin,False,A: SCRAPE GAP
14fueaa,1,sysadmin,False,A: SCRAPE GAP
14fxbip,2,sysadmin,False,A: SCRAPE GAP
14g5jp8,1,sysadmin,False,A: SCRAPE GAP
14g4jis,1,sysadmin,False,A: SCRAPE GAP
14gkwyv,1,sysadmin,False,A: SCRAPE GAP
14gggvz,2,sysadmin,False,A: SCRAPE GAP
14hakia,1,sysadmin,False,A: SCRAPE GAP
14hjycs,1,sysadmin,False,A: SCRAPE GAP
14ijlo1,2,sysadmin,False,A: SCRAPE GAP
14i3fmh,2,sysadmin,False,A: SCRAPE GAP
14jiger,1,sysadmin,False,A: SCRAPE GAP
14jmnqe,2,sysadmin,False,A: SCRAPE GAP
14k7s8b,1,sysadmin,False,A: SCRAPE GAP
14kagx1,2,sysadmin,False,A: SCRAPE GAP
14kjksz,1,sysadmin,False,A: SCRAPE GAP
14ki587,1,sysadmin,False,A: SCRAPE GAP
14kmo55,2,sysadmin,False,A: SCRAPE GAP
14kxezs,1,sysadmin,False,A: SCRAPE GAP
14l1efd,1,sysadmin,False,A: SCRAPE GAP
14l2gzm,1,sysadmin,False,A: SCRAPE GAP
14l2lm9,2,sysadmin,False,A: SCRAPE GAP
14kz58v,1,sysadmin,False,A: SCRAPE GAP
14lfa3o,1,sysadmin,False,A: SCRAPE GAP
14lil7d,1,sysadmin,False,A: SCRAPE GAP
14ljiqm,1,sysadmin,False,A: SCRAPE GAP
14ljlxz,1,sysadmin,False,A: SCRAPE GAP
14llnnk,1,sysadmin,False,A: SCRAPE GAP
14m9995,2,sysadmin,False,A: SCRAPE GAP
14mardr,1,sysadmin,False,A: SCRAPE GAP
14mg5qb,2,sysadmin,False,A: SCRAPE GAP
14mxke2,2,sysadmin,False,A: SCRAPE GAP
14n076m,3,sysadmin,False,A: SCRAPE GAP
14n77tj,1,sysadmin,False,A: SCRAPE GAP
14nobsd,2,sysadmin,False,A: SCRAPE GAP
14nr2xb,1,sysadmin,False,A: SCRAPE GAP
14nya4t,2,sysadmin,False,A: SCRAPE GAP
14p8o2l,2,sysadmin,False,A: SCRAPE GAP
14ppqqu,1,sysadmin,False,A: SCRAPE GAP
14pu4f5,1,sysadmin,False,A: SCRAPE GAP
14px8wt,1,sysadmin,False,A: SCRAPE GAP
14pzpo4,3,sysadmin,False,A: SCRAPE GAP
14qb1m9,1,sysadmin,False,A: SCRAPE GAP
14ql3jg,1,sysadmin,False,A: SCRAPE GAP
14qopme,1,sysadmin,False,A: SCRAPE GAP
14r21p1,1,sysadmin,False,A: SCRAPE GAP
14rd7pp,1,sysadmin,False,A: SCRAPE GAP
14rdyqa,1,sysadmin,False,A: SCRAPE GAP
14rm6md,3,sysadmin,False,A: SCRAPE GAP
14rnrne,1,sysadmin,False,A: SCRAPE GAP
14ry59g,1,sysadmin,False,A: SCRAPE GAP
14s9us9,1,sysadmin,False,A: SCRAPE GAP
14sahu5,1,sysadmin,False,A: SCRAPE GAP
14saerr,1,sysadmin,False,A: SCRAPE GAP
14sdfdq,1,sysadmin,False,A: SCRAPE GAP
14t6nfj,1,sysadmin,False,A: SCRAPE GAP
14t7fh9,1,sysadmin,False,A: SCRAPE GAP
14tb8pu,1,sysadmin,False,A: SCRAPE GAP
14tcvw8,3,sysadmin,False,A: SCRAPE GAP
14tjn7t,1,sysadmin,False,A: SCRAPE GAP
14v6jjp,2,sysadmin,False,A: SCRAPE GAP
14w29ey,1,sysadmin,False,A: SCRAPE GAP
14w1sl5,1,sysadmin,False,A: SCRAPE GAP
14w4q3q,1,sysadmin,False,A: SCRAPE GAP
14w57tk,1,sysadmin,False,A: SCRAPE GAP
14w5rpp,2,sysadmin,False,A: SCRAPE GAP
14w6tki,1,sysadmin,False,A: SCRAPE GAP
14w60fw,1,sysadmin,False,A: SCRAPE GAP
14w9ddg,2,sysadmin,False,A: SCRAPE GAP
14wjmns,2,sysadmin,False,A: SCRAPE GAP
14wujd0,1,sysadmin,False,A: SCRAPE GAP
14wvejx,1,sysadmin,False,A: SCRAPE GAP
14wvahb,1,sysadmin,False,A: SCRAPE GAP
14wv6wa,1,sysadmin,False,A: SCRAPE GAP
14wz6f7,1,sysadmin,False,A: SCRAPE GAP
14x5vt9,1,sysadmin,False,A: SCRAPE GAP
14xhys4,1,sysadmin,False,A: SCRAPE GAP
14xy6ji,1,sysadmin,False,A: SCRAPE GAP
14y00mt,1,sysadmin,False,A: SCRAPE GAP
14y0te9,1,sysadmin,False,A: SCRAPE GAP
14y0uw8,2,sysadmin,False,A: SCRAPE GAP
14y7vmn,1,sysadmin,False,A: SCRAPE GAP
14y8z0c,3,sysadmin,False,A: SCRAPE GAP
14yfudk,1,sysadmin,False,A: SCRAPE GAP
14yhhbj,1,sysadmin,False,A: SCRAPE GAP
14yjvgo,2,sysadmin,False,A: SCRAPE GAP
14ymqaa,4,sysadmin,False,A: SCRAPE GAP
14yno4m,1,sysadmin,False,A: SCRAPE GAP
14yrym4,1,sysadmin,False,A: SCRAPE GAP
14yshfp,3,sysadmin,False,A: SCRAPE GAP
14yw6d4,2,sysadmin,False,A: SCRAPE GAP
14z0bdr,1,sysadmin,False,A: SCRAPE GAP
14zfphe,3,sysadmin,False,A: SCRAPE GAP
14zhm6v,1,sysadmin,False,A: SCRAPE GAP
14zi4s2,3,sysadmin,False,A: SCRAPE GAP
14zljs0,1,sysadmin,False,A: SCRAPE GAP
150dfzz,2,sysadmin,False,A: SCRAPE GAP
15026kw,1,sysadmin,False,A: SCRAPE GAP
150gz7j,2,sysadmin,False,A: SCRAPE GAP
150q0et,3,sysadmin,False,A: SCRAPE GAP
150kuoo,2,sysadmin,False,A: SCRAPE GAP
1514u8l,1,sysadmin,False,A: SCRAPE GAP
151jrhr,1,sysadmin,False,A: SCRAPE GAP
151qsyl,1,sysadmin,False,A: SCRAPE GAP
1526dkf,3,sysadmin,False,A: SCRAPE GAP
1525wd2,2,sysadmin,False,A: SCRAPE GAP
152a90x,1,sysadmin,False,A: SCRAPE GAP
152dq96,4,sysadmin,False,A: SCRAPE GAP
152ez2d,2,sysadmin,False,A: SCRAPE GAP
153a5nl,1,sysadmin,False,A: SCRAPE GAP
153be9z,3,sysadmin,False,A: SCRAPE GAP
153fvv3,3,sysadmin,False,A: SCRAPE GAP
153kvgz,1,sysadmin,False,A: SCRAPE GAP
153q36j,2,sysadmin,False,A: SCRAPE GAP
1540zk5,2,sysadmin,False,A: SCRAPE GAP
15410vv,2,sysadmin,False,A: SCRAPE GAP
15414wg,4,sysadmin,False,A: SCRAPE GAP
1543qk9,1,sysadmin,False,A: SCRAPE GAP
154c4qi,2,sysadmin,False,A: SCRAPE GAP
154dhgt,2,sysadmin,False,A: SCRAPE GAP
154e6v5,1,sysadmin,False,A: SCRAPE GAP
154ik7w,2,sysadmin,False,A: SCRAPE GAP
154p6fv,3,sysadmin,False,A: SCRAPE GAP
154vb3t,1,sysadmin,False,A: SCRAPE GAP
154zsz2,1,sysadmin,False,A: SCRAPE GAP
155bv2g,1,sysadmin,False,A: SCRAPE GAP
155fko5,1,sysadmin,False,A: SCRAPE GAP
155lcdz,1,sysadmin,False,A: SCRAPE GAP
155r8iq,1,sysadmin,False,A: SCRAPE GAP
155ssrp,1,sysadmin,False,A: SCRAPE GAP
15623k3,3,sysadmin,False,A: SCRAPE GAP
15611sb,2,sysadmin,False,A: SCRAPE GAP
15642vr,1,sysadmin,False,A: SCRAPE GAP
156r7di,2,sysadmin,False,A: SCRAPE GAP
156j21g,4,sysadmin,False,A: SCRAPE GAP
1571vwq,1,sysadmin,False,A: SCRAPE GAP
157biqw,2,sysadmin,False,A: SCRAPE GAP
157ofsf,2,sysadmin,False,A: SCRAPE GAP
157w01f,3,sysadmin,False,A: SCRAPE GAP
157xalu,1,sysadmin,False,A: SCRAPE GAP
158ah0n,1,sysadmin,False,A: SCRAPE GAP
158dp7m,2,sysadmin,False,A: SCRAPE GAP
158knm5,1,sysadmin,False,A: SCRAPE GAP
158z387,1,sysadmin,False,A: SCRAPE GAP
158tvl6,2,sysadmin,False,A: SCRAPE GAP
158znz0,2,sysadmin,False,A: SCRAPE GAP
159164h,3,sysadmin,False,A: SCRAPE GAP
1591jsi,4,sysadmin,False,A: SCRAPE GAP
159j5m0,2,sysadmin,False,A: SCRAPE GAP
159jcba,2,sysadmin,False,A: SCRAPE GAP
159l3cq,1,sysadmin,False,A: SCRAPE GAP
159k6st,2,sysadmin,False,A: SCRAPE GAP
159lxbt,1,sysadmin,False,A: SCRAPE GAP
15a4zeo,1,sysadmin,False,A: SCRAPE GAP
15a8lmh,3,sysadmin,False,A: SCRAPE GAP
15af03x,1,sysadmin,False,A: SCRAPE GAP
15ahwd8,2,sysadmin,False,A: SCRAPE GAP
15apbyw,2,sysadmin,False,A: SCRAPE GAP
15b30cs,2,sysadmin,False,A: SCRAPE GAP
15bo1v7,1,sysadmin,False,A: SCRAPE GAP
15btu6p,3,sysadmin,False,A: SCRAPE GAP
15bxdx4,3,sysadmin,False,A: SCRAPE GAP
15bysde,1,sysadmin,False,A: SCRAPE GAP
15c025z,2,sysadmin,False,A: SCRAPE GAP
15c79yb,1,sysadmin,False,A: SCRAPE GAP
15cddgg,2,sysadmin,False,A: SCRAPE GAP
15cgm4p,1,sysadmin,False,A: SCRAPE GAP
15cyqlc,1,sysadmin,False,A: SCRAPE GAP
15d67hc,3,sysadmin,False,A: SCRAPE GAP
15datq8,1,sysadmin,False,A: SCRAPE GAP
15dbk6h,1,sysadmin,False,A: SCRAPE GAP
15dg1gd,3,sysadmin,False,A: SCRAPE GAP
15dn503,1,sysadmin,False,A: SCRAPE GAP
15dn13d,1,sysadmin,False,A: SCRAPE GAP
15dnfbw,1,sysadmin,False,A: SCRAPE GAP
15e9jek,1,sysadmin,False,A: SCRAPE GAP
15ejtyw,1,sysadmin,False,A: SCRAPE GAP
15eo2qn,1,sysadmin,False,A: SCRAPE GAP
15ezjlv,1,sysadmin,False,A: SCRAPE GAP
15f7qgj,1,sysadmin,False,A: SCRAPE GAP
15faecy,3,sysadmin,False,A: SCRAPE GAP
15fcs3c,1,sysadmin,False,A: SCRAPE GAP
15ff57p,1,sysadmin,False,A: SCRAPE GAP
15foteg,1,sysadmin,False,A: SCRAPE GAP
15flyzz,3,sysadmin,False,A: SCRAPE GAP
15fwohf,3,sysadmin,False,A: SCRAPE GAP
15g67ke,1,sysadmin,False,A: SCRAPE GAP
15gdbxr,1,sysadmin,False,A: SCRAPE GAP
15gsn4g,1,sysadmin,False,A: SCRAPE GAP
15h0u3l,2,sysadmin,False,A: SCRAPE GAP
15h29tp,2,sysadmin,False,A: SCRAPE GAP
15h7duk,1,sysadmin,False,A: SCRAPE GAP
15hdcql,2,sysadmin,False,A: SCRAPE GAP
15hsdwn,2,sysadmin,False,A: SCRAPE GAP
15hrgwv,2,sysadmin,False,A: SCRAPE GAP
15hsr0c,1,sysadmin,False,A: SCRAPE GAP
15hu3in,2,sysadmin,False,A: SCRAPE GAP
15hz4si,1,sysadmin,False,A: SCRAPE GAP
15ijp01,1,sysadmin,False,A: SCRAPE GAP
15ixs71,1,sysadmin,False,A: SCRAPE GAP
15jlkd6,1,sysadmin,False,A: SCRAPE GAP
15jr2bm,1,sysadmin,False,A: SCRAPE GAP
15jtccm,2,sysadmin,False,A: SCRAPE GAP
15klp68,1,sysadmin,False,A: SCRAPE GAP
15klk5w,1,sysadmin,False,A: SCRAPE GAP
15kwc98,4,sysadmin,False,A: SCRAPE GAP
15lflu5,1,sysadmin,False,A: SCRAPE GAP
15ln1zy,2,sysadmin,False,A: SCRAPE GAP
15los64,3,sysadmin,False,A: SCRAPE GAP
15lo13b,2,sysadmin,False,A: SCRAPE GAP
15lqvzg,3,sysadmin,False,A: SCRAPE GAP
15m4z2f,2,sysadmin,False,A: SCRAPE GAP
15mdtsf,1,sysadmin,False,A: SCRAPE GAP
15mbhhj,1,sysadmin,False,A: SCRAPE GAP
15mej7v,2,sysadmin,False,A: SCRAPE GAP
15mn7q2,3,sysadmin,False,A: SCRAPE GAP
15mp804,1,sysadmin,False,A: SCRAPE GAP
15mwn8y,1,sysadmin,False,A: SCRAPE GAP
15n5isc,2,sysadmin,False,A: SCRAPE GAP
15ne6ky,2,sysadmin,False,A: SCRAPE GAP
15neo32,2,sysadmin,False,A: SCRAPE GAP
15nid37,1,sysadmin,False,A: SCRAPE GAP
15nsok1,2,sysadmin,False,A: SCRAPE GAP
15nuhmk,1,sysadmin,False,A: SCRAPE GAP
15o3c6w,1,sysadmin,False,A: SCRAPE GAP
15nzlc1,1,sysadmin,False,A: SCRAPE GAP
15oaqkf,1,sysadmin,False,A: SCRAPE GAP
15ogwqd,1,sysadmin,False,A: SCRAPE GAP
15on2ib,3,sysadmin,False,A: SCRAPE GAP
15oqu3t,1,sysadmin,False,A: SCRAPE GAP
15osahw,2,sysadmin,False,A: SCRAPE GAP
15os94a,1,sysadmin,False,A: SCRAPE GAP
15pb6mn,1,sysadmin,False,A: SCRAPE GAP
15q89gk,2,sysadmin,False,A: SCRAPE GAP
15qzrgr,1,sysadmin,False,A: SCRAPE GAP
15r192i,1,sysadmin,False,A: SCRAPE GAP
15rnjq0,1,sysadmin,False,A: SCRAPE GAP
15s0eb9,1,sysadmin,False,A: SCRAPE GAP
15sqiwf,1,sysadmin,False,A: SCRAPE GAP
15t5c8i,2,sysadmin,False,A: SCRAPE GAP
15ta8pz,1,sysadmin,False,A: SCRAPE GAP
15tgecc,3,sysadmin,False,A: SCRAPE GAP
15tkv8l,1,sysadmin,False,A: SCRAPE GAP
15tq1st,2,sysadmin,False,A: SCRAPE GAP
15tsn6y,1,sysadmin,False,A: SCRAPE GAP
15tuhgk,1,sysadmin,False,A: SCRAPE GAP
15txr5a,1,sysadmin,False,A: SCRAPE GAP
15u3hgz,1,sysadmin,False,A: SCRAPE GAP
15udk7r,3,sysadmin,False,A: SCRAPE GAP
15ukutq,1,sysadmin,False,A: SCRAPE GAP
15umphl,1,sysadmin,False,A: SCRAPE GAP
15up57g,2,sysadmin,False,A: SCRAPE GAP
15uq293,1,sysadmin,False,A: SCRAPE GAP
15urcim,2,sysadmin,False,A: SCRAPE GAP
15uzp3q,2,sysadmin,False,A: SCRAPE GAP
15uuu8d,1,sysadmin,False,A: SCRAPE GAP
15vblsn,3,sysadmin,False,A: SCRAPE GAP
15viai2,2,sysadmin,False,A: SCRAPE GAP
15vk9r1,1,sysadmin,False,A: SCRAPE GAP
15vmgg6,1,sysadmin,False,A: SCRAPE GAP
15vouk2,4,sysadmin,False,A: SCRAPE GAP
15wbszf,3,sysadmin,False,A: SCRAPE GAP
15wdh3i,4,sysadmin,False,A: SCRAPE GAP
15wjokw,1,sysadmin,False,A: SCRAPE GAP
15wl1ub,1,sysadmin,False,A: SCRAPE GAP
15wpk8e,2,sysadmin,False,A: SCRAPE GAP
15wqggk,2,sysadmin,False,A: SCRAPE GAP
15x9z2h,3,sysadmin,False,A: SCRAPE GAP
15xihx5,3,sysadmin,False,A: SCRAPE GAP
15y2ajt,1,sysadmin,False,A: SCRAPE GAP
15y4pa2,1,sysadmin,False,A: SCRAPE GAP
15y7s0g,1,sysadmin,False,A: SCRAPE GAP
15yhlif,2,sysadmin,False,A: SCRAPE GAP
15ynni0,3,sysadmin,False,A: SCRAPE GAP
15yxsxf,1,sysadmin,False,A: SCRAPE GAP
15z3k6c,2,sysadmin,False,A: SCRAPE GAP
15z8ms0,1,sysadmin,False,A: SCRAPE GAP
15zb9ql,1,sysadmin,False,A: SCRAPE GAP
15zc12a,3,sysadmin,False,A: SCRAPE GAP
15zdfok,2,sysadmin,False,A: SCRAPE GAP
15zchhz,1,sysadmin,False,A: SCRAPE GAP
15zdfp3,1,sysadmin,False,A: SCRAPE GAP
15zfwyd,2,sysadmin,False,A: SCRAPE GAP
15zhkz6,2,sysadmin,False,A: SCRAPE GAP
15zjmrm,3,sysadmin,False,A: SCRAPE GAP
16047ae,1,sysadmin,False,A: SCRAPE GAP
1608suy,1,sysadmin,False,A: SCRAPE GAP
160brm4,1,sysadmin,False,A: SCRAPE GAP
160ctxh,1,sysadmin,False,A: SCRAPE GAP
160yrt6,2,sysadmin,False,A: SCRAPE GAP
1616cxa,1,sysadmin,False,A: SCRAPE GAP
162tq0n,2,sysadmin,False,A: SCRAPE GAP
162t78h,2,sysadmin,False,A: SCRAPE GAP
162xfs5,1,sysadmin,False,A: SCRAPE GAP
1638niu,1,sysadmin,False,A: SCRAPE GAP
163nw86,1,sysadmin,False,A: SCRAPE GAP
163oc01,2,sysadmin,False,A: SCRAPE GAP
163pkeb,1,sysadmin,False,A: SCRAPE GAP
164ldjv,3,sysadmin,False,A: SCRAPE GAP
164k59x,2,sysadmin,False,A: SCRAPE GAP
164o2z0,2,sysadmin,False,A: SCRAPE GAP
164wqvl,1,sysadmin,False,A: SCRAPE GAP
16529xy,2,sysadmin,False,A: SCRAPE GAP
1653gbm,1,sysadmin,False,A: SCRAPE GAP
1659ylz,1,sysadmin,False,A: SCRAPE GAP
165ekf3,1,sysadmin,False,A: SCRAPE GAP
165ewqq,1,sysadmin,False,A: SCRAPE GAP
165kt42,1,sysadmin,False,A: SCRAPE GAP
165n20o,1,sysadmin,False,A: SCRAPE GAP
165rlue,1,sysadmin,False,A: SCRAPE GAP
165rf1k,4,sysadmin,False,A: SCRAPE GAP
1662g7a,1,sysadmin,False,A: SCRAPE GAP
1663f38,1,sysadmin,False,A: SCRAPE GAP
1666eud,1,sysadmin,False,A: SCRAPE GAP
1664yif,2,sysadmin,False,A: SCRAPE GAP
166aykk,1,sysadmin,False,A: SCRAPE GAP
166g3ws,1,sysadmin,False,A: SCRAPE GAP
166gb9s,1,sysadmin,False,A: SCRAPE GAP
166kpz8,3,sysadmin,False,A: SCRAPE GAP
166uk0p,1,sysadmin,False,A: SCRAPE GAP
166x7fv,2,sysadmin,False,A: SCRAPE GAP
1679gyb,1,sysadmin,False,A: SCRAPE GAP
1679u7u,1,sysadmin,False,A: SCRAPE GAP
167b19m,1,sysadmin,False,A: SCRAPE GAP
167b43m,3,sysadmin,False,A: SCRAPE GAP
167hmyn,1,sysadmin,False,A: SCRAPE GAP
167ijtd,3,sysadmin,False,A: SCRAPE GAP
167kt9z,1,sysadmin,False,A: SCRAPE GAP
168wv51,2,sysadmin,False,A: SCRAPE GAP
169200g,2,sysadmin,False,A: SCRAPE GAP
169keza,3,sysadmin,False,A: SCRAPE GAP
16a0iwm,1,sysadmin,False,A: SCRAPE GAP
16a6s5k,1,sysadmin,False,A: SCRAPE GAP
16b2lie,3,sysadmin,False,A: SCRAPE GAP
16bb25p,1,sysadmin,False,A: SCRAPE GAP
16bkr0p,2,sysadmin,False,A: SCRAPE GAP
16bkjb8,1,sysadmin,False,A: SCRAPE GAP
16bm3l5,1,sysadmin,False,A: SCRAPE GAP
16boolv,2,sysadmin,False,A: SCRAPE GAP
16brwc2,2,sysadmin,False,A: SCRAPE GAP
16bzso6,3,sysadmin,False,A: SCRAPE GAP
16cbz9x,1,sysadmin,False,A: SCRAPE GAP
16ce1xz,2,sysadmin,False,A: SCRAPE GAP
16chmxk,1,sysadmin,False,A: SCRAPE GAP
16cik4i,2,sysadmin,False,A: SCRAPE GAP
16cllt4,1,sysadmin,False,A: SCRAPE GAP
16cslmn,1,sysadmin,False,A: SCRAPE GAP
16cxke9,2,sysadmin,False,A: SCRAPE GAP
16derqd,3,sysadmin,False,A: SCRAPE GAP
16dibde,1,sysadmin,False,A: SCRAPE GAP
16djwtn,2,sysadmin,False,A: SCRAPE GAP
16dl4il,2,sysadmin,False,A: SCRAPE GAP
16e0v8q,3,sysadmin,False,A: SCRAPE GAP
16f4a0t,3,sysadmin,False,A: SCRAPE GAP
16f4a0f,4,sysadmin,False,A: SCRAPE GAP
16fj5k0,1,sysadmin,False,A: SCRAPE GAP
16g3gtx,1,sysadmin,False,A: SCRAPE GAP
16g7yrp,2,sysadmin,False,A: SCRAPE GAP
16g7hnu,2,sysadmin,False,A: SCRAPE GAP
16ganw3,1,sysadmin,False,A: SCRAPE GAP
16ghv09,1,sysadmin,False,A: SCRAPE GAP
16ggzdj,2,sysadmin,False,A: SCRAPE GAP
16grxrn,1,sysadmin,False,A: SCRAPE GAP
16hmwvp,1,sysadmin,False,A: SCRAPE GAP
16hn8f3,2,sysadmin,False,A: SCRAPE GAP
16huevz,3,sysadmin,False,A: SCRAPE GAP
16ihu32,1,sysadmin,False,A: SCRAPE GAP
16il0pr,1,sysadmin,False,A: SCRAPE GAP
16ilavq,2,sysadmin,False,A: SCRAPE GAP
16ilbkq,1,sysadmin,False,A: SCRAPE GAP
16ipxlu,2,sysadmin,False,A: SCRAPE GAP
16irus6,1,sysadmin,False,A: SCRAPE GAP
16itg5a,1,sysadmin,False,A: SCRAPE GAP
16j6cid,1,sysadmin,False,A: SCRAPE GAP
16j9xy8,1,sysadmin,False,A: SCRAPE GAP
16jde4s,3,sysadmin,False,A: SCRAPE GAP
16je9l4,1,sysadmin,False,A: SCRAPE GAP
16js27s,2,sysadmin,False,A: SCRAPE GAP
16ju7bh,1,sysadmin,False,A: SCRAPE GAP
16jukd0,1,sysadmin,False,A: SCRAPE GAP
16jxvqt,1,sysadmin,False,A: SCRAPE GAP
16kaim5,2,sysadmin,False,A: SCRAPE GAP
16kehqh,1,sysadmin,False,A: SCRAPE GAP
16kmu53,1,sysadmin,False,A: SCRAPE GAP
16kv9yz,1,sysadmin,False,A: SCRAPE GAP
16l5wgg,2,sysadmin,False,A: SCRAPE GAP
16l81xf,2,sysadmin,False,A: SCRAPE GAP
16lkiyi,2,sysadmin,False,A: SCRAPE GAP
16lqo7s,2,sysadmin,False,A: SCRAPE GAP
16m26f1,3,sysadmin,False,A: SCRAPE GAP
16mcme2,2,sysadmin,False,A: SCRAPE GAP
16mfr8h,4,sysadmin,False,A: SCRAPE GAP
16mr2f6,1,sysadmin,False,A: SCRAPE GAP
16n9jw1,1,sysadmin,False,A: SCRAPE GAP
16naoy8,1,sysadmin,False,A: SCRAPE GAP
16nm28p,1,sysadmin,False,A: SCRAPE GAP
16oi4f2,2,sysadmin,False,A: SCRAPE GAP
16op1i9,1,sysadmin,False,A: SCRAPE GAP
16oq00f,1,sysadmin,False,A: SCRAPE GAP
16oq2pz,1,sysadmin,False,A: SCRAPE GAP
16ovihd,2,sysadmin,False,A: SCRAPE GAP
16oz13m,1,sysadmin,False,A: SCRAPE GAP
16p9hbb,1,sysadmin,False,A: SCRAPE GAP
16pdeei,1,sysadmin,False,A: SCRAPE GAP
16pku8r,2,sysadmin,False,A: SCRAPE GAP
16pvxf2,1,sysadmin,False,A: SCRAPE GAP
16q1gq0,1,sysadmin,False,A: SCRAPE GAP
16r2r67,1,sysadmin,False,A: SCRAPE GAP
16rdyoh,1,sysadmin,False,A: SCRAPE GAP
16rtxn0,1,sysadmin,False,A: SCRAPE GAP
16ry1vg,2,sysadmin,False,A: SCRAPE GAP
16s38yj,1,sysadmin,False,A: SCRAPE GAP
16s6g5y,1,sysadmin,False,A: SCRAPE GAP
16smub7,1,sysadmin,False,A: SCRAPE GAP
16smcq6,3,sysadmin,False,A: SCRAPE GAP
16sprlu,2,sysadmin,False,A: SCRAPE GAP
16sqg50,1,sysadmin,False,A: SCRAPE GAP
16srnoq,1,sysadmin,False,A: SCRAPE GAP
16tuzi1,1,sysadmin,False,A: SCRAPE GAP
16u2cpv,1,sysadmin,False,A: SCRAPE GAP
16u62fu,1,sysadmin,False,A: SCRAPE GAP
16uezcm,1,sysadmin,False,A: SCRAPE GAP
16uh618,1,sysadmin,False,A: SCRAPE GAP
16uha32,1,sysadmin,False,A: SCRAPE GAP
16umr5e,1,sysadmin,False,A: SCRAPE GAP
16v1krw,1,sysadmin,False,A: SCRAPE GAP
16vb1dx,3,sysadmin,False,A: SCRAPE GAP
16vaf2h,3,sysadmin,False,A: SCRAPE GAP
16vhv2b,1,sysadmin,False,A: SCRAPE GAP
16vdcf8,1,sysadmin,False,A: SCRAPE GAP
16vk3ut,2,sysadmin,False,A: SCRAPE GAP
16vmvif,2,sysadmin,False,A: SCRAPE GAP
16vsoqg,1,sysadmin,False,A: SCRAPE GAP
16vv3dt,1,sysadmin,False,A: SCRAPE GAP
16vvnhp,1,sysadmin,False,A: SCRAPE GAP
16x3dpx,3,sysadmin,False,A: SCRAPE GAP
16x9j8c,3,sysadmin,False,A: SCRAPE GAP
16xdeyk,4,sysadmin,False,A: SCRAPE GAP
16xpwvk,1,sysadmin,False,A: SCRAPE GAP
16y7s34,1,sysadmin,False,A: SCRAPE GAP
16y7hdl,1,sysadmin,False,A: SCRAPE GAP
16y96uu,3,sysadmin,False,A: SCRAPE GAP
16ysfm8,1,sysadmin,False,A: SCRAPE GAP
16ysn2p,1,sysadmin,False,A: SCRAPE GAP
16ytl0l,1,sysadmin,False,A: SCRAPE GAP
16yte7e,1,sysadmin,False,A: SCRAPE GAP
16z4pa0,1,sysadmin,False,A: SCRAPE GAP
16zk94t,1,sysadmin,False,A: SCRAPE GAP
16zof2j,1,sysadmin,False,A: SCRAPE GAP
16zq5v8,1,sysadmin,False,A: SCRAPE GAP
16zwly0,1,sysadmin,False,A: SCRAPE GAP
17048t7,1,sysadmin,False,A: SCRAPE GAP
1704dtw,2,sysadmin,False,A: SCRAPE GAP
170m3qa,3,sysadmin,False,A: SCRAPE GAP
170lnol,2,sysadmin,False,A: SCRAPE GAP
170mtwe,1,sysadmin,False,A: SCRAPE GAP
170ldls,2,sysadmin,False,A: SCRAPE GAP
170ra44,1,sysadmin,False,A: SCRAPE GAP
170ytcj,1,sysadmin,False,A: SCRAPE GAP
171odjk,1,sysadmin,False,A: SCRAPE GAP
171of4u,2,sysadmin,False,A: SCRAPE GAP
171x8sz,2,sysadmin,False,A: SCRAPE GAP
1726f47,1,sysadmin,False,A: SCRAPE GAP
171vzum,3,sysadmin,False,A: SCRAPE GAP
172s58k,3,sysadmin,False,A: SCRAPE GAP
1731yy5,3,sysadmin,False,A: SCRAPE GAP
173b8q6,1,sysadmin,False,A: SCRAPE GAP
173fbm4,1,sysadmin,False,A: SCRAPE GAP
173i8kr,2,sysadmin,False,A: SCRAPE GAP
173pf2x,1,sysadmin,False,A: SCRAPE GAP
173w9ib,1,sysadmin,False,A: SCRAPE GAP
173xh94,1,sysadmin,False,A: SCRAPE GAP
173zdb3,1,sysadmin,False,A: SCRAPE GAP
174088c,2,sysadmin,False,A: SCRAPE GAP
17468lp,1,sysadmin,False,A: SCRAPE GAP
1744mvt,1,sysadmin,False,A: SCRAPE GAP
174aoes,1,sysadmin,False,A: SCRAPE GAP
174h6bv,4,sysadmin,False,A: SCRAPE GAP
174ph1p,2,sysadmin,False,A: SCRAPE GAP
174zzd8,1,sysadmin,False,A: SCRAPE GAP
175sbud,1,sysadmin,False,A: SCRAPE GAP
1766xsx,1,sysadmin,False,A: SCRAPE GAP
176br8f,1,sysadmin,False,A: SCRAPE GAP
176egqh,1,sysadmin,False,A: SCRAPE GAP
176kq7d,1,sysadmin,False,A: SCRAPE GAP
176riy3,2,sysadmin,False,A: SCRAPE GAP
1789ini,1,sysadmin,False,A: SCRAPE GAP
178cyj0,2,sysadmin,False,A: SCRAPE GAP
17977b2,1,sysadmin,False,A: SCRAPE GAP
1799h64,1,sysadmin,False,A: SCRAPE GAP
1799tsc,1,sysadmin,False,A: SCRAPE GAP
179n3t1,1,sysadmin,False,A: SCRAPE GAP
179jqn5,1,sysadmin,False,A: SCRAPE GAP
17a1vdb,1,sysadmin,False,A: SCRAPE GAP
17aan5h,1,sysadmin,False,A: SCRAPE GAP
17ab4ln,1,sysadmin,False,A: SCRAPE GAP
17an4ne,2,sysadmin,False,A: SCRAPE GAP
17ao2r3,2,sysadmin,False,A: SCRAPE GAP
17arsio,3,sysadmin,False,A: SCRAPE GAP
17arp4h,1,sysadmin,False,A: SCRAPE GAP
17aryqr,2,sysadmin,False,A: SCRAPE GAP
17axphl,1,sysadmin,False,A: SCRAPE GAP
17ayf8u,1,sysadmin,False,A: SCRAPE GAP
17az4kv,2,sysadmin,False,A: SCRAPE GAP
17b5gnb,1,sysadmin,False,A: SCRAPE GAP
17bh0em,1,sysadmin,False,A: SCRAPE GAP
17bjrew,2,sysadmin,False,A: SCRAPE GAP
17c113q,1,sysadmin,False,A: SCRAPE GAP
17c1uye,1,sysadmin,False,A: SCRAPE GAP
17cbq3j,3,sysadmin,False,A: SCRAPE GAP
17ce7uj,3,sysadmin,False,A: SCRAPE GAP
17cgaqx,3,sysadmin,False,A: SCRAPE GAP
17cfpck,3,sysadmin,False,A: SCRAPE GAP
17cnqlm,3,sysadmin,False,A: SCRAPE GAP
17e6mmb,2,sysadmin,False,A: SCRAPE GAP
17ejbpx,1,sysadmin,False,A: SCRAPE GAP
17ekzv7,2,sysadmin,False,A: SCRAPE GAP
17ekkxv,1,sysadmin,False,A: SCRAPE GAP
17ewdlb,3,sysadmin,False,A: SCRAPE GAP
17eyegk,1,sysadmin,False,A: SCRAPE GAP
17f1uzk,3,sysadmin,False,A: SCRAPE GAP
17f542a,2,sysadmin,False,A: SCRAPE GAP
17fdq49,2,sysadmin,False,A: SCRAPE GAP
17fh3u6,1,sysadmin,False,A: SCRAPE GAP
17fr281,1,sysadmin,False,A: SCRAPE GAP
17fnr46,1,sysadmin,False,A: SCRAPE GAP
17fsv96,2,sysadmin,False,A: SCRAPE GAP
17fy3sw,1,sysadmin,False,A: SCRAPE GAP
17fzwgr,2,sysadmin,False,A: SCRAPE GAP
17g3sth,2,sysadmin,False,A: SCRAPE GAP
17g6e7x,1,sysadmin,False,A: SCRAPE GAP
17gahr7,2,sysadmin,False,A: SCRAPE GAP
17gekow,1,sysadmin,False,A: SCRAPE GAP
17giiz9,1,sysadmin,False,A: SCRAPE GAP
17gkouj,1,sysadmin,False,A: SCRAPE GAP
17gjk4k,1,sysadmin,False,A: SCRAPE GAP
17h0hm4,3,sysadmin,False,A: SCRAPE GAP
17h6ifq,1,sysadmin,False,A: SCRAPE GAP
17hae44,2,sysadmin,False,A: SCRAPE GAP
17h8t7n,1,sysadmin,False,A: SCRAPE GAP
17hmpks,1,sysadmin,False,A: SCRAPE GAP
17hr075,1,sysadmin,False,A: SCRAPE GAP
17hrgy8,2,sysadmin,False,A: SCRAPE GAP
17hwlue,1,sysadmin,False,A: SCRAPE GAP
17hwzjg,2,sysadmin,False,A: SCRAPE GAP
17igr70,3,sysadmin,False,A: SCRAPE GAP
17jfw5m,1,sysadmin,False,A: SCRAPE GAP
17jqoil,1,sysadmin,False,A: SCRAPE GAP
17jmcmn,2,sysadmin,False,A: SCRAPE GAP
17k0shv,2,sysadmin,False,A: SCRAPE GAP
17k803v,2,sysadmin,False,A: SCRAPE GAP
17kazjk,2,sysadmin,False,A: SCRAPE GAP
17kg6g6,3,sysadmin,False,A: SCRAPE GAP
17kna6o,1,sysadmin,False,A: SCRAPE GAP
17kvwgx,2,sysadmin,False,A: SCRAPE GAP
17kxgyd,1,sysadmin,False,A: SCRAPE GAP
17l25is,1,sysadmin,False,A: SCRAPE GAP
17l96g0,1,sysadmin,False,A: SCRAPE GAP
17lb3cr,1,sysadmin,False,A: SCRAPE GAP
17lr78y,1,sysadmin,False,A: SCRAPE GAP
17m4oho,1,sysadmin,False,A: SCRAPE GAP
17m702j,1,sysadmin,False,A: SCRAPE GAP
17mbn8r,2,sysadmin,False,A: SCRAPE GAP
17mgqp5,3,sysadmin,False,A: SCRAPE GAP
17miz88,1,sysadmin,False,A: SCRAPE GAP
17mje14,1,sysadmin,False,A: SCRAPE GAP
17mmyk4,2,sysadmin,False,A: SCRAPE GAP
17mwx72,1,sysadmin,False,A: SCRAPE GAP
17mzhoz,2,sysadmin,False,A: SCRAPE GAP
17mzyq0,1,sysadmin,False,A: SCRAPE GAP
17n5nrg,1,sysadmin,False,A: SCRAPE GAP
17ngei1,2,sysadmin,False,A: SCRAPE GAP
17o2vku,1,sysadmin,False,A: SCRAPE GAP
17o3xa3,3,sysadmin,False,A: SCRAPE GAP
17o6hv0,1,sysadmin,False,A: SCRAPE GAP
17ob3p6,1,sysadmin,False,A: SCRAPE GAP
17p13mh,1,sysadmin,False,A: SCRAPE GAP
17oz9fb,2,sysadmin,False,A: SCRAPE GAP
17p4360,1,sysadmin,False,A: SCRAPE GAP
17pa7t7,1,sysadmin,False,A: SCRAPE GAP
17pds8f,1,sysadmin,False,A: SCRAPE GAP
17pfl03,1,sysadmin,False,A: SCRAPE GAP
17pnnnh,2,sysadmin,False,A: SCRAPE GAP
17pxz60,1,sysadmin,False,A: SCRAPE GAP
17pwo75,1,sysadmin,False,A: SCRAPE GAP
17py31s,1,sysadmin,False,A: SCRAPE GAP
17pz2rw,1,sysadmin,False,A: SCRAPE GAP
17q45ed,4,sysadmin,False,A: SCRAPE GAP
17q89wi,1,sysadmin,False,A: SCRAPE GAP
17qfbqk,3,sysadmin,False,A: SCRAPE GAP
17qtzij,2,sysadmin,False,A: SCRAPE GAP
17qut6b,1,sysadmin,False,A: SCRAPE GAP
17qvh7k,3,sysadmin,False,A: SCRAPE GAP
17r5w8r,1,sysadmin,False,A: SCRAPE GAP
17r77mz,1,sysadmin,False,A: SCRAPE GAP
17rb44d,2,sysadmin,False,A: SCRAPE GAP
17rq3dk,1,sysadmin,False,A: SCRAPE GAP
17s22xo,2,sysadmin,False,A: SCRAPE GAP
17s63y9,1,sysadmin,False,A: SCRAPE GAP
17s8jht,1,sysadmin,False,A: SCRAPE GAP
17tjn1p,1,sysadmin,False,A: SCRAPE GAP
17u1xyf,1,sysadmin,False,A: SCRAPE GAP
17ud6ad,1,sysadmin,False,A: SCRAPE GAP
17v1l4d,3,sysadmin,False,A: SCRAPE GAP
17uznuz,1,sysadmin,False,A: SCRAPE GAP
17v1osf,1,sysadmin,False,A: SCRAPE GAP
17vauen,2,sysadmin,False,A: SCRAPE GAP
17vhqnc,1,sysadmin,False,A: SCRAPE GAP
17vv4w8,3,sysadmin,False,A: SCRAPE GAP
17wjo64,1,sysadmin,False,A: SCRAPE GAP
17wjp4l,1,sysadmin,False,A: SCRAPE GAP
17wvfw3,1,sysadmin,False,A: SCRAPE GAP
17wzc0e,1,sysadmin,False,A: SCRAPE GAP
17x1nk9,1,sysadmin,False,A: SCRAPE GAP
17x842e,2,sysadmin,False,A: SCRAPE GAP
17xb90l,1,sysadmin,False,A: SCRAPE GAP
17xgq0q,1,sysadmin,False,A: SCRAPE GAP
17xhv72,2,sysadmin,False,A: SCRAPE GAP
17xlwg6,1,sysadmin,False,A: SCRAPE GAP
17xs47j,1,sysadmin,False,A: SCRAPE GAP
17xzd01,3,sysadmin,False,A: SCRAPE GAP
17yansg,2,sysadmin,False,A: SCRAPE GAP
17yhg38,1,sysadmin,False,A: SCRAPE GAP
17yoy55,1,sysadmin,False,A: SCRAPE GAP
17yok9p,1,sysadmin,False,A: SCRAPE GAP
17yznwq,1,sysadmin,False,A: SCRAPE GAP
17zlp1e,1,sysadmin,False,A: SCRAPE GAP
17zq32o,3,sysadmin,False,A: SCRAPE GAP
17zvmri,1,sysadmin,False,A: SCRAPE GAP
17zusk2,1,sysadmin,False,A: SCRAPE GAP
180hjy2,1,sysadmin,False,A: SCRAPE GAP
180mk5f,3,sysadmin,False,A: SCRAPE GAP
180vyd9,1,sysadmin,False,A: SCRAPE GAP
18101e5,1,sysadmin,False,A: SCRAPE GAP
181b2hc,2,sysadmin,False,A: SCRAPE GAP
181eg56,2,sysadmin,False,A: SCRAPE GAP
181ghah,1,sysadmin,False,A: SCRAPE GAP
182arj3,4,sysadmin,False,A: SCRAPE GAP
182ginu,3,sysadmin,False,A: SCRAPE GAP
182qb8x,2,sysadmin,False,A: SCRAPE GAP
182xzho,2,sysadmin,False,A: SCRAPE GAP
1831def,1,sysadmin,False,A: SCRAPE GAP
1836z0s,1,sysadmin,False,A: SCRAPE GAP
183l1mg,1,sysadmin,False,A: SCRAPE GAP
183m1ug,1,sysadmin,False,A: SCRAPE GAP
183tgu0,2,sysadmin,False,A: SCRAPE GAP
183nqby,3,sysadmin,False,A: SCRAPE GAP
185d8l1,1,sysadmin,False,A: SCRAPE GAP
1862fuy,1,sysadmin,False,A: SCRAPE GAP
18649dl,1,sysadmin,False,A: SCRAPE GAP
1869fy2,1,sysadmin,False,A: SCRAPE GAP
1879pkp,1,sysadmin,False,A: SCRAPE GAP
187aw0t,1,sysadmin,False,A: SCRAPE GAP
187ewjz,1,sysadmin,False,A: SCRAPE GAP
187t7sq,3,sysadmin,False,A: SCRAPE GAP
187xbqz,1,sysadmin,False,A: SCRAPE GAP
187zurh,1,sysadmin,False,A: SCRAPE GAP
188cte6,2,sysadmin,False,A: SCRAPE GAP
188grvg,1,sysadmin,False,A: SCRAPE GAP
188vtz8,2,sysadmin,False,A: SCRAPE GAP
188ztbu,3,sysadmin,False,A: SCRAPE GAP
18914or,4,sysadmin,False,A: SCRAPE GAP
189ia8b,1,sysadmin,False,A: SCRAPE GAP
18al7cs,2,sysadmin,False,A: SCRAPE GAP
18bf581,1,sysadmin,False,A: SCRAPE GAP
18c3vtt,1,sysadmin,False,A: SCRAPE GAP
18cez23,2,sysadmin,False,A: SCRAPE GAP
18ch64x,1,sysadmin,False,A: SCRAPE GAP
18cq5rg,1,sysadmin,False,A: SCRAPE GAP
18cx9tg,1,sysadmin,False,A: SCRAPE GAP
18d60zn,1,sysadmin,False,A: SCRAPE GAP
18d63a3,1,sysadmin,False,A: SCRAPE GAP
18dgjwp,1,sysadmin,False,A: SCRAPE GAP
18dnxzq,1,sysadmin,False,A: SCRAPE GAP
18dq96d,2,sysadmin,False,A: SCRAPE GAP
18drqq4,2,sysadmin,False,A: SCRAPE GAP
18dtpib,1,sysadmin,False,A: SCRAPE GAP
18ejcwl,2,sysadmin,False,A: SCRAPE GAP
18fvp0m,3,sysadmin,False,A: SCRAPE GAP
18g1m8u,1,sysadmin,False,A: SCRAPE GAP
18g3b7s,1,sysadmin,False,A: SCRAPE GAP
18gc8ax,1,sysadmin,False,A: SCRAPE GAP
18gohor,1,sysadmin,False,A: SCRAPE GAP
18gp1ff,3,sysadmin,False,A: SCRAPE GAP
18gq3hj,1,sysadmin,False,A: SCRAPE GAP
18h58z6,1,sysadmin,False,A: SCRAPE GAP
18h6oy5,2,sysadmin,False,A: SCRAPE GAP
18hav1b,1,sysadmin,False,A: SCRAPE GAP
18hhgbm,1,sysadmin,False,A: SCRAPE GAP
18hjy9c,1,sysadmin,False,A: SCRAPE GAP
18hol0o,1,sysadmin,False,A: SCRAPE GAP
18hryon,2,sysadmin,False,A: SCRAPE GAP
18i9jhp,2,sysadmin,False,A: SCRAPE GAP
18i9rfe,1,sysadmin,False,A: SCRAPE GAP
18ifgxg,1,sysadmin,False,A: SCRAPE GAP
18ink3c,1,sysadmin,False,A: SCRAPE GAP
18iplgk,1,sysadmin,False,A: SCRAPE GAP
18j4qdx,1,sysadmin,False,A: SCRAPE GAP
18jberp,3,sysadmin,False,A: SCRAPE GAP
18jvfj9,4,sysadmin,False,A: SCRAPE GAP
18k9wgz,2,sysadmin,False,A: SCRAPE GAP
18l0vyf,3,sysadmin,False,A: SCRAPE GAP
18lbrml,1,sysadmin,False,A: SCRAPE GAP
18labgj,2,sysadmin,False,A: SCRAPE GAP
18ldn2k,3,sysadmin,False,A: SCRAPE GAP
18ler62,2,sysadmin,False,A: SCRAPE GAP
18m5gk9,1,sysadmin,False,A: SCRAPE GAP
18mdv9u,1,sysadmin,False,A: SCRAPE GAP
18mj2ts,2,sysadmin,False,A: SCRAPE GAP
18mtebn,1,sysadmin,False,A: SCRAPE GAP
18mtznt,3,sysadmin,False,A: SCRAPE GAP
18mvvqp,1,sysadmin,False,A: SCRAPE GAP
18mv49a,1,sysadmin,False,A: SCRAPE GAP
18napy9,2,sysadmin,False,A: SCRAPE GAP
18nct8t,1,sysadmin,False,A: SCRAPE GAP
18nfxmo,1,sysadmin,False,A: SCRAPE GAP
18nlljc,3,sysadmin,False,A: SCRAPE GAP
18nozy0,1,sysadmin,False,A: SCRAPE GAP
18ntd76,1,sysadmin,False,A: SCRAPE GAP
18nx68b,1,sysadmin,False,A: SCRAPE GAP
18o1d50,1,sysadmin,False,A: SCRAPE GAP
18o1hmq,1,sysadmin,False,A: SCRAPE GAP
18o2tei,1,sysadmin,False,A: SCRAPE GAP
18o63ib,2,sysadmin,False,A: SCRAPE GAP
18ouh7m,1,sysadmin,False,A: SCRAPE GAP
18p67f0,1,sysadmin,False,A: SCRAPE GAP
18pbhkc,2,sysadmin,False,A: SCRAPE GAP
18qep8c,4,sysadmin,False,A: SCRAPE GAP
18qhbam,1,sysadmin,False,A: SCRAPE GAP
18qy3jh,1,sysadmin,False,A: SCRAPE GAP
18rdb2a,1,sysadmin,False,A: SCRAPE GAP
18re96w,1,sysadmin,False,A: SCRAPE GAP
18rjsko,2,sysadmin,False,A: SCRAPE GAP
18s3fos,2,sysadmin,False,A: SCRAPE GAP
18s39v9,1,sysadmin,False,A: SCRAPE GAP
18sfbcc,2,sysadmin,False,A: SCRAPE GAP
18spu1y,1,sysadmin,False,A: SCRAPE GAP
18sqmgl,3,sysadmin,False,A: SCRAPE GAP
18sr1uc,1,sysadmin,False,A: SCRAPE GAP
18t1k12,3,sysadmin,False,A: SCRAPE GAP
18toduw,1,sysadmin,False,A: SCRAPE GAP
18ubc0k,2,sysadmin,False,A: SCRAPE GAP
18umrmc,1,sysadmin,False,A: SCRAPE GAP
18vm10v,1,sysadmin,False,A: SCRAPE GAP
18wf946,1,sysadmin,False,A: SCRAPE GAP
18wye16,1,sysadmin,False,A: SCRAPE GAP
18x8awo,2,sysadmin,False,A: SCRAPE GAP
18x7793,2,sysadmin,False,A: SCRAPE GAP
18xcsrk,3,sysadmin,False,A: SCRAPE GAP
18xpcun,2,sysadmin,False,A: SCRAPE GAP
18xvovh,1,sysadmin,False,A: SCRAPE GAP
18y11uc,1,sysadmin,False,A: SCRAPE GAP
18y75qy,3,sysadmin,False,A: SCRAPE GAP
18yf6ae,1,sysadmin,False,A: SCRAPE GAP
18yhumf,3,sysadmin,False,A: SCRAPE GAP
18yl85p,1,sysadmin,False,A: SCRAPE GAP
18ynppk,2,sysadmin,False,A: SCRAPE GAP
18ymosn,1,sysadmin,False,A: SCRAPE GAP
18zdxkk,1,sysadmin,False,A: SCRAPE GAP
18zioek,1,sysadmin,False,A: SCRAPE GAP
1914ur6,2,sysadmin,False,A: SCRAPE GAP
1916pnk,3,sysadmin,False,A: SCRAPE GAP
191momm,2,sysadmin,False,A: SCRAPE GAP
191qw9q,1,sysadmin,False,A: SCRAPE GAP
191tmhr,2,sysadmin,False,A: SCRAPE GAP
192buzr,1,sysadmin,False,A: SCRAPE GAP
192enjq,3,sysadmin,False,A: SCRAPE GAP
192i338,1,sysadmin,False,A: SCRAPE GAP
192pa8q,2,sysadmin,False,A: SCRAPE GAP
192pbaq,1,sysadmin,False,A: SCRAPE GAP
192tzqc,2,sysadmin,False,A: SCRAPE GAP
193neqj,1,sysadmin,False,A: SCRAPE GAP
193wqfq,2,sysadmin,False,A: SCRAPE GAP
194026s,3,sysadmin,False,A: SCRAPE GAP
1941wwu,2,sysadmin,False,A: SCRAPE GAP
1945i1x,1,sysadmin,False,A: SCRAPE GAP
1946sah,2,sysadmin,False,A: SCRAPE GAP
194h5bx,2,sysadmin,False,A: SCRAPE GAP
194mep4,1,sysadmin,False,A: SCRAPE GAP
194yarm,1,sysadmin,False,A: SCRAPE GAP
194y5bo,1,sysadmin,False,A: SCRAPE GAP
194xwx2,1,sysadmin,False,A: SCRAPE GAP
1952zyi,2,sysadmin,False,A: SCRAPE GAP
195d1as,3,sysadmin,False,A: SCRAPE GAP
195i9sp,1,sysadmin,False,A: SCRAPE GAP
195xmlq,1,sysadmin,False,A: SCRAPE GAP
195xm3b,1,sysadmin,False,A: SCRAPE GAP
1974yzf,1,sysadmin,False,A: SCRAPE GAP
197akbm,1,sysadmin,False,A: SCRAPE GAP
197e70j,2,sysadmin,False,A: SCRAPE GAP
197n461,2,sysadmin,False,A: SCRAPE GAP
197o8zn,1,sysadmin,False,A: SCRAPE GAP
197putu,1,sysadmin,False,A: SCRAPE GAP
197qknb,1,sysadmin,False,A: SCRAPE GAP
197okvd,3,sysadmin,False,A: SCRAPE GAP
1988meg,1,sysadmin,False,A: SCRAPE GAP
198rhag,1,sysadmin,False,A: SCRAPE GAP
198u4mv,1,sysadmin,False,A: SCRAPE GAP
198yn06,1,sysadmin,False,A: SCRAPE GAP
1992af0,2,sysadmin,False,A: SCRAPE GAP
19950md,3,sysadmin,False,A: SCRAPE GAP
199hfxy,1,sysadmin,False,A: SCRAPE GAP
199liis,1,sysadmin,False,A: SCRAPE GAP
199qa1o,2,sysadmin,False,A: SCRAPE GAP
19a10ri,1,sysadmin,False,A: SCRAPE GAP
19aeycj,1,sysadmin,False,A: SCRAPE GAP
19anf52,1,sysadmin,False,A: SCRAPE GAP
19bpvfk,2,sysadmin,False,A: SCRAPE GAP
19camvn,3,sysadmin,False,A: SCRAPE GAP
19cbknq,3,sysadmin,False,A: SCRAPE GAP
19cfb9w,1,sysadmin,False,A: SCRAPE GAP
19cv2m5,1,sysadmin,False,A: SCRAPE GAP
19cvprc,1,sysadmin,False,A: SCRAPE GAP
19cx9ld,3,sysadmin,False,A: SCRAPE GAP
19cy7jf,1,sysadmin,False,A: SCRAPE GAP
19d4ed1,1,sysadmin,False,A: SCRAPE GAP
19d696w,1,sysadmin,False,A: SCRAPE GAP
19d6gow,1,sysadmin,False,A: SCRAPE GAP
19d9z1l,1,sysadmin,False,A: SCRAPE GAP
19e0g4t,1,sysadmin,False,A: SCRAPE GAP
19e1nj3,1,sysadmin,False,A: SCRAPE GAP
19e356c,3,sysadmin,False,A: SCRAPE GAP
19edktq,2,sysadmin,False,A: SCRAPE GAP
19en1tu,1,sysadmin,False,A: SCRAPE GAP
19ex0yl,2,sysadmin,False,A: SCRAPE GAP
19f4gfv,1,sysadmin,False,A: SCRAPE GAP
19f7k2d,3,sysadmin,False,A: SCRAPE GAP
19fksak,1,sysadmin,False,A: SCRAPE GAP
19fncsl,1,sysadmin,False,A: SCRAPE GAP
1abciuh,1,sysadmin,False,A: SCRAPE GAP
1ab9lxo,2,sysadmin,False,A: SCRAPE GAP
1abj9ds,2,sysadmin,False,A: SCRAPE GAP
1abre6b,3,sysadmin,False,A: SCRAPE GAP
1abs0k6,1,sysadmin,False,A: SCRAPE GAP
1ac0j4q,1,sysadmin,False,A: SCRAPE GAP
1abxdjk,3,sysadmin,False,A: SCRAPE GAP
1ac3ts0,1,sysadmin,False,A: SCRAPE GAP
1acdpkn,1,sysadmin,False,A: SCRAPE GAP
1acxew9,1,sysadmin,False,A: SCRAPE GAP
1adf1n9,3,sysadmin,False,A: SCRAPE GAP
1adh7wf,2,sysadmin,False,A: SCRAPE GAP
1ae3b4q,1,sysadmin,False,A: SCRAPE GAP
1ae3d2e,2,sysadmin,False,A: SCRAPE GAP
1ae5oew,2,sysadmin,False,A: SCRAPE GAP
1ae5yap,1,sysadmin,False,A: SCRAPE GAP
1ae8t1o,1,sysadmin,False,A: SCRAPE GAP
1aeiu61,1,sysadmin,False,A: SCRAPE GAP
1aekmxf,2,sysadmin,False,A: SCRAPE GAP
1aeq2ax,1,sysadmin,False,A: SCRAPE GAP
1aerk2h,1,sysadmin,False,A: SCRAPE GAP
1aeptr1,1,sysadmin,False,A: SCRAPE GAP
1aevycr,3,sysadmin,False,A: SCRAPE GAP
1aexhfg,2,sysadmin,False,A: SCRAPE GAP
1aexrt4,1,sysadmin,False,A: SCRAPE GAP
1aeyb3v,1,sysadmin,False,A: SCRAPE GAP
1aexx4f,1,sysadmin,False,A: SCRAPE GAP
1aezc40,2,sysadmin,False,A: SCRAPE GAP
1af0qyn,3,sysadmin,False,A: SCRAPE GAP
1af1gin,1,sysadmin,False,A: SCRAPE GAP
1aflm2c,1,sysadmin,False,A: SCRAPE GAP
1afu4pi,2,sysadmin,False,A: SCRAPE GAP
1afwrls,1,sysadmin,False,A: SCRAPE GAP
1ag25bm,3,sysadmin,False,A: SCRAPE GAP
1agj49k,1,sysadmin,False,A: SCRAPE GAP
1agj068,3,sysadmin,False,A: SCRAPE GAP
1aglcqn,3,sysadmin,False,A: SCRAPE GAP
1agna2k,4,sysadmin,False,A: SCRAPE GAP
1agosjv,1,sysadmin,False,A: SCRAPE GAP
1agrnss,1,sysadmin,False,A: SCRAPE GAP
1agttle,1,sysadmin,False,A: SCRAPE GAP
1agv07c,1,sysadmin,False,A: SCRAPE GAP
1ah035f,1,sysadmin,False,A: SCRAPE GAP
1ah6jd7,1,sysadmin,False,A: SCRAPE GAP
1ahgn42,2,sysadmin,False,A: SCRAPE GAP
1ahsvj8,1,sysadmin,False,A: SCRAPE GAP
1ai18wv,2,sysadmin,False,A: SCRAPE GAP
1aibsxk,1,sysadmin,False,A: SCRAPE GAP
1aits0v,4,sysadmin,False,A: SCRAPE GAP
1ajcyy1,1,sysadmin,False,A: SCRAPE GAP
1ajfw9s,3,sysadmin,False,A: SCRAPE GAP
1ajjo64,1,sysadmin,False,A: SCRAPE GAP
1ajlo15,3,sysadmin,False,A: SCRAPE GAP
1ajt31w,1,sysadmin,False,A: SCRAPE GAP
1ajx648,2,sysadmin,False,A: SCRAPE GAP
1ak380y,1,sysadmin,False,A: SCRAPE GAP
1ak933q,3,sysadmin,False,A: SCRAPE GAP
1akgbco,2,sysadmin,False,A: SCRAPE GAP
1akf6km,2,sysadmin,False,A: SCRAPE GAP
1akjv6y,3,sysadmin,False,A: SCRAPE GAP
1akss6t,1,sysadmin,False,A: SCRAPE GAP
1akz46k,1,sysadmin,False,A: SCRAPE GAP
1al3xt0,2,sysadmin,False,A: SCRAPE GAP
1al58wz,2,sysadmin,False,A: SCRAPE GAP
1al4ycf,1,sysadmin,False,A: SCRAPE GAP
1al91k1,3,sysadmin,False,A: SCRAPE GAP
1alb04r,3,sysadmin,False,A: SCRAPE GAP
1alejy1,2,sysadmin,False,A: SCRAPE GAP
1alduu0,1,sysadmin,False,A: SCRAPE GAP
1alfoau,1,sysadmin,False,A: SCRAPE GAP
1alfynn,2,sysadmin,False,A: SCRAPE GAP
1alrouf,1,sysadmin,False,A: SCRAPE GAP
1alwlqw,2,sysadmin,False,A: SCRAPE GAP
1alywrv,1,sysadmin,False,A: SCRAPE GAP
1am1w4h,1,sysadmin,False,A: SCRAPE GAP
1am1trr,2,sysadmin,False,A: SCRAPE GAP
1am3lzi,1,sysadmin,False,A: SCRAPE GAP
1amdnzl,2,sysadmin,False,A: SCRAPE GAP
1amvg2k,4,sysadmin,False,A: SCRAPE GAP
1an3o6n,1,sysadmin,False,A: SCRAPE GAP
1angl5y,1,sysadmin,False,A: SCRAPE GAP
1angobm,1,sysadmin,False,A: SCRAPE GAP
1ao3471,1,sysadmin,False,A: SCRAPE GAP
1aod5ta,1,sysadmin,False,A: SCRAPE GAP
1aosynr,2,sysadmin,False,A: SCRAPE GAP
1aovnhu,3,sysadmin,False,A: SCRAPE GAP
1ap344h,1,sysadmin,False,A: SCRAPE GAP
1ap3ne5,1,sysadmin,False,A: SCRAPE GAP
1apngw9,1,sysadmin,False,A: SCRAPE GAP
1apou53,1,sysadmin,False,A: SCRAPE GAP
1aprq2e,3,sysadmin,False,A: SCRAPE GAP
1aq1hi3,1,sysadmin,False,A: SCRAPE GAP
1aq802x,3,sysadmin,False,A: SCRAPE GAP
1aqd7ri,1,sysadmin,False,A: SCRAPE GAP
1aqf0fq,1,sysadmin,False,A: SCRAPE GAP
1aqqath,1,sysadmin,False,A: SCRAPE GAP
1aqqzay,3,sysadmin,False,A: SCRAPE GAP
1aqxk51,1,sysadmin,False,A: SCRAPE GAP
1aqzqwy,2,sysadmin,False,A: SCRAPE GAP
1ar0k9i,1,sysadmin,False,A: SCRAPE GAP
1ar5gz6,1,sysadmin,False,A: SCRAPE GAP
1ar9g2d,1,sysadmin,False,A: SCRAPE GAP
1ar9cup,1,sysadmin,False,A: SCRAPE GAP
1ard27e,1,sysadmin,False,A: SCRAPE GAP
1aricav,1,sysadmin,False,A: SCRAPE GAP
1arkp07,1,sysadmin,False,A: SCRAPE GAP
1arm4ma,1,sysadmin,False,A: SCRAPE GAP
1arpkk4,2,sysadmin,False,A: SCRAPE GAP
1ary9yt,1,sysadmin,False,A: SCRAPE GAP
1as2649,1,sysadmin,False,A: SCRAPE GAP
1as5azu,2,sysadmin,False,A: SCRAPE GAP
1asapih,1,sysadmin,False,A: SCRAPE GAP
1asciaw,1,sysadmin,False,A: SCRAPE GAP
1asgbk2,1,sysadmin,False,A: SCRAPE GAP
1asgsej,2,sysadmin,False,A: SCRAPE GAP
1asksa2,1,sysadmin,False,A: SCRAPE GAP
1asjbro,1,sysadmin,False,A: SCRAPE GAP
1asvx4e,1,sysadmin,False,A: SCRAPE GAP
1atev0f,1,sysadmin,False,A: SCRAPE GAP
1athvos,1,sysadmin,False,A: SCRAPE GAP
1aubyi0,1,sysadmin,False,A: SCRAPE GAP
1auilpt,3,sysadmin,False,A: SCRAPE GAP
1auo82u,2,sysadmin,False,A: SCRAPE GAP
1aum2w5,1,sysadmin,False,A: SCRAPE GAP
1auyp5i,2,sysadmin,False,A: SCRAPE GAP
1auylb2,1,sysadmin,False,A: SCRAPE GAP
1av0jcp,2,sysadmin,False,A: SCRAPE GAP
1avd44s,1,sysadmin,False,A: SCRAPE GAP
1avea9f,1,sysadmin,False,A: SCRAPE GAP
1avsw8r,2,sysadmin,False,A: SCRAPE GAP
1aw7v0c,2,sysadmin,False,A: SCRAPE GAP
1aw8twf,1,sysadmin,False,A: SCRAPE GAP
1awf7us,3,sysadmin,False,A: SCRAPE GAP
1awf290,1,sysadmin,False,A: SCRAPE GAP
1awt0bc,1,sysadmin,False,A: SCRAPE GAP
1ax8b8c,1,sysadmin,False,A: SCRAPE GAP
1ax9nv5,1,sysadmin,False,A: SCRAPE GAP
1axgbrs,1,sysadmin,False,A: SCRAPE GAP
1axhtdk,1,sysadmin,False,A: SCRAPE GAP
1axjuaq,2,sysadmin,False,A: SCRAPE GAP
1axl1k6,2,sysadmin,False,A: SCRAPE GAP
1ay2chk,1,sysadmin,False,A: SCRAPE GAP
1ay3vgx,1,sysadmin,False,A: SCRAPE GAP
1ay5jcb,1,sysadmin,False,A: SCRAPE GAP
1aycsi2,3,sysadmin,False,A: SCRAPE GAP
1ayddqj,1,sysadmin,False,A: SCRAPE GAP
1ayhrj8,2,sysadmin,False,A: SCRAPE GAP
1ayoefm,2,sysadmin,False,A: SCRAPE GAP
1ayrdwt,1,sysadmin,False,A: SCRAPE GAP
1ayurte,1,sysadmin,False,A: SCRAPE GAP
1az1w7w,1,sysadmin,False,A: SCRAPE GAP
1azr5w5,2,sysadmin,False,A: SCRAPE GAP
1b04uu2,2,sysadmin,False,A: SCRAPE GAP
1b0c14s,1,sysadmin,False,A: SCRAPE GAP
1b0gje6,2,sysadmin,False,A: SCRAPE GAP
1b0iluq,1,sysadmin,False,A: SCRAPE GAP
1b0kfa4,1,sysadmin,False,A: SCRAPE GAP
1b0ur2u,2,sysadmin,False,A: SCRAPE GAP
1b0w0sg,1,sysadmin,False,A: SCRAPE GAP
1b0xqoc,3,sysadmin,False,A: SCRAPE GAP
1b0zo5y,4,sysadmin,False,A: SCRAPE GAP
1b12syq,1,sysadmin,False,A: SCRAPE GAP
1b14eap,1,sysadmin,False,A: SCRAPE GAP
1b1836e,3,sysadmin,False,A: SCRAPE GAP
1b1dlct,2,sysadmin,False,A: SCRAPE GAP
1b1jqck,1,sysadmin,False,A: SCRAPE GAP
1b1i46t,1,sysadmin,False,A: SCRAPE GAP
1b2bkv3,1,sysadmin,False,A: SCRAPE GAP
1b2f8i5,1,sysadmin,False,A: SCRAPE GAP
1b2hq6h,3,sysadmin,False,A: SCRAPE GAP
1b30nia,1,sysadmin,False,A: SCRAPE GAP
1b31psl,2,sysadmin,False,A: SCRAPE GAP
1b3534d,1,sysadmin,False,A: SCRAPE GAP
1b3fovu,1,sysadmin,False,A: SCRAPE GAP
1b3rfnh,1,sysadmin,False,A: SCRAPE GAP
1b3wdfh,2,sysadmin,False,A: SCRAPE GAP
1b3yowv,2,sysadmin,False,A: SCRAPE GAP
1b4633d,1,sysadmin,False,A: SCRAPE GAP
1b469kh,1,sysadmin,False,A: SCRAPE GAP
1b48bhj,1,sysadmin,False,A: SCRAPE GAP
1b46ccq,1,sysadmin,False,A: SCRAPE GAP
1b48xa0,1,sysadmin,False,A: SCRAPE GAP
1b4wkjb,1,sysadmin,False,A: SCRAPE GAP
1b4xl8j,1,sysadmin,False,A: SCRAPE GAP
1b5181e,1,sysadmin,False,A: SCRAPE GAP
1b5cl0o,3,sysadmin,False,A: SCRAPE GAP
1b56zzo,2,sysadmin,False,A: SCRAPE GAP
1b63fki,1,sysadmin,False,A: SCRAPE GAP
1b6ao3n,3,sysadmin,False,A: SCRAPE GAP
1b6g9qg,3,sysadmin,False,A: SCRAPE GAP
1b6ll6m,1,sysadmin,False,A: SCRAPE GAP
1b6gdki,1,sysadmin,False,A: SCRAPE GAP
1b6vool,3,sysadmin,False,A: SCRAPE GAP
1b757a8,1,sysadmin,False,A: SCRAPE GAP
1b77z91,2,sysadmin,False,A: SCRAPE GAP
1b78ppi,1,sysadmin,False,A: SCRAPE GAP
1b7b9ik,4,sysadmin,False,A: SCRAPE GAP
1b7cnma,2,sysadmin,False,A: SCRAPE GAP
1b7csvq,1,sysadmin,False,A: SCRAPE GAP
1b7gwfi,1,sysadmin,False,A: SCRAPE GAP
1b7krrm,1,sysadmin,False,A: SCRAPE GAP
1b7m7zo,2,sysadmin,False,A: SCRAPE GAP
1b7uwii,1,sysadmin,False,A: SCRAPE GAP
1b7uxi3,1,sysadmin,False,A: SCRAPE GAP
1b7v7s8,1,sysadmin,False,A: SCRAPE GAP
1b8acf0,4,sysadmin,False,A: SCRAPE GAP
1b8de04,2,sysadmin,False,A: SCRAPE GAP
1b8o7li,2,sysadmin,False,A: SCRAPE GAP
1b8xi4z,1,sysadmin,False,A: SCRAPE GAP
1b910xx,1,sysadmin,False,A: SCRAPE GAP
1b97fnm,2,sysadmin,False,A: SCRAPE GAP
1b98p6k,3,sysadmin,False,A: SCRAPE GAP
1b9f0zu,3,sysadmin,False,A: SCRAPE GAP
1ba1sao,1,sysadmin,False,A: SCRAPE GAP
1bagj7o,1,sysadmin,False,A: SCRAPE GAP
1bbfq6s,3,sysadmin,False,A: SCRAPE GAP
1bbhcc1,1,sysadmin,False,A: SCRAPE GAP
1bbucw6,4,sysadmin,False,A: SCRAPE GAP
1bc16op,2,sysadmin,False,A: SCRAPE GAP
1bc8yzu,1,sysadmin,False,A: SCRAPE GAP
1bcdkgw,3,sysadmin,False,A: SCRAPE GAP
1bcehzh,2,sysadmin,False,A: SCRAPE GAP
1bdgcpx,1,sysadmin,False,A: SCRAPE GAP
1bdhdh3,1,sysadmin,False,A: SCRAPE GAP
1bdh1y9,1,sysadmin,False,A: SCRAPE GAP
1bdo46w,2,sysadmin,False,A: SCRAPE GAP
1bdqe80,1,sysadmin,False,A: SCRAPE GAP
1bdrrf3,1,sysadmin,False,A: SCRAPE GAP
1bdsf0l,1,sysadmin,False,A: SCRAPE GAP
1bdt9uh,4,sysadmin,False,A: SCRAPE GAP
1bdus15,1,sysadmin,False,A: SCRAPE GAP
1be2fc0,3,sysadmin,False,A: SCRAPE GAP
1bem6zy,1,sysadmin,False,A: SCRAPE GAP
1beqg5o,1,sysadmin,False,A: SCRAPE GAP
1bexd8y,1,sysadmin,False,A: SCRAPE GAP
1bf2d7y,2,sysadmin,False,A: SCRAPE GAP
1bf5bdj,3,sysadmin,False,A: SCRAPE GAP
1bf9g6h,2,sysadmin,False,A: SCRAPE GAP
1bfbesa,2,sysadmin,False,A: SCRAPE GAP
1bfb2no,1,sysadmin,False,A: SCRAPE GAP
1bfbpv6,1,sysadmin,False,A: SCRAPE GAP
1bfibd8,1,sysadmin,False,A: SCRAPE GAP
1bfje7w,1,sysadmin,False,A: SCRAPE GAP
1bfkqni,2,sysadmin,False,A: SCRAPE GAP
1bfnsyg,1,sysadmin,False,A: SCRAPE GAP
1bfn72r,4,sysadmin,False,A: SCRAPE GAP
1bg12nv,2,sysadmin,False,A: SCRAPE GAP
1bgeb6g,3,sysadmin,False,A: SCRAPE GAP
1bgs2o0,1,sysadmin,False,A: SCRAPE GAP
1bggv0l,1,sysadmin,False,A: SCRAPE GAP
1bhpz1m,1,sysadmin,False,A: SCRAPE GAP
1bhquke,1,sysadmin,False,A: SCRAPE GAP
1bhudfb,1,sysadmin,False,A: SCRAPE GAP
1bhvzuc,1,sysadmin,False,A: SCRAPE GAP
1bhxufm,1,sysadmin,False,A: SCRAPE GAP
1bi65d8,1,sysadmin,False,A: SCRAPE GAP
1bih4um,1,sysadmin,False,A: SCRAPE GAP
1bim98z,1,sysadmin,False,A: SCRAPE GAP
1bisye3,2,sysadmin,False,A: SCRAPE GAP
1biws49,3,sysadmin,False,A: SCRAPE GAP
1bj5k0v,1,sysadmin,False,A: SCRAPE GAP
1bj8uvh,2,sysadmin,False,A: SCRAPE GAP
1bjdt8y,1,sysadmin,False,A: SCRAPE GAP
1bje2x6,1,sysadmin,False,A: SCRAPE GAP
1bjfjoa,2,sysadmin,False,A: SCRAPE GAP
1bjgw1a,1,sysadmin,False,A: SCRAPE GAP
1bjgjop,1,sysadmin,False,A: SCRAPE GAP
1bjp00k,2,sysadmin,False,A: SCRAPE GAP
1bjw3sl,2,sysadmin,False,A: SCRAPE GAP
1bk1we6,1,sysadmin,False,A: SCRAPE GAP
1bk7jig,1,sysadmin,False,A: SCRAPE GAP
1bkgbzl,4,sysadmin,False,A: SCRAPE GAP
1bkjog3,1,sysadmin,False,A: SCRAPE GAP
1bkyk2g,3,sysadmin,False,A: SCRAPE GAP
1bkyztr,2,sysadmin,False,A: SCRAPE GAP
1bl1js0,1,sysadmin,False,A: SCRAPE GAP
1bl30n4,1,sysadmin,False,A: SCRAPE GAP
1bl4gxo,1,sysadmin,False,A: SCRAPE GAP
1blhse9,1,sysadmin,False,A: SCRAPE GAP
1blvf9l,2,sysadmin,False,A: SCRAPE GAP
1bm2lse,1,sysadmin,False,A: SCRAPE GAP
1bm8dii,3,sysadmin,False,A: SCRAPE GAP
1bm90u1,2,sysadmin,False,A: SCRAPE GAP
1bmedsk,1,sysadmin,False,A: SCRAPE GAP
1bnce3m,2,sysadmin,False,A: SCRAPE GAP
1bnbu7k,1,sysadmin,False,A: SCRAPE GAP
1bnfh6y,3,sysadmin,False,A: SCRAPE GAP
1bnh4k8,1,sysadmin,False,A: SCRAPE GAP
1bnknle,1,sysadmin,False,A: SCRAPE GAP
1bnlgnn,1,sysadmin,False,A: SCRAPE GAP
1bnnvmn,1,sysadmin,False,A: SCRAPE GAP
1bnqedc,1,sysadmin,False,A: SCRAPE GAP
1bobq1z,1,sysadmin,False,A: SCRAPE GAP
1bofkud,3,sysadmin,False,A: SCRAPE GAP
1bofrmg,1,sysadmin,False,A: SCRAPE GAP
1bomazm,1,sysadmin,False,A: SCRAPE GAP
1boomrz,1,sysadmin,False,A: SCRAPE GAP
1boqnqg,1,sysadmin,False,A: SCRAPE GAP
1bowupc,3,sysadmin,False,A: SCRAPE GAP
1bp28ey,1,sysadmin,False,A: SCRAPE GAP
1bp9vss,4,sysadmin,False,A: SCRAPE GAP
1bpabgj,1,sysadmin,False,A: SCRAPE GAP
1bp9czf,1,sysadmin,False,A: SCRAPE GAP
1bpavdo,2,sysadmin,False,A: SCRAPE GAP
1bpulq3,4,sysadmin,False,A: SCRAPE GAP
1bpxw8r,1,sysadmin,False,A: SCRAPE GAP
1bpz98x,1,sysadmin,False,A: SCRAPE GAP
1bpyzc4,2,sysadmin,False,A: SCRAPE GAP
1bq2ijh,2,sysadmin,False,A: SCRAPE GAP
1bq2rlr,2,sysadmin,False,A: SCRAPE GAP
1bqeori,1,sysadmin,False,A: SCRAPE GAP
1bqsi3z,1,sysadmin,False,A: SCRAPE GAP
1bregzk,2,sysadmin,False,A: SCRAPE GAP
1brkjwp,1,sysadmin,False,A: SCRAPE GAP
1bsil2n,1,sysadmin,False,A: SCRAPE GAP
1bt44w7,1,sysadmin,False,A: SCRAPE GAP
1bt878q,1,sysadmin,False,A: SCRAPE GAP
1btgg9h,1,sysadmin,False,A: SCRAPE GAP
1btvo3n,2,sysadmin,False,A: SCRAPE GAP
1btz8m7,1,sysadmin,False,A: SCRAPE GAP
1bu1fz9,2,sysadmin,False,A: SCRAPE GAP
1bu3fq2,1,sysadmin,False,A: SCRAPE GAP
1bu2tb9,1,sysadmin,False,A: SCRAPE GAP
1bu7ah0,1,sysadmin,False,A: SCRAPE GAP
1bud11q,2,sysadmin,False,A: SCRAPE GAP
1buhgo9,1,sysadmin,False,A: SCRAPE GAP
1budymc,2,sysadmin,False,A: SCRAPE GAP
1bupunz,2,sysadmin,False,A: SCRAPE GAP
1bupzlz,1,sysadmin,False,A: SCRAPE GAP
1busqux,1,sysadmin,False,A: SCRAPE GAP
1buu7re,2,sysadmin,False,A: SCRAPE GAP
1bus1z5,2,sysadmin,False,A: SCRAPE GAP
1buv4m4,1,sysadmin,False,A: SCRAPE GAP
1buv771,4,sysadmin,False,A: SCRAPE GAP
1buwe9k,3,sysadmin,False,A: SCRAPE GAP
1bv05s2,3,sysadmin,False,A: SCRAPE GAP
1buz7uk,1,sysadmin,False,A: SCRAPE GAP
1bv3fq9,4,sysadmin,False,A: SCRAPE GAP
1bvblu0,2,sysadmin,False,A: SCRAPE GAP
1bvp8zg,1,sysadmin,False,A: SCRAPE GAP
1bvpl7z,1,sysadmin,False,A: SCRAPE GAP
1bvs8e8,4,sysadmin,False,A: SCRAPE GAP
1bvu0nf,2,sysadmin,False,A: SCRAPE GAP
1bvu7s1,1,sysadmin,False,A: SCRAPE GAP
1bvxr15,1,sysadmin,False,A: SCRAPE GAP
1bw9jbn,3,sysadmin,False,A: SCRAPE GAP
1bwk74n,1,sysadmin,False,A: SCRAPE GAP
1bwxftz,1,sysadmin,False,A: SCRAPE GAP
1bwscu4,1,sysadmin,False,A: SCRAPE GAP
1bx0z8a,3,sysadmin,False,A: SCRAPE GAP
1bx61x7,1,sysadmin,False,A: SCRAPE GAP
1bxludz,3,sysadmin,False,A: SCRAPE GAP
1bxxb8x,3,sysadmin,False,A: SCRAPE GAP
1by2nck,1,sysadmin,False,A: SCRAPE GAP
1byb2wm,1,sysadmin,False,A: SCRAPE GAP
1bydvtg,1,sysadmin,False,A: SCRAPE GAP
1byp7id,2,sysadmin,False,A: SCRAPE GAP
1bz103i,2,sysadmin,False,A: SCRAPE GAP
1bzemvb,1,sysadmin,False,A: SCRAPE GAP
1bzsqew,1,sysadmin,False,A: SCRAPE GAP
1bzuso1,2,sysadmin,False,A: SCRAPE GAP
1bzvpuh,1,sysadmin,False,A: SCRAPE GAP
1bzx6js,1,sysadmin,False,A: SCRAPE GAP
1c0jbke,1,sysadmin,False,A: SCRAPE GAP
1c0k7ts,1,sysadmin,False,A: SCRAPE GAP
1c0jy3w,2,sysadmin,False,A: SCRAPE GAP
1c0nwxr,1,sysadmin,False,A: SCRAPE GAP
1c0tv1l,1,sysadmin,False,A: SCRAPE GAP
1c0t8gz,3,sysadmin,False,A: SCRAPE GAP
1c0w40r,1,sysadmin,False,A: SCRAPE GAP
1c0x3nv,3,sysadmin,False,A: SCRAPE GAP
1c110xt,1,sysadmin,False,A: SCRAPE GAP
1c0z5vy,1,sysadmin,False,A: SCRAPE GAP
1c1831n,2,sysadmin,False,A: SCRAPE GAP
1c1cbno,3,sysadmin,False,A: SCRAPE GAP
1c1cule,1,sysadmin,False,A: SCRAPE GAP
1c1ey61,1,sysadmin,False,A: SCRAPE GAP
1c1foz4,1,sysadmin,False,A: SCRAPE GAP
1c1jpqt,2,sysadmin,False,A: SCRAPE GAP
1c1h7fm,3,sysadmin,False,A: SCRAPE GAP
1c1lbrz,2,sysadmin,False,A: SCRAPE GAP
1c1zevf,1,sysadmin,False,A: SCRAPE GAP
1c24iv5,2,sysadmin,False,A: SCRAPE GAP
1c2ared,2,sysadmin,False,A: SCRAPE GAP
1c2k54f,2,sysadmin,False,A: SCRAPE GAP
1c2vx3c,3,sysadmin,False,A: SCRAPE GAP
1c2zozm,1,sysadmin,False,A: SCRAPE GAP
1c30v8u,1,sysadmin,False,A: SCRAPE GAP
1c2zky3,1,sysadmin,False,A: SCRAPE GAP
1c31ibp,1,sysadmin,False,A: SCRAPE GAP
1c4j4q4,2,sysadmin,False,A: SCRAPE GAP
1c4lmmh,2,sysadmin,False,A: SCRAPE GAP
1c4pwkm,3,sysadmin,False,A: SCRAPE GAP
1c4uhrc,1,sysadmin,False,A: SCRAPE GAP
1c5hr58,1,sysadmin,False,A: SCRAPE GAP
1c5k43d,2,sysadmin,False,A: SCRAPE GAP
1c5yb2o,2,sysadmin,False,A: SCRAPE GAP
1c6e7ve,1,sysadmin,False,A: SCRAPE GAP
1c6e44y,1,sysadmin,False,A: SCRAPE GAP
1c6k1gs,1,sysadmin,False,A: SCRAPE GAP
1c6likb,1,sysadmin,False,A: SCRAPE GAP
1c6onf5,1,sysadmin,False,A: SCRAPE GAP
1c6t8p8,2,sysadmin,False,A: SCRAPE GAP
1c6t8tk,1,sysadmin,False,A: SCRAPE GAP
1c76i6l,1,sysadmin,False,A: SCRAPE GAP
1c7apgr,1,sysadmin,False,A: SCRAPE GAP
1c7c5gb,1,sysadmin,False,A: SCRAPE GAP
1c7hbau,4,sysadmin,False,A: SCRAPE GAP
1c7uoqu,3,sysadmin,False,A: SCRAPE GAP
1c7wbvy,4,sysadmin,False,A: SCRAPE GAP
1c7ynsz,1,sysadmin,False,A: SCRAPE GAP
1c7y7wj,2,sysadmin,False,A: SCRAPE GAP
1c88kba,1,sysadmin,False,A: SCRAPE GAP
1c8svm0,1,sysadmin,False,A: SCRAPE GAP
1c8ptrn,2,sysadmin,False,A: SCRAPE GAP
1c8uxbi,3,sysadmin,False,A: SCRAPE GAP
1c9ohxd,2,sysadmin,False,A: SCRAPE GAP
1c9xk3k,1,sysadmin,False,A: SCRAPE GAP
1caa72c,1,sysadmin,False,A: SCRAPE GAP
1cabip1,2,sysadmin,False,A: SCRAPE GAP
1cagwhu,1,sysadmin,False,A: SCRAPE GAP
1cajd7i,1,sysadmin,False,A: SCRAPE GAP
1cb1qo0,1,sysadmin,False,A: SCRAPE GAP
1cb1885,1,sysadmin,False,A: SCRAPE GAP
1cb47sv,1,sysadmin,False,A: SCRAPE GAP
1cb47zg,1,sysadmin,False,A: SCRAPE GAP
1cb6t0r,1,sysadmin,False,A: SCRAPE GAP
1cb7f2s,2,sysadmin,False,A: SCRAPE GAP
1cb9ahr,1,sysadmin,False,A: SCRAPE GAP
1cbkvv8,1,sysadmin,False,A: SCRAPE GAP
1cbyyha,2,sysadmin,False,A: SCRAPE GAP
1cc42ey,1,sysadmin,False,A: SCRAPE GAP
1cc3u78,2,sysadmin,False,A: SCRAPE GAP
1ccuice,1,sysadmin,False,A: SCRAPE GAP
1cd0051,2,sysadmin,False,A: SCRAPE GAP
1cd0f83,1,sysadmin,False,A: SCRAPE GAP
1cd9qv3,2,sysadmin,False,A: SCRAPE GAP
1cdlkwm,1,sysadmin,False,A: SCRAPE GAP
1cdp36o,2,sysadmin,False,A: SCRAPE GAP
1cdsivi,1,sysadmin,False,A: SCRAPE GAP
1cefz1i,4,sysadmin,False,A: SCRAPE GAP
1cehwc2,2,sysadmin,False,A: SCRAPE GAP
1cemtuh,1,sysadmin,False,A: SCRAPE GAP
1cftb99,1,sysadmin,False,A: SCRAPE GAP
1cg9b2m,1,sysadmin,False,A: SCRAPE GAP
1cgbfv5,3,sysadmin,False,A: SCRAPE GAP
1cgeqe7,1,sysadmin,False,A: SCRAPE GAP
1cghbyd,1,sysadmin,False,A: SCRAPE GAP
1cgmaot,1,sysadmin,False,A: SCRAPE GAP
1cgqgok,1,sysadmin,False,A: SCRAPE GAP
1cgrygn,4,sysadmin,False,A: SCRAPE GAP
1cgs0vs,4,sysadmin,False,A: SCRAPE GAP
1cgsj8b,2,sysadmin,False,A: SCRAPE GAP
1cgsuzf,2,sysadmin,False,A: SCRAPE GAP
1cgx5bc,3,sysadmin,False,A: SCRAPE GAP
1cgzwxr,3,sysadmin,False,A: SCRAPE GAP
1ch06li,1,sysadmin,False,A: SCRAPE GAP
1ch5kvv,1,sysadmin,False,A: SCRAPE GAP
1ch8zf9,2,sysadmin,False,A: SCRAPE GAP
1chab4q,1,sysadmin,False,A: SCRAPE GAP
1chbkes,3,sysadmin,False,A: SCRAPE GAP
1chrt4x,2,sysadmin,False,A: SCRAPE GAP
1chrv28,4,sysadmin,False,A: SCRAPE GAP
1ci1fel,1,sysadmin,False,A: SCRAPE GAP
1cimagz,4,sysadmin,False,A: SCRAPE GAP
1cirieb,1,sysadmin,False,A: SCRAPE GAP
1cit495,3,sysadmin,False,A: SCRAPE GAP
1cixqz2,1,sysadmin,False,A: SCRAPE GAP
1cja9na,1,sysadmin,False,A: SCRAPE GAP
1cjea6m,1,sysadmin,False,A: SCRAPE GAP
1cjl5bg,1,sysadmin,False,A: SCRAPE GAP
1ck49y1,2,sysadmin,False,A: SCRAPE GAP
1ck4loe,2,sysadmin,False,A: SCRAPE GAP
1ckkwgu,1,sysadmin,False,A: SCRAPE GAP
1ckr6dp,2,sysadmin,False,A: SCRAPE GAP
1clzvss,1,sysadmin,False,A: SCRAPE GAP
1clzpsw,2,sysadmin,False,A: SCRAPE GAP
1cm0mra,1,sysadmin,False,A: SCRAPE GAP
1cm5wbu,2,sysadmin,False,A: SCRAPE GAP
1cmfica,2,sysadmin,False,A: SCRAPE GAP
1cmhrzl,2,sysadmin,False,A: SCRAPE GAP
1cmm7lw,1,sysadmin,False,A: SCRAPE GAP
1cmohlb,1,sysadmin,False,A: SCRAPE GAP
1cmxf0z,1,sysadmin,False,A: SCRAPE GAP
1cn0e0d,3,sysadmin,False,A: SCRAPE GAP
1cn7gsf,1,sysadmin,False,A: SCRAPE GAP
1cn8jeu,1,sysadmin,False,A: SCRAPE GAP
1cnbm1f,1,sysadmin,False,A: SCRAPE GAP
1cnk4oy,3,sysadmin,False,A: SCRAPE GAP
1cnncnb,2,sysadmin,False,A: SCRAPE GAP
1co2nmm,1,sysadmin,False,A: SCRAPE GAP
1co5wg7,3,sysadmin,False,A: SCRAPE GAP
1cocikw,1,sysadmin,False,A: SCRAPE GAP
1codvhw,2,sysadmin,False,A: SCRAPE GAP
1coktg3,2,sysadmin,False,A: SCRAPE GAP
1copnq4,3,sysadmin,False,A: SCRAPE GAP
1cozs2b,2,sysadmin,False,A: SCRAPE GAP
1cp98q6,2,sysadmin,False,A: SCRAPE GAP
1cpd6n1,3,sysadmin,False,A: SCRAPE GAP
1cprcan,3,sysadmin,False,A: SCRAPE GAP
1cqlgqz,2,sysadmin,False,A: SCRAPE GAP
1crhgxz,1,sysadmin,False,A: SCRAPE GAP
1crijuf,2,sysadmin,False,A: SCRAPE GAP
1crpzl9,2,sysadmin,False,A: SCRAPE GAP
1cru2fz,1,sysadmin,False,A: SCRAPE GAP
1crx8ts,1,sysadmin,False,A: SCRAPE GAP
1crztpp,1,sysadmin,False,A: SCRAPE GAP
1cs1tv0,1,sysadmin,False,A: SCRAPE GAP
1cs7um5,1,sysadmin,False,A: SCRAPE GAP
1csbhy3,2,sysadmin,False,A: SCRAPE GAP
1csawoi,1,sysadmin,False,A: SCRAPE GAP
1csfqdn,2,sysadmin,False,A: SCRAPE GAP
1cshv27,1,sysadmin,False,A: SCRAPE GAP
1csmgng,2,sysadmin,False,A: SCRAPE GAP
1csp8sa,1,sysadmin,False,A: SCRAPE GAP
1cspl6r,2,sysadmin,False,A: SCRAPE GAP
1csyikr,2,sysadmin,False,A: SCRAPE GAP
1ct0cfw,1,sysadmin,False,A: SCRAPE GAP
1ctg329,1,sysadmin,False,A: SCRAPE GAP
1ctisy8,4,sysadmin,False,A: SCRAPE GAP
1ctivf7,4,sysadmin,False,A: SCRAPE GAP
1ctn2pa,2,sysadmin,False,A: SCRAPE GAP
1cts398,1,sysadmin,False,A: SCRAPE GAP
1ctzbt9,1,sysadmin,False,A: SCRAPE GAP
1cu09b3,2,sysadmin,False,A: SCRAPE GAP
1cu378o,2,sysadmin,False,A: SCRAPE GAP
1cu9dd6,1,sysadmin,False,A: SCRAPE GAP
1cucwqm,2,sysadmin,False,A: SCRAPE GAP
1custoq,1,sysadmin,False,A: SCRAPE GAP
1cv6ecw,1,sysadmin,False,A: SCRAPE GAP
1cvtr9x,1,sysadmin,False,A: SCRAPE GAP
1cwjmae,1,sysadmin,False,A: SCRAPE GAP
1cwl8oz,1,sysadmin,False,A: SCRAPE GAP
1cwvhdj,1,sysadmin,False,A: SCRAPE GAP
1cxae6n,1,sysadmin,False,A: SCRAPE GAP
1cxc512,1,sysadmin,False,A: SCRAPE GAP
1cxfrnv,2,sysadmin,False,A: SCRAPE GAP
1cxguu2,3,sysadmin,False,A: SCRAPE GAP
1cxhcgq,1,sysadmin,False,A: SCRAPE GAP
1cxngh6,2,sysadmin,False,A: SCRAPE GAP
1cxq1wf,3,sysadmin,False,A: SCRAPE GAP
1cxub7g,1,sysadmin,False,A: SCRAPE GAP
1cy3qtf,1,sysadmin,False,A: SCRAPE GAP
1cy57i6,1,sysadmin,False,A: SCRAPE GAP
1cy7nkn,3,sysadmin,False,A: SCRAPE GAP
1cy62d9,2,sysadmin,False,A: SCRAPE GAP
1cy990m,1,sysadmin,False,A: SCRAPE GAP
1cycj9i,1,sysadmin,False,A: SCRAPE GAP
1cyojdj,1,sysadmin,False,A: SCRAPE GAP
1cynf4u,4,sysadmin,False,A: SCRAPE GAP
1cyqhjp,1,sysadmin,False,A: SCRAPE GAP
1cyu1s0,1,sysadmin,False,A: SCRAPE GAP
1cze7zq,1,sysadmin,False,A: SCRAPE GAP
1czppf6,1,sysadmin,False,A: SCRAPE GAP
1d12jw7,1,sysadmin,False,A: SCRAPE GAP
1d1rkgg,3,sysadmin,False,A: SCRAPE GAP
1d1tdrh,1,sysadmin,False,A: SCRAPE GAP
1d2649k,1,sysadmin,False,A: SCRAPE GAP
1d2cllh,1,sysadmin,False,A: SCRAPE GAP
1d2lgme,1,sysadmin,False,A: SCRAPE GAP
1d2mr6l,3,sysadmin,False,A: SCRAPE GAP
1d2nt5t,1,sysadmin,False,A: SCRAPE GAP
1d2mz67,1,sysadmin,False,A: SCRAPE GAP
1d2up5u,1,sysadmin,False,A: SCRAPE GAP
1d2xejd,1,sysadmin,False,A: SCRAPE GAP
1d3eqz4,1,sysadmin,False,A: SCRAPE GAP
1d38riv,1,sysadmin,False,A: SCRAPE GAP
1d3gpw4,2,sysadmin,False,A: SCRAPE GAP
1d3h2db,1,sysadmin,False,A: SCRAPE GAP
1d3ky64,2,sysadmin,False,A: SCRAPE GAP
1d3msvg,1,sysadmin,False,A: SCRAPE GAP
1d3sfuu,1,sysadmin,False,A: SCRAPE GAP
1d3uewd,3,sysadmin,False,A: SCRAPE GAP
1d3vuqr,2,sysadmin,False,A: SCRAPE GAP
1d3w9gl,1,sysadmin,False,A: SCRAPE GAP
1d44ml2,1,sysadmin,False,A: SCRAPE GAP
1d4axfe,1,sysadmin,False,A: SCRAPE GAP
1d4g28g,1,sysadmin,False,A: SCRAPE GAP
1d4fnop,1,sysadmin,False,A: SCRAPE GAP
1d4ktdn,2,sysadmin,False,A: SCRAPE GAP
1d4mvc1,1,sysadmin,False,A: SCRAPE GAP
1d4y8o1,2,sysadmin,False,A: SCRAPE GAP
1d50pmt,2,sysadmin,False,A: SCRAPE GAP
1d5gckw,1,sysadmin,False,A: SCRAPE GAP
1d5hv1e,3,sysadmin,False,A: SCRAPE GAP
1d5umz7,1,sysadmin,False,A: SCRAPE GAP
1d5oxbl,4,sysadmin,False,A: SCRAPE GAP
1d5upmt,2,sysadmin,False,A: SCRAPE GAP
1d6yhs6,2,sysadmin,False,A: SCRAPE GAP
1d73544,1,sysadmin,False,A: SCRAPE GAP
1d74taq,1,sysadmin,False,A: SCRAPE GAP
1d75f9o,1,sysadmin,False,A: SCRAPE GAP
1d77tbs,1,sysadmin,False,A: SCRAPE GAP
1d77x1a,2,sysadmin,False,A: SCRAPE GAP
1d78h6p,1,sysadmin,False,A: SCRAPE GAP
1d7f76v,3,sysadmin,False,A: SCRAPE GAP
1d7mkxq,1,sysadmin,False,A: SCRAPE GAP
1d7z5jp,1,sysadmin,False,A: SCRAPE GAP
1d7yoh7,1,sysadmin,False,A: SCRAPE GAP
1d81yy6,1,sysadmin,False,A: SCRAPE GAP
1d8el8g,1,sysadmin,False,A: SCRAPE GAP
1d8pyyv,1,sysadmin,False,A: SCRAPE GAP
1d91788,2,sysadmin,False,A: SCRAPE GAP
1d92o52,2,sysadmin,False,A: SCRAPE GAP
1d931fc,1,sysadmin,False,A: SCRAPE GAP
1d97t6t,1,sysadmin,False,A: SCRAPE GAP
1d9asn0,2,sysadmin,False,A: SCRAPE GAP
1d9extt,1,sysadmin,False,A: SCRAPE GAP
1d9ihmg,1,sysadmin,False,A: SCRAPE GAP
1d9j1eb,1,sysadmin,False,A: SCRAPE GAP
1d9p4gt,1,sysadmin,False,A: SCRAPE GAP
1d9ritx,1,sysadmin,False,A: SCRAPE GAP
1d9se5s,3,sysadmin,False,A: SCRAPE GAP
1d9sso9,1,sysadmin,False,A: SCRAPE GAP
1dacp5x,1,sysadmin,False,A: SCRAPE GAP
1dajqpd,2,sysadmin,False,A: SCRAPE GAP
1datflf,1,sysadmin,False,A: SCRAPE GAP
1dbakjj,1,sysadmin,False,A: SCRAPE GAP
1dc81s1,1,sysadmin,False,A: SCRAPE GAP
1dc8zfu,1,sysadmin,False,A: SCRAPE GAP
1dcwki9,2,sysadmin,False,A: SCRAPE GAP
1dd4v83,1,sysadmin,False,A: SCRAPE GAP
1ddaugh,2,sysadmin,False,A: SCRAPE GAP
1ddbjo7,1,sysadmin,False,A: SCRAPE GAP
1ddib4c,3,sysadmin,False,A: SCRAPE GAP
1ddoao9,1,sysadmin,False,A: SCRAPE GAP
1de15m2,1,sysadmin,False,A: SCRAPE GAP
1de5lrf,1,sysadmin,False,A: SCRAPE GAP
1de6vbu,3,sysadmin,False,A: SCRAPE GAP
1de7evi,2,sysadmin,False,A: SCRAPE GAP
1de8y5n,1,sysadmin,False,A: SCRAPE GAP
1depe5b,1,sysadmin,False,A: SCRAPE GAP
1detaun,2,sysadmin,False,A: SCRAPE GAP
1deuwxt,2,sysadmin,False,A: SCRAPE GAP
1df0te3,1,sysadmin,False,A: SCRAPE GAP
1df8jv2,2,sysadmin,False,A: SCRAPE GAP
1df92kt,1,sysadmin,False,A: SCRAPE GAP
1df9e0j,1,sysadmin,False,A: SCRAPE GAP
1dfa04k,1,sysadmin,False,A: SCRAPE GAP
1dfaa19,4,sysadmin,False,A: SCRAPE GAP
1dfgpey,2,sysadmin,False,A: SCRAPE GAP
1dfmuu2,2,sysadmin,False,A: SCRAPE GAP
1dfybba,2,sysadmin,False,A: SCRAPE GAP
1dfzse5,1,sysadmin,False,A: SCRAPE GAP
1dg0j4r,2,sysadmin,False,A: SCRAPE GAP
1dg8vb6,1,sysadmin,False,A: SCRAPE GAP
1dgewko,2,sysadmin,False,A: SCRAPE GAP
1dhfy8m,2,sysadmin,False,A: SCRAPE GAP
1dhfsfk,3,sysadmin,False,A: SCRAPE GAP
1di1rx9,1,sysadmin,False,A: SCRAPE GAP
1di1ufx,1,sysadmin,False,A: SCRAPE GAP
1diuq3c,1,sysadmin,False,A: SCRAPE GAP
1dj15xi,3,sysadmin,False,A: SCRAPE GAP
1dj4tys,3,sysadmin,False,A: SCRAPE GAP
1dj77ka,1,sysadmin,False,A: SCRAPE GAP
1djf26u,1,sysadmin,False,A: SCRAPE GAP
1djij3z,1,sysadmin,False,A: SCRAPE GAP
1djowad,1,sysadmin,False,A: SCRAPE GAP
1djttpg,2,sysadmin,False,A: SCRAPE GAP
1djyycm,1,sysadmin,False,A: SCRAPE GAP
1dk9a18,3,sysadmin,False,A: SCRAPE GAP
1dkn4u3,3,sysadmin,False,A: SCRAPE GAP
1dleup3,2,sysadmin,False,A: SCRAPE GAP
1dlk1tm,1,sysadmin,False,A: SCRAPE GAP
1dllnsb,2,sysadmin,False,A: SCRAPE GAP
1dlvrf4,1,sysadmin,False,A: SCRAPE GAP
1dm3mfr,3,sysadmin,False,A: SCRAPE GAP
1dmvgnv,1,sysadmin,False,A: SCRAPE GAP
1dn4a1d,1,sysadmin,False,A: SCRAPE GAP
1dnlfbk,2,sysadmin,False,A: SCRAPE GAP
1dnr9l4,3,sysadmin,False,A: SCRAPE GAP
1dnowvn,1,sysadmin,False,A: SCRAPE GAP
1dnqsrg,1,sysadmin,False,A: SCRAPE GAP
1dnrodh,1,sysadmin,False,A: SCRAPE GAP
1dnsxs7,3,sysadmin,False,A: SCRAPE GAP
1dnv8sv,3,sysadmin,False,A: SCRAPE GAP
1do22q9,1,sysadmin,False,A: SCRAPE GAP
1dodj7w,1,sysadmin,False,A: SCRAPE GAP
1dox71r,1,sysadmin,False,A: SCRAPE GAP
1dp1274,1,sysadmin,False,A: SCRAPE GAP
1dp3mhp,2,sysadmin,False,A: SCRAPE GAP
1dp56c9,2,sysadmin,False,A: SCRAPE GAP
1dp8j0o,1,sysadmin,False,A: SCRAPE GAP
1dpbz18,1,sysadmin,False,A: SCRAPE GAP
1dq6bfu,2,sysadmin,False,A: SCRAPE GAP
1dqfqyk,1,sysadmin,False,A: SCRAPE GAP
1dqmdpx,1,sysadmin,False,A: SCRAPE GAP
1dqpvp5,1,sysadmin,False,A: SCRAPE GAP
1dqrdoo,2,sysadmin,False,A: SCRAPE GAP
1dqt48s,2,sysadmin,False,A: SCRAPE GAP
1dqwp7v,1,sysadmin,False,A: SCRAPE GAP
1dqxwu5,1,sysadmin,False,A: SCRAPE GAP
1dqxcv8,2,sysadmin,False,A: SCRAPE GAP
1drcy3t,1,sysadmin,False,A: SCRAPE GAP
1drhsfg,2,sysadmin,False,A: SCRAPE GAP
1drit1n,2,sysadmin,False,A: SCRAPE GAP
1ds6qad,2,sysadmin,False,A: SCRAPE GAP
1dsihsq,2,sysadmin,False,A: SCRAPE GAP
1dso9pb,1,sysadmin,False,A: SCRAPE GAP
1dsp2mm,1,sysadmin,False,A: SCRAPE GAP
1dsr0pb,1,sysadmin,False,A: SCRAPE GAP
1dsr056,2,sysadmin,False,A: SCRAPE GAP
1dswbhw,1,sysadmin,False,A: SCRAPE GAP
1dt3rme,3,sysadmin,False,A: SCRAPE GAP
1dt5ghj,1,sysadmin,False,A: SCRAPE GAP
1dthuw1,1,sysadmin,False,A: SCRAPE GAP
1dtqu7w,1,sysadmin,False,A: SCRAPE GAP
1dty3wv,1,sysadmin,False,A: SCRAPE GAP
1du2o43,2,sysadmin,False,A: SCRAPE GAP
1dulpq6,1,sysadmin,False,A: SCRAPE GAP
1dunw4n,3,sysadmin,False,A: SCRAPE GAP
1duq8pj,1,sysadmin,False,A: SCRAPE GAP
1dutsz1,2,sysadmin,False,A: SCRAPE GAP
1dusfr9,1,sysadmin,False,A: SCRAPE GAP
1dvk9ao,2,sysadmin,False,A: SCRAPE GAP
1dvxcz7,1,sysadmin,False,A: SCRAPE GAP
1dwl0i1,1,sysadmin,False,A: SCRAPE GAP
1dwvl2r,1,sysadmin,False,A: SCRAPE GAP
1dy1zlm,2,sysadmin,False,A: SCRAPE GAP
1dy4kez,1,sysadmin,False,A: SCRAPE GAP
1dybidm,1,sysadmin,False,A: SCRAPE GAP
1dz0mzw,2,sysadmin,False,A: SCRAPE GAP
1dz2aos,2,sysadmin,False,A: SCRAPE GAP
1dz75rn,3,sysadmin,False,A: SCRAPE GAP
1dz9abr,1,sysadmin,False,A: SCRAPE GAP
1dzgxu5,2,sysadmin,False,A: SCRAPE GAP
1dzxauu,2,sysadmin,False,A: SCRAPE GAP
1dzxu2v,1,sysadmin,False,A: SCRAPE GAP
1dzvpeb,1,sysadmin,False,A: SCRAPE GAP
1e0484d,1,sysadmin,False,A: SCRAPE GAP
1e05xjk,1,sysadmin,False,A: SCRAPE GAP
1e09jyc,1,sysadmin,False,A: SCRAPE GAP
1e0flr2,2,sysadmin,False,A: SCRAPE GAP
1e0d9ht,4,sysadmin,False,A: SCRAPE GAP
1e0fmuk,2,sysadmin,False,A: SCRAPE GAP
1e0fv6v,3,sysadmin,False,A: SCRAPE GAP
1e0p0um,2,sysadmin,False,A: SCRAPE GAP
1e0s3s4,3,sysadmin,False,A: SCRAPE GAP
1e0zoyx,1,sysadmin,False,A: SCRAPE GAP
1e16l5e,1,sysadmin,False,A: SCRAPE GAP
1e19a7g,1,sysadmin,False,A: SCRAPE GAP
1e1awxq,2,sysadmin,False,A: SCRAPE GAP
1e1aeuf,2,sysadmin,False,A: SCRAPE GAP
1e18dl4,2,sysadmin,False,A: SCRAPE GAP
1e1g26r,1,sysadmin,False,A: SCRAPE GAP
1e1j75r,1,sysadmin,False,A: SCRAPE GAP
1e1qn7n,2,sysadmin,False,A: SCRAPE GAP
1e1sp2w,4,sysadmin,False,A: SCRAPE GAP
1e22tl1,2,sysadmin,False,A: SCRAPE GAP
1e22rxx,3,sysadmin,False,A: SCRAPE GAP
1e2kn9t,1,sysadmin,False,A: SCRAPE GAP
1e2t377,2,sysadmin,False,A: SCRAPE GAP
1e3ifds,2,sysadmin,False,A: SCRAPE GAP
1e3xzls,3,sysadmin,False,A: SCRAPE GAP
1e420et,1,sysadmin,False,A: SCRAPE GAP
1e4gtei,1,sysadmin,False,A: SCRAPE GAP
1e4iblj,1,sysadmin,False,A: SCRAPE GAP
1e4n4bx,2,sysadmin,False,A: SCRAPE GAP
1e4squm,2,sysadmin,False,A: SCRAPE GAP
1e4tpf0,2,sysadmin,False,A: SCRAPE GAP
1e4uuos,1,sysadmin,False,A: SCRAPE GAP
1e4wkc6,1,sysadmin,False,A: SCRAPE GAP
1e4ykjr,1,sysadmin,False,A: SCRAPE GAP
1e53yh3,2,sysadmin,False,A: SCRAPE GAP
1e5c733,1,sysadmin,False,A: SCRAPE GAP
1e5emnq,2,sysadmin,False,A: SCRAPE GAP
1e5jqd6,1,sysadmin,False,A: SCRAPE GAP
1e5q55q,1,sysadmin,False,A: SCRAPE GAP
1e5qqbh,1,sysadmin,False,A: SCRAPE GAP
1e5zvli,2,sysadmin,False,A: SCRAPE GAP
1e62tj3,3,sysadmin,False,A: SCRAPE GAP
1e6jlu0,1,sysadmin,False,A: SCRAPE GAP
1e6heb2,2,sysadmin,False,A: SCRAPE GAP
1e6n2pd,2,sysadmin,False,A: SCRAPE GAP
1e6mwac,3,sysadmin,False,A: SCRAPE GAP
1e6pbf5,2,sysadmin,False,A: SCRAPE GAP
1e70nvx,1,sysadmin,False,A: SCRAPE GAP
1e6z7xf,1,sysadmin,False,A: SCRAPE GAP
1e7gngj,1,sysadmin,False,A: SCRAPE GAP
1e7j5i8,2,sysadmin,False,A: SCRAPE GAP
1e7mo45,2,sysadmin,False,A: SCRAPE GAP
1e7o2zo,2,sysadmin,False,A: SCRAPE GAP
1e7rchi,1,sysadmin,False,A: SCRAPE GAP
1e7r0f9,3,sysadmin,False,A: SCRAPE GAP
1e7unt9,2,sysadmin,False,A: SCRAPE GAP
1e7t7wv,2,sysadmin,False,A: SCRAPE GAP
1e80k5t,1,sysadmin,False,A: SCRAPE GAP
1e817wb,2,sysadmin,False,A: SCRAPE GAP
1e85zn6,1,sysadmin,False,A: SCRAPE GAP
1e8ikgv,2,sysadmin,False,A: SCRAPE GAP
1e8da8m,1,sysadmin,False,A: SCRAPE GAP
1e8lkad,1,sysadmin,False,A: SCRAPE GAP
1e8r4iv,2,sysadmin,False,A: SCRAPE GAP
1e9eo9g,1,sysadmin,False,A: SCRAPE GAP
1e9n6in,3,sysadmin,False,A: SCRAPE GAP
1ea4zev,1,sysadmin,False,A: SCRAPE GAP
1ea9lpr,3,sysadmin,False,A: SCRAPE GAP
1eabpru,1,sysadmin,False,A: SCRAPE GAP
1eag7fi,1,sysadmin,False,A: SCRAPE GAP
1eaib9l,1,sysadmin,False,A: SCRAPE GAP
1eav00n,1,sysadmin,False,A: SCRAPE GAP
1eb0irw,2,sysadmin,False,A: SCRAPE GAP
1eb6qvl,1,sysadmin,False,A: SCRAPE GAP
1eb6h5g,1,sysadmin,False,A: SCRAPE GAP
1ebc3tw,3,sysadmin,False,A: SCRAPE GAP
1ebev9j,1,sysadmin,False,A: SCRAPE GAP
1ebu4eq,3,sysadmin,False,A: SCRAPE GAP
1ebtfl9,2,sysadmin,False,A: SCRAPE GAP
1ebu5ey,3,sysadmin,False,A: SCRAPE GAP
1ec4s0u,1,sysadmin,False,A: SCRAPE GAP
1ecnzax,1,sysadmin,False,A: SCRAPE GAP
1eclp2x,1,sysadmin,False,A: SCRAPE GAP
1ecnl2z,3,sysadmin,False,A: SCRAPE GAP
1econvx,3,sysadmin,False,A: SCRAPE GAP
1ecpe86,1,sysadmin,False,A: SCRAPE GAP
1ecrh5p,2,sysadmin,False,A: SCRAPE GAP
1ecuktz,1,sysadmin,False,A: SCRAPE GAP
1ecvl3g,2,sysadmin,False,A: SCRAPE GAP
1ed2tvc,3,sysadmin,False,A: SCRAPE GAP
1ed9ug3,1,sysadmin,False,A: SCRAPE GAP
1edob0y,3,sysadmin,False,A: SCRAPE GAP
1edstah,1,sysadmin,False,A: SCRAPE GAP
1edxrzn,1,sysadmin,False,A: SCRAPE GAP
1eea2ud,3,sysadmin,False,A: SCRAPE GAP
1eecvrk,1,sysadmin,False,A: SCRAPE GAP
1eenr77,3,sysadmin,False,A: SCRAPE GAP
1eelzqr,2,sysadmin,False,A: SCRAPE GAP
1eep7eq,1,sysadmin,False,A: SCRAPE GAP
1eet26i,2,sysadmin,False,A: SCRAPE GAP
1ef055b,1,sysadmin,False,A: SCRAPE GAP
1ef37d5,1,sysadmin,False,A: SCRAPE GAP
1ef3g4x,1,sysadmin,False,A: SCRAPE GAP
1ef7juh,1,sysadmin,False,A: SCRAPE GAP
1ef8i6i,2,sysadmin,False,A: SCRAPE GAP
1efdp1t,2,sysadmin,False,A: SCRAPE GAP
1efemux,1,sysadmin,False,A: SCRAPE GAP
1efg2ya,2,sysadmin,False,A: SCRAPE GAP
1efmu6u,1,sysadmin,False,A: SCRAPE GAP
1efue55,3,sysadmin,False,A: SCRAPE GAP
1efvx67,4,sysadmin,False,A: SCRAPE GAP
1eg1sy6,2,sysadmin,False,A: SCRAPE GAP
1eg7q3u,1,sysadmin,False,A: SCRAPE GAP
1eg960h,1,sysadmin,False,A: SCRAPE GAP
1egc2kf,1,sysadmin,False,A: SCRAPE GAP
1egn141,1,sysadmin,False,A: SCRAPE GAP
1egpgis,1,sysadmin,False,A: SCRAPE GAP
1egpzyk,1,sysadmin,False,A: SCRAPE GAP
1egvl3r,1,sysadmin,False,A: SCRAPE GAP
1eh6hh2,1,sysadmin,False,A: SCRAPE GAP
1ehg6yz,1,sysadmin,False,A: SCRAPE GAP
1ehiun3,1,sysadmin,False,A: SCRAPE GAP
1ehkgqo,3,sysadmin,False,A: SCRAPE GAP
1ehlz9o,1,sysadmin,False,A: SCRAPE GAP
1ehmfsp,1,sysadmin,False,A: SCRAPE GAP
1ehtcj0,2,sysadmin,False,A: SCRAPE GAP
1ehtvlk,1,sysadmin,False,A: SCRAPE GAP
1ehuhiy,1,sysadmin,False,A: SCRAPE GAP
1ehuk4e,1,sysadmin,False,A: SCRAPE GAP
1ehwpg1,1,sysadmin,False,A: SCRAPE GAP
1ehxco2,1,sysadmin,False,A: SCRAPE GAP
1ej2n26,4,sysadmin,False,A: SCRAPE GAP
1ej96j1,1,sysadmin,False,A: SCRAPE GAP
1ejngog,2,sysadmin,False,A: SCRAPE GAP
1ek95db,2,sysadmin,False,A: SCRAPE GAP
1eklrly,1,sysadmin,False,A: SCRAPE GAP
1elh4cq,2,sysadmin,False,A: SCRAPE GAP
1elikwk,1,sysadmin,False,A: SCRAPE GAP
1elnolo,1,sysadmin,False,A: SCRAPE GAP
1elqq23,2,sysadmin,False,A: SCRAPE GAP
1em385m,1,sysadmin,False,A: SCRAPE GAP
1em7fqw,1,sysadmin,False,A: SCRAPE GAP
1emdavb,1,sysadmin,False,A: SCRAPE GAP
1emftuv,1,sysadmin,False,A: SCRAPE GAP
1emgygu,1,sysadmin,False,A: SCRAPE GAP
1emyzky,2,sysadmin,False,A: SCRAPE GAP
1en5ook,3,sysadmin,False,A: SCRAPE GAP
1enenii,1,sysadmin,False,A: SCRAPE GAP
1enhl5e,3,sysadmin,False,A: SCRAPE GAP
1enl3g2,1,sysadmin,False,A: SCRAPE GAP
1eo856w,1,sysadmin,False,A: SCRAPE GAP
1eoc2hc,1,sysadmin,False,A: SCRAPE GAP
1eofpj7,1,sysadmin,False,A: SCRAPE GAP
1epbd0a,2,sysadmin,False,A: SCRAPE GAP
1epmr44,2,sysadmin,False,A: SCRAPE GAP
1eqonau,1,sysadmin,False,A: SCRAPE GAP
1eqvmyq,1,sysadmin,False,A: SCRAPE GAP
1er0qtq,2,sysadmin,False,A: SCRAPE GAP
1er7qxl,1,sysadmin,False,A: SCRAPE GAP
1er8jjq,3,sysadmin,False,A: SCRAPE GAP
1era1tm,1,sysadmin,False,A: SCRAPE GAP
1erb17v,1,sysadmin,False,A: SCRAPE GAP
1eraysd,2,sysadmin,False,A: SCRAPE GAP
1erf549,1,sysadmin,False,A: SCRAPE GAP
1erikwg,1,sysadmin,False,A: SCRAPE GAP
1eri82m,1,sysadmin,False,A: SCRAPE GAP
1ert442,4,sysadmin,False,A: SCRAPE GAP
1eryc6i,2,sysadmin,False,A: SCRAPE GAP
1erzmbq,1,sysadmin,False,A: SCRAPE GAP
1es3p2y,4,sysadmin,False,A: SCRAPE GAP
1es3q5u,1,sysadmin,False,A: SCRAPE GAP
1es6th5,3,sysadmin,False,A: SCRAPE GAP
1esfmx1,4,sysadmin,False,A: SCRAPE GAP
1esmiqg,1,sysadmin,False,A: SCRAPE GAP
1esk4ea,1,sysadmin,False,A: SCRAPE GAP
1et1e3o,1,sysadmin,False,A: SCRAPE GAP
1et865w,1,sysadmin,False,A: SCRAPE GAP
1etavxx,1,sysadmin,False,A: SCRAPE GAP
1etaxa5,1,sysadmin,False,A: SCRAPE GAP
1etp6l6,1,sysadmin,False,A: SCRAPE GAP
1etride,1,sysadmin,False,A: SCRAPE GAP
1etswfr,1,sysadmin,False,A: SCRAPE GAP
1etsspb,1,sysadmin,False,A: SCRAPE GAP
1etx63o,1,sysadmin,False,A: SCRAPE GAP
1eu7gdc,1,sysadmin,False,A: SCRAPE GAP
1euen67,4,sysadmin,False,A: SCRAPE GAP
1ev3set,1,sysadmin,False,A: SCRAPE GAP
1ev3ahe,1,sysadmin,False,A: SCRAPE GAP
1evbgso,1,sysadmin,False,A: SCRAPE GAP
1eve2jb,1,sysadmin,False,A: SCRAPE GAP
1evmxl6,2,sysadmin,False,A: SCRAPE GAP
1evkdsi,1,sysadmin,False,A: SCRAPE GAP
1ew58ca,1,sysadmin,False,A: SCRAPE GAP
1ew9kjj,1,sysadmin,False,A: SCRAPE GAP
1ewayxn,1,sysadmin,False,A: SCRAPE GAP
1ex2i6w,2,sysadmin,False,A: SCRAPE GAP
1ex64kr,1,sysadmin,False,A: SCRAPE GAP
1ex6zsm,1,sysadmin,False,A: SCRAPE GAP
1exnnz2,1,sysadmin,False,A: SCRAPE GAP
1exsyil,4,sysadmin,False,A: SCRAPE GAP
1exx6rg,1,sysadmin,False,A: SCRAPE GAP
1ey0iqv,2,sysadmin,False,A: SCRAPE GAP
1ey4zul,1,sysadmin,False,A: SCRAPE GAP
1eyksxh,1,sysadmin,False,A: SCRAPE GAP
1eypkx4,3,sysadmin,False,A: SCRAPE GAP
1eyvpeu,2,sysadmin,False,A: SCRAPE GAP
1eza80o,1,sysadmin,False,A: SCRAPE GAP
1ezaviv,1,sysadmin,False,A: SCRAPE GAP
1ezglgq,1,sysadmin,False,A: SCRAPE GAP
1ezw0qt,2,sysadmin,False,A: SCRAPE GAP
1f025go,1,sysadmin,False,A: SCRAPE GAP
1f0f3ut,1,sysadmin,False,A: SCRAPE GAP
1f0l6jk,1,sysadmin,False,A: SCRAPE GAP
1f0trp9,1,sysadmin,False,A: SCRAPE GAP
1f0r06a,2,sysadmin,False,A: SCRAPE GAP
1f0ylqt,1,sysadmin,False,A: SCRAPE GAP
1f14pto,1,sysadmin,False,A: SCRAPE GAP
1f16upd,3,sysadmin,False,A: SCRAPE GAP
1f17vg6,1,sysadmin,False,A: SCRAPE GAP
1f1x1mi,1,sysadmin,False,A: SCRAPE GAP
1f22iiz,1,sysadmin,False,A: SCRAPE GAP
1f26dxm,2,sysadmin,False,A: SCRAPE GAP
1f2kbeo,1,sysadmin,False,A: SCRAPE GAP
1f2njoh,1,sysadmin,False,A: SCRAPE GAP
1f2nmck,2,sysadmin,False,A: SCRAPE GAP
1f2qfb9,1,sysadmin,False,A: SCRAPE GAP
1f2tifb,1,sysadmin,False,A: SCRAPE GAP
1f2w4l2,1,sysadmin,False,A: SCRAPE GAP
1f30c6w,1,sysadmin,False,A: SCRAPE GAP
1f33t5p,1,sysadmin,False,A: SCRAPE GAP
1f390zw,1,sysadmin,False,A: SCRAPE GAP
1f3b17i,2,sysadmin,False,A: SCRAPE GAP
1f3c2gd,2,sysadmin,False,A: SCRAPE GAP
1f3cy26,3,sysadmin,False,A: SCRAPE GAP
1f3ghyx,2,sysadmin,False,A: SCRAPE GAP
1f3j3ze,2,sysadmin,False,A: SCRAPE GAP
1f3tfgv,1,sysadmin,False,A: SCRAPE GAP
1f3ufn6,1,sysadmin,False,A: SCRAPE GAP
1f44air,1,sysadmin,False,A: SCRAPE GAP
1f48b4w,2,sysadmin,False,A: SCRAPE GAP
1f48tm1,3,sysadmin,False,A: SCRAPE GAP
1f4bmkl,1,sysadmin,False,A: SCRAPE GAP
1f4exn0,1,sysadmin,False,A: SCRAPE GAP
1f4j1z3,1,sysadmin,False,A: SCRAPE GAP
1f5057n,3,sysadmin,False,A: SCRAPE GAP
1f6ips4,1,sysadmin,False,A: SCRAPE GAP
1f6c5oa,2,sysadmin,False,A: SCRAPE GAP
1f7kug3,1,sysadmin,False,A: SCRAPE GAP
1f7x6oj,1,sysadmin,False,A: SCRAPE GAP
1f7yhy4,1,sysadmin,False,A: SCRAPE GAP
1f874t6,2,sysadmin,False,A: SCRAPE GAP
1f8amyc,2,sysadmin,False,A: SCRAPE GAP
1f8omnj,1,sysadmin,False,A: SCRAPE GAP
1f8w57g,2,sysadmin,False,A: SCRAPE GAP
1f97ko9,3,sysadmin,False,A: SCRAPE GAP
1f9al9y,4,sysadmin,False,A: SCRAPE GAP
1f9bk8y,1,sysadmin,False,A: SCRAPE GAP
1f9n5xh,1,sysadmin,False,A: SCRAPE GAP
1f9q6vq,1,sysadmin,False,A: SCRAPE GAP
1f9qnhy,2,sysadmin,False,A: SCRAPE GAP
1fa7vqv,1,sysadmin,False,A: SCRAPE GAP
1faihjp,2,sysadmin,False,A: SCRAPE GAP
1famzir,2,sysadmin,False,A: SCRAPE GAP
1fant0h,1,sysadmin,False,A: SCRAPE GAP
1fanvpe,1,sysadmin,False,A: SCRAPE GAP
1fao8l0,1,sysadmin,False,A: SCRAPE GAP
1faw1rd,3,sysadmin,False,A: SCRAPE GAP
1fawyso,2,sysadmin,False,A: SCRAPE GAP
1fb7643,2,sysadmin,False,A: SCRAPE GAP
1fbgdxy,2,sysadmin,False,A: SCRAPE GAP
1fc0tga,2,sysadmin,False,A: SCRAPE GAP
1fcarou,3,sysadmin,False,A: SCRAPE GAP
1fcahgz,1,sysadmin,False,A: SCRAPE GAP
1fcjkjr,1,sysadmin,False,A: SCRAPE GAP
1fdanmr,2,sysadmin,False,A: SCRAPE GAP
1fdflb4,2,sysadmin,False,A: SCRAPE GAP
1fdm18z,1,sysadmin,False,A: SCRAPE GAP
1fds1wm,1,sysadmin,False,A: SCRAPE GAP
1fe43ou,4,sysadmin,False,A: SCRAPE GAP
1fe4s27,2,sysadmin,False,A: SCRAPE GAP
1fem7j6,1,sysadmin,False,A: SCRAPE GAP
1fejx18,4,sysadmin,False,A: SCRAPE GAP
1fey3jo,1,sysadmin,False,A: SCRAPE GAP
1ffg4bi,1,sysadmin,False,A: SCRAPE GAP
1ffj53z,1,sysadmin,False,A: SCRAPE GAP
1ffpxr5,3,sysadmin,False,A: SCRAPE GAP
1fftxv3,2,sysadmin,False,A: SCRAPE GAP
1ffsmqa,1,sysadmin,False,A: SCRAPE GAP
1ffu6mm,2,sysadmin,False,A: SCRAPE GAP
1fg3lwb,2,sysadmin,False,A: SCRAPE GAP
1fg31fg,4,sysadmin,False,A: SCRAPE GAP
1fg5vfn,1,sysadmin,False,A: SCRAPE GAP
1fgxt7e,1,sysadmin,False,A: SCRAPE GAP
1fgjmuc,2,sysadmin,False,A: SCRAPE GAP
1fhyusp,4,sysadmin,False,A: SCRAPE GAP
1fi3c7z,1,sysadmin,False,A: SCRAPE GAP
1fi77ak,3,sysadmin,False,A: SCRAPE GAP
1fie8yj,2,sysadmin,False,A: SCRAPE GAP
1fieeih,1,sysadmin,False,A: SCRAPE GAP
1fj5kip,2,sysadmin,False,A: SCRAPE GAP
1fj85fd,2,sysadmin,False,A: SCRAPE GAP
1fj6xsb,3,sysadmin,False,A: SCRAPE GAP
1fj9rxf,3,sysadmin,False,A: SCRAPE GAP
1fj8vnl,1,sysadmin,False,A: SCRAPE GAP
1fja3it,1,sysadmin,False,A: SCRAPE GAP
1fjgkjs,1,sysadmin,False,A: SCRAPE GAP
1fjti7q,1,sysadmin,False,A: SCRAPE GAP
1fjuwik,1,sysadmin,False,A: SCRAPE GAP
1fjv8rl,1,sysadmin,False,A: SCRAPE GAP
1fk4ofd,2,sysadmin,False,A: SCRAPE GAP
1fk9spn,2,sysadmin,False,A: SCRAPE GAP
1fl2q8l,1,sysadmin,False,A: SCRAPE GAP
1flzmin,1,sysadmin,False,A: SCRAPE GAP
1fm2hvv,3,sysadmin,False,A: SCRAPE GAP
1fmcj3x,1,sysadmin,False,A: SCRAPE GAP
1fmcpr4,2,sysadmin,False,A: SCRAPE GAP
1fmsbxc,3,sysadmin,False,A: SCRAPE GAP
1fmxhe6,2,sysadmin,False,A: SCRAPE GAP
1fnm6rt,1,sysadmin,False,A: SCRAPE GAP
1fnp4fk,1,sysadmin,False,A: SCRAPE GAP
1fnslut,1,sysadmin,False,A: SCRAPE GAP
1fo0g7v,1,sysadmin,False,A: SCRAPE GAP
1foeaki,2,sysadmin,False,A: SCRAPE GAP
1fohxeh,3,sysadmin,False,A: SCRAPE GAP
1fonm9d,1,sysadmin,False,A: SCRAPE GAP
1fot3hk,1,sysadmin,False,A: SCRAPE GAP
1fp890y,1,sysadmin,False,A: SCRAPE GAP
1fpankh,1,sysadmin,False,A: SCRAPE GAP
1fp9pnp,2,sysadmin,False,A: SCRAPE GAP
1fpf05z,1,sysadmin,False,A: SCRAPE GAP
1fpgn0y,1,sysadmin,False,A: SCRAPE GAP
1fpo9s2,2,sysadmin,False,A: SCRAPE GAP
1fqboyy,3,sysadmin,False,A: SCRAPE GAP
1fqjepd,1,sysadmin,False,A: SCRAPE GAP
1fqoq5b,1,sysadmin,False,A: SCRAPE GAP
1fqpxdj,3,sysadmin,False,A: SCRAPE GAP
1fqv1u0,1,sysadmin,False,A: SCRAPE GAP
1fqxnhn,2,sysadmin,False,A: SCRAPE GAP
1fs9d4c,1,sysadmin,False,A: SCRAPE GAP
1fsh35y,1,sysadmin,False,A: SCRAPE GAP
1fsnmt8,2,sysadmin,False,A: SCRAPE GAP
1fstq94,2,sysadmin,False,A: SCRAPE GAP
1ft0fx7,1,sysadmin,False,A: SCRAPE GAP
1fsyxti,1,sysadmin,False,A: SCRAPE GAP
1ft7cwa,1,sysadmin,False,A: SCRAPE GAP
1ft7km2,1,sysadmin,False,A: SCRAPE GAP
1ft8v30,1,sysadmin,False,A: SCRAPE GAP
1ft9mfv,1,sysadmin,False,A: SCRAPE GAP
1ftbpp0,2,sysadmin,False,A: SCRAPE GAP
1ftjsq6,2,sysadmin,False,A: SCRAPE GAP
1ftwbpg,1,sysadmin,False,A: SCRAPE GAP
1fu1ctn,2,sysadmin,False,A: SCRAPE GAP
1fu137u,1,sysadmin,False,A: SCRAPE GAP
1fu4rdv,2,sysadmin,False,A: SCRAPE GAP
1fu94d2,1,sysadmin,False,A: SCRAPE GAP
1fudi19,1,sysadmin,False,A: SCRAPE GAP
1fuhpiw,2,sysadmin,False,A: SCRAPE GAP
1furelo,1,sysadmin,False,A: SCRAPE GAP
1fusy3y,1,sysadmin,False,A: SCRAPE GAP
1fut7fn,1,sysadmin,False,A: SCRAPE GAP
1fuu035,1,sysadmin,False,A: SCRAPE GAP
1fuziet,1,sysadmin,False,A: SCRAPE GAP
1fvkgx5,1,sysadmin,False,A: SCRAPE GAP
1fw2psy,2,sysadmin,False,A: SCRAPE GAP
1fw3ogr,1,sysadmin,False,A: SCRAPE GAP
1fw5ykm,1,sysadmin,False,A: SCRAPE GAP
1fxe7cq,1,sysadmin,False,A: SCRAPE GAP
1fxz7il,2,sysadmin,False,A: SCRAPE GAP
1fxzs4i,1,sysadmin,False,A: SCRAPE GAP
1fyanbt,1,sysadmin,False,A: SCRAPE GAP
1fyceco,1,sysadmin,False,A: SCRAPE GAP
1fyd8ff,1,sysadmin,False,A: SCRAPE GAP
1fyfew8,2,sysadmin,False,A: SCRAPE GAP
1fyjgdo,2,sysadmin,False,A: SCRAPE GAP
1fyrfae,3,sysadmin,False,A: SCRAPE GAP
1fyqid4,3,sysadmin,False,A: SCRAPE GAP
1fyu802,3,sysadmin,False,A: SCRAPE GAP
1fyx2pv,4,sysadmin,False,A: SCRAPE GAP
1fz2iwx,2,sysadmin,False,A: SCRAPE GAP
1fz56ei,1,sysadmin,False,A: SCRAPE GAP
1fz7u12,1,sysadmin,False,A: SCRAPE GAP
1fz8b1w,3,sysadmin,False,A: SCRAPE GAP
1fzg6cg,1,sysadmin,False,A: SCRAPE GAP
1fzpouv,1,sysadmin,False,A: SCRAPE GAP
1fzqhkn,1,sysadmin,False,A: SCRAPE GAP
1fzu3vv,1,sysadmin,False,A: SCRAPE GAP
1g011cn,2,sysadmin,False,A: SCRAPE GAP
1fzyki2,1,sysadmin,False,A: SCRAPE GAP
1g0cm7u,2,sysadmin,False,A: SCRAPE GAP
1g0mfxr,1,sysadmin,False,A: SCRAPE GAP
1g0mi6p,1,sysadmin,False,A: SCRAPE GAP
1g0nicu,1,sysadmin,False,A: SCRAPE GAP
1g0oa35,1,sysadmin,False,A: SCRAPE GAP
1g0qs7d,1,sysadmin,False,A: SCRAPE GAP
1g0ty6y,1,sysadmin,False,A: SCRAPE GAP
1g0xwod,1,sysadmin,False,A: SCRAPE GAP
1g10aij,3,sysadmin,False,A: SCRAPE GAP
1g0y3de,1,sysadmin,False,A: SCRAPE GAP
1g11ov0,3,sysadmin,False,A: SCRAPE GAP
1g107jr,1,sysadmin,False,A: SCRAPE GAP
1g151lq,1,sysadmin,False,A: SCRAPE GAP
1g1g44c,1,sysadmin,False,A: SCRAPE GAP
1g1stg2,2,sysadmin,False,A: SCRAPE GAP
1g1w8l9,2,sysadmin,False,A: SCRAPE GAP
1g246vs,1,sysadmin,False,A: SCRAPE GAP
1g2fw0j,1,sysadmin,False,A: SCRAPE GAP
1g35bxl,2,sysadmin,False,A: SCRAPE GAP
1g3ef0l,3,sysadmin,False,A: SCRAPE GAP
1g3mkji,4,sysadmin,False,A: SCRAPE GAP
1g3mrmz,1,sysadmin,False,A: SCRAPE GAP
1g3pioe,1,sysadmin,False,A: SCRAPE GAP
1g3r35x,1,sysadmin,False,A: SCRAPE GAP
1g422t4,1,sysadmin,False,A: SCRAPE GAP
1g48sou,1,sysadmin,False,A: SCRAPE GAP
1g4gw7l,2,sysadmin,False,A: SCRAPE GAP
1g4o9y6,1,sysadmin,False,A: SCRAPE GAP
1g4po17,2,sysadmin,False,A: SCRAPE GAP
1g57876,2,sysadmin,False,A: SCRAPE GAP
1g5gih8,1,sysadmin,False,A: SCRAPE GAP
1g5laxd,1,sysadmin,False,A: SCRAPE GAP
1g5m40x,2,sysadmin,False,A: SCRAPE GAP
1g5obkb,1,sysadmin,False,A: SCRAPE GAP
1g5qs8y,1,sysadmin,False,A: SCRAPE GAP
1g5rz87,1,sysadmin,False,A: SCRAPE GAP
1g5zqj6,2,sysadmin,False,A: SCRAPE GAP
1g5znr9,2,sysadmin,False,A: SCRAPE GAP
1g61e7i,1,sysadmin,False,A: SCRAPE GAP
1g61izz,1,sysadmin,False,A: SCRAPE GAP
1g647ve,1,sysadmin,False,A: SCRAPE GAP
1g677u5,1,sysadmin,False,A: SCRAPE GAP
1g6dgug,2,sysadmin,False,A: SCRAPE GAP
1g6h0kl,2,sysadmin,False,A: SCRAPE GAP
1g6ic9g,2,sysadmin,False,A: SCRAPE GAP
1g6levz,1,sysadmin,False,A: SCRAPE GAP
1g6nf7o,2,sysadmin,False,A: SCRAPE GAP
1g6oa2t,4,sysadmin,False,A: SCRAPE GAP
1g6td91,1,sysadmin,False,A: SCRAPE GAP
1g6ybjh,1,sysadmin,False,A: SCRAPE GAP
1g7ysi5,2,sysadmin,False,A: SCRAPE GAP
1g86291,2,sysadmin,False,A: SCRAPE GAP
1g7y2dv,3,sysadmin,False,A: SCRAPE GAP
1g8cv9d,1,sysadmin,False,A: SCRAPE GAP
1g8ph57,2,sysadmin,False,A: SCRAPE GAP
1g8zhmj,1,sysadmin,False,A: SCRAPE GAP
1g973ub,1,sysadmin,False,A: SCRAPE GAP
1g99mcy,2,sysadmin,False,A: SCRAPE GAP
1g9n91s,2,sysadmin,False,A: SCRAPE GAP
1g9onc1,3,sysadmin,False,A: SCRAPE GAP
1g9yf78,1,sysadmin,False,A: SCRAPE GAP
1ga0ynb,1,sysadmin,False,A: SCRAPE GAP
1gac3l1,1,sysadmin,False,A: SCRAPE GAP
1gac59l,1,sysadmin,False,A: SCRAPE GAP
1gai170,1,sysadmin,False,A: SCRAPE GAP
1galapo,2,sysadmin,False,A: SCRAPE GAP
1gay5qo,1,sysadmin,False,A: SCRAPE GAP
1gb9rco,1,sysadmin,False,A: SCRAPE GAP
1gbfjrb,1,sysadmin,False,A: SCRAPE GAP
1gbgu3j,3,sysadmin,False,A: SCRAPE GAP
1gbn8dd,3,sysadmin,False,A: SCRAPE GAP
1gbt4lt,3,sysadmin,False,A: SCRAPE GAP
1gbxztp,1,sysadmin,False,A: SCRAPE GAP
1gc0cuj,2,sysadmin,False,A: SCRAPE GAP
1gc7xwv,2,sysadmin,False,A: SCRAPE GAP
1gd9vvn,1,sysadmin,False,A: SCRAPE GAP
1gcvtj4,1,sysadmin,False,A: SCRAPE GAP
1gdlu3b,1,sysadmin,False,A: SCRAPE GAP
1ge158t,1,sysadmin,False,A: SCRAPE GAP
1ge3lf2,2,sysadmin,False,A: SCRAPE GAP
1geqa2r,1,sysadmin,False,A: SCRAPE GAP
1gew5bx,1,sysadmin,False,A: SCRAPE GAP
1geyywn,1,sysadmin,False,A: SCRAPE GAP
1gf2za0,1,sysadmin,False,A: SCRAPE GAP
1gf8e71,4,sysadmin,False,A: SCRAPE GAP
1gf96ro,2,sysadmin,False,A: SCRAPE GAP
1gf616j,2,sysadmin,False,A: SCRAPE GAP
1gfe40n,1,sysadmin,False,A: SCRAPE GAP
1gfgc95,3,sysadmin,False,A: SCRAPE GAP
1gfo63t,1,sysadmin,False,A: SCRAPE GAP
1ggag59,1,sysadmin,False,A: SCRAPE GAP
1ggbxz3,3,sysadmin,False,A: SCRAPE GAP
1ggcef2,3,sysadmin,False,A: SCRAPE GAP
1ggeh8v,1,sysadmin,False,A: SCRAPE GAP
1ggest5,1,sysadmin,False,A: SCRAPE GAP
1ggnm3a,2,sysadmin,False,A: SCRAPE GAP
1ggmp4u,2,sysadmin,False,A: SCRAPE GAP
1ggu5kq,1,sysadmin,False,A: SCRAPE GAP
1gh19u7,2,sysadmin,False,A: SCRAPE GAP
1ghc63e,1,sysadmin,False,A: SCRAPE GAP
1ghdynx,1,sysadmin,False,A: SCRAPE GAP
1gi937r,3,sysadmin,False,A: SCRAPE GAP
1gi7bxf,2,sysadmin,False,A: SCRAPE GAP
1gid1ca,1,sysadmin,False,A: SCRAPE GAP
1gioc0w,2,sysadmin,False,A: SCRAPE GAP
1gj1jeu,2,sysadmin,False,A: SCRAPE GAP
1gjn6qi,1,sysadmin,False,A: SCRAPE GAP
1gjq5zi,3,sysadmin,False,A: SCRAPE GAP
1gju7jv,1,sysadmin,False,A: SCRAPE GAP
1gjuo0g,4,sysadmin,False,A: SCRAPE GAP
1gk45ul,2,sysadmin,False,A: SCRAPE GAP
1gksqwh,2,sysadmin,False,A: SCRAPE GAP
1gknlli,2,sysadmin,False,A: SCRAPE GAP
1gkwmar,3,sysadmin,False,A: SCRAPE GAP
1gl0xqy,1,sysadmin,False,A: SCRAPE GAP
1gl1j63,1,sysadmin,False,A: SCRAPE GAP
1gl4rhf,4,sysadmin,False,A: SCRAPE GAP
1gl414k,1,sysadmin,False,A: SCRAPE GAP
1gl68gj,2,sysadmin,False,A: SCRAPE GAP
1gl7yei,1,sysadmin,False,A: SCRAPE GAP
1gm03hq,2,sysadmin,False,A: SCRAPE GAP
1gm27xs,1,sysadmin,False,A: SCRAPE GAP
1gm6tl1,1,sysadmin,False,A: SCRAPE GAP
1gmcrak,1,sysadmin,False,A: SCRAPE GAP
1gmid75,1,sysadmin,False,A: SCRAPE GAP
1gmkd6t,1,sysadmin,False,A: SCRAPE GAP
1gmmhx8,1,sysadmin,False,A: SCRAPE GAP
1gn17vy,1,sysadmin,False,A: SCRAPE GAP
1gndgl8,3,sysadmin,False,A: SCRAPE GAP
1gofbqf,1,sysadmin,False,A: SCRAPE GAP
1gog9o2,3,sysadmin,False,A: SCRAPE GAP
1gopnza,2,sysadmin,False,A: SCRAPE GAP
1gpjtxo,2,sysadmin,False,A: SCRAPE GAP
1gpsxkt,2,sysadmin,False,A: SCRAPE GAP
1gpt2xa,1,sysadmin,False,A: SCRAPE GAP
1gq2bwq,3,sysadmin,False,A: SCRAPE GAP
1gq4z9j,3,sysadmin,False,A: SCRAPE GAP
1gqn7df,2,sysadmin,False,A: SCRAPE GAP
1gr5ukx,1,sysadmin,False,A: SCRAPE GAP
1gr67y0,1,sysadmin,False,A: SCRAPE GAP
1gr1cv5,3,sysadmin,False,A: SCRAPE GAP
1gr8k8c,1,sysadmin,False,A: SCRAPE GAP
1graj42,1,sysadmin,False,A: SCRAPE GAP
1grkkgl,1,sysadmin,False,A: SCRAPE GAP
1grqjgs,1,sysadmin,False,A: SCRAPE GAP
1grvulv,1,sysadmin,False,A: SCRAPE GAP
1gs86tj,1,sysadmin,False,A: SCRAPE GAP
1gs89kj,4,sysadmin,False,A: SCRAPE GAP
1gssdr1,2,sysadmin,False,A: SCRAPE GAP
1gt9bke,1,sysadmin,False,A: SCRAPE GAP
1gtvcy0,1,sysadmin,False,A: SCRAPE GAP
1gu0fs2,2,sysadmin,False,A: SCRAPE GAP
1guax2e,1,sysadmin,False,A: SCRAPE GAP
1gucfg8,1,sysadmin,False,A: SCRAPE GAP
1gui141,1,sysadmin,False,A: SCRAPE GAP
1gv1e7n,1,sysadmin,False,A: SCRAPE GAP
1gv4ph0,1,sysadmin,False,A: SCRAPE GAP
1gv5pwj,3,sysadmin,False,A: SCRAPE GAP
1gvc05a,3,sysadmin,False,A: SCRAPE GAP
1gvblma,1,sysadmin,False,A: SCRAPE GAP
1gvhwvy,2,sysadmin,False,A: SCRAPE GAP
1gvkgjh,3,sysadmin,False,A: SCRAPE GAP
1gvqnez,4,sysadmin,False,A: SCRAPE GAP
1gvrvwy,2,sysadmin,False,A: SCRAPE GAP
1gvvqlk,4,sysadmin,False,A: SCRAPE GAP
1gvvyge,1,sysadmin,False,A: SCRAPE GAP
1gw0uzg,3,sysadmin,False,A: SCRAPE GAP
1gvvo4q,1,sysadmin,False,A: SCRAPE GAP
1gw5ejf,1,sysadmin,False,A: SCRAPE GAP
1gwhlsa,2,sysadmin,False,A: SCRAPE GAP
1gwghl2,2,sysadmin,False,A: SCRAPE GAP
1gwlzhd,2,sysadmin,False,A: SCRAPE GAP
1gwmre3,3,sysadmin,False,A: SCRAPE GAP
1gxiy9r,1,sysadmin,False,A: SCRAPE GAP
1gxjkzq,2,sysadmin,False,A: SCRAPE GAP
1gxld2y,3,sysadmin,False,A: SCRAPE GAP
1gxsjtd,3,sysadmin,False,A: SCRAPE GAP
1gy2jie,2,sysadmin,False,A: SCRAPE GAP
1gz1ozt,1,sysadmin,False,A: SCRAPE GAP
1gz9orm,1,sysadmin,False,A: SCRAPE GAP
1gzh9hb,1,sysadmin,False,A: SCRAPE GAP
1gzppk5,2,sysadmin,False,A: SCRAPE GAP
1gzr82f,1,sysadmin,False,A: SCRAPE GAP
1gzxfo2,1,sysadmin,False,A: SCRAPE GAP
1h0gnmg,1,sysadmin,False,A: SCRAPE GAP
1h0k7aa,1,sysadmin,False,A: SCRAPE GAP
1h0p88x,1,sysadmin,False,A: SCRAPE GAP
1h0pf12,1,sysadmin,False,A: SCRAPE GAP
1h1btn3,1,sysadmin,False,A: SCRAPE GAP
1h1glck,1,sysadmin,False,A: SCRAPE GAP
1h1knen,1,sysadmin,False,A: SCRAPE GAP
1h1vdzu,1,sysadmin,False,A: SCRAPE GAP
1h28zfw,1,sysadmin,False,A: SCRAPE GAP
1h2d82s,2,sysadmin,False,A: SCRAPE GAP
1h2nkjj,1,sysadmin,False,A: SCRAPE GAP
1h2vk6d,1,sysadmin,False,A: SCRAPE GAP
1h4qomi,3,sysadmin,False,A: SCRAPE GAP
1h4w273,1,sysadmin,False,A: SCRAPE GAP
1h4za5a,2,sysadmin,False,A: SCRAPE GAP
1h4yj9f,3,sysadmin,False,A: SCRAPE GAP
1h51d2b,1,sysadmin,False,A: SCRAPE GAP
1h5gkmx,2,sysadmin,False,A: SCRAPE GAP
1h5i416,1,sysadmin,False,A: SCRAPE GAP
1h5vp18,1,sysadmin,False,A: SCRAPE GAP
1h5wjnw,1,sysadmin,False,A: SCRAPE GAP
1h5yrtq,1,sysadmin,False,A: SCRAPE GAP
1h5zcs5,1,sysadmin,False,A: SCRAPE GAP
1h60f02,2,sysadmin,False,A: SCRAPE GAP
1h61d1b,1,sysadmin,False,A: SCRAPE GAP
1h63cvh,2,sysadmin,False,A: SCRAPE GAP
1h6p6gg,3,sysadmin,False,A: SCRAPE GAP
1h6ygt4,2,sysadmin,False,A: SCRAPE GAP
1h6yynl,1,sysadmin,False,A: SCRAPE GAP
1h6ys8o,1,sysadmin,False,A: SCRAPE GAP
1h7ct7o,2,sysadmin,False,A: SCRAPE GAP
1h7da3d,3,sysadmin,False,A: SCRAPE GAP
1h7iu0l,2,sysadmin,False,A: SCRAPE GAP
1h7nbu8,1,sysadmin,False,A: SCRAPE GAP
1h7t7ei,2,sysadmin,False,A: SCRAPE GAP
1h8b1mx,1,sysadmin,False,A: SCRAPE GAP
1h8gro3,2,sysadmin,False,A: SCRAPE GAP
1h8tl4n,4,sysadmin,False,A: SCRAPE GAP
1h8yrec,1,sysadmin,False,A: SCRAPE GAP
1h93uyr,1,sysadmin,False,A: SCRAPE GAP
1h94h3i,3,sysadmin,False,A: SCRAPE GAP
1h99iok,3,sysadmin,False,A: SCRAPE GAP
1h9gfax,1,sysadmin,False,A: SCRAPE GAP
1h9p7n4,1,sysadmin,False,A: SCRAPE GAP
1ha10cx,1,sysadmin,False,A: SCRAPE GAP
1ha42y8,1,sysadmin,False,A: SCRAPE GAP
1hadklq,3,sysadmin,False,A: SCRAPE GAP
1hae3v2,2,sysadmin,False,A: SCRAPE GAP
1hal2bq,1,sysadmin,False,A: SCRAPE GAP
1hasy6j,3,sysadmin,False,A: SCRAPE GAP
1hay0vs,2,sysadmin,False,A: SCRAPE GAP
1hb3urv,1,sysadmin,False,A: SCRAPE GAP
1hbfxcf,2,sysadmin,False,A: SCRAPE GAP
1hc6sws,1,sysadmin,False,A: SCRAPE GAP
1hcdcit,1,sysadmin,False,A: SCRAPE GAP
1hcc6qm,1,sysadmin,False,A: SCRAPE GAP
1hcr8ti,3,sysadmin,False,A: SCRAPE GAP
1hcwmos,2,sysadmin,False,A: SCRAPE GAP
1hcxqgs,3,sysadmin,False,A: SCRAPE GAP
1hdf3qh,1,sysadmin,False,A: SCRAPE GAP
1hdlmg0,2,sysadmin,False,A: SCRAPE GAP
1hdopsf,1,sysadmin,False,A: SCRAPE GAP
1hdpqvu,1,sysadmin,False,A: SCRAPE GAP
1hdy1n7,2,sysadmin,False,A: SCRAPE GAP
1hdse4n,1,sysadmin,False,A: SCRAPE GAP
1hedm96,1,sysadmin,False,A: SCRAPE GAP
1hf93ju,3,sysadmin,False,A: SCRAPE GAP
1hfi7u3,1,sysadmin,False,A: SCRAPE GAP
1hfi5cm,1,sysadmin,False,A: SCRAPE GAP
1hfkt8c,1,sysadmin,False,A: SCRAPE GAP
1hfmmpb,1,sysadmin,False,A: SCRAPE GAP
1hfnfl9,2,sysadmin,False,A: SCRAPE GAP
1hfnn76,1,sysadmin,False,A: SCRAPE GAP
1hfpzrf,2,sysadmin,False,A: SCRAPE GAP
1hft4fp,2,sysadmin,False,A: SCRAPE GAP
1hfsjtg,1,sysadmin,False,A: SCRAPE GAP
1hfy0zu,4,sysadmin,False,A: SCRAPE GAP
1hgdw3q,1,sysadmin,False,A: SCRAPE GAP
1hglvuf,2,sysadmin,False,A: SCRAPE GAP
1hgo3i4,1,sysadmin,False,A: SCRAPE GAP
1hh2oz6,3,sysadmin,False,A: SCRAPE GAP
1hh37tx,1,sysadmin,False,A: SCRAPE GAP
1hh6mhq,1,sysadmin,False,A: SCRAPE GAP
1hhc7l9,1,sysadmin,False,A: SCRAPE GAP
1hhku9a,2,sysadmin,False,A: SCRAPE GAP
1hhogn0,1,sysadmin,False,A: SCRAPE GAP
1hhv6m1,1,sysadmin,False,A: SCRAPE GAP
1hhvcu7,1,sysadmin,False,A: SCRAPE GAP
1hhz5v1,1,sysadmin,False,A: SCRAPE GAP
1hig2ly,2,sysadmin,False,A: SCRAPE GAP
1hih0wl,3,sysadmin,False,A: SCRAPE GAP
1hiiw95,3,sysadmin,False,A: SCRAPE GAP
1hilcx0,1,sysadmin,False,A: SCRAPE GAP
1him07i,1,sysadmin,False,A: SCRAPE GAP
1hioxil,1,sysadmin,False,A: SCRAPE GAP
1hiosmx,1,sysadmin,False,A: SCRAPE GAP
1hixwvm,1,sysadmin,False,A: SCRAPE GAP
1hjyh4g,1,sysadmin,False,A: SCRAPE GAP
1hkb1a7,1,sysadmin,False,A: SCRAPE GAP
1hkptmw,1,sysadmin,False,A: SCRAPE GAP
1hkwh0k,1,sysadmin,False,A: SCRAPE GAP
1hlckug,2,sysadmin,False,A: SCRAPE GAP
1hno5cn,2,sysadmin,False,A: SCRAPE GAP
1hoa9gp,1,sysadmin,False,A: SCRAPE GAP
1hoi09i,1,sysadmin,False,A: SCRAPE GAP
1hokuyl,1,sysadmin,False,A: SCRAPE GAP
1hp5i3e,2,sysadmin,False,A: SCRAPE GAP
1hq56m5,1,sysadmin,False,A: SCRAPE GAP
1hrsf7a,3,sysadmin,False,A: SCRAPE GAP
1hsa8um,2,sysadmin,False,A: SCRAPE GAP
1hsgtdh,1,sysadmin,False,A: SCRAPE GAP
1hsriz4,1,sysadmin,False,A: SCRAPE GAP
1hssw80,3,sysadmin,False,A: SCRAPE GAP
1hsvqqz,2,sysadmin,False,A: SCRAPE GAP
1hsvgoe,1,sysadmin,False,A: SCRAPE GAP
1htdj9m,1,sysadmin,False,A: SCRAPE GAP
1huvm9e,2,sysadmin,False,A: SCRAPE GAP
1hv0sqx,1,sysadmin,False,A: SCRAPE GAP
1hv7g5s,1,sysadmin,False,A: SCRAPE GAP
1hv79my,1,sysadmin,False,A: SCRAPE GAP
1hv51kj,3,sysadmin,False,A: SCRAPE GAP
1hv8cqa,2,sysadmin,False,A: SCRAPE GAP
1hve7zm,1,sysadmin,False,A: SCRAPE GAP
1hvouie,1,sysadmin,False,A: SCRAPE GAP
1hvpkou,2,sysadmin,False,A: SCRAPE GAP
1hvtabf,1,sysadmin,False,A: SCRAPE GAP
1hvtjeg,1,sysadmin,False,A: SCRAPE GAP
1hvxuwz,1,sysadmin,False,A: SCRAPE GAP
1hw5y43,1,sysadmin,False,A: SCRAPE GAP
1hw4ie1,1,sysadmin,False,A: SCRAPE GAP
1hwkkkj,2,sysadmin,False,A: SCRAPE GAP
1hwlhvk,1,sysadmin,False,A: SCRAPE GAP
1hwmmj0,2,sysadmin,False,A: SCRAPE GAP
1hxay0m,2,sysadmin,False,A: SCRAPE GAP
1hxcuw6,1,sysadmin,False,A: SCRAPE GAP
1hxfccm,1,sysadmin,False,A: SCRAPE GAP
1hxfnhb,1,sysadmin,False,A: SCRAPE GAP
1hxh7db,1,sysadmin,False,A: SCRAPE GAP
1hxjr03,1,sysadmin,False,A: SCRAPE GAP
1hxnhi2,1,sysadmin,False,A: SCRAPE GAP
1hxrrxi,1,sysadmin,False,A: SCRAPE GAP
1hxwrob,1,sysadmin,False,A: SCRAPE GAP
1hy8g47,1,sysadmin,False,A: SCRAPE GAP
1hyb87h,3,sysadmin,False,A: SCRAPE GAP
1hyeb07,1,sysadmin,False,A: SCRAPE GAP
1hyfhx9,1,sysadmin,False,A: SCRAPE GAP
1hyijaq,2,sysadmin,False,A: SCRAPE GAP
1hyil3q,2,sysadmin,False,A: SCRAPE GAP
1hz0lns,1,sysadmin,False,A: SCRAPE GAP
1hz5cog,1,sysadmin,False,A: SCRAPE GAP
1hzbrjj,1,sysadmin,False,A: SCRAPE GAP
1i07lhq,1,sysadmin,False,A: SCRAPE GAP
1i0fbf6,3,sysadmin,False,A: SCRAPE GAP
1i0i85v,1,sysadmin,False,A: SCRAPE GAP
1i0k041,1,sysadmin,False,A: SCRAPE GAP
1i134wy,1,sysadmin,False,A: SCRAPE GAP
1i198dl,1,sysadmin,False,A: SCRAPE GAP
1i1afoe,1,sysadmin,False,A: SCRAPE GAP
1i1i2yy,2,sysadmin,False,A: SCRAPE GAP
1i1v6no,2,sysadmin,False,A: SCRAPE GAP
1i2326g,2,sysadmin,False,A: SCRAPE GAP
1i27ka5,1,sysadmin,False,A: SCRAPE GAP
1i2bojc,1,sysadmin,False,A: SCRAPE GAP
1i2folf,1,sysadmin,False,A: SCRAPE GAP
1i2g8iw,1,sysadmin,False,A: SCRAPE GAP
1i2h6l1,2,sysadmin,False,A: SCRAPE GAP
1i2qrck,1,sysadmin,False,A: SCRAPE GAP
1i2wn6k,1,sysadmin,False,A: SCRAPE GAP
1i3643i,1,sysadmin,False,A: SCRAPE GAP
1i38f2u,2,sysadmin,False,A: SCRAPE GAP
1i3de2k,3,sysadmin,False,A: SCRAPE GAP
1i3ivln,1,sysadmin,False,A: SCRAPE GAP
1i3kiz4,2,sysadmin,False,A: SCRAPE GAP
1i3mk92,2,sysadmin,False,A: SCRAPE GAP
1i3sfe0,4,sysadmin,False,A: SCRAPE GAP
1i3qhqo,1,sysadmin,False,A: SCRAPE GAP
1i4a2k2,1,sysadmin,False,A: SCRAPE GAP
1i4b9th,2,sysadmin,False,A: SCRAPE GAP
1i5ez9c,1,sysadmin,False,A: SCRAPE GAP
1i5pfs8,1,sysadmin,False,A: SCRAPE GAP
1i60vky,2,sysadmin,False,A: SCRAPE GAP
1i6g14a,1,sysadmin,False,A: SCRAPE GAP
1i6iw63,2,sysadmin,False,A: SCRAPE GAP
1i6u4o6,1,sysadmin,False,A: SCRAPE GAP
1i75q8t,1,sysadmin,False,A: SCRAPE GAP
1i7b68q,1,sysadmin,False,A: SCRAPE GAP
1i7d4mw,2,sysadmin,False,A: SCRAPE GAP
1i7ph50,1,sysadmin,False,A: SCRAPE GAP
1i7vgbb,2,sysadmin,False,A: SCRAPE GAP
1i8r832,1,sysadmin,False,A: SCRAPE GAP
1i8pr2r,3,sysadmin,False,A: SCRAPE GAP
1i8vfb4,1,sysadmin,False,A: SCRAPE GAP
1i8whet,1,sysadmin,False,A: SCRAPE GAP
1i8ztad,1,sysadmin,False,A: SCRAPE GAP
1i9c4vp,1,sysadmin,False,A: SCRAPE GAP
1i9g8fs,3,sysadmin,False,A: SCRAPE GAP
1i9fe89,1,sysadmin,False,A: SCRAPE GAP
1ian605,4,sysadmin,False,A: SCRAPE GAP
1ib0xif,3,sysadmin,False,A: SCRAPE GAP
1ib0pta,2,sysadmin,False,A: SCRAPE GAP
1ibbjhc,3,sysadmin,False,A: SCRAPE GAP
1ibeaen,1,sysadmin,False,A: SCRAPE GAP
1ibe4p4,2,sysadmin,False,A: SCRAPE GAP
1ibmc1c,3,sysadmin,False,A: SCRAPE GAP
1ibpc7l,1,sysadmin,False,A: SCRAPE GAP
1ibujwn,1,sysadmin,False,A: SCRAPE GAP
1ic402k,1,sysadmin,False,A: SCRAPE GAP
1ic5jrd,1,sysadmin,False,A: SCRAPE GAP
1ica2ww,1,sysadmin,False,A: SCRAPE GAP
1icb624,1,sysadmin,False,A: SCRAPE GAP
1icvo2n,3,sysadmin,False,A: SCRAPE GAP
1icz9u0,1,sysadmin,False,A: SCRAPE GAP
1ida0xb,1,sysadmin,False,A: SCRAPE GAP
1idi05x,1,sysadmin,False,A: SCRAPE GAP
1idm9ea,1,sysadmin,False,A: SCRAPE GAP
1ie20b4,1,sysadmin,False,A: SCRAPE GAP
1ie3eoq,2,sysadmin,False,A: SCRAPE GAP
1ie4d1e,1,sysadmin,False,A: SCRAPE GAP
1ie3iwz,2,sysadmin,False,A: SCRAPE GAP
1ie8xiz,2,sysadmin,False,A: SCRAPE GAP
1iee7ds,4,sysadmin,False,A: SCRAPE GAP
1ifbx60,2,sysadmin,False,A: SCRAPE GAP
1ifby21,2,sysadmin,False,A: SCRAPE GAP
1ifq5ch,2,sysadmin,False,A: SCRAPE GAP
1ig9lqo,2,sysadmin,False,A: SCRAPE GAP
1ig7h5r,1,sysadmin,False,A: SCRAPE GAP
1igxbgu,1,sysadmin,False,A: SCRAPE GAP
1igyvup,2,sysadmin,False,A: SCRAPE GAP
1ih83t9,1,sysadmin,False,A: SCRAPE GAP
1ihanyk,2,sysadmin,False,A: SCRAPE GAP
1ihp77x,3,sysadmin,False,A: SCRAPE GAP
1ihqcu0,1,sysadmin,False,A: SCRAPE GAP
1ihu652,2,sysadmin,False,A: SCRAPE GAP
1ihxrti,1,sysadmin,False,A: SCRAPE GAP
1ihvjic,1,sysadmin,False,A: SCRAPE GAP
1ihujj8,2,sysadmin,False,A: SCRAPE GAP
1ii9n6k,2,sysadmin,False,A: SCRAPE GAP
1iiczml,1,sysadmin,False,A: SCRAPE GAP
1iifsvn,2,sysadmin,False,A: SCRAPE GAP
1ij4fl9,2,sysadmin,False,A: SCRAPE GAP
1ij53fo,1,sysadmin,False,A: SCRAPE GAP
1ijj9xm,1,sysadmin,False,A: SCRAPE GAP
1ijv2n0,2,sysadmin,False,A: SCRAPE GAP
1ijzgva,2,sysadmin,False,A: SCRAPE GAP
1ijzrr6,1,sysadmin,False,A: SCRAPE GAP
1ik2pcr,2,sysadmin,False,A: SCRAPE GAP
1ik2vdm,4,sysadmin,False,A: SCRAPE GAP
1ik6g9i,1,sysadmin,False,A: SCRAPE GAP
1ik7avg,1,sysadmin,False,A: SCRAPE GAP
1ik970d,3,sysadmin,False,A: SCRAPE GAP
1iklj0r,1,sysadmin,False,A: SCRAPE GAP
1ikhzlj,1,sysadmin,False,A: SCRAPE GAP
1il4ebg,1,sysadmin,False,A: SCRAPE GAP
1ilmvjr,2,sysadmin,False,A: SCRAPE GAP
1il0w5u,1,sysadmin,False,A: SCRAPE GAP
1imn8de,2,sysadmin,False,A: SCRAPE GAP
1imtiea,1,sysadmin,False,A: SCRAPE GAP
1imwfb5,1,sysadmin,False,A: SCRAPE GAP
1imz6o8,1,sysadmin,False,A: SCRAPE GAP
1in0274,1,sysadmin,False,A: SCRAPE GAP
1in18sa,1,sysadmin,False,A: SCRAPE GAP
1in6g1n,1,sysadmin,False,A: SCRAPE GAP
1in9sob,1,sysadmin,False,A: SCRAPE GAP
1inegka,1,sysadmin,False,A: SCRAPE GAP
1intehh,1,sysadmin,False,A: SCRAPE GAP
1inv9no,2,sysadmin,False,A: SCRAPE GAP
1io6ny0,1,sysadmin,False,A: SCRAPE GAP
1ioky6b,1,sysadmin,False,A: SCRAPE GAP
1ionxlt,1,sysadmin,False,A: SCRAPE GAP
1iopfs3,2,sysadmin,False,A: SCRAPE GAP
1iotwui,1,sysadmin,False,A: SCRAPE GAP
1ip0xk9,2,sysadmin,False,A: SCRAPE GAP
1ip1xzu,1,sysadmin,False,A: SCRAPE GAP
1ip8ln1,2,sysadmin,False,A: SCRAPE GAP
1ipblnm,1,sysadmin,False,A: SCRAPE GAP
1ipng3g,1,sysadmin,False,A: SCRAPE GAP
1iq26gc,1,sysadmin,False,A: SCRAPE GAP
1iqrnii,1,sysadmin,False,A: SCRAPE GAP
1ir0gca,1,sysadmin,False,A: SCRAPE GAP
1iqxnzr,1,sysadmin,False,A: SCRAPE GAP
1ir1cvw,2,sysadmin,False,A: SCRAPE GAP
1irj4l3,2,sysadmin,False,A: SCRAPE GAP
1irjadl,1,sysadmin,False,A: SCRAPE GAP
1irmroz,3,sysadmin,False,A: SCRAPE GAP
1irp7p6,1,sysadmin,False,A: SCRAPE GAP
1irwgw1,2,sysadmin,False,A: SCRAPE GAP
1isdxga,3,sysadmin,False,A: SCRAPE GAP
1ise1y1,1,sysadmin,False,A: SCRAPE GAP
1isk6o5,2,sysadmin,False,A: SCRAPE GAP
1ismsxu,1,sysadmin,False,A: SCRAPE GAP
1isns0g,1,sysadmin,False,A: SCRAPE GAP
1it8oae,1,sysadmin,False,A: SCRAPE GAP
1it7z16,1,sysadmin,False,A: SCRAPE GAP
1ita65h,2,sysadmin,False,A: SCRAPE GAP
1itps5z,2,sysadmin,False,A: SCRAPE GAP
1itqgwt,1,sysadmin,False,A: SCRAPE GAP
1iu5u7t,1,sysadmin,False,A: SCRAPE GAP
1iudnc6,1,sysadmin,False,A: SCRAPE GAP
1iufvc9,2,sysadmin,False,A: SCRAPE GAP
1iuq5o0,4,sysadmin,False,A: SCRAPE GAP
1iuo9s5,1,sysadmin,False,A: SCRAPE GAP
1iuqfwp,2,sysadmin,False,A: SCRAPE GAP
1iurck7,2,sysadmin,False,A: SCRAPE GAP
1iutruu,3,sysadmin,False,A: SCRAPE GAP
1iuzxcd,2,sysadmin,False,A: SCRAPE GAP
1iv1zs1,1,sysadmin,False,A: SCRAPE GAP
1iv4kp8,3,sysadmin,False,A: SCRAPE GAP
1iv81zk,1,sysadmin,False,A: SCRAPE GAP
1ivtcfu,1,sysadmin,False,A: SCRAPE GAP
1ivvnwi,1,sysadmin,False,A: SCRAPE GAP
1iw3gkh,2,sysadmin,False,A: SCRAPE GAP
1iw6aeh,2,sysadmin,False,A: SCRAPE GAP
1iwwmat,2,sysadmin,False,A: SCRAPE GAP
1ixmf0n,1,sysadmin,False,A: SCRAPE GAP
1iyav5m,3,sysadmin,False,A: SCRAPE GAP
1iyeil5,1,sysadmin,False,A: SCRAPE GAP
1iykhsd,1,sysadmin,False,A: SCRAPE GAP
1iyko1b,3,sysadmin,False,A: SCRAPE GAP
1iz3l9f,1,sysadmin,False,A: SCRAPE GAP
1izc9x1,2,sysadmin,False,A: SCRAPE GAP
1izetwa,1,sysadmin,False,A: SCRAPE GAP
1izja87,1,sysadmin,False,A: SCRAPE GAP
1izoal0,2,sysadmin,False,A: SCRAPE GAP
1j046ht,1,sysadmin,False,A: SCRAPE GAP
1j048df,2,sysadmin,False,A: SCRAPE GAP
1j0a268,3,sysadmin,False,A: SCRAPE GAP
1j0bg9l,2,sysadmin,False,A: SCRAPE GAP
1j0bukz,2,sysadmin,False,A: SCRAPE GAP
1j0djxb,2,sysadmin,False,A: SCRAPE GAP
1j0cknc,1,sysadmin,False,A: SCRAPE GAP
1j0dq7z,2,sysadmin,False,A: SCRAPE GAP
1j0dvgu,2,sysadmin,False,A: SCRAPE GAP
1j0fa8k,1,sysadmin,False,A: SCRAPE GAP
1j0gkdb,1,sysadmin,False,A: SCRAPE GAP
1j15lvt,1,sysadmin,False,A: SCRAPE GAP
1j1bj9l,2,sysadmin,False,A: SCRAPE GAP
1j1plm1,1,sysadmin,False,A: SCRAPE GAP
1j1r5dq,1,sysadmin,False,A: SCRAPE GAP
1j2ets8,1,sysadmin,False,A: SCRAPE GAP
1j2kdkf,2,sysadmin,False,A: SCRAPE GAP
1j2kj3w,1,sysadmin,False,A: SCRAPE GAP
1j2l1dt,1,sysadmin,False,A: SCRAPE GAP
1j2m10e,1,sysadmin,False,A: SCRAPE GAP
1j2y0pk,1,sysadmin,False,A: SCRAPE GAP
1j368hw,1,sysadmin,False,A: SCRAPE GAP
1j3lbgj,1,sysadmin,False,A: SCRAPE GAP
1j3mwha,1,sysadmin,False,A: SCRAPE GAP
1j3z8c9,1,sysadmin,False,A: SCRAPE GAP
1j4audi,2,sysadmin,False,A: SCRAPE GAP
1j4asuo,1,sysadmin,False,A: SCRAPE GAP
1j4km3o,2,sysadmin,False,A: SCRAPE GAP
1j4t6on,1,sysadmin,False,A: SCRAPE GAP
1j53vbi,1,sysadmin,False,A: SCRAPE GAP
1j5c3dc,3,sysadmin,False,A: SCRAPE GAP
1j5q2be,1,sysadmin,False,A: SCRAPE GAP
1j5yo2r,1,sysadmin,False,A: SCRAPE GAP
1j5ybum,2,sysadmin,False,A: SCRAPE GAP
1j7flfa,2,sysadmin,False,A: SCRAPE GAP
1j87sd2,2,sysadmin,False,A: SCRAPE GAP
1j89vwy,2,sysadmin,False,A: SCRAPE GAP
1j8lgx7,3,sysadmin,False,A: SCRAPE GAP
1j8rrtd,1,sysadmin,False,A: SCRAPE GAP
1j92exb,1,sysadmin,False,A: SCRAPE GAP
1j9fxi5,1,sysadmin,False,A: SCRAPE GAP
1j9ksk5,2,sysadmin,False,A: SCRAPE GAP
1j9lya5,1,sysadmin,False,A: SCRAPE GAP
1j9mg5v,1,sysadmin,False,A: SCRAPE GAP
1j9nxgq,1,sysadmin,False,A: SCRAPE GAP
1j9r2j1,2,sysadmin,False,A: SCRAPE GAP
1j9rue8,1,sysadmin,False,A: SCRAPE GAP
1j9udy4,2,sysadmin,False,A: SCRAPE GAP
1j9xa31,3,sysadmin,False,A: SCRAPE GAP
1j9ygdz,1,sysadmin,False,A: SCRAPE GAP
1j9znf6,2,sysadmin,False,A: SCRAPE GAP
1ja4k6f,3,sysadmin,False,A: SCRAPE GAP
1jam4je,2,sysadmin,False,A: SCRAPE GAP
1jane1s,1,sysadmin,False,A: SCRAPE GAP
1jb3j2v,1,sysadmin,False,A: SCRAPE GAP
1jbeedo,2,sysadmin,False,A: SCRAPE GAP
1jbsujl,1,sysadmin,False,A: SCRAPE GAP
1jcfm0o,2,sysadmin,False,A: SCRAPE GAP
1jcju2w,1,sysadmin,False,A: SCRAPE GAP
1jczay9,1,sysadmin,False,A: SCRAPE GAP
1jd2mx0,2,sysadmin,False,A: SCRAPE GAP
1jd783r,1,sysadmin,False,A: SCRAPE GAP
1jd869h,2,sysadmin,False,A: SCRAPE GAP
1jd8rq6,2,sysadmin,False,A: SCRAPE GAP
1jdc8tv,2,sysadmin,False,A: SCRAPE GAP
1jdme8f,1,sysadmin,False,A: SCRAPE GAP
1jdqw9o,3,sysadmin,False,A: SCRAPE GAP
1jdxsfy,4,sysadmin,False,A: SCRAPE GAP
1je0jzc,1,sysadmin,False,A: SCRAPE GAP
1je3s7b,1,sysadmin,False,A: SCRAPE GAP
1jederd,2,sysadmin,False,A: SCRAPE GAP
1jedfrr,1,sysadmin,False,A: SCRAPE GAP
1jeh7zy,1,sysadmin,False,A: SCRAPE GAP
1jf2mrv,1,sysadmin,False,A: SCRAPE GAP
1jf7t9i,1,sysadmin,False,A: SCRAPE GAP
1jf90du,3,sysadmin,False,A: SCRAPE GAP
1jf9f2p,1,sysadmin,False,A: SCRAPE GAP
1jfkpad,1,sysadmin,False,A: SCRAPE GAP
1jfdhh5,3,sysadmin,False,A: SCRAPE GAP
1jfmhi3,2,sysadmin,False,A: SCRAPE GAP
1jfozo0,1,sysadmin,False,A: SCRAPE GAP
1jfqrda,1,sysadmin,False,A: SCRAPE GAP
1jfumvw,1,sysadmin,False,A: SCRAPE GAP
1jfxen0,1,sysadmin,False,A: SCRAPE GAP
1jg0tvx,1,sysadmin,False,A: SCRAPE GAP
1jfzh1w,1,sysadmin,False,A: SCRAPE GAP
1jg4haq,1,sysadmin,False,A: SCRAPE GAP
1jgw3ab,1,sysadmin,False,A: SCRAPE GAP
1jgug0n,1,sysadmin,False,A: SCRAPE GAP
1jh9v4w,1,sysadmin,False,A: SCRAPE GAP
1ji8zi1,3,sysadmin,False,A: SCRAPE GAP
1jinqlz,1,sysadmin,False,A: SCRAPE GAP
1jim6zz,2,sysadmin,False,A: SCRAPE GAP
1jiqzit,2,sysadmin,False,A: SCRAPE GAP
1jit24e,3,sysadmin,False,A: SCRAPE GAP
1jiza0r,4,sysadmin,False,A: SCRAPE GAP
1jjaczt,1,sysadmin,False,A: SCRAPE GAP
1jjlxle,1,sysadmin,False,A: SCRAPE GAP
1jjsmvo,2,sysadmin,False,A: SCRAPE GAP
1jk8ub5,2,sysadmin,False,A: SCRAPE GAP
1jk93z6,4,sysadmin,False,A: SCRAPE GAP
1jk992i,1,sysadmin,False,A: SCRAPE GAP
1jkedco,1,sysadmin,False,A: SCRAPE GAP
1jkkc8p,1,sysadmin,False,A: SCRAPE GAP
1jkmyxi,2,sysadmin,False,A: SCRAPE GAP
1jl224b,1,sysadmin,False,A: SCRAPE GAP
1jl4m52,3,sysadmin,False,A: SCRAPE GAP
1jl88hk,1,sysadmin,False,A: SCRAPE GAP
1jl9if2,1,sysadmin,False,A: SCRAPE GAP
1jla35q,1,sysadmin,False,A: SCRAPE GAP
1jldnow,1,sysadmin,False,A: SCRAPE GAP
1jm2ire,2,sysadmin,False,A: SCRAPE GAP
1jm2vuk,1,sysadmin,False,A: SCRAPE GAP
1jm5rx4,2,sysadmin,False,A: SCRAPE GAP
1jmc4u0,4,sysadmin,False,A: SCRAPE GAP
1jnq20n,2,sysadmin,False,A: SCRAPE GAP
1jnx4px,4,sysadmin,False,A: SCRAPE GAP
1jobzct,1,sysadmin,False,A: SCRAPE GAP
1jobaff,3,sysadmin,False,A: SCRAPE GAP
1joh86d,2,sysadmin,False,A: SCRAPE GAP
1jombe0,1,sysadmin,False,A: SCRAPE GAP
1joyun2,1,sysadmin,False,A: SCRAPE GAP
1jp5s70,3,sysadmin,False,A: SCRAPE GAP
1jp4eu5,4,sysadmin,False,A: SCRAPE GAP
1jpnljd,4,sysadmin,False,A: SCRAPE GAP
1jppp6x,2,sysadmin,False,A: SCRAPE GAP
1jps17q,1,sysadmin,False,A: SCRAPE GAP
1jpvwdt,2,sysadmin,False,A: SCRAPE GAP
1jpzdnu,3,sysadmin,False,A: SCRAPE GAP
1jq3p9o,1,sysadmin,False,A: SCRAPE GAP
1jqcadb,1,sysadmin,False,A: SCRAPE GAP
1jqrpdu,1,sysadmin,False,A: SCRAPE GAP
1jqtzp1,1,sysadmin,False,A: SCRAPE GAP
1jqusap,3,sysadmin,False,A: SCRAPE GAP
1jqyrdw,1,sysadmin,False,A: SCRAPE GAP
1jr4k06,1,sysadmin,False,A: SCRAPE GAP
1jrb8wp,2,sysadmin,False,A: SCRAPE GAP
1jreowh,2,sysadmin,False,A: SCRAPE GAP
1jrka7n,1,sysadmin,False,A: SCRAPE GAP
1jrv81d,1,sysadmin,False,A: SCRAPE GAP
1jrzwf7,1,sysadmin,False,A: SCRAPE GAP
1js8bed,1,sysadmin,False,A: SCRAPE GAP
1jsoiwu,1,sysadmin,False,A: SCRAPE GAP
1jssqqk,1,sysadmin,False,A: SCRAPE GAP
1jtj81f,1,sysadmin,False,A: SCRAPE GAP
1jtqw7c,1,sysadmin,False,A: SCRAPE GAP
1jtse8z,2,sysadmin,False,A: SCRAPE GAP
1jtsn50,3,sysadmin,False,A: SCRAPE GAP
1jtyrr9,3,sysadmin,False,A: SCRAPE GAP
1jtyxgs,2,sysadmin,False,A: SCRAPE GAP
1juevli,2,sysadmin,False,A: SCRAPE GAP
1juglsu,2,sysadmin,False,A: SCRAPE GAP
1julg0u,2,sysadmin,False,A: SCRAPE GAP
1jumhzi,2,sysadmin,False,A: SCRAPE GAP
1jup1e2,1,sysadmin,False,A: SCRAPE GAP
1jup4e5,1,sysadmin,False,A: SCRAPE GAP
1juxk0d,1,sysadmin,False,A: SCRAPE GAP
1jv15gy,1,sysadmin,False,A: SCRAPE GAP
1jv28sf,1,sysadmin,False,A: SCRAPE GAP
1jv2f9y,1,sysadmin,False,A: SCRAPE GAP
1jv9lkq,1,sysadmin,False,A: SCRAPE GAP
1jvmsrv,1,sysadmin,False,A: SCRAPE GAP
1jvpuk8,2,sysadmin,False,A: SCRAPE GAP
1jvmsni,1,sysadmin,False,A: SCRAPE GAP
1jvtpub,3,sysadmin,False,A: SCRAPE GAP
1jvvdr2,3,sysadmin,False,A: SCRAPE GAP
1jvzw4u,1,sysadmin,False,A: SCRAPE GAP
1jw0j72,2,sysadmin,False,A: SCRAPE GAP
1jw1eqi,3,sysadmin,False,A: SCRAPE GAP
1jw2ss8,2,sysadmin,False,A: SCRAPE GAP
1jw8lrq,3,sysadmin,False,A: SCRAPE GAP
1jw9sl6,1,sysadmin,False,A: SCRAPE GAP
1jwe2cl,1,sysadmin,False,A: SCRAPE GAP
1jwc3ml,1,sysadmin,False,A: SCRAPE GAP
1jweqa0,1,sysadmin,False,A: SCRAPE GAP
1jwjwhp,1,sysadmin,False,A: SCRAPE GAP
1jwknec,1,sysadmin,False,A: SCRAPE GAP
1jwp3t7,1,sysadmin,False,A: SCRAPE GAP
1jx00g2,3,sysadmin,False,A: SCRAPE GAP
1jx0fqb,3,sysadmin,False,A: SCRAPE GAP
1jx4adh,2,sysadmin,False,A: SCRAPE GAP
1jx621z,3,sysadmin,False,A: SCRAPE GAP
1jxoybu,2,sysadmin,False,A: SCRAPE GAP
1jy65t6,1,sysadmin,False,A: SCRAPE GAP
1jyl69k,1,sysadmin,False,A: SCRAPE GAP
1jyq5jx,1,sysadmin,False,A: SCRAPE GAP
1jz4aby,1,sysadmin,False,A: SCRAPE GAP
1jz52na,1,sysadmin,False,A: SCRAPE GAP
1jz5opb,1,sysadmin,False,A: SCRAPE GAP
1jzphbi,2,sysadmin,False,A: SCRAPE GAP
1jzx3rx,2,sysadmin,False,A: SCRAPE GAP
1k02ou1,2,sysadmin,False,A: SCRAPE GAP
1k08xl0,3,sysadmin,False,A: SCRAPE GAP
1k0k18l,1,sysadmin,False,A: SCRAPE GAP
1k0mf0t,1,sysadmin,False,A: SCRAPE GAP
1k0nddo,1,sysadmin,False,A: SCRAPE GAP
1k0xxf7,1,sysadmin,False,A: SCRAPE GAP
1k13as2,1,sysadmin,False,A: SCRAPE GAP
1k108tg,1,sysadmin,False,A: SCRAPE GAP
1k1e1vb,1,sysadmin,False,A: SCRAPE GAP
1k1mqf0,1,sysadmin,False,A: SCRAPE GAP
1k3mtj0,1,sysadmin,False,A: SCRAPE GAP
1k442ub,2,sysadmin,False,A: SCRAPE GAP
1k40gpu,4,sysadmin,False,A: SCRAPE GAP
1k4bnyk,1,sysadmin,False,A: SCRAPE GAP
1k4eldh,2,sysadmin,False,A: SCRAPE GAP
1k4iof8,1,sysadmin,False,A: SCRAPE GAP
1k4m29i,1,sysadmin,False,A: SCRAPE GAP
1k5ajhx,1,sysadmin,False,A: SCRAPE GAP
1k5e45u,1,sysadmin,False,A: SCRAPE GAP
1k5janp,3,sysadmin,False,A: SCRAPE GAP
1k5jfnz,2,sysadmin,False,A: SCRAPE GAP
1k5ogmp,1,sysadmin,False,A: SCRAPE GAP
1k5pk71,4,sysadmin,False,A: SCRAPE GAP
1k5rvao,1,sysadmin,False,A: SCRAPE GAP
1k5rauq,1,sysadmin,False,A: SCRAPE GAP
1k60vaw,4,sysadmin,False,A: SCRAPE GAP
1k67d1y,3,sysadmin,False,A: SCRAPE GAP
1k6d1uj,2,sysadmin,False,A: SCRAPE GAP
1k6e7aw,2,sysadmin,False,A: SCRAPE GAP
1k6f81y,1,sysadmin,False,A: SCRAPE GAP
1k6dnkg,2,sysadmin,False,A: SCRAPE GAP
1k6fzgj,1,sysadmin,False,A: SCRAPE GAP
1k6r09b,1,sysadmin,False,A: SCRAPE GAP
1k6zovy,1,sysadmin,False,A: SCRAPE GAP
1k7777d,1,sysadmin,False,A: SCRAPE GAP
1k7iq82,1,sysadmin,False,A: SCRAPE GAP
1k7mehb,1,sysadmin,False,A: SCRAPE GAP
1k7ph1b,3,sysadmin,False,A: SCRAPE GAP
1k8hr7f,1,sysadmin,False,A: SCRAPE GAP
1k93hq2,1,sysadmin,False,A: SCRAPE GAP
1k9dhkf,2,sysadmin,False,A: SCRAPE GAP
1k9opcg,1,sysadmin,False,A: SCRAPE GAP
1k9tzxp,3,sysadmin,False,A: SCRAPE GAP
1ka1rf9,3,sysadmin,False,A: SCRAPE GAP
1ka4opo,3,sysadmin,False,A: SCRAPE GAP
1ka5h6d,3,sysadmin,False,A: SCRAPE GAP
1kaaxc7,3,sysadmin,False,A: SCRAPE GAP
1kaaif6,4,sysadmin,False,A: SCRAPE GAP
1kae213,1,sysadmin,False,A: SCRAPE GAP
1kajphn,2,sysadmin,False,A: SCRAPE GAP
1kahdq9,4,sysadmin,False,A: SCRAPE GAP
1kawklm,1,sysadmin,False,A: SCRAPE GAP
1kayvhi,1,sysadmin,False,A: SCRAPE GAP
1kb04q5,3,sysadmin,False,A: SCRAPE GAP
1kb4tsu,3,sysadmin,False,A: SCRAPE GAP
1kbaqs6,2,sysadmin,False,A: SCRAPE GAP
1kbbwj6,1,sysadmin,False,A: SCRAPE GAP
1kbhnva,1,sysadmin,False,A: SCRAPE GAP
1kc02u4,3,sysadmin,False,A: SCRAPE GAP
1kc30qw,1,sysadmin,False,A: SCRAPE GAP
1kc5fh1,2,sysadmin,False,A: SCRAPE GAP
1kcjgld,2,sysadmin,False,A: SCRAPE GAP
1kcn336,2,sysadmin,False,A: SCRAPE GAP
1kcoumr,3,sysadmin,False,A: SCRAPE GAP
1kd2k9t,1,sysadmin,False,A: SCRAPE GAP
1kd60l1,1,sysadmin,False,A: SCRAPE GAP
1kd6hd2,3,sysadmin,False,A: SCRAPE GAP
1kdc6mi,2,sysadmin,False,A: SCRAPE GAP
1kdmyxm,2,sysadmin,False,A: SCRAPE GAP
1kefrm5,3,sysadmin,False,A: SCRAPE GAP
1kf74rr,2,sysadmin,False,A: SCRAPE GAP
1kfcz3f,1,sysadmin,False,A: SCRAPE GAP
1kfakqc,1,sysadmin,False,A: SCRAPE GAP
1kfg4df,1,sysadmin,False,A: SCRAPE GAP
1kfh0j0,2,sysadmin,False,A: SCRAPE GAP
1kfooln,1,sysadmin,False,A: SCRAPE GAP
1kfqco4,3,sysadmin,False,A: SCRAPE GAP
1kfmcj2,1,sysadmin,False,A: SCRAPE GAP
1kfsxmq,2,sysadmin,False,A: SCRAPE GAP
1kft0q4,2,sysadmin,False,A: SCRAPE GAP
1kg3lte,2,sysadmin,False,A: SCRAPE GAP
1kgd9u8,2,sysadmin,False,A: SCRAPE GAP
1kgggww,4,sysadmin,False,A: SCRAPE GAP
1kgj3nn,3,sysadmin,False,A: SCRAPE GAP
1kgool8,1,sysadmin,False,A: SCRAPE GAP
1kgkfrp,1,sysadmin,False,A: SCRAPE GAP
1kgu0x1,2,sysadmin,False,A: SCRAPE GAP
1kgwu0w,1,sysadmin,False,A: SCRAPE GAP
1kh0url,1,sysadmin,False,A: SCRAPE GAP
1khdxt1,3,sysadmin,False,A: SCRAPE GAP
1khwsc3,2,sysadmin,False,A: SCRAPE GAP
1khyvt7,1,sysadmin,False,A: SCRAPE GAP
1ki6x33,1,sysadmin,False,A: SCRAPE GAP
1kid805,1,sysadmin,False,A: SCRAPE GAP
1kig0fp,2,sysadmin,False,A: SCRAPE GAP
1kihhmx,1,sysadmin,False,A: SCRAPE GAP
1kijefb,1,sysadmin,False,A: SCRAPE GAP
1kithim,1,sysadmin,False,A: SCRAPE GAP
1kj6259,1,sysadmin,False,A: SCRAPE GAP
1kjd9dp,1,sysadmin,False,A: SCRAPE GAP
1kjigjc,2,sysadmin,False,A: SCRAPE GAP
1kjn61c,3,sysadmin,False,A: SCRAPE GAP
1kk3kkn,3,sysadmin,False,A: SCRAPE GAP
1kkhegm,1,sysadmin,False,A: SCRAPE GAP
1kk3mlr,1,sysadmin,False,A: SCRAPE GAP
1kkh1nv,1,sysadmin,False,A: SCRAPE GAP
1klpguj,2,sysadmin,False,A: SCRAPE GAP
1klwmmf,1,sysadmin,False,A: SCRAPE GAP
1klz4sw,3,sysadmin,False,A: SCRAPE GAP
1kmdrkh,2,sysadmin,False,A: SCRAPE GAP
1kmfn4n,1,sysadmin,False,A: SCRAPE GAP
1kmhg56,1,sysadmin,False,A: SCRAPE GAP
1kmlo45,1,sysadmin,False,A: SCRAPE GAP
1kmqo75,3,sysadmin,False,A: SCRAPE GAP
1knahmj,1,sysadmin,False,A: SCRAPE GAP
1knbdkj,1,sysadmin,False,A: SCRAPE GAP
1knc23q,1,sysadmin,False,A: SCRAPE GAP
1knexsx,1,sysadmin,False,A: SCRAPE GAP
1knhceg,1,sysadmin,False,A: SCRAPE GAP
1kno59s,2,sysadmin,False,A: SCRAPE GAP
1ko02bd,1,sysadmin,False,A: SCRAPE GAP
1ko4fs2,1,sysadmin,False,A: SCRAPE GAP
1ko7aj7,1,sysadmin,False,A: SCRAPE GAP
1ko76zg,1,sysadmin,False,A: SCRAPE GAP
1ko99xc,1,sysadmin,False,A: SCRAPE GAP
1koacrf,1,sysadmin,False,A: SCRAPE GAP
1komnmm,1,sysadmin,False,A: SCRAPE GAP
1kof55r,1,sysadmin,False,A: SCRAPE GAP
1kpx5e5,1,sysadmin,False,A: SCRAPE GAP
1kpqb7r,1,sysadmin,False,A: SCRAPE GAP
1kq2215,1,sysadmin,False,A: SCRAPE GAP
1kq8tdo,3,sysadmin,False,A: SCRAPE GAP
1kqi57g,2,sysadmin,False,A: SCRAPE GAP
1kqmwpt,1,sysadmin,False,A: SCRAPE GAP
1kqtv2n,2,sysadmin,False,A: SCRAPE GAP
1kr3t1p,1,sysadmin,False,A: SCRAPE GAP
1kr62as,1,sysadmin,False,A: SCRAPE GAP
1kr89ns,1,sysadmin,False,A: SCRAPE GAP
1krf7j6,1,sysadmin,False,A: SCRAPE GAP
1krkbzd,1,sysadmin,False,A: SCRAPE GAP
1krqje0,2,sysadmin,False,A: SCRAPE GAP
1krrm1h,2,sysadmin,False,A: SCRAPE GAP
1ks62rp,1,sysadmin,False,A: SCRAPE GAP
1ks4wya,1,sysadmin,False,A: SCRAPE GAP
1ks92ek,1,sysadmin,False,A: SCRAPE GAP
1ksau3n,3,sysadmin,False,A: SCRAPE GAP
1kt9iam,1,sysadmin,False,A: SCRAPE GAP
1ktmyfq,1,sysadmin,False,A: SCRAPE GAP
1kujywc,1,sysadmin,False,A: SCRAPE GAP
1kv9juv,2,sysadmin,False,A: SCRAPE GAP
1kvbow2,1,sysadmin,False,A: SCRAPE GAP
1kvfdsa,1,sysadmin,False,A: SCRAPE GAP
1kvuzs8,4,sysadmin,False,A: SCRAPE GAP
1kw1y5p,4,sysadmin,False,A: SCRAPE GAP
1kw37xg,2,sysadmin,False,A: SCRAPE GAP
1kwdute,1,sysadmin,False,A: SCRAPE GAP
1kwmf2m,1,sysadmin,False,A: SCRAPE GAP
1kwp2gs,1,sysadmin,False,A: SCRAPE GAP
1kwp4fl,1,sysadmin,False,A: SCRAPE GAP
1kws6yx,1,sysadmin,False,A: SCRAPE GAP
1kwtavg,2,sysadmin,False,A: SCRAPE GAP
1kwxlzf,1,sysadmin,False,A: SCRAPE GAP
1kx27jm,3,sysadmin,False,A: SCRAPE GAP
1kx4xsz,1,sysadmin,False,A: SCRAPE GAP
1kx82tn,1,sysadmin,False,A: SCRAPE GAP
1kx7vj1,4,sysadmin,False,A: SCRAPE GAP
1kxmpc2,4,sysadmin,False,A: SCRAPE GAP
1kxmywp,1,sysadmin,False,A: SCRAPE GAP
1kxpt21,1,sysadmin,False,A: SCRAPE GAP
1kxuama,1,sysadmin,False,A: SCRAPE GAP
1kxwt4p,1,sysadmin,False,A: SCRAPE GAP
1kxyunp,1,sysadmin,False,A: SCRAPE GAP
1kxwjtn,1,sysadmin,False,A: SCRAPE GAP
1kyd43v,1,sysadmin,False,A: SCRAPE GAP
1kydsex,3,sysadmin,False,A: SCRAPE GAP
1kyk9vm,3,sysadmin,False,A: SCRAPE GAP
1kyl0ku,3,sysadmin,False,A: SCRAPE GAP
1kyttmx,1,sysadmin,False,A: SCRAPE GAP
1kzir1a,1,sysadmin,False,A: SCRAPE GAP
1kzcp3q,2,sysadmin,False,A: SCRAPE GAP
1kzenf2,2,sysadmin,False,A: SCRAPE GAP
1kzypvo,1,sysadmin,False,A: SCRAPE GAP
1kzp2v9,1,sysadmin,False,A: SCRAPE GAP
1l0st0i,1,sysadmin,False,A: SCRAPE GAP
1l1oyzd,1,sysadmin,False,A: SCRAPE GAP
1l1vr8v,2,sysadmin,False,A: SCRAPE GAP
1l1yt8y,1,sysadmin,False,A: SCRAPE GAP
1l23ulc,2,sysadmin,False,A: SCRAPE GAP
1l24a24,1,sysadmin,False,A: SCRAPE GAP
1l2jj91,2,sysadmin,False,A: SCRAPE GAP
1l2st8j,1,sysadmin,False,A: SCRAPE GAP
1l36qww,1,sysadmin,False,A: SCRAPE GAP
1l3brv6,2,sysadmin,False,A: SCRAPE GAP
1l3e6t0,1,sysadmin,False,A: SCRAPE GAP
1l3cw6t,2,sysadmin,False,A: SCRAPE GAP
1l3hqk6,3,sysadmin,False,A: SCRAPE GAP
1l3jif9,3,sysadmin,False,A: SCRAPE GAP
1l3o3xp,1,sysadmin,False,A: SCRAPE GAP
1l3t4bm,2,sysadmin,False,A: SCRAPE GAP
1l3tmnu,2,sysadmin,False,A: SCRAPE GAP
1l3uzxv,1,sysadmin,False,A: SCRAPE GAP
1l401y8,1,sysadmin,False,A: SCRAPE GAP
1l42bvj,2,sysadmin,False,A: SCRAPE GAP
1l44n27,1,sysadmin,False,A: SCRAPE GAP
1l4602r,3,sysadmin,False,A: SCRAPE GAP
1l4dbsf,1,sysadmin,False,A: SCRAPE GAP
1l4jmdy,1,sysadmin,False,A: SCRAPE GAP
1l4jpc1,3,sysadmin,False,A: SCRAPE GAP
1l4qhdn,4,sysadmin,False,A: SCRAPE GAP
1l4x22x,1,sysadmin,False,A: SCRAPE GAP
1l548mf,1,sysadmin,False,A: SCRAPE GAP
1l539bb,1,sysadmin,False,A: SCRAPE GAP
1l59tt3,1,sysadmin,False,A: SCRAPE GAP
1l55stg,2,sysadmin,False,A: SCRAPE GAP
1l5esri,3,sysadmin,False,A: SCRAPE GAP
1l5ai4q,1,sysadmin,False,A: SCRAPE GAP
1l5dk8p,2,sysadmin,False,A: SCRAPE GAP
1l5udzy,1,sysadmin,False,A: SCRAPE GAP
1l68dx9,1,sysadmin,False,A: SCRAPE GAP
1l6cfrh,4,sysadmin,False,A: SCRAPE GAP
1l6hgwv,1,sysadmin,False,A: SCRAPE GAP
1l6pduk,2,sysadmin,False,A: SCRAPE GAP
1l77tms,1,sysadmin,False,A: SCRAPE GAP
1l7f6c2,1,sysadmin,False,A: SCRAPE GAP
1l7gea4,4,sysadmin,False,A: SCRAPE GAP
1l7momk,1,sysadmin,False,A: SCRAPE GAP
1l8hkjy,1,sysadmin,False,A: SCRAPE GAP
1l8hly3,1,sysadmin,False,A: SCRAPE GAP
1l8nivi,1,sysadmin,False,A: SCRAPE GAP
1l8wgla,1,sysadmin,False,A: SCRAPE GAP
1l8vx76,1,sysadmin,False,A: SCRAPE GAP
1l97cra,3,sysadmin,False,A: SCRAPE GAP
1l9qiag,3,sysadmin,False,A: SCRAPE GAP
1l9qp73,1,sysadmin,False,A: SCRAPE GAP
1la18fi,1,sysadmin,False,A: SCRAPE GAP
1la1wy9,1,sysadmin,False,A: SCRAPE GAP
1lagtsw,1,sysadmin,False,A: SCRAPE GAP
1laqvx7,1,sysadmin,False,A: SCRAPE GAP
1laxxmc,3,sysadmin,False,A: SCRAPE GAP
1lb51xf,1,sysadmin,False,A: SCRAPE GAP
1lb687y,1,sysadmin,False,A: SCRAPE GAP
1lbbg41,1,sysadmin,False,A: SCRAPE GAP
1lbm316,1,sysadmin,False,A: SCRAPE GAP
1lbsw4c,2,sysadmin,False,A: SCRAPE GAP
1lbwzcx,1,sysadmin,False,A: SCRAPE GAP
1lc5ui7,2,sysadmin,False,A: SCRAPE GAP
1lcoqba,1,sysadmin,False,A: SCRAPE GAP
1lcu4h8,1,sysadmin,False,A: SCRAPE GAP
1lcx8n3,2,sysadmin,False,A: SCRAPE GAP
1ld2h42,2,sysadmin,False,A: SCRAPE GAP
1ld834t,1,sysadmin,False,A: SCRAPE GAP
1ldi7md,2,sysadmin,False,A: SCRAPE GAP
1ldogpd,1,sysadmin,False,A: SCRAPE GAP
1ldp297,1,sysadmin,False,A: SCRAPE GAP
1ldu2uw,1,sysadmin,False,A: SCRAPE GAP
1le3zno,2,sysadmin,False,A: SCRAPE GAP
1le46za,1,sysadmin,False,A: SCRAPE GAP
1le3guy,2,sysadmin,False,A: SCRAPE GAP
1lee914,3,sysadmin,False,A: SCRAPE GAP
1lei40y,1,sysadmin,False,A: SCRAPE GAP
1lem3zc,1,sysadmin,False,A: SCRAPE GAP
1lepfxr,3,sysadmin,False,A: SCRAPE GAP
1ley7oo,1,sysadmin,False,A: SCRAPE GAP
1lf4j2k,1,sysadmin,False,A: SCRAPE GAP
1lg5fk8,1,sysadmin,False,A: SCRAPE GAP
1lg6eg1,1,sysadmin,False,A: SCRAPE GAP
1lgr4j8,1,sysadmin,False,A: SCRAPE GAP
1lh6b29,1,sysadmin,False,A: SCRAPE GAP
1lietnw,2,sysadmin,False,A: SCRAPE GAP
1liol4d,1,sysadmin,False,A: SCRAPE GAP
1linr33,2,sysadmin,False,A: SCRAPE GAP
1lizyk6,2,sysadmin,False,A: SCRAPE GAP
1lja077,2,sysadmin,False,A: SCRAPE GAP
1ljgkbx,2,sysadmin,False,A: SCRAPE GAP
1ljrfu3,3,sysadmin,False,A: SCRAPE GAP
1lk7iuv,1,sysadmin,False,A: SCRAPE GAP
1lke9cr,1,sysadmin,False,A: SCRAPE GAP
1lksk8e,1,sysadmin,False,A: SCRAPE GAP
1ll2lnr,1,sysadmin,False,A: SCRAPE GAP
1llfu7y,1,sysadmin,False,A: SCRAPE GAP
1llm8gu,1,sysadmin,False,A: SCRAPE GAP
1llqs8k,1,sysadmin,False,A: SCRAPE GAP
1llt3bs,1,sysadmin,False,A: SCRAPE GAP
1llt1n3,2,sysadmin,False,A: SCRAPE GAP
1ln2mp4,1,sysadmin,False,A: SCRAPE GAP
1lnyq5u,2,sysadmin,False,A: SCRAPE GAP
1lntz6p,1,sysadmin,False,A: SCRAPE GAP
1lo89k9,1,sysadmin,False,A: SCRAPE GAP
1lo8z2s,3,sysadmin,False,A: SCRAPE GAP
1lp2fbp,2,sysadmin,False,A: SCRAPE GAP
1lp6w4d,1,sysadmin,False,A: SCRAPE GAP
1lp92t1,1,sysadmin,False,A: SCRAPE GAP
1lpgmnq,2,sysadmin,False,A: SCRAPE GAP
1lpwpt6,2,sysadmin,False,A: SCRAPE GAP
1lpxb14,2,sysadmin,False,A: SCRAPE GAP
1lq3d68,1,sysadmin,False,A: SCRAPE GAP
1lqdb4e,2,sysadmin,False,A: SCRAPE GAP
1lqlcwg,1,sysadmin,False,A: SCRAPE GAP
1lqro5l,1,sysadmin,False,A: SCRAPE GAP
1lqy8c4,2,sysadmin,False,A: SCRAPE GAP
1lt9p2m,1,sysadmin,False,A: SCRAPE GAP
1ltpd4i,2,sysadmin,False,A: SCRAPE GAP
1lu1gcl,1,sysadmin,False,A: SCRAPE GAP
1lv3ww6,1,sysadmin,False,A: SCRAPE GAP
1lvashz,1,sysadmin,False,A: SCRAPE GAP
1lvgn33,4,sysadmin,False,A: SCRAPE GAP
1lvjgt3,1,sysadmin,False,A: SCRAPE GAP
1lvlt1a,3,sysadmin,False,A: SCRAPE GAP
1lvn2z0,1,sysadmin,False,A: SCRAPE GAP
1lvsthf,4,sysadmin,False,A: SCRAPE GAP
1lvxfy8,1,sysadmin,False,A: SCRAPE GAP
1lw81et,1,sysadmin,False,A: SCRAPE GAP
1lwmnwi,1,sysadmin,False,A: SCRAPE GAP
1lwk74d,3,sysadmin,False,A: SCRAPE GAP
1lwz2ci,1,sysadmin,False,A: SCRAPE GAP
1lx4fx1,1,sysadmin,False,A: SCRAPE GAP
1lxcmoo,1,sysadmin,False,A: SCRAPE GAP
1lxc11c,1,sysadmin,False,A: SCRAPE GAP
1lxupcf,4,sysadmin,False,A: SCRAPE GAP
1ly99ml,1,sysadmin,False,A: SCRAPE GAP
1lyfgvf,1,sysadmin,False,A: SCRAPE GAP
1lzn9hc,2,sysadmin,False,A: SCRAPE GAP
1lztvc8,1,sysadmin,False,A: SCRAPE GAP
1lzu8k1,4,sysadmin,False,A: SCRAPE GAP
1lzwh5v,1,sysadmin,False,A: SCRAPE GAP
1lzxj59,2,sysadmin,False,A: SCRAPE GAP
1m0gbex,1,sysadmin,False,A: SCRAPE GAP
1m0el30,1,sysadmin,False,A: SCRAPE GAP
1m0ui21,1,sysadmin,False,A: SCRAPE GAP
1m0x3ao,1,sysadmin,False,A: SCRAPE GAP
1m0zmcc,1,sysadmin,False,A: SCRAPE GAP
1m1gtfu,1,sysadmin,False,A: SCRAPE GAP
1m1ijsy,1,sysadmin,False,A: SCRAPE GAP
1m1ird6,2,sysadmin,False,A: SCRAPE GAP
1m1omi6,3,sysadmin,False,A: SCRAPE GAP
1m1lont,3,sysadmin,False,A: SCRAPE GAP
1m1pctu,3,sysadmin,False,A: SCRAPE GAP
1m1xyb8,2,sysadmin,False,A: SCRAPE GAP
1m22uej,2,sysadmin,False,A: SCRAPE GAP
1m24dsk,3,sysadmin,False,A: SCRAPE GAP
1m2iyfe,1,sysadmin,False,A: SCRAPE GAP
1m2ifpi,1,sysadmin,False,A: SCRAPE GAP
1m2j73u,2,sysadmin,False,A: SCRAPE GAP
1m2ngem,1,sysadmin,False,A: SCRAPE GAP
1m2mg43,1,sysadmin,False,A: SCRAPE GAP
1m2wlu6,3,sysadmin,False,A: SCRAPE GAP
1m3npkd,1,sysadmin,False,A: SCRAPE GAP
1m3x6cj,1,sysadmin,False,A: SCRAPE GAP
1m4fdis,1,sysadmin,False,A: SCRAPE GAP
1m4hpss,2,sysadmin,False,A: SCRAPE GAP
1m5jg93,2,sysadmin,False,A: SCRAPE GAP
1m5rtye,2,sysadmin,False,A: SCRAPE GAP
1m66ywu,1,sysadmin,False,A: SCRAPE GAP
1m6a6u0,1,sysadmin,False,A: SCRAPE GAP
1m6nhfq,3,sysadmin,False,A: SCRAPE GAP
1m6rbbn,1,sysadmin,False,A: SCRAPE GAP
1m6wqn2,1,sysadmin,False,A: SCRAPE GAP
1m6xuf0,2,sysadmin,False,A: SCRAPE GAP
1m73ppy,2,sysadmin,False,A: SCRAPE GAP
1m741t6,1,sysadmin,False,A: SCRAPE GAP
1m7e6lt,3,sysadmin,False,A: SCRAPE GAP
1m7cg21,1,sysadmin,False,A: SCRAPE GAP
1m7fk20,1,sysadmin,False,A: SCRAPE GAP
1m7nruz,2,sysadmin,False,A: SCRAPE GAP
1m7oeof,2,sysadmin,False,A: SCRAPE GAP
1m85yin,1,sysadmin,False,A: SCRAPE GAP
1m8idga,1,sysadmin,False,A: SCRAPE GAP
1m8lyiu,1,sysadmin,False,A: SCRAPE GAP
1m8xdwe,2,sysadmin,False,A: SCRAPE GAP
1m9154k,2,sysadmin,False,A: SCRAPE GAP
1ma29iv,1,sysadmin,False,A: SCRAPE GAP
1ma8wn4,1,sysadmin,False,A: SCRAPE GAP
1maul5f,4,sysadmin,False,A: SCRAPE GAP
1mawvkg,2,sysadmin,False,A: SCRAPE GAP
1max1h3,1,sysadmin,False,A: SCRAPE GAP
1mb487a,1,sysadmin,False,A: SCRAPE GAP
1mazrds,2,sysadmin,False,A: SCRAPE GAP
1mbjzg7,1,sysadmin,False,A: SCRAPE GAP
1mc0o81,1,sysadmin,False,A: SCRAPE GAP
1mcl1ek,1,sysadmin,False,A: SCRAPE GAP
1mch2mu,1,sysadmin,False,A: SCRAPE GAP
1mclrow,1,sysadmin,False,A: SCRAPE GAP
1mcow8g,2,sysadmin,False,A: SCRAPE GAP
1mcz2yb,2,sysadmin,False,A: SCRAPE GAP
1mdgdxo,1,sysadmin,False,A: SCRAPE GAP
1mdg6zn,2,sysadmin,False,A: SCRAPE GAP
1mdmqid,1,sysadmin,False,A: SCRAPE GAP
1mdrrrz,1,sysadmin,False,A: SCRAPE GAP
1mdrl14,3,sysadmin,False,A: SCRAPE GAP
1me20q0,1,sysadmin,False,A: SCRAPE GAP
1me3xub,1,sysadmin,False,A: SCRAPE GAP
1me841y,1,sysadmin,False,A: SCRAPE GAP
1medrmv,3,sysadmin,False,A: SCRAPE GAP
1mexxpv,2,sysadmin,False,A: SCRAPE GAP
1mfix37,3,sysadmin,False,A: SCRAPE GAP
1mfm1ff,1,sysadmin,False,A: SCRAPE GAP
1mfs8hi,1,sysadmin,False,A: SCRAPE GAP
1mgksnu,4,sysadmin,False,A: SCRAPE GAP
1mhonek,3,sysadmin,False,A: SCRAPE GAP
1mhngje,1,sysadmin,False,A: SCRAPE GAP
1mhj2d9,1,sysadmin,False,A: SCRAPE GAP
1mhwrmr,3,sysadmin,False,A: SCRAPE GAP
1mi583x,1,sysadmin,False,A: SCRAPE GAP
1mi5xad,2,sysadmin,False,A: SCRAPE GAP
1mic8y7,1,sysadmin,False,A: SCRAPE GAP
1mi9mur,2,sysadmin,False,A: SCRAPE GAP
1mi9g7d,1,sysadmin,False,A: SCRAPE GAP
1micneb,2,sysadmin,False,A: SCRAPE GAP
1mih39w,4,sysadmin,False,A: SCRAPE GAP
1mj3qub,1,sysadmin,False,A: SCRAPE GAP
1mjd3af,1,sysadmin,False,A: SCRAPE GAP
1mjlvca,1,sysadmin,False,A: SCRAPE GAP
1mjqwzc,3,sysadmin,False,A: SCRAPE GAP
1mk2ni4,3,sysadmin,False,A: SCRAPE GAP
1mk8m03,1,sysadmin,False,A: SCRAPE GAP
1mkg8uo,1,sysadmin,False,A: SCRAPE GAP
1mkh86t,1,sysadmin,False,A: SCRAPE GAP
1mkz9tv,1,sysadmin,False,A: SCRAPE GAP
1ml22cg,1,sysadmin,False,A: SCRAPE GAP
1mlfoli,2,sysadmin,False,A: SCRAPE GAP
1mmyqtf,3,sysadmin,False,A: SCRAPE GAP
1mn7a0r,3,sysadmin,False,A: SCRAPE GAP
1mnwn7u,1,sysadmin,False,A: SCRAPE GAP
1mnus5e,1,sysadmin,False,A: SCRAPE GAP
1mnyycv,2,sysadmin,False,A: SCRAPE GAP
1mo3m55,3,sysadmin,False,A: SCRAPE GAP
1mo8f14,2,sysadmin,False,A: SCRAPE GAP
1moidm1,1,sysadmin,False,A: SCRAPE GAP
1mox8v8,1,sysadmin,False,A: SCRAPE GAP
1moxfr1,3,sysadmin,False,A: SCRAPE GAP
1mp24yi,1,sysadmin,False,A: SCRAPE GAP
1mp9col,1,sysadmin,False,A: SCRAPE GAP
1mpcn6k,1,sysadmin,False,A: SCRAPE GAP
1mpdtao,3,sysadmin,False,A: SCRAPE GAP
1mpkcm0,1,sysadmin,False,A: SCRAPE GAP
1mpnhpj,3,sysadmin,False,A: SCRAPE GAP
1mpyhy3,1,sysadmin,False,A: SCRAPE GAP
1mqebnz,3,sysadmin,False,A: SCRAPE GAP
1mqivp0,1,sysadmin,False,A: SCRAPE GAP
1mqfa96,2,sysadmin,False,A: SCRAPE GAP
1mqxsul,1,sysadmin,False,A: SCRAPE GAP
1mqkdu3,2,sysadmin,False,A: SCRAPE GAP
1mqzu36,1,sysadmin,False,A: SCRAPE GAP
1mr2e9d,1,sysadmin,False,A: SCRAPE GAP
1mrywav,1,sysadmin,False,A: SCRAPE GAP
1msk17y,3,sysadmin,False,A: SCRAPE GAP
1mte3ja,1,sysadmin,False,A: SCRAPE GAP
1mtybgt,1,sysadmin,False,A: SCRAPE GAP
1mu10b4,1,sysadmin,False,A: SCRAPE GAP
1mu4yjx,2,sysadmin,False,A: SCRAPE GAP
1mucf83,1,sysadmin,False,A: SCRAPE GAP
1muequ0,1,sysadmin,False,A: SCRAPE GAP
1mv6s39,1,sysadmin,False,A: SCRAPE GAP
1mvlpez,1,sysadmin,False,A: SCRAPE GAP
1mvpvyo,2,sysadmin,False,A: SCRAPE GAP
1mvs6hg,1,sysadmin,False,A: SCRAPE GAP
1mw4n7g,1,sysadmin,False,A: SCRAPE GAP
1mvzka3,1,sysadmin,False,A: SCRAPE GAP
1mw5922,1,sysadmin,False,A: SCRAPE GAP
1mw94o7,3,sysadmin,False,A: SCRAPE GAP
1mw9hhp,1,sysadmin,False,A: SCRAPE GAP
1mwhj35,2,sysadmin,False,A: SCRAPE GAP
1mwhji0,1,sysadmin,False,A: SCRAPE GAP
1mwkv1e,1,sysadmin,False,A: SCRAPE GAP
1mwtarq,2,sysadmin,False,A: SCRAPE GAP
1mwvmxd,2,sysadmin,False,A: SCRAPE GAP
1mx0vze,3,sysadmin,False,A: SCRAPE GAP
1my1wqr,2,sysadmin,False,A: SCRAPE GAP
1myoabu,1,sysadmin,False,A: SCRAPE GAP
1mz41ko,1,sysadmin,False,A: SCRAPE GAP
1mzigfp,3,sysadmin,False,A: SCRAPE GAP
1mzv9ek,1,sysadmin,False,A: SCRAPE GAP
1n07vbv,2,sysadmin,False,A: SCRAPE GAP
1n09o3m,2,sysadmin,False,A: SCRAPE GAP
1n0if1d,1,sysadmin,False,A: SCRAPE GAP
1n0p34x,1,sysadmin,False,A: SCRAPE GAP
1n0qg5e,1,sysadmin,False,A: SCRAPE GAP
1n0uqq8,1,sysadmin,False,A: SCRAPE GAP
1n14xnq,1,sysadmin,False,A: SCRAPE GAP
1n15xfq,1,sysadmin,False,A: SCRAPE GAP
1n1d57k,3,sysadmin,False,A: SCRAPE GAP
1n1eel5,1,sysadmin,False,A: SCRAPE GAP
1n1lulh,1,sysadmin,False,A: SCRAPE GAP
1n1v48t,2,sysadmin,False,A: SCRAPE GAP
1n20aof,1,sysadmin,False,A: SCRAPE GAP
1n24bu3,2,sysadmin,False,A: SCRAPE GAP
1n2jk0n,1,sysadmin,False,A: SCRAPE GAP
1n2os5w,2,sysadmin,False,A: SCRAPE GAP
1n2tflr,3,sysadmin,False,A: SCRAPE GAP
1n2xifc,2,sysadmin,False,A: SCRAPE GAP
1n312ks,1,sysadmin,False,A: SCRAPE GAP
1n31f4n,1,sysadmin,False,A: SCRAPE GAP
1n3eox0,1,sysadmin,False,A: SCRAPE GAP
1n3havn,1,sysadmin,False,A: SCRAPE GAP
1n44hii,1,sysadmin,False,A: SCRAPE GAP
1n4a5o1,1,sysadmin,False,A: SCRAPE GAP
1n4qkjm,2,sysadmin,False,A: SCRAPE GAP
1n4zok6,3,sysadmin,False,A: SCRAPE GAP
1n4xr9v,4,sysadmin,False,A: SCRAPE GAP
1n5115i,2,sysadmin,False,A: SCRAPE GAP
1n509vv,2,sysadmin,False,A: SCRAPE GAP
1n5l4sm,3,sysadmin,False,A: SCRAPE GAP
1n5wwjd,2,sysadmin,False,A: SCRAPE GAP
1n6jp6b,1,sysadmin,False,A: SCRAPE GAP
1n6sq6u,1,sysadmin,False,A: SCRAPE GAP
1n6sz4c,1,sysadmin,False,A: SCRAPE GAP
1n6tvzc,2,sysadmin,False,A: SCRAPE GAP
1n6wdk4,1,sysadmin,False,A: SCRAPE GAP
1n7479y,1,sysadmin,False,A: SCRAPE GAP
1n7c6t3,2,sysadmin,False,A: SCRAPE GAP
1n7jsvz,3,sysadmin,False,A: SCRAPE GAP
1n7pl1b,1,sysadmin,False,A: SCRAPE GAP
1n7x093,1,sysadmin,False,A: SCRAPE GAP
1n7xtlr,2,sysadmin,False,A: SCRAPE GAP
1n8eryb,2,sysadmin,False,A: SCRAPE GAP
1n8ib7d,2,sysadmin,False,A: SCRAPE GAP
1n8io04,2,sysadmin,False,A: SCRAPE GAP
1n8ozf8,3,sysadmin,False,A: SCRAPE GAP
1n8q55k,1,sysadmin,False,A: SCRAPE GAP
1n92jmr,1,sysadmin,False,A: SCRAPE GAP
1n9a33x,3,sysadmin,False,A: SCRAPE GAP
1n9hkmr,1,sysadmin,False,A: SCRAPE GAP
1na1cip,2,sysadmin,False,A: SCRAPE GAP
1nakvka,2,sysadmin,False,A: SCRAPE GAP
1nbam0k,4,sysadmin,False,A: SCRAPE GAP
1nbq51r,1,sysadmin,False,A: SCRAPE GAP
1nbyxw7,1,sysadmin,False,A: SCRAPE GAP
1nbzbak,3,sysadmin,False,A: SCRAPE GAP
1nbzmrh,1,sysadmin,False,A: SCRAPE GAP
1nc717a,2,sysadmin,False,A: SCRAPE GAP
1ncb4nn,1,sysadmin,False,A: SCRAPE GAP
1nccgdc,2,sysadmin,False,A: SCRAPE GAP
1nclrjc,2,sysadmin,False,A: SCRAPE GAP
1nd5vdr,1,sysadmin,False,A: SCRAPE GAP
1ndk9do,1,sysadmin,False,A: SCRAPE GAP
1nds08g,2,sysadmin,False,A: SCRAPE GAP
1ndom51,2,sysadmin,False,A: SCRAPE GAP
1ne1532,1,sysadmin,False,A: SCRAPE GAP
1neay9h,4,sysadmin,False,A: SCRAPE GAP
1neabwo,1,sysadmin,False,A: SCRAPE GAP
1nel5if,1,sysadmin,False,A: SCRAPE GAP
1neixob,2,sysadmin,False,A: SCRAPE GAP
1nesbza,2,sysadmin,False,A: SCRAPE GAP
1neseds,1,sysadmin,False,A: SCRAPE GAP
1nesw3j,1,sysadmin,False,A: SCRAPE GAP
1nf57a2,2,sysadmin,False,A: SCRAPE GAP
1nfbdtu,2,sysadmin,False,A: SCRAPE GAP
1nfdlct,1,sysadmin,False,A: SCRAPE GAP
1nfo3io,1,sysadmin,False,A: SCRAPE GAP
1ng44rj,1,sysadmin,False,A: SCRAPE GAP
1nh0g7z,2,sysadmin,False,A: SCRAPE GAP
1nh4i80,3,sysadmin,False,A: SCRAPE GAP
1nh9dty,1,sysadmin,False,A: SCRAPE GAP
1nhnfru,1,sysadmin,False,A: SCRAPE GAP
1nhxsi4,1,sysadmin,False,A: SCRAPE GAP
1ni1dlh,2,sysadmin,False,A: SCRAPE GAP
1nijegx,1,sysadmin,False,A: SCRAPE GAP
1nj1eo6,1,sysadmin,False,A: SCRAPE GAP
1njbezx,1,sysadmin,False,A: SCRAPE GAP
1njcpcn,2,sysadmin,False,A: SCRAPE GAP
1njdawl,1,sysadmin,False,A: SCRAPE GAP
1njwqje,1,sysadmin,False,A: SCRAPE GAP
1nk7jpr,1,sysadmin,False,A: SCRAPE GAP
1nkcn1t,1,sysadmin,False,A: SCRAPE GAP
1nkh52x,1,sysadmin,False,A: SCRAPE GAP
1nko0gb,1,sysadmin,False,A: SCRAPE GAP
1nl25ff,1,sysadmin,False,A: SCRAPE GAP
1nl2obg,1,sysadmin,False,A: SCRAPE GAP
1nld6bf,3,sysadmin,False,A: SCRAPE GAP
1nlej0j,1,sysadmin,False,A: SCRAPE GAP
1nniy6j,2,sysadmin,False,A: SCRAPE GAP
1nocs17,2,sysadmin,False,A: SCRAPE GAP
1noy5t2,2,sysadmin,False,A: SCRAPE GAP
1npmxrm,1,sysadmin,False,A: SCRAPE GAP
1npta1z,2,sysadmin,False,A: SCRAPE GAP
1npt7k4,1,sysadmin,False,A: SCRAPE GAP
1nq1o7u,1,sysadmin,False,A: SCRAPE GAP
1nq63z2,2,sysadmin,False,A: SCRAPE GAP
1nq943g,1,sysadmin,False,A: SCRAPE GAP
1nq96vh,2,sysadmin,False,A: SCRAPE GAP
1nqwr9b,1,sysadmin,False,A: SCRAPE GAP
1nr3mg5,2,sysadmin,False,A: SCRAPE GAP
1nrcd0r,2,sysadmin,False,A: SCRAPE GAP
1nrg6id,1,sysadmin,False,A: SCRAPE GAP
1nsqsis,1,sysadmin,False,A: SCRAPE GAP
1nswkfk,2,sysadmin,False,A: SCRAPE GAP
1ntgtup,2,sysadmin,False,A: SCRAPE GAP
1ntq5w6,4,sysadmin,False,A: SCRAPE GAP
1ntqjx6,2,sysadmin,False,A: SCRAPE GAP
1nu83ur,1,sysadmin,False,A: SCRAPE GAP
1nuacyi,1,sysadmin,False,A: SCRAPE GAP
1nul0mb,2,sysadmin,False,A: SCRAPE GAP
1nv277v,2,sysadmin,False,A: SCRAPE GAP
1nvcird,1,sysadmin,False,A: SCRAPE GAP
1nvdis8,2,sysadmin,False,A: SCRAPE GAP
1nvo1q7,2,sysadmin,False,A: SCRAPE GAP
1nw3145,1,sysadmin,False,A: SCRAPE GAP
1nwadq2,1,sysadmin,False,A: SCRAPE GAP
1nw9naf,2,sysadmin,False,A: SCRAPE GAP
1nwgl9k,1,sysadmin,False,A: SCRAPE GAP
1nwi1ct,3,sysadmin,False,A: SCRAPE GAP
1nwvft7,1,sysadmin,False,A: SCRAPE GAP
1nwyjss,2,sysadmin,False,A: SCRAPE GAP
1nx0k02,1,sysadmin,False,A: SCRAPE GAP
1nx0cn5,3,sysadmin,False,A: SCRAPE GAP
1nx4355,1,sysadmin,False,A: SCRAPE GAP
1nx9z1k,3,sysadmin,False,A: SCRAPE GAP
1nxso2s,1,sysadmin,False,A: SCRAPE GAP
1nzaoko,3,sysadmin,False,A: SCRAPE GAP
1nzmhkm,1,sysadmin,False,A: SCRAPE GAP
1nzmpqz,1,sysadmin,False,A: SCRAPE GAP
1nznkho,3,sysadmin,False,A: SCRAPE GAP
1nzu835,1,sysadmin,False,A: SCRAPE GAP
1o0dsoq,1,sysadmin,False,A: SCRAPE GAP
1o0f8lo,3,sysadmin,False,A: SCRAPE GAP
1o0oou2,1,sysadmin,False,A: SCRAPE GAP
1o15s25,2,sysadmin,False,A: SCRAPE GAP
1o1bbbx,2,sysadmin,False,A: SCRAPE GAP
1o209mi,1,sysadmin,False,A: SCRAPE GAP
1o1sllt,3,sysadmin,False,A: SCRAPE GAP
1o28hs6,2,sysadmin,False,A: SCRAPE GAP
1o2keq0,1,sysadmin,False,A: SCRAPE GAP
1o303ty,4,sysadmin,False,A: SCRAPE GAP
1o3047s,4,sysadmin,False,A: SCRAPE GAP
1o42j9x,2,sysadmin,False,A: SCRAPE GAP
1o43ic1,1,sysadmin,False,A: SCRAPE GAP
1o4l259,2,sysadmin,False,A: SCRAPE GAP
1o4e84f,2,sysadmin,False,A: SCRAPE GAP
1o4kqhu,3,sysadmin,False,A: SCRAPE GAP
1o5vx9t,1,sysadmin,False,A: SCRAPE GAP
1o6i39g,3,sysadmin,False,A: SCRAPE GAP
1o6t07s,1,sysadmin,False,A: SCRAPE GAP
1o7f0uw,3,sysadmin,False,A: SCRAPE GAP
1o7eda9,1,sysadmin,False,A: SCRAPE GAP
1o7udiw,1,sysadmin,False,A: SCRAPE GAP
1o7soak,4,sysadmin,False,A: SCRAPE GAP
1o7y2jg,1,sysadmin,False,A: SCRAPE GAP
1o895hd,1,sysadmin,False,A: SCRAPE GAP
1o8qtne,1,sysadmin,False,A: SCRAPE GAP
1o8hkv3,1,sysadmin,False,A: SCRAPE GAP
1o8uo3z,3,sysadmin,False,A: SCRAPE GAP
1o98sln,1,sysadmin,False,A: SCRAPE GAP
1obirve,2,sysadmin,False,A: SCRAPE GAP
1obq7x2,1,sysadmin,False,A: SCRAPE GAP
1obro67,1,sysadmin,False,A: SCRAPE GAP
1obs3ub,1,sysadmin,False,A: SCRAPE GAP
1obzfpg,1,sysadmin,False,A: SCRAPE GAP
1ocevcu,1,sysadmin,False,A: SCRAPE GAP
1ocmthh,1,sysadmin,False,A: SCRAPE GAP
1ocozxu,1,sysadmin,False,A: SCRAPE GAP
1ocmyr9,1,sysadmin,False,A: SCRAPE GAP
1ocq1oh,2,sysadmin,False,A: SCRAPE GAP
1od7paa,2,sysadmin,False,A: SCRAPE GAP
1odirup,1,sysadmin,False,A: SCRAPE GAP
1odxee5,1,sysadmin,False,A: SCRAPE GAP
1odxk0c,2,sysadmin,False,A: SCRAPE GAP
1oe0fax,1,sysadmin,False,A: SCRAPE GAP
1oe47bx,1,sysadmin,False,A: SCRAPE GAP
1oe7bqa,1,sysadmin,False,A: SCRAPE GAP
1oe7hb6,1,sysadmin,False,A: SCRAPE GAP
1oeqooo,1,sysadmin,False,A: SCRAPE GAP
1of0rg6,1,sysadmin,False,A: SCRAPE GAP
1of15vb,1,sysadmin,False,A: SCRAPE GAP
1ofpbd4,1,sysadmin,False,A: SCRAPE GAP
1ogas2q,1,sysadmin,False,A: SCRAPE GAP
1og7rj1,1,sysadmin,False,A: SCRAPE GAP
1oggda1,1,sysadmin,False,A: SCRAPE GAP
1ogs4z5,1,sysadmin,False,A: SCRAPE GAP
1ogjnva,1,sysadmin,False,A: SCRAPE GAP
1oh8fd8,1,sysadmin,False,A: SCRAPE GAP
1ohg2lv,1,sysadmin,False,A: SCRAPE GAP
1ohim8x,2,sysadmin,False,A: SCRAPE GAP
1oiih1s,1,sysadmin,False,A: SCRAPE GAP
1oiox1b,1,sysadmin,False,A: SCRAPE GAP
1oit15b,1,sysadmin,False,A: SCRAPE GAP
1oixgow,1,sysadmin,False,A: SCRAPE GAP
1oiyzwo,1,sysadmin,False,A: SCRAPE GAP
1oiyvpt,3,sysadmin,False,A: SCRAPE GAP
1oj8b4a,2,sysadmin,False,A: SCRAPE GAP
1ojf26k,2,sysadmin,False,A: SCRAPE GAP
1ojhqng,4,sysadmin,False,A: SCRAPE GAP
1ojm9ob,2,sysadmin,False,A: SCRAPE GAP
1ojwdyf,1,sysadmin,False,A: SCRAPE GAP
1okdec2,3,sysadmin,False,A: SCRAPE GAP
1okw5m5,2,sysadmin,False,A: SCRAPE GAP
1oky7j1,1,sysadmin,False,A: SCRAPE GAP
1okzlom,1,sysadmin,False,A: SCRAPE GAP
1ol7xw1,2,sysadmin,False,A: SCRAPE GAP
1omd495,4,sysadmin,False,A: SCRAPE GAP
1omjtu7,1,sysadmin,False,A: SCRAPE GAP
1onauk7,4,sysadmin,False,A: SCRAPE GAP
1ono277,1,sysadmin,False,A: SCRAPE GAP
1ont8nu,3,sysadmin,False,A: SCRAPE GAP
1oofxua,1,sysadmin,False,A: SCRAPE GAP
1ookzd9,1,sysadmin,False,A: SCRAPE GAP
1ootjxy,2,sysadmin,False,A: SCRAPE GAP
1ooz097,4,sysadmin,False,A: SCRAPE GAP
1opa5mv,2,sysadmin,False,A: SCRAPE GAP
1opcct6,1,sysadmin,False,A: SCRAPE GAP
1opcqc3,1,sysadmin,False,A: SCRAPE GAP
1opxcko,1,sysadmin,False,A: SCRAPE GAP
1oq7l5v,1,sysadmin,False,A: SCRAPE GAP
1oqclod,2,sysadmin,False,A: SCRAPE GAP
1oqeky6,1,sysadmin,False,A: SCRAPE GAP
1oqg91j,1,sysadmin,False,A: SCRAPE GAP
1oqzy87,1,sysadmin,False,A: SCRAPE GAP
1os9mzn,1,sysadmin,False,A: SCRAPE GAP
1osxln3,1,sysadmin,False,A: SCRAPE GAP
1otaay1,1,sysadmin,False,A: SCRAPE GAP
1otbth3,2,sysadmin,False,A: SCRAPE GAP
1oti0g9,2,sysadmin,False,A: SCRAPE GAP
1otjwgp,1,sysadmin,False,A: SCRAPE GAP
1otr3r2,1,sysadmin,False,A: SCRAPE GAP
1otu448,1,sysadmin,False,A: SCRAPE GAP
1otxqzt,2,sysadmin,False,A: SCRAPE GAP
1ou9p3k,4,sysadmin,False,A: SCRAPE GAP
1oua0wq,2,sysadmin,False,A: SCRAPE GAP
1ou675v,1,sysadmin,False,A: SCRAPE GAP
1ouc5i5,3,sysadmin,False,A: SCRAPE GAP
1ouc6g5,4,sysadmin,False,A: SCRAPE GAP
1oul65j,1,sysadmin,False,A: SCRAPE GAP
1ouvz5j,2,sysadmin,False,A: SCRAPE GAP
1ouyhvd,1,sysadmin,False,A: SCRAPE GAP
1ov1vrm,1,sysadmin,False,A: SCRAPE GAP
1ov69xh,3,sysadmin,False,A: SCRAPE GAP
1ow4b9f,1,sysadmin,False,A: SCRAPE GAP
1ow1wnh,2,sysadmin,False,A: SCRAPE GAP
1owxc9b,1,sysadmin,False,A: SCRAPE GAP
1owwsd5,2,sysadmin,False,A: SCRAPE GAP
1owzord,2,sysadmin,False,A: SCRAPE GAP
1ox7jc2,1,sysadmin,False,A: SCRAPE GAP
1ozib9d,4,sysadmin,False,A: SCRAPE GAP
1p05vv8,3,sysadmin,False,A: SCRAPE GAP
1p0s7x3,1,sysadmin,False,A: SCRAPE GAP
1p0tluf,1,sysadmin,False,A: SCRAPE GAP
1p0xyoi,1,sysadmin,False,A: SCRAPE GAP
1p0zefp,2,sysadmin,False,A: SCRAPE GAP
1p10euo,1,sysadmin,False,A: SCRAPE GAP
1p14r49,1,sysadmin,False,A: SCRAPE GAP
1p10mv9,1,sysadmin,False,A: SCRAPE GAP
1p15n03,2,sysadmin,False,A: SCRAPE GAP
1p19ln5,1,sysadmin,False,A: SCRAPE GAP
1p1gml8,2,sysadmin,False,A: SCRAPE GAP
1p1dmn8,2,sysadmin,False,A: SCRAPE GAP
1p1wcgy,1,sysadmin,False,A: SCRAPE GAP
1p22r37,1,sysadmin,False,A: SCRAPE GAP
1p22zj7,1,sysadmin,False,A: SCRAPE GAP
1p2cduq,3,sysadmin,False,A: SCRAPE GAP
1p2dcmj,2,sysadmin,False,A: SCRAPE GAP
1p2cgng,1,sysadmin,False,A: SCRAPE GAP
1p2jy3m,1,sysadmin,False,A: SCRAPE GAP
1p2qo0f,1,sysadmin,False,A: SCRAPE GAP
1p2w52o,2,sysadmin,False,A: SCRAPE GAP
1p38x55,2,sysadmin,False,A: SCRAPE GAP
1p3eq35,1,sysadmin,False,A: SCRAPE GAP
1p3rlkq,1,sysadmin,False,A: SCRAPE GAP
1p4d5ev,3,sysadmin,False,A: SCRAPE GAP
1p4e45f,1,sysadmin,False,A: SCRAPE GAP
1p4ko0z,2,sysadmin,False,A: SCRAPE GAP
1p5qs01,2,sysadmin,False,A: SCRAPE GAP
1p64vqo,1,sysadmin,False,A: SCRAPE GAP
1p6ony0,1,sysadmin,False,A: SCRAPE GAP
1p73k01,1,sysadmin,False,A: SCRAPE GAP
1p7qu7g,1,sysadmin,False,A: SCRAPE GAP
1p8728z,1,sysadmin,False,A: SCRAPE GAP
1p8ijs5,1,sysadmin,False,A: SCRAPE GAP
1p8lzu4,1,sysadmin,False,A: SCRAPE GAP
1p8swgg,2,sysadmin,False,A: SCRAPE GAP
1p8seee,2,sysadmin,False,A: SCRAPE GAP
1pan2u4,1,sysadmin,False,A: SCRAPE GAP
1paya84,1,sysadmin,False,A: SCRAPE GAP
1pb69pk,2,sysadmin,False,A: SCRAPE GAP
1pb5r2s,1,sysadmin,False,A: SCRAPE GAP
1pbihw5,1,sysadmin,False,A: SCRAPE GAP
1pbnjcj,1,sysadmin,False,A: SCRAPE GAP
1pbo3u4,1,sysadmin,False,A: SCRAPE GAP
1pbvaxz,1,sysadmin,False,A: SCRAPE GAP
1pbyx33,2,sysadmin,False,A: SCRAPE GAP
1pc8o07,4,sysadmin,False,A: SCRAPE GAP
1pcwdaz,1,sysadmin,False,A: SCRAPE GAP
1pd2ful,1,sysadmin,False,A: SCRAPE GAP
1pcz542,1,sysadmin,False,A: SCRAPE GAP
1pdgk1c,2,sysadmin,False,A: SCRAPE GAP
1pdke2t,1,sysadmin,False,A: SCRAPE GAP
1pdok7q,2,sysadmin,False,A: SCRAPE GAP
1pdlv9w,1,sysadmin,False,A: SCRAPE GAP
1pdz65u,1,sysadmin,False,A: SCRAPE GAP
1pe3zl0,3,sysadmin,False,A: SCRAPE GAP
1pe6291,1,sysadmin,False,A: SCRAPE GAP
1pepjmc,2,sysadmin,False,A: SCRAPE GAP
1pfaqvn,1,sysadmin,False,A: SCRAPE GAP
1pg2mnl,1,sysadmin,False,A: SCRAPE GAP
1pge29t,2,sysadmin,False,A: SCRAPE GAP
1pgq68v,3,sysadmin,False,A: SCRAPE GAP
1phh3v9,1,sysadmin,False,A: SCRAPE GAP
1phhrzb,1,sysadmin,False,A: SCRAPE GAP
1phjib3,3,sysadmin,False,A: SCRAPE GAP
1phis6n,1,sysadmin,False,A: SCRAPE GAP
1phjsq1,1,sysadmin,False,A: SCRAPE GAP
1phko0i,3,sysadmin,False,A: SCRAPE GAP
1phomqz,1,sysadmin,False,A: SCRAPE GAP
1pib3rh,1,sysadmin,False,A: SCRAPE GAP
1pih10y,2,sysadmin,False,A: SCRAPE GAP
1piiqxl,1,sysadmin,False,A: SCRAPE GAP
1pim1de,1,sysadmin,False,A: SCRAPE GAP
1pirnfi,1,sysadmin,False,A: SCRAPE GAP
1pioxb2,1,sysadmin,False,A: SCRAPE GAP
1pimm4d,1,sysadmin,False,A: SCRAPE GAP
1pixq7w,1,sysadmin,False,A: SCRAPE GAP
1pjn20e,1,sysadmin,False,A: SCRAPE GAP
1pjvi56,3,sysadmin,False,A: SCRAPE GAP
1pjzlno,1,sysadmin,False,A: SCRAPE GAP
1pk1buu,1,sysadmin,False,A: SCRAPE GAP
1pkd55q,1,sysadmin,False,A: SCRAPE GAP
1pkljub,1,sysadmin,False,A: SCRAPE GAP
1pkufsf,1,sysadmin,False,A: SCRAPE GAP
1pkwpur,1,sysadmin,False,A: SCRAPE GAP
1pkwswa,1,sysadmin,False,A: SCRAPE GAP
1pl2ydk,1,sysadmin,False,A: SCRAPE GAP
1plbvdk,1,sysadmin,False,A: SCRAPE GAP
1pllgpi,1,sysadmin,False,A: SCRAPE GAP
1pn3omb,2,sysadmin,False,A: SCRAPE GAP
1pn5q0i,1,sysadmin,False,A: SCRAPE GAP
1pn9bna,2,sysadmin,False,A: SCRAPE GAP
1png22c,1,sysadmin,False,A: SCRAPE GAP
1pnkq7w,3,sysadmin,False,A: SCRAPE GAP
1pny175,2,sysadmin,False,A: SCRAPE GAP
1po3az2,4,sysadmin,False,A: SCRAPE GAP
1po7bsn,1,sysadmin,False,A: SCRAPE GAP
1po78d9,1,sysadmin,False,A: SCRAPE GAP
1pod2gq,1,sysadmin,False,A: SCRAPE GAP
1po97b7,2,sysadmin,False,A: SCRAPE GAP
1pos3xh,2,sysadmin,False,A: SCRAPE GAP
1pot38e,1,sysadmin,False,A: SCRAPE GAP
1ppi42x,3,sysadmin,False,A: SCRAPE GAP
1pps18u,1,sysadmin,False,A: SCRAPE GAP
1pppkwv,3,sysadmin,False,A: SCRAPE GAP
1ppvnch,1,sysadmin,False,A: SCRAPE GAP
1ppzm76,1,sysadmin,False,A: SCRAPE GAP
1ppzytp,1,sysadmin,False,A: SCRAPE GAP
1pq7ush,1,sysadmin,False,A: SCRAPE GAP
1pqomk3,1,sysadmin,False,A: SCRAPE GAP
1pqwo9f,2,sysadmin,False,A: SCRAPE GAP
1praux7,1,sysadmin,False,A: SCRAPE GAP
1psov0v,2,sysadmin,False,A: SCRAPE GAP
1psup84,3,sysadmin,False,A: SCRAPE GAP
1pt01km,1,sysadmin,False,A: SCRAPE GAP
1ptahvv,1,sysadmin,False,A: SCRAPE GAP
1ptc96h,1,sysadmin,False,A: SCRAPE GAP
1ptaq2f,2,sysadmin,False,A: SCRAPE GAP
1ptnc81,2,sysadmin,False,A: SCRAPE GAP
1pu79cx,1,sysadmin,False,A: SCRAPE GAP
1pue3n4,1,sysadmin,False,A: SCRAPE GAP
1puu8qr,1,sysadmin,False,A: SCRAPE GAP
1px1x19,1,sysadmin,False,A: SCRAPE GAP
1pxcgyd,3,sysadmin,False,A: SCRAPE GAP
1px6y3n,1,sysadmin,False,A: SCRAPE GAP
1pxud9r,1,sysadmin,False,A: SCRAPE GAP
1pyjgfr,1,sysadmin,False,A: SCRAPE GAP
1pyldq1,4,sysadmin,False,A: SCRAPE GAP
1pym339,2,sysadmin,False,A: SCRAPE GAP
1pyquju,1,sysadmin,False,A: SCRAPE GAP
1pzv04v,1,sysadmin,False,A: SCRAPE GAP
1pzvxy6,1,sysadmin,False,A: SCRAPE GAP
1q03x8e,3,sysadmin,False,A: SCRAPE GAP
1q0gxoo,1,sysadmin,False,A: SCRAPE GAP
1q0g1vb,1,sysadmin,False,A: SCRAPE GAP
1q23z0b,1,sysadmin,False,A: SCRAPE GAP
1q26dkw,1,sysadmin,False,A: SCRAPE GAP
1q2e9kp,3,sysadmin,False,A: SCRAPE GAP
1q2wo09,1,sysadmin,False,A: SCRAPE GAP
1q3bvbd,1,sysadmin,False,A: SCRAPE GAP
1q3eshf,1,sysadmin,False,A: SCRAPE GAP
1q4fpl9,1,sysadmin,False,A: SCRAPE GAP
1q4mhyy,1,sysadmin,False,A: SCRAPE GAP
1q51t1i,2,sysadmin,False,A: SCRAPE GAP
1q57acl,3,sysadmin,False,A: SCRAPE GAP
1q5rxyv,1,sysadmin,False,A: SCRAPE GAP
1q5xg1j,1,sysadmin,False,A: SCRAPE GAP
1q61xbp,3,sysadmin,False,A: SCRAPE GAP
1q5t3di,2,sysadmin,False,A: SCRAPE GAP
1q692ew,1,sysadmin,False,A: SCRAPE GAP
1q6hl7a,4,sysadmin,False,A: SCRAPE GAP
1q6tsvz,3,sysadmin,False,A: SCRAPE GAP
1q6zwot,1,sysadmin,False,A: SCRAPE GAP
1q787sp,1,sysadmin,False,A: SCRAPE GAP
1q7agrj,1,sysadmin,False,A: SCRAPE GAP
1q7ge1w,2,sysadmin,False,A: SCRAPE GAP
1q7vavs,1,sysadmin,False,A: SCRAPE GAP
1q8febg,4,sysadmin,False,A: SCRAPE GAP
1q8n24w,2,sysadmin,False,A: SCRAPE GAP
1q8i6xj,1,sysadmin,False,A: SCRAPE GAP
1q9ai9n,1,sysadmin,False,A: SCRAPE GAP
1qajhia,2,sysadmin,False,A: SCRAPE GAP
1qals7c,2,sysadmin,False,A: SCRAPE GAP
1qarewi,1,sysadmin,False,A: SCRAPE GAP
1qaw1ng,3,sysadmin,False,A: SCRAPE GAP
1qb9wi7,2,sysadmin,False,A: SCRAPE GAP
1qbe99n,4,sysadmin,False,A: SCRAPE GAP
1qbmk3x,3,sysadmin,False,A: SCRAPE GAP
1qbtz9q,1,sysadmin,False,A: SCRAPE GAP
1qbwhtb,1,sysadmin,False,A: SCRAPE GAP
1qbxmgg,1,sysadmin,False,A: SCRAPE GAP
1qcf42r,1,sysadmin,False,A: SCRAPE GAP
1qcg899,2,sysadmin,False,A: SCRAPE GAP
1qcj31q,1,sysadmin,False,A: SCRAPE GAP
1qclrm2,1,sysadmin,False,A: SCRAPE GAP
1qcrbjy,1,sysadmin,False,A: SCRAPE GAP
1qcv4c3,1,sysadmin,False,A: SCRAPE GAP
1qdmrkm,1,sysadmin,False,A: SCRAPE GAP
1qdmxjc,2,sysadmin,False,A: SCRAPE GAP
1qdn61p,1,sysadmin,False,A: SCRAPE GAP
1qdy6w1,1,sysadmin,False,A: SCRAPE GAP
1qebuuq,1,sysadmin,False,A: SCRAPE GAP
1qec0j6,1,sysadmin,False,A: SCRAPE GAP
1qfkbp2,2,sysadmin,False,A: SCRAPE GAP
1qgv6rn,1,sysadmin,False,A: SCRAPE GAP
1qh2ytr,3,sysadmin,False,A: SCRAPE GAP
1qh8u10,4,sysadmin,False,A: SCRAPE GAP
1qhb3ly,1,sysadmin,False,A: SCRAPE GAP
1qhmciw,1,sysadmin,False,A: SCRAPE GAP
1qi5993,3,sysadmin,False,A: SCRAPE GAP
1qiweo0,1,sysadmin,False,A: SCRAPE GAP
1qiw6js,1,sysadmin,False,A: SCRAPE GAP
1qj0a91,1,sysadmin,False,A: SCRAPE GAP
1qj68rg,2,sysadmin,False,A: SCRAPE GAP
1qj5hqm,2,sysadmin,False,A: SCRAPE GAP
1qj6yn8,1,sysadmin,False,A: SCRAPE GAP
1qj7v3n,1,sysadmin,False,A: SCRAPE GAP
1qje78g,2,sysadmin,False,A: SCRAPE GAP
1qjmyng,1,sysadmin,False,A: SCRAPE GAP
1qjzx1e,1,sysadmin,False,A: SCRAPE GAP
1qk8t77,4,sysadmin,False,A: SCRAPE GAP
1qkapwx,1,sysadmin,False,A: SCRAPE GAP
1qk84n0,2,sysadmin,False,A: SCRAPE GAP
1qkd64f,1,sysadmin,False,A: SCRAPE GAP
1qkv5ou,1,sysadmin,False,A: SCRAPE GAP
1qkxcv6,1,sysadmin,False,A: SCRAPE GAP
1ql31sa,1,sysadmin,False,A: SCRAPE GAP
1ql7mg5,1,sysadmin,False,A: SCRAPE GAP
1qmuy2g,2,sysadmin,False,A: SCRAPE GAP
1qmza99,1,sysadmin,False,A: SCRAPE GAP
1qmss2t,4,sysadmin,False,A: SCRAPE GAP
1qnsl09,1,sysadmin,False,A: SCRAPE GAP
1qoid33,1,sysadmin,False,A: SCRAPE GAP
1qoknt9,1,sysadmin,False,A: SCRAPE GAP
1qokhzp,3,sysadmin,False,A: SCRAPE GAP
1qopquc,1,sysadmin,False,A: SCRAPE GAP
1qoxs9h,2,sysadmin,False,A: SCRAPE GAP
1qp239j,1,sysadmin,False,A: SCRAPE GAP
1qp7ezl,1,sysadmin,False,A: SCRAPE GAP
1qph42k,2,sysadmin,False,A: SCRAPE GAP
1qpp6un,1,sysadmin,False,A: SCRAPE GAP
1qpul3b,3,sysadmin,False,A: SCRAPE GAP
1qq5q8r,2,sysadmin,False,A: SCRAPE GAP
1qq910f,2,sysadmin,False,A: SCRAPE GAP
1qqfvai,3,sysadmin,False,A: SCRAPE GAP
1qriz2y,1,sysadmin,False,A: SCRAPE GAP
1qrj1gd,1,sysadmin,False,A: SCRAPE GAP
1qsh80q,2,sysadmin,False,A: SCRAPE GAP
1qte1y5,1,sysadmin,False,A: SCRAPE GAP
1qtc4r2,1,sysadmin,False,A: SCRAPE GAP
1qtjcwx,1,sysadmin,False,A: SCRAPE GAP
1qtxji8,1,sysadmin,False,A: SCRAPE GAP
1qu8b2l,1,sysadmin,False,A: SCRAPE GAP
1qup7oi,2,sysadmin,False,A: SCRAPE GAP
1quwnki,2,sysadmin,False,A: SCRAPE GAP
1qv1bnf,2,sysadmin,False,A: SCRAPE GAP
1quxcr4,2,sysadmin,False,A: SCRAPE GAP
1qvcdjm,4,sysadmin,False,A: SCRAPE GAP
1qvpz4m,1,sysadmin,False,A: SCRAPE GAP
1qw9o0v,1,sysadmin,False,A: SCRAPE GAP
1qw8fyq,1,sysadmin,False,A: SCRAPE GAP
1qwoyus,3,sysadmin,False,A: SCRAPE GAP
1qx4cni,1,sysadmin,False,A: SCRAPE GAP
1qxk3nn,2,sysadmin,False,A: SCRAPE GAP
1qxn57o,1,sysadmin,False,A: SCRAPE GAP
1qxm4lm,2,sysadmin,False,A: SCRAPE GAP
1qxnz93,3,sysadmin,False,A: SCRAPE GAP
1qxrs6p,2,sysadmin,False,A: SCRAPE GAP
1r044xx,1,sysadmin,False,A: SCRAPE GAP
1r0sas6,1,sysadmin,False,A: SCRAPE GAP
1r0ns89,1,sysadmin,False,A: SCRAPE GAP
1r13950,3,sysadmin,False,A: SCRAPE GAP
1r13xch,1,sysadmin,False,A: SCRAPE GAP
1r1b3vg,2,sysadmin,False,A: SCRAPE GAP
1r1umdw,1,sysadmin,False,A: SCRAPE GAP
1r2kzbd,1,sysadmin,False,A: SCRAPE GAP
1r2pdgv,3,sysadmin,False,A: SCRAPE GAP
1r2ux9i,2,sysadmin,False,A: SCRAPE GAP
1r30u4i,2,sysadmin,False,A: SCRAPE GAP
1r33pvs,2,sysadmin,False,A: SCRAPE GAP
1r357wx,2,sysadmin,False,A: SCRAPE GAP
1r33j3w,1,sysadmin,False,A: SCRAPE GAP
1r3gylt,2,sysadmin,False,A: SCRAPE GAP
1r3jvud,1,sysadmin,False,A: SCRAPE GAP
1r3v2p0,2,sysadmin,False,A: SCRAPE GAP
1r3uybx,2,sysadmin,False,A: SCRAPE GAP
1r43r8v,3,sysadmin,False,A: SCRAPE GAP
1r4b9qe,2,sysadmin,False,A: SCRAPE GAP
1r4ttqo,2,sysadmin,False,A: SCRAPE GAP
1r63olu,1,sysadmin,False,A: SCRAPE GAP
1r657a1,1,sysadmin,False,A: SCRAPE GAP
1r691da,1,sysadmin,False,A: SCRAPE GAP
1r69ku6,4,sysadmin,False,A: SCRAPE GAP
1r6c317,1,sysadmin,False,A: SCRAPE GAP
1r6gg3m,1,sysadmin,False,A: SCRAPE GAP
1r6x5tc,2,sysadmin,False,A: SCRAPE GAP
1r79i70,1,sysadmin,False,A: SCRAPE GAP
1r79o1a,1,sysadmin,False,A: SCRAPE GAP
1r7k4k4,3,sysadmin,False,A: SCRAPE GAP
1r829ah,2,sysadmin,False,A: SCRAPE GAP
1r8ee5u,2,sysadmin,False,A: SCRAPE GAP
1r8x2h0,1,sysadmin,False,A: SCRAPE GAP
1r92uvt,1,sysadmin,False,A: SCRAPE GAP
1r946ia,1,sysadmin,False,A: SCRAPE GAP
1r968ai,1,sysadmin,False,A: SCRAPE GAP
1r9f64v,2,sysadmin,False,A: SCRAPE GAP
1raptfx,3,sysadmin,False,A: SCRAPE GAP
1rayis7,1,sysadmin,False,A: SCRAPE GAP
1rbzm3d,1,sysadmin,False,A: SCRAPE GAP
1rcdpil,1,sysadmin,False,A: SCRAPE GAP
1rcg7vk,2,sysadmin,False,A: SCRAPE GAP
1rcfvcx,3,sysadmin,False,A: SCRAPE GAP
1rcvo5z,2,sysadmin,False,A: SCRAPE GAP
1rcvpah,1,sysadmin,False,A: SCRAPE GAP
1rd8mps,1,sysadmin,False,A: SCRAPE GAP
1rdd58c,2,sysadmin,False,A: SCRAPE GAP
1rdgvgj,1,sysadmin,False,A: SCRAPE GAP
1rdjduv,1,sysadmin,False,A: SCRAPE GAP
1rdzovx,3,sysadmin,False,A: SCRAPE GAP
1re6n5r,1,sysadmin,False,A: SCRAPE GAP
1reaubn,1,sysadmin,False,A: SCRAPE GAP
1reduhb,2,sysadmin,False,A: SCRAPE GAP
1redz97,1,sysadmin,False,A: SCRAPE GAP
1renteq,1,sysadmin,False,A: SCRAPE GAP
1reo29k,1,sysadmin,False,A: SCRAPE GAP
1rete7r,2,sysadmin,False,A: SCRAPE GAP
1rf2nmn,2,sysadmin,False,A: SCRAPE GAP
1rfgjtr,3,sysadmin,False,A: SCRAPE GAP
1rfr7zu,3,sysadmin,False,A: SCRAPE GAP
1rfxj7w,2,sysadmin,False,A: SCRAPE GAP
1rgcoad,1,sysadmin,False,A: SCRAPE GAP
1rgdh7f,2,sysadmin,False,A: SCRAPE GAP
1rgdr96,1,sysadmin,False,A: SCRAPE GAP
1rgezrt,1,sysadmin,False,A: SCRAPE GAP
1rgj5qj,1,sysadmin,False,A: SCRAPE GAP
1rgs26b,1,sysadmin,False,A: SCRAPE GAP
1rh1nfv,1,sysadmin,False,A: SCRAPE GAP
1rh121p,1,sysadmin,False,A: SCRAPE GAP
1rh15si,1,sysadmin,False,A: SCRAPE GAP
1rh810e,2,sysadmin,False,A: SCRAPE GAP
1rhaevx,1,sysadmin,False,A: SCRAPE GAP
1rhpifn,1,sysadmin,False,A: SCRAPE GAP
1rihyxd,1,sysadmin,False,A: SCRAPE GAP
1riju2u,3,sysadmin,False,A: SCRAPE GAP
1riow57,1,sysadmin,False,A: SCRAPE GAP
1riwbio,1,sysadmin,False,A: SCRAPE GAP
1riuccf,3,sysadmin,False,A: SCRAPE GAP
1riwvyv,1,sysadmin,False,A: SCRAPE GAP
1rj2rwr,2,sysadmin,False,A: SCRAPE GAP
1rj6p39,2,sysadmin,False,A: SCRAPE GAP
1rjeiyg,2,sysadmin,False,A: SCRAPE GAP
1rjbe59,3,sysadmin,False,A: SCRAPE GAP
1rjspyz,1,sysadmin,False,A: SCRAPE GAP
1rkap57,2,sysadmin,False,A: SCRAPE GAP
1rkkcea,1,sysadmin,False,A: SCRAPE GAP
1rkt9zz,2,sysadmin,False,A: SCRAPE GAP
1rkwxpt,2,sysadmin,False,A: SCRAPE GAP
1rl9tcf,1,sysadmin,False,A: SCRAPE GAP
1rlkb1e,3,sysadmin,False,A: SCRAPE GAP
1rlwo2n,1,sysadmin,False,A: SCRAPE GAP
1rlr93h,1,sysadmin,False,A: SCRAPE GAP
1rm660l,4,sysadmin,False,A: SCRAPE GAP
1rme37n,1,sysadmin,False,A: SCRAPE GAP
1rmjycz,2,sysadmin,False,A: SCRAPE GAP
1rmz061,2,sysadmin,False,A: SCRAPE GAP
1rn77ic,3,sysadmin,False,A: SCRAPE GAP
1rnyve9,1,sysadmin,False,A: SCRAPE GAP
1roi3ne,4,sysadmin,False,A: SCRAPE GAP
1rp0nvw,1,sysadmin,False,A: SCRAPE GAP
1rp3nlz,4,sysadmin,False,A: SCRAPE GAP
1rpeze2,1,sysadmin,False,A: SCRAPE GAP
1rpjt3p,1,sysadmin,False,A: SCRAPE GAP
1rpztny,2,sysadmin,False,A: SCRAPE GAP
1rqga85,1,sysadmin,False,A: SCRAPE GAP
1rql1vb,1,sysadmin,False,A: SCRAPE GAP
1rqq54y,3,sysadmin,False,A: SCRAPE GAP
1rqvpzy,3,sysadmin,False,A: SCRAPE GAP
1rqvijp,2,sysadmin,False,A: SCRAPE GAP
1rraj4d,2,sysadmin,False,A: SCRAPE GAP
1rrpewq,1,sysadmin,False,A: SCRAPE GAP
1rrt9wi,1,sysadmin,False,A: SCRAPE GAP
1rrx7uq,1,sysadmin,False,A: SCRAPE GAP
1rrz59h,1,sysadmin,False,A: SCRAPE GAP
1rs1854,1,sysadmin,False,A: SCRAPE GAP
1rs55je,2,sysadmin,False,A: SCRAPE GAP
1rsoido,4,sysadmin,False,A: SCRAPE GAP
1rsv30q,3,sysadmin,False,A: SCRAPE GAP
1rtl83o,2,sysadmin,False,A: SCRAPE GAP
1rtnmxc,3,sysadmin,False,A: SCRAPE GAP
1rtykbp,4,sysadmin,False,A: SCRAPE GAP
1rutpbz,1,sysadmin,False,A: SCRAPE GAP
1rv3ai9,1,sysadmin,False,A: SCRAPE GAP
1rvahxa,2,sysadmin,False,A: SCRAPE GAP
1rvghx7,2,sysadmin,False,A: SCRAPE GAP
1rvo041,1,sysadmin,False,A: SCRAPE GAP
1rvsewj,2,sysadmin,False,A: SCRAPE GAP
1rvyrr1,1,sysadmin,False,A: SCRAPE GAP
1rw0jk2,1,sysadmin,False,A: SCRAPE GAP
1rw6nk9,1,sysadmin,False,A: SCRAPE GAP
1rwa8sa,1,sysadmin,False,A: SCRAPE GAP
1rwcsoq,1,sysadmin,False,A: SCRAPE GAP
1rwl5aq,1,sysadmin,False,A: SCRAPE GAP
1rwmq12,1,sysadmin,False,A: SCRAPE GAP
1rwogba,2,sysadmin,False,A: SCRAPE GAP
1rwuv7a,3,sysadmin,False,A: SCRAPE GAP
1rx59dx,1,sysadmin,False,A: SCRAPE GAP
1rx71sb,1,sysadmin,False,A: SCRAPE GAP
1rxbpxp,3,sysadmin,False,A: SCRAPE GAP
1ry28mf,1,sysadmin,False,A: SCRAPE GAP
1ry5u9b,1,sysadmin,False,A: SCRAPE GAP
1ryipfs,2,sysadmin,False,A: SCRAPE GAP
1ryscmb,1,sysadmin,False,A: SCRAPE GAP
1ryusri,1,sysadmin,False,A: SCRAPE GAP
1rz1xzq,1,sysadmin,False,A: SCRAPE GAP
1rzirkz,2,sysadmin,False,A: SCRAPE GAP
1s038zp,1,sysadmin,False,A: SCRAPE GAP
1s03a8g,1,sysadmin,False,A: SCRAPE GAP
1s0a9ql,2,sysadmin,False,A: SCRAPE GAP
1s0o627,3,sysadmin,False,A: SCRAPE GAP
1s1kj7r,1,sysadmin,False,A: SCRAPE GAP
1s1p2xm,2,sysadmin,False,A: SCRAPE GAP
1s1vysz,4,sysadmin,False,A: SCRAPE GAP
1s1wjmt,1,sysadmin,False,A: SCRAPE GAP
1s1zxqm,1,sysadmin,False,A: SCRAPE GAP
1s22w3f,1,sysadmin,False,A: SCRAPE GAP
1s2ix7r,1,sysadmin,False,A: SCRAPE GAP
1s2h2q5,1,sysadmin,False,A: SCRAPE GAP
1s35ady,1,sysadmin,False,A: SCRAPE GAP
1s2zwgd,1,sysadmin,False,A: SCRAPE GAP
1s3f58d,1,sysadmin,False,A: SCRAPE GAP
1s3j191,3,sysadmin,False,A: SCRAPE GAP
1s3iqnh,3,sysadmin,False,A: SCRAPE GAP
1s3vmbm,1,sysadmin,False,A: SCRAPE GAP
1s3owll,1,sysadmin,False,A: SCRAPE GAP
1s3yadb,2,sysadmin,False,A: SCRAPE GAP
1s49mx2,3,sysadmin,False,A: SCRAPE GAP
1s4b3cv,1,sysadmin,False,A: SCRAPE GAP
1s42pd4,1,sysadmin,False,A: SCRAPE GAP
1s4r51h,1,sysadmin,False,A: SCRAPE GAP
1s52oxr,1,sysadmin,False,A: SCRAPE GAP
1s53m9j,2,sysadmin,False,A: SCRAPE GAP
1s58qwj,1,sysadmin,False,A: SCRAPE GAP
1s5pqvd,2,sysadmin,False,A: SCRAPE GAP
1s5vxza,1,sysadmin,False,A: SCRAPE GAP
1s62xjq,1,sysadmin,False,A: SCRAPE GAP
1s6ezq1,2,sysadmin,False,A: SCRAPE GAP
1s6kksm,2,sysadmin,False,A: SCRAPE GAP
1s6oml9,1,sysadmin,False,A: SCRAPE GAP
1s6z8mg,2,sysadmin,False,A: SCRAPE GAP
1s791jr,4,sysadmin,False,A: SCRAPE GAP
1s7ig2c,2,sysadmin,False,A: SCRAPE GAP
1s7mei0,1,sysadmin,False,A: SCRAPE GAP
1s7oemc,1,sysadmin,False,A: SCRAPE GAP
1s7uxbf,3,sysadmin,False,A: SCRAPE GAP
1s7w7kc,1,sysadmin,False,A: SCRAPE GAP
1s81ytx,1,sysadmin,False,A: SCRAPE GAP
1s85ag9,2,sysadmin,False,A: SCRAPE GAP
1s86tz2,3,sysadmin,False,A: SCRAPE GAP
1s87ybf,2,sysadmin,False,A: SCRAPE GAP
1s8hym4,1,sysadmin,False,A: SCRAPE GAP
1s8o1ru,2,sysadmin,False,A: SCRAPE GAP
1s8qa8p,1,sysadmin,False,A: SCRAPE GAP
1s8qrz2,2,sysadmin,False,A: SCRAPE GAP
1s8usbd,2,sysadmin,False,A: SCRAPE GAP
1s99w60,1,sysadmin,False,A: SCRAPE GAP
1s9nlff,1,sysadmin,False,A: SCRAPE GAP
1s9n2on,2,sysadmin,False,A: SCRAPE GAP
1s9cfq4,1,sysadmin,False,A: SCRAPE GAP
1s9pdi4,2,sysadmin,False,A: SCRAPE GAP
1sah6gk,1,sysadmin,False,A: SCRAPE GAP
1sb8y19,1,sysadmin,False,A: SCRAPE GAP
1sbfya3,3,sysadmin,False,A: SCRAPE GAP
1sbmsrz,2,sysadmin,False,A: SCRAPE GAP
1scvcf0,1,sysadmin,False,A: SCRAPE GAP
1sddsn9,2,sysadmin,False,A: SCRAPE GAP
1sd8sff,1,sysadmin,False,A: SCRAPE GAP
1sdk87n,2,sysadmin,False,A: SCRAPE GAP
1sduxnk,2,sysadmin,False,A: SCRAPE GAP
1sdyqqe,1,sysadmin,False,A: SCRAPE GAP
1seryef,3,sysadmin,False,A: SCRAPE GAP
1seqgsa,2,sysadmin,False,A: SCRAPE GAP
1sew33p,3,sysadmin,False,A: SCRAPE GAP
1seus3p,2,sysadmin,False,A: SCRAPE GAP
1sf0hkj,1,sysadmin,False,A: SCRAPE GAP
1sf64cj,1,sysadmin,False,A: SCRAPE GAP
1sf5jje,1,sysadmin,False,A: SCRAPE GAP
1sfdd2y,1,sysadmin,False,A: SCRAPE GAP
1sfs9p6,1,sysadmin,False,A: SCRAPE GAP
1sfpu1v,2,sysadmin,False,A: SCRAPE GAP
1sg2iau,1,sysadmin,False,A: SCRAPE GAP
1sg4ttu,1,sysadmin,False,A: SCRAPE GAP
1sg1ixf,1,sysadmin,False,A: SCRAPE GAP
1sg8hus,2,sysadmin,False,A: SCRAPE GAP
1sgcgak,1,sysadmin,False,A: SCRAPE GAP
1sgbpmd,2,sysadmin,False,A: SCRAPE GAP
1sgrcyg,1,sysadmin,False,A: SCRAPE GAP
1sgu2kc,1,sysadmin,False,A: SCRAPE GAP
1sha0f0,1,sysadmin,False,A: SCRAPE GAP
1siw622,2,sysadmin,False,A: SCRAPE GAP
1skdurg,1,sysadmin,False,A: SCRAPE GAP
1skl903,1,sysadmin,False,A: SCRAPE GAP
1skz66z,1,sysadmin,False,A: SCRAPE GAP
1skzg25,2,sysadmin,False,A: SCRAPE GAP
1sl3yy7,1,sysadmin,False,A: SCRAPE GAP
1sl3i2g,1,sysadmin,False,A: SCRAPE GAP
1sl6o39,2,sysadmin,False,A: SCRAPE GAP
1slbr82,3,sysadmin,False,A: SCRAPE GAP
1sldslf,2,sysadmin,False,A: SCRAPE GAP
1slk2h2,1,sysadmin,False,A: SCRAPE GAP
1slifyw,1,sysadmin,False,A: SCRAPE GAP
1sljy88,2,sysadmin,False,A: SCRAPE GAP
1sll3k8,1,sysadmin,False,A: SCRAPE GAP
1slyzaz,1,sysadmin,False,A: SCRAPE GAP
1sm5oyj,1,sysadmin,False,A: SCRAPE GAP
1smak2f,2,sysadmin,False,A: SCRAPE GAP
1smiao5,1,sysadmin,False,A: SCRAPE GAP
1smki1f,1,sysadmin,False,A: SCRAPE GAP
1sms9gy,4,sysadmin,False,A: SCRAPE GAP
1sn3hky,2,sysadmin,False,A: SCRAPE GAP
1sn6usi,2,sysadmin,False,A: SCRAPE GAP
1snamsf,2,sysadmin,False,A: SCRAPE GAP
1snhlmx,1,sysadmin,False,A: SCRAPE GAP
1snnsri,1,sysadmin,False,A: SCRAPE GAP
1sod3gc,1,sysadmin,False,A: SCRAPE GAP
1soo24v,1,sysadmin,False,A: SCRAPE GAP
1son557,3,sysadmin,False,A: SCRAPE GAP
1spby5g,1,sysadmin,False,A: SCRAPE GAP
1sqhczt,1,sysadmin,False,A: SCRAPE GAP
1sqlm6n,2,sysadmin,False,A: SCRAPE GAP
1sql1oh,3,sysadmin,False,A: SCRAPE GAP
1sqmri5,1,sysadmin,False,A: SCRAPE GAP
1sqoejd,2,sysadmin,False,A: SCRAPE GAP
1sqqyl6,1,sysadmin,False,A: SCRAPE GAP
1sranu5,2,sysadmin,False,A: SCRAPE GAP
1srl9ns,2,sysadmin,False,A: SCRAPE GAP
1srmc9j,1,sysadmin,False,A: SCRAPE GAP
1srrpo9,1,sysadmin,False,A: SCRAPE GAP
1sru0cn,3,sysadmin,False,A: SCRAPE GAP
1ssq6bh,1,sysadmin,False,A: SCRAPE GAP
1stj94g,1,sysadmin,False,A: SCRAPE GAP
1stjg2b,3,sysadmin,False,A: SCRAPE GAP
1stm2b8,2,sysadmin,False,A: SCRAPE GAP
1str7lk,3,sysadmin,False,A: SCRAPE GAP
1sucuh6,2,sysadmin,False,A: SCRAPE GAP
1suj5di,1,sysadmin,False,A: SCRAPE GAP
1suj3fw,1,sysadmin,False,A: SCRAPE GAP
1sujkb2,2,sysadmin,False,A: SCRAPE GAP
1suklsj,1,sysadmin,False,A: SCRAPE GAP
1suv41y,1,sysadmin,False,A: SCRAPE GAP
1svq9vw,1,sysadmin,False,A: SCRAPE GAP
1svr79j,1,sysadmin,False,A: SCRAPE GAP
gmmdzl,2,AskNetsec,False,A: SCRAPE GAP
rn1gs5,2,AskNetsec,False,A: SCRAPE GAP
xkw4mb,1,AskNetsec,False,A: SCRAPE GAP
18pock9,3,AskNetsec,False,A: SCRAPE GAP
1cktr4a,1,AskNetsec,False,A: SCRAPE GAP
1s5cksi,3,AskNetsec,False,"C: FILTERED OUT (had top-level comments, dropped by cleaning)"
