post_id,bat_score,comment_count,mean_comment_score,median_comment_score,total_comment_score,subreddit,cluster,has_zero
12t87xb,1,4,2.0,2.0,8.0,ciso,leadership,0
1epl8ed,1,9,3.6666666666666665,2.0,33.0,ciso,leadership,0
1fbh2gy,1,11,2.8181818181818183,2.0,31.0,ciso,leadership,0
1k7d8py,3,17,1.9411764705882355,1.0,33.0,ciso,leadership,0
1mzmorn,2,27,2.074074074074074,1.0,56.0,ciso,leadership,0
1nfa5d7,3,8,1.0,1.0,8.0,ciso,leadership,0
1oivdvr,2,15,2.533333333333333,2.0,38.0,ciso,leadership,0
1otrhxl,1,18,2.5,1.0,45.0,ciso,leadership,0
1pn16cu,1,16,3.125,2.0,50.0,ciso,leadership,0
1qbpevw,2,29,2.586206896551724,1.0,75.0,ciso,leadership,0
1qb7lml,1,10,4.3,2.5,43.0,ciso,leadership,0
1sbjt10,3,12,1.5833333333333333,1.0,19.0,ciso,leadership,0
7rmj6f,1,3,1.0,1.0,3.0,cybersecurity,general_practitioner,0
7uvy9o,1,2,2.0,2.0,4.0,cybersecurity,general_practitioner,0
85q7dg,1,2,1.0,1.0,2.0,cybersecurity,general_practitioner,0
87z1oe,2,5,2.6,2.0,13.0,cybersecurity,general_practitioner,0
88whie,1,8,1.25,1.0,10.0,cybersecurity,general_practitioner,0
8iki61,1,14,1.5,1.0,21.0,cybersecurity,general_practitioner,0
8pj9zl,1,1,1.0,1.0,1.0,cybersecurity,general_practitioner,0
8t64jy,1,7,2.4285714285714284,1.0,17.0,cybersecurity,general_practitioner,0
8ymb8h,1,2,1.5,1.5,3.0,cybersecurity,general_practitioner,0
97iyso,2,3,3.333333333333333,4.0,10.0,cybersecurity,general_practitioner,0
9di12t,1,5,3.8,3.0,19.0,cybersecurity,general_practitioner,0
9eimol,1,5,0.8,1.0,4.0,cybersecurity,general_practitioner,0
9gygx2,2,5,4.4,3.0,22.0,cybersecurity,general_practitioner,0
9r0ahw,1,5,2.2,2.0,11.0,cybersecurity,general_practitioner,0
9ullav,1,2,2.0,2.0,4.0,cybersecurity,general_practitioner,0
9vqun2,1,13,3.5384615384615383,2.0,46.0,cybersecurity,general_practitioner,0
9wtvk9,1,1,1.0,1.0,1.0,cybersecurity,general_practitioner,0
a3h7ug,2,2,1.5,1.5,3.0,cybersecurity,general_practitioner,0
a6nb80,2,2,2.0,2.0,4.0,cybersecurity,general_practitioner,0
aap2jo,1,4,3.0,2.5,12.0,cybersecurity,general_practitioner,0
aek99v,4,1,2.0,2.0,2.0,cybersecurity,general_practitioner,0
aemrka,3,2,1.5,1.5,3.0,cybersecurity,general_practitioner,0
al8are,1,3,2.0,2.0,6.0,cybersecurity,general_practitioner,0
at9iqr,1,4,2.25,2.5,9.0,cybersecurity,general_practitioner,0
at8ep9,3,14,10.285714285714286,5.0,144.0,cybersecurity,general_practitioner,0
aywlqh,2,3,1.3333333333333333,1.0,4.0,cybersecurity,general_practitioner,0
b14r8h,1,8,3.375,3.0,27.0,cybersecurity,general_practitioner,0
b5tcwu,1,7,3.2857142857142856,3.0,23.0,cybersecurity,general_practitioner,0
bc86db,1,5,4.4,3.0,22.0,cybersecurity,general_practitioner,0
becrmq,2,2,3.0,3.0,6.0,cybersecurity,general_practitioner,0
bjklso,3,6,2.1666666666666665,2.0,13.0,cybersecurity,general_practitioner,0
bpfwax,2,3,3.333333333333333,2.0,10.0,cybersecurity,general_practitioner,0
bputxx,1,5,3.0,2.0,15.0,cybersecurity,general_practitioner,0
btnj2u,1,3,1.6666666666666667,1.0,5.0,cybersecurity,general_practitioner,0
bugbqk,1,12,1.5,1.0,18.0,cybersecurity,general_practitioner,0
c2aivj,2,2,2.0,2.0,4.0,cybersecurity,general_practitioner,0
c34gpn,1,2,1.0,1.0,2.0,cybersecurity,general_practitioner,0
c7zqfs,1,5,2.8,2.0,14.0,cybersecurity,general_practitioner,0
c8vfvd,2,9,1.4444444444444444,1.0,13.0,cybersecurity,general_practitioner,0
ckmgqi,1,3,1.3333333333333333,1.0,4.0,cybersecurity,general_practitioner,0
conk7i,1,2,1.5,1.5,3.0,cybersecurity,general_practitioner,0
cqa47z,1,4,2.5,2.0,10.0,cybersecurity,general_practitioner,0
cvajap,1,1,2.0,2.0,2.0,cybersecurity,general_practitioner,0
cw5gzg,2,5,1.6,2.0,8.0,cybersecurity,general_practitioner,0
cxmrwb,2,4,1.25,1.0,5.0,cybersecurity,general_practitioner,0
cydmh6,1,3,1.3333333333333333,1.0,4.0,cybersecurity,general_practitioner,0
d308dy,1,0,,,,cybersecurity,general_practitioner,1
db4apf,1,4,1.25,1.0,5.0,cybersecurity,general_practitioner,0
davz1o,2,26,5.384615384615385,1.0,140.0,cybersecurity,general_practitioner,0
deqcg7,1,0,,,,cybersecurity,general_practitioner,1
detm3i,1,2,3.5,3.5,7.0,cybersecurity,general_practitioner,0
dg4c5r,3,3,1.3333333333333333,1.0,4.0,cybersecurity,general_practitioner,0
dlq3fc,3,3,1.3333333333333333,1.0,4.0,cybersecurity,general_practitioner,0
dncloz,2,2,2.0,2.0,4.0,cybersecurity,general_practitioner,0
doxewe,1,1,1.0,1.0,1.0,cybersecurity,general_practitioner,0
ds3d8j,2,5,1.4,1.0,7.0,cybersecurity,general_practitioner,0
dwls5u,1,2,2.0,2.0,4.0,cybersecurity,general_practitioner,0
e60o7p,1,4,1.75,2.0,7.0,cybersecurity,general_practitioner,0
e8te6p,2,10,2.0,2.0,20.0,cybersecurity,general_practitioner,0
ebk20t,1,3,2.0,1.0,6.0,cybersecurity,general_practitioner,0
eimbu1,1,5,3.0,2.0,15.0,cybersecurity,general_practitioner,0
eor8o2,2,5,2.0,1.0,10.0,cybersecurity,general_practitioner,0
epfagk,3,6,3.0,2.0,18.0,cybersecurity,general_practitioner,0
esm7oc,1,3,1.6666666666666667,2.0,5.0,cybersecurity,general_practitioner,0
evs6qe,2,3,1.3333333333333333,1.0,4.0,cybersecurity,general_practitioner,0
ezfszl,1,8,1.5,1.5,12.0,cybersecurity,general_practitioner,0
f3myww,1,5,3.2,2.0,16.0,cybersecurity,general_practitioner,0
f9k5f0,1,3,2.6666666666666665,2.0,8.0,cybersecurity,general_practitioner,0
ffe4fn,2,0,,,,cybersecurity,general_practitioner,1
fgjh3u,3,3,1.6666666666666667,1.0,5.0,cybersecurity,general_practitioner,0
fh5qpk,1,4,3.75,3.0,15.0,cybersecurity,general_practitioner,0
fihr7q,1,0,,,,cybersecurity,general_practitioner,1
fjnqjf,3,14,1.7142857142857142,1.0,24.0,cybersecurity,general_practitioner,0
fkwb9u,1,5,1.2,1.0,6.0,cybersecurity,general_practitioner,0
fot8f0,1,1,2.0,2.0,2.0,cybersecurity,general_practitioner,0
fwa1x1,1,2,1.0,1.0,2.0,cybersecurity,general_practitioner,0
fx8nw2,1,1,1.0,1.0,1.0,cybersecurity,general_practitioner,0
g9cgjl,2,3,1.0,1.0,3.0,cybersecurity,general_practitioner,0
g9bygl,2,2,1.5,1.5,3.0,cybersecurity,general_practitioner,0
gatbe7,2,1,2.0,2.0,2.0,cybersecurity,general_practitioner,0
gax2s7,3,6,1.1666666666666667,1.0,7.0,cybersecurity,general_practitioner,0
ge4lv8,2,3,3.0,3.0,9.0,cybersecurity,general_practitioner,0
ghwfiq,4,1,1.0,1.0,1.0,cybersecurity,general_practitioner,0
glbma5,1,4,1.5,1.0,6.0,cybersecurity,general_practitioner,0
gnf2fy,2,2,3.0,3.0,6.0,cybersecurity,general_practitioner,0
gnc930,1,8,3.0,2.5,24.0,cybersecurity,general_practitioner,0
go74kg,2,5,2.6,2.0,13.0,cybersecurity,general_practitioner,0
gpe4s3,2,4,1.75,2.0,7.0,cybersecurity,general_practitioner,0
gs99pq,1,9,9.11111111111111,3.0,82.0,cybersecurity,general_practitioner,0
gulzz9,1,2,1.0,1.0,2.0,cybersecurity,general_practitioner,0
gvg3kr,1,0,,,,cybersecurity,general_practitioner,1
gzo9kc,1,6,1.5,1.0,9.0,cybersecurity,general_practitioner,0
h89twm,2,5,1.8,2.0,9.0,cybersecurity,general_practitioner,0
h9ksmv,1,2,4.5,4.5,9.0,cybersecurity,general_practitioner,0
hakgwy,1,2,2.0,2.0,4.0,cybersecurity,general_practitioner,0
hdg1oc,2,0,,,,cybersecurity,general_practitioner,1
hjmedz,1,1,1.0,1.0,1.0,cybersecurity,general_practitioner,0
hpmapw,1,3,2.0,2.0,6.0,cybersecurity,general_practitioner,0
hrdbtb,2,3,1.0,1.0,3.0,cybersecurity,general_practitioner,0
hslfgz,1,4,2.25,2.0,9.0,cybersecurity,general_practitioner,0
hxeo42,1,1,3.0,3.0,3.0,cybersecurity,general_practitioner,0
hze3eu,1,14,1.2142857142857142,1.0,17.0,cybersecurity,general_practitioner,0
i0dq2m,1,7,1.5714285714285714,1.0,11.0,cybersecurity,general_practitioner,0
i3o7ud,2,9,2.6666666666666665,3.0,24.0,cybersecurity,general_practitioner,0
ibac0m,1,5,2.0,2.0,10.0,cybersecurity,general_practitioner,0
ibjnzi,1,4,1.0,1.0,4.0,cybersecurity,general_practitioner,0
idhz4m,2,2,2.0,2.0,4.0,cybersecurity,general_practitioner,0
ifi3sr,3,4,1.25,1.0,5.0,cybersecurity,general_practitioner,0
ig5zso,1,3,1.6666666666666667,1.0,5.0,cybersecurity,general_practitioner,0
igs1gf,1,1,1.0,1.0,1.0,cybersecurity,general_practitioner,0
ildwr9,1,2,1.5,1.5,3.0,cybersecurity,general_practitioner,0
iofrbl,1,7,3.142857142857143,3.0,22.0,cybersecurity,general_practitioner,0
iom5lw,1,7,3.142857142857143,2.0,22.0,cybersecurity,general_practitioner,0
isqpkh,3,1,10.0,10.0,10.0,cybersecurity,general_practitioner,0
ivmqxe,2,13,5.846153846153846,1.0,76.0,cybersecurity,general_practitioner,0
iy57qf,1,2,2.0,2.0,4.0,cybersecurity,general_practitioner,0
j0wj47,1,5,2.4,1.0,12.0,cybersecurity,general_practitioner,0
jf3ewt,1,1,3.0,3.0,3.0,cybersecurity,general_practitioner,0
jhtk6h,1,6,2.1666666666666665,1.5,13.0,cybersecurity,general_practitioner,0
jlq21x,2,6,0.6666666666666666,1.0,4.0,cybersecurity,general_practitioner,0
jme5tr,1,6,2.0,2.0,12.0,cybersecurity,general_practitioner,0
jmwqsb,3,7,3.0,3.0,21.0,cybersecurity,general_practitioner,0
jpodm0,1,1,2.0,2.0,2.0,cybersecurity,general_practitioner,0
jpi2qe,1,6,1.3333333333333333,1.0,8.0,cybersecurity,general_practitioner,0
jurptg,1,5,2.2,1.0,11.0,cybersecurity,general_practitioner,0
jvcj8w,1,1,2.0,2.0,2.0,cybersecurity,general_practitioner,0
jw3gxj,1,9,3.7777777777777777,2.0,34.0,cybersecurity,general_practitioner,0
kdygob,1,2,2.0,2.0,4.0,cybersecurity,general_practitioner,0
kexy8y,1,10,3.6,2.0,36.0,cybersecurity,general_practitioner,0
kihhca,2,2,1.0,1.0,2.0,cybersecurity,general_practitioner,0
kidint,2,15,3.8,3.0,57.0,cybersecurity,general_practitioner,0
kk180z,1,14,6.214285714285714,3.0,87.0,cybersecurity,general_practitioner,0
koox35,1,1,1.0,1.0,1.0,cybersecurity,general_practitioner,0
koopfe,2,0,,,,cybersecurity,general_practitioner,1
kopxdk,1,1,1.0,1.0,1.0,cybersecurity,general_practitioner,0
krn789,2,10,1.7,1.0,17.0,cybersecurity,general_practitioner,0
ks1zx3,1,1,2.0,2.0,2.0,cybersecurity,general_practitioner,0
kt5elz,1,0,,,,cybersecurity,general_practitioner,1
kwpezs,2,0,,,,cybersecurity,general_practitioner,1
kz64n2,3,64,13.3125,2.0,852.0,cybersecurity,general_practitioner,0
kzbj1i,1,5,1.0,1.0,5.0,cybersecurity,general_practitioner,0
l044mg,1,2,2.0,2.0,4.0,cybersecurity,general_practitioner,0
l0ig6l,1,1,3.0,3.0,3.0,cybersecurity,general_practitioner,0
l0imh7,1,29,2.7586206896551726,1.0,80.0,cybersecurity,general_practitioner,0
l0pgxf,2,2,2.0,2.0,4.0,cybersecurity,general_practitioner,0
l3134b,2,6,7.166666666666667,7.0,43.0,cybersecurity,general_practitioner,0
l2uonc,1,1,1.0,1.0,1.0,cybersecurity,general_practitioner,0
l4p9cu,3,12,3.333333333333333,2.0,40.0,cybersecurity,general_practitioner,0
l5gz1n,2,2,4.0,4.0,8.0,cybersecurity,general_practitioner,0
l8mum7,1,3,2.6666666666666665,3.0,8.0,cybersecurity,general_practitioner,0
l9dkms,1,6,2.833333333333333,2.5,17.0,cybersecurity,general_practitioner,0
lbgb65,1,3,2.6666666666666665,2.0,8.0,cybersecurity,general_practitioner,0
ld99y9,1,1,2.0,2.0,2.0,cybersecurity,general_practitioner,0
li8g8f,2,4,1.75,1.0,7.0,cybersecurity,general_practitioner,0
lkwes2,1,1,1.0,1.0,1.0,cybersecurity,general_practitioner,0
ll6a2b,3,33,10.545454545454543,2.0,348.0,cybersecurity,general_practitioner,0
lrqch0,3,14,4.214285714285714,2.5,59.0,cybersecurity,general_practitioner,0
lvgsyw,1,3,1.3333333333333333,1.0,4.0,cybersecurity,general_practitioner,0
lxurtt,3,43,14.651162790697674,2.0,630.0,cybersecurity,general_practitioner,0
lzpijd,1,5,1.2,1.0,6.0,cybersecurity,general_practitioner,0
m0x5za,3,4,3.25,3.0,13.0,cybersecurity,general_practitioner,0
m2p73d,1,3,3.0,3.0,9.0,cybersecurity,general_practitioner,0
mh9p0c,3,34,6.441176470588236,1.0,219.0,cybersecurity,general_practitioner,0
mm3h8h,2,1,1.0,1.0,1.0,cybersecurity,general_practitioner,0
mn230k,3,34,25.823529411764707,2.0,878.0,cybersecurity,general_practitioner,0
mpdyv7,1,5,1.8,1.0,9.0,cybersecurity,general_practitioner,0
mpsutk,4,67,7.507462686567164,2.0,503.0,cybersecurity,general_practitioner,0
mr5dc4,1,25,5.84,1.0,146.0,cybersecurity,general_practitioner,0
mrhmm9,3,5,1.4,1.0,7.0,cybersecurity,general_practitioner,0
mvjkci,2,4,2.75,2.0,11.0,cybersecurity,general_practitioner,0
mzofcs,1,3,1.3333333333333333,1.0,4.0,cybersecurity,general_practitioner,0
n05sjg,1,11,1.2727272727272727,1.0,14.0,cybersecurity,general_practitioner,0
n2slnv,1,17,3.3529411764705883,2.0,57.0,cybersecurity,general_practitioner,0
n5eait,1,11,3.5454545454545454,3.0,39.0,cybersecurity,general_practitioner,0
n8pb6j,2,5,1.8,1.0,9.0,cybersecurity,general_practitioner,0
nbzbg8,2,24,7.083333333333333,3.0,170.0,cybersecurity,general_practitioner,0
nc1ciu,1,3,1.3333333333333333,1.0,4.0,cybersecurity,general_practitioner,0
ncn5zw,3,13,2.4615384615384617,2.0,32.0,cybersecurity,general_practitioner,0
ndmwnc,3,0,,,,cybersecurity,general_practitioner,1
ngvv6d,2,16,4.3125,1.5,69.0,cybersecurity,general_practitioner,0
nhz5v9,2,3,3.6666666666666665,3.0,11.0,cybersecurity,general_practitioner,0
nly534,3,20,12.25,3.0,245.0,cybersecurity,general_practitioner,0
nqep4b,2,7,1.7142857142857142,1.0,12.0,cybersecurity,general_practitioner,0
nrh4uo,1,7,3.7142857142857135,4.0,26.0,cybersecurity,general_practitioner,0
nrr7ss,1,3,2.0,2.0,6.0,cybersecurity,general_practitioner,0
nsjtbt,1,7,5.571428571428571,3.0,39.0,cybersecurity,general_practitioner,0
nul9tt,1,2,1.0,1.0,2.0,cybersecurity,general_practitioner,0
nwt0uh,3,3,2.333333333333333,2.0,7.0,cybersecurity,general_practitioner,0
nxgey3,3,17,4.0588235294117645,2.0,69.0,cybersecurity,general_practitioner,0
nz1v0r,4,9,3.111111111111111,3.0,28.0,cybersecurity,general_practitioner,0
nzz6e1,1,19,8.0,2.0,152.0,cybersecurity,general_practitioner,0
o3j0h7,1,0,,,,cybersecurity,general_practitioner,1
o5qxr3,1,2,1.0,1.0,2.0,cybersecurity,general_practitioner,0
o70qp9,2,23,6.869565217391305,1.0,158.0,cybersecurity,general_practitioner,0
o8k9xs,1,2,1.5,1.5,3.0,cybersecurity,general_practitioner,0
o9s2sw,3,6,4.333333333333333,2.0,26.0,cybersecurity,general_practitioner,0
ob8lep,1,23,8.0,3.0,184.0,cybersecurity,general_practitioner,0
obwqdg,2,5,2.4,1.0,12.0,cybersecurity,general_practitioner,0
oe74m1,1,5,3.0,3.0,15.0,cybersecurity,general_practitioner,0
ofdpa3,1,2,4.5,4.5,9.0,cybersecurity,general_practitioner,0
ogvqvu,1,6,4.666666666666667,3.0,28.0,cybersecurity,general_practitioner,0
ogreqr,1,3,1.6666666666666667,1.0,5.0,cybersecurity,general_practitioner,0
ohnhd0,1,7,2.2857142857142856,2.0,16.0,cybersecurity,general_practitioner,0
oi77pr,1,8,2.5,2.0,20.0,cybersecurity,general_practitioner,0
oinkbo,1,3,7.333333333333333,3.0,22.0,cybersecurity,general_practitioner,0
ok78gi,1,64,7.28125,2.0,466.0,cybersecurity,general_practitioner,0
okvxan,1,1,2.0,2.0,2.0,cybersecurity,general_practitioner,0
omvyhl,2,5,3.2,2.0,16.0,cybersecurity,general_practitioner,0
onebnv,1,2,5.5,5.5,11.0,cybersecurity,general_practitioner,0
oo34ab,1,27,8.666666666666666,3.0,234.0,cybersecurity,general_practitioner,0
oqbtsi,2,1,1.0,1.0,1.0,cybersecurity,general_practitioner,0
orsbuq,1,2,2.0,2.0,4.0,cybersecurity,general_practitioner,0
owok7u,1,45,5.377777777777778,1.0,242.0,cybersecurity,general_practitioner,0
p3v1ok,2,14,4.642857142857143,2.5,65.0,cybersecurity,general_practitioner,0
p3xklu,1,2,1.5,1.5,3.0,cybersecurity,general_practitioner,0
p4w6fi,1,2,1.0,1.0,2.0,cybersecurity,general_practitioner,0
p7thei,2,89,7.977528089887641,1.0,710.0,cybersecurity,general_practitioner,0
pe6shk,2,2,1.0,1.0,2.0,cybersecurity,general_practitioner,0
pexmkd,3,10,2.7,1.5,27.0,cybersecurity,general_practitioner,0
pfduma,1,5,8.2,7.0,41.0,cybersecurity,general_practitioner,0
pj0q58,3,1,3.0,3.0,3.0,cybersecurity,general_practitioner,0
ppofex,3,126,14.444444444444445,2.0,1820.0,cybersecurity,general_practitioner,0
pqp4vf,1,9,7.777777777777778,4.0,70.0,cybersecurity,general_practitioner,0
pquodn,2,8,4.125,2.5,33.0,cybersecurity,general_practitioner,0
ptkt07,1,14,4.142857142857143,2.0,58.0,cybersecurity,general_practitioner,0
pvid9u,1,6,5.833333333333333,4.0,35.0,cybersecurity,general_practitioner,0
pvr78f,2,1,2.0,2.0,2.0,cybersecurity,general_practitioner,0
px1b26,1,8,4.25,2.5,34.0,cybersecurity,general_practitioner,0
pynldq,1,37,11.108108108108109,1.0,411.0,cybersecurity,general_practitioner,0
pzkwam,1,14,8.571428571428571,3.0,120.0,cybersecurity,general_practitioner,0
q3et7b,1,14,14.142857142857142,5.5,198.0,cybersecurity,general_practitioner,0
q3qesw,1,5,3.6,4.0,18.0,cybersecurity,general_practitioner,0
q51rzw,1,37,6.8108108108108105,2.0,252.0,cybersecurity,general_practitioner,0
q53fyx,1,3,2.6666666666666665,3.0,8.0,cybersecurity,general_practitioner,0
q5v12l,1,4,2.75,2.0,11.0,cybersecurity,general_practitioner,0
q5zbsw,1,93,8.35483870967742,1.0,777.0,cybersecurity,general_practitioner,0
q6htkn,1,10,4.1,2.0,41.0,cybersecurity,general_practitioner,0
q7j1bv,2,7,4.285714285714286,3.0,30.0,cybersecurity,general_practitioner,0
q7qkfr,2,25,6.8,1.0,170.0,cybersecurity,general_practitioner,0
q7wz4b,1,6,3.8333333333333335,2.5,23.0,cybersecurity,general_practitioner,0
qbbhcg,1,16,9.375,3.5,150.0,cybersecurity,general_practitioner,0
qc5pkr,1,37,8.972972972972974,2.0,332.0,cybersecurity,general_practitioner,0
qe4o03,1,8,2.75,2.0,22.0,cybersecurity,general_practitioner,0
qf4w40,1,1,2.0,2.0,2.0,cybersecurity,general_practitioner,0
qg860h,1,2,4.5,4.5,9.0,cybersecurity,general_practitioner,0
qhnb9p,1,7,6.285714285714286,3.0,44.0,cybersecurity,general_practitioner,0
qhvgml,1,5,2.2,2.0,11.0,cybersecurity,general_practitioner,0
qiaidg,1,1,1.0,1.0,1.0,cybersecurity,general_practitioner,0
qm6dgq,1,8,2.875,2.5,23.0,cybersecurity,general_practitioner,0
qmzlnj,1,7,3.4285714285714284,2.0,24.0,cybersecurity,general_practitioner,0
qndd68,1,0,,,,cybersecurity,general_practitioner,1
qosn0f,1,7,5.142857142857143,3.0,36.0,cybersecurity,general_practitioner,0
qozx9k,1,2,2.0,2.0,4.0,cybersecurity,general_practitioner,0
qou4px,1,11,4.727272727272728,2.0,52.0,cybersecurity,general_practitioner,0
qrxzga,1,3,1.0,1.0,3.0,cybersecurity,general_practitioner,0
qtw1jt,1,2,1.0,1.0,2.0,cybersecurity,general_practitioner,0
qym9yy,3,12,3.083333333333333,2.0,37.0,cybersecurity,general_practitioner,0
qxughd,3,6,3.333333333333333,3.0,20.0,cybersecurity,general_practitioner,0
qzurf5,1,7,5.142857142857143,5.0,36.0,cybersecurity,general_practitioner,0
r04grp,1,2,2.0,2.0,4.0,cybersecurity,general_practitioner,0
r1h5ik,1,1,9.0,9.0,9.0,cybersecurity,general_practitioner,0
r4hmx5,1,8,2.5,2.0,20.0,cybersecurity,general_practitioner,0
r4fxyz,1,20,6.3,2.0,126.0,cybersecurity,general_practitioner,0
r5lkeu,3,1,2.0,2.0,2.0,cybersecurity,general_practitioner,0
r5o0cd,1,6,1.8333333333333333,1.0,11.0,cybersecurity,general_practitioner,0
r5u744,1,39,6.794871794871795,1.0,265.0,cybersecurity,general_practitioner,0
r7intl,1,20,10.3,1.0,206.0,cybersecurity,general_practitioner,0
ra6tah,1,10,2.3,1.0,23.0,cybersecurity,general_practitioner,0
rbj54g,3,50,10.36,2.0,518.0,cybersecurity,general_practitioner,0
rdgn75,1,13,8.153846153846153,2.0,106.0,cybersecurity,general_practitioner,0
re7plg,1,8,2.125,2.0,17.0,cybersecurity,general_practitioner,0
rgeyr7,2,16,27.0,4.0,432.0,cybersecurity,general_practitioner,0
rgilv3,1,0,,,,cybersecurity,general_practitioner,1
rickh9,1,3,1.0,1.0,3.0,cybersecurity,general_practitioner,0
rjcblg,3,18,5.055555555555555,2.0,91.0,cybersecurity,general_practitioner,0
riynvt,1,5,2.2,2.0,11.0,cybersecurity,general_practitioner,0
rluvu4,2,8,3.0,1.0,24.0,cybersecurity,general_practitioner,0
ro9lpx,2,3,34.333333333333336,11.0,103.0,cybersecurity,general_practitioner,0
rvccyk,2,4,2.25,1.5,9.0,cybersecurity,general_practitioner,0
s1pqz4,1,5,1.8,1.0,9.0,cybersecurity,general_practitioner,0
s6bp31,2,19,5.789473684210527,3.0,110.0,cybersecurity,general_practitioner,0
s9bxnw,1,64,11.921875,1.0,763.0,cybersecurity,general_practitioner,0
sc2yhp,1,21,4.333333333333333,2.0,91.0,cybersecurity,general_practitioner,0
sckre7,1,4,3.0,1.5,12.0,cybersecurity,general_practitioner,0
scm8n2,1,6,3.333333333333333,2.5,20.0,cybersecurity,general_practitioner,0
sdpnx8,2,4,2.75,3.0,11.0,cybersecurity,general_practitioner,0
seswn0,1,4,1.75,1.5,7.0,cybersecurity,general_practitioner,0
sg2ibo,1,21,2.7142857142857144,1.0,57.0,cybersecurity,general_practitioner,0
shmtbm,1,3,2.333333333333333,2.0,7.0,cybersecurity,general_practitioner,0
slo9xo,2,5,4.4,4.0,22.0,cybersecurity,general_practitioner,0
slzref,1,49,8.16326530612245,2.0,400.0,cybersecurity,general_practitioner,0
sphqe2,1,14,4.142857142857143,2.0,58.0,cybersecurity,general_practitioner,0
sua2sw,1,6,2.833333333333333,2.5,17.0,cybersecurity,general_practitioner,0
szx9gj,3,1,4.0,4.0,4.0,cybersecurity,general_practitioner,0
szuwvf,1,7,2.571428571428572,1.0,18.0,cybersecurity,general_practitioner,0
t5g8w5,1,50,7.98,1.0,399.0,cybersecurity,general_practitioner,0
t6byv2,1,9,2.2222222222222223,2.0,20.0,cybersecurity,general_practitioner,0
taggjk,1,6,1.6666666666666667,2.0,10.0,cybersecurity,general_practitioner,0
tb27nt,1,3,1.6666666666666667,2.0,5.0,cybersecurity,general_practitioner,0
tbbyt8,1,9,1.7777777777777777,1.0,16.0,cybersecurity,general_practitioner,0
tfd1aq,1,18,4.722222222222222,2.0,85.0,cybersecurity,general_practitioner,0
tfyuuw,1,6,1.3333333333333333,1.0,8.0,cybersecurity,general_practitioner,0
tgmo1k,3,49,8.36734693877551,2.0,410.0,cybersecurity,general_practitioner,0
thd2vk,3,1,2.0,2.0,2.0,cybersecurity,general_practitioner,0
tiy2lk,2,33,3.8484848484848486,2.0,127.0,cybersecurity,general_practitioner,0
tjnqpa,2,0,,,,cybersecurity,general_practitioner,1
tkb8ns,1,3,1.6666666666666667,1.0,5.0,cybersecurity,general_practitioner,0
tl0fwx,1,23,4.130434782608695,1.0,95.0,cybersecurity,general_practitioner,0
trjoi3,1,41,16.51219512195122,3.0,677.0,cybersecurity,general_practitioner,0
ts696i,1,0,,,,cybersecurity,general_practitioner,1
ts8gef,2,8,3.75,1.5,30.0,cybersecurity,general_practitioner,0
tt070h,3,47,10.106382978723405,1.0,475.0,cybersecurity,general_practitioner,0
tx7dpm,1,0,,,,cybersecurity,general_practitioner,1
u2ga7i,1,5,4.2,4.0,21.0,cybersecurity,general_practitioner,0
u2q3om,2,24,11.125,3.5,267.0,cybersecurity,general_practitioner,0
u5rejs,1,5,7.4,3.0,37.0,cybersecurity,general_practitioner,0
u69jiy,3,3,9.333333333333334,8.0,28.0,cybersecurity,general_practitioner,0
ue0uqa,1,1,1.0,1.0,1.0,cybersecurity,general_practitioner,0
uem52p,1,1,2.0,2.0,2.0,cybersecurity,general_practitioner,0
ugp9l8,1,8,4.375,1.0,35.0,cybersecurity,general_practitioner,0
uif387,2,3,2.0,2.0,6.0,cybersecurity,general_practitioner,0
ukopd5,1,20,6.55,2.0,131.0,cybersecurity,general_practitioner,0
usac4y,4,10,4.1,4.0,41.0,cybersecurity,general_practitioner,0
utjs4r,1,2,1.5,1.5,3.0,cybersecurity,general_practitioner,0
uuy1n8,2,7,3.142857142857143,1.0,22.0,cybersecurity,general_practitioner,0
uy9hro,1,3,3.0,3.0,9.0,cybersecurity,general_practitioner,0
v2ziwo,1,53,12.60377358490566,2.0,668.0,cybersecurity,general_practitioner,0
v44697,1,4,2.0,1.5,8.0,cybersecurity,general_practitioner,0
v45l7z,3,6,2.1666666666666665,1.5,13.0,cybersecurity,general_practitioner,0
v5l7vf,1,2,2.0,2.0,4.0,cybersecurity,general_practitioner,0
v7szvg,3,3,3.0,2.0,9.0,cybersecurity,general_practitioner,0
v9hkhl,1,11,4.454545454545454,2.0,49.0,cybersecurity,general_practitioner,0
v9mxzf,1,54,12.98148148148148,2.0,701.0,cybersecurity,general_practitioner,0
vcn36o,1,8,7.0,2.5,56.0,cybersecurity,general_practitioner,0
vc689v,1,27,5.37037037037037,1.0,145.0,cybersecurity,general_practitioner,0
vh8cuh,1,18,10.444444444444445,3.5,188.0,cybersecurity,general_practitioner,0
vhegjd,1,11,4.181818181818182,1.0,46.0,cybersecurity,general_practitioner,0
vjagdj,1,12,7.583333333333333,4.5,91.0,cybersecurity,general_practitioner,0
vmrqya,2,4,1.5,1.5,6.0,cybersecurity,general_practitioner,0
vorzvj,2,32,5.5,2.0,176.0,cybersecurity,general_practitioner,0
vn87ax,2,15,6.0,2.0,90.0,cybersecurity,general_practitioner,0
vsgr9r,4,52,9.596153846153848,1.5,499.0,cybersecurity,general_practitioner,0
vsjxdz,1,26,10.73076923076923,3.5,279.0,cybersecurity,general_practitioner,0
vu5jpn,1,3,4.666666666666667,2.0,14.0,cybersecurity,general_practitioner,0
vwsk9i,1,6,3.1666666666666665,2.5,19.0,cybersecurity,general_practitioner,0
vz05sx,3,28,4.357142857142857,2.0,122.0,cybersecurity,general_practitioner,0
vz0v3s,1,5,4.0,1.0,20.0,cybersecurity,general_practitioner,0
vzm3cn,1,30,13.966666666666669,3.0,419.0,cybersecurity,general_practitioner,0
w2u4ma,4,10,5.2,2.5,52.0,cybersecurity,general_practitioner,0
w3s0ol,1,31,9.774193548387096,2.0,303.0,cybersecurity,general_practitioner,0
w4o2kr,1,3,1.6666666666666667,2.0,5.0,cybersecurity,general_practitioner,0
w4mwlk,1,8,10.875,6.0,87.0,cybersecurity,general_practitioner,0
w5561a,2,3,3.0,2.0,9.0,cybersecurity,general_practitioner,0
w7jubp,1,8,5.0,2.5,40.0,cybersecurity,general_practitioner,0
w75kj3,2,5,11.0,9.0,55.0,cybersecurity,general_practitioner,0
w7vpnm,1,5,4.2,3.0,21.0,cybersecurity,general_practitioner,0
w8vwhc,1,5,2.4,2.0,12.0,cybersecurity,general_practitioner,0
w9yk3q,1,4,1.25,1.0,5.0,cybersecurity,general_practitioner,0
wbxc0x,2,102,12.411764705882351,1.0,1266.0,cybersecurity,general_practitioner,0
wejcow,3,4,5.5,5.0,22.0,cybersecurity,general_practitioner,0
wf54k6,1,5,6.6,2.0,33.0,cybersecurity,general_practitioner,0
wflgem,1,0,,,,cybersecurity,general_practitioner,1
wg6ly9,2,29,8.620689655172415,1.0,250.0,cybersecurity,general_practitioner,0
wg9w1v,1,3,6.666666666666667,5.0,20.0,cybersecurity,general_practitioner,0
wigrjz,1,4,1.75,1.0,7.0,cybersecurity,general_practitioner,0
wjypns,1,82,9.51219512195122,2.0,780.0,cybersecurity,general_practitioner,0
wk4qzw,3,7,5.142857142857143,1.0,36.0,cybersecurity,general_practitioner,0
wkif6b,1,42,7.738095238095238,2.0,325.0,cybersecurity,general_practitioner,0
wkvsiy,1,11,1.3636363636363635,1.0,15.0,cybersecurity,general_practitioner,0
wl3m9w,1,6,4.5,4.0,27.0,cybersecurity,general_practitioner,0
woa4wz,1,14,13.285714285714286,3.0,186.0,cybersecurity,general_practitioner,0
wq5ji1,2,4,2.5,2.0,10.0,cybersecurity,general_practitioner,0
wsxirv,1,8,4.125,2.5,33.0,cybersecurity,general_practitioner,0
wve26n,4,28,8.035714285714286,3.5,225.0,cybersecurity,general_practitioner,0
ww810p,1,0,,,,cybersecurity,general_practitioner,1
wxs8qd,1,3,3.0,2.0,9.0,cybersecurity,general_practitioner,0
wyf5sr,1,2,2.0,2.0,4.0,cybersecurity,general_practitioner,0
wzeus7,1,6,3.8333333333333335,4.0,23.0,cybersecurity,general_practitioner,0
x1rrcs,1,37,11.486486486486486,2.0,425.0,cybersecurity,general_practitioner,0
x1lsg8,2,31,5.67741935483871,2.0,176.0,cybersecurity,general_practitioner,0
x47q71,3,15,6.466666666666667,3.0,97.0,cybersecurity,general_practitioner,0
x8p8tl,1,22,3.636363636363636,2.5,80.0,cybersecurity,general_practitioner,0
xboapd,1,64,16.15625,2.0,1034.0,cybersecurity,general_practitioner,0
xfhfoa,1,3,3.333333333333333,4.0,10.0,cybersecurity,general_practitioner,0
xhjght,1,6,4.0,2.5,24.0,cybersecurity,general_practitioner,0
xjyv2c,1,1,2.0,2.0,2.0,cybersecurity,general_practitioner,0
xrknzp,2,5,2.0,2.0,10.0,cybersecurity,general_practitioner,0
xs1qbg,1,3,3.6666666666666665,3.0,11.0,cybersecurity,general_practitioner,0
xvoler,1,35,4.885714285714286,2.0,171.0,cybersecurity,general_practitioner,0
xxeit3,4,8,1.875,1.0,15.0,cybersecurity,general_practitioner,0
xyglqy,1,11,2.636363636363636,1.0,29.0,cybersecurity,general_practitioner,0
y2kgbf,1,7,2.142857142857143,2.0,15.0,cybersecurity,general_practitioner,0
y4rr8j,1,4,4.5,4.5,18.0,cybersecurity,general_practitioner,0
y6fkeg,1,3,2.333333333333333,2.0,7.0,cybersecurity,general_practitioner,0
y9f1e7,1,1,1.0,1.0,1.0,cybersecurity,general_practitioner,0
yb825o,3,26,5.038461538461538,2.0,131.0,cybersecurity,general_practitioner,0
yc5eru,2,10,11.2,4.0,112.0,cybersecurity,general_practitioner,0
ydlr8s,1,55,7.672727272727273,2.0,422.0,cybersecurity,general_practitioner,0
ydh68a,1,3,1.6666666666666667,2.0,5.0,cybersecurity,general_practitioner,0
yfbrhu,1,17,13.235294117647058,2.0,225.0,cybersecurity,general_practitioner,0
yfya3o,1,5,2.6,3.0,13.0,cybersecurity,general_practitioner,0
yfrmkd,3,8,4.125,2.5,33.0,cybersecurity,general_practitioner,0
yhur56,1,10,7.4,4.5,74.0,cybersecurity,general_practitioner,0
yhenvs,2,45,15.933333333333334,2.0,717.0,cybersecurity,general_practitioner,0
yizsyv,1,27,19.074074074074076,2.0,515.0,cybersecurity,general_practitioner,0
yiwcma,3,15,6.4,1.0,96.0,cybersecurity,general_practitioner,0
yloh8m,2,7,4.857142857142857,3.0,34.0,cybersecurity,general_practitioner,0
yoxmmn,1,7,3.857142857142857,2.0,27.0,cybersecurity,general_practitioner,0
yr02df,1,19,4.421052631578948,2.0,84.0,cybersecurity,general_practitioner,0
ys5tuf,1,8,27.625,5.0,221.0,cybersecurity,general_practitioner,0
yvn21v,1,18,5.666666666666667,2.0,102.0,cybersecurity,general_practitioner,0
yw0y8u,2,27,11.25925925925926,2.0,304.0,cybersecurity,general_practitioner,0
yw2t2n,2,2,1.0,1.0,2.0,cybersecurity,general_practitioner,0
yx7rso,2,3,2.333333333333333,3.0,7.0,cybersecurity,general_practitioner,0
yxxi43,4,48,11.395833333333334,4.0,547.0,cybersecurity,general_practitioner,0
z080fi,2,5,6.0,5.0,30.0,cybersecurity,general_practitioner,0
z318w2,1,7,5.428571428571429,2.0,38.0,cybersecurity,general_practitioner,0
z2u7yh,3,26,15.846153846153848,6.0,412.0,cybersecurity,general_practitioner,0
z5613z,4,9,2.555555555555556,2.0,23.0,cybersecurity,general_practitioner,0
z68ppz,2,83,10.49397590361446,1.0,871.0,cybersecurity,general_practitioner,0
zcg4jj,2,8,7.875,6.5,63.0,cybersecurity,general_practitioner,0
zf3si3,3,7,3.142857142857143,2.0,22.0,cybersecurity,general_practitioner,0
zjsgs6,2,7,2.0,1.0,14.0,cybersecurity,general_practitioner,0
zl34hh,3,23,8.608695652173912,2.0,198.0,cybersecurity,general_practitioner,0
zmnf8s,2,10,4.6,3.0,46.0,cybersecurity,general_practitioner,0
zpwl4p,1,8,3.375,1.5,27.0,cybersecurity,general_practitioner,0
zrq4jy,1,6,2.333333333333333,1.0,14.0,cybersecurity,general_practitioner,0
zu6td1,4,5,4.8,2.0,24.0,cybersecurity,general_practitioner,0
zw4akd,3,6,2.333333333333333,2.0,14.0,cybersecurity,general_practitioner,0
zvx0ws,2,3,2.333333333333333,1.0,7.0,cybersecurity,general_practitioner,0
zy9x2v,3,17,6.764705882352941,4.0,115.0,cybersecurity,general_practitioner,0
zzul5e,1,39,11.794871794871796,3.0,460.0,cybersecurity,general_practitioner,0
102aluz,1,7,4.428571428571429,5.0,31.0,cybersecurity,general_practitioner,0
102r0c9,1,13,3.923076923076923,1.0,51.0,cybersecurity,general_practitioner,0
10478th,1,19,3.736842105263158,1.0,71.0,cybersecurity,general_practitioner,0
103bpo4,1,24,4.583333333333333,2.0,110.0,cybersecurity,general_practitioner,0
1049110,1,16,7.0,2.0,112.0,cybersecurity,general_practitioner,0
104ymzd,1,17,7.705882352941177,3.0,131.0,cybersecurity,general_practitioner,0
105eelm,1,5,12.0,7.0,60.0,cybersecurity,general_practitioner,0
106qtp9,1,54,17.74074074074074,2.0,958.0,cybersecurity,general_practitioner,0
1086s17,2,14,5.785714285714286,2.0,81.0,cybersecurity,general_practitioner,0
108dcud,1,17,4.176470588235294,2.0,71.0,cybersecurity,general_practitioner,0
108r85n,3,105,16.6,1.0,1743.0,cybersecurity,general_practitioner,0
109u4sy,1,2,6.5,6.5,13.0,cybersecurity,general_practitioner,0
109xl1l,2,1,3.0,3.0,3.0,cybersecurity,general_practitioner,0
10a9ouw,2,7,4.142857142857143,2.0,29.0,cybersecurity,general_practitioner,0
10b8rwy,2,81,11.45679012345679,2.0,928.0,cybersecurity,general_practitioner,0
10dl1rr,1,2,7.0,7.0,14.0,cybersecurity,general_practitioner,0
10gowz1,2,3,1.6666666666666667,1.0,5.0,cybersecurity,general_practitioner,0
10ith4h,4,20,5.85,2.0,117.0,cybersecurity,general_practitioner,0
10j8yfe,1,3,2.6666666666666665,2.0,8.0,cybersecurity,general_practitioner,0
10jk1i0,3,12,6.166666666666667,2.5,74.0,cybersecurity,general_practitioner,0
10k7983,1,2,2.5,2.5,5.0,cybersecurity,general_practitioner,0
10l4lce,1,7,3.0,2.0,21.0,cybersecurity,general_practitioner,0
10mq4nu,2,6,1.5,1.5,9.0,cybersecurity,general_practitioner,0
10o6xzz,1,3,4.333333333333333,4.0,13.0,cybersecurity,general_practitioner,0
10qej12,3,30,5.5,1.5,165.0,cybersecurity,general_practitioner,0
10qukjo,1,16,2.4375,1.0,39.0,cybersecurity,general_practitioner,0
10qf8wm,1,4,3.5,3.0,14.0,cybersecurity,general_practitioner,0
10r11xu,2,4,2.25,1.5,9.0,cybersecurity,general_practitioner,0
10rzd67,3,8,2.75,2.5,22.0,cybersecurity,general_practitioner,0
10s27dv,2,32,6.21875,2.5,199.0,cybersecurity,general_practitioner,0
10s8iv0,1,14,7.142857142857143,2.0,100.0,cybersecurity,general_practitioner,0
10urr9o,2,10,3.3,1.5,33.0,cybersecurity,general_practitioner,0
10xlna4,2,17,10.764705882352942,2.0,183.0,cybersecurity,general_practitioner,0
10y8zuq,1,5,1.4,1.0,7.0,cybersecurity,general_practitioner,0
10z0v5z,1,4,3.75,4.0,15.0,cybersecurity,general_practitioner,0
110jsxo,3,8,3.375,2.5,27.0,cybersecurity,general_practitioner,0
111rk27,2,11,4.727272727272728,3.0,52.0,cybersecurity,general_practitioner,0
112ddky,3,4,1.25,1.0,5.0,cybersecurity,general_practitioner,0
113csf4,1,3,2.0,2.0,6.0,cybersecurity,general_practitioner,0
113dpv5,1,28,8.357142857142858,2.0,234.0,cybersecurity,general_practitioner,0
114tnp6,1,6,3.333333333333333,3.0,20.0,cybersecurity,general_practitioner,0
117oprd,1,33,9.181818181818182,2.0,303.0,cybersecurity,general_practitioner,0
118q5wa,1,2,2.0,2.0,4.0,cybersecurity,general_practitioner,0
119ywv6,4,9,5.0,1.0,45.0,cybersecurity,general_practitioner,0
11bq9xj,1,17,10.235294117647058,5.0,174.0,cybersecurity,general_practitioner,0
11cgjma,1,15,6.866666666666666,3.0,103.0,cybersecurity,general_practitioner,0
11cs1e8,4,51,9.31372549019608,2.0,475.0,cybersecurity,general_practitioner,0
11dm9h8,1,84,8.833333333333334,1.0,742.0,cybersecurity,general_practitioner,0
11g9lv7,3,3,3.333333333333333,2.0,10.0,cybersecurity,general_practitioner,0
11hs8ug,1,11,3.363636363636364,2.0,37.0,cybersecurity,general_practitioner,0
11km3by,1,8,2.375,1.0,19.0,cybersecurity,general_practitioner,0
11oqs1a,2,13,5.461538461538462,3.0,71.0,cybersecurity,general_practitioner,0
11s5fxy,1,13,4.615384615384615,2.0,60.0,cybersecurity,general_practitioner,0
11uj8gn,3,39,8.948717948717949,2.0,349.0,cybersecurity,general_practitioner,0
11ux68g,1,5,3.2,2.0,16.0,cybersecurity,general_practitioner,0
11vmsnx,1,6,3.6666666666666665,2.0,22.0,cybersecurity,general_practitioner,0
11wn747,1,45,7.911111111111111,2.0,356.0,cybersecurity,general_practitioner,0
11xmcrs,3,7,2.142857142857143,2.0,15.0,cybersecurity,general_practitioner,0
11xip9e,1,15,9.866666666666667,3.0,148.0,cybersecurity,general_practitioner,0
11z3urz,2,1,4.0,4.0,4.0,cybersecurity,general_practitioner,0
120faoo,2,23,5.565217391304348,2.0,128.0,cybersecurity,general_practitioner,0
124wlo9,1,15,8.733333333333333,3.0,131.0,cybersecurity,general_practitioner,0
12504t0,2,16,15.5625,4.5,249.0,cybersecurity,general_practitioner,0
125b76o,1,12,6.583333333333333,2.5,79.0,cybersecurity,general_practitioner,0
126yfof,3,3,2.333333333333333,2.0,7.0,cybersecurity,general_practitioner,0
12845se,3,8,4.75,2.5,38.0,cybersecurity,general_practitioner,0
12aumfx,2,120,25.4,1.0,3048.0,cybersecurity,general_practitioner,0
12cbquc,1,3,3.0,2.0,9.0,cybersecurity,general_practitioner,0
12cw6ul,2,22,9.5,2.5,209.0,cybersecurity,general_practitioner,0
12e4s7r,1,2,0.5,0.5,1.0,cybersecurity,general_practitioner,0
12f1j6u,1,19,7.2105263157894735,1.0,137.0,cybersecurity,general_practitioner,0
12kv7fn,1,9,2.2222222222222223,2.0,20.0,cybersecurity,general_practitioner,0
12lmslb,3,37,8.864864864864865,2.0,328.0,cybersecurity,general_practitioner,0
12pvfec,3,5,1.0,1.0,5.0,cybersecurity,general_practitioner,0
12vh8sj,2,31,10.483870967741936,3.0,325.0,cybersecurity,general_practitioner,0
12wg9df,1,7,5.285714285714286,2.0,37.0,cybersecurity,general_practitioner,0
13123jz,3,47,10.297872340425531,2.0,484.0,cybersecurity,general_practitioner,0
132326l,4,3,2.6666666666666665,3.0,8.0,cybersecurity,general_practitioner,0
133y0j8,1,4,2.5,2.5,10.0,cybersecurity,general_practitioner,0
133tzpq,1,4,1.5,1.5,6.0,cybersecurity,general_practitioner,0
13606dv,1,30,4.1,1.0,123.0,cybersecurity,general_practitioner,0
137xk4y,2,4,1.5,1.5,6.0,cybersecurity,general_practitioner,0
1385drg,1,3,1.6666666666666667,2.0,5.0,cybersecurity,general_practitioner,0
138hkwt,1,4,2.25,2.5,9.0,cybersecurity,general_practitioner,0
138w3i7,1,2,3.5,3.5,7.0,cybersecurity,general_practitioner,0
139d0kd,2,3,4.666666666666667,3.0,14.0,cybersecurity,general_practitioner,0
13c3swn,3,20,10.3,2.0,206.0,cybersecurity,general_practitioner,0
13fy2mf,1,5,3.0,3.0,15.0,cybersecurity,general_practitioner,0
13igbiv,1,46,13.217391304347826,1.0,608.0,cybersecurity,general_practitioner,0
13j2byt,1,13,8.153846153846153,3.0,106.0,cybersecurity,general_practitioner,0
13p8k5y,1,119,15.445378151260504,2.0,1838.0,cybersecurity,general_practitioner,0
13plbpx,2,9,13.11111111111111,5.0,118.0,cybersecurity,general_practitioner,0
13rlh82,2,16,7.25,2.5,116.0,cybersecurity,general_practitioner,0
13soj9u,1,4,2.0,1.5,8.0,cybersecurity,general_practitioner,0
13u7v87,1,10,3.8,3.0,38.0,cybersecurity,general_practitioner,0
13u3bvu,3,139,7.158273381294964,1.0,995.0,cybersecurity,general_practitioner,0
13w0v1c,1,13,2.6153846153846154,1.0,34.0,cybersecurity,general_practitioner,0
13x3wnf,1,8,2.375,1.5,19.0,cybersecurity,general_practitioner,0
13x53il,3,60,6.116666666666666,1.0,367.0,cybersecurity,general_practitioner,0
1449jpg,1,17,6.882352941176471,4.0,117.0,cybersecurity,general_practitioner,0
14obeyt,1,22,13.590909090909092,2.5,299.0,cybersecurity,general_practitioner,0
14pobfp,1,42,10.952380952380953,1.0,460.0,cybersecurity,general_practitioner,0
14pp0k5,2,31,14.03225806451613,8.0,435.0,cybersecurity,general_practitioner,0
14r420v,2,7,10.714285714285714,3.0,75.0,cybersecurity,general_practitioner,0
14s26bf,4,4,2.25,2.5,9.0,cybersecurity,general_practitioner,0
14snsw8,2,12,4.0,2.0,48.0,cybersecurity,general_practitioner,0
14u0mne,2,41,12.170731707317072,1.0,499.0,cybersecurity,general_practitioner,0
14up0ml,2,9,3.7777777777777777,2.0,34.0,cybersecurity,general_practitioner,0
14x3enp,3,15,8.133333333333333,3.0,122.0,cybersecurity,general_practitioner,0
14yoowu,2,48,12.479166666666666,1.0,599.0,cybersecurity,general_practitioner,0
14z5r88,1,51,8.627450980392156,2.0,440.0,cybersecurity,general_practitioner,0
14zol9c,3,8,4.25,1.5,34.0,cybersecurity,general_practitioner,0
1505e5k,1,17,4.941176470588236,2.0,84.0,cybersecurity,general_practitioner,0
150gdq2,2,24,10.458333333333334,2.5,251.0,cybersecurity,general_practitioner,0
150i6x5,1,2,1.5,1.5,3.0,cybersecurity,general_practitioner,0
1523gjl,3,178,6.219101123595506,1.0,1107.0,cybersecurity,general_practitioner,0
152awor,1,13,6.615384615384615,2.0,86.0,cybersecurity,general_practitioner,0
1531gbp,1,98,13.39795918367347,1.0,1313.0,cybersecurity,general_practitioner,0
153fma6,2,3,4.0,3.0,12.0,cybersecurity,general_practitioner,0
1549ssn,1,4,1.75,2.0,7.0,cybersecurity,general_practitioner,0
154qv5l,2,19,4.789473684210527,2.0,91.0,cybersecurity,general_practitioner,0
1553sin,2,1,1.0,1.0,1.0,cybersecurity,general_practitioner,0
157vabt,1,10,6.5,4.0,65.0,cybersecurity,general_practitioner,0
157xpz7,1,37,4.756756756756757,2.0,176.0,cybersecurity,general_practitioner,0
158a2va,1,11,1.4545454545454546,1.0,16.0,cybersecurity,general_practitioner,0
15982pj,3,52,6.25,1.0,325.0,cybersecurity,general_practitioner,0
159krj7,1,34,11.794117647058824,2.0,401.0,cybersecurity,general_practitioner,0
15aogj5,1,5,4.6,2.0,23.0,cybersecurity,general_practitioner,0
15avr4h,1,9,4.0,2.0,36.0,cybersecurity,general_practitioner,0
15ch0la,3,22,18.272727272727277,3.0,402.0,cybersecurity,general_practitioner,0
15flra2,2,4,5.75,3.5,23.0,cybersecurity,general_practitioner,0
15g9x87,1,47,10.53191489361702,2.0,495.0,cybersecurity,general_practitioner,0
15gdjpz,1,10,5.9,3.0,59.0,cybersecurity,general_practitioner,0
15gahyg,3,3,1.0,2.0,3.0,cybersecurity,general_practitioner,0
15i2zx5,1,2,3.5,3.5,7.0,cybersecurity,general_practitioner,0
15lg8ef,1,22,14.954545454545457,2.0,329.0,cybersecurity,general_practitioner,0
15ljlpq,1,74,12.364864864864863,2.0,915.0,cybersecurity,general_practitioner,0
15luqkq,1,1,4.0,4.0,4.0,cybersecurity,general_practitioner,0
15maecc,2,13,10.615384615384617,2.0,138.0,cybersecurity,general_practitioner,0
15mjej3,1,9,5.777777777777778,4.0,52.0,cybersecurity,general_practitioner,0
15mkj9r,1,6,5.666666666666667,2.5,34.0,cybersecurity,general_practitioner,0
15sw3tt,1,75,8.933333333333334,2.0,670.0,cybersecurity,general_practitioner,0
15szpx1,1,39,3.692307692307693,1.0,144.0,cybersecurity,general_practitioner,0
15tj5eg,2,149,11.651006711409396,1.0,1736.0,cybersecurity,general_practitioner,0
15w95dc,1,1,1.0,1.0,1.0,cybersecurity,general_practitioner,0
15xdjrs,1,13,4.384615384615385,2.0,57.0,cybersecurity,general_practitioner,0
15xxpn4,1,1,3.0,3.0,3.0,cybersecurity,general_practitioner,0
15xwd25,1,28,18.142857142857142,4.5,508.0,cybersecurity,general_practitioner,0
15ylzu9,3,1,1.0,1.0,1.0,cybersecurity,general_practitioner,0
15zkpjt,2,2,8.5,8.5,17.0,cybersecurity,general_practitioner,0
15zxinx,1,17,8.705882352941176,2.0,148.0,cybersecurity,general_practitioner,0
15zx9at,1,8,4.625,2.5,37.0,cybersecurity,general_practitioner,0
160b5ff,2,43,4.627906976744186,1.0,199.0,cybersecurity,general_practitioner,0
161nwuf,1,30,3.4,1.0,102.0,cybersecurity,general_practitioner,0
161u97e,1,83,5.433734939759036,1.0,451.0,cybersecurity,general_practitioner,0
164lan8,2,39,10.692307692307692,2.0,417.0,cybersecurity,general_practitioner,0
164vqqr,3,3,3.333333333333333,2.0,10.0,cybersecurity,general_practitioner,0
166av03,2,1,1.0,1.0,1.0,cybersecurity,general_practitioner,0
166c2cw,1,17,7.352941176470588,3.0,125.0,cybersecurity,general_practitioner,0
166n7vf,3,3,7.0,7.0,21.0,cybersecurity,general_practitioner,0
167k0kg,3,10,4.5,2.5,45.0,cybersecurity,general_practitioner,0
1684q8q,3,17,5.294117647058823,2.0,90.0,cybersecurity,general_practitioner,0
169tfxm,2,4,1.5,1.0,6.0,cybersecurity,general_practitioner,0
16a3iu3,1,6,6.166666666666667,3.5,37.0,cybersecurity,general_practitioner,0
16ao7rd,3,31,6.838709677419355,1.0,212.0,cybersecurity,general_practitioner,0
16azgxj,1,21,8.285714285714286,2.0,174.0,cybersecurity,general_practitioner,0
16b8jqg,2,24,9.375,3.5,225.0,cybersecurity,general_practitioner,0
16bsix6,2,3,1.3333333333333333,1.0,4.0,cybersecurity,general_practitioner,0
16d9a5v,2,18,7.833333333333333,4.5,141.0,cybersecurity,general_practitioner,0
16d1i3q,1,17,10.764705882352942,3.0,183.0,cybersecurity,general_practitioner,0
16d1qch,3,2,2.0,2.0,4.0,cybersecurity,general_practitioner,0
16dcl0n,3,30,8.166666666666666,2.0,245.0,cybersecurity,general_practitioner,0
16f49tx,1,8,3.0,2.0,24.0,cybersecurity,general_practitioner,0
16g4io5,2,10,19.3,2.0,193.0,cybersecurity,general_practitioner,0
16gwc93,1,39,5.256410256410256,2.0,205.0,cybersecurity,general_practitioner,0
16i0yhr,3,72,9.27777777777778,2.0,668.0,cybersecurity,general_practitioner,0
16iggus,3,57,19.789473684210527,2.0,1128.0,cybersecurity,general_practitioner,0
16in2ii,1,1,9.0,9.0,9.0,cybersecurity,general_practitioner,0
16iyf11,2,0,,,,cybersecurity,general_practitioner,1
16kddf7,1,46,8.0,2.0,368.0,cybersecurity,general_practitioner,0
16kkfqb,2,14,6.071428571428571,1.0,85.0,cybersecurity,general_practitioner,0
16ltndd,2,1,2.0,2.0,2.0,cybersecurity,general_practitioner,0
16lyjbo,3,62,7.225806451612903,2.0,448.0,cybersecurity,general_practitioner,0
16m3gal,3,3,2.333333333333333,2.0,7.0,cybersecurity,general_practitioner,0
16mcwbg,1,3,7.0,3.0,21.0,cybersecurity,general_practitioner,0
16mabl7,3,47,7.76595744680851,2.0,365.0,cybersecurity,general_practitioner,0
16mxane,1,16,8.3125,1.5,133.0,cybersecurity,general_practitioner,0
16nw2rx,2,6,8.5,2.5,51.0,cybersecurity,general_practitioner,0
16obcv1,2,25,3.84,1.0,96.0,cybersecurity,general_practitioner,0
16opdms,1,4,5.5,2.0,22.0,cybersecurity,general_practitioner,0
16ppjbj,1,21,7.0,1.0,147.0,cybersecurity,general_practitioner,0
16py7h4,2,19,17.789473684210527,10.0,338.0,cybersecurity,general_practitioner,0
16q46h5,3,3,3.333333333333333,3.0,10.0,cybersecurity,general_practitioner,0
16quyzc,1,63,7.047619047619048,1.0,444.0,cybersecurity,general_practitioner,0
16qr24d,1,1,6.0,6.0,6.0,cybersecurity,general_practitioner,0
16rdxge,1,24,16.625,1.5,399.0,cybersecurity,general_practitioner,0
16r3o5s,2,2,2.0,2.0,4.0,cybersecurity,general_practitioner,0
16tltzs,1,38,11.68421052631579,2.0,444.0,cybersecurity,general_practitioner,0
16tvbyi,2,9,1.8888888888888888,1.0,17.0,cybersecurity,general_practitioner,0
16w3vim,1,3,7.666666666666667,10.0,23.0,cybersecurity,general_practitioner,0
16we9ni,1,2,3.5,3.5,7.0,cybersecurity,general_practitioner,0
16x6m9d,1,9,5.777777777777778,2.0,52.0,cybersecurity,general_practitioner,0
16xgf4g,1,3,1.0,1.0,3.0,cybersecurity,general_practitioner,0
16zwi5z,2,15,6.466666666666667,3.0,97.0,cybersecurity,general_practitioner,0
17120xs,1,1,2.0,2.0,2.0,cybersecurity,general_practitioner,0
17139bj,3,1,2.0,2.0,2.0,cybersecurity,general_practitioner,0
171i985,1,57,13.947368421052632,1.0,795.0,cybersecurity,general_practitioner,0
171eejp,1,4,3.25,3.0,13.0,cybersecurity,general_practitioner,0
171m1t8,1,11,7.909090909090909,2.0,87.0,cybersecurity,general_practitioner,0
172fyx6,1,6,4.333333333333333,2.5,26.0,cybersecurity,general_practitioner,0
172dgla,1,2,1.5,1.5,3.0,cybersecurity,general_practitioner,0
173f6q2,1,39,17.615384615384617,2.0,687.0,cybersecurity,general_practitioner,0
173wdrl,2,17,10.764705882352942,4.0,183.0,cybersecurity,general_practitioner,0
177f8th,1,37,20.945945945945947,5.0,775.0,cybersecurity,general_practitioner,0
17922fx,1,4,1.75,1.0,7.0,cybersecurity,general_practitioner,0
179dmu3,3,0,,,,cybersecurity,general_practitioner,1
179r85x,1,30,12.0,5.0,360.0,cybersecurity,general_practitioner,0
179jn1r,1,4,4.0,2.0,16.0,cybersecurity,general_practitioner,0
17bh23m,1,8,2.75,2.0,22.0,cybersecurity,general_practitioner,0
17brsj7,3,42,9.285714285714286,2.0,390.0,cybersecurity,general_practitioner,0
17c81r3,1,1,1.0,1.0,1.0,cybersecurity,general_practitioner,0
17cprp6,1,6,2.5,1.5,15.0,cybersecurity,general_practitioner,0
17do7i1,2,31,7.903225806451613,2.0,245.0,cybersecurity,general_practitioner,0
17dyz3p,1,8,3.875,2.5,31.0,cybersecurity,general_practitioner,0
17e1ylc,1,4,8.5,8.5,34.0,cybersecurity,general_practitioner,0
17em3kl,1,10,6.3,3.5,63.0,cybersecurity,general_practitioner,0
17fc58n,1,9,11.22222222222222,3.0,101.0,cybersecurity,general_practitioner,0
17fdasv,4,39,8.153846153846153,1.0,318.0,cybersecurity,general_practitioner,0
17g2w14,4,4,3.25,2.5,13.0,cybersecurity,general_practitioner,0
17gmrn0,2,32,8.59375,2.0,275.0,cybersecurity,general_practitioner,0
17h6ydy,2,27,6.25925925925926,1.0,169.0,cybersecurity,general_practitioner,0
17h3n2o,2,7,8.285714285714286,3.0,58.0,cybersecurity,general_practitioner,0
17hh5b9,4,10,3.1,2.0,31.0,cybersecurity,general_practitioner,0
17i5h8b,1,1,4.0,4.0,4.0,cybersecurity,general_practitioner,0
17ib1m3,2,35,4.971428571428572,2.0,174.0,cybersecurity,general_practitioner,0
17iyuv4,3,47,6.957446808510638,1.0,327.0,cybersecurity,general_practitioner,0
17j7sba,1,1,1.0,1.0,1.0,cybersecurity,general_practitioner,0
17jopad,3,13,6.6923076923076925,3.0,87.0,cybersecurity,general_practitioner,0
17jwqo1,1,3,2.0,2.0,6.0,cybersecurity,general_practitioner,0
17kpo22,1,2,8.5,8.5,17.0,cybersecurity,general_practitioner,0
17kqbac,1,31,7.903225806451613,2.0,245.0,cybersecurity,general_practitioner,0
17lkx6j,1,54,3.759259259259259,1.0,203.0,cybersecurity,general_practitioner,0
17lvkti,1,15,8.133333333333333,2.0,122.0,cybersecurity,general_practitioner,0
17mb61d,1,1,2.0,2.0,2.0,cybersecurity,general_practitioner,0
17n1zmk,2,4,4.75,3.0,19.0,cybersecurity,general_practitioner,0
17o3239,1,5,1.6,2.0,8.0,cybersecurity,general_practitioner,0
17oefk4,1,4,3.0,3.0,12.0,cybersecurity,general_practitioner,0
17q3fjp,1,0,,,,cybersecurity,general_practitioner,1
17qypn8,1,6,3.1666666666666665,2.0,19.0,cybersecurity,general_practitioner,0
17tsw88,2,2,1.5,1.5,3.0,cybersecurity,general_practitioner,0
17uqt8o,3,5,1.8,1.0,9.0,cybersecurity,general_practitioner,0
17v5o9s,1,10,1.6,1.0,16.0,cybersecurity,general_practitioner,0
17vcxs1,1,2,2.0,2.0,4.0,cybersecurity,general_practitioner,0
17w2zom,1,1,2.0,2.0,2.0,cybersecurity,general_practitioner,0
17xg2d1,1,30,21.966666666666665,2.0,659.0,cybersecurity,general_practitioner,0
17yv4t1,1,34,9.882352941176473,3.0,336.0,cybersecurity,general_practitioner,0
180npo6,1,3,6.666666666666667,9.0,20.0,cybersecurity,general_practitioner,0
180sqyc,1,36,8.777777777777779,1.0,316.0,cybersecurity,general_practitioner,0
1812m0u,1,3,1.6666666666666667,1.0,5.0,cybersecurity,general_practitioner,0
1824rjp,1,6,10.333333333333334,4.0,62.0,cybersecurity,general_practitioner,0
182bw15,1,21,10.476190476190476,2.0,220.0,cybersecurity,general_practitioner,0
183p2kn,1,6,3.0,1.5,18.0,cybersecurity,general_practitioner,0
183o6k7,1,23,15.91304347826087,2.0,366.0,cybersecurity,general_practitioner,0
1852eor,2,1,1.0,1.0,1.0,cybersecurity,general_practitioner,0
185clce,2,36,12.694444444444445,2.0,457.0,cybersecurity,general_practitioner,0
186no69,1,2,3.0,3.0,6.0,cybersecurity,general_practitioner,0
186rd26,1,70,8.2,1.0,574.0,cybersecurity,general_practitioner,0
187u1xi,2,1,2.0,2.0,2.0,cybersecurity,general_practitioner,0
1897dos,2,6,1.8333333333333333,1.0,11.0,cybersecurity,general_practitioner,0
18aufaa,1,29,10.689655172413794,5.0,310.0,cybersecurity,general_practitioner,0
18b5qxb,1,2,1.5,1.5,3.0,cybersecurity,general_practitioner,0
18bxfwx,1,39,8.615384615384615,2.0,336.0,cybersecurity,general_practitioner,0
18bt8r1,1,5,1.4,1.0,7.0,cybersecurity,general_practitioner,0
18cgday,2,11,2.8181818181818183,2.0,31.0,cybersecurity,general_practitioner,0
18cbap4,2,5,3.0,3.0,15.0,cybersecurity,general_practitioner,0
18fwmtt,3,0,,,,cybersecurity,general_practitioner,1
18h3q6u,1,5,3.6,3.0,18.0,cybersecurity,general_practitioner,0
18hnrvp,1,1,3.0,3.0,3.0,cybersecurity,general_practitioner,0
18ht7qu,1,2,4.0,4.0,8.0,cybersecurity,general_practitioner,0
18htvy5,2,37,6.756756756756757,1.0,250.0,cybersecurity,general_practitioner,0
18iunev,1,2,3.5,3.5,7.0,cybersecurity,general_practitioner,0
18lijwo,2,2,5.0,5.0,10.0,cybersecurity,general_practitioner,0
18mxngx,2,4,1.75,1.5,7.0,cybersecurity,general_practitioner,0
18p32g2,1,6,4.5,3.0,27.0,cybersecurity,general_practitioner,0
18qo9vb,1,2,15.0,15.0,30.0,cybersecurity,general_practitioner,0
18rbm41,1,12,6.916666666666667,3.0,83.0,cybersecurity,general_practitioner,0
18sz883,3,1,1.0,1.0,1.0,cybersecurity,general_practitioner,0
18u0ojk,2,41,4.048780487804878,1.0,166.0,cybersecurity,general_practitioner,0
18tpj8a,1,47,9.04255319148936,2.0,425.0,cybersecurity,general_practitioner,0
18usgii,2,1,5.0,5.0,5.0,cybersecurity,general_practitioner,0
18vzo2g,2,44,15.159090909090908,2.0,667.0,cybersecurity,general_practitioner,0
18wuhvk,4,7,2.7142857142857144,1.0,19.0,cybersecurity,general_practitioner,0
18wzpc9,2,48,5.5,1.0,264.0,cybersecurity,general_practitioner,0
18xkkcv,1,14,9.0,2.5,126.0,cybersecurity,general_practitioner,0
18y3pha,1,6,1.8333333333333333,2.0,11.0,cybersecurity,general_practitioner,0
18z8cst,1,9,3.555555555555556,1.0,32.0,cybersecurity,general_practitioner,0
18zkb5o,3,36,10.944444444444445,1.0,394.0,cybersecurity,general_practitioner,0
190upfp,4,19,3.3157894736842106,2.0,63.0,cybersecurity,general_practitioner,0
190w1as,2,6,8.0,8.0,48.0,cybersecurity,general_practitioner,0
190x6c7,4,1,3.0,3.0,3.0,cybersecurity,general_practitioner,0
191020m,1,9,3.555555555555556,1.0,32.0,cybersecurity,general_practitioner,0
19110gv,1,4,2.0,2.0,8.0,cybersecurity,general_practitioner,0
192aw9q,1,2,3.5,3.5,7.0,cybersecurity,general_practitioner,0
192jkhy,2,11,7.454545454545454,2.0,82.0,cybersecurity,general_practitioner,0
192wbu6,2,28,17.678571428571427,2.5,495.0,cybersecurity,general_practitioner,0
1930mpt,1,2,20.0,20.0,40.0,cybersecurity,general_practitioner,0
193qvs5,1,1,2.0,2.0,2.0,cybersecurity,general_practitioner,0
194w9ht,1,2,1.0,1.0,2.0,cybersecurity,general_practitioner,0
195w806,2,7,7.0,5.0,49.0,cybersecurity,general_practitioner,0
19811dp,1,61,7.540983606557377,1.0,460.0,cybersecurity,general_practitioner,0
1985qib,4,0,,,,cybersecurity,general_practitioner,1
199dsz2,4,3,3.333333333333333,3.0,10.0,cybersecurity,general_practitioner,0
199icts,1,4,1.75,1.0,7.0,cybersecurity,general_practitioner,0
199yobg,3,8,2.125,2.0,17.0,cybersecurity,general_practitioner,0
19alo57,1,52,7.5576923076923075,1.0,393.0,cybersecurity,general_practitioner,0
19byh65,2,7,4.857142857142857,2.0,34.0,cybersecurity,general_practitioner,0
19cvezv,1,20,6.5,2.0,130.0,cybersecurity,general_practitioner,0
19d0gf0,2,5,1.6,2.0,8.0,cybersecurity,general_practitioner,0
19d1khi,2,4,-2.25,1.5,-9.0,cybersecurity,general_practitioner,0
19dtnwf,1,4,3.5,2.0,14.0,cybersecurity,general_practitioner,0
19ezll3,2,1,1.0,1.0,1.0,cybersecurity,general_practitioner,0
19fel1k,1,8,1.25,1.0,10.0,cybersecurity,general_practitioner,0
1abb9w9,1,4,1.25,1.0,5.0,cybersecurity,general_practitioner,0
1abo5tl,1,4,2.25,2.0,9.0,cybersecurity,general_practitioner,0
1acmkpq,1,1,1.0,1.0,1.0,cybersecurity,general_practitioner,0
1acmlck,1,1,3.0,3.0,3.0,cybersecurity,general_practitioner,0
1adyeld,1,3,1.0,1.0,3.0,cybersecurity,general_practitioner,0
1ae7x3s,1,4,3.5,3.5,14.0,cybersecurity,general_practitioner,0
1aex5iy,2,3,2.333333333333333,2.0,7.0,cybersecurity,general_practitioner,0
1afg1g4,1,4,2.0,1.5,8.0,cybersecurity,general_practitioner,0
1afllij,2,2,1.0,1.0,2.0,cybersecurity,general_practitioner,0
1ag8kw5,1,19,13.157894736842104,3.0,250.0,cybersecurity,general_practitioner,0
1ahs9v1,1,0,,,,cybersecurity,general_practitioner,1
1aj4das,1,10,6.0,2.5,60.0,cybersecurity,general_practitioner,0
1aj80uw,2,0,,,,cybersecurity,general_practitioner,1
1ajhq7l,2,2,1.5,1.5,3.0,cybersecurity,general_practitioner,0
1akkmmu,1,0,,,,cybersecurity,general_practitioner,1
1akl6o7,1,0,,,,cybersecurity,general_practitioner,1
1an27dk,2,30,8.0,2.0,240.0,cybersecurity,general_practitioner,0
1aommse,3,0,,,,cybersecurity,general_practitioner,1
1apzmgt,1,4,1.5,1.0,6.0,cybersecurity,general_practitioner,0
1arjf1i,2,5,1.4,2.0,7.0,cybersecurity,general_practitioner,0
1asrbgd,3,9,2.555555555555556,1.0,23.0,cybersecurity,general_practitioner,0
1avpeby,3,17,8.294117647058824,3.0,141.0,cybersecurity,general_practitioner,0
1avor93,2,9,6.111111111111111,2.0,55.0,cybersecurity,general_practitioner,0
1avs0rg,1,2,1.5,1.5,3.0,cybersecurity,general_practitioner,0
1awb21n,1,24,10.5,2.0,252.0,cybersecurity,general_practitioner,0
1aw9ys8,1,33,5.636363636363637,2.0,186.0,cybersecurity,general_practitioner,0
1awb3yv,1,8,6.0,5.0,48.0,cybersecurity,general_practitioner,0
1awdsgs,2,70,11.928571428571429,1.0,835.0,cybersecurity,general_practitioner,0
1axdzp0,4,0,,,,cybersecurity,general_practitioner,1
1axe1ig,4,83,11.674698795180722,1.0,969.0,cybersecurity,general_practitioner,0
1axj0jz,1,0,,,,cybersecurity,general_practitioner,1
1ay4m1o,1,3,2.333333333333333,2.0,7.0,cybersecurity,general_practitioner,0
1ay31tk,2,0,,,,cybersecurity,general_practitioner,1
1ayx0xi,1,2,1.5,1.5,3.0,cybersecurity,general_practitioner,0
1azrbc8,1,26,5.730769230769231,1.0,149.0,cybersecurity,general_practitioner,0
1azh6zv,3,4,2.0,2.0,8.0,cybersecurity,general_practitioner,0
1b0b4zk,1,1,3.0,3.0,3.0,cybersecurity,general_practitioner,0
1b0hkw9,2,27,9.444444444444445,2.0,255.0,cybersecurity,general_practitioner,0
1b3x250,1,16,17.5,5.0,280.0,cybersecurity,general_practitioner,0
1b6k1dl,2,49,8.73469387755102,1.0,428.0,cybersecurity,general_practitioner,0
1b75bo2,1,3,1.6666666666666667,1.0,5.0,cybersecurity,general_practitioner,0
1b77nwh,3,1,1.0,1.0,1.0,cybersecurity,general_practitioner,0
1b7sbkg,4,16,6.5,3.0,104.0,cybersecurity,general_practitioner,0
1b81j4f,1,8,3.875,1.5,31.0,cybersecurity,general_practitioner,0
1b851mz,4,9,7.222222222222222,3.0,65.0,cybersecurity,general_practitioner,0
1b8zbax,4,31,8.193548387096774,2.0,254.0,cybersecurity,general_practitioner,0
1b9w0qb,1,1,3.0,3.0,3.0,cybersecurity,general_practitioner,0
1ba500o,2,72,6.180555555555555,1.0,445.0,cybersecurity,general_practitioner,0
1bar3xe,1,1,1.0,1.0,1.0,cybersecurity,general_practitioner,0
1bc28ef,2,3,1.3333333333333333,1.0,4.0,cybersecurity,general_practitioner,0
1bcfvnu,2,0,,,,cybersecurity,general_practitioner,1
1bd90m8,3,3,1.0,1.0,3.0,cybersecurity,general_practitioner,0
1bdwq7f,1,2,2.5,2.5,5.0,cybersecurity,general_practitioner,0
1be5nmb,1,0,,,,cybersecurity,general_practitioner,1
1be7rqb,1,4,2.0,2.0,8.0,cybersecurity,general_practitioner,0
1be5por,1,6,1.5,1.0,9.0,cybersecurity,general_practitioner,0
1bgwwqh,3,1,1.0,1.0,1.0,cybersecurity,general_practitioner,0
1bhbcmc,1,1,2.0,2.0,2.0,cybersecurity,general_practitioner,0
1bi3mao,1,3,1.0,1.0,3.0,cybersecurity,general_practitioner,0
1bic19l,4,12,4.25,1.0,51.0,cybersecurity,general_practitioner,0
1bja7cw,1,2,1.5,1.5,3.0,cybersecurity,general_practitioner,0
1bji3uo,2,5,5.8,2.0,29.0,cybersecurity,general_practitioner,0
1bjxjkd,1,19,25.42105263157895,5.0,483.0,cybersecurity,general_practitioner,0
1bjy818,2,73,7.767123287671233,1.0,567.0,cybersecurity,general_practitioner,0
1bjypz6,2,1,5.0,5.0,5.0,cybersecurity,general_practitioner,0
1bobd88,2,3,1.0,1.0,3.0,cybersecurity,general_practitioner,0
1bnzqvz,2,7,3.571428571428572,3.0,25.0,cybersecurity,general_practitioner,0
1bolqg8,1,2,2.0,2.0,4.0,cybersecurity,general_practitioner,0
1bq4mce,2,1,3.0,3.0,3.0,cybersecurity,general_practitioner,0
1br3qn3,2,1,2.0,2.0,2.0,cybersecurity,general_practitioner,0
1bqy09b,1,11,5.181818181818182,3.0,57.0,cybersecurity,general_practitioner,0
1btgs18,1,11,4.181818181818182,2.0,46.0,cybersecurity,general_practitioner,0
1bttlm5,2,0,,,,cybersecurity,general_practitioner,1
1btxrqa,1,17,10.0,2.0,170.0,cybersecurity,general_practitioner,0
1bu5ug6,1,2,1.0,1.0,2.0,cybersecurity,general_practitioner,0
1bu50qq,3,3,1.0,1.0,3.0,cybersecurity,general_practitioner,0
1buj8kr,1,3,2.333333333333333,2.0,7.0,cybersecurity,general_practitioner,0
1bv5fcn,2,7,4.571428571428571,5.0,32.0,cybersecurity,general_practitioner,0
1bvuqfb,1,23,5.869565217391305,2.0,135.0,cybersecurity,general_practitioner,0
1bw3sgp,2,0,,,,cybersecurity,general_practitioner,1
1bwssw9,2,4,5.0,4.5,20.0,cybersecurity,general_practitioner,0
1byacpx,1,5,3.0,2.0,15.0,cybersecurity,general_practitioner,0
1bzderp,2,7,3.857142857142857,1.0,27.0,cybersecurity,general_practitioner,0
1bz7ekg,1,97,8.185567010309278,1.0,794.0,cybersecurity,general_practitioner,0
1c09d2h,1,2,1.0,1.0,2.0,cybersecurity,general_practitioner,0
1bzzg2n,1,9,5.777777777777778,1.0,52.0,cybersecurity,general_practitioner,0
1c1nx3m,3,10,3.6,2.0,36.0,cybersecurity,general_practitioner,0
1c1plbh,1,2,1.0,1.0,2.0,cybersecurity,general_practitioner,0
1c2uzoj,1,2,1.5,1.5,3.0,cybersecurity,general_practitioner,0
1c31hd7,1,9,2.555555555555556,2.0,23.0,cybersecurity,general_practitioner,0
1c480qf,2,2,3.0,3.0,6.0,cybersecurity,general_practitioner,0
1c49hbi,1,14,9.714285714285714,2.0,136.0,cybersecurity,general_practitioner,0
1c4yod5,2,7,4.857142857142857,3.0,34.0,cybersecurity,general_practitioner,0
1c54tkk,1,1,1.0,1.0,1.0,cybersecurity,general_practitioner,0
1c5f6tc,1,0,,,,cybersecurity,general_practitioner,1
1c5equ7,1,2,5.0,5.0,10.0,cybersecurity,general_practitioner,0
1c5m0zf,1,19,8.210526315789474,2.0,156.0,cybersecurity,general_practitioner,0
1c5wjir,2,23,8.565217391304348,3.0,197.0,cybersecurity,general_practitioner,0
1c6kom1,2,1,1.0,1.0,1.0,cybersecurity,general_practitioner,0
1c6tx60,1,2,1.5,1.5,3.0,cybersecurity,general_practitioner,0
1c790z1,1,2,6.0,6.0,12.0,cybersecurity,general_practitioner,0
1c7o69b,3,2,1.0,1.0,2.0,cybersecurity,general_practitioner,0
1c7lt5g,3,1,1.0,1.0,1.0,cybersecurity,general_practitioner,0
1c7s710,2,3,4.0,2.0,12.0,cybersecurity,general_practitioner,0
1c924gq,1,72,15.5,2.0,1116.0,cybersecurity,general_practitioner,0
1c952oh,2,1,3.0,3.0,3.0,cybersecurity,general_practitioner,0
1cajh6x,2,2,2.0,2.0,4.0,cybersecurity,general_practitioner,0
1cby9tv,1,54,3.240740740740741,1.0,175.0,cybersecurity,general_practitioner,0
1ccvq96,1,3,2.0,2.0,6.0,cybersecurity,general_practitioner,0
1cd0nij,2,45,8.444444444444445,1.0,380.0,cybersecurity,general_practitioner,0
1cdle2z,3,3,1.6666666666666667,2.0,5.0,cybersecurity,general_practitioner,0
1cfnxvb,3,23,6.217391304347826,2.0,143.0,cybersecurity,general_practitioner,0
1cgykl4,3,37,3.216216216216216,1.0,119.0,cybersecurity,general_practitioner,0
1chg03j,3,29,4.344827586206897,1.0,126.0,cybersecurity,general_practitioner,0
1chpccs,1,35,18.257142857142856,3.0,639.0,cybersecurity,general_practitioner,0
1chv6vw,2,7,5.714285714285714,2.0,40.0,cybersecurity,general_practitioner,0
1ci65os,2,5,2.8,3.0,14.0,cybersecurity,general_practitioner,0
1cjh6ul,1,3,1.0,1.0,3.0,cybersecurity,general_practitioner,0
1cjau8v,2,54,12.38888888888889,2.0,669.0,cybersecurity,general_practitioner,0
1cm4aqd,2,8,3.0,2.0,24.0,cybersecurity,general_practitioner,0
1cm7eml,1,2,1.5,1.5,3.0,cybersecurity,general_practitioner,0
1cm8whl,3,5,3.2,1.0,16.0,cybersecurity,general_practitioner,0
1cmr2fd,2,1,1.0,1.0,1.0,cybersecurity,general_practitioner,0
1co2pt9,2,14,4.928571428571429,1.0,69.0,cybersecurity,general_practitioner,0
1cpdecj,1,1,2.0,2.0,2.0,cybersecurity,general_practitioner,0
1cqvb3b,2,13,5.153846153846154,2.0,67.0,cybersecurity,general_practitioner,0
1cs4rwz,1,3,1.3333333333333333,1.0,4.0,cybersecurity,general_practitioner,0
1cset2g,1,1,2.0,2.0,2.0,cybersecurity,general_practitioner,0
1csk1du,1,2,1.5,1.5,3.0,cybersecurity,general_practitioner,0
1csmjzw,2,8,5.125,3.0,41.0,cybersecurity,general_practitioner,0
1cszcs0,3,5,1.4,1.0,7.0,cybersecurity,general_practitioner,0
1csz6sd,4,3,3.6666666666666665,3.0,11.0,cybersecurity,general_practitioner,0
1ct23xy,1,1,1.0,1.0,1.0,cybersecurity,general_practitioner,0
1cu4yri,2,15,2.6666666666666665,1.0,40.0,cybersecurity,general_practitioner,0
1d1aslw,1,7,2.142857142857143,1.0,15.0,cybersecurity,general_practitioner,0
1d25s0p,2,1,1.0,1.0,1.0,cybersecurity,general_practitioner,0
1d29xax,1,2,2.0,2.0,4.0,cybersecurity,general_practitioner,0
1d2uult,1,1,1.0,1.0,1.0,cybersecurity,general_practitioner,0
1d30a72,1,3,0.0,0.0,0.0,cybersecurity,general_practitioner,0
1d38ksq,2,2,3.0,3.0,6.0,cybersecurity,general_practitioner,0
1d3r7t3,3,0,,,,cybersecurity,general_practitioner,1
1d4dyvd,1,15,11.0,3.0,165.0,cybersecurity,general_practitioner,0
1d4e1w6,2,3,4.0,2.0,12.0,cybersecurity,general_practitioner,0
1d5thub,1,1,4.0,4.0,4.0,cybersecurity,general_practitioner,0
1d76oox,3,21,8.0,1.0,168.0,cybersecurity,general_practitioner,0
1d7q8g3,4,12,3.4166666666666665,1.5,41.0,cybersecurity,general_practitioner,0
1d81cfi,1,2,1.0,1.0,2.0,cybersecurity,general_practitioner,0
1d8fpxt,3,1,2.0,2.0,2.0,cybersecurity,general_practitioner,0
1d88mcc,2,0,,,,cybersecurity,general_practitioner,1
1d8kwad,1,1,2.0,2.0,2.0,cybersecurity,general_practitioner,0
1d8nc1u,2,4,3.25,3.5,13.0,cybersecurity,general_practitioner,0
1d9glmi,2,15,6.266666666666667,1.0,94.0,cybersecurity,general_practitioner,0
1damcjq,2,4,2.25,2.0,9.0,cybersecurity,general_practitioner,0
1dcfy3b,3,13,8.538461538461538,2.0,111.0,cybersecurity,general_practitioner,0
1dcukry,1,10,2.2,2.0,22.0,cybersecurity,general_practitioner,0
1dd2g0v,3,1,2.0,2.0,2.0,cybersecurity,general_practitioner,0
1ddfq7r,2,14,3.4285714285714284,1.0,48.0,cybersecurity,general_practitioner,0
1ddov0i,3,0,,,,cybersecurity,general_practitioner,1
1deej3q,2,6,10.833333333333334,7.0,65.0,cybersecurity,general_practitioner,0
1dewqwn,1,0,,,,cybersecurity,general_practitioner,1
1df8n1a,2,1,1.0,1.0,1.0,cybersecurity,general_practitioner,0
1dfi5p8,1,8,5.5,2.0,44.0,cybersecurity,general_practitioner,0
1dfaqyv,3,132,9.113636363636363,1.0,1203.0,cybersecurity,general_practitioner,0
1dfi439,2,1,1.0,1.0,1.0,cybersecurity,general_practitioner,0
1dfjbr2,2,1,2.0,2.0,2.0,cybersecurity,general_practitioner,0
1dggn9a,1,2,1.5,1.5,3.0,cybersecurity,general_practitioner,0
1dgwtln,1,1,1.0,1.0,1.0,cybersecurity,general_practitioner,0
1dhgrof,1,2,1.5,1.5,3.0,cybersecurity,general_practitioner,0
1dhohj0,3,0,,,,cybersecurity,general_practitioner,1
1dk2gok,1,10,1.8,1.5,18.0,cybersecurity,general_practitioner,0
1dkbo0k,1,8,4.0,3.0,32.0,cybersecurity,general_practitioner,0
1dkiped,1,17,6.294117647058823,2.0,107.0,cybersecurity,general_practitioner,0
1dlad0j,3,2,1.0,1.0,2.0,cybersecurity,general_practitioner,0
1dniqdq,2,25,6.84,2.0,171.0,cybersecurity,general_practitioner,0
1dnlan4,1,5,1.2,1.0,6.0,cybersecurity,general_practitioner,0
1dokjdp,3,0,,,,cybersecurity,general_practitioner,1
1dp7wvn,1,16,5.75,3.5,92.0,cybersecurity,general_practitioner,0
1dpvn0q,1,2,1.0,1.0,2.0,cybersecurity,general_practitioner,0
1dsb2yk,3,1,1.0,1.0,1.0,cybersecurity,general_practitioner,0
1dt7ipb,3,3,5.0,3.0,15.0,cybersecurity,general_practitioner,0
1dtiput,4,1,1.0,1.0,1.0,cybersecurity,general_practitioner,0
1due7gq,1,10,6.8,2.0,68.0,cybersecurity,general_practitioner,0
1dy9cb3,1,26,6.923076923076923,2.0,180.0,cybersecurity,general_practitioner,0
1dy9qsr,2,4,1.75,1.5,7.0,cybersecurity,general_practitioner,0
1e0ab59,3,0,,,,cybersecurity,general_practitioner,1
1e181yf,4,44,8.409090909090908,2.0,370.0,cybersecurity,general_practitioner,0
1e1xs0z,2,11,4.181818181818182,2.0,46.0,cybersecurity,general_practitioner,0
1e3f8qn,1,1,2.0,2.0,2.0,cybersecurity,general_practitioner,0
1e5a03e,3,9,6.111111111111111,4.0,55.0,cybersecurity,general_practitioner,0
1e6sozz,2,2,1.0,1.0,2.0,cybersecurity,general_practitioner,0
1e6puig,3,3,1.6666666666666667,2.0,5.0,cybersecurity,general_practitioner,0
1e9phxz,1,0,,,,cybersecurity,general_practitioner,1
1e9r5ob,1,7,2.4285714285714284,3.0,17.0,cybersecurity,general_practitioner,0
1eaawlb,1,1,1.0,1.0,1.0,cybersecurity,general_practitioner,0
1eb56f8,2,3,1.6666666666666667,2.0,5.0,cybersecurity,general_practitioner,0
1ebyhtr,2,19,6.105263157894737,2.0,116.0,cybersecurity,general_practitioner,0
1ecrh13,3,11,6.0,2.0,66.0,cybersecurity,general_practitioner,0
1eew1b2,2,0,,,,cybersecurity,general_practitioner,1
1eg8hld,1,45,10.8,1.0,486.0,cybersecurity,general_practitioner,0
1eg97qp,3,1,1.0,1.0,1.0,cybersecurity,general_practitioner,0
1eg3dnb,3,1,1.0,1.0,1.0,cybersecurity,general_practitioner,0
1eh4nf0,1,4,1.5,1.5,6.0,cybersecurity,general_practitioner,0
1egx7xl,1,4,1.0,1.0,4.0,cybersecurity,general_practitioner,0
1ej3s59,1,114,14.596491228070176,3.0,1664.0,cybersecurity,general_practitioner,0
1ekct85,2,6,2.1666666666666665,1.0,13.0,cybersecurity,general_practitioner,0
1elr93x,3,3,3.0,3.0,9.0,cybersecurity,general_practitioner,0
1emlkq2,2,1,1.0,1.0,1.0,cybersecurity,general_practitioner,0
1emvlzi,1,4,2.5,2.0,10.0,cybersecurity,general_practitioner,0
1epq85j,3,0,,,,cybersecurity,general_practitioner,1
1eqpykj,3,0,,,,cybersecurity,general_practitioner,1
1eramou,1,69,11.478260869565217,2.0,792.0,cybersecurity,general_practitioner,0
1er7xsl,4,4,1.5,1.5,6.0,cybersecurity,general_practitioner,0
1espv5d,1,4,13.5,3.5,54.0,cybersecurity,general_practitioner,0
1etdy7x,2,4,2.25,2.0,9.0,cybersecurity,general_practitioner,0
1ew8c99,1,2,1.0,1.0,2.0,cybersecurity,general_practitioner,0
1ewj4ep,3,0,,,,cybersecurity,general_practitioner,1
1ewnhvv,3,1,0.0,0.0,0.0,cybersecurity,general_practitioner,0
1ex8yw0,1,0,,,,cybersecurity,general_practitioner,1
1eyckbl,1,74,10.743243243243244,2.0,795.0,cybersecurity,general_practitioner,0
1eybswo,1,23,10.782608695652174,2.0,248.0,cybersecurity,general_practitioner,0
1eyou9x,1,73,16.684931506849313,2.0,1218.0,cybersecurity,general_practitioner,0
1eyqcfr,3,11,5.818181818181818,2.0,64.0,cybersecurity,general_practitioner,0
1f07rmf,4,0,,,,cybersecurity,general_practitioner,1
1f0rqwp,1,0,,,,cybersecurity,general_practitioner,1
1f23xqy,1,9,4.0,2.0,36.0,cybersecurity,general_practitioner,0
1f2u19m,1,0,,,,cybersecurity,general_practitioner,1
1f2zagi,1,24,20.25,5.0,486.0,cybersecurity,general_practitioner,0
1f44bi5,1,24,6.0,2.0,144.0,cybersecurity,general_practitioner,0
1f45wvn,1,17,9.470588235294118,3.0,161.0,cybersecurity,general_practitioner,0
1f66q95,1,0,,,,cybersecurity,general_practitioner,1
1f72fmd,3,0,,,,cybersecurity,general_practitioner,1
1f7jzij,1,8,4.0,2.5,32.0,cybersecurity,general_practitioner,0
1f7qo9c,1,0,,,,cybersecurity,general_practitioner,1
1f8ih1x,3,1,3.0,3.0,3.0,cybersecurity,general_practitioner,0
1f8j8b2,1,47,6.595744680851064,2.0,310.0,cybersecurity,general_practitioner,0
1f8miay,3,5,5.4,1.0,27.0,cybersecurity,general_practitioner,0
1f98cqo,2,4,1.5,1.0,6.0,cybersecurity,general_practitioner,0
1f9o4ls,3,6,4.666666666666667,1.5,28.0,cybersecurity,general_practitioner,0
1fa507n,2,22,9.909090909090908,2.0,218.0,cybersecurity,general_practitioner,0
1fak2j8,1,32,13.09375,1.0,419.0,cybersecurity,general_practitioner,0
1fchbkh,1,6,2.5,1.5,15.0,cybersecurity,general_practitioner,0
1fchp3z,1,8,11.0,4.0,88.0,cybersecurity,general_practitioner,0
1fcv1wx,1,33,7.636363636363637,2.0,252.0,cybersecurity,general_practitioner,0
1fdfg5b,3,17,7.235294117647059,2.0,123.0,cybersecurity,general_practitioner,0
1fczn8e,1,1,1.0,1.0,1.0,cybersecurity,general_practitioner,0
1fdw53a,1,1,2.0,2.0,2.0,cybersecurity,general_practitioner,0
1fejkw8,1,5,4.8,3.0,24.0,cybersecurity,general_practitioner,0
1ff84y9,4,75,7.04,1.0,528.0,cybersecurity,general_practitioner,0
1ffanyw,1,2,3.0,3.0,6.0,cybersecurity,general_practitioner,0
1ffwndh,3,16,4.25,2.0,68.0,cybersecurity,general_practitioner,0
1fgc0ld,1,14,4.571428571428571,2.0,64.0,cybersecurity,general_practitioner,0
1fh57t8,1,9,3.2222222222222223,2.0,29.0,cybersecurity,general_practitioner,0
1fi6xem,1,47,13.97872340425532,2.0,657.0,cybersecurity,general_practitioner,0
1fij0ci,1,1,2.0,2.0,2.0,cybersecurity,general_practitioner,0
1fjnl9j,2,1,2.0,2.0,2.0,cybersecurity,general_practitioner,0
1fjvmnj,2,2,5.0,5.0,10.0,cybersecurity,general_practitioner,0
1fk0979,2,80,12.5125,1.0,1001.0,cybersecurity,general_practitioner,0
1fkyixn,2,68,9.088235294117649,1.0,618.0,cybersecurity,general_practitioner,0
1fl3djv,1,6,1.1666666666666667,1.0,7.0,cybersecurity,general_practitioner,0
1flyd9d,1,10,4.9,2.0,49.0,cybersecurity,general_practitioner,0
1fm82zl,3,6,4.5,5.0,27.0,cybersecurity,general_practitioner,0
1fmz49h,1,5,1.6,2.0,8.0,cybersecurity,general_practitioner,0
1fnugg0,2,4,1.25,1.0,5.0,cybersecurity,general_practitioner,0
1fnxcl2,2,17,2.647058823529412,1.0,45.0,cybersecurity,general_practitioner,0
1focakd,4,32,7.1875,2.0,230.0,cybersecurity,general_practitioner,0
1fod6yf,4,3,1.3333333333333333,2.0,4.0,cybersecurity,general_practitioner,0
1foetex,1,2,5.0,5.0,10.0,cybersecurity,general_practitioner,0
1fonlx9,2,1,2.0,2.0,2.0,cybersecurity,general_practitioner,0
1fpfxba,2,0,,,,cybersecurity,general_practitioner,1
1fq85dp,3,6,3.8333333333333335,1.0,23.0,cybersecurity,general_practitioner,0
1fqbd6u,1,4,2.0,2.0,8.0,cybersecurity,general_practitioner,0
1fsnu4i,2,28,8.535714285714286,1.0,239.0,cybersecurity,general_practitioner,0
1fsjq9s,1,0,,,,cybersecurity,general_practitioner,1
1fsx1ua,4,61,7.852459016393443,1.0,479.0,cybersecurity,general_practitioner,0
1fte6w0,2,20,8.9,2.5,178.0,cybersecurity,general_practitioner,0
1ftf2dr,4,0,,,,cybersecurity,general_practitioner,1
1fu2pux,1,3,2.0,1.0,6.0,cybersecurity,general_practitioner,0
1fvsur8,3,29,9.862068965517242,2.0,286.0,cybersecurity,general_practitioner,0
1fvxopx,1,0,,,,cybersecurity,general_practitioner,1
1fytzub,1,0,,,,cybersecurity,general_practitioner,1
1fyvk0a,2,7,3.2857142857142856,1.0,23.0,cybersecurity,general_practitioner,0
1fzfhpo,1,1,1.0,1.0,1.0,cybersecurity,general_practitioner,0
1fz5d4m,1,9,8.555555555555555,2.0,77.0,cybersecurity,general_practitioner,0
1g4r84h,1,0,,,,cybersecurity,general_practitioner,1
1g8ites,3,5,1.6,1.0,8.0,cybersecurity,general_practitioner,0
1g97une,3,4,4.25,2.5,17.0,cybersecurity,general_practitioner,0
1g9qkbi,2,55,11.709090909090907,2.0,644.0,cybersecurity,general_practitioner,0
1ga6hmb,4,1,2.0,2.0,2.0,cybersecurity,general_practitioner,0
1gb2uoa,1,12,6.5,2.0,78.0,cybersecurity,general_practitioner,0
1gbfg3f,1,4,2.5,3.0,10.0,cybersecurity,general_practitioner,0
1gbi2pi,3,10,2.4,1.5,24.0,cybersecurity,general_practitioner,0
1gdqpjt,1,4,2.25,1.5,9.0,cybersecurity,general_practitioner,0
1gd7teu,1,11,6.818181818181818,5.0,75.0,cybersecurity,general_practitioner,0
1gduly2,3,0,,,,cybersecurity,general_practitioner,1
1ge17zb,2,24,11.916666666666666,2.0,286.0,cybersecurity,general_practitioner,0
1ge8wey,2,3,1.3333333333333333,1.0,4.0,cybersecurity,general_practitioner,0
1getvuu,1,3,2.6666666666666665,1.0,8.0,cybersecurity,general_practitioner,0
1geztks,1,7,3.4285714285714284,3.0,24.0,cybersecurity,general_practitioner,0
1gf2ib9,1,26,6.0,2.5,156.0,cybersecurity,general_practitioner,0
1gf7lhm,1,1,1.0,1.0,1.0,cybersecurity,general_practitioner,0
1gh1lqd,1,0,,,,cybersecurity,general_practitioner,1
1gj2ryy,1,2,1.0,1.0,2.0,cybersecurity,general_practitioner,0
1gjvzwe,2,0,,,,cybersecurity,general_practitioner,1
1gk0kct,3,21,4.380952380952381,1.0,92.0,cybersecurity,general_practitioner,0
1gk9gv6,1,2,1.5,1.5,3.0,cybersecurity,general_practitioner,0
1gl6t7j,2,4,1.75,1.5,7.0,cybersecurity,general_practitioner,0
1gm5fls,1,0,,,,cybersecurity,general_practitioner,1
1gmevvh,1,3,1.3333333333333333,1.0,4.0,cybersecurity,general_practitioner,0
1gla1mj,3,0,,,,cybersecurity,general_practitioner,1
1gmrxl3,1,0,,,,cybersecurity,general_practitioner,1
1gnguic,1,8,6.625,3.0,53.0,cybersecurity,general_practitioner,0
1gol4cv,1,1,1.0,1.0,1.0,cybersecurity,general_practitioner,0
1gpijgw,3,3,1.0,1.0,3.0,cybersecurity,general_practitioner,0
1gq4p0x,3,0,,,,cybersecurity,general_practitioner,1
1gqfreg,2,1,1.0,1.0,1.0,cybersecurity,general_practitioner,0
1gr99cu,1,9,6.555555555555555,5.0,59.0,cybersecurity,general_practitioner,0
1gs6jy1,1,6,1.3333333333333333,1.0,8.0,cybersecurity,general_practitioner,0
1guy8ne,2,87,6.988505747126437,1.0,608.0,cybersecurity,general_practitioner,0
1gvq5mq,1,3,1.3333333333333333,1.0,4.0,cybersecurity,general_practitioner,0
1gvw5aq,1,26,8.423076923076923,2.0,219.0,cybersecurity,general_practitioner,0
1gx675g,1,2,1.0,1.0,2.0,cybersecurity,general_practitioner,0
1gxkp1g,1,0,,,,cybersecurity,general_practitioner,1
1gyocjc,1,1,1.0,1.0,1.0,cybersecurity,general_practitioner,0
1h2saee,1,4,5.25,3.5,21.0,cybersecurity,general_practitioner,0
1h4v2nc,1,14,3.7142857142857135,2.0,52.0,cybersecurity,general_practitioner,0
1h66m1a,2,1,1.0,1.0,1.0,cybersecurity,general_practitioner,0
1h76l3e,1,11,2.5454545454545454,1.0,28.0,cybersecurity,general_practitioner,0
1h7fdp7,1,6,13.5,12.0,81.0,cybersecurity,general_practitioner,0
1h8btu0,4,2,1.0,1.0,2.0,cybersecurity,general_practitioner,0
1h8ov5q,2,1,4.0,4.0,4.0,cybersecurity,general_practitioner,0
1h9e75e,1,0,,,,cybersecurity,general_practitioner,1
1ha6tph,1,1,1.0,1.0,1.0,cybersecurity,general_practitioner,0
1hbgzlk,2,0,,,,cybersecurity,general_practitioner,1
1hbuzhy,1,0,,,,cybersecurity,general_practitioner,1
1hbxwzc,2,57,9.87719298245614,2.0,563.0,cybersecurity,general_practitioner,0
1hculyb,2,5,2.8,3.0,14.0,cybersecurity,general_practitioner,0
1he6l6n,2,9,2.0,2.0,18.0,cybersecurity,general_practitioner,0
1hg4x1t,2,2,2.0,2.0,4.0,cybersecurity,general_practitioner,0
1hg5old,2,2,1.0,1.0,2.0,cybersecurity,general_practitioner,0
1hgzijx,1,3,2.0,1.0,6.0,cybersecurity,general_practitioner,0
1hhe1t7,1,1,1.0,1.0,1.0,cybersecurity,general_practitioner,0
1hhdudw,4,0,,,,cybersecurity,general_practitioner,1
1hhdyoe,1,1,1.0,1.0,1.0,cybersecurity,general_practitioner,0
1hks4dp,3,11,5.181818181818182,1.0,57.0,cybersecurity,general_practitioner,0
1hl9plg,3,8,4.0,2.0,32.0,cybersecurity,general_practitioner,0
1hplknw,1,13,3.0,1.0,39.0,cybersecurity,general_practitioner,0
1hpsyyq,2,5,1.0,1.0,5.0,cybersecurity,general_practitioner,0
1hspr2j,3,82,13.268292682926829,1.0,1088.0,cybersecurity,general_practitioner,0
1htb95l,2,0,,,,cybersecurity,general_practitioner,1
1hust2q,1,0,,,,cybersecurity,general_practitioner,1
1hv05yo,1,0,,,,cybersecurity,general_practitioner,1
1hvocp4,1,1,1.0,1.0,1.0,cybersecurity,general_practitioner,0
1hvvfwf,3,17,11.529411764705882,2.0,196.0,cybersecurity,general_practitioner,0
1hwh966,1,21,10.857142857142858,2.0,228.0,cybersecurity,general_practitioner,0
1hwnxi0,1,36,12.88888888888889,2.0,464.0,cybersecurity,general_practitioner,0
1hwwb6m,1,1,1.0,1.0,1.0,cybersecurity,general_practitioner,0
1hxmc9q,1,2,5.0,5.0,10.0,cybersecurity,general_practitioner,0
1hzu2wg,2,11,10.363636363636363,4.0,114.0,cybersecurity,general_practitioner,0
1i1dy2m,3,10,3.1,1.5,31.0,cybersecurity,general_practitioner,0
1i1ofif,2,0,,,,cybersecurity,general_practitioner,1
1i2m06v,2,28,4.464285714285714,2.0,125.0,cybersecurity,general_practitioner,0
1i2bwel,1,35,6.0,1.0,210.0,cybersecurity,general_practitioner,0
1i33xqd,3,25,6.44,2.0,161.0,cybersecurity,general_practitioner,0
1i4f3pq,2,27,15.48148148148148,2.0,418.0,cybersecurity,general_practitioner,0
1i6kp4y,1,140,6.228571428571429,2.0,872.0,cybersecurity,general_practitioner,0
1i6uzjl,1,0,,,,cybersecurity,general_practitioner,1
1i76urs,4,6,3.0,2.0,18.0,cybersecurity,general_practitioner,0
1i7l2xn,1,69,12.579710144927535,2.0,868.0,cybersecurity,general_practitioner,0
1i7y1wq,4,2,1.0,1.0,2.0,cybersecurity,general_practitioner,0
1i7rz3l,2,2,1.0,1.0,2.0,cybersecurity,general_practitioner,0
1i8xzy6,1,0,,,,cybersecurity,general_practitioner,1
1iafd0g,1,17,7.0588235294117645,3.0,120.0,cybersecurity,general_practitioner,0
1iblq15,3,17,4.294117647058823,1.0,73.0,cybersecurity,general_practitioner,0
1icgglx,1,1,1.0,1.0,1.0,cybersecurity,general_practitioner,0
1iduu3x,1,115,3.9043478260869566,1.0,449.0,cybersecurity,general_practitioner,0
1ie71p8,4,1,5.0,5.0,5.0,cybersecurity,general_practitioner,0
1ie48cu,1,0,,,,cybersecurity,general_practitioner,1
1igc1kd,1,41,12.75609756097561,3.0,523.0,cybersecurity,general_practitioner,0
1igutka,2,21,6.238095238095238,2.0,131.0,cybersecurity,general_practitioner,0
1igqo42,2,3,2.333333333333333,2.0,7.0,cybersecurity,general_practitioner,0
1ihjodg,1,10,8.7,1.0,87.0,cybersecurity,general_practitioner,0
1iie8sr,1,2,1.0,1.0,2.0,cybersecurity,general_practitioner,0
1iiie28,2,54,9.537037037037036,1.0,515.0,cybersecurity,general_practitioner,0
1iiekfo,2,1,1.0,1.0,1.0,cybersecurity,general_practitioner,0
1ij4z8w,3,4,2.75,3.0,11.0,cybersecurity,general_practitioner,0
1ijdwb5,2,2,1.0,1.0,2.0,cybersecurity,general_practitioner,0
1ijpuiz,1,2,2.0,2.0,4.0,cybersecurity,general_practitioner,0
1ijr0a6,1,1,2.0,2.0,2.0,cybersecurity,general_practitioner,0
1ikrzjz,3,51,8.823529411764707,1.0,450.0,cybersecurity,general_practitioner,0
1ilrx4f,1,3,2.333333333333333,2.0,7.0,cybersecurity,general_practitioner,0
1imfags,2,1,3.0,3.0,3.0,cybersecurity,general_practitioner,0
1imd7bx,2,268,9.037313432835822,1.0,2422.0,cybersecurity,general_practitioner,0
1imnevr,1,1,1.0,1.0,1.0,cybersecurity,general_practitioner,0
1in1lcr,1,0,,,,cybersecurity,general_practitioner,1
1in9hsd,3,14,6.214285714285714,2.5,87.0,cybersecurity,general_practitioner,0
1imy5j9,3,16,2.4375,1.0,39.0,cybersecurity,general_practitioner,0
1inktnk,2,5,5.4,5.0,27.0,cybersecurity,general_practitioner,0
1iop5ew,1,54,5.407407407407407,2.0,292.0,cybersecurity,general_practitioner,0
1iqmeme,1,11,1.9090909090909087,1.0,21.0,cybersecurity,general_practitioner,0
1is3mo2,1,0,,,,cybersecurity,general_practitioner,1
1is2zrd,1,3,1.0,1.0,3.0,cybersecurity,general_practitioner,0
1itdenb,4,3,2.6666666666666665,3.0,8.0,cybersecurity,general_practitioner,0
1ituhr2,2,42,5.404761904761905,1.0,227.0,cybersecurity,general_practitioner,0
1ity92c,1,12,9.25,2.0,111.0,cybersecurity,general_practitioner,0
1ixbryt,1,33,7.545454545454546,1.0,249.0,cybersecurity,general_practitioner,0
1iz4hjs,1,0,,,,cybersecurity,general_practitioner,1
1j06o5w,3,0,,,,cybersecurity,general_practitioner,1
1j0szdb,4,6,3.5,3.0,21.0,cybersecurity,general_practitioner,0
1j1n5eb,1,0,,,,cybersecurity,general_practitioner,1
1j3qqwj,1,9,2.0,2.0,18.0,cybersecurity,general_practitioner,0
1j3zy48,1,0,,,,cybersecurity,general_practitioner,1
1j44awo,3,29,4.344827586206897,1.0,126.0,cybersecurity,general_practitioner,0
1j51jow,3,1,1.0,1.0,1.0,cybersecurity,general_practitioner,0
1j82uki,1,6,2.833333333333333,2.0,17.0,cybersecurity,general_practitioner,0
1j8axxa,3,2,1.0,1.0,2.0,cybersecurity,general_practitioner,0
1j9mz71,1,16,2.375,2.0,38.0,cybersecurity,general_practitioner,0
1jb6kho,1,15,4.733333333333333,1.0,71.0,cybersecurity,general_practitioner,0
1jcdi9v,1,12,3.5,2.5,42.0,cybersecurity,general_practitioner,0
1je0gpb,1,0,,,,cybersecurity,general_practitioner,1
1jeavex,3,17,6.294117647058823,2.0,107.0,cybersecurity,general_practitioner,0
1jei9uz,2,2,1.5,1.5,3.0,cybersecurity,general_practitioner,0
1jezst2,2,1,2.0,2.0,2.0,cybersecurity,general_practitioner,0
1jf08i7,1,8,2.5,2.0,20.0,cybersecurity,general_practitioner,0
1jia1of,1,5,2.0,1.0,10.0,cybersecurity,general_practitioner,0
1jitf7b,3,5,1.4,1.0,7.0,cybersecurity,general_practitioner,0
1jivrh3,2,22,3.4545454545454546,1.0,76.0,cybersecurity,general_practitioner,0
1jizga8,1,1,2.0,2.0,2.0,cybersecurity,general_practitioner,0
1jj4cpx,1,8,4.75,4.0,38.0,cybersecurity,general_practitioner,0
1jj7mi3,1,49,6.653061224489796,1.0,326.0,cybersecurity,general_practitioner,0
1jjs9zt,4,0,,,,cybersecurity,general_practitioner,1
1jjt1t8,4,1,1.0,1.0,1.0,cybersecurity,general_practitioner,0
1jk92uy,3,12,4.5,1.0,54.0,cybersecurity,general_practitioner,0
1jkcgsr,1,2,2.5,2.5,5.0,cybersecurity,general_practitioner,0
1jlv82g,1,45,7.444444444444445,2.0,335.0,cybersecurity,general_practitioner,0
1jlb2yq,1,117,14.658119658119658,1.0,1715.0,cybersecurity,general_practitioner,0
1jmgby6,1,0,,,,cybersecurity,general_practitioner,1
1jnln1a,3,1,1.0,1.0,1.0,cybersecurity,general_practitioner,0
1jny4e3,1,1,1.0,1.0,1.0,cybersecurity,general_practitioner,0
1jo6u7a,1,5,1.8,1.0,9.0,cybersecurity,general_practitioner,0
1joirdl,1,2,1.5,1.5,3.0,cybersecurity,general_practitioner,0
1jps8gp,1,2,3.0,3.0,6.0,cybersecurity,general_practitioner,0
1jqch46,1,0,,,,cybersecurity,general_practitioner,1
1jqjt8e,1,0,,,,cybersecurity,general_practitioner,1
1jraghg,4,5,3.6,2.0,18.0,cybersecurity,general_practitioner,0
1jtjj6s,1,19,6.052631578947368,2.0,115.0,cybersecurity,general_practitioner,0
1jubhlb,1,2,1.0,1.0,2.0,cybersecurity,general_practitioner,0
1jup2s3,1,2,1.5,1.5,3.0,cybersecurity,general_practitioner,0
1jx8s4s,3,3,1.6666666666666667,2.0,5.0,cybersecurity,general_practitioner,0
1jx7mgu,4,0,,,,cybersecurity,general_practitioner,1
1jxkuwq,3,10,3.1,2.0,31.0,cybersecurity,general_practitioner,0
1jxr4jc,3,10,5.2,3.0,52.0,cybersecurity,general_practitioner,0
1jympkv,1,7,3.857142857142857,2.0,27.0,cybersecurity,general_practitioner,0
1jz3b8d,2,2,3.0,3.0,6.0,cybersecurity,general_practitioner,0
1k0yww9,1,1,1.0,1.0,1.0,cybersecurity,general_practitioner,0
1k0tff7,2,1,1.0,1.0,1.0,cybersecurity,general_practitioner,0
1k4dmv1,1,3,3.333333333333333,1.0,10.0,cybersecurity,general_practitioner,0
1k5i0x5,1,75,8.186666666666667,1.0,614.0,cybersecurity,general_practitioner,0
1k5ufm7,2,0,,,,cybersecurity,general_practitioner,1
1k79uo0,1,2,4.5,4.5,9.0,cybersecurity,general_practitioner,0
1k7f91e,3,5,1.8,2.0,9.0,cybersecurity,general_practitioner,0
1k9x5d9,1,43,8.069767441860465,2.0,347.0,cybersecurity,general_practitioner,0
1ka3w3o,1,12,15.0,4.0,180.0,cybersecurity,general_practitioner,0
1kaushj,1,11,5.727272727272728,5.0,63.0,cybersecurity,general_practitioner,0
1kau5hu,1,41,10.195121951219512,2.0,418.0,cybersecurity,general_practitioner,0
1kbk4p8,2,7,1.8571428571428568,1.0,13.0,cybersecurity,general_practitioner,0
1kc7uab,1,62,6.17741935483871,1.0,383.0,cybersecurity,general_practitioner,0
1kdbo69,1,59,5.3559322033898304,1.0,316.0,cybersecurity,general_practitioner,0
1kdq491,3,41,6.7317073170731705,2.0,276.0,cybersecurity,general_practitioner,0
1kehxoj,1,5,0.6,1.0,3.0,cybersecurity,general_practitioner,0
1kfuoco,1,22,4.545454545454546,2.0,100.0,cybersecurity,general_practitioner,0
1kg532c,1,8,5.25,1.0,42.0,cybersecurity,general_practitioner,0
1kg65ec,1,13,6.153846153846154,2.0,80.0,cybersecurity,general_practitioner,0
1kh3un0,1,31,17.806451612903224,2.0,552.0,cybersecurity,general_practitioner,0
1kh6jt6,1,19,15.736842105263158,3.0,299.0,cybersecurity,general_practitioner,0
1kkqq8i,1,10,8.5,4.0,85.0,cybersecurity,general_practitioner,0
1kkvm27,2,137,8.94890510948905,1.0,1226.0,cybersecurity,general_practitioner,0
1km7sag,1,2,3.5,3.5,7.0,cybersecurity,general_practitioner,0
1kmrgt3,1,4,1.25,1.0,5.0,cybersecurity,general_practitioner,0
1knfutb,3,4,2.25,2.5,9.0,cybersecurity,general_practitioner,0
1kq73x7,2,30,16.866666666666667,2.0,506.0,cybersecurity,general_practitioner,0
1kqbno6,1,2,2.0,2.0,4.0,cybersecurity,general_practitioner,0
1krsk00,3,11,4.454545454545454,3.0,49.0,cybersecurity,general_practitioner,0
1ksco0f,2,7,1.4285714285714286,1.0,10.0,cybersecurity,general_practitioner,0
1kshlm5,3,5,7.0,6.0,35.0,cybersecurity,general_practitioner,0
1ksk0b9,2,1,1.0,1.0,1.0,cybersecurity,general_practitioner,0
1ktmy42,1,5,6.4,4.0,32.0,cybersecurity,general_practitioner,0
1kw02j0,1,2,1.0,1.0,2.0,cybersecurity,general_practitioner,0
1kxxwk1,1,1,1.0,1.0,1.0,cybersecurity,general_practitioner,0
1kz4fy5,1,1,5.0,5.0,5.0,cybersecurity,general_practitioner,0
1l0r9v9,2,52,14.25,3.0,741.0,cybersecurity,general_practitioner,0
1l26jj8,1,1,1.0,1.0,1.0,cybersecurity,general_practitioner,0
1l28c0f,1,17,7.823529411764706,1.0,133.0,cybersecurity,general_practitioner,0
1l2e7ky,1,0,,,,cybersecurity,general_practitioner,1
1l3or23,1,18,5.222222222222222,2.0,94.0,cybersecurity,general_practitioner,0
1l3pne3,2,16,7.125,2.0,114.0,cybersecurity,general_practitioner,0
1l3yqp4,1,11,6.090909090909091,2.0,67.0,cybersecurity,general_practitioner,0
1l4jgp1,1,5,2.8,1.0,14.0,cybersecurity,general_practitioner,0
1l5fz3w,2,3,2.6666666666666665,3.0,8.0,cybersecurity,general_practitioner,0
1l51veo,1,4,3.0,2.0,12.0,cybersecurity,general_practitioner,0
1l6jisy,1,11,15.909090909090908,7.0,175.0,cybersecurity,general_practitioner,0
1l7no9y,1,11,3.090909090909091,2.0,34.0,cybersecurity,general_practitioner,0
1l7pykn,1,13,5.384615384615385,3.0,70.0,cybersecurity,general_practitioner,0
1l85a1e,1,9,3.4444444444444446,2.0,31.0,cybersecurity,general_practitioner,0
1l8aa3w,3,120,4.458333333333333,1.0,535.0,cybersecurity,general_practitioner,0
1l8k5kk,2,0,,,,cybersecurity,general_practitioner,1
1l8k91z,2,50,5.04,1.0,252.0,cybersecurity,general_practitioner,0
1l8mse5,2,4,2.25,1.5,9.0,cybersecurity,general_practitioner,0
1l8ns4w,4,15,14.2,3.0,213.0,cybersecurity,general_practitioner,0
1la9qpd,1,4,2.75,2.5,11.0,cybersecurity,general_practitioner,0
1lb13xq,2,16,4.1875,1.0,67.0,cybersecurity,general_practitioner,0
1lctro8,2,9,1.7777777777777777,1.0,16.0,cybersecurity,general_practitioner,0
1ldaz5f,3,0,,,,cybersecurity,general_practitioner,1
1ldi6le,1,6,3.0,3.0,18.0,cybersecurity,general_practitioner,0
1ldwx2y,2,40,17.375,3.0,695.0,cybersecurity,general_practitioner,0
1le9d8w,3,3,1.3333333333333333,1.0,4.0,cybersecurity,general_practitioner,0
1lefu2t,1,1,1.0,1.0,1.0,cybersecurity,general_practitioner,0
1lej5z5,2,15,2.4,1.0,36.0,cybersecurity,general_practitioner,0
1lelzho,1,49,10.79591836734694,1.0,529.0,cybersecurity,general_practitioner,0
1lfg1mc,3,6,4.833333333333333,2.0,29.0,cybersecurity,general_practitioner,0
1lgkwo6,4,3,2.333333333333333,1.0,7.0,cybersecurity,general_practitioner,0
1lgza4t,1,22,11.772727272727272,1.0,259.0,cybersecurity,general_practitioner,0
1lgzhpy,2,19,5.947368421052632,2.0,113.0,cybersecurity,general_practitioner,0
1li0s8y,3,11,8.636363636363637,4.0,95.0,cybersecurity,general_practitioner,0
1lig3v3,1,45,6.5777777777777775,2.0,296.0,cybersecurity,general_practitioner,0
1linac1,1,35,9.028571428571428,1.0,316.0,cybersecurity,general_practitioner,0
1lj2vve,1,2,4.5,4.5,9.0,cybersecurity,general_practitioner,0
1ljoj0m,2,2,3.0,3.0,6.0,cybersecurity,general_practitioner,0
1lkapxo,1,3,1.0,1.0,3.0,cybersecurity,general_practitioner,0
1lkmzvn,3,5,-0.4,1.0,-2.0,cybersecurity,general_practitioner,0
1lkn15k,4,1,3.0,3.0,3.0,cybersecurity,general_practitioner,0
1ll9gm3,2,35,15.742857142857142,2.0,551.0,cybersecurity,general_practitioner,0
1llu8qd,3,10,2.3,1.0,23.0,cybersecurity,general_practitioner,0
1lly4hu,1,1,1.0,1.0,1.0,cybersecurity,general_practitioner,0
1ln2trz,1,13,8.384615384615385,4.0,109.0,cybersecurity,general_practitioner,0
1lo45mq,3,12,6.0,3.0,72.0,cybersecurity,general_practitioner,0
1lp45ae,2,14,6.714285714285714,2.0,94.0,cybersecurity,general_practitioner,0
1lpu0yq,1,41,5.2682926829268295,1.0,216.0,cybersecurity,general_practitioner,0
1lquawz,1,33,10.575757575757576,1.0,349.0,cybersecurity,general_practitioner,0
1lquqy5,2,4,1.5,1.5,6.0,cybersecurity,general_practitioner,0
1lqz51a,1,15,8.866666666666667,4.0,133.0,cybersecurity,general_practitioner,0
1lsfnr3,3,7,4.428571428571429,4.0,31.0,cybersecurity,general_practitioner,0
1lsx0nt,2,84,12.88095238095238,1.0,1082.0,cybersecurity,general_practitioner,0
1ltmegk,3,4,13.25,11.5,53.0,cybersecurity,general_practitioner,0
1lunh18,1,5,1.4,1.0,7.0,cybersecurity,general_practitioner,0
1lurkru,2,28,8.285714285714286,1.0,232.0,cybersecurity,general_practitioner,0
1lupyvy,3,56,5.910714285714286,1.0,331.0,cybersecurity,general_practitioner,0
1lutwyn,2,59,12.067796610169491,1.0,712.0,cybersecurity,general_practitioner,0
1lw9zg4,2,20,6.45,1.5,129.0,cybersecurity,general_practitioner,0
1lx7ewt,3,37,8.864864864864865,1.0,328.0,cybersecurity,general_practitioner,0
1lzlaeg,2,5,3.8,1.0,19.0,cybersecurity,general_practitioner,0
1lzlw7g,3,8,5.25,5.0,42.0,cybersecurity,general_practitioner,0
1m0kf8h,1,26,7.846153846153846,2.0,204.0,cybersecurity,general_practitioner,0
1m0rfb6,3,11,3.0,2.0,33.0,cybersecurity,general_practitioner,0
1m1ytqz,1,2,1.5,1.5,3.0,cybersecurity,general_practitioner,0
1m2bc44,2,2,3.0,3.0,6.0,cybersecurity,general_practitioner,0
1m2ogv0,1,11,1.6363636363636365,1.0,18.0,cybersecurity,general_practitioner,0
1m32av5,1,6,2.5,2.0,15.0,cybersecurity,general_practitioner,0
1m3oldz,3,16,6.3125,2.0,101.0,cybersecurity,general_practitioner,0
1m42ss7,1,3,0.3333333333333333,0.0,1.0,cybersecurity,general_practitioner,0
1m47tby,1,7,4.428571428571429,1.0,31.0,cybersecurity,general_practitioner,0
1m4k33z,2,23,17.73913043478261,5.0,408.0,cybersecurity,general_practitioner,0
1m4mdhb,2,1,3.0,3.0,3.0,cybersecurity,general_practitioner,0
1m57w7h,1,4,5.25,5.0,21.0,cybersecurity,general_practitioner,0
1m6u5hf,1,2,1.0,1.0,2.0,cybersecurity,general_practitioner,0
1m82hdv,1,5,2.0,1.0,10.0,cybersecurity,general_practitioner,0
1m90axx,2,2,1.5,1.5,3.0,cybersecurity,general_practitioner,0
1ma8zwa,1,33,8.878787878787879,1.0,293.0,cybersecurity,general_practitioner,0
1macy8p,1,56,12.660714285714286,2.0,709.0,cybersecurity,general_practitioner,0
1maops4,4,8,2.875,3.0,23.0,cybersecurity,general_practitioner,0
1marpuf,1,10,2.8,1.5,28.0,cybersecurity,general_practitioner,0
1mbwp26,1,176,6.340909090909091,1.0,1116.0,cybersecurity,general_practitioner,0
1mbwnab,1,1,1.0,1.0,1.0,cybersecurity,general_practitioner,0
1mcznhs,1,12,8.75,6.0,105.0,cybersecurity,general_practitioner,0
1mdnaf6,1,4,2.75,2.0,11.0,cybersecurity,general_practitioner,0
1mfkftx,1,6,4.333333333333333,1.5,26.0,cybersecurity,general_practitioner,0
1mfuvzz,2,9,3.0,2.0,27.0,cybersecurity,general_practitioner,0
1mhvhow,2,9,2.888888888888889,2.0,26.0,cybersecurity,general_practitioner,0
1mhvj8p,2,7,2.4285714285714284,1.0,17.0,cybersecurity,general_practitioner,0
1mifzm1,1,3,1.6666666666666667,2.0,5.0,cybersecurity,general_practitioner,0
1mjrlba,3,3,3.6666666666666665,3.0,11.0,cybersecurity,general_practitioner,0
1ml2xvq,2,25,5.92,2.0,148.0,cybersecurity,general_practitioner,0
1mlxbrq,4,3,4.333333333333333,3.0,13.0,cybersecurity,general_practitioner,0
1mmi9jn,2,23,13.782608695652174,4.0,317.0,cybersecurity,general_practitioner,0
1mo5pmc,1,96,3.7604166666666665,2.0,361.0,cybersecurity,general_practitioner,0
1mox0a1,1,0,,,,cybersecurity,general_practitioner,1
1mpvwzo,1,0,,,,cybersecurity,general_practitioner,1
1mukp21,3,30,8.833333333333334,2.0,265.0,cybersecurity,general_practitioner,0
1mvq5up,1,9,2.2222222222222223,1.0,20.0,cybersecurity,general_practitioner,0
1mw5hjh,1,18,9.27777777777778,2.0,167.0,cybersecurity,general_practitioner,0
1mwnmep,2,8,1.0,1.0,8.0,cybersecurity,general_practitioner,0
1mx57uw,1,2,5.5,5.5,11.0,cybersecurity,general_practitioner,0
1mx6sov,3,16,6.875,1.5,110.0,cybersecurity,general_practitioner,0
1mygrbm,1,2,2.5,2.5,5.0,cybersecurity,general_practitioner,0
1mzuvvp,1,21,8.095238095238095,2.0,170.0,cybersecurity,general_practitioner,0
1n0x159,1,15,3.0,2.0,45.0,cybersecurity,general_practitioner,0
1n1o9yh,2,14,7.428571428571429,2.0,104.0,cybersecurity,general_practitioner,0
1n26v7q,1,30,7.966666666666667,1.0,239.0,cybersecurity,general_practitioner,0
1n2okq3,3,5,1.4,1.0,7.0,cybersecurity,general_practitioner,0
1n397uv,1,3,1.6666666666666667,1.0,5.0,cybersecurity,general_practitioner,0
1n3y8b8,1,35,5.457142857142857,1.0,191.0,cybersecurity,general_practitioner,0
1n4ko4w,2,4,2.75,2.0,11.0,cybersecurity,general_practitioner,0
1n4kmfz,2,0,,,,cybersecurity,general_practitioner,1
1n5mvxn,2,5,2.0,1.0,10.0,cybersecurity,general_practitioner,0
1n707d5,1,2,2.0,2.0,4.0,cybersecurity,general_practitioner,0
1n7ntvi,2,104,7.076923076923077,1.0,736.0,cybersecurity,general_practitioner,0
1n7ovzw,1,13,6.307692307692308,2.0,82.0,cybersecurity,general_practitioner,0
1n8jscu,2,27,7.333333333333333,2.0,198.0,cybersecurity,general_practitioner,0
1namq3f,1,42,3.0,1.0,126.0,cybersecurity,general_practitioner,0
1naug2w,2,4,1.5,1.0,6.0,cybersecurity,general_practitioner,0
1naz9n7,1,100,14.1,2.0,1410.0,cybersecurity,general_practitioner,0
1nbu1i3,4,2,2.0,2.0,4.0,cybersecurity,general_practitioner,0
1ndkxx3,2,37,7.54054054054054,2.0,279.0,cybersecurity,general_practitioner,0
1ndutay,2,10,11.4,3.5,114.0,cybersecurity,general_practitioner,0
1ndnq3s,1,8,1.5,1.5,12.0,cybersecurity,general_practitioner,0
1ne8kcv,1,25,5.48,2.0,137.0,cybersecurity,general_practitioner,0
1nezj7i,2,5,4.0,3.0,20.0,cybersecurity,general_practitioner,0
1nehgpz,3,1,1.0,1.0,1.0,cybersecurity,general_practitioner,0
1nhc80k,1,26,16.96153846153846,3.5,441.0,cybersecurity,general_practitioner,0
1nixufi,1,17,3.294117647058824,2.0,56.0,cybersecurity,general_practitioner,0
1niyzo0,2,18,5.944444444444445,2.0,107.0,cybersecurity,general_practitioner,0
1njdyx7,1,8,3.875,2.5,31.0,cybersecurity,general_practitioner,0
1nk03rs,2,102,9.980392156862743,1.0,1018.0,cybersecurity,general_practitioner,0
1nkcje5,2,42,6.928571428571429,1.0,291.0,cybersecurity,general_practitioner,0
1nm9cjl,1,2,1.0,1.0,2.0,cybersecurity,general_practitioner,0
1nnol0x,1,7,5.857142857142857,4.0,41.0,cybersecurity,general_practitioner,0
1nozc7l,1,1,1.0,1.0,1.0,cybersecurity,general_practitioner,0
1nppuse,1,9,2.111111111111111,2.0,19.0,cybersecurity,general_practitioner,0
1nqbnow,1,2,1.0,1.0,2.0,cybersecurity,general_practitioner,0
1nt46sm,1,9,4.444444444444445,2.0,40.0,cybersecurity,general_practitioner,0
1ntlt1c,3,71,14.28169014084507,1.0,1014.0,cybersecurity,general_practitioner,0
1ntocfs,1,4,3.5,2.0,14.0,cybersecurity,general_practitioner,0
1nulk5b,2,27,5.555555555555555,2.0,150.0,cybersecurity,general_practitioner,0
1nued7s,2,23,5.695652173913044,1.0,131.0,cybersecurity,general_practitioner,0
1nvoqkq,1,2,2.5,2.5,5.0,cybersecurity,general_practitioner,0
1nwd58p,2,55,9.690909090909091,1.0,533.0,cybersecurity,general_practitioner,0
1nwr4te,1,78,6.410256410256411,1.0,500.0,cybersecurity,general_practitioner,0
1o0t81f,3,6,3.0,2.5,18.0,cybersecurity,general_practitioner,0
1o110x7,3,8,1.625,1.0,13.0,cybersecurity,general_practitioner,0
1o23xoe,1,1,2.0,2.0,2.0,cybersecurity,general_practitioner,0
1o2vsdf,2,2,1.5,1.5,3.0,cybersecurity,general_practitioner,0
1o2yzk9,1,6,1.6666666666666667,1.0,10.0,cybersecurity,general_practitioner,0
1o317y7,1,36,11.083333333333334,2.0,399.0,cybersecurity,general_practitioner,0
1o5lhu7,3,64,5.125,1.0,328.0,cybersecurity,general_practitioner,0
1o5shiy,1,4,2.5,2.0,10.0,cybersecurity,general_practitioner,0
1o64rfr,3,3,1.3333333333333333,1.0,4.0,cybersecurity,general_practitioner,0
1o5vt1a,1,1,3.0,3.0,3.0,cybersecurity,general_practitioner,0
1o6qml3,1,0,,,,cybersecurity,general_practitioner,1
1o8fc0b,2,46,4.586956521739131,1.0,211.0,cybersecurity,general_practitioner,0
1o8impf,1,25,7.24,3.0,181.0,cybersecurity,general_practitioner,0
1o8h0bl,2,1,1.0,1.0,1.0,cybersecurity,general_practitioner,0
1o9ocp5,3,18,8.61111111111111,2.5,155.0,cybersecurity,general_practitioner,0
1och2bi,3,12,3.4166666666666665,1.0,41.0,cybersecurity,general_practitioner,0
1ocq23r,2,17,5.470588235294118,2.0,93.0,cybersecurity,general_practitioner,0
1ocw1vz,3,5,6.4,3.0,32.0,cybersecurity,general_practitioner,0
1ocx6ge,2,13,10.23076923076923,2.0,133.0,cybersecurity,general_practitioner,0
1odhoyt,2,14,6.071428571428571,2.0,85.0,cybersecurity,general_practitioner,0
1odxzjg,1,4,3.5,1.0,14.0,cybersecurity,general_practitioner,0
1oeaabi,4,3,2.6666666666666665,2.0,8.0,cybersecurity,general_practitioner,0
1oejnzi,2,29,5.689655172413793,1.0,165.0,cybersecurity,general_practitioner,0
1oeg87d,3,4,2.5,1.0,10.0,cybersecurity,general_practitioner,0
1ofmro0,1,9,5.777777777777778,2.0,52.0,cybersecurity,general_practitioner,0
1og98bw,4,7,7.142857142857143,5.0,50.0,cybersecurity,general_practitioner,0
1ohbbex,1,4,1.5,1.0,6.0,cybersecurity,general_practitioner,0
1ojyed4,1,1,2.0,2.0,2.0,cybersecurity,general_practitioner,0
1okopit,3,26,7.0,1.0,182.0,cybersecurity,general_practitioner,0
1olxk6s,1,7,2.7142857142857144,1.0,19.0,cybersecurity,general_practitioner,0
1one6s5,2,8,6.5,1.5,52.0,cybersecurity,general_practitioner,0
1on37mj,4,4,12.5,2.5,50.0,cybersecurity,general_practitioner,0
1onp07j,1,10,7.3,3.0,73.0,cybersecurity,general_practitioner,0
1oo72t3,1,6,1.3333333333333333,1.0,8.0,cybersecurity,general_practitioner,0
1op4qy2,1,2,6.5,6.5,13.0,cybersecurity,general_practitioner,0
1op6w5m,3,3,3.0,2.0,9.0,cybersecurity,general_practitioner,0
1op873t,2,60,9.266666666666667,2.0,556.0,cybersecurity,general_practitioner,0
1oq358g,1,8,3.375,2.0,27.0,cybersecurity,general_practitioner,0
1oq9ta8,2,3,3.333333333333333,1.0,10.0,cybersecurity,general_practitioner,0
1oqiu17,1,3,1.0,1.0,3.0,cybersecurity,general_practitioner,0
1oqw36j,3,14,21.571428571428573,1.0,302.0,cybersecurity,general_practitioner,0
1ore825,3,90,16.455555555555556,1.0,1481.0,cybersecurity,general_practitioner,0
1or3lcr,1,19,1.736842105263158,1.0,33.0,cybersecurity,general_practitioner,0
1orrf40,1,5,4.2,1.0,21.0,cybersecurity,general_practitioner,0
1otccwx,3,2,1.0,1.0,2.0,cybersecurity,general_practitioner,0
1otsy86,3,50,7.4,1.0,370.0,cybersecurity,general_practitioner,0
1otwbco,1,1,1.0,1.0,1.0,cybersecurity,general_practitioner,0
1ov4peo,1,3,2.6666666666666665,2.0,8.0,cybersecurity,general_practitioner,0
1ovf1ag,1,4,2.75,2.0,11.0,cybersecurity,general_practitioner,0
1ow2g0r,1,4,3.5,3.0,14.0,cybersecurity,general_practitioner,0
1ow1xt3,2,8,10.375,3.5,83.0,cybersecurity,general_practitioner,0
1ow1m6k,2,10,7.4,2.5,74.0,cybersecurity,general_practitioner,0
1oxhoro,1,10,2.2,2.0,22.0,cybersecurity,general_practitioner,0
1oxli0y,1,18,22.0,2.0,396.0,cybersecurity,general_practitioner,0
1ozbxqt,1,42,8.404761904761905,2.0,353.0,cybersecurity,general_practitioner,0
1ozza4o,1,2,1.0,1.0,2.0,cybersecurity,general_practitioner,0
1p0lne3,2,219,11.155251141552512,1.0,2443.0,cybersecurity,general_practitioner,0
1p11s6d,1,4,5.25,5.0,21.0,cybersecurity,general_practitioner,0
1p1wq6a,2,21,3.0476190476190474,2.0,64.0,cybersecurity,general_practitioner,0
1p2nz9w,1,2,1.5,1.5,3.0,cybersecurity,general_practitioner,0
1p337uu,2,6,7.166666666666667,2.0,43.0,cybersecurity,general_practitioner,0
1p4nlaq,1,30,18.566666666666663,4.0,557.0,cybersecurity,general_practitioner,0
1p66ugb,2,9,1.6666666666666667,1.0,15.0,cybersecurity,general_practitioner,0
1p5tmkc,2,3,1.3333333333333333,1.0,4.0,cybersecurity,general_practitioner,0
1p6p2wx,1,0,,,,cybersecurity,general_practitioner,1
1p77ded,1,10,4.1,2.0,41.0,cybersecurity,general_practitioner,0
1p7zeny,1,7,2.4285714285714284,1.0,17.0,cybersecurity,general_practitioner,0
1p99dtf,2,36,12.694444444444445,2.5,457.0,cybersecurity,general_practitioner,0
1p9oyhf,4,4,2.75,1.5,11.0,cybersecurity,general_practitioner,0
1padlpx,1,3,2.0,2.0,6.0,cybersecurity,general_practitioner,0
1pccptl,1,15,9.666666666666666,2.0,145.0,cybersecurity,general_practitioner,0
1pcc2as,3,25,6.8,2.0,170.0,cybersecurity,general_practitioner,0
1pfv33h,2,13,2.769230769230769,1.0,36.0,cybersecurity,general_practitioner,0
1pgvu9m,1,7,2.2857142857142856,2.0,16.0,cybersecurity,general_practitioner,0
1pizgho,3,47,9.702127659574469,1.0,456.0,cybersecurity,general_practitioner,0
1pjg9fo,1,11,1.0909090909090908,1.0,12.0,cybersecurity,general_practitioner,0
1pjaahe,2,14,3.071428571428572,2.0,43.0,cybersecurity,general_practitioner,0
1pku5ie,1,3,0.6666666666666666,1.0,2.0,cybersecurity,general_practitioner,0
1pltq1c,1,1,1.0,1.0,1.0,cybersecurity,general_practitioner,0
1pmpsk8,2,6,1.6666666666666667,1.0,10.0,cybersecurity,general_practitioner,0
1pnfg75,1,175,13.462857142857144,2.0,2356.0,cybersecurity,general_practitioner,0
1pnj3pb,2,51,10.607843137254902,1.0,541.0,cybersecurity,general_practitioner,0
1ppbh4i,1,37,7.243243243243243,1.0,268.0,cybersecurity,general_practitioner,0
1pp4hqx,2,17,6.941176470588236,1.0,118.0,cybersecurity,general_practitioner,0
1ppg63m,1,7,2.142857142857143,2.0,15.0,cybersecurity,general_practitioner,0
1pqv3z0,3,9,1.0,1.0,9.0,cybersecurity,general_practitioner,0
1ps8odq,4,46,13.717391304347826,3.0,631.0,cybersecurity,general_practitioner,0
1ptq9qz,2,32,8.96875,1.5,287.0,cybersecurity,general_practitioner,0
1pu0apn,1,4,1.25,1.0,5.0,cybersecurity,general_practitioner,0
1pun3es,3,24,10.333333333333334,2.5,248.0,cybersecurity,general_practitioner,0
1pvhoy4,4,12,3.6666666666666665,2.5,44.0,cybersecurity,general_practitioner,0
1pwykhc,2,9,4.0,3.0,36.0,cybersecurity,general_practitioner,0
1pxvufp,1,16,10.75,3.0,172.0,cybersecurity,general_practitioner,0
1pxj7i9,4,18,8.333333333333334,1.0,150.0,cybersecurity,general_practitioner,0
1pynjc9,2,35,4.114285714285714,1.0,144.0,cybersecurity,general_practitioner,0
1pz1tcf,1,34,5.676470588235294,1.0,193.0,cybersecurity,general_practitioner,0
1pzos41,1,4,1.0,1.0,4.0,cybersecurity,general_practitioner,0
1q068gz,1,5,1.4,1.0,7.0,cybersecurity,general_practitioner,0
1q2l8sy,3,4,2.25,1.0,9.0,cybersecurity,general_practitioner,0
1q3gidv,1,1,2.0,2.0,2.0,cybersecurity,general_practitioner,0
1q3jmsm,1,30,16.5,3.0,495.0,cybersecurity,general_practitioner,0
1q4bqxh,3,6,5.666666666666667,5.5,34.0,cybersecurity,general_practitioner,0
1q4hbbg,2,51,15.803921568627452,1.0,806.0,cybersecurity,general_practitioner,0
1q4lgkt,4,8,2.125,1.0,17.0,cybersecurity,general_practitioner,0
1q5hk1n,1,4,3.75,3.0,15.0,cybersecurity,general_practitioner,0
1q77q58,1,44,10.136363636363637,1.0,446.0,cybersecurity,general_practitioner,0
1q7ct6w,1,4,5.75,1.5,23.0,cybersecurity,general_practitioner,0
1q8obcy,1,18,5.5,2.0,99.0,cybersecurity,general_practitioner,0
1qaji22,2,134,9.5,1.0,1273.0,cybersecurity,general_practitioner,0
1qaqrri,1,25,7.8,3.0,195.0,cybersecurity,general_practitioner,0
1qb7g16,1,1,1.0,1.0,1.0,cybersecurity,general_practitioner,0
1qcw7eg,1,1,1.0,1.0,1.0,cybersecurity,general_practitioner,0
1qcvnym,2,0,,,,cybersecurity,general_practitioner,1
1qcxmx9,2,17,11.705882352941176,2.0,199.0,cybersecurity,general_practitioner,0
1qcxqr8,2,10,1.5,1.0,15.0,cybersecurity,general_practitioner,0
1qduekp,1,11,3.727272727272727,1.0,41.0,cybersecurity,general_practitioner,0
1qdt6ft,1,6,2.6666666666666665,1.5,16.0,cybersecurity,general_practitioner,0
1qe43gd,2,5,2.2,1.0,11.0,cybersecurity,general_practitioner,0
1qfm52a,1,3,0.6666666666666666,1.0,2.0,cybersecurity,general_practitioner,0
1qgqdbq,3,13,4.153846153846154,2.0,54.0,cybersecurity,general_practitioner,0
1qhyure,1,28,11.964285714285714,1.0,335.0,cybersecurity,general_practitioner,0
1qi1zez,1,16,6.0625,3.0,97.0,cybersecurity,general_practitioner,0
1qigs66,1,0,,,,cybersecurity,general_practitioner,1
1qjqydq,3,21,11.857142857142858,3.0,249.0,cybersecurity,general_practitioner,0
1qjwoei,1,23,9.869565217391305,3.0,227.0,cybersecurity,general_practitioner,0
1qk9y5o,2,14,3.0,2.0,42.0,cybersecurity,general_practitioner,0
1qkiqhv,1,0,,,,cybersecurity,general_practitioner,1
1qkk135,2,5,1.8,1.0,9.0,cybersecurity,general_practitioner,0
1qlbls8,2,29,9.241379310344827,2.0,268.0,cybersecurity,general_practitioner,0
1qldxon,1,9,2.888888888888889,3.0,26.0,cybersecurity,general_practitioner,0
1qn6t4k,3,13,2.769230769230769,1.0,36.0,cybersecurity,general_practitioner,0
1qnalrd,2,3,2.333333333333333,2.0,7.0,cybersecurity,general_practitioner,0
1qntnix,1,6,2.1666666666666665,2.0,13.0,cybersecurity,general_practitioner,0
1qo35j7,2,40,8.15,1.0,326.0,cybersecurity,general_practitioner,0
1qo0acq,1,8,5.625,2.0,45.0,cybersecurity,general_practitioner,0
1qo3c3j,1,18,9.444444444444445,5.5,170.0,cybersecurity,general_practitioner,0
1qpc4iq,2,21,13.333333333333334,1.0,280.0,cybersecurity,general_practitioner,0
1qphmky,1,9,1.6666666666666667,1.0,15.0,cybersecurity,general_practitioner,0
1qqhpwt,2,17,13.882352941176473,3.0,236.0,cybersecurity,general_practitioner,0
1qqhvzm,2,1,9.0,9.0,9.0,cybersecurity,general_practitioner,0
1qrgi2z,1,17,15.529411764705882,2.0,264.0,cybersecurity,general_practitioner,0
1qryc22,1,1,1.0,1.0,1.0,cybersecurity,general_practitioner,0
1qsln27,1,3,1.3333333333333333,1.0,4.0,cybersecurity,general_practitioner,0
1qt4cku,1,3,2.0,2.0,6.0,cybersecurity,general_practitioner,0
1qtiytn,1,10,4.6,3.0,46.0,cybersecurity,general_practitioner,0
1qux4zh,3,16,9.25,1.5,148.0,cybersecurity,general_practitioner,0
1qvgy14,1,6,-1.1666666666666667,1.0,-7.0,cybersecurity,general_practitioner,0
1qwvb38,2,1,2.0,2.0,2.0,cybersecurity,general_practitioner,0
1qxodbh,2,13,2.6923076923076925,1.0,35.0,cybersecurity,general_practitioner,0
1qyhkkz,2,17,6.588235294117647,2.0,112.0,cybersecurity,general_practitioner,0
1r017p7,1,13,3.230769230769231,1.0,42.0,cybersecurity,general_practitioner,0
1r0gzx3,3,3,13.0,14.0,39.0,cybersecurity,general_practitioner,0
1r0ploc,1,7,1.4285714285714286,1.0,10.0,cybersecurity,general_practitioner,0
1r2wrl4,1,15,12.933333333333334,4.0,194.0,cybersecurity,general_practitioner,0
1r37gl5,2,63,4.634920634920635,1.0,292.0,cybersecurity,general_practitioner,0
1r61uvg,3,0,,,,cybersecurity,general_practitioner,1
1r673hy,1,2,1.0,1.0,2.0,cybersecurity,general_practitioner,0
1r9gbte,2,1,2.0,2.0,2.0,cybersecurity,general_practitioner,0
1r9r16g,2,7,1.8571428571428568,1.0,13.0,cybersecurity,general_practitioner,0
1ra6jrp,1,15,7.133333333333334,2.0,107.0,cybersecurity,general_practitioner,0
1ramjur,2,12,4.333333333333333,1.0,52.0,cybersecurity,general_practitioner,0
1rcihhc,3,26,8.346153846153847,2.0,217.0,cybersecurity,general_practitioner,0
1rcpv5v,2,9,4.0,2.0,36.0,cybersecurity,general_practitioner,0
1rcved5,2,3,1.3333333333333333,1.0,4.0,cybersecurity,general_practitioner,0
1rdj9at,1,12,2.1666666666666665,1.0,26.0,cybersecurity,general_practitioner,0
1rdo5g1,1,10,3.9,2.0,39.0,cybersecurity,general_practitioner,0
1rdk5bk,1,40,8.175,1.0,327.0,cybersecurity,general_practitioner,0
1req077,2,2,1.5,1.5,3.0,cybersecurity,general_practitioner,0
1rferhn,2,29,5.931034482758621,1.0,172.0,cybersecurity,general_practitioner,0
1rfyno0,1,22,5.818181818181818,3.0,128.0,cybersecurity,general_practitioner,0
1rg83d0,2,161,7.267080745341615,1.0,1170.0,cybersecurity,general_practitioner,0
1rhmqxd,1,11,0.5454545454545454,1.0,6.0,cybersecurity,general_practitioner,0
1ri1mbl,1,9,1.3333333333333333,1.0,12.0,cybersecurity,general_practitioner,0
1rim2at,1,2,1.5,1.5,3.0,cybersecurity,general_practitioner,0
1rit61q,1,7,1.5714285714285714,1.0,11.0,cybersecurity,general_practitioner,0
1rjswft,1,24,3.7916666666666665,1.0,91.0,cybersecurity,general_practitioner,0
1rkn6zc,2,16,7.0625,1.0,113.0,cybersecurity,general_practitioner,0
1rl4y46,3,11,2.1818181818181817,1.0,24.0,cybersecurity,general_practitioner,0
1rm6s1l,2,12,7.583333333333333,2.5,91.0,cybersecurity,general_practitioner,0
1rmhv5l,3,9,5.777777777777778,2.0,52.0,cybersecurity,general_practitioner,0
1rnvhy2,3,2,1.5,1.5,3.0,cybersecurity,general_practitioner,0
1ro5bt0,1,4,1.75,1.5,7.0,cybersecurity,general_practitioner,0
1roekar,3,11,1.7272727272727273,2.0,19.0,cybersecurity,general_practitioner,0
1rph0g9,1,5,1.4,1.0,7.0,cybersecurity,general_practitioner,0
1rrx81j,1,4,1.5,1.5,6.0,cybersecurity,general_practitioner,0
1rswl4d,1,1,1.0,1.0,1.0,cybersecurity,general_practitioner,0
1rveozg,1,2,10.5,10.5,21.0,cybersecurity,general_practitioner,0
1rvwy3g,1,9,8.222222222222221,1.0,74.0,cybersecurity,general_practitioner,0
1rvyqw5,1,8,1.25,1.5,10.0,cybersecurity,general_practitioner,0
1rxmcvu,2,7,4.571428571428571,2.0,32.0,cybersecurity,general_practitioner,0
1ryesvt,1,5,0.6,1.0,3.0,cybersecurity,general_practitioner,0
1s07tle,1,13,3.923076923076923,1.0,51.0,cybersecurity,general_practitioner,0
1s0xjoh,4,50,13.82,1.0,691.0,cybersecurity,general_practitioner,0
1s1c5i7,1,0,,,,cybersecurity,general_practitioner,1
1s29kqz,2,11,7.363636363636363,2.0,81.0,cybersecurity,general_practitioner,0
1s3dbpa,2,15,2.4,1.0,36.0,cybersecurity,general_practitioner,0
1s3eneq,1,3,1.3333333333333333,1.0,4.0,cybersecurity,general_practitioner,0
1s3f0p5,2,1,1.0,1.0,1.0,cybersecurity,general_practitioner,0
1s3dwdq,1,4,1.75,1.5,7.0,cybersecurity,general_practitioner,0
1s4d00h,2,4,2.25,1.0,9.0,cybersecurity,general_practitioner,0
1s4q2l3,2,19,2.8947368421052637,1.0,55.0,cybersecurity,general_practitioner,0
1s5w9br,1,2,1.0,1.0,2.0,cybersecurity,general_practitioner,0
1s862x0,1,8,2.125,1.0,17.0,cybersecurity,general_practitioner,0
1s9txqr,2,22,8.045454545454545,3.0,177.0,cybersecurity,general_practitioner,0
1sa26fg,1,54,4.314814814814815,1.0,233.0,cybersecurity,general_practitioner,0
1safq3a,3,34,3.941176470588236,1.0,134.0,cybersecurity,general_practitioner,0
1sappfl,1,1,3.0,3.0,3.0,cybersecurity,general_practitioner,0
1saxg40,2,17,5.882352941176471,2.0,100.0,cybersecurity,general_practitioner,0
1sczjz9,2,1,1.0,1.0,1.0,cybersecurity,general_practitioner,0
1scw5f3,2,4,7.5,8.0,30.0,cybersecurity,general_practitioner,0
1sd83kn,1,1,2.0,2.0,2.0,cybersecurity,general_practitioner,0
1sdt12c,2,19,9.68421052631579,1.0,184.0,cybersecurity,general_practitioner,0
1se1xr1,1,2,1.5,1.5,3.0,cybersecurity,general_practitioner,0
1se7sf3,2,14,8.428571428571429,4.0,118.0,cybersecurity,general_practitioner,0
1seof3m,2,6,3.1666666666666665,1.5,19.0,cybersecurity,general_practitioner,0
1sexzs6,2,2,1.0,1.0,2.0,cybersecurity,general_practitioner,0
1sf6iup,3,28,7.142857142857143,2.0,200.0,cybersecurity,general_practitioner,0
1sfq79q,1,2,1.0,1.0,2.0,cybersecurity,general_practitioner,0
1sgbuw7,1,63,9.666666666666666,1.0,609.0,cybersecurity,general_practitioner,0
1sgtxae,1,12,2.833333333333333,1.5,34.0,cybersecurity,general_practitioner,0
1sh0vil,1,1,2.0,2.0,2.0,cybersecurity,general_practitioner,0
1shihny,3,2,6.5,6.5,13.0,cybersecurity,general_practitioner,0
1shhjqk,2,15,1.4666666666666666,1.0,22.0,cybersecurity,general_practitioner,0
1shm0p9,3,53,14.452830188679243,2.0,766.0,cybersecurity,general_practitioner,0
1sibhjd,2,55,10.327272727272728,1.0,568.0,cybersecurity,general_practitioner,0
1sme1p6,1,12,3.1666666666666665,1.0,38.0,cybersecurity,general_practitioner,0
1smuk2f,1,4,2.0,2.0,8.0,cybersecurity,general_practitioner,0
1sn6bl5,2,17,5.294117647058823,3.0,90.0,cybersecurity,general_practitioner,0
1snyavv,2,12,4.916666666666667,2.0,59.0,cybersecurity,general_practitioner,0
1so3jml,1,52,14.903846153846152,1.0,775.0,cybersecurity,general_practitioner,0
1spfzdg,1,12,2.6666666666666665,1.5,32.0,cybersecurity,general_practitioner,0
1sq1yj0,1,29,8.655172413793103,2.0,251.0,cybersecurity,general_practitioner,0
1srli4x,1,1,2.0,2.0,2.0,cybersecurity,general_practitioner,0
1ss4qln,2,14,1.2857142857142858,1.0,18.0,cybersecurity,general_practitioner,0
1ssioqs,1,4,1.25,1.0,5.0,cybersecurity,general_practitioner,0
1sur7g0,3,30,16.166666666666668,5.5,485.0,cybersecurity,general_practitioner,0
al5uqp,2,9,4.333333333333333,2.0,39.0,SecurityCareerAdvice,career_instrumental,0
bohsak,2,2,4.0,4.0,8.0,SecurityCareerAdvice,career_instrumental,0
c1c8g9,1,4,1.5,1.0,6.0,SecurityCareerAdvice,career_instrumental,0
dem6lv,1,3,1.0,1.0,3.0,SecurityCareerAdvice,career_instrumental,0
eqkrjw,2,3,4.666666666666667,4.0,14.0,SecurityCareerAdvice,career_instrumental,0
gtz5vq,1,1,4.0,4.0,4.0,SecurityCareerAdvice,career_instrumental,0
guxycv,1,2,1.5,1.5,3.0,SecurityCareerAdvice,career_instrumental,0
hus70r,3,1,3.0,3.0,3.0,SecurityCareerAdvice,career_instrumental,0
jgpjuq,3,1,1.0,1.0,1.0,SecurityCareerAdvice,career_instrumental,0
jmwvms,3,6,3.5,2.5,21.0,SecurityCareerAdvice,career_instrumental,0
jvgqmj,1,1,3.0,3.0,3.0,SecurityCareerAdvice,career_instrumental,0
jxjv4i,1,10,4.7,3.5,47.0,SecurityCareerAdvice,career_instrumental,0
kdzd66,1,2,4.0,4.0,8.0,SecurityCareerAdvice,career_instrumental,0
kd223r,2,4,5.75,5.5,23.0,SecurityCareerAdvice,career_instrumental,0
kwp814,2,4,4.0,3.0,16.0,SecurityCareerAdvice,career_instrumental,0
l2u00h,1,3,2.333333333333333,3.0,7.0,SecurityCareerAdvice,career_instrumental,0
lsrbc2,2,2,2.5,2.5,5.0,SecurityCareerAdvice,career_instrumental,0
lvia18,3,3,5.333333333333333,3.0,16.0,SecurityCareerAdvice,career_instrumental,0
m53cmf,1,4,8.0,7.0,32.0,SecurityCareerAdvice,career_instrumental,0
m0ox0y,1,8,4.25,4.5,34.0,SecurityCareerAdvice,career_instrumental,0
m5c6sf,3,1,2.0,2.0,2.0,SecurityCareerAdvice,career_instrumental,0
m9qa1v,1,4,4.75,3.5,19.0,SecurityCareerAdvice,career_instrumental,0
mchuoc,3,6,2.6666666666666665,2.5,16.0,SecurityCareerAdvice,career_instrumental,0
mhdpwc,1,2,1.5,1.5,3.0,SecurityCareerAdvice,career_instrumental,0
mhgu90,1,5,5.4,4.0,27.0,SecurityCareerAdvice,career_instrumental,0
mz5qty,1,2,6.5,6.5,13.0,SecurityCareerAdvice,career_instrumental,0
n06wih,1,5,2.6,2.0,13.0,SecurityCareerAdvice,career_instrumental,0
n45gy8,1,2,1.0,1.0,2.0,SecurityCareerAdvice,career_instrumental,0
nbqdzi,4,6,6.0,2.5,36.0,SecurityCareerAdvice,career_instrumental,0
nfll59,1,4,4.0,3.5,16.0,SecurityCareerAdvice,career_instrumental,0
ngac2v,1,3,3.6666666666666665,3.0,11.0,SecurityCareerAdvice,career_instrumental,0
nll054,2,4,5.0,2.0,20.0,SecurityCareerAdvice,career_instrumental,0
nr5k27,2,4,4.75,3.0,19.0,SecurityCareerAdvice,career_instrumental,0
o61t7z,2,9,3.888888888888889,2.0,35.0,SecurityCareerAdvice,career_instrumental,0
obm2vx,1,8,5.625,4.0,45.0,SecurityCareerAdvice,career_instrumental,0
onrmn5,3,8,1.25,1.0,10.0,SecurityCareerAdvice,career_instrumental,0
oy444s,1,4,6.0,5.0,24.0,SecurityCareerAdvice,career_instrumental,0
p45nbo,1,3,1.6666666666666667,1.0,5.0,SecurityCareerAdvice,career_instrumental,0
pasz31,1,2,3.0,3.0,6.0,SecurityCareerAdvice,career_instrumental,0
pjmu65,2,4,3.75,4.0,15.0,SecurityCareerAdvice,career_instrumental,0
pm0ox5,2,2,1.5,1.5,3.0,SecurityCareerAdvice,career_instrumental,0
pqdxx3,3,4,4.0,3.5,16.0,SecurityCareerAdvice,career_instrumental,0
pynaq1,3,4,5.25,2.5,21.0,SecurityCareerAdvice,career_instrumental,0
q23mbv,3,8,7.75,6.5,62.0,SecurityCareerAdvice,career_instrumental,0
qb14bd,1,2,4.0,4.0,8.0,SecurityCareerAdvice,career_instrumental,0
qzyp2b,1,0,,,,SecurityCareerAdvice,career_instrumental,1
t9ji2t,3,3,9.333333333333334,8.0,28.0,SecurityCareerAdvice,career_instrumental,0
tx86m3,1,4,2.75,3.0,11.0,SecurityCareerAdvice,career_instrumental,0
u7y56p,1,2,3.0,3.0,6.0,SecurityCareerAdvice,career_instrumental,0
ugp5wl,2,5,7.4,6.0,37.0,SecurityCareerAdvice,career_instrumental,0
va2qk8,1,3,3.6666666666666665,3.0,11.0,SecurityCareerAdvice,career_instrumental,0
vbg4du,3,7,2.4285714285714284,3.0,17.0,SecurityCareerAdvice,career_instrumental,0
vdv9el,1,3,4.0,2.0,12.0,SecurityCareerAdvice,career_instrumental,0
vdqrnl,1,2,2.0,2.0,4.0,SecurityCareerAdvice,career_instrumental,0
vj2z7u,3,7,3.4285714285714284,2.0,24.0,SecurityCareerAdvice,career_instrumental,0
vhs66m,2,8,5.125,4.0,41.0,SecurityCareerAdvice,career_instrumental,0
vjt24u,1,2,3.5,3.5,7.0,SecurityCareerAdvice,career_instrumental,0
vkgwdc,2,2,4.0,4.0,8.0,SecurityCareerAdvice,career_instrumental,0
vrs421,3,5,4.4,2.0,22.0,SecurityCareerAdvice,career_instrumental,0
w4hhd9,1,6,4.0,2.0,24.0,SecurityCareerAdvice,career_instrumental,0
w6maro,2,3,2.0,1.0,6.0,SecurityCareerAdvice,career_instrumental,0
wdewz4,1,2,1.0,1.0,2.0,SecurityCareerAdvice,career_instrumental,0
wdcru3,1,2,3.5,3.5,7.0,SecurityCareerAdvice,career_instrumental,0
wgs63m,1,8,9.125,2.5,73.0,SecurityCareerAdvice,career_instrumental,0
wljhna,1,1,2.0,2.0,2.0,SecurityCareerAdvice,career_instrumental,0
wq5jyw,1,3,2.0,2.0,6.0,SecurityCareerAdvice,career_instrumental,0
xdaudq,1,7,12.142857142857142,7.0,85.0,SecurityCareerAdvice,career_instrumental,0
xp7ewm,1,3,7.0,6.0,21.0,SecurityCareerAdvice,career_instrumental,0
y8zthk,2,5,2.0,2.0,10.0,SecurityCareerAdvice,career_instrumental,0
yoe69h,1,5,3.6,2.0,18.0,SecurityCareerAdvice,career_instrumental,0
yve8ga,2,1,5.0,5.0,5.0,SecurityCareerAdvice,career_instrumental,0
zi1nmu,2,6,3.0,1.5,18.0,SecurityCareerAdvice,career_instrumental,0
zsmzy9,1,1,4.0,4.0,4.0,SecurityCareerAdvice,career_instrumental,0
zqrz5q,1,13,9.846153846153848,3.0,128.0,SecurityCareerAdvice,career_instrumental,0
zw2obv,2,1,10.0,10.0,10.0,SecurityCareerAdvice,career_instrumental,0
zygltc,1,2,2.0,2.0,4.0,SecurityCareerAdvice,career_instrumental,0
107x56f,3,4,11.75,6.0,47.0,SecurityCareerAdvice,career_instrumental,0
10d9k0z,3,6,4.166666666666667,3.5,25.0,SecurityCareerAdvice,career_instrumental,0
10iu7i2,4,5,5.6,2.0,28.0,SecurityCareerAdvice,career_instrumental,0
10kp26x,1,25,7.76,2.0,194.0,SecurityCareerAdvice,career_instrumental,0
10p9gbt,1,4,1.25,1.0,5.0,SecurityCareerAdvice,career_instrumental,0
10ppzr2,1,15,5.133333333333334,2.0,77.0,SecurityCareerAdvice,career_instrumental,0
10q4gzb,2,6,2.0,1.0,12.0,SecurityCareerAdvice,career_instrumental,0
10y8szd,2,4,4.75,5.5,19.0,SecurityCareerAdvice,career_instrumental,0
10uh2d5,1,13,4.0,3.0,52.0,SecurityCareerAdvice,career_instrumental,0
11cglpy,1,6,4.666666666666667,3.0,28.0,SecurityCareerAdvice,career_instrumental,0
11g9h3j,3,3,3.0,3.0,9.0,SecurityCareerAdvice,career_instrumental,0
11i8qzw,1,1,1.0,1.0,1.0,SecurityCareerAdvice,career_instrumental,0
11ekcnj,1,8,6.5,3.5,52.0,SecurityCareerAdvice,career_instrumental,0
11l7mkd,4,3,10.0,10.0,30.0,SecurityCareerAdvice,career_instrumental,0
127c71i,1,4,4.25,2.0,17.0,SecurityCareerAdvice,career_instrumental,0
129aitm,2,5,1.8,1.0,9.0,SecurityCareerAdvice,career_instrumental,0
127nuxl,1,3,2.333333333333333,2.0,7.0,SecurityCareerAdvice,career_instrumental,0
12d0ms4,2,2,1.5,1.5,3.0,SecurityCareerAdvice,career_instrumental,0
12eyway,1,3,5.333333333333333,3.0,16.0,SecurityCareerAdvice,career_instrumental,0
12xy4fh,3,2,3.0,3.0,6.0,SecurityCareerAdvice,career_instrumental,0
13bl1zq,1,11,3.727272727272727,2.0,41.0,SecurityCareerAdvice,career_instrumental,0
13ewpzp,1,2,2.5,2.5,5.0,SecurityCareerAdvice,career_instrumental,0
13jz2mc,1,2,6.0,6.0,12.0,SecurityCareerAdvice,career_instrumental,0
13pbak2,2,1,3.0,3.0,3.0,SecurityCareerAdvice,career_instrumental,0
149oz7f,1,5,2.2,1.0,11.0,SecurityCareerAdvice,career_instrumental,0
14evqg4,4,2,2.0,2.0,4.0,SecurityCareerAdvice,career_instrumental,0
14f0dty,2,1,2.0,2.0,2.0,SecurityCareerAdvice,career_instrumental,0
14gdxpn,1,1,1.0,1.0,1.0,SecurityCareerAdvice,career_instrumental,0
14h6y0e,1,2,1.5,1.5,3.0,SecurityCareerAdvice,career_instrumental,0
14r9ao7,1,5,1.8,2.0,9.0,SecurityCareerAdvice,career_instrumental,0
14w71c5,1,2,1.5,1.5,3.0,SecurityCareerAdvice,career_instrumental,0
1547kuq,1,2,1.5,1.5,3.0,SecurityCareerAdvice,career_instrumental,0
1547krh,1,2,2.0,2.0,4.0,SecurityCareerAdvice,career_instrumental,0
15a8j5f,1,3,5.0,4.0,15.0,SecurityCareerAdvice,career_instrumental,0
15ifftc,1,1,1.0,1.0,1.0,SecurityCareerAdvice,career_instrumental,0
15m22d5,2,4,3.5,3.5,14.0,SecurityCareerAdvice,career_instrumental,0
15strf8,1,0,,,,SecurityCareerAdvice,career_instrumental,1
15t05jv,1,3,3.333333333333333,2.0,10.0,SecurityCareerAdvice,career_instrumental,0
15tsy3o,1,4,4.75,4.0,19.0,SecurityCareerAdvice,career_instrumental,0
15ycepi,2,4,4.5,2.5,18.0,SecurityCareerAdvice,career_instrumental,0
164df5m,1,2,2.5,2.5,5.0,SecurityCareerAdvice,career_instrumental,0
1652ja3,1,10,2.1,2.0,21.0,SecurityCareerAdvice,career_instrumental,0
169b7py,2,4,3.0,2.0,12.0,SecurityCareerAdvice,career_instrumental,0
16dh5p3,2,9,3.7777777777777777,2.0,34.0,SecurityCareerAdvice,career_instrumental,0
16cxdja,2,2,3.5,3.5,7.0,SecurityCareerAdvice,career_instrumental,0
16uy7xz,1,1,2.0,2.0,2.0,SecurityCareerAdvice,career_instrumental,0
16yfopv,1,0,,,,SecurityCareerAdvice,career_instrumental,1
16z0v6x,1,1,1.0,1.0,1.0,SecurityCareerAdvice,career_instrumental,0
17a3dvb,1,0,,,,SecurityCareerAdvice,career_instrumental,1
1796oam,1,0,,,,SecurityCareerAdvice,career_instrumental,1
17kv6yk,2,7,2.142857142857143,1.0,15.0,SecurityCareerAdvice,career_instrumental,0
17srbos,1,1,3.0,3.0,3.0,SecurityCareerAdvice,career_instrumental,0
186hv1z,1,5,6.4,5.0,32.0,SecurityCareerAdvice,career_instrumental,0
18grweg,1,2,2.0,2.0,4.0,SecurityCareerAdvice,career_instrumental,0
18kan1n,1,2,2.5,2.5,5.0,SecurityCareerAdvice,career_instrumental,0
18okxr1,1,3,2.333333333333333,1.0,7.0,SecurityCareerAdvice,career_instrumental,0
18vzojt,2,4,2.5,3.0,10.0,SecurityCareerAdvice,career_instrumental,0
191k12p,2,6,1.0,1.0,6.0,SecurityCareerAdvice,career_instrumental,0
192ju2m,1,3,3.6666666666666665,3.0,11.0,SecurityCareerAdvice,career_instrumental,0
19bmpzj,1,2,1.0,1.0,2.0,SecurityCareerAdvice,career_instrumental,0
19dstnj,2,3,1.3333333333333333,1.0,4.0,SecurityCareerAdvice,career_instrumental,0
1an5so3,2,4,3.0,3.0,12.0,SecurityCareerAdvice,career_instrumental,0
1apmcao,1,18,7.611111111111111,1.0,137.0,SecurityCareerAdvice,career_instrumental,0
1as49b1,3,3,3.333333333333333,3.0,10.0,SecurityCareerAdvice,career_instrumental,0
1at2z2s,1,15,2.0,2.0,30.0,SecurityCareerAdvice,career_instrumental,0
1asg5ec,1,3,2.6666666666666665,2.0,8.0,SecurityCareerAdvice,career_instrumental,0
1avkhta,1,2,2.0,2.0,4.0,SecurityCareerAdvice,career_instrumental,0
1axczp1,1,2,1.0,1.0,2.0,SecurityCareerAdvice,career_instrumental,0
1ayajm0,1,3,2.333333333333333,2.0,7.0,SecurityCareerAdvice,career_instrumental,0
1bcz6td,2,1,2.0,2.0,2.0,SecurityCareerAdvice,career_instrumental,0
1bi2zb1,1,3,5.666666666666667,2.0,17.0,SecurityCareerAdvice,career_instrumental,0
1bpdn8q,1,0,,,,SecurityCareerAdvice,career_instrumental,1
1bqu2yu,1,0,,,,SecurityCareerAdvice,career_instrumental,1
1bud9we,1,1,2.0,2.0,2.0,SecurityCareerAdvice,career_instrumental,0
1c4ym6f,2,2,3.5,3.5,7.0,SecurityCareerAdvice,career_instrumental,0
1c5giop,2,1,3.0,3.0,3.0,SecurityCareerAdvice,career_instrumental,0
1c6ggh0,1,1,4.0,4.0,4.0,SecurityCareerAdvice,career_instrumental,0
1c6ptsu,4,6,4.833333333333333,3.0,29.0,SecurityCareerAdvice,career_instrumental,0
1c7mbbm,1,2,1.0,1.0,2.0,SecurityCareerAdvice,career_instrumental,0
1c88vxi,3,1,1.0,1.0,1.0,SecurityCareerAdvice,career_instrumental,0
1cbnywx,1,3,1.6666666666666667,1.0,5.0,SecurityCareerAdvice,career_instrumental,0
1cc4kdf,1,0,,,,SecurityCareerAdvice,career_instrumental,1
1civsth,1,4,4.5,4.0,18.0,SecurityCareerAdvice,career_instrumental,0
1ck4q4t,1,2,1.0,1.0,2.0,SecurityCareerAdvice,career_instrumental,0
1cjw8i2,3,1,1.0,1.0,1.0,SecurityCareerAdvice,career_instrumental,0
1coxf6d,1,1,4.0,4.0,4.0,SecurityCareerAdvice,career_instrumental,0
1copcqw,1,4,3.0,2.5,12.0,SecurityCareerAdvice,career_instrumental,0
1cpc9dx,1,3,2.6666666666666665,3.0,8.0,SecurityCareerAdvice,career_instrumental,0
1cqmbsa,1,4,2.25,2.5,9.0,SecurityCareerAdvice,career_instrumental,0
1cvr2va,1,4,3.0,3.5,12.0,SecurityCareerAdvice,career_instrumental,0
1ctpmzg,1,0,,,,SecurityCareerAdvice,career_instrumental,1
1d43uj4,1,14,3.142857142857143,2.5,44.0,SecurityCareerAdvice,career_instrumental,0
1d2mroi,1,4,2.25,1.5,9.0,SecurityCareerAdvice,career_instrumental,0
1dcpvwh,1,4,2.25,1.5,9.0,SecurityCareerAdvice,career_instrumental,0
1dh6gmw,1,1,2.0,2.0,2.0,SecurityCareerAdvice,career_instrumental,0
1dna5qr,3,5,2.6,2.0,13.0,SecurityCareerAdvice,career_instrumental,0
1drdq23,3,1,2.0,2.0,2.0,SecurityCareerAdvice,career_instrumental,0
1dsxhxo,1,3,4.333333333333333,3.0,13.0,SecurityCareerAdvice,career_instrumental,0
1du39td,4,0,,,,SecurityCareerAdvice,career_instrumental,1
1dx7ia0,1,4,1.25,1.0,5.0,SecurityCareerAdvice,career_instrumental,0
1dz18ft,1,0,,,,SecurityCareerAdvice,career_instrumental,1
1e1oq2d,2,0,,,,SecurityCareerAdvice,career_instrumental,1
1e2ninq,1,6,1.6666666666666667,1.0,10.0,SecurityCareerAdvice,career_instrumental,0
1e6vp22,2,2,1.0,1.0,2.0,SecurityCareerAdvice,career_instrumental,0
1e90rox,1,3,5.666666666666667,6.0,17.0,SecurityCareerAdvice,career_instrumental,0
1eaiplu,1,0,,,,SecurityCareerAdvice,career_instrumental,1
1eb7h3i,1,6,4.0,3.5,24.0,SecurityCareerAdvice,career_instrumental,0
1ek7jef,1,0,,,,SecurityCareerAdvice,career_instrumental,1
1ekwkvr,2,4,3.5,3.0,14.0,SecurityCareerAdvice,career_instrumental,0
1eki9bz,2,0,,,,SecurityCareerAdvice,career_instrumental,1
1f1wk6m,3,9,3.111111111111111,1.0,28.0,SecurityCareerAdvice,career_instrumental,0
1f4drdr,1,2,1.0,1.0,2.0,SecurityCareerAdvice,career_instrumental,0
1f9w88a,1,2,1.5,1.5,3.0,SecurityCareerAdvice,career_instrumental,0
1fbhmbd,1,2,1.5,1.5,3.0,SecurityCareerAdvice,career_instrumental,0
1fbvynt,2,0,,,,SecurityCareerAdvice,career_instrumental,1
1fgdoh6,1,5,2.4,2.0,12.0,SecurityCareerAdvice,career_instrumental,0
1fiaeeh,3,4,1.5,1.0,6.0,SecurityCareerAdvice,career_instrumental,0
1fl1eqk,1,4,1.75,1.5,7.0,SecurityCareerAdvice,career_instrumental,0
1fmimk5,1,1,1.0,1.0,1.0,SecurityCareerAdvice,career_instrumental,0
1fnu59t,1,2,4.0,4.0,8.0,SecurityCareerAdvice,career_instrumental,0
1fosbmy,1,0,,,,SecurityCareerAdvice,career_instrumental,1
1ft1zjq,1,3,0.6666666666666666,1.0,2.0,SecurityCareerAdvice,career_instrumental,0
1ftcia7,2,1,1.0,1.0,1.0,SecurityCareerAdvice,career_instrumental,0
1fu7qh2,1,4,0.75,1.0,3.0,SecurityCareerAdvice,career_instrumental,0
1fxw9b3,2,4,0.5,0.5,2.0,SecurityCareerAdvice,career_instrumental,0
1g0p8hp,1,4,2.0,1.5,8.0,SecurityCareerAdvice,career_instrumental,0
1g49yjw,1,1,1.0,1.0,1.0,SecurityCareerAdvice,career_instrumental,0
1g4r3v2,2,3,2.0,2.0,6.0,SecurityCareerAdvice,career_instrumental,0
1g6rol0,1,8,10.125,5.0,81.0,SecurityCareerAdvice,career_instrumental,0
1g8niw0,1,2,4.0,4.0,8.0,SecurityCareerAdvice,career_instrumental,0
1g8s6j3,1,1,5.0,5.0,5.0,SecurityCareerAdvice,career_instrumental,0
1gbe5u0,1,3,1.3333333333333333,1.0,4.0,SecurityCareerAdvice,career_instrumental,0
1geiby9,1,1,1.0,1.0,1.0,SecurityCareerAdvice,career_instrumental,0
1gojmts,1,3,1.3333333333333333,1.0,4.0,SecurityCareerAdvice,career_instrumental,0
1gq12km,1,12,4.166666666666667,2.0,50.0,SecurityCareerAdvice,career_instrumental,0
1gsqkud,3,3,1.6666666666666667,1.0,5.0,SecurityCareerAdvice,career_instrumental,0
1gvqk94,2,15,5.066666666666666,2.0,76.0,SecurityCareerAdvice,career_instrumental,0
1h2morz,1,4,4.5,4.0,18.0,SecurityCareerAdvice,career_instrumental,0
1h6kwfk,3,22,3.227272727272727,1.0,71.0,SecurityCareerAdvice,career_instrumental,0
1h7pm6f,1,4,1.75,1.5,7.0,SecurityCareerAdvice,career_instrumental,0
1h8tc8i,2,10,5.4,2.5,54.0,SecurityCareerAdvice,career_instrumental,0
1hdl3a3,1,1,1.0,1.0,1.0,SecurityCareerAdvice,career_instrumental,0
1he3jvl,1,1,2.0,2.0,2.0,SecurityCareerAdvice,career_instrumental,0
1hjie0w,3,16,3.0625,1.0,49.0,SecurityCareerAdvice,career_instrumental,0
1hop788,1,6,4.666666666666667,2.5,28.0,SecurityCareerAdvice,career_instrumental,0
1hsrsbl,1,5,4.6,3.0,23.0,SecurityCareerAdvice,career_instrumental,0
1hws8fg,3,0,,,,SecurityCareerAdvice,career_instrumental,1
1hy9j0u,1,1,1.0,1.0,1.0,SecurityCareerAdvice,career_instrumental,0
1i0271u,1,1,-1.0,-1.0,-1.0,SecurityCareerAdvice,career_instrumental,0
1i04gsu,1,0,,,,SecurityCareerAdvice,career_instrumental,1
1i0zr66,1,0,,,,SecurityCareerAdvice,career_instrumental,1
1i3f4db,3,2,3.0,3.0,6.0,SecurityCareerAdvice,career_instrumental,0
1i3l3cf,1,2,1.0,1.0,2.0,SecurityCareerAdvice,career_instrumental,0
1i3n9qc,1,0,,,,SecurityCareerAdvice,career_instrumental,1
1i7ktyv,3,1,3.0,3.0,3.0,SecurityCareerAdvice,career_instrumental,0
1iblc42,1,8,4.25,2.0,34.0,SecurityCareerAdvice,career_instrumental,0
1ic3lfx,3,6,0.8333333333333334,2.0,5.0,SecurityCareerAdvice,career_instrumental,0
1icxtr3,2,11,5.090909090909091,1.0,56.0,SecurityCareerAdvice,career_instrumental,0
1ie8tff,1,0,,,,SecurityCareerAdvice,career_instrumental,1
1igoawe,3,12,3.5,2.0,42.0,SecurityCareerAdvice,career_instrumental,0
1ihq5rm,1,3,1.6666666666666667,2.0,5.0,SecurityCareerAdvice,career_instrumental,0
1ij4i5u,2,12,12.583333333333334,3.0,151.0,SecurityCareerAdvice,career_instrumental,0
1ijyx2n,1,1,1.0,1.0,1.0,SecurityCareerAdvice,career_instrumental,0
1ikx6pm,1,3,3.0,3.0,9.0,SecurityCareerAdvice,career_instrumental,0
1ipeyb3,1,10,4.2,2.0,42.0,SecurityCareerAdvice,career_instrumental,0
1iqp3z7,1,20,3.1,1.0,62.0,SecurityCareerAdvice,career_instrumental,0
1irnnvk,2,2,3.5,3.5,7.0,SecurityCareerAdvice,career_instrumental,0
1is1t4t,1,1,1.0,1.0,1.0,SecurityCareerAdvice,career_instrumental,0
1iun0oa,3,7,8.428571428571429,1.0,59.0,SecurityCareerAdvice,career_instrumental,0
1ivfmzs,1,8,3.5,1.5,28.0,SecurityCareerAdvice,career_instrumental,0
1ix5tt6,2,36,2.4444444444444446,1.0,88.0,SecurityCareerAdvice,career_instrumental,0
1ixfsr4,2,2,1.5,1.5,3.0,SecurityCareerAdvice,career_instrumental,0
1ixfv98,2,3,3.6666666666666665,2.0,11.0,SecurityCareerAdvice,career_instrumental,0
1iy7puq,3,7,2.142857142857143,1.0,15.0,SecurityCareerAdvice,career_instrumental,0
1iz3smu,1,12,8.25,3.5,99.0,SecurityCareerAdvice,career_instrumental,0
1j035u0,1,8,4.875,4.5,39.0,SecurityCareerAdvice,career_instrumental,0
1j4gntv,2,1,2.0,2.0,2.0,SecurityCareerAdvice,career_instrumental,0
1j70qve,3,6,7.666666666666667,5.0,46.0,SecurityCareerAdvice,career_instrumental,0
1j84q51,1,8,3.625,2.0,29.0,SecurityCareerAdvice,career_instrumental,0
1j8d93t,3,6,5.166666666666667,2.0,31.0,SecurityCareerAdvice,career_instrumental,0
1j8ktnp,1,5,3.4,2.0,17.0,SecurityCareerAdvice,career_instrumental,0
1jdrp3q,1,2,2.0,2.0,4.0,SecurityCareerAdvice,career_instrumental,0
1jfdey5,1,6,2.0,2.0,12.0,SecurityCareerAdvice,career_instrumental,0
1jgpkop,2,0,,,,SecurityCareerAdvice,career_instrumental,1
1jhsuwm,1,0,,,,SecurityCareerAdvice,career_instrumental,1
1jj36gd,1,1,1.0,1.0,1.0,SecurityCareerAdvice,career_instrumental,0
1jn4hmo,1,0,,,,SecurityCareerAdvice,career_instrumental,1
1jnwng8,1,3,2.6666666666666665,2.0,8.0,SecurityCareerAdvice,career_instrumental,0
1jqcvck,1,0,,,,SecurityCareerAdvice,career_instrumental,1
1jtxwc8,1,16,2.5625,1.0,41.0,SecurityCareerAdvice,career_instrumental,0
1juw86d,1,12,3.9166666666666665,2.0,47.0,SecurityCareerAdvice,career_instrumental,0
1juttev,2,3,2.0,2.0,6.0,SecurityCareerAdvice,career_instrumental,0
1jwcf6q,2,0,,,,SecurityCareerAdvice,career_instrumental,1
1jwp0sq,4,0,,,,SecurityCareerAdvice,career_instrumental,1
1jwlnrh,1,0,,,,SecurityCareerAdvice,career_instrumental,1
1k00dqz,3,9,4.222222222222222,2.0,38.0,SecurityCareerAdvice,career_instrumental,0
1k2f4p4,2,6,3.0,2.5,18.0,SecurityCareerAdvice,career_instrumental,0
1k5tci0,1,2,2.5,2.5,5.0,SecurityCareerAdvice,career_instrumental,0
1k6c679,1,1,10.0,10.0,10.0,SecurityCareerAdvice,career_instrumental,0
1k6tx9t,1,8,2.75,2.5,22.0,SecurityCareerAdvice,career_instrumental,0
1k77u9a,1,20,4.7,1.0,94.0,SecurityCareerAdvice,career_instrumental,0
1k79vdm,1,1,1.0,1.0,1.0,SecurityCareerAdvice,career_instrumental,0
1kajw9z,1,3,4.0,4.0,12.0,SecurityCareerAdvice,career_instrumental,0
1katd17,1,2,3.0,3.0,6.0,SecurityCareerAdvice,career_instrumental,0
1kcncpr,1,4,3.25,3.0,13.0,SecurityCareerAdvice,career_instrumental,0
1kh1zqv,2,3,4.0,3.0,12.0,SecurityCareerAdvice,career_instrumental,0
1kmov1l,3,4,2.0,1.5,8.0,SecurityCareerAdvice,career_instrumental,0
1ko306w,1,15,5.266666666666667,1.0,79.0,SecurityCareerAdvice,career_instrumental,0
1krhmzn,2,11,3.1818181818181817,1.0,35.0,SecurityCareerAdvice,career_instrumental,0
1kso42y,2,11,6.0,3.0,66.0,SecurityCareerAdvice,career_instrumental,0
1ktjann,1,3,2.0,2.0,6.0,SecurityCareerAdvice,career_instrumental,0
1kvj0rw,1,15,3.8,2.0,57.0,SecurityCareerAdvice,career_instrumental,0
1kvvw04,3,2,2.0,2.0,4.0,SecurityCareerAdvice,career_instrumental,0
1kwc2j8,2,5,6.2,2.0,31.0,SecurityCareerAdvice,career_instrumental,0
1kwu1id,1,1,3.0,3.0,3.0,SecurityCareerAdvice,career_instrumental,0
1l04fz4,1,4,2.25,2.5,9.0,SecurityCareerAdvice,career_instrumental,0
1l3bcsn,2,2,1.0,1.0,2.0,SecurityCareerAdvice,career_instrumental,0
1l6t6hg,1,4,3.0,2.5,12.0,SecurityCareerAdvice,career_instrumental,0
1l766f8,3,2,1.5,1.5,3.0,SecurityCareerAdvice,career_instrumental,0
1l7jop3,1,16,1.5625,1.0,25.0,SecurityCareerAdvice,career_instrumental,0
1l7lj8m,1,1,2.0,2.0,2.0,SecurityCareerAdvice,career_instrumental,0
1l87hif,3,1,2.0,2.0,2.0,SecurityCareerAdvice,career_instrumental,0
1l99yp1,1,0,,,,SecurityCareerAdvice,career_instrumental,1
1l9lkw3,1,1,2.0,2.0,2.0,SecurityCareerAdvice,career_instrumental,0
1lcw7r2,1,2,1.0,1.0,2.0,SecurityCareerAdvice,career_instrumental,0
1ldncj0,2,3,1.3333333333333333,1.0,4.0,SecurityCareerAdvice,career_instrumental,0
1ldq429,1,0,,,,SecurityCareerAdvice,career_instrumental,1
1leb417,1,2,1.0,1.0,2.0,SecurityCareerAdvice,career_instrumental,0
1lelahi,3,5,2.0,1.0,10.0,SecurityCareerAdvice,career_instrumental,0
1lg09qo,2,0,,,,SecurityCareerAdvice,career_instrumental,1
1lin59b,1,5,3.0,1.0,15.0,SecurityCareerAdvice,career_instrumental,0
1liwtii,1,5,0.8,1.0,4.0,SecurityCareerAdvice,career_instrumental,0
1lkn8be,3,2,1.0,1.0,2.0,SecurityCareerAdvice,career_instrumental,0
1lknqt8,2,4,3.0,2.0,12.0,SecurityCareerAdvice,career_instrumental,0
1losndk,1,6,3.5,1.5,21.0,SecurityCareerAdvice,career_instrumental,0
1lov0kr,3,2,1.5,1.5,3.0,SecurityCareerAdvice,career_instrumental,0
1lpwuqq,2,10,2.2,1.0,22.0,SecurityCareerAdvice,career_instrumental,0
1lpuc93,3,17,6.411764705882353,1.0,109.0,SecurityCareerAdvice,career_instrumental,0
1ls437t,3,0,,,,SecurityCareerAdvice,career_instrumental,1
1lvhblp,1,8,1.75,1.0,14.0,SecurityCareerAdvice,career_instrumental,0
1lvk6ki,1,16,1.5625,1.0,25.0,SecurityCareerAdvice,career_instrumental,0
1lxlo7d,1,0,,,,SecurityCareerAdvice,career_instrumental,1
1lzsood,1,10,2.0,1.0,20.0,SecurityCareerAdvice,career_instrumental,0
1lzjqjp,2,6,3.5,1.0,21.0,SecurityCareerAdvice,career_instrumental,0
1m000a8,2,6,1.6666666666666667,1.5,10.0,SecurityCareerAdvice,career_instrumental,0
1m01d6x,2,8,5.625,3.0,45.0,SecurityCareerAdvice,career_instrumental,0
1m0dbze,2,3,2.6666666666666665,3.0,8.0,SecurityCareerAdvice,career_instrumental,0
1m29zif,1,0,,,,SecurityCareerAdvice,career_instrumental,1
1m5ajbh,1,1,1.0,1.0,1.0,SecurityCareerAdvice,career_instrumental,0
1m5fze0,1,0,,,,SecurityCareerAdvice,career_instrumental,1
1m833zh,1,0,,,,SecurityCareerAdvice,career_instrumental,1
1m9nocp,1,13,4.230769230769231,1.0,55.0,SecurityCareerAdvice,career_instrumental,0
1mak9mf,1,2,2.5,2.5,5.0,SecurityCareerAdvice,career_instrumental,0
1mclnb7,1,1,8.0,8.0,8.0,SecurityCareerAdvice,career_instrumental,0
1mct3zb,1,5,1.0,1.0,5.0,SecurityCareerAdvice,career_instrumental,0
1mdl82o,1,11,4.636363636363637,1.0,51.0,SecurityCareerAdvice,career_instrumental,0
1mdrm5v,1,1,1.0,1.0,1.0,SecurityCareerAdvice,career_instrumental,0
1mdw4z9,4,5,3.8,3.0,19.0,SecurityCareerAdvice,career_instrumental,0
1mde7kv,1,2,2.5,2.5,5.0,SecurityCareerAdvice,career_instrumental,0
1meamwa,2,18,7.277777777777778,1.0,131.0,SecurityCareerAdvice,career_instrumental,0
1mepy9g,1,2,1.0,1.0,2.0,SecurityCareerAdvice,career_instrumental,0
1mf046d,1,24,3.2916666666666665,1.0,79.0,SecurityCareerAdvice,career_instrumental,0
1mhozah,1,1,2.0,2.0,2.0,SecurityCareerAdvice,career_instrumental,0
1mgzor0,1,88,1.875,1.0,165.0,SecurityCareerAdvice,career_instrumental,0
1mnpui4,1,1,3.0,3.0,3.0,SecurityCareerAdvice,career_instrumental,0
1mo4ezo,2,1,1.0,1.0,1.0,SecurityCareerAdvice,career_instrumental,0
1mosnvs,3,0,,,,SecurityCareerAdvice,career_instrumental,1
1mocjuq,2,18,10.055555555555555,1.0,181.0,SecurityCareerAdvice,career_instrumental,0
1mqlp0f,1,6,4.666666666666667,4.0,28.0,SecurityCareerAdvice,career_instrumental,0
1mq14rq,3,22,6.181818181818182,1.0,136.0,SecurityCareerAdvice,career_instrumental,0
1mq1ayy,1,0,,,,SecurityCareerAdvice,career_instrumental,1
1ms1h1b,1,2,4.0,4.0,8.0,SecurityCareerAdvice,career_instrumental,0
1msu4z4,3,1,1.0,1.0,1.0,SecurityCareerAdvice,career_instrumental,0
1mt3pcp,2,9,0.7777777777777778,2.0,7.0,SecurityCareerAdvice,career_instrumental,0
1mtifjz,2,2,1.5,1.5,3.0,SecurityCareerAdvice,career_instrumental,0
1mtmgu9,1,0,,,,SecurityCareerAdvice,career_instrumental,1
1muu4nu,4,57,4.175438596491228,1.0,238.0,SecurityCareerAdvice,career_instrumental,0
1mwt1kf,1,5,1.6,1.0,8.0,SecurityCareerAdvice,career_instrumental,0
1mwz78a,3,2,3.0,3.0,6.0,SecurityCareerAdvice,career_instrumental,0
1mwvb0h,1,1,1.0,1.0,1.0,SecurityCareerAdvice,career_instrumental,0
1mxy4ap,1,6,1.0,2.0,6.0,SecurityCareerAdvice,career_instrumental,0
1myv1nx,1,9,3.0,2.0,27.0,SecurityCareerAdvice,career_instrumental,0
1myvs5z,1,1,3.0,3.0,3.0,SecurityCareerAdvice,career_instrumental,0
1mzjjay,1,2,1.5,1.5,3.0,SecurityCareerAdvice,career_instrumental,0
1n0z3bi,1,0,,,,SecurityCareerAdvice,career_instrumental,1
1n4brz6,1,14,4.214285714285714,2.0,59.0,SecurityCareerAdvice,career_instrumental,0
1n602g4,3,11,3.727272727272727,3.0,41.0,SecurityCareerAdvice,career_instrumental,0
1n5m9se,2,0,,,,SecurityCareerAdvice,career_instrumental,1
1n60unb,1,0,,,,SecurityCareerAdvice,career_instrumental,1
1n6dfdk,1,5,2.0,1.0,10.0,SecurityCareerAdvice,career_instrumental,0
1n6nori,1,1,5.0,5.0,5.0,SecurityCareerAdvice,career_instrumental,0
1n7rj82,1,17,23.764705882352946,3.0,404.0,SecurityCareerAdvice,career_instrumental,0
1n8apa6,1,1,1.0,1.0,1.0,SecurityCareerAdvice,career_instrumental,0
1n8a53d,2,15,6.6,2.0,99.0,SecurityCareerAdvice,career_instrumental,0
1n9n0ll,1,1,1.0,1.0,1.0,SecurityCareerAdvice,career_instrumental,0
1ndffse,2,37,7.594594594594595,2.0,281.0,SecurityCareerAdvice,career_instrumental,0
1ndfk0e,4,16,6.5625,3.0,105.0,SecurityCareerAdvice,career_instrumental,0
1ngabrg,1,2,1.5,1.5,3.0,SecurityCareerAdvice,career_instrumental,0
1ng1jsi,1,22,1.7727272727272727,1.0,39.0,SecurityCareerAdvice,career_instrumental,0
1ngtul5,1,1,1.0,1.0,1.0,SecurityCareerAdvice,career_instrumental,0
1ngmbau,1,19,5.0,2.0,95.0,SecurityCareerAdvice,career_instrumental,0
1nin202,2,6,1.8333333333333333,2.5,11.0,SecurityCareerAdvice,career_instrumental,0
1nindbh,1,9,5.333333333333333,2.0,48.0,SecurityCareerAdvice,career_instrumental,0
1njk8ut,1,1,1.0,1.0,1.0,SecurityCareerAdvice,career_instrumental,0
1njakoy,1,9,9.333333333333334,3.0,84.0,SecurityCareerAdvice,career_instrumental,0
1nk75b8,2,26,2.5,1.0,65.0,SecurityCareerAdvice,career_instrumental,0
1nkgg7d,1,3,2.0,2.0,6.0,SecurityCareerAdvice,career_instrumental,0
1nlrtub,1,1,1.0,1.0,1.0,SecurityCareerAdvice,career_instrumental,0
1nmgrnp,1,1,2.0,2.0,2.0,SecurityCareerAdvice,career_instrumental,0
1nnd613,2,2,1.0,1.0,2.0,SecurityCareerAdvice,career_instrumental,0
1nnokcb,1,3,1.3333333333333333,1.0,4.0,SecurityCareerAdvice,career_instrumental,0
1nnojox,2,4,4.75,1.0,19.0,SecurityCareerAdvice,career_instrumental,0
1nnvooi,2,0,,,,SecurityCareerAdvice,career_instrumental,1
1nog78o,1,54,6.75925925925926,1.0,365.0,SecurityCareerAdvice,career_instrumental,0
1np1yab,2,0,,,,SecurityCareerAdvice,career_instrumental,1
1nrzrxv,2,9,4.111111111111111,2.0,37.0,SecurityCareerAdvice,career_instrumental,0
1ntjb5v,2,39,5.564102564102564,2.0,217.0,SecurityCareerAdvice,career_instrumental,0
1ntv4pq,1,78,5.82051282051282,1.0,454.0,SecurityCareerAdvice,career_instrumental,0
1nu9aoq,3,6,2.5,1.0,15.0,SecurityCareerAdvice,career_instrumental,0
1nun42v,1,5,3.6,3.0,18.0,SecurityCareerAdvice,career_instrumental,0
1nv74rq,1,4,2.0,2.0,8.0,SecurityCareerAdvice,career_instrumental,0
1nw1v7e,3,25,7.4,2.0,185.0,SecurityCareerAdvice,career_instrumental,0
1nwa6ic,1,11,4.818181818181818,3.0,53.0,SecurityCareerAdvice,career_instrumental,0
1nxisuu,1,1,6.0,6.0,6.0,SecurityCareerAdvice,career_instrumental,0
1nyb7a3,3,1,1.0,1.0,1.0,SecurityCareerAdvice,career_instrumental,0
1nz2edi,3,33,9.151515151515152,1.0,302.0,SecurityCareerAdvice,career_instrumental,0
1nz1typ,1,9,5.444444444444445,5.0,49.0,SecurityCareerAdvice,career_instrumental,0
1nz0or7,1,1,1.0,1.0,1.0,SecurityCareerAdvice,career_instrumental,0
1nztc8d,1,2,1.5,1.5,3.0,SecurityCareerAdvice,career_instrumental,0
1o06pvy,1,6,7.333333333333333,2.0,44.0,SecurityCareerAdvice,career_instrumental,0
1o1r145,1,1,1.0,1.0,1.0,SecurityCareerAdvice,career_instrumental,0
1o1h71p,1,3,5.333333333333333,3.0,16.0,SecurityCareerAdvice,career_instrumental,0
1o2peo9,1,16,4.1875,1.0,67.0,SecurityCareerAdvice,career_instrumental,0
1o5vypj,1,2,1.0,1.0,2.0,SecurityCareerAdvice,career_instrumental,0
1o65tna,1,1,2.0,2.0,2.0,SecurityCareerAdvice,career_instrumental,0
1o6jhcx,1,4,4.5,2.5,18.0,SecurityCareerAdvice,career_instrumental,0
1o8aujc,1,0,,,,SecurityCareerAdvice,career_instrumental,1
1odg0cu,1,18,4.5,2.5,81.0,SecurityCareerAdvice,career_instrumental,0
1oe5fqe,1,6,3.333333333333333,2.0,20.0,SecurityCareerAdvice,career_instrumental,0
1oe80v3,1,0,,,,SecurityCareerAdvice,career_instrumental,1
1og5nsq,1,5,4.8,2.0,24.0,SecurityCareerAdvice,career_instrumental,0
1oiu3ad,2,1,2.0,2.0,2.0,SecurityCareerAdvice,career_instrumental,0
1omda9d,1,2,5.5,5.5,11.0,SecurityCareerAdvice,career_instrumental,0
1on38pm,3,4,6.0,4.0,24.0,SecurityCareerAdvice,career_instrumental,0
1oofzah,2,2,4.0,4.0,8.0,SecurityCareerAdvice,career_instrumental,0
1opfav7,2,7,2.2857142857142856,1.0,16.0,SecurityCareerAdvice,career_instrumental,0
1ou1hab,2,1,1.0,1.0,1.0,SecurityCareerAdvice,career_instrumental,0
1ou8cjs,1,1,2.0,2.0,2.0,SecurityCareerAdvice,career_instrumental,0
1ouflb7,1,0,,,,SecurityCareerAdvice,career_instrumental,1
1oufrf9,1,0,,,,SecurityCareerAdvice,career_instrumental,1
1oukajo,2,3,1.3333333333333333,1.0,4.0,SecurityCareerAdvice,career_instrumental,0
1ovmgz3,2,5,5.2,3.0,26.0,SecurityCareerAdvice,career_instrumental,0
1ovhpf9,1,2,1.0,1.0,2.0,SecurityCareerAdvice,career_instrumental,0
1ox30hc,1,1,1.0,1.0,1.0,SecurityCareerAdvice,career_instrumental,0
1oyonyq,1,3,12.0,5.0,36.0,SecurityCareerAdvice,career_instrumental,0
1oyss4w,1,5,1.0,1.0,5.0,SecurityCareerAdvice,career_instrumental,0
1oysu6z,1,8,2.375,2.0,19.0,SecurityCareerAdvice,career_instrumental,0
1p27gii,1,7,2.571428571428572,2.0,18.0,SecurityCareerAdvice,career_instrumental,0
1p4eg4c,3,5,2.0,2.0,10.0,SecurityCareerAdvice,career_instrumental,0
1p60oft,2,0,,,,SecurityCareerAdvice,career_instrumental,1
1p6u141,1,3,4.0,3.0,12.0,SecurityCareerAdvice,career_instrumental,0
1p7zfp4,1,4,3.0,2.5,12.0,SecurityCareerAdvice,career_instrumental,0
1p8prc6,1,1,1.0,1.0,1.0,SecurityCareerAdvice,career_instrumental,0
1p9xyzb,1,7,1.0,1.0,7.0,SecurityCareerAdvice,career_instrumental,0
1pbbple,2,5,3.8,2.0,19.0,SecurityCareerAdvice,career_instrumental,0
1peznt3,2,3,1.6666666666666667,1.0,5.0,SecurityCareerAdvice,career_instrumental,0
1pfbr4c,1,5,3.6,2.0,18.0,SecurityCareerAdvice,career_instrumental,0
1pimlrl,1,2,2.5,2.5,5.0,SecurityCareerAdvice,career_instrumental,0
1piymr0,2,3,2.333333333333333,3.0,7.0,SecurityCareerAdvice,career_instrumental,0
1pk1al6,1,3,3.6666666666666665,3.0,11.0,SecurityCareerAdvice,career_instrumental,0
1pkvyrt,1,1,1.0,1.0,1.0,SecurityCareerAdvice,career_instrumental,0
1pkz3ks,1,4,4.0,3.0,16.0,SecurityCareerAdvice,career_instrumental,0
1pkyyz0,1,0,,,,SecurityCareerAdvice,career_instrumental,1
1pl54wy,3,2,1.0,1.0,2.0,SecurityCareerAdvice,career_instrumental,0
1pqsoko,1,2,2.0,2.0,4.0,SecurityCareerAdvice,career_instrumental,0
1ptqbl1,2,9,2.2222222222222223,2.0,20.0,SecurityCareerAdvice,career_instrumental,0
1pz5ipn,2,22,3.954545454545455,1.0,87.0,SecurityCareerAdvice,career_instrumental,0
1pyl3jz,2,2,1.0,1.0,2.0,SecurityCareerAdvice,career_instrumental,0
1pztck5,1,3,3.6666666666666665,4.0,11.0,SecurityCareerAdvice,career_instrumental,0
1q01e2v,1,2,1.5,1.5,3.0,SecurityCareerAdvice,career_instrumental,0
1q0eo61,3,0,,,,SecurityCareerAdvice,career_instrumental,1
1q0js48,1,3,1.6666666666666667,1.0,5.0,SecurityCareerAdvice,career_instrumental,0
1q1mmix,1,2,2.5,2.5,5.0,SecurityCareerAdvice,career_instrumental,0
1q5qmxq,2,7,6.428571428571429,2.0,45.0,SecurityCareerAdvice,career_instrumental,0
1q601fm,1,1,3.0,3.0,3.0,SecurityCareerAdvice,career_instrumental,0
1q6cpd9,2,3,0.3333333333333333,0.0,1.0,SecurityCareerAdvice,career_instrumental,0
1q6ry4t,2,20,5.15,2.0,103.0,SecurityCareerAdvice,career_instrumental,0
1q6sro0,1,1,1.0,1.0,1.0,SecurityCareerAdvice,career_instrumental,0
1q7mv5v,1,3,1.6666666666666667,1.0,5.0,SecurityCareerAdvice,career_instrumental,0
1qajrpr,1,3,4.0,3.0,12.0,SecurityCareerAdvice,career_instrumental,0
1qbru4n,1,1,2.0,2.0,2.0,SecurityCareerAdvice,career_instrumental,0
1qc4jmf,2,7,2.4285714285714284,2.0,17.0,SecurityCareerAdvice,career_instrumental,0
1qe6s2c,3,5,4.2,2.0,21.0,SecurityCareerAdvice,career_instrumental,0
1qgsbfi,1,2,1.5,1.5,3.0,SecurityCareerAdvice,career_instrumental,0
1qhdw94,1,9,2.0,2.0,18.0,SecurityCareerAdvice,career_instrumental,0
1qihejw,1,8,3.375,1.0,27.0,SecurityCareerAdvice,career_instrumental,0
1qpdjx7,1,2,1.5,1.5,3.0,SecurityCareerAdvice,career_instrumental,0
1qpg6lu,1,1,1.0,1.0,1.0,SecurityCareerAdvice,career_instrumental,0
1qq7c83,2,4,4.0,4.0,16.0,SecurityCareerAdvice,career_instrumental,0
1qqt2ec,1,2,2.5,2.5,5.0,SecurityCareerAdvice,career_instrumental,0
1qrgc1t,2,0,,,,SecurityCareerAdvice,career_instrumental,1
1qugc0q,1,3,5.0,3.0,15.0,SecurityCareerAdvice,career_instrumental,0
1qwtdt6,3,1,2.0,2.0,2.0,SecurityCareerAdvice,career_instrumental,0
1qwucbb,1,0,,,,SecurityCareerAdvice,career_instrumental,1
1qysgex,1,5,4.6,5.0,23.0,SecurityCareerAdvice,career_instrumental,0
1qzro6n,1,0,,,,SecurityCareerAdvice,career_instrumental,1
1qzqobp,1,2,2.0,2.0,4.0,SecurityCareerAdvice,career_instrumental,0
1r0kojv,2,1,1.0,1.0,1.0,SecurityCareerAdvice,career_instrumental,0
1r1b8t6,1,2,5.5,5.5,11.0,SecurityCareerAdvice,career_instrumental,0
1r3pa4j,3,2,4.0,4.0,8.0,SecurityCareerAdvice,career_instrumental,0
1r52nfq,1,3,1.0,1.0,3.0,SecurityCareerAdvice,career_instrumental,0
1r78fh1,3,9,0.8888888888888888,1.0,8.0,SecurityCareerAdvice,career_instrumental,0
1r8hcl3,1,0,,,,SecurityCareerAdvice,career_instrumental,1
1r8vhqv,1,10,3.5,2.0,35.0,SecurityCareerAdvice,career_instrumental,0
1ra1w5f,1,9,2.6666666666666665,1.0,24.0,SecurityCareerAdvice,career_instrumental,0
1rc1j4z,1,4,1.5,1.5,6.0,SecurityCareerAdvice,career_instrumental,0
1rcitpf,1,0,,,,SecurityCareerAdvice,career_instrumental,1
1reouyt,3,9,1.7777777777777777,1.0,16.0,SecurityCareerAdvice,career_instrumental,0
1reljcf,1,2,3.0,3.0,6.0,SecurityCareerAdvice,career_instrumental,0
1rfdn5b,1,0,,,,SecurityCareerAdvice,career_instrumental,1
1riztd8,3,9,1.3333333333333333,1.0,12.0,SecurityCareerAdvice,career_instrumental,0
1rjttbe,1,3,1.0,1.0,3.0,SecurityCareerAdvice,career_instrumental,0
1rk066b,2,13,11.538461538461538,6.0,150.0,SecurityCareerAdvice,career_instrumental,0
1rkunu5,1,3,2.0,1.0,6.0,SecurityCareerAdvice,career_instrumental,0
1ro75q8,3,9,6.666666666666667,7.0,60.0,SecurityCareerAdvice,career_instrumental,0
1rnklaz,2,3,-0.3333333333333333,1.0,-1.0,SecurityCareerAdvice,career_instrumental,0
1ro9ntr,2,0,,,,SecurityCareerAdvice,career_instrumental,1
1rpju1t,4,6,9.5,8.5,57.0,SecurityCareerAdvice,career_instrumental,0
1rqesd3,2,8,1.625,1.0,13.0,SecurityCareerAdvice,career_instrumental,0
1rs7brn,1,3,2.6666666666666665,1.0,8.0,SecurityCareerAdvice,career_instrumental,0
1rssj5z,1,2,2.0,2.0,4.0,SecurityCareerAdvice,career_instrumental,0
1rtopo4,4,1,-2.0,-2.0,-2.0,SecurityCareerAdvice,career_instrumental,0
1rt1px1,2,4,2.25,2.0,9.0,SecurityCareerAdvice,career_instrumental,0
1rtl0x1,2,5,2.6,2.0,13.0,SecurityCareerAdvice,career_instrumental,0
1rut0ny,3,5,3.4,2.0,17.0,SecurityCareerAdvice,career_instrumental,0
1rwe5vf,1,1,2.0,2.0,2.0,SecurityCareerAdvice,career_instrumental,0
1rylr2l,1,2,2.0,2.0,4.0,SecurityCareerAdvice,career_instrumental,0
1ryj510,1,2,1.5,1.5,3.0,SecurityCareerAdvice,career_instrumental,0
1s0826o,1,2,1.0,1.0,2.0,SecurityCareerAdvice,career_instrumental,0
1s2m69q,1,2,1.0,1.0,2.0,SecurityCareerAdvice,career_instrumental,0
1s2xgyr,1,10,3.1,1.5,31.0,SecurityCareerAdvice,career_instrumental,0
1s4hmmm,1,9,6.888888888888889,4.0,62.0,SecurityCareerAdvice,career_instrumental,0
1s6lq91,3,30,5.0,1.0,150.0,SecurityCareerAdvice,career_instrumental,0
1s9ohxp,2,15,6.2,3.0,93.0,SecurityCareerAdvice,career_instrumental,0
1sahhnf,1,7,2.142857142857143,1.0,15.0,SecurityCareerAdvice,career_instrumental,0
1sdta06,2,3,4.666666666666667,5.0,14.0,SecurityCareerAdvice,career_instrumental,0
1sdo3d0,1,10,3.9,1.0,39.0,SecurityCareerAdvice,career_instrumental,0
1sem2pb,1,3,2.0,1.0,6.0,SecurityCareerAdvice,career_instrumental,0
1sfm5qj,1,4,1.25,1.0,5.0,SecurityCareerAdvice,career_instrumental,0
1sgziq4,1,10,3.0,2.5,30.0,SecurityCareerAdvice,career_instrumental,0
1skyoq1,2,5,2.0,1.0,10.0,SecurityCareerAdvice,career_instrumental,0
1ss2l5l,3,9,2.111111111111111,1.0,19.0,SecurityCareerAdvice,career_instrumental,0
1svg8ac,1,2,1.0,1.0,2.0,SecurityCareerAdvice,career_instrumental,0
7nnzzd,1,12,4.166666666666667,1.0,50.0,sysadmin,general_practitioner,0
7ny9wu,1,6,2.333333333333333,1.0,14.0,sysadmin,general_practitioner,0
7o44uo,1,5,2.4,2.0,12.0,sysadmin,general_practitioner,0
7o86fy,1,13,8.153846153846153,6.0,106.0,sysadmin,general_practitioner,0
7odlkl,2,3,3.333333333333333,1.0,10.0,sysadmin,general_practitioner,0
7oenzg,1,10,3.1,2.0,31.0,sysadmin,general_practitioner,0
7ohx29,1,14,11.0,1.0,154.0,sysadmin,general_practitioner,0
7okj43,1,4,1.5,1.5,6.0,sysadmin,general_practitioner,0
7ov75c,1,9,0.7777777777777778,1.0,7.0,sysadmin,general_practitioner,0
7ovuxt,3,4,2.0,1.5,8.0,sysadmin,general_practitioner,0
7oya1b,1,12,8.0,3.0,96.0,sysadmin,general_practitioner,0
7p1k8o,2,18,4.055555555555555,2.0,73.0,sysadmin,general_practitioner,0
7p37ca,2,5,3.8,2.0,19.0,sysadmin,general_practitioner,0
7p5u0g,1,5,1.8,1.0,9.0,sysadmin,general_practitioner,0
7p7qci,1,4,1.25,1.0,5.0,sysadmin,general_practitioner,0
7phzy2,2,2,1.0,1.0,2.0,sysadmin,general_practitioner,0
7pl0ks,2,5,1.2,1.0,6.0,sysadmin,general_practitioner,0
7pl1ex,4,21,4.190476190476191,1.0,88.0,sysadmin,general_practitioner,0
7pky1u,2,115,23.8,2.0,2737.0,sysadmin,general_practitioner,0
7pnbg1,1,5,2.2,2.0,11.0,sysadmin,general_practitioner,0
7poppk,1,115,12.278260869565218,1.0,1412.0,sysadmin,general_practitioner,0
7ppp1w,1,86,6.767441860465116,2.0,582.0,sysadmin,general_practitioner,0
7pqhso,1,2,1.5,1.5,3.0,sysadmin,general_practitioner,0
7pwfbq,2,25,18.04,3.0,451.0,sysadmin,general_practitioner,0
7pwtbu,1,34,10.735294117647058,3.5,365.0,sysadmin,general_practitioner,0
7px57q,1,13,4.076923076923077,2.0,53.0,sysadmin,general_practitioner,0
7py1lc,1,6,1.3333333333333333,1.0,8.0,sysadmin,general_practitioner,0
7pzuv1,1,9,7.333333333333333,4.0,66.0,sysadmin,general_practitioner,0
7q0m8c,2,35,6.485714285714286,2.0,227.0,sysadmin,general_practitioner,0
7q1w87,2,11,4.545454545454546,2.0,50.0,sysadmin,general_practitioner,0
7q6jev,2,21,3.0,2.0,63.0,sysadmin,general_practitioner,0
7qlj1y,2,4,1.5,1.5,6.0,sysadmin,general_practitioner,0
7qnfwg,1,12,1.4166666666666667,1.0,17.0,sysadmin,general_practitioner,0
7qnljw,2,8,4.75,3.0,38.0,sysadmin,general_practitioner,0
7qoljv,4,6,5.666666666666667,4.5,34.0,sysadmin,general_practitioner,0
7qsc5i,3,26,6.230769230769231,2.0,162.0,sysadmin,general_practitioner,0
7quk69,1,1,2.0,2.0,2.0,sysadmin,general_practitioner,0
7quso7,1,7,3.7142857142857135,1.0,26.0,sysadmin,general_practitioner,0
7r2rbn,1,11,4.636363636363637,3.0,51.0,sysadmin,general_practitioner,0
7r4euf,2,4,3.75,2.0,15.0,sysadmin,general_practitioner,0
7r4q5j,1,13,1.9230769230769231,1.0,25.0,sysadmin,general_practitioner,0
7r86e2,2,12,20.58333333333333,6.0,247.0,sysadmin,general_practitioner,0
7r9uuk,1,5,1.4,1.0,7.0,sysadmin,general_practitioner,0
7ranwj,1,8,1.5,1.0,12.0,sysadmin,general_practitioner,0
7rbdcv,2,5,2.6,2.0,13.0,sysadmin,general_practitioner,0
7rfq6t,1,1,3.0,3.0,3.0,sysadmin,general_practitioner,0
7rmhjd,3,8,2.75,3.0,22.0,sysadmin,general_practitioner,0
7roema,3,4,7.0,4.0,28.0,sysadmin,general_practitioner,0
7rtlv3,1,7,15.285714285714286,5.0,107.0,sysadmin,general_practitioner,0
7s8zon,1,8,2.375,1.0,19.0,sysadmin,general_practitioner,0
7salsf,1,7,4.571428571428571,4.0,32.0,sysadmin,general_practitioner,0
7sb6lw,1,2,4.5,4.5,9.0,sysadmin,general_practitioner,0
7seh1b,2,67,5.6716417910447765,1.0,380.0,sysadmin,general_practitioner,0
7siivz,2,5,2.2,2.0,11.0,sysadmin,general_practitioner,0
7sm4hq,1,9,3.2222222222222223,2.0,29.0,sysadmin,general_practitioner,0
7sn23c,1,43,14.813953488372093,2.0,637.0,sysadmin,general_practitioner,0
7soreu,1,7,1.0,1.0,7.0,sysadmin,general_practitioner,0
7su98d,1,2,1.5,1.5,3.0,sysadmin,general_practitioner,0
7svrdi,2,10,5.9,3.0,59.0,sysadmin,general_practitioner,0
7sy64o,1,6,2.1666666666666665,1.0,13.0,sysadmin,general_practitioner,0
7syjva,1,4,0.5,0.5,2.0,sysadmin,general_practitioner,0
7t0gr8,1,2,1.0,1.0,2.0,sysadmin,general_practitioner,0
7t0lm2,2,2,1.0,1.0,2.0,sysadmin,general_practitioner,0
7t6cwb,1,2,1.0,1.0,2.0,sysadmin,general_practitioner,0
7t7gtx,1,10,4.1,1.5,41.0,sysadmin,general_practitioner,0
7tdafy,1,9,2.4444444444444446,1.0,22.0,sysadmin,general_practitioner,0
7tskh7,2,3,2.333333333333333,3.0,7.0,sysadmin,general_practitioner,0
7tsvj6,1,12,3.583333333333333,2.0,43.0,sysadmin,general_practitioner,0
7tyop2,1,20,2.8,1.0,56.0,sysadmin,general_practitioner,0
7u8n32,1,28,10.142857142857142,2.0,284.0,sysadmin,general_practitioner,0
7u9qsl,1,19,5.631578947368421,4.0,107.0,sysadmin,general_practitioner,0
7ubr0x,3,28,3.2142857142857144,1.0,90.0,sysadmin,general_practitioner,0
7uf91t,2,2,2.0,2.0,4.0,sysadmin,general_practitioner,0
7uf1yl,1,329,32.4984802431611,2.0,10692.0,sysadmin,general_practitioner,0
7ujdr7,2,5,1.2,1.0,6.0,sysadmin,general_practitioner,0
7uk1pt,1,7,3.0,2.0,21.0,sysadmin,general_practitioner,0
7ukxqy,2,1,3.0,3.0,3.0,sysadmin,general_practitioner,0
7uq6fc,1,98,8.785714285714286,2.0,861.0,sysadmin,general_practitioner,0
7usb3b,3,151,4.9072847682119205,1.0,741.0,sysadmin,general_practitioner,0
7utj2b,1,5,1.6,1.0,8.0,sysadmin,general_practitioner,0
7utv55,2,32,14.09375,2.0,451.0,sysadmin,general_practitioner,0
7uui3a,1,12,4.0,2.0,48.0,sysadmin,general_practitioner,0
7ux404,1,3,5.666666666666667,3.0,17.0,sysadmin,general_practitioner,0
7v3bj4,1,9,2.7777777777777777,1.0,25.0,sysadmin,general_practitioner,0
7v8skl,1,93,10.924731182795698,1.0,1016.0,sysadmin,general_practitioner,0
7vf9y5,1,3,3.333333333333333,2.0,10.0,sysadmin,general_practitioner,0
7voz20,1,67,8.492537313432836,2.0,569.0,sysadmin,general_practitioner,0
7vs0ax,1,5,3.8,4.0,19.0,sysadmin,general_practitioner,0
7vw7nm,1,3,2.333333333333333,2.0,7.0,sysadmin,general_practitioner,0
7vvvy8,2,2,1.5,1.5,3.0,sysadmin,general_practitioner,0
7vx8d3,1,18,3.2777777777777777,1.0,59.0,sysadmin,general_practitioner,0
7vygat,1,9,5.111111111111111,3.0,46.0,sysadmin,general_practitioner,0
7vyvbq,1,85,16.741176470588236,2.0,1423.0,sysadmin,general_practitioner,0
7w0ed2,2,14,3.7142857142857135,1.0,52.0,sysadmin,general_practitioner,0
7w11gw,3,9,8.0,5.0,72.0,sysadmin,general_practitioner,0
7w3493,1,1,1.0,1.0,1.0,sysadmin,general_practitioner,0
7w5wb1,1,47,15.808510638297872,5.0,743.0,sysadmin,general_practitioner,0
7w70wg,1,6,1.8333333333333333,2.0,11.0,sysadmin,general_practitioner,0
7w6q0b,2,6,1.3333333333333333,1.0,8.0,sysadmin,general_practitioner,0
7w9g99,2,1,2.0,2.0,2.0,sysadmin,general_practitioner,0
7wfivk,1,24,6.791666666666667,2.0,163.0,sysadmin,general_practitioner,0
7wk9uz,1,5,1.6,2.0,8.0,sysadmin,general_practitioner,0
7wuk62,3,90,20.177777777777777,2.0,1816.0,sysadmin,general_practitioner,0
7wyrjs,1,6,1.1666666666666667,1.0,7.0,sysadmin,general_practitioner,0
7wxf2j,4,5,1.6,1.0,8.0,sysadmin,general_practitioner,0
7x3ewh,3,15,1.4,1.0,21.0,sysadmin,general_practitioner,0
7x5cly,1,2,1.0,1.0,2.0,sysadmin,general_practitioner,0
7xaf57,1,2,1.0,1.0,2.0,sysadmin,general_practitioner,0
7xagng,1,10,4.9,3.5,49.0,sysadmin,general_practitioner,0
7xc17p,1,28,15.0,3.5,420.0,sysadmin,general_practitioner,0
7xefus,4,0,,,,sysadmin,general_practitioner,1
7xfidi,1,7,2.142857142857143,1.0,15.0,sysadmin,general_practitioner,0
7xhoyr,1,0,,,,sysadmin,general_practitioner,1
7xj7bx,1,0,,,,sysadmin,general_practitioner,1
7xmzuy,2,11,2.0,2.0,22.0,sysadmin,general_practitioner,0
7xrhf4,2,9,2.111111111111111,2.0,19.0,sysadmin,general_practitioner,0
7xrahy,2,4,1.75,2.0,7.0,sysadmin,general_practitioner,0
7xsexp,1,12,10.166666666666666,6.0,122.0,sysadmin,general_practitioner,0
7xsimw,1,36,4.666666666666667,1.5,168.0,sysadmin,general_practitioner,0
7xurm2,1,3,1.6666666666666667,1.0,5.0,sysadmin,general_practitioner,0
7y0zpp,2,30,6.133333333333334,2.0,184.0,sysadmin,general_practitioner,0
7y4zqe,2,110,15.227272727272728,3.0,1675.0,sysadmin,general_practitioner,0
7ykwr1,3,3,3.333333333333333,3.0,10.0,sysadmin,general_practitioner,0
7yhzru,1,62,8.193548387096774,1.0,508.0,sysadmin,general_practitioner,0
7yocaz,1,0,,,,sysadmin,general_practitioner,1
7yps2c,2,14,3.571428571428572,1.5,50.0,sysadmin,general_practitioner,0
7yq44h,2,6,3.333333333333333,2.5,20.0,sysadmin,general_practitioner,0
7yr3aq,1,10,1.1,1.0,11.0,sysadmin,general_practitioner,0
7yyp06,1,2,4.5,4.5,9.0,sysadmin,general_practitioner,0
7yy8gl,2,105,13.714285714285714,2.0,1440.0,sysadmin,general_practitioner,0
7yz5dx,1,3,1.6666666666666667,2.0,5.0,sysadmin,general_practitioner,0
7yyusb,1,8,2.375,1.5,19.0,sysadmin,general_practitioner,0
7z1y1g,1,50,12.38,2.0,619.0,sysadmin,general_practitioner,0
7z58sd,1,3,2.6666666666666665,1.0,8.0,sysadmin,general_practitioner,0
7z6mch,1,3,2.6666666666666665,3.0,8.0,sysadmin,general_practitioner,0
7z749t,2,1,1.0,1.0,1.0,sysadmin,general_practitioner,0
7z7x9b,1,3,2.0,2.0,6.0,sysadmin,general_practitioner,0
7zchd6,1,63,7.285714285714286,1.0,459.0,sysadmin,general_practitioner,0
7zhfhz,1,5,0.6,1.0,3.0,sysadmin,general_practitioner,0
7zi5zy,1,9,1.6666666666666667,1.0,15.0,sysadmin,general_practitioner,0
7zorl1,1,2,2.0,2.0,4.0,sysadmin,general_practitioner,0
7zpf77,2,7,4.285714285714286,4.0,30.0,sysadmin,general_practitioner,0
7zps03,1,7,12.571428571428571,8.0,88.0,sysadmin,general_practitioner,0
7zs19m,1,2,1.0,1.0,2.0,sysadmin,general_practitioner,0
7ztb41,1,14,5.142857142857143,1.0,72.0,sysadmin,general_practitioner,0
7zygsn,1,9,16.22222222222222,7.0,146.0,sysadmin,general_practitioner,0
802c4x,1,7,2.4285714285714284,1.0,17.0,sysadmin,general_practitioner,0
80dx1t,1,8,2.5,2.0,20.0,sysadmin,general_practitioner,0
80h7p8,1,2,1.0,1.0,2.0,sysadmin,general_practitioner,0
80ihhm,4,45,4.555555555555555,1.0,205.0,sysadmin,general_practitioner,0
80ivhr,1,5,1.0,1.0,5.0,sysadmin,general_practitioner,0
80n9wy,1,3,3.6666666666666665,1.0,11.0,sysadmin,general_practitioner,0
80okbo,1,7,6.0,3.0,42.0,sysadmin,general_practitioner,0
811eal,1,4,1.5,1.0,6.0,sysadmin,general_practitioner,0
818llv,1,4,1.0,1.0,4.0,sysadmin,general_practitioner,0
8183j5,2,11,3.909090909090909,3.0,43.0,sysadmin,general_practitioner,0
81c4jg,2,13,19.153846153846157,6.0,249.0,sysadmin,general_practitioner,0
81dl0x,1,1,2.0,2.0,2.0,sysadmin,general_practitioner,0
81fm0j,1,17,3.235294117647059,2.0,55.0,sysadmin,general_practitioner,0
81p7o8,3,41,10.097560975609756,2.0,414.0,sysadmin,general_practitioner,0
81v70i,1,128,12.0078125,1.0,1537.0,sysadmin,general_practitioner,0
81r3xa,1,9,4.666666666666667,2.0,42.0,sysadmin,general_practitioner,0
820kj0,2,9,12.88888888888889,6.0,116.0,sysadmin,general_practitioner,0
824ryo,1,4,4.0,2.0,16.0,sysadmin,general_practitioner,0
827gc8,1,6,3.5,4.0,21.0,sysadmin,general_practitioner,0
82e7vh,1,1,1.0,1.0,1.0,sysadmin,general_practitioner,0
82hzse,3,18,4.444444444444445,2.5,80.0,sysadmin,general_practitioner,0
82ilx8,3,18,3.5,1.5,63.0,sysadmin,general_practitioner,0
82pdcv,1,23,3.0,2.0,69.0,sysadmin,general_practitioner,0
82qget,2,9,2.333333333333333,2.0,21.0,sysadmin,general_practitioner,0
82qwqe,2,4,3.0,2.5,12.0,sysadmin,general_practitioner,0
82rtz7,1,5,2.0,2.0,10.0,sysadmin,general_practitioner,0
82tbbl,1,2,2.0,2.0,4.0,sysadmin,general_practitioner,0
82ygmn,2,16,23.125,3.0,370.0,sysadmin,general_practitioner,0
82yqo5,2,0,,,,sysadmin,general_practitioner,1
837gk1,3,8,3.0,1.5,24.0,sysadmin,general_practitioner,0
837lyv,1,9,2.4444444444444446,2.0,22.0,sysadmin,general_practitioner,0
839oqr,1,6,2.0,1.5,12.0,sysadmin,general_practitioner,0
83dfgf,2,29,15.310344827586206,3.0,444.0,sysadmin,general_practitioner,0
83fn42,2,4,2.25,2.5,9.0,sysadmin,general_practitioner,0
83ixlg,1,10,5.8,3.0,58.0,sysadmin,general_practitioner,0
83uqcw,1,53,13.037735849056604,3.0,691.0,sysadmin,general_practitioner,0
83yg1w,1,0,,,,sysadmin,general_practitioner,1
83xz4q,1,7,6.285714285714286,1.0,44.0,sysadmin,general_practitioner,0
841h25,1,1,1.0,1.0,1.0,sysadmin,general_practitioner,0
84170s,2,4,2.75,2.5,11.0,sysadmin,general_practitioner,0
843bqa,2,81,6.049382716049383,2.0,490.0,sysadmin,general_practitioner,0
845z2p,1,20,6.05,2.0,121.0,sysadmin,general_practitioner,0
84d8ig,2,9,3.0,1.0,27.0,sysadmin,general_practitioner,0
84dth5,1,4,1.75,1.5,7.0,sysadmin,general_practitioner,0
84efbe,1,7,4.714285714285714,3.0,33.0,sysadmin,general_practitioner,0
84ehrh,1,8,2.25,2.5,18.0,sysadmin,general_practitioner,0
84h3e7,1,5,2.0,2.0,10.0,sysadmin,general_practitioner,0
84haej,1,2,3.0,3.0,6.0,sysadmin,general_practitioner,0
84k85e,1,26,4.346153846153846,1.0,113.0,sysadmin,general_practitioner,0
84ojl1,1,9,5.444444444444445,2.0,49.0,sysadmin,general_practitioner,0
84ptms,2,6,2.833333333333333,1.0,17.0,sysadmin,general_practitioner,0
84w2f6,1,22,5.409090909090909,2.0,119.0,sysadmin,general_practitioner,0
84ybkm,1,7,1.4285714285714286,1.0,10.0,sysadmin,general_practitioner,0
84yjup,1,4,3.75,3.0,15.0,sysadmin,general_practitioner,0
851tk4,1,3,2.6666666666666665,1.0,8.0,sysadmin,general_practitioner,0
85eku2,1,190,10.242105263157894,1.0,1946.0,sysadmin,general_practitioner,0
85h29e,1,4,2.0,1.5,8.0,sysadmin,general_practitioner,0
85h80g,2,43,5.767441860465116,2.0,248.0,sysadmin,general_practitioner,0
85o8ay,3,28,6.714285714285714,2.0,188.0,sysadmin,general_practitioner,0
85td98,3,20,5.65,2.0,113.0,sysadmin,general_practitioner,0
85tyez,4,7,3.0,3.0,21.0,sysadmin,general_practitioner,0
85tvgh,1,7,1.4285714285714286,1.0,10.0,sysadmin,general_practitioner,0
85uu2x,1,129,7.046511627906977,2.0,909.0,sysadmin,general_practitioner,0
861zsf,1,6,4.0,1.5,24.0,sysadmin,general_practitioner,0
869zwk,1,34,10.088235294117649,2.0,343.0,sysadmin,general_practitioner,0
86adln,1,2,2.5,2.5,5.0,sysadmin,general_practitioner,0
86ba6y,2,22,5.090909090909091,2.0,112.0,sysadmin,general_practitioner,0
86bv70,1,7,3.857142857142857,3.0,27.0,sysadmin,general_practitioner,0
86c6jf,2,37,13.486486486486486,3.0,499.0,sysadmin,general_practitioner,0
86e0bf,1,6,2.5,2.5,15.0,sysadmin,general_practitioner,0
86ez6b,1,18,6.944444444444445,2.5,125.0,sysadmin,general_practitioner,0
86exy9,3,5,1.0,1.0,5.0,sysadmin,general_practitioner,0
86guyh,1,2,1.5,1.5,3.0,sysadmin,general_practitioner,0
86ob72,1,9,9.666666666666666,8.0,87.0,sysadmin,general_practitioner,0
86pdg8,4,59,16.864406779661017,2.0,995.0,sysadmin,general_practitioner,0
86xpyk,1,4,1.0,1.0,4.0,sysadmin,general_practitioner,0
870bsx,1,19,10.263157894736842,3.0,195.0,sysadmin,general_practitioner,0
8741qu,1,208,14.120192307692308,1.0,2937.0,sysadmin,general_practitioner,0
875iur,1,5,4.6,2.0,23.0,sysadmin,general_practitioner,0
8790bi,2,25,17.44,3.0,436.0,sysadmin,general_practitioner,0
87jtyb,2,28,7.392857142857143,2.5,207.0,sysadmin,general_practitioner,0
87ly3x,1,1,2.0,2.0,2.0,sysadmin,general_practitioner,0
87qtq3,3,35,4.8,1.0,168.0,sysadmin,general_practitioner,0
87tqh3,1,51,28.725490196078432,6.0,1465.0,sysadmin,general_practitioner,0
87xw7m,2,0,,,,sysadmin,general_practitioner,1
87yhsz,4,26,6.153846153846154,2.0,160.0,sysadmin,general_practitioner,0
881lro,1,3,1.0,1.0,3.0,sysadmin,general_practitioner,0
8829rq,1,4,3.5,3.5,14.0,sysadmin,general_practitioner,0
884g5f,3,44,8.25,3.0,363.0,sysadmin,general_practitioner,0
884xh7,2,8,3.0,2.0,24.0,sysadmin,general_practitioner,0
88mh3z,1,5,7.4,6.0,37.0,sysadmin,general_practitioner,0
88sv98,1,15,3.533333333333333,2.0,53.0,sysadmin,general_practitioner,0
88zzvg,1,25,8.4,2.0,210.0,sysadmin,general_practitioner,0
89da2u,1,12,3.9166666666666665,1.5,47.0,sysadmin,general_practitioner,0
89nf7o,1,6,3.6666666666666665,3.0,22.0,sysadmin,general_practitioner,0
89puj9,2,51,18.294117647058822,3.0,933.0,sysadmin,general_practitioner,0
89pwej,1,8,9.5,8.5,76.0,sysadmin,general_practitioner,0
89wado,3,25,14.0,2.0,350.0,sysadmin,general_practitioner,0
89zyp6,1,1,1.0,1.0,1.0,sysadmin,general_practitioner,0
8azed2,1,23,5.173913043478261,3.0,119.0,sysadmin,general_practitioner,0
8az371,1,44,9.590909090909092,2.0,422.0,sysadmin,general_practitioner,0
8b315r,1,15,1.7333333333333334,1.0,26.0,sysadmin,general_practitioner,0
8bagq1,3,20,4.6,3.0,92.0,sysadmin,general_practitioner,0
8b9ael,1,10,7.4,1.5,74.0,sysadmin,general_practitioner,0
8bby2e,1,32,3.59375,1.0,115.0,sysadmin,general_practitioner,0
8bdgl2,1,0,,,,sysadmin,general_practitioner,1
8bic5o,1,32,4.40625,1.0,141.0,sysadmin,general_practitioner,0
8bjdel,1,5,2.0,1.0,10.0,sysadmin,general_practitioner,0
8bq8gm,2,5,6.8,6.0,34.0,sysadmin,general_practitioner,0
8c002v,2,8,4.625,2.5,37.0,sysadmin,general_practitioner,0
8c0kcx,1,98,16.806122448979593,3.0,1647.0,sysadmin,general_practitioner,0
8c1efg,2,7,2.7142857142857144,3.0,19.0,sysadmin,general_practitioner,0
8c5js5,1,6,4.666666666666667,4.0,28.0,sysadmin,general_practitioner,0
8c9s2g,1,13,7.076923076923077,3.0,92.0,sysadmin,general_practitioner,0
8ca8ef,3,11,4.636363636363637,2.0,51.0,sysadmin,general_practitioner,0
8cb3e9,1,33,3.606060606060606,1.0,119.0,sysadmin,general_practitioner,0
8cc4lt,1,29,22.55172413793104,2.0,654.0,sysadmin,general_practitioner,0
8cdxh1,2,32,8.15625,1.0,261.0,sysadmin,general_practitioner,0
8cho65,1,2,2.0,2.0,4.0,sysadmin,general_practitioner,0
8clzzy,1,24,3.625,1.0,87.0,sysadmin,general_practitioner,0
8cq6qa,2,10,3.1,2.0,31.0,sysadmin,general_practitioner,0
8cqghj,1,7,3.7142857142857135,2.0,26.0,sysadmin,general_practitioner,0
8crx8j,1,6,4.666666666666667,3.0,28.0,sysadmin,general_practitioner,0
8cqyet,1,19,5.842105263157895,3.0,111.0,sysadmin,general_practitioner,0
8crizi,1,5,1.8,1.0,9.0,sysadmin,general_practitioner,0
8ctd50,1,28,3.7857142857142856,2.0,106.0,sysadmin,general_practitioner,0
8cxq9c,1,6,1.3333333333333333,1.0,8.0,sysadmin,general_practitioner,0
8cys7m,2,27,15.11111111111111,2.0,408.0,sysadmin,general_practitioner,0
8cz07e,1,9,1.0,1.0,9.0,sysadmin,general_practitioner,0
8czlft,1,5,1.2,1.0,6.0,sysadmin,general_practitioner,0
8cznn9,1,2,1.0,1.0,2.0,sysadmin,general_practitioner,0
8d1hy3,4,17,2.8823529411764706,1.0,49.0,sysadmin,general_practitioner,0
8d2e7e,3,27,7.777777777777778,2.0,210.0,sysadmin,general_practitioner,0
8d39yg,1,16,2.125,1.0,34.0,sysadmin,general_practitioner,0
8d723q,1,6,2.5,2.0,15.0,sysadmin,general_practitioner,0
8d9a3y,2,3,1.6666666666666667,1.0,5.0,sysadmin,general_practitioner,0
8dbai3,1,1,1.0,1.0,1.0,sysadmin,general_practitioner,0
8deib6,1,4,3.5,3.0,14.0,sysadmin,general_practitioner,0
8del23,1,3,2.0,2.0,6.0,sysadmin,general_practitioner,0
8dge8h,2,2,7.0,7.0,14.0,sysadmin,general_practitioner,0
8dosjk,1,37,6.567567567567568,2.0,243.0,sysadmin,general_practitioner,0
8dpnou,3,80,7.05,1.0,564.0,sysadmin,general_practitioner,0
8dxfah,2,3,2.333333333333333,2.0,7.0,sysadmin,general_practitioner,0
8dz9wu,2,12,3.75,1.0,45.0,sysadmin,general_practitioner,0
8dxgzj,1,5,5.6,5.0,28.0,sysadmin,general_practitioner,0
8e8kwg,1,14,1.8571428571428568,1.0,26.0,sysadmin,general_practitioner,0
8eda53,1,3,4.666666666666667,3.0,14.0,sysadmin,general_practitioner,0
8elsb8,1,3,2.0,2.0,6.0,sysadmin,general_practitioner,0
8embmc,2,5,1.6,1.0,8.0,sysadmin,general_practitioner,0
8eol1l,2,27,5.666666666666667,1.0,153.0,sysadmin,general_practitioner,0
8eum4d,1,1,3.0,3.0,3.0,sysadmin,general_practitioner,0
8ew3e1,1,100,14.39,2.0,1439.0,sysadmin,general_practitioner,0
8evz22,1,4,2.0,2.0,8.0,sysadmin,general_practitioner,0
8exgat,2,7,4.714285714285714,2.0,33.0,sysadmin,general_practitioner,0
8f0ued,1,48,5.375,1.5,258.0,sysadmin,general_practitioner,0
8fadmw,3,19,4.684210526315789,2.0,89.0,sysadmin,general_practitioner,0
8fbynr,1,57,23.42105263157895,2.0,1335.0,sysadmin,general_practitioner,0
8fcz4u,1,10,4.9,3.5,49.0,sysadmin,general_practitioner,0
8fdfxl,1,4,1.25,1.0,5.0,sysadmin,general_practitioner,0
8femsf,1,15,9.2,5.0,138.0,sysadmin,general_practitioner,0
8ffc9e,2,3,1.6666666666666667,1.0,5.0,sysadmin,general_practitioner,0
8ffcg3,1,14,29.857142857142858,6.5,418.0,sysadmin,general_practitioner,0
8flcxu,1,6,5.0,5.0,30.0,sysadmin,general_practitioner,0
8fy4oa,1,12,1.3333333333333333,1.0,16.0,sysadmin,general_practitioner,0
8g1fje,1,4,9.0,6.0,36.0,sysadmin,general_practitioner,0
8g1t55,1,3,1.6666666666666667,2.0,5.0,sysadmin,general_practitioner,0
8g328g,1,4,3.0,1.5,12.0,sysadmin,general_practitioner,0
8g8prb,1,21,7.380952380952381,2.0,155.0,sysadmin,general_practitioner,0
8g99pz,2,2,1.5,1.5,3.0,sysadmin,general_practitioner,0
8gd5lh,1,1,3.0,3.0,3.0,sysadmin,general_practitioner,0
8gimf0,1,63,6.317460317460317,2.0,398.0,sysadmin,general_practitioner,0
8go2zu,1,5,3.4,4.0,17.0,sysadmin,general_practitioner,0
8gqe8v,1,2,9.0,9.0,18.0,sysadmin,general_practitioner,0
8gqzpb,2,11,10.818181818181818,2.0,119.0,sysadmin,general_practitioner,0
8grfom,1,2,2.5,2.5,5.0,sysadmin,general_practitioner,0
8gzimm,1,4,2.0,1.5,8.0,sysadmin,general_practitioner,0
8gzn3x,1,128,29.78125,3.0,3812.0,sysadmin,general_practitioner,0
8h0lgg,1,12,3.333333333333333,2.0,40.0,sysadmin,general_practitioner,0
8h4tej,3,21,21.09523809523809,4.0,443.0,sysadmin,general_practitioner,0
8h9slq,1,6,7.666666666666667,5.5,46.0,sysadmin,general_practitioner,0
8h8mjj,3,22,14.954545454545457,6.5,329.0,sysadmin,general_practitioner,0
8hb2u8,1,35,11.257142857142858,2.0,394.0,sysadmin,general_practitioner,0
8hj4vr,3,72,9.166666666666666,2.0,660.0,sysadmin,general_practitioner,0
8hqn3s,1,8,5.375,1.0,43.0,sysadmin,general_practitioner,0
8hr7bw,1,5,5.6,4.0,28.0,sysadmin,general_practitioner,0
8hr7yn,1,5,2.0,2.0,10.0,sysadmin,general_practitioner,0
8hs95s,3,19,6.105263157894737,3.0,116.0,sysadmin,general_practitioner,0
8hv6zo,2,18,8.444444444444445,4.0,152.0,sysadmin,general_practitioner,0
8hwqv1,1,22,4.0,2.5,88.0,sysadmin,general_practitioner,0
8i531j,1,102,8.686274509803921,3.0,886.0,sysadmin,general_practitioner,0
8i7sem,1,1,2.0,2.0,2.0,sysadmin,general_practitioner,0
8i7h4w,1,65,8.076923076923077,2.0,525.0,sysadmin,general_practitioner,0
8ia90l,1,0,,,,sysadmin,general_practitioner,1
8iclwi,1,5,1.6,1.0,8.0,sysadmin,general_practitioner,0
8ifupj,1,25,2.48,1.0,62.0,sysadmin,general_practitioner,0
8iibnq,1,13,3.5384615384615383,1.0,46.0,sysadmin,general_practitioner,0
8ioz3t,2,10,4.1,2.5,41.0,sysadmin,general_practitioner,0
8itst6,3,3,1.3333333333333333,1.0,4.0,sysadmin,general_practitioner,0
8jasf5,1,13,2.1538461538461537,1.0,28.0,sysadmin,general_practitioner,0
8jbxzh,1,1,1.0,1.0,1.0,sysadmin,general_practitioner,0
8jdkqi,1,11,4.454545454545454,3.0,49.0,sysadmin,general_practitioner,0
8jdg9r,1,40,21.6,2.0,864.0,sysadmin,general_practitioner,0
8je0we,1,1,2.0,2.0,2.0,sysadmin,general_practitioner,0
8je425,1,4,1.25,1.0,5.0,sysadmin,general_practitioner,0
8jeku0,1,8,1.75,1.0,14.0,sysadmin,general_practitioner,0
8jg4d0,2,16,3.375,2.0,54.0,sysadmin,general_practitioner,0
8ji0yj,2,7,6.571428571428571,3.0,46.0,sysadmin,general_practitioner,0
8jlnyj,1,2,1.5,1.5,3.0,sysadmin,general_practitioner,0
8jts4c,1,47,4.808510638297872,1.0,226.0,sysadmin,general_practitioner,0
8jvmj9,1,60,7.383333333333334,1.0,443.0,sysadmin,general_practitioner,0
8jzpv2,2,5,3.2,3.0,16.0,sysadmin,general_practitioner,0
8k2spl,1,4,2.5,2.5,10.0,sysadmin,general_practitioner,0
8k71ut,1,13,6.846153846153846,3.0,89.0,sysadmin,general_practitioner,0
8ka7qr,1,49,21.93877551020408,3.0,1075.0,sysadmin,general_practitioner,0
8k9zmw,2,29,12.758620689655173,3.0,370.0,sysadmin,general_practitioner,0
8kc8p3,1,4,1.25,1.0,5.0,sysadmin,general_practitioner,0
8kiy30,1,6,1.1666666666666667,1.0,7.0,sysadmin,general_practitioner,0
8kn6tv,2,10,10.6,1.0,106.0,sysadmin,general_practitioner,0
8knm5q,1,19,8.526315789473685,3.0,162.0,sysadmin,general_practitioner,0
8knqzo,1,17,30.705882352941178,2.0,522.0,sysadmin,general_practitioner,0
8ktv26,1,20,4.5,1.0,90.0,sysadmin,general_practitioner,0
8l1o67,2,11,1.2727272727272727,1.0,14.0,sysadmin,general_practitioner,0
8l1cwm,2,3,2.333333333333333,3.0,7.0,sysadmin,general_practitioner,0
8l3bz2,1,5,4.8,4.0,24.0,sysadmin,general_practitioner,0
8l4zhj,4,34,8.441176470588236,4.0,287.0,sysadmin,general_practitioner,0
8l5bqw,1,39,4.358974358974359,2.0,170.0,sysadmin,general_practitioner,0
8l99fd,2,23,5.3478260869565215,2.0,123.0,sysadmin,general_practitioner,0
8le1po,1,5,2.4,2.0,12.0,sysadmin,general_practitioner,0
8li4si,1,4,2.25,2.0,9.0,sysadmin,general_practitioner,0
8ll3gz,1,41,4.609756097560975,2.0,189.0,sysadmin,general_practitioner,0
8lmcog,4,15,5.466666666666667,2.0,82.0,sysadmin,general_practitioner,0
8lmb5x,1,5,1.2,1.0,6.0,sysadmin,general_practitioner,0
8lsjc7,1,37,6.297297297297297,1.0,233.0,sysadmin,general_practitioner,0
8lt812,1,3,1.6666666666666667,1.0,5.0,sysadmin,general_practitioner,0
8lt994,2,3,2.333333333333333,3.0,7.0,sysadmin,general_practitioner,0
8lvh72,3,5,2.6,3.0,13.0,sysadmin,general_practitioner,0
8lvinn,3,30,4.266666666666667,2.0,128.0,sysadmin,general_practitioner,0
8lwqku,1,6,1.3333333333333333,1.0,8.0,sysadmin,general_practitioner,0
8m1pzr,1,7,3.7142857142857135,2.0,26.0,sysadmin,general_practitioner,0
8m281d,1,50,5.06,2.0,253.0,sysadmin,general_practitioner,0
8m3ahd,1,22,7.954545454545454,3.0,175.0,sysadmin,general_practitioner,0
8m5gyd,2,5,1.6,1.0,8.0,sysadmin,general_practitioner,0
8m6kdt,1,21,8.285714285714286,4.0,174.0,sysadmin,general_practitioner,0
8m9z01,1,12,9.666666666666666,6.0,116.0,sysadmin,general_practitioner,0
8mhp8u,1,16,6.8125,2.5,109.0,sysadmin,general_practitioner,0
8mnxdq,1,22,4.227272727272728,2.0,93.0,sysadmin,general_practitioner,0
8mvkx8,2,16,5.75,2.0,92.0,sysadmin,general_practitioner,0
8my9r1,1,6,3.333333333333333,3.0,20.0,sysadmin,general_practitioner,0
8n44vm,2,1,17.0,17.0,17.0,sysadmin,general_practitioner,0
8nahu0,1,3,3.333333333333333,2.0,10.0,sysadmin,general_practitioner,0
8nc8cu,1,3,1.3333333333333333,1.0,4.0,sysadmin,general_practitioner,0
8negaj,2,9,4.555555555555555,2.0,41.0,sysadmin,general_practitioner,0
8niby9,2,192,11.229166666666666,2.0,2156.0,sysadmin,general_practitioner,0
8nntyr,1,88,8.943181818181818,2.0,787.0,sysadmin,general_practitioner,0
8npe5q,2,9,6.333333333333333,4.0,57.0,sysadmin,general_practitioner,0
8nray8,3,7,3.2857142857142856,2.0,23.0,sysadmin,general_practitioner,0
8ns2vd,1,3,1.6666666666666667,1.0,5.0,sysadmin,general_practitioner,0
8o78kd,1,7,6.571428571428571,4.0,46.0,sysadmin,general_practitioner,0
8o9dl4,4,8,2.375,1.5,19.0,sysadmin,general_practitioner,0
8ofxkz,1,32,9.1875,4.0,294.0,sysadmin,general_practitioner,0
8ojvaq,2,15,10.8,6.0,162.0,sysadmin,general_practitioner,0
8ojbgr,1,13,1.2307692307692308,1.0,16.0,sysadmin,general_practitioner,0
8omhxq,1,4,4.25,4.5,17.0,sysadmin,general_practitioner,0
8op13x,1,70,5.557142857142857,2.0,389.0,sysadmin,general_practitioner,0
8orfm2,2,8,5.5,3.0,44.0,sysadmin,general_practitioner,0
8orhz8,1,3,2.333333333333333,2.0,7.0,sysadmin,general_practitioner,0
8owh3h,1,2,1.5,1.5,3.0,sysadmin,general_practitioner,0
8p6tcy,1,15,7.6,4.0,114.0,sysadmin,general_practitioner,0
8p8tjn,1,8,2.5,1.0,20.0,sysadmin,general_practitioner,0
8p9176,3,26,2.269230769230769,1.0,59.0,sysadmin,general_practitioner,0
8pav4o,3,22,6.2727272727272725,2.5,138.0,sysadmin,general_practitioner,0
8pci6x,1,9,1.7777777777777777,1.0,16.0,sysadmin,general_practitioner,0
8pdmx7,1,2,1.0,1.0,2.0,sysadmin,general_practitioner,0
8pjwvp,2,118,5.898305084745763,1.0,696.0,sysadmin,general_practitioner,0
8pkcob,3,20,3.3,2.0,66.0,sysadmin,general_practitioner,0
8pko1o,1,2,1.5,1.5,3.0,sysadmin,general_practitioner,0
8pnc9v,1,31,4.483870967741935,3.0,139.0,sysadmin,general_practitioner,0
8pnpte,1,3,1.6666666666666667,2.0,5.0,sysadmin,general_practitioner,0
8q0de6,1,45,23.31111111111111,2.0,1049.0,sysadmin,general_practitioner,0
8qazad,3,6,2.333333333333333,1.0,14.0,sysadmin,general_practitioner,0
8qbhw4,1,82,6.121951219512195,1.0,502.0,sysadmin,general_practitioner,0
8qhk0m,3,31,5.774193548387097,2.0,179.0,sysadmin,general_practitioner,0
8qi5b5,1,93,17.0,2.0,1581.0,sysadmin,general_practitioner,0
8qky4t,2,1,1.0,1.0,1.0,sysadmin,general_practitioner,0
8qlcp2,2,3,3.0,2.0,9.0,sysadmin,general_practitioner,0
8qp8jb,1,1,3.0,3.0,3.0,sysadmin,general_practitioner,0
8qs0v4,2,8,6.75,2.5,54.0,sysadmin,general_practitioner,0
8qts2u,2,7,2.7142857142857144,2.0,19.0,sysadmin,general_practitioner,0
8qvyos,1,1,1.0,1.0,1.0,sysadmin,general_practitioner,0
8r5dev,3,12,4.75,2.5,57.0,sysadmin,general_practitioner,0
8r99hr,2,16,9.9375,4.5,159.0,sysadmin,general_practitioner,0
8rank5,1,8,3.0,1.5,24.0,sysadmin,general_practitioner,0
8rc7vk,1,8,2.625,1.0,21.0,sysadmin,general_practitioner,0
8reob9,1,1,2.0,2.0,2.0,sysadmin,general_practitioner,0
8rkhfe,2,33,5.545454545454546,2.0,183.0,sysadmin,general_practitioner,0
8rkbs4,1,19,6.7368421052631575,1.0,128.0,sysadmin,general_practitioner,0
8rmv0a,1,4,3.75,2.0,15.0,sysadmin,general_practitioner,0
8rowi2,2,11,1.5454545454545454,1.0,17.0,sysadmin,general_practitioner,0
8rul7o,4,34,15.529411764705882,3.0,528.0,sysadmin,general_practitioner,0
8rxqtz,1,28,5.75,3.0,161.0,sysadmin,general_practitioner,0
8rzpah,1,31,9.870967741935484,3.0,306.0,sysadmin,general_practitioner,0
8s0ddd,1,16,14.625,6.5,234.0,sysadmin,general_practitioner,0
8s1xd6,1,23,6.739130434782608,3.0,155.0,sysadmin,general_practitioner,0
8s8obv,1,14,12.714285714285714,3.0,178.0,sysadmin,general_practitioner,0
8sbt8u,3,9,1.8888888888888888,2.0,17.0,sysadmin,general_practitioner,0
8sg4rf,1,7,1.7142857142857142,2.0,12.0,sysadmin,general_practitioner,0
8sfb43,1,5,4.8,2.0,24.0,sysadmin,general_practitioner,0
8sj79v,1,1,2.0,2.0,2.0,sysadmin,general_practitioner,0
8sjoj4,1,6,6.166666666666667,2.5,37.0,sysadmin,general_practitioner,0
8sjmfq,1,17,4.705882352941177,3.0,80.0,sysadmin,general_practitioner,0
8sldty,2,33,9.515151515151516,2.0,314.0,sysadmin,general_practitioner,0
8srpl5,2,13,3.1538461538461537,1.0,41.0,sysadmin,general_practitioner,0
8svlnm,1,3,1.6666666666666667,1.0,5.0,sysadmin,general_practitioner,0
8t1boj,2,49,11.387755102040815,2.0,558.0,sysadmin,general_practitioner,0
8t2jd9,1,6,1.0,1.0,6.0,sysadmin,general_practitioner,0
8t2vv5,1,6,1.5,1.5,9.0,sysadmin,general_practitioner,0
8t3wx5,3,4,2.75,2.0,11.0,sysadmin,general_practitioner,0
8tnva9,3,104,10.673076923076923,1.0,1110.0,sysadmin,general_practitioner,0
8tteb5,2,13,1.6153846153846154,1.0,21.0,sysadmin,general_practitioner,0
8tvh5t,3,8,3.875,2.5,31.0,sysadmin,general_practitioner,0
8tz1pb,1,11,2.8181818181818183,1.0,31.0,sysadmin,general_practitioner,0
8tzroa,1,15,7.933333333333334,2.0,119.0,sysadmin,general_practitioner,0
8u0jec,1,4,1.0,1.0,4.0,sysadmin,general_practitioner,0
8u26iu,1,2,4.0,4.0,8.0,sysadmin,general_practitioner,0
8u3z9q,2,13,2.769230769230769,1.0,36.0,sysadmin,general_practitioner,0
8u94b0,1,3,1.0,1.0,3.0,sysadmin,general_practitioner,0
8uav6b,4,16,3.1875,1.5,51.0,sysadmin,general_practitioner,0
8ucfyd,1,9,2.7777777777777777,2.0,25.0,sysadmin,general_practitioner,0
8uf6rf,3,21,17.571428571428573,3.0,369.0,sysadmin,general_practitioner,0
8uk2yx,1,4,1.75,1.5,7.0,sysadmin,general_practitioner,0
8uk57p,1,34,5.0588235294117645,2.0,172.0,sysadmin,general_practitioner,0
8utlo7,1,5,2.4,3.0,12.0,sysadmin,general_practitioner,0
8uth4d,1,16,5.0,2.0,80.0,sysadmin,general_practitioner,0
8uudqd,1,8,10.75,4.5,86.0,sysadmin,general_practitioner,0
8uw809,2,5,3.2,2.0,16.0,sysadmin,general_practitioner,0
8uvuyw,3,8,12.0,7.5,96.0,sysadmin,general_practitioner,0
8uwg2o,1,9,3.111111111111111,3.0,28.0,sysadmin,general_practitioner,0
8v43qd,2,14,4.714285714285714,2.0,66.0,sysadmin,general_practitioner,0
8v6koa,1,10,3.8,2.0,38.0,sysadmin,general_practitioner,0
8vcxpb,1,19,3.263157894736842,2.0,62.0,sysadmin,general_practitioner,0
8vge9q,1,50,24.1,3.0,1205.0,sysadmin,general_practitioner,0
8vg2l0,2,5,4.2,3.0,21.0,sysadmin,general_practitioner,0
8vjc5o,1,20,4.4,2.0,88.0,sysadmin,general_practitioner,0
8vkvtk,1,8,3.375,2.0,27.0,sysadmin,general_practitioner,0
8vn0hd,2,13,4.538461538461538,3.0,59.0,sysadmin,general_practitioner,0
8vq7yg,1,37,14.0,7.0,518.0,sysadmin,general_practitioner,0
8vruza,1,16,9.3125,1.0,149.0,sysadmin,general_practitioner,0
8vtzyq,2,3,2.333333333333333,2.0,7.0,sysadmin,general_practitioner,0
8vys84,1,11,6.909090909090909,3.0,76.0,sysadmin,general_practitioner,0
8w8z1w,1,2,2.5,2.5,5.0,sysadmin,general_practitioner,0
8wax35,1,7,3.142857142857143,2.0,22.0,sysadmin,general_practitioner,0
8wecni,1,43,4.8604651162790695,1.0,209.0,sysadmin,general_practitioner,0
8wgebw,2,16,6.5,3.0,104.0,sysadmin,general_practitioner,0
8wgmh3,1,7,4.571428571428571,5.0,32.0,sysadmin,general_practitioner,0
8wm59s,1,10,2.5,2.0,25.0,sysadmin,general_practitioner,0
8wncoh,1,10,4.7,3.0,47.0,sysadmin,general_practitioner,0
8wmz3h,2,11,8.0,3.0,88.0,sysadmin,general_practitioner,0
8wo5ro,1,17,8.176470588235293,3.0,139.0,sysadmin,general_practitioner,0
8x42my,1,35,9.028571428571428,1.0,316.0,sysadmin,general_practitioner,0
8xbkhb,1,41,5.7317073170731705,2.0,235.0,sysadmin,general_practitioner,0
8xbkmd,1,1,3.0,3.0,3.0,sysadmin,general_practitioner,0
8xctr8,2,39,6.256410256410256,2.0,244.0,sysadmin,general_practitioner,0
8xcb3s,1,2,1.5,1.5,3.0,sysadmin,general_practitioner,0
8xf9fb,2,5,2.6,3.0,13.0,sysadmin,general_practitioner,0
8xg4r5,4,2,3.5,3.5,7.0,sysadmin,general_practitioner,0
8xg6j6,2,4,3.25,1.5,13.0,sysadmin,general_practitioner,0
8xg8hi,1,2,1.5,1.5,3.0,sysadmin,general_practitioner,0
8xrlq4,1,1,2.0,2.0,2.0,sysadmin,general_practitioner,0
8y0ins,3,1,1.0,1.0,1.0,sysadmin,general_practitioner,0
8y0z2d,3,12,5.583333333333333,3.0,67.0,sysadmin,general_practitioner,0
8y2bit,3,38,11.973684210526317,2.0,455.0,sysadmin,general_practitioner,0
8y3b6f,1,9,1.7777777777777777,1.0,16.0,sysadmin,general_practitioner,0
8y5jjk,1,4,3.5,2.5,14.0,sysadmin,general_practitioner,0
8ye9b9,1,1,4.0,4.0,4.0,sysadmin,general_practitioner,0
8yf55n,1,5,1.8,1.0,9.0,sysadmin,general_practitioner,0
8ygbn1,2,39,18.923076923076923,5.0,738.0,sysadmin,general_practitioner,0
8yiu4c,1,26,9.846153846153848,2.0,256.0,sysadmin,general_practitioner,0
8ylljt,1,27,6.888888888888889,2.0,186.0,sysadmin,general_practitioner,0
8ynzv4,3,16,7.375,4.0,118.0,sysadmin,general_practitioner,0
8yoh07,1,4,6.75,5.5,27.0,sysadmin,general_practitioner,0
8yp9b5,1,20,8.1,2.5,162.0,sysadmin,general_practitioner,0
8ytdpg,2,22,8.045454545454545,2.0,177.0,sysadmin,general_practitioner,0
8z38ul,1,5,2.4,1.0,12.0,sysadmin,general_practitioner,0
8zdha7,3,7,1.8571428571428568,1.0,13.0,sysadmin,general_practitioner,0
8zdvf5,2,10,4.5,4.0,45.0,sysadmin,general_practitioner,0
8zfe9c,1,2,3.5,3.5,7.0,sysadmin,general_practitioner,0
8zghuy,1,3,4.0,4.0,12.0,sysadmin,general_practitioner,0
8zjaiv,1,2,1.0,1.0,2.0,sysadmin,general_practitioner,0
8zlsly,4,6,6.666666666666667,5.5,40.0,sysadmin,general_practitioner,0
8zltqz,1,21,4.571428571428571,2.0,96.0,sysadmin,general_practitioner,0
8zpeiw,1,23,6.652173913043479,2.0,153.0,sysadmin,general_practitioner,0
8zqwct,1,55,15.036363636363635,2.0,827.0,sysadmin,general_practitioner,0
8zwpwc,2,6,6.0,5.0,36.0,sysadmin,general_practitioner,0
8zwlij,1,24,7.833333333333333,3.0,188.0,sysadmin,general_practitioner,0
8zyd4t,2,18,3.333333333333333,2.0,60.0,sysadmin,general_practitioner,0
8zzado,2,14,2.9285714285714284,1.0,41.0,sysadmin,general_practitioner,0
902oxt,1,75,10.906666666666666,2.0,818.0,sysadmin,general_practitioner,0
905ku5,1,7,2.142857142857143,2.0,15.0,sysadmin,general_practitioner,0
906kul,1,11,2.090909090909091,2.0,23.0,sysadmin,general_practitioner,0
906ngt,1,0,,,,sysadmin,general_practitioner,1
906rmk,2,7,5.142857142857143,4.0,36.0,sysadmin,general_practitioner,0
906u0p,1,8,3.625,2.0,29.0,sysadmin,general_practitioner,0
909l7u,1,4,1.25,1.0,5.0,sysadmin,general_practitioner,0
90dvhg,1,25,8.72,3.0,218.0,sysadmin,general_practitioner,0
90etgc,3,68,6.191176470588236,2.0,421.0,sysadmin,general_practitioner,0
90ftzi,1,7,7.714285714285714,5.0,54.0,sysadmin,general_practitioner,0
90hxg6,1,87,15.379310344827584,1.0,1338.0,sysadmin,general_practitioner,0
90t2tw,1,5,2.4,2.0,12.0,sysadmin,general_practitioner,0
90w1ss,1,23,5.695652173913044,2.0,131.0,sysadmin,general_practitioner,0
915hzo,1,9,2.2222222222222223,1.0,20.0,sysadmin,general_practitioner,0
916tzi,1,81,4.172839506172839,1.0,338.0,sysadmin,general_practitioner,0
918gc7,2,10,3.2,2.5,32.0,sysadmin,general_practitioner,0
91fvba,1,84,17.761904761904763,2.0,1492.0,sysadmin,general_practitioner,0
91hgok,1,18,2.888888888888889,2.0,52.0,sysadmin,general_practitioner,0
91iond,1,3,2.333333333333333,2.0,7.0,sysadmin,general_practitioner,0
91m2yp,1,3,1.6666666666666667,2.0,5.0,sysadmin,general_practitioner,0
91mg9i,1,5,5.2,3.0,26.0,sysadmin,general_practitioner,0
91okyh,3,42,15.023809523809524,4.0,631.0,sysadmin,general_practitioner,0
91qsxz,1,7,4.142857142857143,6.0,29.0,sysadmin,general_practitioner,0
91stgj,1,17,13.764705882352942,3.0,234.0,sysadmin,general_practitioner,0
91tczv,1,7,9.571428571428571,7.0,67.0,sysadmin,general_practitioner,0
91zc36,2,5,2.0,2.0,10.0,sysadmin,general_practitioner,0
920dm7,2,19,7.947368421052632,3.0,151.0,sysadmin,general_practitioner,0
9268l4,1,7,2.4285714285714284,2.0,17.0,sysadmin,general_practitioner,0
926wtw,3,12,1.9166666666666667,1.0,23.0,sysadmin,general_practitioner,0
9275qo,1,2,4.5,4.5,9.0,sysadmin,general_practitioner,0
927zlc,2,8,3.375,2.0,27.0,sysadmin,general_practitioner,0
929p5r,1,4,2.0,1.5,8.0,sysadmin,general_practitioner,0
92etqz,1,5,3.6,3.0,18.0,sysadmin,general_practitioner,0
92eohn,1,4,5.75,4.0,23.0,sysadmin,general_practitioner,0
92h7ca,2,8,2.125,1.5,17.0,sysadmin,general_practitioner,0
92wkk5,2,7,7.714285714285714,3.0,54.0,sysadmin,general_practitioner,0
930lfv,3,7,113.0,6.0,791.0,sysadmin,general_practitioner,0
935zxc,1,7,6.142857142857143,3.0,43.0,sysadmin,general_practitioner,0
939tme,3,3,2.333333333333333,2.0,7.0,sysadmin,general_practitioner,0
939wz1,3,15,2.8666666666666667,1.0,43.0,sysadmin,general_practitioner,0
93aab2,1,7,3.857142857142857,2.0,27.0,sysadmin,general_practitioner,0
93ap51,2,21,6.571428571428571,2.0,138.0,sysadmin,general_practitioner,0
93fp1m,1,4,7.25,3.0,29.0,sysadmin,general_practitioner,0
93g7hc,2,9,6.222222222222222,3.0,56.0,sysadmin,general_practitioner,0
93ktpv,1,2,-1.0,-1.0,-2.0,sysadmin,general_practitioner,0
93poro,1,25,3.72,1.0,93.0,sysadmin,general_practitioner,0
93q9n4,1,2,1.0,1.0,2.0,sysadmin,general_practitioner,0
93qxk1,2,5,3.4,2.0,17.0,sysadmin,general_practitioner,0
93ucej,1,3,1.0,1.0,3.0,sysadmin,general_practitioner,0
93usp6,3,3,3.333333333333333,3.0,10.0,sysadmin,general_practitioner,0
93v365,1,10,3.7,2.0,37.0,sysadmin,general_practitioner,0
93y7nr,1,4,1.75,2.0,7.0,sysadmin,general_practitioner,0
9404fr,1,3,3.333333333333333,2.0,10.0,sysadmin,general_practitioner,0
941ssr,1,4,2.0,2.0,8.0,sysadmin,general_practitioner,0
9424dx,1,16,3.9375,1.5,63.0,sysadmin,general_practitioner,0
942xgn,1,17,12.470588235294118,3.0,212.0,sysadmin,general_practitioner,0
944dxe,1,5,1.8,2.0,9.0,sysadmin,general_practitioner,0
948u5r,2,9,1.3333333333333333,1.0,12.0,sysadmin,general_practitioner,0
94dks8,4,6,3.8333333333333335,2.5,23.0,sysadmin,general_practitioner,0
94duyq,1,16,6.125,3.0,98.0,sysadmin,general_practitioner,0
94mge6,1,5,4.0,5.0,20.0,sysadmin,general_practitioner,0
955q2q,1,0,,,,sysadmin,general_practitioner,1
95cg8q,1,7,6.0,5.0,42.0,sysadmin,general_practitioner,0
95dnx3,3,16,6.75,3.0,108.0,sysadmin,general_practitioner,0
95ieud,1,20,3.2,2.0,64.0,sysadmin,general_practitioner,0
95nl29,1,3,2.333333333333333,2.0,7.0,sysadmin,general_practitioner,0
95od7h,1,23,6.739130434782608,1.0,155.0,sysadmin,general_practitioner,0
95pf6o,1,4,2.0,2.0,8.0,sysadmin,general_practitioner,0
95pk08,1,100,17.18,1.5,1718.0,sysadmin,general_practitioner,0
95r6mx,2,2,3.5,3.5,7.0,sysadmin,general_practitioner,0
95uuae,2,11,2.272727272727273,1.0,25.0,sysadmin,general_practitioner,0
95uo22,2,52,7.673076923076923,2.0,399.0,sysadmin,general_practitioner,0
95wbh8,2,40,9.9,3.0,396.0,sysadmin,general_practitioner,0
95yi9d,1,2,1.0,1.0,2.0,sysadmin,general_practitioner,0
95zogq,2,15,2.466666666666667,2.0,37.0,sysadmin,general_practitioner,0
9611gv,2,2,1.5,1.5,3.0,sysadmin,general_practitioner,0
961t5g,1,94,22.25531914893617,1.0,2092.0,sysadmin,general_practitioner,0
962phe,1,38,7.842105263157895,2.0,298.0,sysadmin,general_practitioner,0
964163,2,9,4.111111111111111,3.0,37.0,sysadmin,general_practitioner,0
965cmd,1,6,2.1666666666666665,1.5,13.0,sysadmin,general_practitioner,0
967zwt,1,7,3.2857142857142856,3.0,23.0,sysadmin,general_practitioner,0
9689rp,1,42,14.69047619047619,4.0,617.0,sysadmin,general_practitioner,0
96fjf6,1,4,3.75,1.0,15.0,sysadmin,general_practitioner,0
96ydsm,1,17,3.588235294117647,2.0,61.0,sysadmin,general_practitioner,0
96ytqw,1,22,4.2727272727272725,1.0,94.0,sysadmin,general_practitioner,0
9710eo,1,17,3.5294117647058822,2.0,60.0,sysadmin,general_practitioner,0
970rdz,2,11,4.181818181818182,2.0,46.0,sysadmin,general_practitioner,0
97all2,1,14,3.642857142857143,2.0,51.0,sysadmin,general_practitioner,0
97cjmy,1,19,6.052631578947368,3.0,115.0,sysadmin,general_practitioner,0
97d3if,1,13,3.8461538461538463,2.0,50.0,sysadmin,general_practitioner,0
97clf0,1,24,15.5,6.0,372.0,sysadmin,general_practitioner,0
97lhgl,2,7,7.428571428571429,5.0,52.0,sysadmin,general_practitioner,0
97lyio,3,12,3.083333333333333,1.0,37.0,sysadmin,general_practitioner,0
97mhbv,1,5,4.0,3.0,20.0,sysadmin,general_practitioner,0
97qjf7,2,18,2.2222222222222223,1.0,40.0,sysadmin,general_practitioner,0
97rkxj,3,100,12.97,2.0,1297.0,sysadmin,general_practitioner,0
97qwic,2,4,5.5,5.0,22.0,sysadmin,general_practitioner,0
97t7id,1,13,3.3076923076923075,3.0,43.0,sysadmin,general_practitioner,0
97tl31,2,1,2.0,2.0,2.0,sysadmin,general_practitioner,0
97tsrq,1,11,1.7272727272727273,1.0,19.0,sysadmin,general_practitioner,0
97u0bh,2,5,2.0,1.0,10.0,sysadmin,general_practitioner,0
97w4v0,1,7,1.8571428571428568,1.0,13.0,sysadmin,general_practitioner,0
982n6i,1,6,4.166666666666667,2.5,25.0,sysadmin,general_practitioner,0
983ium,2,1,1.0,1.0,1.0,sysadmin,general_practitioner,0
983qpv,1,6,2.0,1.0,12.0,sysadmin,general_practitioner,0
984fwl,1,4,1.25,1.0,5.0,sysadmin,general_practitioner,0
985uyh,1,38,6.789473684210527,1.5,258.0,sysadmin,general_practitioner,0
985wnm,2,9,3.0,1.0,27.0,sysadmin,general_practitioner,0
986hgr,1,12,2.333333333333333,1.0,28.0,sysadmin,general_practitioner,0
9869rb,1,2,1.0,1.0,2.0,sysadmin,general_practitioner,0
98tpx9,1,28,13.607142857142858,5.0,381.0,sysadmin,general_practitioner,0
98uciw,1,5,4.2,3.0,21.0,sysadmin,general_practitioner,0
992j0c,1,40,4.65,1.5,186.0,sysadmin,general_practitioner,0
993xew,1,6,1.6666666666666667,1.5,10.0,sysadmin,general_practitioner,0
993swc,3,5,2.4,2.0,12.0,sysadmin,general_practitioner,0
994118,1,6,2.0,2.0,12.0,sysadmin,general_practitioner,0
9947vg,1,9,3.333333333333333,3.0,30.0,sysadmin,general_practitioner,0
997ays,1,10,2.7,1.5,27.0,sysadmin,general_practitioner,0
997q1j,1,1,2.0,2.0,2.0,sysadmin,general_practitioner,0
99eo0p,1,39,10.0,3.0,390.0,sysadmin,general_practitioner,0
99ep15,1,10,2.8,2.5,28.0,sysadmin,general_practitioner,0
99lf7f,1,5,1.4,1.0,7.0,sysadmin,general_practitioner,0
99no6h,2,21,3.857142857142857,2.0,81.0,sysadmin,general_practitioner,0
99ntmn,1,11,3.272727272727273,2.0,36.0,sysadmin,general_practitioner,0
99nxtf,1,56,8.571428571428571,2.0,480.0,sysadmin,general_practitioner,0
99opt8,1,4,6.0,1.0,24.0,sysadmin,general_practitioner,0
99qjqy,1,3,1.0,1.0,3.0,sysadmin,general_practitioner,0
99si2b,1,4,1.75,1.5,7.0,sysadmin,general_practitioner,0
99se3z,1,4,1.0,1.0,4.0,sysadmin,general_practitioner,0
99wazj,1,5,3.6,4.0,18.0,sysadmin,general_practitioner,0
99wjcz,1,76,4.539473684210527,1.0,345.0,sysadmin,general_practitioner,0
9a168z,3,10,3.9,2.0,39.0,sysadmin,general_practitioner,0
9ahq27,1,92,9.097826086956522,1.0,837.0,sysadmin,general_practitioner,0
9aofyt,1,10,6.6,2.5,66.0,sysadmin,general_practitioner,0
9apna1,2,137,2.890510948905109,1.0,396.0,sysadmin,general_practitioner,0
9aq71k,1,6,1.3333333333333333,1.5,8.0,sysadmin,general_practitioner,0
9bccwc,2,37,9.486486486486486,2.0,351.0,sysadmin,general_practitioner,0
9bhd8f,3,7,3.857142857142857,3.0,27.0,sysadmin,general_practitioner,0
9biqmr,3,108,7.083333333333333,2.0,765.0,sysadmin,general_practitioner,0
9bk9oj,1,3,4.666666666666667,1.0,14.0,sysadmin,general_practitioner,0
9bktlh,2,4,2.75,2.0,11.0,sysadmin,general_practitioner,0
9bnxcm,2,1,3.0,3.0,3.0,sysadmin,general_practitioner,0
9bsc8p,1,20,3.75,2.0,75.0,sysadmin,general_practitioner,0
9btpw4,1,13,1.9230769230769231,2.0,25.0,sysadmin,general_practitioner,0
9bubqj,1,1,2.0,2.0,2.0,sysadmin,general_practitioner,0
9bu27j,2,23,7.782608695652174,3.0,179.0,sysadmin,general_practitioner,0
9bwqt8,1,33,2.303030303030303,1.0,76.0,sysadmin,general_practitioner,0
9by2sj,3,9,1.7777777777777777,1.0,16.0,sysadmin,general_practitioner,0
9byncy,1,11,5.363636363636363,2.0,59.0,sysadmin,general_practitioner,0
9c16kc,1,4,2.75,1.0,11.0,sysadmin,general_practitioner,0
9c4k8v,2,8,4.25,4.0,34.0,sysadmin,general_practitioner,0
9c7yey,4,5,3.0,1.0,15.0,sysadmin,general_practitioner,0
9clexz,1,144,11.868055555555555,1.0,1709.0,sysadmin,general_practitioner,0
9cm788,1,13,2.4615384615384617,1.0,32.0,sysadmin,general_practitioner,0
9cmx2j,1,3,2.0,2.0,6.0,sysadmin,general_practitioner,0
9cuwk8,3,18,4.111111111111111,1.5,74.0,sysadmin,general_practitioner,0
9cvwxi,1,28,7.0,3.0,196.0,sysadmin,general_practitioner,0
9d8yrs,1,60,13.316666666666666,3.0,799.0,sysadmin,general_practitioner,0
9dctdf,3,1,6.0,6.0,6.0,sysadmin,general_practitioner,0
9dfymk,1,8,5.375,3.5,43.0,sysadmin,general_practitioner,0
9dv4ly,3,121,14.165289256198347,1.0,1714.0,sysadmin,general_practitioner,0
9dtf3t,1,24,20.83333333333333,2.0,500.0,sysadmin,general_practitioner,0
9dy69f,4,8,5.0,3.5,40.0,sysadmin,general_practitioner,0
9e0paq,2,12,4.583333333333333,3.0,55.0,sysadmin,general_practitioner,0
9e4apo,2,6,10.333333333333334,5.5,62.0,sysadmin,general_practitioner,0
9e5re9,2,2,2.0,2.0,4.0,sysadmin,general_practitioner,0
9e6hmz,1,7,4.714285714285714,4.0,33.0,sysadmin,general_practitioner,0
9eblvs,2,19,9.052631578947368,2.0,172.0,sysadmin,general_practitioner,0
9einq1,1,20,6.05,2.5,121.0,sysadmin,general_practitioner,0
9elmqm,2,19,9.0,7.0,171.0,sysadmin,general_practitioner,0
9emt5m,1,21,9.476190476190476,2.0,199.0,sysadmin,general_practitioner,0
9enry7,2,2,2.5,2.5,5.0,sysadmin,general_practitioner,0
9eoc8w,2,3,2.333333333333333,1.0,7.0,sysadmin,general_practitioner,0
9eou0z,2,24,1.8333333333333333,1.0,44.0,sysadmin,general_practitioner,0
9evllq,1,4,1.25,1.0,5.0,sysadmin,general_practitioner,0
9ews9r,1,13,2.6923076923076925,2.0,35.0,sysadmin,general_practitioner,0
9eyh1o,2,15,2.533333333333333,1.0,38.0,sysadmin,general_practitioner,0
9f0vi8,3,5,7.4,5.0,37.0,sysadmin,general_practitioner,0
9f2jux,1,4,23.25,12.0,93.0,sysadmin,general_practitioner,0
9fcahj,1,5,1.6,1.0,8.0,sysadmin,general_practitioner,0
9fdiin,1,33,9.0,3.0,297.0,sysadmin,general_practitioner,0
9fkeg0,1,37,14.567567567567568,2.0,539.0,sysadmin,general_practitioner,0
9fkpo2,1,9,2.2222222222222223,2.0,20.0,sysadmin,general_practitioner,0
9fmugx,1,2,1.5,1.5,3.0,sysadmin,general_practitioner,0
9fsnpt,1,8,4.125,1.5,33.0,sysadmin,general_practitioner,0
9fv4ef,1,12,4.583333333333333,3.0,55.0,sysadmin,general_practitioner,0
9fw792,1,7,3.142857142857143,1.0,22.0,sysadmin,general_practitioner,0
9g0lrj,3,61,18.9672131147541,3.0,1157.0,sysadmin,general_practitioner,0
9g5ccq,2,4,4.75,3.0,19.0,sysadmin,general_practitioner,0
9g7nlp,2,24,13.0,3.0,312.0,sysadmin,general_practitioner,0
9g7m6v,1,38,3.0526315789473686,1.0,116.0,sysadmin,general_practitioner,0
9gjlvq,2,30,6.033333333333333,2.0,181.0,sysadmin,general_practitioner,0
9gkhs4,1,224,6.84375,1.0,1533.0,sysadmin,general_practitioner,0
9gogfi,1,23,9.826086956521738,2.0,226.0,sysadmin,general_practitioner,0
9gojaf,1,5,6.0,1.0,30.0,sysadmin,general_practitioner,0
9gvoyj,1,17,1.8823529411764703,1.0,32.0,sysadmin,general_practitioner,0
9h0mfh,3,17,4.941176470588236,3.0,84.0,sysadmin,general_practitioner,0
9h4r8r,1,75,9.693333333333332,1.0,727.0,sysadmin,general_practitioner,0
9h6lnu,1,33,7.0,1.0,231.0,sysadmin,general_practitioner,0
9h9ioi,1,12,3.083333333333333,1.5,37.0,sysadmin,general_practitioner,0
9hbcfi,3,81,8.728395061728396,1.0,707.0,sysadmin,general_practitioner,0
9hes17,3,19,5.368421052631579,2.0,102.0,sysadmin,general_practitioner,0
9hhhdf,2,8,4.625,3.5,37.0,sysadmin,general_practitioner,0
9hj194,2,15,4.866666666666666,3.0,73.0,sysadmin,general_practitioner,0
9hldlm,2,19,1.8421052631578947,2.0,35.0,sysadmin,general_practitioner,0
9i0vm0,1,14,5.071428571428571,1.5,71.0,sysadmin,general_practitioner,0
9iepbw,2,77,14.35064935064935,1.0,1105.0,sysadmin,general_practitioner,0
9im6ee,3,3,1.3333333333333333,1.0,4.0,sysadmin,general_practitioner,0
9iqcqz,3,11,8.909090909090908,2.0,98.0,sysadmin,general_practitioner,0
9iqwbl,2,26,5.346153846153846,3.0,139.0,sysadmin,general_practitioner,0
9iuw0l,1,8,1.0,1.0,8.0,sysadmin,general_practitioner,0
9iu4zw,3,10,4.9,3.5,49.0,sysadmin,general_practitioner,0
9j64hr,1,35,16.685714285714287,3.0,584.0,sysadmin,general_practitioner,0
9j8gru,1,11,4.090909090909091,3.0,45.0,sysadmin,general_practitioner,0
9j8uqq,1,8,2.875,3.0,23.0,sysadmin,general_practitioner,0
9janho,3,19,4.2105263157894735,3.0,80.0,sysadmin,general_practitioner,0
9jc2bt,2,97,9.257731958762887,1.0,898.0,sysadmin,general_practitioner,0
9jbwjp,1,15,6.333333333333333,2.0,95.0,sysadmin,general_practitioner,0
9jcypz,2,4,1.5,1.0,6.0,sysadmin,general_practitioner,0
9jh7q1,2,3,2.333333333333333,2.0,7.0,sysadmin,general_practitioner,0
9jny0p,1,26,3.5384615384615383,2.0,92.0,sysadmin,general_practitioner,0
9jnx57,2,28,4.142857142857143,1.0,116.0,sysadmin,general_practitioner,0
9jqbch,1,9,5.777777777777778,5.0,52.0,sysadmin,general_practitioner,0
9k0bq6,2,29,5.517241379310345,3.0,160.0,sysadmin,general_practitioner,0
9jyx7f,3,47,10.02127659574468,1.0,471.0,sysadmin,general_practitioner,0
9k2mf2,2,206,10.771844660194176,1.0,2219.0,sysadmin,general_practitioner,0
9k5akt,2,5,5.6,6.0,28.0,sysadmin,general_practitioner,0
9k7yd1,2,3,7.666666666666667,11.0,23.0,sysadmin,general_practitioner,0
9k95wm,1,22,5.590909090909091,1.0,123.0,sysadmin,general_practitioner,0
9kg5ln,1,7,5.714285714285714,5.0,40.0,sysadmin,general_practitioner,0
9kgjzl,2,21,8.80952380952381,2.0,185.0,sysadmin,general_practitioner,0
9khx8t,1,6,2.5,2.0,15.0,sysadmin,general_practitioner,0
9ki0qp,2,11,3.4545454545454546,1.0,38.0,sysadmin,general_practitioner,0
9kp6b8,3,28,7.285714285714286,2.0,204.0,sysadmin,general_practitioner,0
9ksn2g,1,2,1.5,1.5,3.0,sysadmin,general_practitioner,0
9kyrtk,2,31,6.064516129032258,1.0,188.0,sysadmin,general_practitioner,0
9l0r8q,1,20,3.7,1.0,74.0,sysadmin,general_practitioner,0
9l17wk,3,53,9.660377358490566,1.0,512.0,sysadmin,general_practitioner,0
9l1hq1,1,21,3.1904761904761907,1.0,67.0,sysadmin,general_practitioner,0
9l2a7f,2,3,1.6666666666666667,1.0,5.0,sysadmin,general_practitioner,0
9l2sa5,1,24,5.041666666666667,1.5,121.0,sysadmin,general_practitioner,0
9l2n4t,1,5,1.2,1.0,6.0,sysadmin,general_practitioner,0
9l2wm9,3,9,1.3333333333333333,1.0,12.0,sysadmin,general_practitioner,0
9l3v3h,2,3,1.6666666666666667,1.0,5.0,sysadmin,general_practitioner,0
9lbk0y,1,23,2.739130434782609,1.0,63.0,sysadmin,general_practitioner,0
9ldk6y,1,2,2.0,2.0,4.0,sysadmin,general_practitioner,0
9lhkfu,1,25,13.96,2.0,349.0,sysadmin,general_practitioner,0
9lj6q0,4,28,5.0,2.0,140.0,sysadmin,general_practitioner,0
9ljn23,3,9,1.5555555555555556,1.0,14.0,sysadmin,general_practitioner,0
9llwlj,3,21,7.095238095238095,1.0,149.0,sysadmin,general_practitioner,0
9lms6p,2,2,1.5,1.5,3.0,sysadmin,general_practitioner,0
9lzf2d,1,4,2.25,2.0,9.0,sysadmin,general_practitioner,0
9m5fds,1,25,14.4,4.0,360.0,sysadmin,general_practitioner,0
9lzgge,1,22,8.863636363636363,3.0,195.0,sysadmin,general_practitioner,0
9mfjrx,1,6,1.6666666666666667,2.0,10.0,sysadmin,general_practitioner,0
9mfako,1,43,10.418604651162791,2.0,448.0,sysadmin,general_practitioner,0
9mfvbv,1,12,3.25,1.5,39.0,sysadmin,general_practitioner,0
9mjh51,1,13,10.615384615384617,3.0,138.0,sysadmin,general_practitioner,0
9mqb30,2,23,6.652173913043479,3.0,153.0,sysadmin,general_practitioner,0
9msi6l,2,7,3.0,3.0,21.0,sysadmin,general_practitioner,0
9mxnjd,2,9,6.444444444444445,3.0,58.0,sysadmin,general_practitioner,0
9mzq9x,2,23,5.956521739130435,3.0,137.0,sysadmin,general_practitioner,0
9n3ni4,2,4,1.5,1.5,6.0,sysadmin,general_practitioner,0
9n9v9s,2,11,6.363636363636363,3.0,70.0,sysadmin,general_practitioner,0
9na003,1,8,2.5,2.0,20.0,sysadmin,general_practitioner,0
9naihd,1,10,2.7,1.0,27.0,sysadmin,general_practitioner,0
9nb82m,2,7,3.571428571428572,1.0,25.0,sysadmin,general_practitioner,0
9nfdth,1,5,1.6,1.0,8.0,sysadmin,general_practitioner,0
9nfnzg,1,4,2.0,2.0,8.0,sysadmin,general_practitioner,0
9ngf2y,2,17,2.588235294117647,1.0,44.0,sysadmin,general_practitioner,0
9nm3bb,2,21,10.285714285714286,2.0,216.0,sysadmin,general_practitioner,0
9np6ja,2,2,4.0,4.0,8.0,sysadmin,general_practitioner,0
9ntu58,1,50,20.88,2.0,1044.0,sysadmin,general_practitioner,0
9o6nxx,1,186,5.779569892473118,1.0,1075.0,sysadmin,general_practitioner,0
9o83op,3,20,4.0,1.0,80.0,sysadmin,general_practitioner,0
9o8420,2,5,1.8,1.0,9.0,sysadmin,general_practitioner,0
9oaz9m,1,35,24.285714285714285,3.0,850.0,sysadmin,general_practitioner,0
9oc18w,2,16,3.3125,2.0,53.0,sysadmin,general_practitioner,0
9ofoj8,3,6,4.166666666666667,2.5,25.0,sysadmin,general_practitioner,0
9oi7v5,1,14,2.857142857142857,2.0,40.0,sysadmin,general_practitioner,0
9ojbjl,1,3,3.333333333333333,3.0,10.0,sysadmin,general_practitioner,0
9omiy5,1,4,2.0,2.0,8.0,sysadmin,general_practitioner,0
9oq5dt,1,20,5.0,4.0,100.0,sysadmin,general_practitioner,0
9ovo6k,1,1,1.0,1.0,1.0,sysadmin,general_practitioner,0
9p142w,1,2,2.5,2.5,5.0,sysadmin,general_practitioner,0
9p2vg8,1,17,8.941176470588236,8.0,152.0,sysadmin,general_practitioner,0
9p8url,1,7,4.571428571428571,1.0,32.0,sysadmin,general_practitioner,0
9pbe91,1,8,7.0,5.0,56.0,sysadmin,general_practitioner,0
9pbu35,1,31,7.645161290322581,2.0,237.0,sysadmin,general_practitioner,0
9pdvts,1,6,1.0,1.0,6.0,sysadmin,general_practitioner,0
9pe7jg,1,10,2.4,2.0,24.0,sysadmin,general_practitioner,0
9pg8f4,2,5,2.2,1.0,11.0,sysadmin,general_practitioner,0
9pl2qd,1,5,2.2,1.0,11.0,sysadmin,general_practitioner,0
9pk2dt,1,5,8.2,1.0,41.0,sysadmin,general_practitioner,0
9plbzn,1,4,2.0,1.0,8.0,sysadmin,general_practitioner,0
9pn0mv,2,4,3.0,1.0,12.0,sysadmin,general_practitioner,0
9q0njz,2,64,9.578125,2.0,613.0,sysadmin,general_practitioner,0
9q1t3y,1,97,15.938144329896907,2.0,1546.0,sysadmin,general_practitioner,0
9qbdel,2,15,5.333333333333333,2.0,80.0,sysadmin,general_practitioner,0
9qem1c,3,146,20.273972602739725,3.0,2960.0,sysadmin,general_practitioner,0
9qgcte,3,8,4.125,2.5,33.0,sysadmin,general_practitioner,0
9qhcqz,1,2,1.5,1.5,3.0,sysadmin,general_practitioner,0
9qi2za,1,2,1.0,1.0,2.0,sysadmin,general_practitioner,0
9qhmas,1,18,5.055555555555555,1.5,91.0,sysadmin,general_practitioner,0
9qlasy,4,11,3.636363636363636,1.0,40.0,sysadmin,general_practitioner,0
9qn8fq,1,26,4.538461538461538,1.5,118.0,sysadmin,general_practitioner,0
9qp7qs,1,121,19.03305785123967,2.0,2303.0,sysadmin,general_practitioner,0
9qonao,1,8,10.625,3.5,85.0,sysadmin,general_practitioner,0
9qs1sb,1,30,4.033333333333333,2.0,121.0,sysadmin,general_practitioner,0
9qvb3y,1,45,10.377777777777778,4.0,467.0,sysadmin,general_practitioner,0
9qwjpf,1,168,17.19047619047619,2.0,2888.0,sysadmin,general_practitioner,0
9r151s,4,17,2.588235294117647,1.0,44.0,sysadmin,general_practitioner,0
9r1wgp,2,48,16.708333333333332,2.0,802.0,sysadmin,general_practitioner,0
9r44mp,1,7,3.857142857142857,4.0,27.0,sysadmin,general_practitioner,0
9r9yn8,1,1,1.0,1.0,1.0,sysadmin,general_practitioner,0
9rdztk,1,65,16.446153846153845,2.0,1069.0,sysadmin,general_practitioner,0
9re928,1,5,2.4,3.0,12.0,sysadmin,general_practitioner,0
9rft3t,1,18,4.722222222222222,1.5,85.0,sysadmin,general_practitioner,0
9riy9n,1,2,1.0,1.0,2.0,sysadmin,general_practitioner,0
9rhiw9,1,13,2.0,2.0,26.0,sysadmin,general_practitioner,0
9rheas,2,7,2.142857142857143,2.0,15.0,sysadmin,general_practitioner,0
9rk1w0,2,6,4.333333333333333,2.5,26.0,sysadmin,general_practitioner,0
9rl88u,2,11,4.454545454545454,2.0,49.0,sysadmin,general_practitioner,0
9rplmg,1,7,3.142857142857143,2.0,22.0,sysadmin,general_practitioner,0
9rr4z0,1,16,4.1875,1.0,67.0,sysadmin,general_practitioner,0
9rui3y,2,5,3.8,2.0,19.0,sysadmin,general_practitioner,0
9rwjoq,3,3,5.0,5.0,15.0,sysadmin,general_practitioner,0
9rvu9n,1,5,1.8,2.0,9.0,sysadmin,general_practitioner,0
9s2ij8,1,16,5.0625,3.0,81.0,sysadmin,general_practitioner,0
9s45vn,3,11,2.363636363636364,2.0,26.0,sysadmin,general_practitioner,0
9s6jta,2,8,10.5,7.0,84.0,sysadmin,general_practitioner,0
9sda47,3,12,7.583333333333333,3.0,91.0,sysadmin,general_practitioner,0
9sf1rm,1,35,6.085714285714285,1.0,213.0,sysadmin,general_practitioner,0
9so0io,1,49,7.428571428571429,2.0,364.0,sysadmin,general_practitioner,0
9snxfr,1,1,2.0,2.0,2.0,sysadmin,general_practitioner,0
9sp6xq,2,13,5.461538461538462,3.0,71.0,sysadmin,general_practitioner,0
9su5zt,2,5,2.0,2.0,10.0,sysadmin,general_practitioner,0
9syqqg,1,24,8.5,5.0,204.0,sysadmin,general_practitioner,0
9symhu,1,41,11.024390243902438,3.0,452.0,sysadmin,general_practitioner,0
9t0dq1,1,6,0.8333333333333334,1.0,5.0,sysadmin,general_practitioner,0
9t8pwb,3,54,10.24074074074074,2.0,553.0,sysadmin,general_practitioner,0
9takh9,2,13,4.846153846153846,2.0,63.0,sysadmin,general_practitioner,0
9tbrp2,2,1,1.0,1.0,1.0,sysadmin,general_practitioner,0
9tcc4j,2,0,,,,sysadmin,general_practitioner,1
9ticjc,3,4,4.25,2.5,17.0,sysadmin,general_practitioner,0
9tlk5a,1,3,3.0,1.0,9.0,sysadmin,general_practitioner,0
9tp6hu,3,2,4.0,4.0,8.0,sysadmin,general_practitioner,0
9u22vi,1,15,5.266666666666667,3.0,79.0,sysadmin,general_practitioner,0
9udep3,3,50,14.72,3.0,736.0,sysadmin,general_practitioner,0
9udstn,3,7,2.571428571428572,2.0,18.0,sysadmin,general_practitioner,0
9udwkk,2,3,6.0,6.0,18.0,sysadmin,general_practitioner,0
9uokmx,1,44,6.0227272727272725,2.0,265.0,sysadmin,general_practitioner,0
9v4xkd,4,4,3.5,2.0,14.0,sysadmin,general_practitioner,0
9v75j4,1,19,5.2105263157894735,2.0,99.0,sysadmin,general_practitioner,0
9v7nci,1,1,2.0,2.0,2.0,sysadmin,general_practitioner,0
9va7at,1,77,12.844155844155845,2.0,989.0,sysadmin,general_practitioner,0
9vcaw0,2,1,1.0,1.0,1.0,sysadmin,general_practitioner,0
9vcxno,1,10,3.0,2.5,30.0,sysadmin,general_practitioner,0
9veoh4,2,13,3.615384615384616,2.0,47.0,sysadmin,general_practitioner,0
9vgau9,1,1,2.0,2.0,2.0,sysadmin,general_practitioner,0
9vgdy4,3,13,4.846153846153846,3.0,63.0,sysadmin,general_practitioner,0
9vo16h,1,19,7.894736842105263,2.0,150.0,sysadmin,general_practitioner,0
9vojpt,1,18,27.5,4.5,495.0,sysadmin,general_practitioner,0
9vpoqu,1,8,1.75,1.0,14.0,sysadmin,general_practitioner,0
9vxfwe,3,79,22.55696202531645,2.0,1782.0,sysadmin,general_practitioner,0
9w1a38,1,7,2.0,1.0,14.0,sysadmin,general_practitioner,0
9wedg4,2,14,4.5,2.0,63.0,sysadmin,general_practitioner,0
9wd3jv,2,4,2.5,3.0,10.0,sysadmin,general_practitioner,0
9why14,1,10,2.8,2.0,28.0,sysadmin,general_practitioner,0
9wp9op,2,28,2.9642857142857144,1.0,83.0,sysadmin,general_practitioner,0
9wpvij,1,0,,,,sysadmin,general_practitioner,1
9wso5e,2,16,6.75,3.0,108.0,sysadmin,general_practitioner,0
9wsovj,3,3,2.333333333333333,3.0,7.0,sysadmin,general_practitioner,0
9wtk0n,1,13,4.0,2.0,52.0,sysadmin,general_practitioner,0
9wvb46,3,67,5.477611940298507,1.0,367.0,sysadmin,general_practitioner,0
9wxj6p,1,33,9.93939393939394,2.0,328.0,sysadmin,general_practitioner,0
9wxlf4,2,14,3.7857142857142856,3.0,53.0,sysadmin,general_practitioner,0
9wz01b,1,11,3.363636363636364,3.0,37.0,sysadmin,general_practitioner,0
9x4bl7,1,2,3.0,3.0,6.0,sysadmin,general_practitioner,0
9x7f7v,1,7,8.142857142857142,5.0,57.0,sysadmin,general_practitioner,0
9xcwzq,1,340,10.81764705882353,1.0,3678.0,sysadmin,general_practitioner,0
9xpgxj,1,4,1.25,1.0,5.0,sysadmin,general_practitioner,0
9xq6sf,1,13,2.769230769230769,1.0,36.0,sysadmin,general_practitioner,0
9xr3qs,1,0,,,,sysadmin,general_practitioner,1
9xu3hv,1,5,3.6,1.0,18.0,sysadmin,general_practitioner,0
9y1yc8,2,39,9.435897435897436,2.0,368.0,sysadmin,general_practitioner,0
9y19hi,2,17,4.588235294117647,2.0,78.0,sysadmin,general_practitioner,0
9yagxg,1,94,6.042553191489362,2.0,568.0,sysadmin,general_practitioner,0
9ybmn1,1,1,1.0,1.0,1.0,sysadmin,general_practitioner,0
9ygwu2,3,4,1.5,1.0,6.0,sysadmin,general_practitioner,0
9yk50n,2,3,2.333333333333333,1.0,7.0,sysadmin,general_practitioner,0
9yuc3u,2,6,4.666666666666667,3.0,28.0,sysadmin,general_practitioner,0
9yvds7,2,4,5.0,2.0,20.0,sysadmin,general_practitioner,0
9yw0ky,2,3,1.3333333333333333,1.0,4.0,sysadmin,general_practitioner,0
9yw4lm,2,37,5.054054054054054,3.0,187.0,sysadmin,general_practitioner,0
9z4k1z,2,22,11.954545454545457,3.0,263.0,sysadmin,general_practitioner,0
9zadsv,2,7,4.142857142857143,3.0,29.0,sysadmin,general_practitioner,0
9zdoj1,1,58,7.551724137931035,2.0,438.0,sysadmin,general_practitioner,0
9zk4yv,1,28,6.607142857142857,3.5,185.0,sysadmin,general_practitioner,0
a03mjp,1,36,10.194444444444445,2.0,367.0,sysadmin,general_practitioner,0
a0qvmg,4,3,1.3333333333333333,1.0,4.0,sysadmin,general_practitioner,0
a0pq7z,1,10,19.4,13.5,194.0,sysadmin,general_practitioner,0
a0w0do,1,3,2.0,2.0,6.0,sysadmin,general_practitioner,0
a0yxm8,1,5,1.2,1.0,6.0,sysadmin,general_practitioner,0
a14kod,1,43,3.5348837209302326,2.0,152.0,sysadmin,general_practitioner,0
a14pix,3,87,30.919540229885055,3.0,2690.0,sysadmin,general_practitioner,0
a179ej,3,21,7.142857142857143,2.0,150.0,sysadmin,general_practitioner,0
a1bv8m,3,7,2.7142857142857144,2.0,19.0,sysadmin,general_practitioner,0
a1idrx,1,5,1.4,1.0,7.0,sysadmin,general_practitioner,0
a1mijv,1,8,2.5,2.0,20.0,sysadmin,general_practitioner,0
a1o8yn,3,7,4.714285714285714,4.0,33.0,sysadmin,general_practitioner,0
a23v78,1,1,3.0,3.0,3.0,sysadmin,general_practitioner,0
a2mq6x,1,103,12.601941747572816,1.0,1298.0,sysadmin,general_practitioner,0
a2qz2c,1,4,1.5,1.0,6.0,sysadmin,general_practitioner,0
a2rc5i,1,4,5.5,5.0,22.0,sysadmin,general_practitioner,0
a2ucta,1,5,5.2,2.0,26.0,sysadmin,general_practitioner,0
a2y4qw,1,2,1.0,1.0,2.0,sysadmin,general_practitioner,0
a2y7bq,2,39,5.17948717948718,2.0,202.0,sysadmin,general_practitioner,0
a317vz,1,22,5.227272727272728,2.0,115.0,sysadmin,general_practitioner,0
a31piy,1,10,2.0,2.0,20.0,sysadmin,general_practitioner,0
a321lg,1,9,2.4444444444444446,3.0,22.0,sysadmin,general_practitioner,0
a339bl,1,6,1.8333333333333333,1.5,11.0,sysadmin,general_practitioner,0
a345x5,1,8,3.25,2.0,26.0,sysadmin,general_practitioner,0
a3a6ya,4,7,4.428571428571429,2.0,31.0,sysadmin,general_practitioner,0
a3ewor,1,3,3.333333333333333,2.0,10.0,sysadmin,general_practitioner,0
a3l3tq,2,71,7.394366197183099,3.0,525.0,sysadmin,general_practitioner,0
a3md4r,1,6,3.5,3.5,21.0,sysadmin,general_practitioner,0
a3upqu,3,5,1.0,1.0,5.0,sysadmin,general_practitioner,0
a3yll0,2,2,1.5,1.5,3.0,sysadmin,general_practitioner,0
a40b5r,1,50,18.56,2.0,928.0,sysadmin,general_practitioner,0
a41u5g,1,10,16.2,6.0,162.0,sysadmin,general_practitioner,0
a4bn2x,1,9,1.8888888888888888,1.0,17.0,sysadmin,general_practitioner,0
a4kdia,1,8,3.625,1.5,29.0,sysadmin,general_practitioner,0
a4vkxo,1,6,3.6666666666666665,3.5,22.0,sysadmin,general_practitioner,0
a53ftb,1,8,5.875,3.5,47.0,sysadmin,general_practitioner,0
a58ow0,1,2,1.5,1.5,3.0,sysadmin,general_practitioner,0
a5a6ev,3,5,7.8,5.0,39.0,sysadmin,general_practitioner,0
a5ao11,2,4,1.0,1.0,4.0,sysadmin,general_practitioner,0
a5b0c8,1,7,2.7142857142857144,2.0,19.0,sysadmin,general_practitioner,0
a5b0fl,1,9,3.333333333333333,2.0,30.0,sysadmin,general_practitioner,0
a5dmnl,2,14,2.9285714285714284,2.5,41.0,sysadmin,general_practitioner,0
a5jqzo,3,5,8.4,2.0,42.0,sysadmin,general_practitioner,0
a5lhvb,1,7,1.1428571428571428,1.0,8.0,sysadmin,general_practitioner,0
a5mcb7,1,5,5.0,4.0,25.0,sysadmin,general_practitioner,0
a5m5rz,2,6,3.8333333333333335,3.0,23.0,sysadmin,general_practitioner,0
a5mqr0,2,0,,,,sysadmin,general_practitioner,1
a5nsuy,2,6,8.166666666666666,2.5,49.0,sysadmin,general_practitioner,0
a5ojjk,2,11,4.818181818181818,1.0,53.0,sysadmin,general_practitioner,0
a5ougb,2,3,1.6666666666666667,2.0,5.0,sysadmin,general_practitioner,0
a5tjs4,1,0,,,,sysadmin,general_practitioner,1
a5v2bf,3,11,9.636363636363637,6.0,106.0,sysadmin,general_practitioner,0
a61rl3,2,18,3.111111111111111,2.0,56.0,sysadmin,general_practitioner,0
a6d3za,1,4,6.25,3.5,25.0,sysadmin,general_practitioner,0
a6rwj0,3,14,4.857142857142857,3.0,68.0,sysadmin,general_practitioner,0
a7dy8z,1,1,1.0,1.0,1.0,sysadmin,general_practitioner,0
a7g87n,2,1,1.0,1.0,1.0,sysadmin,general_practitioner,0
a7n0s0,1,49,7.36734693877551,3.0,361.0,sysadmin,general_practitioner,0
a7nyrq,2,1,1.0,1.0,1.0,sysadmin,general_practitioner,0
a7odbf,1,45,27.444444444444443,4.0,1235.0,sysadmin,general_practitioner,0
a7vc7i,2,72,7.847222222222222,2.0,565.0,sysadmin,general_practitioner,0
a7yoxh,1,3,1.0,1.0,3.0,sysadmin,general_practitioner,0
a7zjvr,2,26,6.653846153846154,3.0,173.0,sysadmin,general_practitioner,0
a7zn5k,1,47,45.212765957446805,4.0,2125.0,sysadmin,general_practitioner,0
a81o18,1,64,8.703125,1.0,557.0,sysadmin,general_practitioner,0
a88jlx,3,3,2.333333333333333,2.0,7.0,sysadmin,general_practitioner,0
a88zmc,2,10,2.5,1.5,25.0,sysadmin,general_practitioner,0
a8amp3,2,7,3.4285714285714284,1.0,24.0,sysadmin,general_practitioner,0
a8bhhp,2,2,2.5,2.5,5.0,sysadmin,general_practitioner,0
a8qm6f,1,75,13.626666666666669,3.0,1022.0,sysadmin,general_practitioner,0
a9159u,1,6,4.833333333333333,2.5,29.0,sysadmin,general_practitioner,0
a8wsx5,2,6,4.666666666666667,2.5,28.0,sysadmin,general_practitioner,0
a8vuwj,1,585,13.726495726495726,1.0,8030.0,sysadmin,general_practitioner,0
a99966,2,3,1.0,1.0,3.0,sysadmin,general_practitioner,0
a9rj0g,1,6,6.666666666666667,5.0,40.0,sysadmin,general_practitioner,0
a9sffi,2,26,7.423076923076923,2.0,193.0,sysadmin,general_practitioner,0
a9sv8q,3,5,5.4,3.0,27.0,sysadmin,general_practitioner,0
a9td3s,2,8,2.5,1.5,20.0,sysadmin,general_practitioner,0
a9tp2f,1,7,3.857142857142857,3.0,27.0,sysadmin,general_practitioner,0
a9uqmn,2,2,1.0,1.0,2.0,sysadmin,general_practitioner,0
aa1hwb,1,9,2.555555555555556,1.0,23.0,sysadmin,general_practitioner,0
aa4fxh,1,2,1.5,1.5,3.0,sysadmin,general_practitioner,0
aa7s8b,1,1,1.0,1.0,1.0,sysadmin,general_practitioner,0
aabutm,1,42,22.952380952380956,3.5,964.0,sysadmin,general_practitioner,0
aamogu,3,7,11.857142857142858,4.0,83.0,sysadmin,general_practitioner,0
aazxnm,1,30,2.2666666666666666,1.0,68.0,sysadmin,general_practitioner,0
ab4vwi,1,7,7.142857142857143,5.0,50.0,sysadmin,general_practitioner,0
abb5fz,1,26,4.807692307692308,1.0,125.0,sysadmin,general_practitioner,0
abt8cm,1,3,2.0,2.0,6.0,sysadmin,general_practitioner,0
ac9cu7,1,142,26.5,2.0,3763.0,sysadmin,general_practitioner,0
ac8ssy,3,36,17.22222222222222,4.0,620.0,sysadmin,general_practitioner,0
acaqwp,2,14,3.857142857142857,1.0,54.0,sysadmin,general_practitioner,0
acc4hi,2,35,6.228571428571429,3.0,218.0,sysadmin,general_practitioner,0
acctbq,2,8,3.25,3.0,26.0,sysadmin,general_practitioner,0
ach099,1,7,1.8571428571428568,2.0,13.0,sysadmin,general_practitioner,0
acgh0n,4,26,7.615384615384615,1.5,198.0,sysadmin,general_practitioner,0
acl2ub,3,6,2.833333333333333,1.0,17.0,sysadmin,general_practitioner,0
adetwl,1,8,1.5,1.0,12.0,sysadmin,general_practitioner,0
adjmdb,1,28,13.321428571428571,2.0,373.0,sysadmin,general_practitioner,0
adl595,1,26,20.73076923076923,2.5,539.0,sysadmin,general_practitioner,0
adov2i,2,4,2.25,2.5,9.0,sysadmin,general_practitioner,0
adpqx3,1,3,7.0,6.0,21.0,sysadmin,general_practitioner,0
adypnq,1,2,2.5,2.5,5.0,sysadmin,general_practitioner,0
adyvsj,1,4,4.5,4.5,18.0,sysadmin,general_practitioner,0
adz7rx,1,6,1.3333333333333333,1.0,8.0,sysadmin,general_practitioner,0
ae259d,1,6,7.0,3.0,42.0,sysadmin,general_practitioner,0
ae22do,1,28,4.107142857142857,2.0,115.0,sysadmin,general_practitioner,0
ae615j,1,0,,,,sysadmin,general_practitioner,1
ae968r,1,3,3.6666666666666665,5.0,11.0,sysadmin,general_practitioner,0
aeb10l,1,23,7.434782608695652,2.0,171.0,sysadmin,general_practitioner,0
aec3rm,2,1,2.0,2.0,2.0,sysadmin,general_practitioner,0
aefmj3,2,11,4.181818181818182,2.0,46.0,sysadmin,general_practitioner,0
aepeyj,1,4,2.75,2.5,11.0,sysadmin,general_practitioner,0
aeoggf,1,11,3.727272727272727,3.0,41.0,sysadmin,general_practitioner,0
aeqel8,2,7,3.4285714285714284,2.0,24.0,sysadmin,general_practitioner,0
aeup79,2,43,2.86046511627907,1.0,123.0,sysadmin,general_practitioner,0
aey8et,1,5,1.4,1.0,7.0,sysadmin,general_practitioner,0
aeyne2,3,10,3.1,2.0,31.0,sysadmin,general_practitioner,0
aez8mx,2,12,8.833333333333334,6.0,106.0,sysadmin,general_practitioner,0
af0rji,2,3,3.0,3.0,9.0,sysadmin,general_practitioner,0
af28lq,1,8,1.375,1.0,11.0,sysadmin,general_practitioner,0
af39rw,3,6,3.0,2.0,18.0,sysadmin,general_practitioner,0
af5605,1,18,6.333333333333333,3.0,114.0,sysadmin,general_practitioner,0
afpxax,2,25,4.2,2.0,105.0,sysadmin,general_practitioner,0
afty91,1,31,6.645161290322581,2.0,206.0,sysadmin,general_practitioner,0
afwjsj,2,10,2.9,1.0,29.0,sysadmin,general_practitioner,0
afyokf,1,6,1.5,1.5,9.0,sysadmin,general_practitioner,0
afyz9i,2,5,6.6,7.0,33.0,sysadmin,general_practitioner,0
afzzfi,1,4,3.5,2.5,14.0,sysadmin,general_practitioner,0
afzj9g,2,2,2.5,2.5,5.0,sysadmin,general_practitioner,0
ag0j0q,1,2,4.5,4.5,9.0,sysadmin,general_practitioner,0
ag7rk4,3,10,3.3,2.5,33.0,sysadmin,general_practitioner,0
ag8oqu,2,4,6.25,2.0,25.0,sysadmin,general_practitioner,0
ag8kb2,1,8,2.25,1.0,18.0,sysadmin,general_practitioner,0
agcg1m,3,7,1.5714285714285714,1.0,11.0,sysadmin,general_practitioner,0
agg4gy,1,21,7.380952380952381,3.0,155.0,sysadmin,general_practitioner,0
agfugp,4,3,2.333333333333333,3.0,7.0,sysadmin,general_practitioner,0
aghe5g,1,4,2.0,1.5,8.0,sysadmin,general_practitioner,0
agrh67,2,14,3.928571428571429,2.0,55.0,sysadmin,general_practitioner,0
agvu21,1,4,2.5,1.0,10.0,sysadmin,general_practitioner,0
agxya0,1,18,4.222222222222222,2.0,76.0,sysadmin,general_practitioner,0
ah0n6c,1,7,4.714285714285714,1.0,33.0,sysadmin,general_practitioner,0
ah30vb,2,6,2.833333333333333,1.5,17.0,sysadmin,general_practitioner,0
ahcy4r,1,1,2.0,2.0,2.0,sysadmin,general_practitioner,0
ahe0kz,1,2,4.5,4.5,9.0,sysadmin,general_practitioner,0
ahha3i,2,2,1.0,1.0,2.0,sysadmin,general_practitioner,0
ahme8l,3,406,12.67487684729064,1.0,5146.0,sysadmin,general_practitioner,0
ahp0uz,2,10,1.8,2.0,18.0,sysadmin,general_practitioner,0
aics49,1,5,1.0,1.0,5.0,sysadmin,general_practitioner,0
aiczm6,2,3,2.0,2.0,6.0,sysadmin,general_practitioner,0
aike67,1,2,1.0,1.0,2.0,sysadmin,general_practitioner,0
aij5rv,3,88,16.204545454545453,1.0,1426.0,sysadmin,general_practitioner,0
ainkna,2,43,10.488372093023257,2.0,451.0,sysadmin,general_practitioner,0
ain8ct,1,13,2.230769230769231,2.0,29.0,sysadmin,general_practitioner,0
ain8rq,1,35,8.714285714285714,3.0,305.0,sysadmin,general_practitioner,0
aiof3h,1,23,8.826086956521738,4.0,203.0,sysadmin,general_practitioner,0
aio9jm,2,7,8.0,4.0,56.0,sysadmin,general_practitioner,0
aioar4,1,57,19.12280701754386,3.0,1090.0,sysadmin,general_practitioner,0
aiojtg,1,15,5.2,2.0,78.0,sysadmin,general_practitioner,0
aiqzqx,2,5,1.6,1.0,8.0,sysadmin,general_practitioner,0
aj2bmp,1,70,7.985714285714286,2.0,559.0,sysadmin,general_practitioner,0
aj3867,2,27,3.851851851851852,2.0,104.0,sysadmin,general_practitioner,0
aj49eo,1,2,1.0,1.0,2.0,sysadmin,general_practitioner,0
aj6egj,3,11,3.090909090909091,1.0,34.0,sysadmin,general_practitioner,0
ajcro1,3,4,1.75,1.5,7.0,sysadmin,general_practitioner,0
aje1k5,1,6,4.833333333333333,2.5,29.0,sysadmin,general_practitioner,0
ajehpu,1,6,1.1666666666666667,1.0,7.0,sysadmin,general_practitioner,0
ajg14x,2,5,1.8,1.0,9.0,sysadmin,general_practitioner,0
ajg9gv,1,5,2.8,2.0,14.0,sysadmin,general_practitioner,0
aji2iu,1,10,6.1,2.5,61.0,sysadmin,general_practitioner,0
ajpu88,1,150,20.086666666666662,1.0,3013.0,sysadmin,general_practitioner,0
ajryh2,2,6,3.6666666666666665,3.0,22.0,sysadmin,general_practitioner,0
ajw1tr,1,0,,,,sysadmin,general_practitioner,1
ajz3ua,4,67,11.1044776119403,2.0,744.0,sysadmin,general_practitioner,0
ak22bf,1,4,2.25,1.0,9.0,sysadmin,general_practitioner,0
aktbjq,1,35,10.942857142857145,5.0,383.0,sysadmin,general_practitioner,0
al0xqt,1,19,6.578947368421052,3.0,125.0,sysadmin,general_practitioner,0
al1cej,1,7,1.8571428571428568,1.0,13.0,sysadmin,general_practitioner,0
al3psr,4,6,3.8333333333333335,2.0,23.0,sysadmin,general_practitioner,0
al705h,2,11,3.636363636363636,3.0,40.0,sysadmin,general_practitioner,0
al7qqv,2,74,16.81081081081081,2.0,1244.0,sysadmin,general_practitioner,0
albfic,1,38,11.789473684210526,3.0,448.0,sysadmin,general_practitioner,0
algleq,1,25,5.84,2.0,146.0,sysadmin,general_practitioner,0
alltm2,1,44,7.136363636363637,2.0,314.0,sysadmin,general_practitioner,0
alpp62,1,29,5.551724137931035,1.0,161.0,sysadmin,general_practitioner,0
alswlt,3,7,2.571428571428572,2.0,18.0,sysadmin,general_practitioner,0
alv27e,1,4,1.25,1.0,5.0,sysadmin,general_practitioner,0
alxms6,1,3,3.333333333333333,2.0,10.0,sysadmin,general_practitioner,0
am055v,4,8,6.5,3.5,52.0,sysadmin,general_practitioner,0
am14nl,1,247,14.20647773279352,1.0,3509.0,sysadmin,general_practitioner,0
am3vtt,1,9,2.2222222222222223,2.0,20.0,sysadmin,general_practitioner,0
am4bfh,1,8,1.5,1.0,12.0,sysadmin,general_practitioner,0
am7b91,1,7,5.285714285714286,5.0,37.0,sysadmin,general_practitioner,0
amfgk6,2,2,2.0,2.0,4.0,sysadmin,general_practitioner,0
amsvn3,1,9,2.7777777777777777,2.0,25.0,sysadmin,general_practitioner,0
anbnot,1,10,6.1,2.5,61.0,sysadmin,general_practitioner,0
aneise,1,3,0.6666666666666666,1.0,2.0,sysadmin,general_practitioner,0
aniuwr,1,2,2.0,2.0,4.0,sysadmin,general_practitioner,0
ank7q3,1,13,5.846153846153846,3.0,76.0,sysadmin,general_practitioner,0
anko01,1,84,17.083333333333332,2.0,1435.0,sysadmin,general_practitioner,0
ans5te,2,102,29.91176470588235,2.0,3051.0,sysadmin,general_practitioner,0
anumc8,1,0,,,,sysadmin,general_practitioner,1
anxaqd,1,3,1.6666666666666667,1.0,5.0,sysadmin,general_practitioner,0
ao3lgn,2,4,3.0,2.0,12.0,sysadmin,general_practitioner,0
ao6659,1,4,1.5,1.5,6.0,sysadmin,general_practitioner,0
ao6h6g,1,4,3.25,2.5,13.0,sysadmin,general_practitioner,0
aodiva,2,1,2.0,2.0,2.0,sysadmin,general_practitioner,0
aoez7i,1,32,5.9375,2.0,190.0,sysadmin,general_practitioner,0
aohy1f,2,5,5.4,3.0,27.0,sysadmin,general_practitioner,0
aolcdz,1,3,1.6666666666666667,1.0,5.0,sysadmin,general_practitioner,0
apa4f7,1,16,4.375,2.0,70.0,sysadmin,general_practitioner,0
api49g,1,10,2.9,1.5,29.0,sysadmin,general_practitioner,0
aphy8f,1,14,3.928571428571429,2.0,55.0,sysadmin,general_practitioner,0
aprlsk,1,83,5.036144578313253,1.0,418.0,sysadmin,general_practitioner,0
apvi3e,2,9,2.7777777777777777,2.0,25.0,sysadmin,general_practitioner,0
aq063a,1,31,20.548387096774192,5.0,637.0,sysadmin,general_practitioner,0
aq0nj4,1,3,0.3333333333333333,1.0,1.0,sysadmin,general_practitioner,0
aq49kr,1,2,2.0,2.0,4.0,sysadmin,general_practitioner,0
aq3z0d,1,15,5.866666666666666,3.0,88.0,sysadmin,general_practitioner,0
aq5sk6,3,10,1.7,1.0,17.0,sysadmin,general_practitioner,0
aqhtr6,1,5,5.0,2.0,25.0,sysadmin,general_practitioner,0
aqjgem,3,69,6.884057971014493,2.0,475.0,sysadmin,general_practitioner,0
ar98bu,2,2,1.5,1.5,3.0,sysadmin,general_practitioner,0
ar9yep,1,6,1.5,1.0,9.0,sysadmin,general_practitioner,0
are0zq,1,0,,,,sysadmin,general_practitioner,1
armaxl,4,56,21.053571428571427,5.5,1179.0,sysadmin,general_practitioner,0
arvsoy,1,88,11.227272727272728,2.0,988.0,sysadmin,general_practitioner,0
ary0ys,1,4,2.5,2.0,10.0,sysadmin,general_practitioner,0
as1fcf,1,4,1.75,2.5,7.0,sysadmin,general_practitioner,0
ase2ic,1,2,2.5,2.5,5.0,sysadmin,general_practitioner,0
asdij1,1,2,1.5,1.5,3.0,sysadmin,general_practitioner,0
asfkm0,1,1,2.0,2.0,2.0,sysadmin,general_practitioner,0
asho96,3,7,1.5714285714285714,1.0,11.0,sysadmin,general_practitioner,0
aspayz,1,2,1.0,1.0,2.0,sysadmin,general_practitioner,0
aspx45,2,2,1.0,1.0,2.0,sysadmin,general_practitioner,0
asr4wj,3,4,1.5,1.5,6.0,sysadmin,general_practitioner,0
aswg4z,1,55,11.0,4.0,605.0,sysadmin,general_practitioner,0
at5jef,1,4,1.5,1.5,6.0,sysadmin,general_practitioner,0
at6wqq,3,35,15.314285714285717,6.0,536.0,sysadmin,general_practitioner,0
at6zp0,2,6,1.3333333333333333,1.5,8.0,sysadmin,general_practitioner,0
atftkb,2,6,2.833333333333333,1.0,17.0,sysadmin,general_practitioner,0
ati3eb,2,3,1.6666666666666667,1.0,5.0,sysadmin,general_practitioner,0
atjl10,1,15,5.266666666666667,3.0,79.0,sysadmin,general_practitioner,0
atlis2,1,5,6.4,4.0,32.0,sysadmin,general_practitioner,0
atqfzr,1,55,15.945454545454544,2.0,877.0,sysadmin,general_practitioner,0
atuh1j,2,15,18.6,3.0,279.0,sysadmin,general_practitioner,0
au2n6n,1,18,9.333333333333334,3.0,168.0,sysadmin,general_practitioner,0
au42nu,1,9,14.444444444444445,3.0,130.0,sysadmin,general_practitioner,0
aueicp,3,35,2.4285714285714284,1.0,85.0,sysadmin,general_practitioner,0
aultw1,1,21,3.4285714285714284,2.0,72.0,sysadmin,general_practitioner,0
aum7ow,1,13,1.9230769230769231,2.0,25.0,sysadmin,general_practitioner,0
aumm5x,4,189,4.306878306878307,1.0,814.0,sysadmin,general_practitioner,0
aunk64,1,29,9.10344827586207,3.0,264.0,sysadmin,general_practitioner,0
auyrar,1,128,9.15625,1.0,1172.0,sysadmin,general_practitioner,0
av39j5,3,1,1.0,1.0,1.0,sysadmin,general_practitioner,0
av3gqc,1,18,3.7222222222222223,2.0,67.0,sysadmin,general_practitioner,0
av8eql,4,2,4.0,4.0,8.0,sysadmin,general_practitioner,0
avis0x,3,4,1.0,1.0,4.0,sysadmin,general_practitioner,0
avm740,3,43,11.581395348837209,3.0,498.0,sysadmin,general_practitioner,0
avm6nf,2,2,2.0,2.0,4.0,sysadmin,general_practitioner,0
avmehw,1,13,5.615384615384615,3.0,73.0,sysadmin,general_practitioner,0
avw620,1,3,1.0,1.0,3.0,sysadmin,general_practitioner,0
avwk8p,1,1,1.0,1.0,1.0,sysadmin,general_practitioner,0
aw7i4h,2,5,2.2,2.0,11.0,sysadmin,general_practitioner,0
aw9gs0,1,2,1.0,1.0,2.0,sysadmin,general_practitioner,0
awab2q,3,64,28.640625,3.0,1833.0,sysadmin,general_practitioner,0
awdac6,1,2,1.5,1.5,3.0,sysadmin,general_practitioner,0
aww6s1,1,15,8.533333333333333,5.0,128.0,sysadmin,general_practitioner,0
ax98sg,2,133,9.097744360902256,1.0,1210.0,sysadmin,general_practitioner,0
ax9tx9,1,14,4.142857142857143,2.5,58.0,sysadmin,general_practitioner,0
axav0y,3,21,8.333333333333334,3.0,175.0,sysadmin,general_practitioner,0
axfr8d,2,9,2.111111111111111,1.0,19.0,sysadmin,general_practitioner,0
axk3y6,1,20,4.1,2.0,82.0,sysadmin,general_practitioner,0
axlcb9,4,16,5.5625,2.0,89.0,sysadmin,general_practitioner,0
axrqic,2,27,4.444444444444445,1.0,120.0,sysadmin,general_practitioner,0
ay131k,2,32,4.46875,2.0,143.0,sysadmin,general_practitioner,0
ay9csm,2,5,3.0,2.0,15.0,sysadmin,general_practitioner,0
aydpfl,1,2,3.5,3.5,7.0,sysadmin,general_practitioner,0
aygm1m,2,2,1.0,1.0,2.0,sysadmin,general_practitioner,0
ayiryy,2,21,3.952380952380953,2.0,83.0,sysadmin,general_practitioner,0
aysb77,1,2,1.0,1.0,2.0,sysadmin,general_practitioner,0
ayxpax,2,7,2.7142857142857144,1.0,19.0,sysadmin,general_practitioner,0
azku96,1,17,6.411764705882353,1.0,109.0,sysadmin,general_practitioner,0
azvdnk,3,25,3.72,2.0,93.0,sysadmin,general_practitioner,0
azwxe4,1,12,2.25,1.0,27.0,sysadmin,general_practitioner,0
azxszf,1,30,4.566666666666666,1.5,137.0,sysadmin,general_practitioner,0
b08o3n,2,3,1.6666666666666667,2.0,5.0,sysadmin,general_practitioner,0
b0m3sg,2,105,7.866666666666666,2.0,826.0,sysadmin,general_practitioner,0
b0mmy2,3,20,3.8,2.5,76.0,sysadmin,general_practitioner,0
b0pujw,2,21,6.190476190476191,3.0,130.0,sysadmin,general_practitioner,0
b0qrp8,1,6,1.1666666666666667,1.0,7.0,sysadmin,general_practitioner,0
b0ps5a,1,63,10.015873015873016,2.0,631.0,sysadmin,general_practitioner,0
b0tm3x,3,4,2.5,2.0,10.0,sysadmin,general_practitioner,0
b0ult2,1,6,3.6666666666666665,2.5,22.0,sysadmin,general_practitioner,0
b12b3p,1,36,4.611111111111111,3.0,166.0,sysadmin,general_practitioner,0
b14q54,1,5,2.2,2.0,11.0,sysadmin,general_practitioner,0
b148ip,2,9,3.111111111111111,2.0,28.0,sysadmin,general_practitioner,0
b16vvl,2,19,10.578947368421051,1.0,201.0,sysadmin,general_practitioner,0
b1fsfh,2,8,2.625,2.5,21.0,sysadmin,general_practitioner,0
b1h1tx,2,9,3.555555555555556,3.0,32.0,sysadmin,general_practitioner,0
b1kwws,1,11,3.5454545454545454,2.0,39.0,sysadmin,general_practitioner,0
b1zcsv,1,15,14.2,9.0,213.0,sysadmin,general_practitioner,0
b1zl56,1,12,25.75,2.0,309.0,sysadmin,general_practitioner,0
b2i4cx,1,3,2.6666666666666665,2.0,8.0,sysadmin,general_practitioner,0
b2je8j,1,3,1.6666666666666667,1.0,5.0,sysadmin,general_practitioner,0
b2k9cr,1,6,2.333333333333333,2.0,14.0,sysadmin,general_practitioner,0
b2ysmv,3,11,10.818181818181818,5.0,119.0,sysadmin,general_practitioner,0
b32g2i,2,99,6.252525252525253,1.0,619.0,sysadmin,general_practitioner,0
b34tl5,1,0,,,,sysadmin,general_practitioner,1
b386v2,2,25,8.68,2.0,217.0,sysadmin,general_practitioner,0
b3durx,1,36,5.833333333333333,2.0,210.0,sysadmin,general_practitioner,0
b3ghbi,1,186,9.774193548387096,2.0,1818.0,sysadmin,general_practitioner,0
b3h67m,1,1,3.0,3.0,3.0,sysadmin,general_practitioner,0
b3kqxr,2,3,1.6666666666666667,1.0,5.0,sysadmin,general_practitioner,0
b3myjb,2,21,2.333333333333333,1.0,49.0,sysadmin,general_practitioner,0
b3pgur,1,5,1.6,2.0,8.0,sysadmin,general_practitioner,0
b3uv1q,1,13,2.769230769230769,1.0,36.0,sysadmin,general_practitioner,0
b3w7ma,1,9,1.2222222222222223,1.0,11.0,sysadmin,general_practitioner,0
b43jf2,3,31,5.419354838709677,2.0,168.0,sysadmin,general_practitioner,0
b45oyz,3,14,5.428571428571429,3.0,76.0,sysadmin,general_practitioner,0
b4ay25,1,4,13.0,11.0,52.0,sysadmin,general_practitioner,0
b4cdw2,1,3,1.6666666666666667,2.0,5.0,sysadmin,general_practitioner,0
b4k2gx,2,110,12.418181818181818,2.0,1366.0,sysadmin,general_practitioner,0
b4npw9,1,12,3.1666666666666665,3.0,38.0,sysadmin,general_practitioner,0
b4nanb,2,23,5.043478260869565,2.0,116.0,sysadmin,general_practitioner,0
b4z9y2,2,4,2.5,1.5,10.0,sysadmin,general_practitioner,0
b549hi,3,10,2.0,2.0,20.0,sysadmin,general_practitioner,0
b5dh4q,1,6,2.0,1.0,12.0,sysadmin,general_practitioner,0
b5ej6y,2,2,2.0,2.0,4.0,sysadmin,general_practitioner,0
b5fg4f,2,3,2.6666666666666665,2.0,8.0,sysadmin,general_practitioner,0
b5gfnp,1,8,5.25,3.0,42.0,sysadmin,general_practitioner,0
b5j63h,1,4,4.25,3.0,17.0,sysadmin,general_practitioner,0
b5qapj,3,22,5.227272727272728,1.0,115.0,sysadmin,general_practitioner,0
b5s0x4,1,4,1.0,1.0,4.0,sysadmin,general_practitioner,0
b64asl,1,2,1.0,1.0,2.0,sysadmin,general_practitioner,0
b65i7u,1,13,3.230769230769231,2.0,42.0,sysadmin,general_practitioner,0
b66rn8,1,5,8.0,6.0,40.0,sysadmin,general_practitioner,0
b6jtd8,1,42,3.5476190476190474,1.0,149.0,sysadmin,general_practitioner,0
b6jvpa,2,27,2.6666666666666665,1.0,72.0,sysadmin,general_practitioner,0
b6le8q,2,3,1.3333333333333333,1.0,4.0,sysadmin,general_practitioner,0
b6musg,1,8,2.0,2.0,16.0,sysadmin,general_practitioner,0
b6n5te,2,25,2.76,2.0,69.0,sysadmin,general_practitioner,0
b6mrwr,4,7,4.857142857142857,3.0,34.0,sysadmin,general_practitioner,0
b6pr6o,1,2,2.0,2.0,4.0,sysadmin,general_practitioner,0
b6qcwk,1,2,1.5,1.5,3.0,sysadmin,general_practitioner,0
b6rbo9,2,45,8.71111111111111,2.0,392.0,sysadmin,general_practitioner,0
b6vw96,1,33,7.393939393939394,3.0,244.0,sysadmin,general_practitioner,0
b6x6km,3,82,8.268292682926829,2.0,678.0,sysadmin,general_practitioner,0
b705k3,1,5,5.0,2.0,25.0,sysadmin,general_practitioner,0
b7139x,2,5,1.8,1.0,9.0,sysadmin,general_practitioner,0
b71x40,1,12,2.9166666666666665,1.0,35.0,sysadmin,general_practitioner,0
b7gtqs,1,82,14.78048780487805,1.5,1212.0,sysadmin,general_practitioner,0
b7j10u,3,3,2.6666666666666665,3.0,8.0,sysadmin,general_practitioner,0
b7k9u3,1,9,6.444444444444445,2.0,58.0,sysadmin,general_practitioner,0
b7p212,3,56,15.232142857142858,2.0,853.0,sysadmin,general_practitioner,0
b7lxwf,2,105,10.504761904761905,3.0,1103.0,sysadmin,general_practitioner,0
b84i32,3,13,2.0,2.0,26.0,sysadmin,general_practitioner,0
b845pn,4,5,4.0,3.0,20.0,sysadmin,general_practitioner,0
b844j0,1,3,1.6666666666666667,1.0,5.0,sysadmin,general_practitioner,0
b85ngw,1,11,3.090909090909091,2.0,34.0,sysadmin,general_practitioner,0
b87jpt,1,7,1.7142857142857142,1.0,12.0,sysadmin,general_practitioner,0
b8addu,1,15,4.6,3.0,69.0,sysadmin,general_practitioner,0
b8b6ds,2,3,3.333333333333333,3.0,10.0,sysadmin,general_practitioner,0
b8bq77,3,6,2.5,2.5,15.0,sysadmin,general_practitioner,0
b8j8gj,2,2,2.0,2.0,4.0,sysadmin,general_practitioner,0
b8kaeg,2,8,5.25,2.0,42.0,sysadmin,general_practitioner,0
b8q0sl,1,3,2.0,2.0,6.0,sysadmin,general_practitioner,0
b8tpzk,2,9,3.0,3.0,27.0,sysadmin,general_practitioner,0
b8y98k,2,13,3.8461538461538463,2.0,50.0,sysadmin,general_practitioner,0
b9dkfx,3,164,4.9573170731707314,1.0,813.0,sysadmin,general_practitioner,0
b9diw8,1,6,1.0,1.0,6.0,sysadmin,general_practitioner,0
b9ewiq,1,2,1.5,1.5,3.0,sysadmin,general_practitioner,0
b9ji48,1,14,4.5,1.5,63.0,sysadmin,general_practitioner,0
b9kgzc,1,2,2.5,2.5,5.0,sysadmin,general_practitioner,0
b9rbzb,1,19,2.6842105263157894,1.0,51.0,sysadmin,general_practitioner,0
b9vemp,1,13,9.538461538461538,5.0,124.0,sysadmin,general_practitioner,0
ba01gl,1,4,2.25,2.0,9.0,sysadmin,general_practitioner,0
ba5a4r,1,27,10.11111111111111,3.0,273.0,sysadmin,general_practitioner,0
baiu4j,2,7,9.714285714285714,3.0,68.0,sysadmin,general_practitioner,0
bal6wy,2,1,9.0,9.0,9.0,sysadmin,general_practitioner,0
barsn3,1,53,7.830188679245283,1.0,415.0,sysadmin,general_practitioner,0
battyv,1,15,5.333333333333333,1.0,80.0,sysadmin,general_practitioner,0
baxvpq,2,5,3.6,3.0,18.0,sysadmin,general_practitioner,0
bb1uw9,2,7,1.5714285714285714,1.0,11.0,sysadmin,general_practitioner,0
bb8mqg,1,2,2.5,2.5,5.0,sysadmin,general_practitioner,0
bb7drs,1,5,1.8,2.0,9.0,sysadmin,general_practitioner,0
bb8y01,1,17,7.529411764705882,3.0,128.0,sysadmin,general_practitioner,0
bb9t8n,2,25,5.76,2.0,144.0,sysadmin,general_practitioner,0
bblou4,1,6,4.5,4.5,27.0,sysadmin,general_practitioner,0
bbqnr3,1,4,2.5,2.5,10.0,sysadmin,general_practitioner,0
bbq5uz,1,4,1.0,1.0,4.0,sysadmin,general_practitioner,0
bbvddb,3,17,5.0588235294117645,3.0,86.0,sysadmin,general_practitioner,0
bbwse6,2,8,1.5,1.0,12.0,sysadmin,general_practitioner,0
bbxslz,1,103,15.9126213592233,3.0,1639.0,sysadmin,general_practitioner,0
bc0kht,2,2,2.5,2.5,5.0,sysadmin,general_practitioner,0
bc10lq,2,36,4.388888888888889,2.0,158.0,sysadmin,general_practitioner,0
bc31xq,1,99,6.373737373737374,1.0,631.0,sysadmin,general_practitioner,0
bc4zt7,1,50,5.0,1.0,250.0,sysadmin,general_practitioner,0
bc77dq,2,3,1.0,1.0,3.0,sysadmin,general_practitioner,0
bcko95,1,2,1.0,1.0,2.0,sysadmin,general_practitioner,0
bcrfko,1,7,1.4285714285714286,1.0,10.0,sysadmin,general_practitioner,0
bd2xg3,1,19,4.421052631578948,2.0,84.0,sysadmin,general_practitioner,0
bd3w0a,2,23,2.130434782608696,1.0,49.0,sysadmin,general_practitioner,0
bdjnp0,2,2,1.5,1.5,3.0,sysadmin,general_practitioner,0
bdvb2s,1,63,16.6984126984127,4.0,1052.0,sysadmin,general_practitioner,0
bdz83a,1,8,3.25,2.0,26.0,sysadmin,general_practitioner,0
be6vwj,1,25,11.44,4.0,286.0,sysadmin,general_practitioner,0
be7u9n,1,2,2.5,2.5,5.0,sysadmin,general_practitioner,0
be7vb2,1,11,6.363636363636363,4.0,70.0,sysadmin,general_practitioner,0
beablg,1,5,1.8,1.0,9.0,sysadmin,general_practitioner,0
beaxn2,1,5,1.0,1.0,5.0,sysadmin,general_practitioner,0
bedrvt,2,19,8.421052631578947,3.0,160.0,sysadmin,general_practitioner,0
bem6nk,1,4,4.75,2.5,19.0,sysadmin,general_practitioner,0
beo6ra,1,3,2.0,1.0,6.0,sysadmin,general_practitioner,0
bepik2,1,1,1.0,1.0,1.0,sysadmin,general_practitioner,0
ber55q,1,4,1.5,1.0,6.0,sysadmin,general_practitioner,0
bf29gu,1,6,2.5,1.5,15.0,sysadmin,general_practitioner,0
bf334e,2,24,12.083333333333334,2.0,290.0,sysadmin,general_practitioner,0
bficbo,1,27,7.2592592592592595,3.0,196.0,sysadmin,general_practitioner,0
bgk9kq,1,12,4.083333333333333,3.0,49.0,sysadmin,general_practitioner,0
bglwi3,1,7,4.714285714285714,4.0,33.0,sysadmin,general_practitioner,0
bgoddd,2,121,17.619834710743802,2.0,2132.0,sysadmin,general_practitioner,0
bgqo48,1,22,6.318181818181818,2.0,139.0,sysadmin,general_practitioner,0
bgrh5j,1,4,4.75,4.0,19.0,sysadmin,general_practitioner,0
bgvap4,1,46,29.80434782608696,3.0,1371.0,sysadmin,general_practitioner,0
bh3pi8,1,4,1.75,1.5,7.0,sysadmin,general_practitioner,0
bh9pgg,1,14,6.857142857142857,3.0,96.0,sysadmin,general_practitioner,0
bhbr65,4,35,14.8,3.0,518.0,sysadmin,general_practitioner,0
bhcepf,1,10,8.0,1.0,80.0,sysadmin,general_practitioner,0
bhkc2h,1,5,2.2,2.0,11.0,sysadmin,general_practitioner,0
bhn9vr,1,43,23.79069767441861,3.0,1023.0,sysadmin,general_practitioner,0
bhoos6,1,6,1.1666666666666667,1.0,7.0,sysadmin,general_practitioner,0
bhs546,1,3,2.0,2.0,6.0,sysadmin,general_practitioner,0
bhz3mv,3,15,12.666666666666666,4.0,190.0,sysadmin,general_practitioner,0
bi0rzo,1,16,5.75,1.5,92.0,sysadmin,general_practitioner,0
bi9463,1,16,6.6875,2.5,107.0,sysadmin,general_practitioner,0
bitd6d,2,10,1.7,1.5,17.0,sysadmin,general_practitioner,0
bj0dra,2,10,4.2,4.0,42.0,sysadmin,general_practitioner,0
bj1pei,1,13,4.076923076923077,2.0,53.0,sysadmin,general_practitioner,0
bj38cb,2,10,5.7,1.0,57.0,sysadmin,general_practitioner,0
bjis44,2,4,3.75,3.0,15.0,sysadmin,general_practitioner,0
bjjoh5,1,4,3.25,3.5,13.0,sysadmin,general_practitioner,0
bjml0o,2,20,2.05,1.0,41.0,sysadmin,general_practitioner,0
bjttat,1,1,1.0,1.0,1.0,sysadmin,general_practitioner,0
bjxsoh,1,4,1.25,1.0,5.0,sysadmin,general_practitioner,0
bk1xr7,2,23,4.260869565217392,2.0,98.0,sysadmin,general_practitioner,0
bk6l9e,1,40,7.75,2.0,310.0,sysadmin,general_practitioner,0
bk73bk,1,17,5.117647058823529,2.0,87.0,sysadmin,general_practitioner,0
bkbdnq,1,300,16.753333333333334,2.0,5026.0,sysadmin,general_practitioner,0
bkesfk,1,20,13.2,2.5,264.0,sysadmin,general_practitioner,0
bkqgqy,3,9,4.0,2.0,36.0,sysadmin,general_practitioner,0
blvwkd,1,1,2.0,2.0,2.0,sysadmin,general_practitioner,0
blx5n7,2,6,10.833333333333334,4.0,65.0,sysadmin,general_practitioner,0
bm07lr,1,13,8.23076923076923,5.0,107.0,sysadmin,general_practitioner,0
bmbcty,1,5,4.0,2.0,20.0,sysadmin,general_practitioner,0
bmbmsp,1,10,2.6,1.0,26.0,sysadmin,general_practitioner,0
bmk9lq,1,2,4.0,4.0,8.0,sysadmin,general_practitioner,0
bmmfgt,2,17,8.117647058823529,3.0,138.0,sysadmin,general_practitioner,0
bmq08p,1,0,,,,sysadmin,general_practitioner,1
bmyk0s,1,6,2.5,2.5,15.0,sysadmin,general_practitioner,0
bmzbw6,1,13,2.3846153846153846,1.0,31.0,sysadmin,general_practitioner,0
bn0z4u,2,2,1.0,1.0,2.0,sysadmin,general_practitioner,0
bn38pp,2,53,23.77358490566038,5.0,1260.0,sysadmin,general_practitioner,0
bnf9bu,4,4,2.0,1.5,8.0,sysadmin,general_practitioner,0
bnppop,1,3,3.0,2.0,9.0,sysadmin,general_practitioner,0
bo4jsl,4,5,1.4,1.0,7.0,sysadmin,general_practitioner,0
bo5a6e,2,16,4.125,1.0,66.0,sysadmin,general_practitioner,0
bo9wm7,1,10,3.4,1.5,34.0,sysadmin,general_practitioner,0
bod6y6,3,31,5.483870967741935,2.0,170.0,sysadmin,general_practitioner,0
bogshq,1,4,4.75,3.0,19.0,sysadmin,general_practitioner,0
bogqwz,3,4,2.0,1.5,8.0,sysadmin,general_practitioner,0
boixky,1,7,1.5714285714285714,1.0,11.0,sysadmin,general_practitioner,0
boit4k,1,145,8.096551724137932,2.0,1174.0,sysadmin,general_practitioner,0
bonfnz,1,5,4.2,4.0,21.0,sysadmin,general_practitioner,0
bonpll,1,3,2.333333333333333,1.0,7.0,sysadmin,general_practitioner,0
bosv44,1,30,8.1,2.0,243.0,sysadmin,general_practitioner,0
boz0a6,1,8,1.75,1.0,14.0,sysadmin,general_practitioner,0
bp61pa,1,2,6.5,6.5,13.0,sysadmin,general_practitioner,0
bp6dn1,1,3,1.3333333333333333,1.0,4.0,sysadmin,general_practitioner,0
bpawh7,1,11,5.0,2.0,55.0,sysadmin,general_practitioner,0
bphe9p,1,15,1.1333333333333333,1.0,17.0,sysadmin,general_practitioner,0
bpi4aq,2,3,2.333333333333333,2.0,7.0,sysadmin,general_practitioner,0
bpx8gt,1,1,7.0,7.0,7.0,sysadmin,general_practitioner,0
bpxmra,1,25,3.0,1.0,75.0,sysadmin,general_practitioner,0
bq9bte,2,25,5.52,2.0,138.0,sysadmin,general_practitioner,0
bqvupc,2,70,4.057142857142857,2.0,284.0,sysadmin,general_practitioner,0
bqwdyv,1,18,4.166666666666667,2.0,75.0,sysadmin,general_practitioner,0
br9jjd,2,19,4.526315789473684,1.0,86.0,sysadmin,general_practitioner,0
brb0wj,3,15,2.6666666666666665,1.0,40.0,sysadmin,general_practitioner,0
brciba,2,8,2.25,2.0,18.0,sysadmin,general_practitioner,0
brcwqn,3,1,1.0,1.0,1.0,sysadmin,general_practitioner,0
brrkwu,2,2,2.5,2.5,5.0,sysadmin,general_practitioner,0
brxm8v,1,5,2.8,2.0,14.0,sysadmin,general_practitioner,0
brvitx,1,11,9.909090909090908,3.0,109.0,sysadmin,general_practitioner,0
bs6q02,1,0,,,,sysadmin,general_practitioner,1
bs6kig,2,3,1.3333333333333333,1.0,4.0,sysadmin,general_practitioner,0
bse78o,1,25,4.84,3.0,121.0,sysadmin,general_practitioner,0
bshv4b,1,1,2.0,2.0,2.0,sysadmin,general_practitioner,0
bsi0js,1,18,1.6111111111111112,1.0,29.0,sysadmin,general_practitioner,0
btjlv2,1,37,5.0,2.0,185.0,sysadmin,general_practitioner,0
btzvvc,1,23,3.0869565217391304,1.0,71.0,sysadmin,general_practitioner,0
bu1awc,1,42,4.619047619047619,1.0,194.0,sysadmin,general_practitioner,0
bu2mqx,1,1,1.0,1.0,1.0,sysadmin,general_practitioner,0
bu46ay,1,8,14.25,1.5,114.0,sysadmin,general_practitioner,0
bu5613,1,56,6.267857142857143,1.0,351.0,sysadmin,general_practitioner,0
bu7znu,1,0,,,,sysadmin,general_practitioner,1
bu9exh,3,72,7.666666666666667,1.0,552.0,sysadmin,general_practitioner,0
buf0u5,2,3,2.333333333333333,3.0,7.0,sysadmin,general_practitioner,0
buly2t,1,5,1.0,1.0,5.0,sysadmin,general_practitioner,0
butdhn,2,10,0.9,1.0,9.0,sysadmin,general_practitioner,0
butdey,1,15,3.2666666666666666,2.0,49.0,sysadmin,general_practitioner,0
buujl6,2,4,4.0,2.5,16.0,sysadmin,general_practitioner,0
bux9fr,1,2,1.0,1.0,2.0,sysadmin,general_practitioner,0
buzj7r,2,134,12.305970149253731,1.0,1649.0,sysadmin,general_practitioner,0
bv2no0,2,4,2.25,2.0,9.0,sysadmin,general_practitioner,0
bv5fq6,1,9,3.555555555555556,2.0,32.0,sysadmin,general_practitioner,0
bvr66a,1,4,11.25,3.5,45.0,sysadmin,general_practitioner,0
bvuqow,2,6,3.333333333333333,2.5,20.0,sysadmin,general_practitioner,0
bw9wft,2,10,4.9,4.5,49.0,sysadmin,general_practitioner,0
bwde4h,1,4,2.0,2.0,8.0,sysadmin,general_practitioner,0
bwhzre,1,68,17.705882352941178,2.0,1204.0,sysadmin,general_practitioner,0
bwhzuz,1,5,10.8,6.0,54.0,sysadmin,general_practitioner,0
bwjrt3,2,26,12.384615384615383,4.5,322.0,sysadmin,general_practitioner,0
bwn40r,2,2,2.5,2.5,5.0,sysadmin,general_practitioner,0
bws0tg,1,8,6.375,4.5,51.0,sysadmin,general_practitioner,0
bwsubz,2,22,9.772727272727272,6.5,215.0,sysadmin,general_practitioner,0
bwvxfc,1,6,1.6666666666666667,2.0,10.0,sysadmin,general_practitioner,0
bx1z5h,1,32,1.375,1.0,44.0,sysadmin,general_practitioner,0
bx4od6,1,3,2.6666666666666665,2.0,8.0,sysadmin,general_practitioner,0
bxhv74,3,5,2.6,3.0,13.0,sysadmin,general_practitioner,0
bxntqn,1,3,2.333333333333333,3.0,7.0,sysadmin,general_practitioner,0
by1ojp,3,61,21.0327868852459,3.0,1283.0,sysadmin,general_practitioner,0
by5n48,3,5,15.2,11.0,76.0,sysadmin,general_practitioner,0
byabgl,3,21,6.0,2.0,126.0,sysadmin,general_practitioner,0
byxy4y,1,2,1.0,1.0,2.0,sysadmin,general_practitioner,0
bykjm5,3,23,5.826086956521739,2.0,134.0,sysadmin,general_practitioner,0
bz423n,1,2,1.0,1.0,2.0,sysadmin,general_practitioner,0
bz7n9y,2,17,10.294117647058824,3.0,175.0,sysadmin,general_practitioner,0
bzcu6a,1,9,6.333333333333333,2.0,57.0,sysadmin,general_practitioner,0
bzg4ze,3,2,3.5,3.5,7.0,sysadmin,general_practitioner,0
bzj9ji,1,5,3.2,2.0,16.0,sysadmin,general_practitioner,0
bzi6vz,3,1,1.0,1.0,1.0,sysadmin,general_practitioner,0
bzm93d,2,4,2.75,3.0,11.0,sysadmin,general_practitioner,0
bzzked,3,11,1.2727272727272727,1.0,14.0,sysadmin,general_practitioner,0
c0holj,2,92,7.489130434782608,2.0,689.0,sysadmin,general_practitioner,0
c0mjcf,3,12,7.0,1.0,84.0,sysadmin,general_practitioner,0
c0mxjv,1,18,5.666666666666667,4.0,102.0,sysadmin,general_practitioner,0
c0p34h,2,4,2.25,2.0,9.0,sysadmin,general_practitioner,0
c11ilv,2,7,4.285714285714286,2.0,30.0,sysadmin,general_practitioner,0
c18uu9,1,10,4.2,3.5,42.0,sysadmin,general_practitioner,0
c1peb1,1,1,1.0,1.0,1.0,sysadmin,general_practitioner,0
c1vx1u,1,3,2.0,2.0,6.0,sysadmin,general_practitioner,0
c2bn5v,1,24,11.041666666666666,3.5,265.0,sysadmin,general_practitioner,0
c2jdj1,1,2,8.0,8.0,16.0,sysadmin,general_practitioner,0
c2lqoy,3,5,1.2,1.0,6.0,sysadmin,general_practitioner,0
c2o4z4,2,5,5.6,2.0,28.0,sysadmin,general_practitioner,0
c2zw7x,4,28,20.75,6.0,581.0,sysadmin,general_practitioner,0
c315m4,2,14,2.642857142857143,1.0,37.0,sysadmin,general_practitioner,0
c36jhl,2,8,8.0,6.0,64.0,sysadmin,general_practitioner,0
c3a1bw,1,32,5.3125,1.5,170.0,sysadmin,general_practitioner,0
c3av39,1,6,2.833333333333333,2.5,17.0,sysadmin,general_practitioner,0
c3d2ic,1,3,1.0,1.0,3.0,sysadmin,general_practitioner,0
c3g0m3,1,5,4.4,3.0,22.0,sysadmin,general_practitioner,0
c3ye9h,1,4,1.25,1.5,5.0,sysadmin,general_practitioner,0
c4h0ti,1,21,6.190476190476191,3.0,130.0,sysadmin,general_practitioner,0
c4ndk4,1,3,4.666666666666667,6.0,14.0,sysadmin,general_practitioner,0
c4q0ng,3,41,14.53658536585366,6.0,596.0,sysadmin,general_practitioner,0
c4r9ey,1,8,4.125,3.5,33.0,sysadmin,general_practitioner,0
c4t7cd,1,12,2.75,3.0,33.0,sysadmin,general_practitioner,0
c50toz,1,14,3.2857142857142856,2.5,46.0,sysadmin,general_practitioner,0
c5bzq9,1,8,1.375,1.0,11.0,sysadmin,general_practitioner,0
c5l4ru,1,9,40.44444444444444,13.0,364.0,sysadmin,general_practitioner,0
c5nipc,2,15,3.2666666666666666,2.0,49.0,sysadmin,general_practitioner,0
c5sjh2,2,53,6.264150943396227,2.0,332.0,sysadmin,general_practitioner,0
c5xdre,1,8,8.875,3.5,71.0,sysadmin,general_practitioner,0
c68hh3,1,21,7.238095238095238,4.0,152.0,sysadmin,general_practitioner,0
c6lnw4,1,4,1.5,1.0,6.0,sysadmin,general_practitioner,0
c7lack,2,12,6.0,5.0,72.0,sysadmin,general_practitioner,0
c7y30z,1,1,1.0,1.0,1.0,sysadmin,general_practitioner,0
c7zp3i,1,3,1.0,1.0,3.0,sysadmin,general_practitioner,0
c86y2f,1,5,1.0,1.0,5.0,sysadmin,general_practitioner,0
c88p4a,1,5,1.2,1.0,6.0,sysadmin,general_practitioner,0
c8cp90,2,8,1.25,1.5,10.0,sysadmin,general_practitioner,0
c8fizo,1,4,1.75,1.5,7.0,sysadmin,general_practitioner,0
c8ge29,1,4,4.25,3.5,17.0,sysadmin,general_practitioner,0
c8nb1o,1,1,24.0,24.0,24.0,sysadmin,general_practitioner,0
c8utx8,1,4,3.75,3.5,15.0,sysadmin,general_practitioner,0
c91z2g,1,6,4.833333333333333,3.0,29.0,sysadmin,general_practitioner,0
c9504t,3,30,5.3,2.5,159.0,sysadmin,general_practitioner,0
c96wv7,2,10,1.7,1.0,17.0,sysadmin,general_practitioner,0
c9gmbd,1,2,14.0,14.0,28.0,sysadmin,general_practitioner,0
c9j7u6,1,24,13.5,3.0,324.0,sysadmin,general_practitioner,0
c9lroi,1,75,5.906666666666666,1.0,443.0,sysadmin,general_practitioner,0
camo7o,4,6,5.5,3.0,33.0,sysadmin,general_practitioner,0
caprs3,1,7,7.571428571428571,2.0,53.0,sysadmin,general_practitioner,0
cap2kd,1,2,3.5,3.5,7.0,sysadmin,general_practitioner,0
cb03gc,1,1,4.0,4.0,4.0,sysadmin,general_practitioner,0
cb1248,3,40,6.25,3.0,250.0,sysadmin,general_practitioner,0
cb0wxe,1,33,7.151515151515151,1.0,236.0,sysadmin,general_practitioner,0
cb91ed,1,13,3.923076923076923,1.0,51.0,sysadmin,general_practitioner,0
cba960,1,23,4.086956521739131,2.0,94.0,sysadmin,general_practitioner,0
cbirqb,2,12,3.75,2.0,45.0,sysadmin,general_practitioner,0
cblgxa,1,4,1.75,1.5,7.0,sysadmin,general_practitioner,0
cbnick,3,6,2.6666666666666665,1.0,16.0,sysadmin,general_practitioner,0
cbwl2m,2,3,3.6666666666666665,3.0,11.0,sysadmin,general_practitioner,0
cc0u44,2,3,2.6666666666666665,2.0,8.0,sysadmin,general_practitioner,0
cc5kkr,2,20,4.15,2.0,83.0,sysadmin,general_practitioner,0
ccax2l,2,6,1.5,1.0,9.0,sysadmin,general_practitioner,0
ccctk9,1,27,4.592592592592593,1.0,124.0,sysadmin,general_practitioner,0
cclzmh,3,156,16.185897435897434,2.0,2525.0,sysadmin,general_practitioner,0
ccnj23,2,12,4.75,3.0,57.0,sysadmin,general_practitioner,0
ccnq72,2,37,6.162162162162162,3.0,228.0,sysadmin,general_practitioner,0
ccrg3g,1,8,2.125,1.5,17.0,sysadmin,general_practitioner,0
cd3bu4,1,73,17.931506849315067,4.0,1309.0,sysadmin,general_practitioner,0
cdf1dp,1,62,3.548387096774193,1.0,220.0,sysadmin,general_practitioner,0
cdbak7,1,9,3.888888888888889,2.0,35.0,sysadmin,general_practitioner,0
cdh4jr,1,37,7.837837837837838,3.0,290.0,sysadmin,general_practitioner,0
cdicck,1,20,5.9,2.0,118.0,sysadmin,general_practitioner,0
cdj51a,3,20,7.6,1.5,152.0,sysadmin,general_practitioner,0
cdovy3,1,7,6.571428571428571,5.0,46.0,sysadmin,general_practitioner,0
cdprnh,1,3,5.333333333333333,5.0,16.0,sysadmin,general_practitioner,0
cdqtnu,1,16,9.0625,4.5,145.0,sysadmin,general_practitioner,0
cdqu3h,2,13,2.3846153846153846,2.0,31.0,sysadmin,general_practitioner,0
ce9w99,1,53,4.509433962264151,1.0,239.0,sysadmin,general_practitioner,0
cegurv,1,3,1.3333333333333333,1.0,4.0,sysadmin,general_practitioner,0
cehd4u,1,6,4.333333333333333,3.0,26.0,sysadmin,general_practitioner,0
cehwfq,3,9,5.0,3.0,45.0,sysadmin,general_practitioner,0
cfccao,1,3,2.333333333333333,1.0,7.0,sysadmin,general_practitioner,0
cfflm0,1,11,3.909090909090909,2.0,43.0,sysadmin,general_practitioner,0
cfngtv,1,6,1.5,1.5,9.0,sysadmin,general_practitioner,0
cftdda,3,5,6.4,7.0,32.0,sysadmin,general_practitioner,0
cg6nk0,1,6,1.1666666666666667,1.0,7.0,sysadmin,general_practitioner,0
cgb9n2,1,13,5.615384615384615,2.0,73.0,sysadmin,general_practitioner,0
cgd1ym,1,35,6.428571428571429,2.0,225.0,sysadmin,general_practitioner,0
cgxaxp,2,3,2.0,2.0,6.0,sysadmin,general_practitioner,0
ch1kno,1,1,2.0,2.0,2.0,sysadmin,general_practitioner,0
ch23qk,1,4,2.75,2.5,11.0,sysadmin,general_practitioner,0
ch7vqv,1,24,2.333333333333333,1.0,56.0,sysadmin,general_practitioner,0
chcn66,1,141,10.375886524822697,1.0,1463.0,sysadmin,general_practitioner,0
chcuw7,2,11,1.5454545454545454,2.0,17.0,sysadmin,general_practitioner,0
chdbhg,1,13,4.769230769230769,3.0,62.0,sysadmin,general_practitioner,0
cia2wj,1,9,2.888888888888889,2.0,26.0,sysadmin,general_practitioner,0
ci8iwp,1,1,1.0,1.0,1.0,sysadmin,general_practitioner,0
cicjdq,1,9,8.88888888888889,8.0,80.0,sysadmin,general_practitioner,0
cizs09,1,19,2.9473684210526314,2.0,56.0,sysadmin,general_practitioner,0
cjbjrb,1,17,4.764705882352941,2.0,81.0,sysadmin,general_practitioner,0
cjc7g1,3,33,6.090909090909091,1.0,201.0,sysadmin,general_practitioner,0
cjc9jv,2,71,6.380281690140845,2.0,453.0,sysadmin,general_practitioner,0
cjqzr6,1,12,1.75,1.0,21.0,sysadmin,general_practitioner,0
cjsss6,1,3,2.0,2.0,6.0,sysadmin,general_practitioner,0
cjyto1,2,12,2.5,1.0,30.0,sysadmin,general_practitioner,0
cjzo3c,2,146,9.972602739726028,1.0,1456.0,sysadmin,general_practitioner,0
ck3ujp,1,4,5.0,4.0,20.0,sysadmin,general_practitioner,0
ckj31o,1,16,7.5625,2.0,121.0,sysadmin,general_practitioner,0
ckpoit,1,64,9.53125,1.0,610.0,sysadmin,general_practitioner,0
ckr3zx,1,32,6.75,2.0,216.0,sysadmin,general_practitioner,0
cksu1e,1,7,3.0,2.0,21.0,sysadmin,general_practitioner,0
cky9eo,4,9,4.111111111111111,2.0,37.0,sysadmin,general_practitioner,0
cl3l2b,1,93,17.978494623655912,2.0,1672.0,sysadmin,general_practitioner,0
cl8j4v,1,63,7.825396825396825,2.0,493.0,sysadmin,general_practitioner,0
clmwch,1,2,1.5,1.5,3.0,sysadmin,general_practitioner,0
clqmm5,1,8,3.25,2.0,26.0,sysadmin,general_practitioner,0
cm4285,3,34,8.294117647058824,1.0,282.0,sysadmin,general_practitioner,0
cmdhfu,4,42,6.690476190476191,1.0,281.0,sysadmin,general_practitioner,0
cmhitj,1,3,1.0,1.0,3.0,sysadmin,general_practitioner,0
cmmlzy,1,83,5.072289156626506,1.0,421.0,sysadmin,general_practitioner,0
cmo2il,1,2,1.5,1.5,3.0,sysadmin,general_practitioner,0
cmqd4c,1,4,3.0,2.5,12.0,sysadmin,general_practitioner,0
cmtqei,1,3,1.3333333333333333,1.0,4.0,sysadmin,general_practitioner,0
cn0m77,3,5,5.0,3.0,25.0,sysadmin,general_practitioner,0
cn34qn,1,4,2.25,1.0,9.0,sysadmin,general_practitioner,0
cn76dv,1,9,1.3333333333333333,1.0,12.0,sysadmin,general_practitioner,0
cncdyo,3,16,3.5625,2.5,57.0,sysadmin,general_practitioner,0
co0uh9,1,18,4.166666666666667,1.0,75.0,sysadmin,general_practitioner,0
co66j7,1,10,2.7,2.5,27.0,sysadmin,general_practitioner,0
co5oy5,3,8,2.375,2.0,19.0,sysadmin,general_practitioner,0
co7ltf,1,6,6.0,5.0,36.0,sysadmin,general_practitioner,0
codk3g,2,25,7.84,2.0,196.0,sysadmin,general_practitioner,0
corj7d,2,40,6.025,1.0,241.0,sysadmin,general_practitioner,0
covfa8,1,2,1.0,1.0,2.0,sysadmin,general_practitioner,0
cp1mnp,3,5,1.0,1.0,5.0,sysadmin,general_practitioner,0
cozpd6,1,22,5.681818181818182,3.0,125.0,sysadmin,general_practitioner,0
cpcu75,2,6,6.5,5.0,39.0,sysadmin,general_practitioner,0
cpi12b,1,6,2.333333333333333,1.5,14.0,sysadmin,general_practitioner,0
cppcb2,1,21,5.0,2.0,105.0,sysadmin,general_practitioner,0
cprpxi,1,4,5.0,3.5,20.0,sysadmin,general_practitioner,0
cpsk3t,1,2,1.0,1.0,2.0,sysadmin,general_practitioner,0
cq1pma,1,1,1.0,1.0,1.0,sysadmin,general_practitioner,0
cq91l6,2,5,2.4,1.0,12.0,sysadmin,general_practitioner,0
cqet54,2,4,1.75,2.0,7.0,sysadmin,general_practitioner,0
cqg2yf,1,6,2.333333333333333,1.0,14.0,sysadmin,general_practitioner,0
cqk1jk,1,16,3.0,1.5,48.0,sysadmin,general_practitioner,0
cqmczg,2,29,6.137931034482759,2.0,178.0,sysadmin,general_practitioner,0
cqt8eg,3,13,2.6923076923076925,1.0,35.0,sysadmin,general_practitioner,0
cr5wtb,1,1,2.0,2.0,2.0,sysadmin,general_practitioner,0
crdgeq,1,75,5.906666666666666,1.0,443.0,sysadmin,general_practitioner,0
crox2u,2,14,5.714285714285714,4.0,80.0,sysadmin,general_practitioner,0
csj9cu,1,8,1.375,1.0,11.0,sysadmin,general_practitioner,0
csk0n1,1,5,4.2,3.0,21.0,sysadmin,general_practitioner,0
csiyub,1,11,1.181818181818182,1.0,13.0,sysadmin,general_practitioner,0
cslgyk,1,3,6.333333333333333,2.0,19.0,sysadmin,general_practitioner,0
cso8vx,1,9,2.0,2.0,18.0,sysadmin,general_practitioner,0
csxef2,2,3,6.333333333333333,6.0,19.0,sysadmin,general_practitioner,0
ct0hdn,1,4,3.25,2.5,13.0,sysadmin,general_practitioner,0
ct0eag,2,5,3.4,2.0,17.0,sysadmin,general_practitioner,0
ct66x8,2,85,15.188235294117646,1.0,1291.0,sysadmin,general_practitioner,0
ctenhj,1,45,4.111111111111111,2.0,185.0,sysadmin,general_practitioner,0
ctffq4,1,35,6.342857142857143,1.0,222.0,sysadmin,general_practitioner,0
cto7uh,1,0,,,,sysadmin,general_practitioner,1
ctxpvw,4,38,6.052631578947368,1.0,230.0,sysadmin,general_practitioner,0
ctz5wx,1,13,2.1538461538461537,1.0,28.0,sysadmin,general_practitioner,0
cu0uuj,1,158,7.69620253164557,2.0,1216.0,sysadmin,general_practitioner,0
cu2ipg,2,10,1.8,1.0,18.0,sysadmin,general_practitioner,0
cu7fwl,2,3,2.0,2.0,6.0,sysadmin,general_practitioner,0
cug7vc,1,14,19.571428571428573,6.5,274.0,sysadmin,general_practitioner,0
cuh927,1,10,3.5,2.5,35.0,sysadmin,general_practitioner,0
cuk32q,1,9,2.4444444444444446,2.0,22.0,sysadmin,general_practitioner,0
cuqfc8,2,42,7.785714285714286,1.0,327.0,sysadmin,general_practitioner,0
cuu4qb,2,51,10.705882352941176,2.0,546.0,sysadmin,general_practitioner,0
cv6xs3,1,22,12.045454545454543,2.0,265.0,sysadmin,general_practitioner,0
cvja7o,1,42,6.738095238095238,1.0,283.0,sysadmin,general_practitioner,0
cvpey3,1,11,6.363636363636363,1.0,70.0,sysadmin,general_practitioner,0
cvppz5,1,12,5.833333333333333,3.0,70.0,sysadmin,general_practitioner,0
cvrbfl,1,4,2.0,1.0,8.0,sysadmin,general_practitioner,0
cvr604,3,41,5.951219512195122,2.0,244.0,sysadmin,general_practitioner,0
cw13le,2,17,3.411764705882353,1.0,58.0,sysadmin,general_practitioner,0
cwbnwc,1,6,14.833333333333334,8.5,89.0,sysadmin,general_practitioner,0
cwaysp,2,3,1.0,1.0,3.0,sysadmin,general_practitioner,0
cwc9hf,2,12,1.9166666666666667,1.5,23.0,sysadmin,general_practitioner,0
cwmz16,1,40,6.175,2.0,247.0,sysadmin,general_practitioner,0
cwnuch,1,6,1.1666666666666667,1.0,7.0,sysadmin,general_practitioner,0
cwq45q,3,8,3.625,3.0,29.0,sysadmin,general_practitioner,0
cwvqui,2,173,23.786127167630056,1.0,4115.0,sysadmin,general_practitioner,0
cwwxko,4,7,2.0,2.0,14.0,sysadmin,general_practitioner,0
cwzzeq,2,9,4.111111111111111,3.0,37.0,sysadmin,general_practitioner,0
cx3du7,2,4,1.5,1.5,6.0,sysadmin,general_practitioner,0
cx4hxd,3,11,4.181818181818182,3.0,46.0,sysadmin,general_practitioner,0
cxbxx3,2,48,6.0625,1.5,291.0,sysadmin,general_practitioner,0
cxccky,1,9,2.111111111111111,2.0,19.0,sysadmin,general_practitioner,0
cxfw75,1,9,2.7777777777777777,2.0,25.0,sysadmin,general_practitioner,0
cxmg0q,2,33,32.06060606060606,2.0,1058.0,sysadmin,general_practitioner,0
cxuknt,1,8,5.375,3.0,43.0,sysadmin,general_practitioner,0
cyfkd4,1,21,3.619047619047619,1.0,76.0,sysadmin,general_practitioner,0
cz0man,1,4,2.25,2.5,9.0,sysadmin,general_practitioner,0
czczqs,2,16,4.625,1.0,74.0,sysadmin,general_practitioner,0
czd9pp,1,3,2.0,2.0,6.0,sysadmin,general_practitioner,0
czfq0n,1,20,3.5,2.0,70.0,sysadmin,general_practitioner,0
czisog,3,25,8.88,1.0,222.0,sysadmin,general_practitioner,0
czovlz,1,4,7.25,5.0,29.0,sysadmin,general_practitioner,0
czrm6o,2,3,1.6666666666666667,2.0,5.0,sysadmin,general_practitioner,0
czv71f,1,14,4.142857142857143,2.0,58.0,sysadmin,general_practitioner,0
d02st1,1,8,2.75,2.0,22.0,sysadmin,general_practitioner,0
d0y8uq,1,9,2.0,2.0,18.0,sysadmin,general_practitioner,0
d133sa,2,74,18.12162162162162,2.0,1341.0,sysadmin,general_practitioner,0
d167kd,1,49,7.183673469387755,1.0,352.0,sysadmin,general_practitioner,0
d1sjrl,2,4,4.25,4.5,17.0,sysadmin,general_practitioner,0
d1ss5w,2,179,11.29608938547486,1.0,2022.0,sysadmin,general_practitioner,0
d1xo0k,2,43,12.790697674418604,1.0,550.0,sysadmin,general_practitioner,0
d2261q,2,3,1.0,1.0,3.0,sysadmin,general_practitioner,0
d28b5y,2,60,28.23333333333333,2.0,1694.0,sysadmin,general_practitioner,0
d2myah,1,11,8.0,6.0,88.0,sysadmin,general_practitioner,0
d2qha2,1,1,1.0,1.0,1.0,sysadmin,general_practitioner,0
d2vicu,1,5,2.4,2.0,12.0,sysadmin,general_practitioner,0
d2wbsq,2,4,3.25,3.0,13.0,sysadmin,general_practitioner,0
d2xdkz,1,3,1.6666666666666667,2.0,5.0,sysadmin,general_practitioner,0
d371ma,1,3,1.0,1.0,3.0,sysadmin,general_practitioner,0
d3a6iq,2,1,2.0,2.0,2.0,sysadmin,general_practitioner,0
d3idgg,1,2,3.0,3.0,6.0,sysadmin,general_practitioner,0
d3igki,1,10,4.3,2.0,43.0,sysadmin,general_practitioner,0
d3qnio,1,6,4.0,3.5,24.0,sysadmin,general_practitioner,0
d3s4mx,1,6,6.166666666666667,3.0,37.0,sysadmin,general_practitioner,0
d3rwzi,1,21,11.80952380952381,3.0,248.0,sysadmin,general_practitioner,0
d3t6j5,2,14,15.5,8.0,217.0,sysadmin,general_practitioner,0
d3u7ot,4,2,2.5,2.5,5.0,sysadmin,general_practitioner,0
d3wboc,1,2,5.0,5.0,10.0,sysadmin,general_practitioner,0
d408do,2,9,7.444444444444445,2.0,67.0,sysadmin,general_practitioner,0
d48s2e,1,3,2.0,2.0,6.0,sysadmin,general_practitioner,0
d4sqmm,1,4,2.0,2.0,8.0,sysadmin,general_practitioner,0
d4ukae,1,3,3.0,3.0,9.0,sysadmin,general_practitioner,0
d5hzql,1,3,1.3333333333333333,1.0,4.0,sysadmin,general_practitioner,0
d5r6j5,1,2,1.0,1.0,2.0,sysadmin,general_practitioner,0
d5x3v5,1,5,1.8,1.0,9.0,sysadmin,general_practitioner,0
d6341y,1,8,3.25,3.0,26.0,sysadmin,general_practitioner,0
d6e3kr,1,2,1.5,1.5,3.0,sysadmin,general_practitioner,0
d6eyfa,1,3,1.0,1.0,3.0,sysadmin,general_practitioner,0
d6fn8x,1,8,10.875,6.0,87.0,sysadmin,general_practitioner,0
d6h3nm,3,6,2.333333333333333,1.0,14.0,sysadmin,general_practitioner,0
d6h662,4,12,2.0,1.0,24.0,sysadmin,general_practitioner,0
d6u5c2,1,24,5.541666666666667,2.0,133.0,sysadmin,general_practitioner,0
d6v8nb,1,16,4.375,2.5,70.0,sysadmin,general_practitioner,0
d6ykai,1,2,1.5,1.5,3.0,sysadmin,general_practitioner,0
d6ywk7,1,3,1.0,1.0,3.0,sysadmin,general_practitioner,0
d78fhi,1,27,16.037037037037038,2.0,433.0,sysadmin,general_practitioner,0
d7qxu3,2,2,5.0,5.0,10.0,sysadmin,general_practitioner,0
d7vucr,1,6,3.0,3.0,18.0,sysadmin,general_practitioner,0
d89lk1,1,74,7.054054054054054,2.0,522.0,sysadmin,general_practitioner,0
d8bbpf,1,1,1.0,1.0,1.0,sysadmin,general_practitioner,0
d8dbv2,3,4,3.75,3.0,15.0,sysadmin,general_practitioner,0
d8vvcg,3,2,1.0,1.0,2.0,sysadmin,general_practitioner,0
d8vizi,2,5,4.6,3.0,23.0,sysadmin,general_practitioner,0
d90pzh,1,8,22.375,9.0,179.0,sysadmin,general_practitioner,0
d94n3v,1,2,2.0,2.0,4.0,sysadmin,general_practitioner,0
d95u58,1,22,5.2727272727272725,1.0,116.0,sysadmin,general_practitioner,0
d96gqg,1,11,2.0,1.0,22.0,sysadmin,general_practitioner,0
d96fxl,1,14,6.5,2.0,91.0,sysadmin,general_practitioner,0
d9p0xu,3,14,5.5,1.5,77.0,sysadmin,general_practitioner,0
da1q4f,3,6,2.1666666666666665,2.5,13.0,sysadmin,general_practitioner,0
da3xza,4,8,2.0,1.5,16.0,sysadmin,general_practitioner,0
da48ga,4,14,1.7857142857142858,1.5,25.0,sysadmin,general_practitioner,0
da8ihi,2,22,23.954545454545453,1.0,527.0,sysadmin,general_practitioner,0
da8ala,1,11,2.4545454545454546,2.0,27.0,sysadmin,general_practitioner,0
dabuq8,3,3,8.666666666666666,8.0,26.0,sysadmin,general_practitioner,0
dbi9ab,1,2,2.5,2.5,5.0,sysadmin,general_practitioner,0
dbk6iv,2,4,2.75,3.0,11.0,sysadmin,general_practitioner,0
dbnfpc,1,1,1.0,1.0,1.0,sysadmin,general_practitioner,0
dbuxak,3,33,10.636363636363637,3.0,351.0,sysadmin,general_practitioner,0
dcfedd,1,3,2.0,2.0,6.0,sysadmin,general_practitioner,0
dclcn1,1,5,2.4,2.0,12.0,sysadmin,general_practitioner,0
dcm1rl,1,5,5.4,2.0,27.0,sysadmin,general_practitioner,0
dcky70,1,16,5.125,2.5,82.0,sysadmin,general_practitioner,0
dckq7k,1,9,0.1111111111111111,0.0,1.0,sysadmin,general_practitioner,0
dcx76b,1,3,1.0,1.0,3.0,sysadmin,general_practitioner,0
dcz612,1,0,,,,sysadmin,general_practitioner,1
dd67qv,1,124,5.290322580645161,1.0,656.0,sysadmin,general_practitioner,0
dd71hr,3,4,2.0,1.5,8.0,sysadmin,general_practitioner,0
dd882d,3,1,1.0,1.0,1.0,sysadmin,general_practitioner,0
dd8m8z,2,41,3.707317073170732,1.0,152.0,sysadmin,general_practitioner,0
dd8nvi,2,61,14.18032786885246,2.0,865.0,sysadmin,general_practitioner,0
ddced7,1,7,3.2857142857142856,3.0,23.0,sysadmin,general_practitioner,0
ddg0w2,2,3,2.0,1.0,6.0,sysadmin,general_practitioner,0
ddi5yo,3,10,3.0,2.0,30.0,sysadmin,general_practitioner,0
dei2wf,1,37,4.54054054054054,1.0,168.0,sysadmin,general_practitioner,0
demcl4,1,33,6.212121212121212,3.0,205.0,sysadmin,general_practitioner,0
denvwd,1,18,4.333333333333333,2.0,78.0,sysadmin,general_practitioner,0
deo7lt,2,153,13.084967320261438,1.0,2002.0,sysadmin,general_practitioner,0
dev6u4,1,0,,,,sysadmin,general_practitioner,1
deu2xl,2,10,3.2,2.0,32.0,sysadmin,general_practitioner,0
df0dxh,2,4,2.25,2.5,9.0,sysadmin,general_practitioner,0
df2qc7,1,122,21.418032786885245,1.0,2613.0,sysadmin,general_practitioner,0
df97rx,2,0,,,,sysadmin,general_practitioner,1
dfgz6q,1,73,3.7260273972602738,1.0,272.0,sysadmin,general_practitioner,0
dfi7w2,1,7,2.571428571428572,2.0,18.0,sysadmin,general_practitioner,0
dfjz1h,2,7,1.7142857142857142,2.0,12.0,sysadmin,general_practitioner,0
dfkiif,2,1,2.0,2.0,2.0,sysadmin,general_practitioner,0
dgie7z,3,2,9.0,9.0,18.0,sysadmin,general_practitioner,0
dgnzpx,1,1,1.0,1.0,1.0,sysadmin,general_practitioner,0
dgyi56,1,10,4.0,1.5,40.0,sysadmin,general_practitioner,0
dh09i1,1,25,4.08,2.0,102.0,sysadmin,general_practitioner,0
dh9rq5,1,4,5.0,5.0,20.0,sysadmin,general_practitioner,0
dh74ua,1,7,4.857142857142857,3.0,34.0,sysadmin,general_practitioner,0
dhmdkg,1,3,1.0,1.0,3.0,sysadmin,general_practitioner,0
dhqkk7,2,6,2.833333333333333,2.5,17.0,sysadmin,general_practitioner,0
dhxrtn,1,1,1.0,1.0,1.0,sysadmin,general_practitioner,0
di2l80,3,4,2.0,2.0,8.0,sysadmin,general_practitioner,0
dijr1u,1,13,2.230769230769231,2.0,29.0,sysadmin,general_practitioner,0
dj7m31,2,6,4.5,3.5,27.0,sysadmin,general_practitioner,0
dj9jps,3,8,1.25,1.0,10.0,sysadmin,general_practitioner,0
djt21s,1,11,2.727272727272727,2.0,30.0,sysadmin,general_practitioner,0
dkzldw,2,36,12.63888888888889,1.0,455.0,sysadmin,general_practitioner,0
dlgjwo,1,2,1.0,1.0,2.0,sysadmin,general_practitioner,0
dm9lz0,1,37,5.891891891891892,2.0,218.0,sysadmin,general_practitioner,0
dmef6w,1,29,14.758620689655173,3.0,428.0,sysadmin,general_practitioner,0
dmit8i,1,40,9.975,3.0,399.0,sysadmin,general_practitioner,0
dmlbn5,2,34,15.147058823529411,3.5,515.0,sysadmin,general_practitioner,0
dmmwjx,1,10,2.5,1.5,25.0,sysadmin,general_practitioner,0
dmo8vl,4,12,4.416666666666667,2.0,53.0,sysadmin,general_practitioner,0
dmzfoh,1,19,4.684210526315789,1.0,89.0,sysadmin,general_practitioner,0
dn8jp1,1,12,3.1666666666666665,1.5,38.0,sysadmin,general_practitioner,0
dnh2gq,3,15,5.0,2.0,75.0,sysadmin,general_practitioner,0
do1cm3,1,0,,,,sysadmin,general_practitioner,1
dogvvz,1,1,2.0,2.0,2.0,sysadmin,general_practitioner,0
dokfau,2,18,5.0,3.0,90.0,sysadmin,general_practitioner,0
doqpgk,1,10,4.3,2.0,43.0,sysadmin,general_practitioner,0
dorem0,2,2,1.0,1.0,2.0,sysadmin,general_practitioner,0
dou61q,1,5,2.2,2.0,11.0,sysadmin,general_practitioner,0
doz6wm,1,11,4.636363636363637,2.0,51.0,sysadmin,general_practitioner,0
dp7bhl,1,11,10.636363636363637,7.0,117.0,sysadmin,general_practitioner,0
dpbt3t,1,86,14.569767441860463,2.0,1253.0,sysadmin,general_practitioner,0
dpnwk7,2,7,1.2857142857142858,1.0,9.0,sysadmin,general_practitioner,0
dpokcs,1,17,8.294117647058824,4.0,141.0,sysadmin,general_practitioner,0
dppsax,2,38,9.710526315789474,2.0,369.0,sysadmin,general_practitioner,0
dpq5yl,1,3,4.0,3.0,12.0,sysadmin,general_practitioner,0
dpqvmo,1,15,3.6,2.0,54.0,sysadmin,general_practitioner,0
dprefo,3,2,5.0,5.0,10.0,sysadmin,general_practitioner,0
dps72n,1,6,2.1666666666666665,1.5,13.0,sysadmin,general_practitioner,0
dpsn8i,1,1,2.0,2.0,2.0,sysadmin,general_practitioner,0
dptr4x,1,4,1.5,1.0,6.0,sysadmin,general_practitioner,0
dq4g4k,1,4,3.0,2.0,12.0,sysadmin,general_practitioner,0
dq5h76,1,7,3.2857142857142856,3.0,23.0,sysadmin,general_practitioner,0
dq5czh,1,21,5.904761904761905,1.0,124.0,sysadmin,general_practitioner,0
dq6hgi,1,11,5.2727272727272725,1.0,58.0,sysadmin,general_practitioner,0
dqp35c,3,6,1.6666666666666667,1.5,10.0,sysadmin,general_practitioner,0
dqubec,2,10,5.5,4.5,55.0,sysadmin,general_practitioner,0
dqyxjm,1,77,14.454545454545457,1.0,1113.0,sysadmin,general_practitioner,0
ds6gw3,1,28,7.964285714285714,1.5,223.0,sysadmin,general_practitioner,0
dscswt,3,61,14.950819672131148,3.0,912.0,sysadmin,general_practitioner,0
dsf8pe,1,46,6.391304347826087,1.0,294.0,sysadmin,general_practitioner,0
dsj9jy,2,3,2.6666666666666665,2.0,8.0,sysadmin,general_practitioner,0
dsnum2,1,15,4.866666666666666,1.0,73.0,sysadmin,general_practitioner,0
dszriw,1,12,12.333333333333334,3.0,148.0,sysadmin,general_practitioner,0
dt52mr,1,3,4.333333333333333,5.0,13.0,sysadmin,general_practitioner,0
dtcew4,2,2,2.5,2.5,5.0,sysadmin,general_practitioner,0
dtgua1,1,51,6.372549019607843,1.0,325.0,sysadmin,general_practitioner,0
dtjd7c,2,70,10.157142857142857,2.0,711.0,sysadmin,general_practitioner,0
dtjqh8,3,11,5.454545454545454,2.0,60.0,sysadmin,general_practitioner,0
duk57w,3,22,7.772727272727272,2.0,171.0,sysadmin,general_practitioner,0
duo4zt,2,128,6.4453125,1.0,825.0,sysadmin,general_practitioner,0
durvv0,1,3,1.6666666666666667,2.0,5.0,sysadmin,general_practitioner,0
dv00t2,1,2,1.5,1.5,3.0,sysadmin,general_practitioner,0
dvu6nq,1,2,2.0,2.0,4.0,sysadmin,general_practitioner,0
dvvwku,1,2,4.0,4.0,8.0,sysadmin,general_practitioner,0
dw1fuc,1,3,3.6666666666666665,4.0,11.0,sysadmin,general_practitioner,0
dw3enq,1,5,4.4,4.0,22.0,sysadmin,general_practitioner,0
dw94di,3,11,5.636363636363637,3.0,62.0,sysadmin,general_practitioner,0
dwasaf,2,19,9.473684210526317,3.0,180.0,sysadmin,general_practitioner,0
dwg64t,1,7,3.7142857142857135,2.0,26.0,sysadmin,general_practitioner,0
dwqtd8,1,7,5.428571428571429,2.0,38.0,sysadmin,general_practitioner,0
dwtjvs,2,5,1.8,2.0,9.0,sysadmin,general_practitioner,0
dwufcu,1,1,1.0,1.0,1.0,sysadmin,general_practitioner,0
dwxeei,1,0,,,,sysadmin,general_practitioner,1
dwxmrt,1,2,1.5,1.5,3.0,sysadmin,general_practitioner,0
dwxs6a,3,6,3.333333333333333,3.0,20.0,sysadmin,general_practitioner,0
dwy63k,1,25,10.16,2.0,254.0,sysadmin,general_practitioner,0
dx2o70,2,4,0.0,0.0,0.0,sysadmin,general_practitioner,0
dxku52,1,169,8.44378698224852,1.0,1427.0,sysadmin,general_practitioner,0
dxko75,1,7,4.142857142857143,3.0,29.0,sysadmin,general_practitioner,0
dy4mnz,3,44,5.659090909090909,2.0,249.0,sysadmin,general_practitioner,0
dy7ga8,1,6,2.6666666666666665,1.5,16.0,sysadmin,general_practitioner,0
dylrsm,1,6,0.5,1.0,3.0,sysadmin,general_practitioner,0
dypxcx,1,4,0.0,1.5,0.0,sysadmin,general_practitioner,0
dz6g0f,1,2,1.5,1.5,3.0,sysadmin,general_practitioner,0
dz6qh9,1,2,2.5,2.5,5.0,sysadmin,general_practitioner,0
dzbtt2,3,58,6.448275862068965,2.0,374.0,sysadmin,general_practitioner,0
dzleqo,1,19,4.631578947368421,3.0,88.0,sysadmin,general_practitioner,0
dzo7hh,1,2,6.0,6.0,12.0,sysadmin,general_practitioner,0
dzt5a8,2,17,3.0,2.0,51.0,sysadmin,general_practitioner,0
e03sh2,2,1,1.0,1.0,1.0,sysadmin,general_practitioner,0
e03iwm,3,3,1.0,1.0,3.0,sysadmin,general_practitioner,0
e16rmw,1,4,1.5,1.0,6.0,sysadmin,general_practitioner,0
e16ug1,1,3,1.3333333333333333,1.0,4.0,sysadmin,general_practitioner,0
e1ex0z,1,16,2.0,1.0,32.0,sysadmin,general_practitioner,0
e1peti,1,6,2.5,2.5,15.0,sysadmin,general_practitioner,0
e230wb,1,7,2.7142857142857144,2.0,19.0,sysadmin,general_practitioner,0
e2fv9w,1,3,3.6666666666666665,3.0,11.0,sysadmin,general_practitioner,0
e2gtt0,2,8,4.25,2.0,34.0,sysadmin,general_practitioner,0
e2kf9d,2,21,6.714285714285714,3.0,141.0,sysadmin,general_practitioner,0
e2kh1j,1,7,2.0,1.0,14.0,sysadmin,general_practitioner,0
e2mvnr,1,5,1.0,1.0,5.0,sysadmin,general_practitioner,0
e2p4id,1,7,2.2857142857142856,2.0,16.0,sysadmin,general_practitioner,0
e2veyt,2,74,11.175675675675675,2.0,827.0,sysadmin,general_practitioner,0
e3cjag,3,32,11.0625,3.0,354.0,sysadmin,general_practitioner,0
e3tjrj,1,3,6.666666666666667,2.0,20.0,sysadmin,general_practitioner,0
e3vatu,1,3,3.0,2.0,9.0,sysadmin,general_practitioner,0
e509ce,2,3,3.6666666666666665,3.0,11.0,sysadmin,general_practitioner,0
e5465y,1,83,23.83132530120482,1.0,1978.0,sysadmin,general_practitioner,0
e5e93q,1,3,2.333333333333333,1.0,7.0,sysadmin,general_practitioner,0
e5fn1g,1,3,1.3333333333333333,1.0,4.0,sysadmin,general_practitioner,0
e5jsqg,1,4,2.0,2.0,8.0,sysadmin,general_practitioner,0
e5kq1q,1,11,4.545454545454546,2.0,50.0,sysadmin,general_practitioner,0
e5n76i,1,3,1.3333333333333333,1.0,4.0,sysadmin,general_practitioner,0
e5qbll,1,6,3.0,3.0,18.0,sysadmin,general_practitioner,0
e5w3qt,2,18,7.777777777777778,2.0,140.0,sysadmin,general_practitioner,0
e616bi,2,60,6.15,2.0,369.0,sysadmin,general_practitioner,0
e64c1b,1,5,3.4,2.0,17.0,sysadmin,general_practitioner,0
e67tg5,3,9,3.333333333333333,3.0,30.0,sysadmin,general_practitioner,0
e6insa,1,16,3.6875,1.0,59.0,sysadmin,general_practitioner,0
e73kk7,3,14,1.8571428571428568,2.0,26.0,sysadmin,general_practitioner,0
e772yu,1,7,3.571428571428572,2.0,25.0,sysadmin,general_practitioner,0
e7696b,1,18,3.0,2.0,54.0,sysadmin,general_practitioner,0
e7d1x3,1,13,2.3076923076923075,1.0,30.0,sysadmin,general_practitioner,0
e7tqhc,2,47,9.574468085106384,2.0,450.0,sysadmin,general_practitioner,0
e8a3ej,1,16,5.375,2.0,86.0,sysadmin,general_practitioner,0
e8a04a,1,10,2.7,2.5,27.0,sysadmin,general_practitioner,0
e8br6d,1,12,1.4166666666666667,1.0,17.0,sysadmin,general_practitioner,0
e8e8li,2,2,1.0,1.0,2.0,sysadmin,general_practitioner,0
e8k66z,2,7,1.4285714285714286,2.0,10.0,sysadmin,general_practitioner,0
e8qypg,1,13,12.538461538461538,11.0,163.0,sysadmin,general_practitioner,0
e8r9qi,1,2,3.0,3.0,6.0,sysadmin,general_practitioner,0
e8rctu,1,118,12.779661016949152,1.0,1508.0,sysadmin,general_practitioner,0
e939bt,1,28,7.178571428571429,3.0,201.0,sysadmin,general_practitioner,0
e97xr0,2,3,3.0,3.0,9.0,sysadmin,general_practitioner,0
e98el8,3,75,14.6,3.0,1095.0,sysadmin,general_practitioner,0
e9bbyl,1,3,1.0,1.0,3.0,sysadmin,general_practitioner,0
e9h8bs,1,15,7.733333333333333,4.0,116.0,sysadmin,general_practitioner,0
e9rrsv,2,11,2.636363636363636,2.0,29.0,sysadmin,general_practitioner,0
ea9edg,1,0,,,,sysadmin,general_practitioner,1
ealr2h,2,7,3.142857142857143,2.0,22.0,sysadmin,general_practitioner,0
ean6cj,1,19,5.2105263157894735,1.0,99.0,sysadmin,general_practitioner,0
eanree,2,23,4.304347826086956,2.0,99.0,sysadmin,general_practitioner,0
eaphr8,2,164,20.49390243902439,2.0,3361.0,sysadmin,general_practitioner,0
eayune,1,11,11.909090909090908,4.0,131.0,sysadmin,general_practitioner,0
eb3qts,1,28,5.071428571428571,2.0,142.0,sysadmin,general_practitioner,0
eb8vnd,4,40,8.25,1.5,330.0,sysadmin,general_practitioner,0
ebcqed,1,16,6.25,3.0,100.0,sysadmin,general_practitioner,0
ebjazp,1,1,1.0,1.0,1.0,sysadmin,general_practitioner,0
ebu6g7,1,0,,,,sysadmin,general_practitioner,1
ec2gz0,1,5,1.4,1.0,7.0,sysadmin,general_practitioner,0
ec418o,2,8,2.25,1.0,18.0,sysadmin,general_practitioner,0
ec90w7,1,4,7.75,6.0,31.0,sysadmin,general_practitioner,0
ecnf0f,1,9,3.6666666666666665,3.0,33.0,sysadmin,general_practitioner,0
ecxo27,1,9,4.888888888888889,3.0,44.0,sysadmin,general_practitioner,0
ecywpl,1,2,3.0,3.0,6.0,sysadmin,general_practitioner,0
edbmbr,1,20,2.75,2.0,55.0,sysadmin,general_practitioner,0
eddrsy,2,75,25.426666666666662,3.0,1907.0,sysadmin,general_practitioner,0
ee8w5l,1,4,1.75,1.5,7.0,sysadmin,general_practitioner,0
eetanm,2,38,7.0,2.0,266.0,sysadmin,general_practitioner,0
eevmt5,3,19,4.842105263157895,2.0,92.0,sysadmin,general_practitioner,0
ef1hee,1,10,4.7,3.0,47.0,sysadmin,general_practitioner,0
efo9qs,2,41,13.317073170731708,2.0,546.0,sysadmin,general_practitioner,0
efkks4,1,25,2.84,1.0,71.0,sysadmin,general_practitioner,0
efwoh8,1,12,3.75,1.5,45.0,sysadmin,general_practitioner,0
efwwvi,1,55,15.527272727272727,2.0,854.0,sysadmin,general_practitioner,0
efzk6z,1,3,2.0,2.0,6.0,sysadmin,general_practitioner,0
eg61lw,3,26,8.923076923076923,2.0,232.0,sysadmin,general_practitioner,0
egbtj3,2,15,2.933333333333333,3.0,44.0,sysadmin,general_practitioner,0
egff61,2,67,25.85074626865672,3.0,1732.0,sysadmin,general_practitioner,0
egu7n4,3,7,14.285714285714286,3.0,100.0,sysadmin,general_practitioner,0
ehylwe,1,3,2.333333333333333,1.0,7.0,sysadmin,general_practitioner,0
ei6lwe,1,44,9.113636363636363,2.0,401.0,sysadmin,general_practitioner,0
eic286,2,13,4.538461538461538,2.0,59.0,sysadmin,general_practitioner,0
eir6b9,4,8,4.875,3.0,39.0,sysadmin,general_practitioner,0
eiz7wx,1,3,2.6666666666666665,3.0,8.0,sysadmin,general_practitioner,0
ej0tcl,1,2,4.0,4.0,8.0,sysadmin,general_practitioner,0
ej4v10,2,40,4.425,2.5,177.0,sysadmin,general_practitioner,0
eja7ce,2,3,1.6666666666666667,1.0,5.0,sysadmin,general_practitioner,0
ejebrd,3,6,9.333333333333334,2.5,56.0,sysadmin,general_practitioner,0
ejkuhn,1,2,1.0,1.0,2.0,sysadmin,general_practitioner,0
ekoxje,1,12,4.333333333333333,2.5,52.0,sysadmin,general_practitioner,0
el6ehr,3,10,4.0,1.5,40.0,sysadmin,general_practitioner,0
el4adk,2,5,2.6,2.0,13.0,sysadmin,general_practitioner,0
elc001,2,14,2.7857142857142856,1.0,39.0,sysadmin,general_practitioner,0
elnoih,2,20,9.95,3.0,199.0,sysadmin,general_practitioner,0
elvf2q,1,35,11.371428571428572,3.0,398.0,sysadmin,general_practitioner,0
elw0sg,4,44,6.681818181818182,2.0,294.0,sysadmin,general_practitioner,0
em8dbl,3,36,8.055555555555555,1.5,290.0,sysadmin,general_practitioner,0
emd95n,1,1,1.0,1.0,1.0,sysadmin,general_practitioner,0
emr408,1,4,1.75,2.0,7.0,sysadmin,general_practitioner,0
eno3by,1,12,4.5,2.0,54.0,sysadmin,general_practitioner,0
enyodv,1,2,2.0,2.0,4.0,sysadmin,general_practitioner,0
eo64wg,3,7,8.857142857142858,1.0,62.0,sysadmin,general_practitioner,0
eoarat,2,15,9.866666666666667,2.0,148.0,sysadmin,general_practitioner,0
eolqjv,1,13,5.076923076923077,3.0,66.0,sysadmin,general_practitioner,0
eomatr,2,24,4.625,1.0,111.0,sysadmin,general_practitioner,0
eor74b,1,12,2.25,2.0,27.0,sysadmin,general_practitioner,0
eovi7s,1,17,7.235294117647059,4.0,123.0,sysadmin,general_practitioner,0
ep5vqm,1,48,4.0625,1.0,195.0,sysadmin,general_practitioner,0
eped0o,2,5,2.0,1.0,10.0,sysadmin,general_practitioner,0
epcd5j,1,11,4.545454545454546,3.0,50.0,sysadmin,general_practitioner,0
epjn1z,1,19,7.631578947368421,2.0,145.0,sysadmin,general_practitioner,0
epmax2,1,1,4.0,4.0,4.0,sysadmin,general_practitioner,0
epkz3p,1,1,1.0,1.0,1.0,sysadmin,general_practitioner,0
eppxg6,2,15,37.73333333333333,3.0,566.0,sysadmin,general_practitioner,0
epr8nh,1,13,4.384615384615385,1.0,57.0,sysadmin,general_practitioner,0
equb8c,1,3,4.0,2.0,12.0,sysadmin,general_practitioner,0
erc3l9,2,2,5.0,5.0,10.0,sysadmin,general_practitioner,0
erdbfl,1,44,9.0,3.0,396.0,sysadmin,general_practitioner,0
erv8ck,1,6,1.0,2.5,6.0,sysadmin,general_practitioner,0
erx8ch,1,3,2.0,1.0,6.0,sysadmin,general_practitioner,0
es0h07,1,2,5.0,5.0,10.0,sysadmin,general_practitioner,0
esjf00,2,1,1.0,1.0,1.0,sysadmin,general_practitioner,0
est1l6,2,4,1.5,1.5,6.0,sysadmin,general_practitioner,0
esuvzu,1,149,17.42953020134228,1.0,2597.0,sysadmin,general_practitioner,0
esxr6d,3,3,2.6666666666666665,3.0,8.0,sysadmin,general_practitioner,0
et1djo,1,2,2.0,2.0,4.0,sysadmin,general_practitioner,0
et4agr,1,1,-1.0,-1.0,-1.0,sysadmin,general_practitioner,0
et53hl,1,4,1.75,2.0,7.0,sysadmin,general_practitioner,0
etaajb,1,3,4.333333333333333,5.0,13.0,sysadmin,general_practitioner,0
etbmba,1,4,1.5,1.5,6.0,sysadmin,general_practitioner,0
eterpm,1,20,12.25,3.0,245.0,sysadmin,general_practitioner,0
etf8pv,2,5,6.4,5.0,32.0,sysadmin,general_practitioner,0
eucpmj,1,1,3.0,3.0,3.0,sysadmin,general_practitioner,0
euusdw,2,2,1.0,1.0,2.0,sysadmin,general_practitioner,0
evix5x,1,3,2.333333333333333,1.0,7.0,sysadmin,general_practitioner,0
evluxx,1,19,10.0,2.0,190.0,sysadmin,general_practitioner,0
evm0kz,1,2,1.0,1.0,2.0,sysadmin,general_practitioner,0
evn2qp,2,3,2.333333333333333,2.0,7.0,sysadmin,general_practitioner,0
evo9c6,1,3,1.6666666666666667,1.0,5.0,sysadmin,general_practitioner,0
evuygs,1,19,2.3157894736842106,2.0,44.0,sysadmin,general_practitioner,0
ew693t,2,4,5.25,5.0,21.0,sysadmin,general_practitioner,0
ewc759,1,8,5.0,3.5,40.0,sysadmin,general_practitioner,0
ewdn6v,1,6,1.5,1.0,9.0,sysadmin,general_practitioner,0
ewnljc,1,16,7.5625,2.0,121.0,sysadmin,general_practitioner,0
ewl2wr,2,1,1.0,1.0,1.0,sysadmin,general_practitioner,0
ewmwvx,2,8,8.875,5.0,71.0,sysadmin,general_practitioner,0
ewom6j,1,5,1.8,1.0,9.0,sysadmin,general_practitioner,0
ewqnnx,1,10,2.0,2.0,20.0,sysadmin,general_practitioner,0
ewr55a,1,6,1.1666666666666667,1.0,7.0,sysadmin,general_practitioner,0
ewt8x4,1,1,1.0,1.0,1.0,sysadmin,general_practitioner,0
ewvbpn,2,75,14.093333333333334,1.0,1057.0,sysadmin,general_practitioner,0
ewxrfd,1,1,2.0,2.0,2.0,sysadmin,general_practitioner,0
exw84h,1,19,4.684210526315789,2.0,89.0,sysadmin,general_practitioner,0
ey0gt9,2,13,2.923076923076923,1.0,38.0,sysadmin,general_practitioner,0
ey3pln,1,3,4.666666666666667,3.0,14.0,sysadmin,general_practitioner,0
eyagij,1,7,3.142857142857143,3.0,22.0,sysadmin,general_practitioner,0
eyc4fu,2,6,2.833333333333333,3.0,17.0,sysadmin,general_practitioner,0
eyx3d0,1,94,32.276595744680854,1.0,3034.0,sysadmin,general_practitioner,0
eyzby4,2,3,1.0,1.0,3.0,sysadmin,general_practitioner,0
ez0y7l,2,58,4.017241379310345,2.0,233.0,sysadmin,general_practitioner,0
ez6ozs,1,1,3.0,3.0,3.0,sysadmin,general_practitioner,0
ez7vir,1,9,5.777777777777778,2.0,52.0,sysadmin,general_practitioner,0
ezyh7m,1,5,2.2,2.0,11.0,sysadmin,general_practitioner,0
f0d3j8,1,6,9.333333333333334,5.5,56.0,sysadmin,general_practitioner,0
f0gxw2,2,11,7.090909090909091,2.0,78.0,sysadmin,general_practitioner,0
f0h6fa,1,4,1.25,1.0,5.0,sysadmin,general_practitioner,0
f1ac3i,2,9,4.222222222222222,2.0,38.0,sysadmin,general_practitioner,0
f1bb4h,3,10,2.1,2.0,21.0,sysadmin,general_practitioner,0
f1lfs9,1,33,11.272727272727272,2.0,372.0,sysadmin,general_practitioner,0
f1lse8,1,1,2.0,2.0,2.0,sysadmin,general_practitioner,0
f1s7jx,1,50,9.32,1.0,466.0,sysadmin,general_practitioner,0
f20zfv,2,5,1.4,1.0,7.0,sysadmin,general_practitioner,0
f2amn3,2,6,1.8333333333333333,1.5,11.0,sysadmin,general_practitioner,0
f2fmsy,1,9,3.7777777777777777,4.0,34.0,sysadmin,general_practitioner,0
f2i1gp,3,2,1.0,1.0,2.0,sysadmin,general_practitioner,0
f2kl0l,1,51,5.568627450980392,1.0,284.0,sysadmin,general_practitioner,0
f2r5lh,2,21,6.857142857142857,4.0,144.0,sysadmin,general_practitioner,0
f2raox,1,3,2.0,1.0,6.0,sysadmin,general_practitioner,0
f2t78e,2,25,11.68,3.0,292.0,sysadmin,general_practitioner,0
f2t5fs,1,6,4.333333333333333,3.5,26.0,sysadmin,general_practitioner,0
f2vtp1,3,5,1.6,2.0,8.0,sysadmin,general_practitioner,0
f37ifm,3,14,20.714285714285715,16.0,290.0,sysadmin,general_practitioner,0
f3br0d,3,3,1.0,1.0,3.0,sysadmin,general_practitioner,0
f3cggd,1,6,1.8333333333333333,1.0,11.0,sysadmin,general_practitioner,0
f3gipv,2,3,1.6666666666666667,1.0,5.0,sysadmin,general_practitioner,0
f3fvol,1,4,5.25,2.5,21.0,sysadmin,general_practitioner,0
f3xy0s,2,1,3.0,3.0,3.0,sysadmin,general_practitioner,0
f3xt8u,2,3,2.0,2.0,6.0,sysadmin,general_practitioner,0
f3zg29,1,7,3.0,3.0,21.0,sysadmin,general_practitioner,0
f40u6q,2,2,2.0,2.0,4.0,sysadmin,general_practitioner,0
f4hsy4,1,23,5.521739130434782,3.0,127.0,sysadmin,general_practitioner,0
f4qok2,2,17,3.176470588235294,2.0,54.0,sysadmin,general_practitioner,0
f4vcoh,1,24,6.125,1.5,147.0,sysadmin,general_practitioner,0
f598i6,2,4,2.0,2.0,8.0,sysadmin,general_practitioner,0
f5fq0h,1,1,2.0,2.0,2.0,sysadmin,general_practitioner,0
f5lewk,1,29,6.586206896551724,1.0,191.0,sysadmin,general_practitioner,0
f5q0ns,2,404,5.985148514851486,1.0,2418.0,sysadmin,general_practitioner,0
f5ruvp,1,10,1.7,2.0,17.0,sysadmin,general_practitioner,0
f5tws2,1,14,4.714285714285714,4.0,66.0,sysadmin,general_practitioner,0
f5vbdh,1,2,1.5,1.5,3.0,sysadmin,general_practitioner,0
f5x7eh,1,123,7.024390243902439,1.0,864.0,sysadmin,general_practitioner,0
f5yb7z,3,48,16.208333333333332,3.0,778.0,sysadmin,general_practitioner,0
f6ccjk,2,2,1.5,1.5,3.0,sysadmin,general_practitioner,0
f6dsz5,1,130,15.36923076923077,1.0,1998.0,sysadmin,general_practitioner,0
f6hmib,1,0,,,,sysadmin,general_practitioner,1
f6hirk,1,4,2.5,2.5,10.0,sysadmin,general_practitioner,0
f6i811,1,5,2.4,2.0,12.0,sysadmin,general_practitioner,0
f6vbv8,2,12,2.583333333333333,2.0,31.0,sysadmin,general_practitioner,0
f6w5c5,1,88,16.21590909090909,2.0,1427.0,sysadmin,general_practitioner,0
f6zjeo,1,4,2.25,2.5,9.0,sysadmin,general_practitioner,0
f71rpx,2,23,4.739130434782608,2.0,109.0,sysadmin,general_practitioner,0
f710d2,2,2,1.0,1.0,2.0,sysadmin,general_practitioner,0
f71yg8,3,8,2.0,1.0,16.0,sysadmin,general_practitioner,0
f73rre,3,14,8.714285714285714,3.0,122.0,sysadmin,general_practitioner,0
f747ex,1,2,1.5,1.5,3.0,sysadmin,general_practitioner,0
f75wtp,1,6,4.0,4.5,24.0,sysadmin,general_practitioner,0
f7b75e,3,8,3.625,2.0,29.0,sysadmin,general_practitioner,0
f7cjfi,1,9,2.0,2.0,18.0,sysadmin,general_practitioner,0
f7dcy4,2,20,3.2,1.0,64.0,sysadmin,general_practitioner,0
f7goo0,3,16,3.6875,1.0,59.0,sysadmin,general_practitioner,0
f7samu,2,32,5.90625,1.0,189.0,sysadmin,general_practitioner,0
f7t3kc,1,10,3.7,1.5,37.0,sysadmin,general_practitioner,0
f80r5n,1,19,3.1578947368421053,2.0,60.0,sysadmin,general_practitioner,0
f7zt93,1,13,3.3076923076923075,1.0,43.0,sysadmin,general_practitioner,0
f87p8u,1,8,3.375,1.0,27.0,sysadmin,general_practitioner,0
f8uko6,2,1,2.0,2.0,2.0,sysadmin,general_practitioner,0
f8ygis,1,5,1.4,1.0,7.0,sysadmin,general_practitioner,0
f930mf,2,3,2.0,1.0,6.0,sysadmin,general_practitioner,0
f9wuuj,1,17,6.529411764705882,2.0,111.0,sysadmin,general_practitioner,0
fa5ona,1,64,25.546875,3.0,1635.0,sysadmin,general_practitioner,0
fa6kjk,2,14,8.357142857142858,5.0,117.0,sysadmin,general_practitioner,0
faeljn,1,12,3.75,2.0,45.0,sysadmin,general_practitioner,0
fai6i9,1,96,15.604166666666666,2.0,1498.0,sysadmin,general_practitioner,0
fauzj3,1,3,1.6666666666666667,1.0,5.0,sysadmin,general_practitioner,0
fax3uy,1,0,,,,sysadmin,general_practitioner,1
faxcv9,1,26,3.923076923076923,2.5,102.0,sysadmin,general_practitioner,0
fazl4g,1,6,2.5,2.5,15.0,sysadmin,general_practitioner,0
fb9hta,1,12,3.333333333333333,2.0,40.0,sysadmin,general_practitioner,0
fc55yi,1,5,1.8,2.0,9.0,sysadmin,general_practitioner,0
fckp83,1,63,24.825396825396822,2.0,1564.0,sysadmin,general_practitioner,0
fd9542,2,8,4.25,3.5,34.0,sysadmin,general_practitioner,0
fdg5bv,1,3,1.0,1.0,3.0,sysadmin,general_practitioner,0
fdgl2z,1,5,3.6,3.0,18.0,sysadmin,general_practitioner,0
fdkn1d,2,3,2.333333333333333,2.0,7.0,sysadmin,general_practitioner,0
fdnchk,1,15,2.533333333333333,2.0,38.0,sysadmin,general_practitioner,0
fdmv8j,1,5,4.4,2.0,22.0,sysadmin,general_practitioner,0
fdorvf,1,234,9.52991452991453,2.0,2230.0,sysadmin,general_practitioner,0
fdsydo,1,1,1.0,1.0,1.0,sysadmin,general_practitioner,0
fdwmrc,1,3,1.3333333333333333,1.0,4.0,sysadmin,general_practitioner,0
fdx22t,2,2,1.5,1.5,3.0,sysadmin,general_practitioner,0
fdzpsd,1,7,2.2857142857142856,2.0,16.0,sysadmin,general_practitioner,0
feehqd,2,125,9.472,1.0,1184.0,sysadmin,general_practitioner,0
fef1hf,2,13,2.0,1.0,26.0,sysadmin,general_practitioner,0
fenm5k,1,3,1.3333333333333333,1.0,4.0,sysadmin,general_practitioner,0
ff0lkl,1,58,6.155172413793103,2.0,357.0,sysadmin,general_practitioner,0
fffgro,3,2,8.0,8.0,16.0,sysadmin,general_practitioner,0
ffhozb,3,51,6.686274509803922,2.0,341.0,sysadmin,general_practitioner,0
ffjjsc,1,1,1.0,1.0,1.0,sysadmin,general_practitioner,0
ffmwop,1,23,5.3478260869565215,2.0,123.0,sysadmin,general_practitioner,0
fftk7z,2,203,12.714285714285714,1.0,2581.0,sysadmin,general_practitioner,0
ffvlpg,1,69,13.91304347826087,2.0,960.0,sysadmin,general_practitioner,0
fg0npm,1,1,1.0,1.0,1.0,sysadmin,general_practitioner,0
fg5nte,1,8,1.625,1.0,13.0,sysadmin,general_practitioner,0
fgc30y,2,13,6.461538461538462,3.0,84.0,sysadmin,general_practitioner,0
fgi0sk,2,8,2.25,2.0,18.0,sysadmin,general_practitioner,0
fgjkjf,2,19,5.473684210526316,1.0,104.0,sysadmin,general_practitioner,0
fgj8p3,2,37,5.216216216216216,2.0,193.0,sysadmin,general_practitioner,0
fgpgkb,1,4,3.75,4.0,15.0,sysadmin,general_practitioner,0
fgr5xs,2,3,3.0,2.0,9.0,sysadmin,general_practitioner,0
fh1aql,1,1,1.0,1.0,1.0,sysadmin,general_practitioner,0
fh78be,2,11,8.545454545454545,5.0,94.0,sysadmin,general_practitioner,0
fh747o,3,77,11.558441558441558,1.0,890.0,sysadmin,general_practitioner,0
fh9yxs,1,15,2.4,2.0,36.0,sysadmin,general_practitioner,0
fheaz2,1,3,1.3333333333333333,1.0,4.0,sysadmin,general_practitioner,0
fhh239,1,3,6.666666666666667,5.0,20.0,sysadmin,general_practitioner,0
fhm991,1,9,5.222222222222222,3.0,47.0,sysadmin,general_practitioner,0
fi9zkz,1,5,6.2,2.0,31.0,sysadmin,general_practitioner,0
fiip4o,1,13,7.461538461538462,3.0,97.0,sysadmin,general_practitioner,0
fiss9i,2,11,5.181818181818182,3.0,57.0,sysadmin,general_practitioner,0
fizew4,1,2,7.5,7.5,15.0,sysadmin,general_practitioner,0
fj2zm3,1,5,2.6,2.0,13.0,sysadmin,general_practitioner,0
fj7fl0,1,10,16.9,6.0,169.0,sysadmin,general_practitioner,0
fja3oq,1,10,3.4,1.0,34.0,sysadmin,general_practitioner,0
fjiphp,1,2,3.5,3.5,7.0,sysadmin,general_practitioner,0
fjklra,1,1,1.0,1.0,1.0,sysadmin,general_practitioner,0
fjl7cs,2,12,3.083333333333333,1.5,37.0,sysadmin,general_practitioner,0
fjn758,1,2,1.5,1.5,3.0,sysadmin,general_practitioner,0
fjol22,1,5,4.0,2.0,20.0,sysadmin,general_practitioner,0
fjsz6g,1,0,,,,sysadmin,general_practitioner,1
fjtnoy,1,6,2.0,1.0,12.0,sysadmin,general_practitioner,0
fk4k4x,3,2,1.0,1.0,2.0,sysadmin,general_practitioner,0
fkbkdg,1,7,2.2857142857142856,2.0,16.0,sysadmin,general_practitioner,0
fkm4fi,1,271,9.940959409594097,2.0,2694.0,sysadmin,general_practitioner,0
fkpivd,1,5,2.8,1.0,14.0,sysadmin,general_practitioner,0
fkpwkq,2,17,3.176470588235294,1.0,54.0,sysadmin,general_practitioner,0
fkqdey,2,0,,,,sysadmin,general_practitioner,1
fkrkjd,1,1,3.0,3.0,3.0,sysadmin,general_practitioner,0
fkvc19,2,2,2.0,2.0,4.0,sysadmin,general_practitioner,0
fkymwy,3,3,1.3333333333333333,1.0,4.0,sysadmin,general_practitioner,0
fl1y5v,1,4,6.5,5.5,26.0,sysadmin,general_practitioner,0
fl47aa,1,11,8.727272727272727,4.0,96.0,sysadmin,general_practitioner,0
fl8ahb,1,8,5.0,4.0,40.0,sysadmin,general_practitioner,0
fl9nxk,1,20,5.05,2.5,101.0,sysadmin,general_practitioner,0
flcq27,1,10,4.9,3.5,49.0,sysadmin,general_practitioner,0
fld3qz,2,37,3.216216216216216,2.0,119.0,sysadmin,general_practitioner,0
fldcqj,1,1,3.0,3.0,3.0,sysadmin,general_practitioner,0
flg5ip,2,11,4.636363636363637,2.0,51.0,sysadmin,general_practitioner,0
flh8b1,1,7,2.4285714285714284,1.0,17.0,sysadmin,general_practitioner,0
flh43p,1,77,3.844155844155844,1.0,296.0,sysadmin,general_practitioner,0
fligg3,1,2,3.5,3.5,7.0,sysadmin,general_practitioner,0
flmu9r,2,203,8.408866995073891,1.0,1707.0,sysadmin,general_practitioner,0
flssqh,2,22,9.772727272727272,4.0,215.0,sysadmin,general_practitioner,0
flrgzo,2,5,2.8,2.0,14.0,sysadmin,general_practitioner,0
flvpe6,1,17,5.588235294117647,2.0,95.0,sysadmin,general_practitioner,0
fly4gm,1,12,1.9166666666666667,1.5,23.0,sysadmin,general_practitioner,0
fm3hy0,1,5,2.8,2.0,14.0,sysadmin,general_practitioner,0
fm6orr,1,3,1.6666666666666667,1.0,5.0,sysadmin,general_practitioner,0
fmbp6z,4,2,1.0,1.0,2.0,sysadmin,general_practitioner,0
fmehvg,2,10,3.1,2.0,31.0,sysadmin,general_practitioner,0
fmlgjw,1,20,6.6,2.5,132.0,sysadmin,general_practitioner,0
fmotmh,1,2,5.5,5.5,11.0,sysadmin,general_practitioner,0
fmvd12,2,3,3.333333333333333,2.0,10.0,sysadmin,general_practitioner,0
fn22n7,1,11,6.727272727272728,2.0,74.0,sysadmin,general_practitioner,0
fnbbfi,1,6,2.0,2.0,12.0,sysadmin,general_practitioner,0
fnipfx,2,8,3.375,1.0,27.0,sysadmin,general_practitioner,0
fnjgb1,1,3,3.333333333333333,2.0,10.0,sysadmin,general_practitioner,0
fnqhmo,2,2,1.0,1.0,2.0,sysadmin,general_practitioner,0
fnrin0,2,1,2.0,2.0,2.0,sysadmin,general_practitioner,0
fnugvt,1,5,1.8,1.0,9.0,sysadmin,general_practitioner,0
fnuv2b,1,27,17.77777777777778,3.0,480.0,sysadmin,general_practitioner,0
fo78u1,1,122,17.12295081967213,2.0,2089.0,sysadmin,general_practitioner,0
fo7qdj,1,6,3.1666666666666665,2.0,19.0,sysadmin,general_practitioner,0
fodzan,1,1,1.0,1.0,1.0,sysadmin,general_practitioner,0
fofanh,1,16,9.5625,8.0,153.0,sysadmin,general_practitioner,0
fogq6s,2,20,39.05,6.0,781.0,sysadmin,general_practitioner,0
foit5o,3,4,4.75,5.5,19.0,sysadmin,general_practitioner,0
fos3j5,1,1,2.0,2.0,2.0,sysadmin,general_practitioner,0
forl57,2,5,1.0,1.0,5.0,sysadmin,general_practitioner,0
fov3fu,1,12,6.916666666666667,2.0,83.0,sysadmin,general_practitioner,0
foxews,3,4,3.0,2.5,12.0,sysadmin,general_practitioner,0
fp5j6v,1,0,,,,sysadmin,general_practitioner,1
fp93fa,1,2,1.0,1.0,2.0,sysadmin,general_practitioner,0
fpbdsl,1,1,1.0,1.0,1.0,sysadmin,general_practitioner,0
fpbgwj,1,36,4.611111111111111,3.0,166.0,sysadmin,general_practitioner,0
fpbtdm,2,130,8.346153846153847,1.0,1085.0,sysadmin,general_practitioner,0
fpfcnk,1,5,1.2,1.0,6.0,sysadmin,general_practitioner,0
fphpq6,1,22,6.181818181818182,2.5,136.0,sysadmin,general_practitioner,0
fpqhzk,1,27,15.11111111111111,5.0,408.0,sysadmin,general_practitioner,0
fpu4da,2,22,9.454545454545457,2.5,208.0,sysadmin,general_practitioner,0
fpx890,1,8,2.375,1.0,19.0,sysadmin,general_practitioner,0
fpxmy3,2,174,9.17816091954023,2.0,1597.0,sysadmin,general_practitioner,0
fpy6m7,1,8,6.875,3.5,55.0,sysadmin,general_practitioner,0
fq025c,1,1,3.0,3.0,3.0,sysadmin,general_practitioner,0
fq0sg8,1,6,1.3333333333333333,1.0,8.0,sysadmin,general_practitioner,0
fq2hv1,1,7,1.7142857142857142,1.0,12.0,sysadmin,general_practitioner,0
fq1lho,1,18,6.888888888888889,4.5,124.0,sysadmin,general_practitioner,0
fq2uq0,1,14,11.071428571428571,2.0,155.0,sysadmin,general_practitioner,0
fq2oy4,2,12,3.8333333333333335,1.0,46.0,sysadmin,general_practitioner,0
fq57jc,1,7,2.7142857142857144,1.0,19.0,sysadmin,general_practitioner,0
fq7j8m,2,7,1.4285714285714286,1.0,10.0,sysadmin,general_practitioner,0
fq732o,1,2,4.5,4.5,9.0,sysadmin,general_practitioner,0
fq96re,1,2,1.0,1.0,2.0,sysadmin,general_practitioner,0
fqjyev,1,3,2.333333333333333,2.0,7.0,sysadmin,general_practitioner,0
fql0m1,1,14,6.571428571428571,3.0,92.0,sysadmin,general_practitioner,0
fqrrpt,2,10,12.5,5.5,125.0,sysadmin,general_practitioner,0
frg2j6,1,46,10.021739130434783,2.0,461.0,sysadmin,general_practitioner,0
frrocz,2,60,5.433333333333334,1.0,326.0,sysadmin,general_practitioner,0
frvfrn,1,6,1.5,1.0,9.0,sysadmin,general_practitioner,0
frxody,1,18,16.61111111111111,6.0,299.0,sysadmin,general_practitioner,0
fs0pbw,1,3,1.0,1.0,3.0,sysadmin,general_practitioner,0
fs51by,1,11,2.8181818181818183,2.0,31.0,sysadmin,general_practitioner,0
fs5tpo,1,3,2.0,2.0,6.0,sysadmin,general_practitioner,0
fshzf7,1,3,2.6666666666666665,1.0,8.0,sysadmin,general_practitioner,0
fsld4r,1,5,3.4,1.0,17.0,sysadmin,general_practitioner,0
fslp9b,2,113,14.88495575221239,1.0,1682.0,sysadmin,general_practitioner,0
fsurd9,2,1,7.0,7.0,7.0,sysadmin,general_practitioner,0
fsyhwm,1,5,10.0,5.0,50.0,sysadmin,general_practitioner,0
ft4ocb,1,5,1.0,1.0,5.0,sysadmin,general_practitioner,0
ft8zmo,3,113,25.672566371681416,1.0,2901.0,sysadmin,general_practitioner,0
ft94ch,2,7,2.0,2.0,14.0,sysadmin,general_practitioner,0
ftko1o,1,12,2.1666666666666665,2.0,26.0,sysadmin,general_practitioner,0
ftlfda,1,2,1.0,1.0,2.0,sysadmin,general_practitioner,0
ftll22,2,8,2.875,3.0,23.0,sysadmin,general_practitioner,0
ftpd84,1,5,4.4,4.0,22.0,sysadmin,general_practitioner,0
ftt0u9,1,168,20.482142857142858,2.0,3441.0,sysadmin,general_practitioner,0
fttiw0,2,19,3.0526315789473686,1.0,58.0,sysadmin,general_practitioner,0
ftvtih,2,3,4.0,4.0,12.0,sysadmin,general_practitioner,0
ftvuza,1,1,3.0,3.0,3.0,sysadmin,general_practitioner,0
ftxil2,3,10,4.3,2.5,43.0,sysadmin,general_practitioner,0
fu24s3,1,13,2.1538461538461537,2.0,28.0,sysadmin,general_practitioner,0
fu86zr,2,3,1.3333333333333333,1.0,4.0,sysadmin,general_practitioner,0
fuarp8,1,4,3.5,3.5,14.0,sysadmin,general_practitioner,0
fubobg,1,27,17.74074074074074,6.0,479.0,sysadmin,general_practitioner,0
fufi7p,1,2,1.5,1.5,3.0,sysadmin,general_practitioner,0
fugp4a,1,15,4.2,1.0,63.0,sysadmin,general_practitioner,0
fuifif,3,1,1.0,1.0,1.0,sysadmin,general_practitioner,0
fumsgj,2,1,3.0,3.0,3.0,sysadmin,general_practitioner,0
funt3f,1,2,3.0,3.0,6.0,sysadmin,general_practitioner,0
fv4yjs,1,7,1.8571428571428568,2.0,13.0,sysadmin,general_practitioner,0
fvdj18,1,7,3.571428571428572,3.0,25.0,sysadmin,general_practitioner,0
fvpyrd,1,5,1.8,1.0,9.0,sysadmin,general_practitioner,0
fvrfjo,1,5,2.0,1.0,10.0,sysadmin,general_practitioner,0
fvslj6,1,41,14.048780487804878,2.0,576.0,sysadmin,general_practitioner,0
fvvj60,3,16,2.0,1.0,32.0,sysadmin,general_practitioner,0
fvwxd2,1,9,4.333333333333333,2.0,39.0,sysadmin,general_practitioner,0
fwazkm,1,103,21.16504854368932,1.0,2180.0,sysadmin,general_practitioner,0
fwj6gg,4,2,8.5,8.5,17.0,sysadmin,general_practitioner,0
fwwgwc,2,2,5.0,5.0,10.0,sysadmin,general_practitioner,0
fx3niu,1,3,1.3333333333333333,1.0,4.0,sysadmin,general_practitioner,0
fxab51,1,3,2.0,2.0,6.0,sysadmin,general_practitioner,0
fxe3kk,1,5,2.2,2.0,11.0,sysadmin,general_practitioner,0
fyjzod,1,13,9.153846153846152,7.0,119.0,sysadmin,general_practitioner,0
fyn17v,1,52,17.134615384615383,2.5,891.0,sysadmin,general_practitioner,0
fylsu0,1,5,6.8,3.0,34.0,sysadmin,general_practitioner,0
fzkeme,2,32,5.125,2.0,164.0,sysadmin,general_practitioner,0
fzg8ph,1,4,2.25,2.5,9.0,sysadmin,general_practitioner,0
g00ca4,1,48,16.416666666666668,1.0,788.0,sysadmin,general_practitioner,0
g06cyd,2,22,16.636363636363637,6.5,366.0,sysadmin,general_practitioner,0
g0kgvw,1,36,6.166666666666667,2.0,222.0,sysadmin,general_practitioner,0
g13nry,3,5,1.0,1.0,5.0,sysadmin,general_practitioner,0
g154cg,1,24,8.416666666666666,4.0,202.0,sysadmin,general_practitioner,0
g18a94,1,5,3.6,4.0,18.0,sysadmin,general_practitioner,0
g18d1g,1,1,1.0,1.0,1.0,sysadmin,general_practitioner,0
g1bbmb,2,34,11.147058823529411,3.0,379.0,sysadmin,general_practitioner,0
g1ffj8,1,14,4.0,2.5,56.0,sysadmin,general_practitioner,0
g1w8st,2,4,1.0,2.0,4.0,sysadmin,general_practitioner,0
g2d4id,2,20,6.6,2.5,132.0,sysadmin,general_practitioner,0
g2hsip,2,32,8.5,1.0,272.0,sysadmin,general_practitioner,0
g2nt8n,2,1,1.0,1.0,1.0,sysadmin,general_practitioner,0
g2mqss,1,2,2.5,2.5,5.0,sysadmin,general_practitioner,0
g2nv0z,2,21,8.047619047619047,1.0,169.0,sysadmin,general_practitioner,0
g2onhy,1,5,3.8,2.0,19.0,sysadmin,general_practitioner,0
g32gwa,2,4,5.5,4.5,22.0,sysadmin,general_practitioner,0
g38fko,1,4,1.25,2.0,5.0,sysadmin,general_practitioner,0
g3ekg4,1,13,8.846153846153847,7.0,115.0,sysadmin,general_practitioner,0
g4dk37,3,3,3.333333333333333,1.0,10.0,sysadmin,general_practitioner,0
g4hw0y,2,327,5.495412844036697,1.0,1797.0,sysadmin,general_practitioner,0
g4pdx7,1,1,2.0,2.0,2.0,sysadmin,general_practitioner,0
g51sra,1,5,3.8,4.0,19.0,sysadmin,general_practitioner,0
g52skw,1,4,1.75,1.5,7.0,sysadmin,general_practitioner,0
g5ksil,2,3,3.6666666666666665,4.0,11.0,sysadmin,general_practitioner,0
g5oo5n,2,6,2.333333333333333,2.0,14.0,sysadmin,general_practitioner,0
g68n84,2,1,5.0,5.0,5.0,sysadmin,general_practitioner,0
g6mu4e,1,120,11.058333333333334,2.0,1327.0,sysadmin,general_practitioner,0
g6ow3f,1,5,2.2,2.0,11.0,sysadmin,general_practitioner,0
g6qw66,2,9,3.2222222222222223,3.0,29.0,sysadmin,general_practitioner,0
g6ymsm,1,63,12.126984126984128,4.0,764.0,sysadmin,general_practitioner,0
g7360i,2,2,2.5,2.5,5.0,sysadmin,general_practitioner,0
g74l4b,1,2,1.0,1.0,2.0,sysadmin,general_practitioner,0
g7cl6t,1,6,1.1666666666666667,1.0,7.0,sysadmin,general_practitioner,0
g7e9w3,1,6,2.333333333333333,1.5,14.0,sysadmin,general_practitioner,0
g7hft2,4,4,3.75,3.0,15.0,sysadmin,general_practitioner,0
g7vzk3,2,33,11.12121212121212,2.0,367.0,sysadmin,general_practitioner,0
g84mwx,1,53,10.452830188679243,1.0,554.0,sysadmin,general_practitioner,0
g90h96,2,2,3.0,3.0,6.0,sysadmin,general_practitioner,0
g92ro3,1,24,4.875,2.0,117.0,sysadmin,general_practitioner,0
g96lxz,1,2,2.0,2.0,4.0,sysadmin,general_practitioner,0
g9dv5w,2,11,4.363636363636363,2.0,48.0,sysadmin,general_practitioner,0
g9ibkf,1,2,2.5,2.5,5.0,sysadmin,general_practitioner,0
g9ljtt,1,23,7.3478260869565215,2.0,169.0,sysadmin,general_practitioner,0
g9ov6y,1,2,1.0,1.0,2.0,sysadmin,general_practitioner,0
g9vacp,1,7,1.8571428571428568,2.0,13.0,sysadmin,general_practitioner,0
g9yh09,1,1,2.0,2.0,2.0,sysadmin,general_practitioner,0
ga4cpj,1,5,1.6,2.0,8.0,sysadmin,general_practitioner,0
ga7mqz,2,10,2.7,2.0,27.0,sysadmin,general_practitioner,0
ga8hgl,1,14,2.2857142857142856,1.0,32.0,sysadmin,general_practitioner,0
gaalbg,2,3,1.6666666666666667,2.0,5.0,sysadmin,general_practitioner,0
gaf819,1,3,5.666666666666667,3.0,17.0,sysadmin,general_practitioner,0
gafh3y,1,9,4.0,2.0,36.0,sysadmin,general_practitioner,0
gafxn6,1,5,3.2,2.0,16.0,sysadmin,general_practitioner,0
gagguc,3,3,2.6666666666666665,2.0,8.0,sysadmin,general_practitioner,0
gak6ku,3,3,13.0,4.0,39.0,sysadmin,general_practitioner,0
ganpfa,1,6,3.1666666666666665,1.5,19.0,sysadmin,general_practitioner,0
gawgbx,1,93,20.225806451612904,1.0,1881.0,sysadmin,general_practitioner,0
gaz1e9,2,5,2.6,2.0,13.0,sysadmin,general_practitioner,0
gb5cv3,2,1,2.0,2.0,2.0,sysadmin,general_practitioner,0
gbk1ze,1,9,2.333333333333333,2.0,21.0,sysadmin,general_practitioner,0
gbjh2v,3,3,3.0,3.0,9.0,sysadmin,general_practitioner,0
gboseb,1,0,,,,sysadmin,general_practitioner,1
gcmd38,1,12,18.416666666666668,5.5,221.0,sysadmin,general_practitioner,0
gdbk1f,1,3,1.0,1.0,3.0,sysadmin,general_practitioner,0
gdc51s,1,41,11.317073170731708,1.0,464.0,sysadmin,general_practitioner,0
gdf6vx,1,2,3.5,3.5,7.0,sysadmin,general_practitioner,0
gdj6cr,2,16,3.3125,2.0,53.0,sysadmin,general_practitioner,0
gduarx,1,1,5.0,5.0,5.0,sysadmin,general_practitioner,0
ge223j,1,8,1.625,1.5,13.0,sysadmin,general_practitioner,0
ge6yhu,3,5,1.6,1.0,8.0,sysadmin,general_practitioner,0
gela0b,1,45,4.777777777777778,1.0,215.0,sysadmin,general_practitioner,0
genbi2,1,6,0.8333333333333334,1.0,5.0,sysadmin,general_practitioner,0
geq9wl,3,8,4.5,4.0,36.0,sysadmin,general_practitioner,0
gf04mn,1,29,12.379310344827584,5.0,359.0,sysadmin,general_practitioner,0
gf8day,2,5,2.4,2.0,12.0,sysadmin,general_practitioner,0
gf9rb0,3,32,13.0,3.0,416.0,sysadmin,general_practitioner,0
gfb188,3,5,2.2,2.0,11.0,sysadmin,general_practitioner,0
gfqrhd,1,48,3.2916666666666665,2.0,158.0,sysadmin,general_practitioner,0
gg4ncd,1,2,2.0,2.0,4.0,sysadmin,general_practitioner,0
gg5bf5,1,8,2.75,2.5,22.0,sysadmin,general_practitioner,0
ghlu97,1,9,6.777777777777778,3.0,61.0,sysadmin,general_practitioner,0
ghp1gf,1,2,2.5,2.5,5.0,sysadmin,general_practitioner,0
gib65g,1,18,6.0,2.0,108.0,sysadmin,general_practitioner,0
gie1is,2,31,14.774193548387096,3.0,458.0,sysadmin,general_practitioner,0
giijsr,3,5,1.6,1.0,8.0,sysadmin,general_practitioner,0
gillfe,1,0,,,,sysadmin,general_practitioner,1
gip87v,1,4,1.25,1.0,5.0,sysadmin,general_practitioner,0
gizqmz,1,3,3.333333333333333,4.0,10.0,sysadmin,general_practitioner,0
gj0tno,1,6,3.6666666666666665,3.0,22.0,sysadmin,general_practitioner,0
gjczy9,1,8,4.375,3.0,35.0,sysadmin,general_practitioner,0
gjq9ay,3,5,1.6,1.0,8.0,sysadmin,general_practitioner,0
gjtsun,2,3,1.3333333333333333,1.0,4.0,sysadmin,general_practitioner,0
gk9oe0,3,23,8.478260869565217,3.0,195.0,sysadmin,general_practitioner,0
gkfn4l,1,4,3.25,2.5,13.0,sysadmin,general_practitioner,0
gktudy,2,45,14.622222222222222,3.0,658.0,sysadmin,general_practitioner,0
gkp9f8,1,35,8.342857142857143,1.0,292.0,sysadmin,general_practitioner,0
glan8x,1,7,4.428571428571429,5.0,31.0,sysadmin,general_practitioner,0
glyulx,2,9,3.7777777777777777,2.0,34.0,sysadmin,general_practitioner,0
gm13kd,1,4,1.0,1.0,4.0,sysadmin,general_practitioner,0
gm8kyh,1,5,2.6,1.0,13.0,sysadmin,general_practitioner,0
gmayut,1,4,5.25,4.0,21.0,sysadmin,general_practitioner,0
gmtmzf,3,10,4.0,1.5,40.0,sysadmin,general_practitioner,0
gmustk,1,9,3.2222222222222223,2.0,29.0,sysadmin,general_practitioner,0
gngas3,2,12,4.583333333333333,1.0,55.0,sysadmin,general_practitioner,0
gnk6gw,1,30,15.5,4.5,465.0,sysadmin,general_practitioner,0
gnnl1t,2,26,4.384615384615385,3.0,114.0,sysadmin,general_practitioner,0
goiyv9,1,5,2.0,1.0,10.0,sysadmin,general_practitioner,0
gor2vj,3,3,2.6666666666666665,2.0,8.0,sysadmin,general_practitioner,0
goswy7,2,4,2.0,1.5,8.0,sysadmin,general_practitioner,0
gqw29r,1,5,2.4,2.0,12.0,sysadmin,general_practitioner,0
gqwky2,2,61,6.639344262295082,2.0,405.0,sysadmin,general_practitioner,0
gqwqj4,1,3,2.0,2.0,6.0,sysadmin,general_practitioner,0
grba2t,1,3,2.0,2.0,6.0,sysadmin,general_practitioner,0
grpinb,1,6,3.6666666666666665,2.5,22.0,sysadmin,general_practitioner,0
gs7lyi,1,11,4.0,2.0,44.0,sysadmin,general_practitioner,0
gs9c2f,4,5,4.6,5.0,23.0,sysadmin,general_practitioner,0
gsfjf1,1,5,1.6,2.0,8.0,sysadmin,general_practitioner,0
gsjfj9,1,4,1.0,1.0,4.0,sysadmin,general_practitioner,0
gsv5xv,1,102,10.352941176470589,3.0,1056.0,sysadmin,general_practitioner,0
gsw5c3,3,3,2.0,2.0,6.0,sysadmin,general_practitioner,0
gswdhi,3,8,9.875,4.0,79.0,sysadmin,general_practitioner,0
gt4bqp,1,4,3.25,3.0,13.0,sysadmin,general_practitioner,0
gtqt45,1,12,4.416666666666667,2.0,53.0,sysadmin,general_practitioner,0
gus5r4,1,9,2.111111111111111,2.0,19.0,sysadmin,general_practitioner,0
gv8p54,1,23,8.652173913043478,3.0,199.0,sysadmin,general_practitioner,0
gvul59,2,8,1.75,1.0,14.0,sysadmin,general_practitioner,0
gw40wp,1,2,1.0,1.0,2.0,sysadmin,general_practitioner,0
gwmv1h,3,26,4.653846153846154,1.0,121.0,sysadmin,general_practitioner,0
gwqwh3,1,5,3.2,2.0,16.0,sysadmin,general_practitioner,0
gwuqdk,1,8,3.125,2.5,25.0,sysadmin,general_practitioner,0
gwycxy,3,3,1.6666666666666667,1.0,5.0,sysadmin,general_practitioner,0
gxbwy2,2,1,1.0,1.0,1.0,sysadmin,general_practitioner,0
gxq3x6,1,154,40.73376623376623,6.0,6273.0,sysadmin,general_practitioner,0
gy7asw,2,4,6.0,3.0,24.0,sysadmin,general_practitioner,0
gy5k2k,2,3,5.333333333333333,4.0,16.0,sysadmin,general_practitioner,0
gyh0bl,1,3,6.666666666666667,8.0,20.0,sysadmin,general_practitioner,0
gyih5a,2,7,3.7142857142857135,3.0,26.0,sysadmin,general_practitioner,0
gypvtp,1,1,2.0,2.0,2.0,sysadmin,general_practitioner,0
gyzz12,1,18,6.611111111111111,2.5,119.0,sysadmin,general_practitioner,0
gz3tv5,2,2,1.0,1.0,2.0,sysadmin,general_practitioner,0
gz5qrl,1,4,1.0,1.0,4.0,sysadmin,general_practitioner,0
gzlney,1,27,6.111111111111111,1.0,165.0,sysadmin,general_practitioner,0
gzznt0,3,16,14.3125,4.0,229.0,sysadmin,general_practitioner,0
h089ro,1,179,12.759776536312849,1.0,2284.0,sysadmin,general_practitioner,0
h08k5z,1,2,2.0,2.0,4.0,sysadmin,general_practitioner,0
h0a4zq,1,4,1.75,1.5,7.0,sysadmin,general_practitioner,0
h0bvzs,1,20,5.15,2.5,103.0,sysadmin,general_practitioner,0
h0fb9t,1,19,1.631578947368421,1.0,31.0,sysadmin,general_practitioner,0
h14epa,2,3,2.6666666666666665,2.0,8.0,sysadmin,general_practitioner,0
h7m3fa,1,3,3.333333333333333,3.0,10.0,sysadmin,general_practitioner,0
h89sh7,2,69,22.7536231884058,2.0,1570.0,sysadmin,general_practitioner,0
h8tf3v,1,31,6.645161290322581,2.0,206.0,sysadmin,general_practitioner,0
h8zkgx,2,25,10.52,2.0,263.0,sysadmin,general_practitioner,0
h9cqmq,1,0,,,,sysadmin,general_practitioner,1
h9ihcu,2,4,3.75,3.5,15.0,sysadmin,general_practitioner,0
h9o7bt,1,54,8.592592592592593,2.0,464.0,sysadmin,general_practitioner,0
ha3yk2,2,35,14.857142857142858,2.0,520.0,sysadmin,general_practitioner,0
haa3iw,2,18,5.222222222222222,1.5,94.0,sysadmin,general_practitioner,0
haalwg,1,20,3.45,1.5,69.0,sysadmin,general_practitioner,0
hac8vw,1,7,7.571428571428571,6.0,53.0,sysadmin,general_practitioner,0
hak54u,1,2,2.0,2.0,4.0,sysadmin,general_practitioner,0
hasjmp,1,27,5.962962962962963,2.0,161.0,sysadmin,general_practitioner,0
hays1h,3,15,10.0,3.0,150.0,sysadmin,general_practitioner,0
hazgjx,3,5,2.8,2.0,14.0,sysadmin,general_practitioner,0
hb0u7h,1,7,2.857142857142857,2.0,20.0,sysadmin,general_practitioner,0
hbwgv2,1,17,6.0588235294117645,3.0,103.0,sysadmin,general_practitioner,0
hc0yhi,4,4,2.5,2.0,10.0,sysadmin,general_practitioner,0
hc1fum,1,25,8.72,1.0,218.0,sysadmin,general_practitioner,0
hcglvg,1,38,6.052631578947368,2.0,230.0,sysadmin,general_practitioner,0
hclc3o,1,15,3.066666666666667,1.0,46.0,sysadmin,general_practitioner,0
hctzov,2,4,3.5,3.0,14.0,sysadmin,general_practitioner,0
hdu72i,1,1,1.0,1.0,1.0,sysadmin,general_practitioner,0
hdq94f,4,141,15.382978723404255,2.0,2169.0,sysadmin,general_practitioner,0
hdv0dn,1,4,1.25,1.0,5.0,sysadmin,general_practitioner,0
he9gd6,3,3,2.6666666666666665,2.0,8.0,sysadmin,general_practitioner,0
hentby,2,18,7.055555555555555,3.0,127.0,sysadmin,general_practitioner,0
hepu56,1,13,3.076923076923077,2.0,40.0,sysadmin,general_practitioner,0
heps2p,1,10,2.5,1.0,25.0,sysadmin,general_practitioner,0
hf1wqv,1,30,4.333333333333333,2.0,130.0,sysadmin,general_practitioner,0
hfok90,3,10,1.8,1.0,18.0,sysadmin,general_practitioner,0
hfulqr,2,4,3.0,2.5,12.0,sysadmin,general_practitioner,0
hfxd2e,3,22,8.909090909090908,2.5,196.0,sysadmin,general_practitioner,0
hg70iy,1,6,4.0,2.5,24.0,sysadmin,general_practitioner,0
hgbl35,2,33,3.6666666666666665,2.0,121.0,sysadmin,general_practitioner,0
hgc6kz,2,30,4.1,2.0,123.0,sysadmin,general_practitioner,0
hgg90r,3,118,13.457627118644067,2.0,1588.0,sysadmin,general_practitioner,0
hgh0uq,3,0,,,,sysadmin,general_practitioner,1
hgplp9,3,5,1.4,1.0,7.0,sysadmin,general_practitioner,0
hgtij7,1,6,4.666666666666667,2.0,28.0,sysadmin,general_practitioner,0
hh7fzf,1,10,3.7,3.5,37.0,sysadmin,general_practitioner,0
hi7rv7,1,9,1.7777777777777777,1.0,16.0,sysadmin,general_practitioner,0
hig4cf,1,0,,,,sysadmin,general_practitioner,1
hildmk,1,10,4.4,2.5,44.0,sysadmin,general_practitioner,0
hinniq,4,16,6.8125,3.0,109.0,sysadmin,general_practitioner,0
hipzum,1,1,1.0,1.0,1.0,sysadmin,general_practitioner,0
hj0hgj,1,1,3.0,3.0,3.0,sysadmin,general_practitioner,0
hjaq9x,1,7,1.5714285714285714,1.0,11.0,sysadmin,general_practitioner,0
hjekg0,2,2,1.5,1.5,3.0,sysadmin,general_practitioner,0
hjre2f,1,41,28.21951219512195,2.0,1157.0,sysadmin,general_practitioner,0
hk1y38,3,6,6.833333333333333,6.5,41.0,sysadmin,general_practitioner,0
hkj331,1,195,12.594871794871796,1.0,2456.0,sysadmin,general_practitioner,0
hlygsg,2,6,2.0,1.0,12.0,sysadmin,general_practitioner,0
hlz0wm,1,3,13.666666666666666,7.0,41.0,sysadmin,general_practitioner,0
hm3dqv,1,40,14.175,1.0,567.0,sysadmin,general_practitioner,0
hm90in,2,75,9.253333333333334,2.0,694.0,sysadmin,general_practitioner,0
hm9cgd,1,12,5.083333333333333,2.5,61.0,sysadmin,general_practitioner,0
hmek8g,1,5,5.0,2.0,25.0,sysadmin,general_practitioner,0
hmphwk,2,18,12.22222222222222,2.0,220.0,sysadmin,general_practitioner,0
hms8kv,2,11,4.545454545454546,2.0,50.0,sysadmin,general_practitioner,0
hmth7s,2,4,4.5,2.0,18.0,sysadmin,general_practitioner,0
hn6x02,1,6,2.6666666666666665,2.0,16.0,sysadmin,general_practitioner,0
hnhe4s,1,8,2.75,1.0,22.0,sysadmin,general_practitioner,0
hnr06m,1,0,,,,sysadmin,general_practitioner,1
hnx42y,1,105,8.076190476190476,2.0,848.0,sysadmin,general_practitioner,0
ho3vht,1,10,1.7,1.0,17.0,sysadmin,general_practitioner,0
hovi4l,2,7,1.8571428571428568,2.0,13.0,sysadmin,general_practitioner,0
hq9kbn,4,3,3.0,2.0,9.0,sysadmin,general_practitioner,0
hqlbms,2,26,19.73076923076923,7.0,513.0,sysadmin,general_practitioner,0
hqq0pl,1,1,7.0,7.0,7.0,sysadmin,general_practitioner,0
hqvu3l,1,96,15.385416666666666,2.0,1477.0,sysadmin,general_practitioner,0
hqz8k9,1,3,1.6666666666666667,3.0,5.0,sysadmin,general_practitioner,0
hr1hyz,1,15,2.1333333333333333,2.0,32.0,sysadmin,general_practitioner,0
hr20qj,3,3,1.0,1.0,3.0,sysadmin,general_practitioner,0
hr1x8p,1,13,7.615384615384615,3.0,99.0,sysadmin,general_practitioner,0
hr51bl,2,9,2.888888888888889,2.0,26.0,sysadmin,general_practitioner,0
hrn5i2,2,14,7.428571428571429,1.5,104.0,sysadmin,general_practitioner,0
hrmt43,2,19,4.526315789473684,3.0,86.0,sysadmin,general_practitioner,0
hrpoee,1,50,3.98,1.0,199.0,sysadmin,general_practitioner,0
hrr4i7,1,6,1.1666666666666667,1.0,7.0,sysadmin,general_practitioner,0
hrumwn,2,3,1.0,1.0,3.0,sysadmin,general_practitioner,0
hrzze9,3,28,9.607142857142858,2.0,269.0,sysadmin,general_practitioner,0
hsdzho,2,29,9.172413793103448,4.0,266.0,sysadmin,general_practitioner,0
hsetz3,1,5,1.4,1.0,7.0,sysadmin,general_practitioner,0
hsvgso,1,21,3.523809523809524,2.0,74.0,sysadmin,general_practitioner,0
hsvu84,3,12,6.166666666666667,3.0,74.0,sysadmin,general_practitioner,0
ht181m,1,22,11.363636363636363,3.0,250.0,sysadmin,general_practitioner,0
htp231,1,15,2.2,1.0,33.0,sysadmin,general_practitioner,0
hu7oy3,1,6,7.0,2.0,42.0,sysadmin,general_practitioner,0
hugdi6,1,2,1.5,1.5,3.0,sysadmin,general_practitioner,0
hunnk5,1,5,2.2,1.0,11.0,sysadmin,general_practitioner,0
huu41x,1,1,1.0,1.0,1.0,sysadmin,general_practitioner,0
hv4ccn,1,21,6.761904761904762,2.0,142.0,sysadmin,general_practitioner,0
hvcf6w,1,5,2.6,1.0,13.0,sysadmin,general_practitioner,0
hvezdu,2,7,1.8571428571428568,1.0,13.0,sysadmin,general_practitioner,0
hvgodk,2,9,3.0,2.0,27.0,sysadmin,general_practitioner,0
hvqjy2,1,61,5.688524590163935,2.0,347.0,sysadmin,general_practitioner,0
hw20xa,1,10,6.2,2.0,62.0,sysadmin,general_practitioner,0
hw1cvp,1,31,8.709677419354838,4.0,270.0,sysadmin,general_practitioner,0
hw6zp9,1,5,1.6,1.0,8.0,sysadmin,general_practitioner,0
hw8jjr,2,10,3.4,2.0,34.0,sysadmin,general_practitioner,0
hw7dix,1,3,3.0,3.0,9.0,sysadmin,general_practitioner,0
hwd1mn,1,7,1.4285714285714286,1.0,10.0,sysadmin,general_practitioner,0
hwehs7,1,115,23.695652173913043,2.0,2725.0,sysadmin,general_practitioner,0
hwf54o,2,2,4.5,4.5,9.0,sysadmin,general_practitioner,0
hwiax3,1,26,7.923076923076923,2.5,206.0,sysadmin,general_practitioner,0
hwktkx,1,3,1.3333333333333333,1.0,4.0,sysadmin,general_practitioner,0
hwlozh,1,4,1.25,1.0,5.0,sysadmin,general_practitioner,0
hwqkqz,3,9,1.6666666666666667,1.0,15.0,sysadmin,general_practitioner,0
hx1vdw,2,1,1.0,1.0,1.0,sysadmin,general_practitioner,0
hx4jj6,4,4,2.0,2.0,8.0,sysadmin,general_practitioner,0
hx8r4f,1,23,7.217391304347826,6.0,166.0,sysadmin,general_practitioner,0
hxb893,1,81,8.432098765432098,2.0,683.0,sysadmin,general_practitioner,0
hxclwv,2,10,3.7,2.0,37.0,sysadmin,general_practitioner,0
hxdo5q,1,4,1.75,1.5,7.0,sysadmin,general_practitioner,0
hxr1ub,1,5,2.0,1.0,10.0,sysadmin,general_practitioner,0
hxs5w2,1,73,22.383561643835616,2.0,1634.0,sysadmin,general_practitioner,0
hyss9l,1,25,9.24,3.0,231.0,sysadmin,general_practitioner,0
hyt8s1,1,7,8.857142857142858,3.0,62.0,sysadmin,general_practitioner,0
hyzaqq,2,3,4.333333333333333,5.0,13.0,sysadmin,general_practitioner,0
hz0c2k,2,8,2.0,2.0,16.0,sysadmin,general_practitioner,0
hziyij,1,12,3.083333333333333,1.5,37.0,sysadmin,general_practitioner,0
hzmqo7,1,2,2.0,2.0,4.0,sysadmin,general_practitioner,0
i00xfm,1,87,4.0,1.0,348.0,sysadmin,general_practitioner,0
i0idqr,1,3,2.333333333333333,2.0,7.0,sysadmin,general_practitioner,0
i0l9bk,2,3,1.6666666666666667,1.0,5.0,sysadmin,general_practitioner,0
i1spio,2,111,5.252252252252252,1.0,583.0,sysadmin,general_practitioner,0
i2pued,1,6,4.666666666666667,2.0,28.0,sysadmin,general_practitioner,0
i2zk0e,1,1,1.0,1.0,1.0,sysadmin,general_practitioner,0
i35cdf,1,2,1.0,1.0,2.0,sysadmin,general_practitioner,0
i3drh2,1,4,1.25,1.0,5.0,sysadmin,general_practitioner,0
i3aecm,3,3,3.0,3.0,9.0,sysadmin,general_practitioner,0
i3khyt,2,47,39.63829787234042,3.0,1863.0,sysadmin,general_practitioner,0
i3m1qe,3,53,10.18867924528302,2.0,540.0,sysadmin,general_practitioner,0
i3mbmp,1,1,9.0,9.0,9.0,sysadmin,general_practitioner,0
i3t9mf,1,4,4.0,4.0,16.0,sysadmin,general_practitioner,0
i3za1t,3,12,3.8333333333333335,3.0,46.0,sysadmin,general_practitioner,0
i45td4,3,14,21.928571428571427,10.5,307.0,sysadmin,general_practitioner,0
i46t3n,2,116,11.129310344827584,1.0,1291.0,sysadmin,general_practitioner,0
i4kzvf,3,4,15.75,11.0,63.0,sysadmin,general_practitioner,0
i4o7zc,2,3,6.333333333333333,7.0,19.0,sysadmin,general_practitioner,0
i4mz7p,1,74,10.567567567567568,2.0,782.0,sysadmin,general_practitioner,0
i4oxj7,1,15,6.2,2.0,93.0,sysadmin,general_practitioner,0
i4pu4d,1,57,3.56140350877193,1.0,203.0,sysadmin,general_practitioner,0
i4s092,1,8,6.875,4.5,55.0,sysadmin,general_practitioner,0
i4shgq,1,642,12.236760124610592,1.0,7856.0,sysadmin,general_practitioner,0
i5fz8d,1,6,2.1666666666666665,2.5,13.0,sysadmin,general_practitioner,0
i5jmc7,3,2,1.0,1.0,2.0,sysadmin,general_practitioner,0
i5ijnl,1,7,1.0,1.0,7.0,sysadmin,general_practitioner,0
i5jo3x,1,8,2.125,2.0,17.0,sysadmin,general_practitioner,0
i5joof,1,3,2.0,2.0,6.0,sysadmin,general_practitioner,0
i5la4b,1,0,,,,sysadmin,general_practitioner,1
i69ve3,2,14,6.0,1.0,84.0,sysadmin,general_practitioner,0
i74rdx,1,2,2.0,2.0,4.0,sysadmin,general_practitioner,0
i7789r,2,14,7.142857142857143,2.0,100.0,sysadmin,general_practitioner,0
i7tzda,1,6,1.5,1.0,9.0,sysadmin,general_practitioner,0
i7ykye,1,13,2.230769230769231,1.0,29.0,sysadmin,general_practitioner,0
i80gdd,2,2,1.5,1.5,3.0,sysadmin,general_practitioner,0
i816nx,1,11,2.272727272727273,2.0,25.0,sysadmin,general_practitioner,0
i8fdlo,1,4,1.75,2.0,7.0,sysadmin,general_practitioner,0
i8fl4s,1,2,1.0,1.0,2.0,sysadmin,general_practitioner,0
i8gol6,2,24,6.916666666666667,2.0,166.0,sysadmin,general_practitioner,0
i96oj5,1,9,1.6666666666666667,1.0,15.0,sysadmin,general_practitioner,0
i99htc,2,155,7.696774193548387,1.0,1193.0,sysadmin,general_practitioner,0
i9cj5k,1,3,4.0,3.0,12.0,sysadmin,general_practitioner,0
i9gz37,1,7,1.7142857142857142,1.0,12.0,sysadmin,general_practitioner,0
i9fedi,2,7,2.142857142857143,1.0,15.0,sysadmin,general_practitioner,0
i9m4dn,1,16,9.0625,1.5,145.0,sysadmin,general_practitioner,0
i9outh,2,12,4.5,1.0,54.0,sysadmin,general_practitioner,0
i9py99,3,4,5.5,5.0,22.0,sysadmin,general_practitioner,0
iaz5bc,2,180,8.927777777777777,1.0,1607.0,sysadmin,general_practitioner,0
ibeq1u,2,36,8.63888888888889,2.0,311.0,sysadmin,general_practitioner,0
ibag5g,1,10,2.3,2.0,23.0,sysadmin,general_practitioner,0
ibfun2,1,5,1.0,1.0,5.0,sysadmin,general_practitioner,0
ibp021,4,14,2.4285714285714284,2.0,34.0,sysadmin,general_practitioner,0
ic9hev,1,18,5.111111111111111,3.0,92.0,sysadmin,general_practitioner,0
icag8g,2,6,2.333333333333333,1.5,14.0,sysadmin,general_practitioner,0
icdbcz,2,1,4.0,4.0,4.0,sysadmin,general_practitioner,0
icmmyy,1,6,2.6666666666666665,2.0,16.0,sysadmin,general_practitioner,0
ico09b,1,206,5.427184466019417,1.0,1118.0,sysadmin,general_practitioner,0
icttnl,1,0,,,,sysadmin,general_practitioner,1
ictgct,1,1,1.0,1.0,1.0,sysadmin,general_practitioner,0
icv2qv,2,6,4.166666666666667,2.5,25.0,sysadmin,general_practitioner,0
icw4tu,1,7,4.428571428571429,3.0,31.0,sysadmin,general_practitioner,0
id2j0v,1,82,14.853658536585366,1.0,1218.0,sysadmin,general_practitioner,0
idcusk,1,1,6.0,6.0,6.0,sysadmin,general_practitioner,0
idhavt,1,14,4.642857142857143,1.5,65.0,sysadmin,general_practitioner,0
idhowe,1,2,3.0,3.0,6.0,sysadmin,general_practitioner,0
idoiqo,1,5,1.6,2.0,8.0,sysadmin,general_practitioner,0
idsazd,1,48,10.8125,2.0,519.0,sysadmin,general_practitioner,0
ie48x8,1,5,1.0,1.0,5.0,sysadmin,general_practitioner,0
ie4a7b,3,5,7.8,6.0,39.0,sysadmin,general_practitioner,0
ie563p,1,4,3.75,2.0,15.0,sysadmin,general_practitioner,0
ie6xnx,1,9,7.888888888888889,6.0,71.0,sysadmin,general_practitioner,0
ie7sfc,2,1,2.0,2.0,2.0,sysadmin,general_practitioner,0
iefxap,2,10,4.3,2.0,43.0,sysadmin,general_practitioner,0
ielzod,2,17,4.0588235294117645,1.0,69.0,sysadmin,general_practitioner,0
iesr8r,1,4,1.0,1.0,4.0,sysadmin,general_practitioner,0
iet97x,1,1,4.0,4.0,4.0,sysadmin,general_practitioner,0
ievmzt,1,10,6.7,1.5,67.0,sysadmin,general_practitioner,0
if553l,1,72,12.97222222222222,2.0,934.0,sysadmin,general_practitioner,0
ifp06m,1,1,2.0,2.0,2.0,sysadmin,general_practitioner,0
ifs4uo,2,17,7.411764705882353,4.0,126.0,sysadmin,general_practitioner,0
ig4nau,1,14,8.571428571428571,2.0,120.0,sysadmin,general_practitioner,0
igc4so,1,6,2.333333333333333,1.5,14.0,sysadmin,general_practitioner,0
igexhu,2,52,10.942307692307692,3.0,569.0,sysadmin,general_practitioner,0
iggk19,3,7,2.857142857142857,2.0,20.0,sysadmin,general_practitioner,0
igo2wg,1,8,7.125,3.0,57.0,sysadmin,general_practitioner,0
igktcn,1,5,2.6,2.0,13.0,sysadmin,general_practitioner,0
ih00ni,1,66,5.075757575757576,1.0,335.0,sysadmin,general_practitioner,0
ih1zx1,1,13,4.153846153846154,3.0,54.0,sysadmin,general_practitioner,0
ih57uv,1,8,2.5,1.0,20.0,sysadmin,general_practitioner,0
ih8hq4,2,2,1.0,1.0,2.0,sysadmin,general_practitioner,0
ihdghc,2,5,4.2,2.0,21.0,sysadmin,general_practitioner,0
ihodp2,2,3,2.6666666666666665,2.0,8.0,sysadmin,general_practitioner,0
ihyitw,2,12,2.75,1.5,33.0,sysadmin,general_practitioner,0
ii60bp,3,18,9.72222222222222,3.0,175.0,sysadmin,general_practitioner,0
ij0bde,1,101,10.96039603960396,2.0,1107.0,sysadmin,general_practitioner,0
ijxj60,1,2,3.0,3.0,6.0,sysadmin,general_practitioner,0
ikbyet,2,6,8.0,3.5,48.0,sysadmin,general_practitioner,0
ikrggk,3,5,3.2,1.0,16.0,sysadmin,general_practitioner,0
ikteji,1,4,5.0,5.0,20.0,sysadmin,general_practitioner,0
il8qlz,1,2,2.0,2.0,4.0,sysadmin,general_practitioner,0
ilfzh2,1,12,2.833333333333333,2.0,34.0,sysadmin,general_practitioner,0
ilj0gd,1,32,15.84375,3.5,507.0,sysadmin,general_practitioner,0
iloc02,1,46,10.608695652173912,3.0,488.0,sysadmin,general_practitioner,0
ily6vz,1,6,7.166666666666667,2.0,43.0,sysadmin,general_practitioner,0
ilzvse,1,7,2.857142857142857,2.0,20.0,sysadmin,general_practitioner,0
im00bq,3,25,4.52,2.0,113.0,sysadmin,general_practitioner,0
im3qbr,1,31,22.032258064516128,3.0,683.0,sysadmin,general_practitioner,0
imm276,1,19,2.1578947368421053,1.0,41.0,sysadmin,general_practitioner,0
imvdve,1,9,2.555555555555556,2.0,23.0,sysadmin,general_practitioner,0
in9cwr,3,7,5.714285714285714,5.0,40.0,sysadmin,general_practitioner,0
io5d56,1,144,12.194444444444445,1.0,1756.0,sysadmin,general_practitioner,0
io6xk6,1,7,3.142857142857143,1.0,22.0,sysadmin,general_practitioner,0
io7xwn,1,1,3.0,3.0,3.0,sysadmin,general_practitioner,0
ioj8cc,1,20,4.85,2.0,97.0,sysadmin,general_practitioner,0
iovyso,2,12,2.6666666666666665,2.0,32.0,sysadmin,general_practitioner,0
ioz5wp,3,15,7.4,3.0,111.0,sysadmin,general_practitioner,0
ip71o7,3,3,3.6666666666666665,3.0,11.0,sysadmin,general_practitioner,0
ip7qcg,1,6,2.0,1.0,12.0,sysadmin,general_practitioner,0
iphlpa,4,103,15.970873786407768,2.0,1645.0,sysadmin,general_practitioner,0
ipmtg0,1,43,6.72093023255814,2.0,289.0,sysadmin,general_practitioner,0
ipntug,1,8,6.0,2.0,48.0,sysadmin,general_practitioner,0
ipo9ip,1,19,7.526315789473684,1.0,143.0,sysadmin,general_practitioner,0
ipseit,1,2,4.5,4.5,9.0,sysadmin,general_practitioner,0
ipukga,3,86,16.674418604651162,2.0,1434.0,sysadmin,general_practitioner,0
iq8cod,1,194,10.783505154639176,1.0,2092.0,sysadmin,general_practitioner,0
iqpq8y,2,37,10.54054054054054,3.0,390.0,sysadmin,general_practitioner,0
iqmnb6,1,8,4.125,3.5,33.0,sysadmin,general_practitioner,0
iqwobj,1,67,16.507462686567163,2.0,1106.0,sysadmin,general_practitioner,0
ir1qmc,1,3,8.666666666666666,10.0,26.0,sysadmin,general_practitioner,0
is2oyp,3,26,10.038461538461538,4.5,261.0,sysadmin,general_practitioner,0
isc5eh,1,2,2.0,2.0,4.0,sysadmin,general_practitioner,0
isgha3,2,3,3.0,3.0,9.0,sysadmin,general_practitioner,0
isynam,2,8,7.125,5.0,57.0,sysadmin,general_practitioner,0
isxwcz,4,3,4.0,3.0,12.0,sysadmin,general_practitioner,0
itam07,1,2,4.5,4.5,9.0,sysadmin,general_practitioner,0
itm274,1,10,3.2,2.5,32.0,sysadmin,general_practitioner,0
itrhmk,1,1,8.0,8.0,8.0,sysadmin,general_practitioner,0
itqqby,1,6,2.333333333333333,1.5,14.0,sysadmin,general_practitioner,0
iuia3r,1,59,18.83050847457627,1.0,1111.0,sysadmin,general_practitioner,0
iuklru,1,2,4.0,4.0,8.0,sysadmin,general_practitioner,0
iuosnt,1,1,1.0,1.0,1.0,sysadmin,general_practitioner,0
iuqeou,1,3,2.0,2.0,6.0,sysadmin,general_practitioner,0
ivd42s,4,7,2.4285714285714284,1.0,17.0,sysadmin,general_practitioner,0
ivffh6,1,4,2.25,2.5,9.0,sysadmin,general_practitioner,0
ivlxfz,1,3,6.666666666666667,3.0,20.0,sysadmin,general_practitioner,0
ivyz2z,1,58,9.655172413793103,3.0,560.0,sysadmin,general_practitioner,0
ix07r2,1,3,3.0,3.0,9.0,sysadmin,general_practitioner,0
ix5saa,1,10,1.9,2.0,19.0,sysadmin,general_practitioner,0
ix5aw1,1,0,,,,sysadmin,general_practitioner,1
ixoaj6,1,5,3.8,3.0,19.0,sysadmin,general_practitioner,0
iy1w85,1,15,9.6,3.0,144.0,sysadmin,general_practitioner,0
iydeqa,1,4,1.75,1.5,7.0,sysadmin,general_practitioner,0
iyga2l,1,6,5.333333333333333,3.0,32.0,sysadmin,general_practitioner,0
iyslma,1,3,4.0,3.0,12.0,sysadmin,general_practitioner,0
iyn74z,2,29,7.551724137931035,1.0,219.0,sysadmin,general_practitioner,0
iz3i1w,1,2,3.0,3.0,6.0,sysadmin,general_practitioner,0
iz30wg,3,53,12.132075471698114,2.0,643.0,sysadmin,general_practitioner,0
iz547r,3,4,5.0,2.5,20.0,sysadmin,general_practitioner,0
izoqxr,1,2,2.5,2.5,5.0,sysadmin,general_practitioner,0
j08j49,1,8,4.375,3.0,35.0,sysadmin,general_practitioner,0
j1vzmr,1,8,3.5,2.0,28.0,sysadmin,general_practitioner,0
j1z7x6,1,113,6.672566371681416,1.0,754.0,sysadmin,general_practitioner,0
j21iug,2,52,4.75,1.0,247.0,sysadmin,general_practitioner,0
j24gy9,2,2,1.5,1.5,3.0,sysadmin,general_practitioner,0
j2661c,2,72,13.11111111111111,2.0,944.0,sysadmin,general_practitioner,0
j25yiq,1,2,3.0,3.0,6.0,sysadmin,general_practitioner,0
j2cff4,1,3,1.3333333333333333,1.0,4.0,sysadmin,general_practitioner,0
j2osvd,1,7,4.714285714285714,4.0,33.0,sysadmin,general_practitioner,0
j2xmcv,1,7,6.285714285714286,3.0,44.0,sysadmin,general_practitioner,0
j38dok,1,1,4.0,4.0,4.0,sysadmin,general_practitioner,0
j38olb,1,7,7.428571428571429,9.0,52.0,sysadmin,general_practitioner,0
j3jlnt,1,6,9.333333333333334,7.0,56.0,sysadmin,general_practitioner,0
j3ixcr,1,27,3.592592592592593,2.0,97.0,sysadmin,general_practitioner,0
j46k3d,3,14,8.0,3.5,112.0,sysadmin,general_practitioner,0
j4frif,1,24,8.708333333333334,3.0,209.0,sysadmin,general_practitioner,0
j4qy89,1,12,11.25,7.0,135.0,sysadmin,general_practitioner,0
j4yff3,1,4,16.0,9.5,64.0,sysadmin,general_practitioner,0
j5ogcp,3,43,9.093023255813954,2.0,391.0,sysadmin,general_practitioner,0
j5qirb,1,3,2.333333333333333,1.0,7.0,sysadmin,general_practitioner,0
j5s2l4,2,1,2.0,2.0,2.0,sysadmin,general_practitioner,0
j5ss6w,1,6,7.333333333333333,2.5,44.0,sysadmin,general_practitioner,0
j5u3s5,1,15,4.8,2.0,72.0,sysadmin,general_practitioner,0
j5x5cb,2,8,3.625,2.5,29.0,sysadmin,general_practitioner,0
j6da9p,1,9,1.5555555555555556,1.0,14.0,sysadmin,general_practitioner,0
j6gcb8,1,4,1.75,1.5,7.0,sysadmin,general_practitioner,0
j6n0vv,2,55,16.836363636363636,2.0,926.0,sysadmin,general_practitioner,0
j6p5x1,1,3,1.3333333333333333,1.0,4.0,sysadmin,general_practitioner,0
j6rj37,1,13,4.0,2.0,52.0,sysadmin,general_practitioner,0
j7hevs,1,0,,,,sysadmin,general_practitioner,1
j7hroa,1,2,2.0,2.0,4.0,sysadmin,general_practitioner,0
j7l1yz,1,11,2.4545454545454546,2.0,27.0,sysadmin,general_practitioner,0
j7m08z,1,11,1.5454545454545454,2.0,17.0,sysadmin,general_practitioner,0
j7qmm0,1,14,3.571428571428572,3.0,50.0,sysadmin,general_practitioner,0
j7pc3u,2,30,7.7,2.0,231.0,sysadmin,general_practitioner,0
j7tios,2,14,11.571428571428571,8.0,162.0,sysadmin,general_practitioner,0
j84c3r,1,37,8.91891891891892,2.0,330.0,sysadmin,general_practitioner,0
j82pvw,1,17,4.0588235294117645,1.0,69.0,sysadmin,general_practitioner,0
j8dzwr,1,2,5.0,5.0,10.0,sysadmin,general_practitioner,0
j8b6yl,1,20,10.6,2.5,212.0,sysadmin,general_practitioner,0
j8o80t,1,17,3.764705882352941,1.0,64.0,sysadmin,general_practitioner,0
j96hqo,3,9,5.666666666666667,2.0,51.0,sysadmin,general_practitioner,0
j9e64f,1,24,16.166666666666668,4.0,388.0,sysadmin,general_practitioner,0
j9l894,3,10,3.6,2.0,36.0,sysadmin,general_practitioner,0
j9zsx0,4,1,4.0,4.0,4.0,sysadmin,general_practitioner,0
ja4epy,1,4,1.0,1.0,4.0,sysadmin,general_practitioner,0
ja6wy2,1,2,3.0,3.0,6.0,sysadmin,general_practitioner,0
ja8khx,3,45,5.755555555555556,2.0,259.0,sysadmin,general_practitioner,0
jacvof,3,4,1.75,1.5,7.0,sysadmin,general_practitioner,0
jak8n9,1,9,1.7777777777777777,1.0,16.0,sysadmin,general_practitioner,0
jakgzj,1,30,5.633333333333334,2.0,169.0,sysadmin,general_practitioner,0
japvrq,1,5,4.4,3.0,22.0,sysadmin,general_practitioner,0
javhy7,2,14,3.7142857142857135,3.0,52.0,sysadmin,general_practitioner,0
jb2aa0,1,2,2.0,2.0,4.0,sysadmin,general_practitioner,0
jb4uvh,2,19,4.789473684210527,2.0,91.0,sysadmin,general_practitioner,0
jb6sc4,1,10,3.0,1.0,30.0,sysadmin,general_practitioner,0
jb8f9e,4,8,11.25,8.0,90.0,sysadmin,general_practitioner,0
jbd00s,2,4,3.0,2.0,12.0,sysadmin,general_practitioner,0
jbbj2i,1,26,1.4615384615384617,1.0,38.0,sysadmin,general_practitioner,0
jbltha,1,2,3.5,3.5,7.0,sysadmin,general_practitioner,0
jbpo0m,2,5,1.4,1.0,7.0,sysadmin,general_practitioner,0
jbtj6r,1,147,20.60544217687075,1.0,3029.0,sysadmin,general_practitioner,0
jcais7,3,15,4.8,3.0,72.0,sysadmin,general_practitioner,0
jcarjj,1,3,1.6666666666666667,1.0,5.0,sysadmin,general_practitioner,0
jckbb3,1,2,9.0,9.0,18.0,sysadmin,general_practitioner,0
jclsvk,2,9,1.4444444444444444,2.0,13.0,sysadmin,general_practitioner,0
jdns85,1,23,8.956521739130435,3.0,206.0,sysadmin,general_practitioner,0
jdt9z2,2,30,12.666666666666666,2.0,380.0,sysadmin,general_practitioner,0
jdulgd,2,11,0.5454545454545454,1.0,6.0,sysadmin,general_practitioner,0
je5mab,1,46,8.108695652173912,2.0,373.0,sysadmin,general_practitioner,0
jep8xk,1,9,4.888888888888889,3.0,44.0,sysadmin,general_practitioner,0
jexvif,1,3,5.666666666666667,3.0,17.0,sysadmin,general_practitioner,0
jfdosg,1,23,9.304347826086955,2.0,214.0,sysadmin,general_practitioner,0
jfhuqs,2,6,2.333333333333333,2.0,14.0,sysadmin,general_practitioner,0
jfqvkt,2,42,8.714285714285714,4.0,366.0,sysadmin,general_practitioner,0
jgmxik,1,2,1.0,1.0,2.0,sysadmin,general_practitioner,0
jh18ug,3,37,12.135135135135137,2.0,449.0,sysadmin,general_practitioner,0
jgrtfu,1,6,2.0,2.0,12.0,sysadmin,general_practitioner,0
jhtj9r,1,2,1.0,1.0,2.0,sysadmin,general_practitioner,0
jhvitq,1,0,,,,sysadmin,general_practitioner,1
jhwuge,2,5,1.8,1.0,9.0,sysadmin,general_practitioner,0
ji90v5,2,0,,,,sysadmin,general_practitioner,1
jiz3yz,2,2,1.0,1.0,2.0,sysadmin,general_practitioner,0
jj0q91,3,23,3.1739130434782608,1.0,73.0,sysadmin,general_practitioner,0
jj4hsg,1,2,1.0,1.0,2.0,sysadmin,general_practitioner,0
jjimax,1,2,4.5,4.5,9.0,sysadmin,general_practitioner,0
jjjh3b,1,6,2.833333333333333,2.5,17.0,sysadmin,general_practitioner,0
jjqo9z,1,11,5.818181818181818,4.0,64.0,sysadmin,general_practitioner,0
jjuoxn,1,8,2.125,1.5,17.0,sysadmin,general_practitioner,0
jjuxee,2,24,3.2916666666666665,1.0,79.0,sysadmin,general_practitioner,0
jk20oj,2,4,2.0,2.0,8.0,sysadmin,general_practitioner,0
jkc029,2,3,3.333333333333333,3.0,10.0,sysadmin,general_practitioner,0
jkjfyx,1,4,4.0,4.5,16.0,sysadmin,general_practitioner,0
jkx7s6,1,8,4.75,1.5,38.0,sysadmin,general_practitioner,0
jl4dy8,2,2,1.5,1.5,3.0,sysadmin,general_practitioner,0
jlx0od,1,3,7.333333333333333,5.0,22.0,sysadmin,general_practitioner,0
jlzp0j,1,2,1.0,1.0,2.0,sysadmin,general_practitioner,0
jmf0d5,1,26,6.307692307692308,2.0,164.0,sysadmin,general_practitioner,0
jmon2s,1,6,0.3333333333333333,1.0,2.0,sysadmin,general_practitioner,0
jmmfsm,4,147,11.387755102040815,2.0,1674.0,sysadmin,general_practitioner,0
jmqvke,1,3,2.0,2.0,6.0,sysadmin,general_practitioner,0
jmx3ci,1,30,11.366666666666667,3.0,341.0,sysadmin,general_practitioner,0
jn3yki,1,4,2.25,2.5,9.0,sysadmin,general_practitioner,0
jn7a9a,1,5,0.4,1.0,2.0,sysadmin,general_practitioner,0
jndew2,1,93,10.333333333333334,1.0,961.0,sysadmin,general_practitioner,0
jne0rr,1,4,2.0,2.0,8.0,sysadmin,general_practitioner,0
jnimpm,1,1,1.0,1.0,1.0,sysadmin,general_practitioner,0
jnta0i,1,4,0.5,1.0,2.0,sysadmin,general_practitioner,0
jo3prx,1,5,1.4,1.0,7.0,sysadmin,general_practitioner,0
jo7ljx,1,5,2.4,2.0,12.0,sysadmin,general_practitioner,0
jo9ogq,1,36,6.833333333333333,3.0,246.0,sysadmin,general_practitioner,0
jog9ze,2,42,7.904761904761905,1.0,332.0,sysadmin,general_practitioner,0
jojisz,1,7,15.0,6.0,105.0,sysadmin,general_practitioner,0
jokd58,1,6,2.0,2.0,12.0,sysadmin,general_practitioner,0
jokc1w,2,90,5.822222222222222,1.0,524.0,sysadmin,general_practitioner,0
jowcgh,2,5,1.8,2.0,9.0,sysadmin,general_practitioner,0
jphjvn,1,79,10.329113924050631,1.0,816.0,sysadmin,general_practitioner,0
jpo0fi,1,4,3.25,3.0,13.0,sysadmin,general_practitioner,0
jq6zhi,1,4,2.5,2.5,10.0,sysadmin,general_practitioner,0
jr3d2s,1,131,9.35114503816794,1.0,1225.0,sysadmin,general_practitioner,0
jr9nee,2,11,3.5454545454545454,2.0,39.0,sysadmin,general_practitioner,0
jrip4k,1,3,2.0,2.0,6.0,sysadmin,general_practitioner,0
jrml13,2,7,6.857142857142857,4.0,48.0,sysadmin,general_practitioner,0
jrn6pc,1,38,11.63157894736842,3.0,442.0,sysadmin,general_practitioner,0
jrt1ef,2,5,6.4,6.0,32.0,sysadmin,general_practitioner,0
jrt6we,1,6,6.666666666666667,5.5,40.0,sysadmin,general_practitioner,0
jrvxnn,1,28,13.214285714285714,3.5,370.0,sysadmin,general_practitioner,0
jsdagn,2,70,16.7,3.0,1169.0,sysadmin,general_practitioner,0
jsi6st,1,7,6.571428571428571,7.0,46.0,sysadmin,general_practitioner,0
jsjuxw,2,9,17.444444444444443,11.0,157.0,sysadmin,general_practitioner,0
jso0ji,1,2,4.0,4.0,8.0,sysadmin,general_practitioner,0
jsx42d,1,21,4.047619047619048,2.0,85.0,sysadmin,general_practitioner,0
jt1sfh,2,13,2.6153846153846154,2.0,34.0,sysadmin,general_practitioner,0
jt5u9v,1,1,1.0,1.0,1.0,sysadmin,general_practitioner,0
jtv5in,1,58,14.344827586206897,1.0,832.0,sysadmin,general_practitioner,0
jucp6w,2,6,2.0,2.0,12.0,sysadmin,general_practitioner,0
jvb6uc,1,6,2.0,1.0,12.0,sysadmin,general_practitioner,0
jv9al3,1,10,3.0,2.0,30.0,sysadmin,general_practitioner,0
jvlxl5,1,7,6.285714285714286,2.0,44.0,sysadmin,general_practitioner,0
jvunzs,1,47,11.808510638297872,3.0,555.0,sysadmin,general_practitioner,0
jwmrkl,2,3,2.0,1.0,6.0,sysadmin,general_practitioner,0
jx7v2z,2,1,2.0,2.0,2.0,sysadmin,general_practitioner,0
jxfl46,1,6,1.3333333333333333,1.0,8.0,sysadmin,general_practitioner,0
jxvry2,1,6,5.333333333333333,4.5,32.0,sysadmin,general_practitioner,0
jy4ck5,3,18,7.388888888888889,2.0,133.0,sysadmin,general_practitioner,0
jyajzu,4,6,9.833333333333334,5.5,59.0,sysadmin,general_practitioner,0
jy6r27,1,27,7.74074074074074,2.0,209.0,sysadmin,general_practitioner,0
jychoz,2,27,8.296296296296296,3.0,224.0,sysadmin,general_practitioner,0
jyhfnl,2,1,1.0,1.0,1.0,sysadmin,general_practitioner,0
jyrz1p,1,150,7.3,1.0,1095.0,sysadmin,general_practitioner,0
k0gbdp,1,7,19.428571428571427,8.0,136.0,sysadmin,general_practitioner,0
k0kx70,2,25,9.44,2.0,236.0,sysadmin,general_practitioner,0
k0vvh3,2,11,2.272727272727273,2.0,25.0,sysadmin,general_practitioner,0
k13iev,1,5,2.6,1.0,13.0,sysadmin,general_practitioner,0
k16tvm,1,3,3.6666666666666665,4.0,11.0,sysadmin,general_practitioner,0
k1xbsr,1,9,5.222222222222222,5.0,47.0,sysadmin,general_practitioner,0
k22uo0,1,57,8.982456140350877,3.0,512.0,sysadmin,general_practitioner,0
k3lt0d,1,127,11.086614173228346,2.0,1408.0,sysadmin,general_practitioner,0
k3nwt7,1,5,1.2,1.0,6.0,sysadmin,general_practitioner,0
k3pkk0,4,12,3.4166666666666665,1.0,41.0,sysadmin,general_practitioner,0
k47h27,1,2,2.0,2.0,4.0,sysadmin,general_practitioner,0
k5bx13,1,23,3.9565217391304346,1.0,91.0,sysadmin,general_practitioner,0
k5elp2,1,2,1.5,1.5,3.0,sysadmin,general_practitioner,0
k5g78t,2,2,9.0,9.0,18.0,sysadmin,general_practitioner,0
k5g0aj,2,2,2.0,2.0,4.0,sysadmin,general_practitioner,0
k5gr0d,1,18,5.888888888888889,2.0,106.0,sysadmin,general_practitioner,0
k5itua,1,9,7.444444444444445,1.0,67.0,sysadmin,general_practitioner,0
k5qr8f,1,37,6.4324324324324325,2.0,238.0,sysadmin,general_practitioner,0
k61cs1,2,4,1.75,1.5,7.0,sysadmin,general_practitioner,0
k69y0j,3,5,4.8,4.0,24.0,sysadmin,general_practitioner,0
k6cr3e,4,3,3.0,3.0,9.0,sysadmin,general_practitioner,0
k6iawl,1,5,1.4,1.0,7.0,sysadmin,general_practitioner,0
k6odc6,1,1,4.0,4.0,4.0,sysadmin,general_practitioner,0
k6qb90,1,23,4.608695652173913,2.0,106.0,sysadmin,general_practitioner,0
k8iaqt,2,17,3.411764705882353,2.0,58.0,sysadmin,general_practitioner,0
k8j8b6,2,13,7.230769230769231,4.0,94.0,sysadmin,general_practitioner,0
k9ua16,2,48,8.333333333333334,2.0,400.0,sysadmin,general_practitioner,0
k9vg7n,1,13,5.230769230769231,2.0,68.0,sysadmin,general_practitioner,0
kafwna,1,3,1.0,1.0,3.0,sysadmin,general_practitioner,0
kakych,4,13,15.615384615384617,8.0,203.0,sysadmin,general_practitioner,0
kap7rr,1,1,3.0,3.0,3.0,sysadmin,general_practitioner,0
kb2f5x,1,5,4.6,5.0,23.0,sysadmin,general_practitioner,0
kbgpdt,1,6,1.3333333333333333,1.0,8.0,sysadmin,general_practitioner,0
kd1suj,2,23,8.695652173913043,2.0,200.0,sysadmin,general_practitioner,0
kd4pkv,1,2,2.5,2.5,5.0,sysadmin,general_practitioner,0
kd7122,3,9,5.111111111111111,3.0,46.0,sysadmin,general_practitioner,0
kdajiy,1,7,2.0,2.0,14.0,sysadmin,general_practitioner,0
kdjfek,1,0,,,,sysadmin,general_practitioner,1
kdhpuz,1,2,1.5,1.5,3.0,sysadmin,general_practitioner,0
kdo1zw,3,4,7.0,6.5,28.0,sysadmin,general_practitioner,0
kdmvxn,2,18,6.055555555555555,2.0,109.0,sysadmin,general_practitioner,0
kdqxf2,2,15,5.066666666666666,2.0,76.0,sysadmin,general_practitioner,0
ke522v,2,5,1.8,2.0,9.0,sysadmin,general_practitioner,0
ke6vb3,1,2,1.5,1.5,3.0,sysadmin,general_practitioner,0
kebfbe,2,6,3.333333333333333,3.0,20.0,sysadmin,general_practitioner,0
kedi6v,1,4,2.0,2.0,8.0,sysadmin,general_practitioner,0
kek7ca,2,2,1.5,1.5,3.0,sysadmin,general_practitioner,0
kenpw2,1,4,2.0,2.0,8.0,sysadmin,general_practitioner,0
kez8gd,1,1,2.0,2.0,2.0,sysadmin,general_practitioner,0
kezvrv,3,5,7.2,3.0,36.0,sysadmin,general_practitioner,0
kf7i5x,1,5,2.8,1.0,14.0,sysadmin,general_practitioner,0
kg0anf,3,271,10.228782287822876,1.0,2772.0,sysadmin,general_practitioner,0
kg5yry,3,30,7.266666666666667,2.0,218.0,sysadmin,general_practitioner,0
kh9dzf,1,1,1.0,1.0,1.0,sysadmin,general_practitioner,0
khluyv,1,7,6.285714285714286,4.0,44.0,sysadmin,general_practitioner,0
ki2czf,2,32,6.21875,2.0,199.0,sysadmin,general_practitioner,0
ki58wu,1,6,1.3333333333333333,1.5,8.0,sysadmin,general_practitioner,0
ki888e,3,60,7.75,3.0,465.0,sysadmin,general_practitioner,0
kjdo8s,2,4,1.0,0.5,4.0,sysadmin,general_practitioner,0
kjike9,1,81,27.65432098765432,1.0,2240.0,sysadmin,general_practitioner,0
kjte69,2,7,3.571428571428572,2.0,25.0,sysadmin,general_practitioner,0
kk34cg,1,18,14.833333333333334,7.0,267.0,sysadmin,general_practitioner,0
kmzgmn,1,6,3.333333333333333,2.0,20.0,sysadmin,general_practitioner,0
kmy94z,2,174,10.977011494252874,1.0,1910.0,sysadmin,general_practitioner,0
kn58gz,1,19,1.947368421052632,1.0,37.0,sysadmin,general_practitioner,0
knqbjq,1,128,9.734375,1.0,1246.0,sysadmin,general_practitioner,0
knzqwg,2,2,31.0,31.0,62.0,sysadmin,general_practitioner,0
kogcr1,1,1,12.0,12.0,12.0,sysadmin,general_practitioner,0
kojudy,1,6,8.333333333333334,4.5,50.0,sysadmin,general_practitioner,0
kp4xxy,1,4,4.5,3.0,18.0,sysadmin,general_practitioner,0
kps5dv,1,73,22.28767123287671,3.0,1627.0,sysadmin,general_practitioner,0
kptrcu,2,14,13.214285714285714,3.0,185.0,sysadmin,general_practitioner,0
kpv86u,4,19,7.368421052631579,2.0,140.0,sysadmin,general_practitioner,0
kqfihu,2,24,4.666666666666667,1.0,112.0,sysadmin,general_practitioner,0
kqkhjl,1,2,2.5,2.5,5.0,sysadmin,general_practitioner,0
kqmymu,2,11,9.181818181818182,5.0,101.0,sysadmin,general_practitioner,0
kqzla3,1,52,6.865384615384615,1.0,357.0,sysadmin,general_practitioner,0
kr0fra,4,14,2.571428571428572,1.0,36.0,sysadmin,general_practitioner,0
kr19wm,1,2,1.0,1.0,2.0,sysadmin,general_practitioner,0
kr2xt6,2,4,2.0,2.0,8.0,sysadmin,general_practitioner,0
kr7le1,1,5,3.8,3.0,19.0,sysadmin,general_practitioner,0
kr985i,3,36,16.02777777777778,2.0,577.0,sysadmin,general_practitioner,0
kr6b5c,1,1,2.0,2.0,2.0,sysadmin,general_practitioner,0
krg03t,1,4,0.75,1.0,3.0,sysadmin,general_practitioner,0
krn2zy,1,2,1.5,1.5,3.0,sysadmin,general_practitioner,0
krwuiq,1,11,4.363636363636363,2.0,48.0,sysadmin,general_practitioner,0
ks0auo,1,7,3.142857142857143,2.0,22.0,sysadmin,general_practitioner,0
kseqf1,2,53,3.830188679245283,1.0,203.0,sysadmin,general_practitioner,0
ksf92q,1,2,1.0,1.0,2.0,sysadmin,general_practitioner,0
ksnf70,1,55,5.527272727272727,1.0,304.0,sysadmin,general_practitioner,0
ksq6v8,3,105,8.447619047619048,1.0,887.0,sysadmin,general_practitioner,0
kt17vg,1,1,2.0,2.0,2.0,sysadmin,general_practitioner,0
kt2hzk,1,1,1.0,1.0,1.0,sysadmin,general_practitioner,0
kt97qi,2,6,1.5,1.0,9.0,sysadmin,general_practitioner,0
kt7i43,1,1,1.0,1.0,1.0,sysadmin,general_practitioner,0
ktbrx2,2,5,2.6,2.0,13.0,sysadmin,general_practitioner,0
ktgn1p,2,2,1.5,1.5,3.0,sysadmin,general_practitioner,0
ktrxw4,1,11,4.909090909090909,3.0,54.0,sysadmin,general_practitioner,0
kuihn3,1,6,4.5,4.0,27.0,sysadmin,general_practitioner,0
kutscm,2,21,6.333333333333333,1.0,133.0,sysadmin,general_practitioner,0
kvqegv,1,4,2.5,2.5,10.0,sysadmin,general_practitioner,0
kvr5gh,2,106,17.735849056603772,2.0,1880.0,sysadmin,general_practitioner,0
kvur1w,1,7,3.142857142857143,3.0,22.0,sysadmin,general_practitioner,0
kw0xmm,1,9,9.333333333333334,3.0,84.0,sysadmin,general_practitioner,0
kw2n8n,1,3,3.0,1.0,9.0,sysadmin,general_practitioner,0
kw8bhc,1,46,11.152173913043478,2.0,513.0,sysadmin,general_practitioner,0
kwar8y,2,8,2.5,1.5,20.0,sysadmin,general_practitioner,0
kwisci,2,240,9.033333333333331,1.0,2168.0,sysadmin,general_practitioner,0
kwjtnt,2,15,8.866666666666667,5.0,133.0,sysadmin,general_practitioner,0
kx8xlp,2,18,10.22222222222222,3.0,184.0,sysadmin,general_practitioner,0
kxa2zq,1,35,6.371428571428571,2.0,223.0,sysadmin,general_practitioner,0
kxclgs,1,6,2.0,2.0,12.0,sysadmin,general_practitioner,0
kxhih2,1,4,1.75,2.0,7.0,sysadmin,general_practitioner,0
kxkp7y,1,8,1.5,1.0,12.0,sysadmin,general_practitioner,0
kxlvui,1,45,9.511111111111113,2.0,428.0,sysadmin,general_practitioner,0
kxy6nu,1,70,10.17142857142857,1.0,712.0,sysadmin,general_practitioner,0
kyhrr7,2,54,6.277777777777778,2.5,339.0,sysadmin,general_practitioner,0
kyi2jk,1,2,2.0,2.0,4.0,sysadmin,general_practitioner,0
kyltgy,1,7,2.857142857142857,2.0,20.0,sysadmin,general_practitioner,0
kz62i7,2,8,2.875,2.0,23.0,sysadmin,general_practitioner,0
kzjmvm,1,60,3.2666666666666666,1.0,196.0,sysadmin,general_practitioner,0
kzr5t9,1,210,4.114285714285714,1.0,864.0,sysadmin,general_practitioner,0
l00wtv,2,3,3.0,3.0,9.0,sysadmin,general_practitioner,0
l00x6v,3,5,1.0,1.0,5.0,sysadmin,general_practitioner,0
l0l88f,3,252,8.416666666666666,1.0,2121.0,sysadmin,general_practitioner,0
l0pm6d,3,12,3.25,2.0,39.0,sysadmin,general_practitioner,0
l0ypk9,1,5,2.4,2.0,12.0,sysadmin,general_practitioner,0
l1797q,1,3,1.0,1.0,3.0,sysadmin,general_practitioner,0
l1a0k6,1,8,14.375,4.0,115.0,sysadmin,general_practitioner,0
l1tset,1,9,2.2222222222222223,2.0,20.0,sysadmin,general_practitioner,0
l1ymv4,2,3,2.333333333333333,2.0,7.0,sysadmin,general_practitioner,0
l26u0u,2,6,3.8333333333333335,3.0,23.0,sysadmin,general_practitioner,0
l2bhu8,3,19,8.789473684210526,2.0,167.0,sysadmin,general_practitioner,0
l2kpw1,1,1,2.0,2.0,2.0,sysadmin,general_practitioner,0
l2q70j,1,0,,,,sysadmin,general_practitioner,1
l2vr6w,1,70,5.928571428571429,1.0,415.0,sysadmin,general_practitioner,0
l3f367,1,10,6.7,3.0,67.0,sysadmin,general_practitioner,0
l44kco,1,4,4.0,3.0,16.0,sysadmin,general_practitioner,0
l4o53g,1,48,4.625,1.0,222.0,sysadmin,general_practitioner,0
l4owoh,3,122,10.008196721311476,2.0,1221.0,sysadmin,general_practitioner,0
l52ef2,4,15,5.333333333333333,2.0,80.0,sysadmin,general_practitioner,0
l5ggm6,2,3,0.6666666666666666,1.0,2.0,sysadmin,general_practitioner,0
l5gv9l,4,5,2.8,2.0,14.0,sysadmin,general_practitioner,0
l5rukh,3,5,3.0,1.0,15.0,sysadmin,general_practitioner,0
l5xu5i,4,13,8.846153846153847,3.0,115.0,sysadmin,general_practitioner,0
l5wd87,2,10,3.5,1.0,35.0,sysadmin,general_practitioner,0
l6e7zv,1,2,1.0,1.0,2.0,sysadmin,general_practitioner,0
l6qurk,1,3,1.6666666666666667,2.0,5.0,sysadmin,general_practitioner,0
l72ktl,3,25,5.84,2.0,146.0,sysadmin,general_practitioner,0
l7aqse,1,7,5.571428571428571,2.0,39.0,sysadmin,general_practitioner,0
l7av18,3,50,7.08,2.0,354.0,sysadmin,general_practitioner,0
l7h6fy,1,0,,,,sysadmin,general_practitioner,1
l7yh5m,3,7,1.0,1.0,7.0,sysadmin,general_practitioner,0
l7ztpm,3,3,4.333333333333333,5.0,13.0,sysadmin,general_practitioner,0
l85mvj,2,9,2.0,1.0,18.0,sysadmin,general_practitioner,0
l8fpcj,1,5,4.2,2.0,21.0,sysadmin,general_practitioner,0
l8mbj9,4,112,7.785714285714286,1.0,872.0,sysadmin,general_practitioner,0
l8hlp7,1,5,3.2,3.0,16.0,sysadmin,general_practitioner,0
l8rn3y,3,5,3.4,2.0,17.0,sysadmin,general_practitioner,0
l8utt9,1,25,6.44,1.0,161.0,sysadmin,general_practitioner,0
l8xsew,1,41,15.048780487804878,3.0,617.0,sysadmin,general_practitioner,0
l8yvqz,2,7,10.571428571428571,5.0,74.0,sysadmin,general_practitioner,0
l9ld70,1,4,1.75,1.0,7.0,sysadmin,general_practitioner,0
l9w3hb,1,41,11.560975609756095,2.0,474.0,sysadmin,general_practitioner,0
lab69m,1,16,2.1875,1.0,35.0,sysadmin,general_practitioner,0
laahl3,1,2,5.0,5.0,10.0,sysadmin,general_practitioner,0
ladoyy,1,5,3.2,2.0,16.0,sysadmin,general_practitioner,0
lafa79,3,14,3.071428571428572,2.0,43.0,sysadmin,general_practitioner,0
lahvxr,1,3,1.3333333333333333,1.0,4.0,sysadmin,general_practitioner,0
lax1f2,2,3,2.6666666666666665,3.0,8.0,sysadmin,general_practitioner,0
lb1qwy,1,4,3.25,2.0,13.0,sysadmin,general_practitioner,0
lbrjrz,1,142,12.45774647887324,2.0,1769.0,sysadmin,general_practitioner,0
lbt571,4,1,7.0,7.0,7.0,sysadmin,general_practitioner,0
lbwa2c,1,0,,,,sysadmin,general_practitioner,1
lc1efc,3,1,3.0,3.0,3.0,sysadmin,general_practitioner,0
lcg8kk,2,102,5.254901960784314,2.0,536.0,sysadmin,general_practitioner,0
lckwqm,3,4,2.25,1.5,9.0,sysadmin,general_practitioner,0
lco9dz,3,10,1.4,1.0,14.0,sysadmin,general_practitioner,0
ld0gic,2,2,3.0,3.0,6.0,sysadmin,general_practitioner,0
ld8ldl,2,69,8.115942028985508,2.0,560.0,sysadmin,general_practitioner,0
ldaon7,1,5,2.6,3.0,13.0,sysadmin,general_practitioner,0
ldfgu8,2,36,9.333333333333334,2.5,336.0,sysadmin,general_practitioner,0
ldpq8c,1,2,2.5,2.5,5.0,sysadmin,general_practitioner,0
le4077,1,34,21.529411764705884,8.0,732.0,sysadmin,general_practitioner,0
lf2i1f,2,8,4.25,3.0,34.0,sysadmin,general_practitioner,0
lf9fd3,1,7,3.142857142857143,3.0,22.0,sysadmin,general_practitioner,0
lfhiyc,2,5,2.8,3.0,14.0,sysadmin,general_practitioner,0
lfm4bp,1,11,4.2727272727272725,2.0,47.0,sysadmin,general_practitioner,0
lfpldy,1,4,4.25,4.0,17.0,sysadmin,general_practitioner,0
lg74jy,2,24,15.791666666666666,2.0,379.0,sysadmin,general_practitioner,0
lg9rn5,3,7,7.857142857142857,3.0,55.0,sysadmin,general_practitioner,0
lgvwbt,1,5,1.0,1.0,5.0,sysadmin,general_practitioner,0
lhih0u,4,54,10.37037037037037,1.0,560.0,sysadmin,general_practitioner,0
lhink7,1,10,2.8,1.5,28.0,sysadmin,general_practitioner,0
lhlo3z,3,9,6.222222222222222,4.0,56.0,sysadmin,general_practitioner,0
lhnw5n,3,15,20.0,7.0,300.0,sysadmin,general_practitioner,0
lho8n3,1,13,3.5384615384615383,2.0,46.0,sysadmin,general_practitioner,0
lhoj6y,2,14,5.285714285714286,2.0,74.0,sysadmin,general_practitioner,0
lhp4s8,1,114,20.964912280701757,2.0,2390.0,sysadmin,general_practitioner,0
lhw834,2,10,2.9,2.0,29.0,sysadmin,general_practitioner,0
li2ytm,1,1,5.0,5.0,5.0,sysadmin,general_practitioner,0
liapa7,2,91,11.274725274725276,3.0,1026.0,sysadmin,general_practitioner,0
lie97e,1,2,2.0,2.0,4.0,sysadmin,general_practitioner,0
lj3b61,1,6,3.333333333333333,2.5,20.0,sysadmin,general_practitioner,0
ljx300,2,10,4.1,3.0,41.0,sysadmin,general_practitioner,0
ljviql,2,3,1.3333333333333333,1.0,4.0,sysadmin,general_practitioner,0
ljxu7g,1,6,2.333333333333333,2.5,14.0,sysadmin,general_practitioner,0
lkkeaw,2,14,3.571428571428572,2.0,50.0,sysadmin,general_practitioner,0
ll647z,2,100,7.47,1.0,747.0,sysadmin,general_practitioner,0
ll8ylh,2,1,1.0,1.0,1.0,sysadmin,general_practitioner,0
llf38v,2,17,11.529411764705882,6.0,196.0,sysadmin,general_practitioner,0
llk0sy,1,7,1.4285714285714286,1.0,10.0,sysadmin,general_practitioner,0
lmb6dn,1,4,2.75,2.0,11.0,sysadmin,general_practitioner,0
lmjw4j,1,4,3.75,3.0,15.0,sysadmin,general_practitioner,0
lmrulp,2,47,7.957446808510638,3.0,374.0,sysadmin,general_practitioner,0
lmtbzq,1,3,2.0,2.0,6.0,sysadmin,general_practitioner,0
lnhbrl,1,4,1.0,1.0,4.0,sysadmin,general_practitioner,0
lno8z6,1,11,5.818181818181818,4.0,64.0,sysadmin,general_practitioner,0
lnr444,4,5,4.8,4.0,24.0,sysadmin,general_practitioner,0
lof9gh,2,4,4.75,2.0,19.0,sysadmin,general_practitioner,0
loh4ie,3,8,4.75,3.5,38.0,sysadmin,general_practitioner,0
lotev7,3,14,5.928571428571429,2.5,83.0,sysadmin,general_practitioner,0
lqi15l,1,9,1.8888888888888888,1.0,17.0,sysadmin,general_practitioner,0
lqliv2,1,3,2.333333333333333,1.0,7.0,sysadmin,general_practitioner,0
lqsjfk,1,20,5.55,3.0,111.0,sysadmin,general_practitioner,0
lqx1jc,2,85,17.04705882352941,2.0,1449.0,sysadmin,general_practitioner,0
lr2mul,1,1,1.0,1.0,1.0,sysadmin,general_practitioner,0
lr2grq,3,15,13.8,7.0,207.0,sysadmin,general_practitioner,0
lre47v,1,24,4.041666666666667,2.0,97.0,sysadmin,general_practitioner,0
lrfds4,3,8,2.5,3.0,20.0,sysadmin,general_practitioner,0
lrkqw6,1,13,2.230769230769231,2.0,29.0,sysadmin,general_practitioner,0
lsh90x,2,3,3.333333333333333,2.0,10.0,sysadmin,general_practitioner,0
lsfgk9,1,2,2.5,2.5,5.0,sysadmin,general_practitioner,0
lsnaiw,1,45,4.022222222222222,1.0,181.0,sysadmin,general_practitioner,0
lsux6n,1,5,2.8,2.0,14.0,sysadmin,general_practitioner,0
lt3shi,2,11,4.090909090909091,3.0,45.0,sysadmin,general_practitioner,0
lte8bw,1,6,10.333333333333334,3.5,62.0,sysadmin,general_practitioner,0
lty6wm,4,28,10.571428571428571,2.0,296.0,sysadmin,general_practitioner,0
lualr7,1,42,11.19047619047619,1.0,470.0,sysadmin,general_practitioner,0
luadyo,1,9,6.555555555555555,3.0,59.0,sysadmin,general_practitioner,0
luv3lv,2,6,1.3333333333333333,1.0,8.0,sysadmin,general_practitioner,0
lv0lnv,1,14,6.0,3.5,84.0,sysadmin,general_practitioner,0
lv7rg0,1,6,4.5,2.5,27.0,sysadmin,general_practitioner,0
lvm9p7,2,3,2.6666666666666665,2.0,8.0,sysadmin,general_practitioner,0
lvu3eq,2,3,1.6666666666666667,1.0,5.0,sysadmin,general_practitioner,0
lw2gzj,1,9,3.6666666666666665,3.0,33.0,sysadmin,general_practitioner,0
lwanx2,1,8,2.25,1.0,18.0,sysadmin,general_practitioner,0
lx0jf4,2,5,2.8,2.0,14.0,sysadmin,general_practitioner,0
lxb26j,2,17,3.823529411764706,2.0,65.0,sysadmin,general_practitioner,0
lxhhvf,2,177,5.435028248587571,1.0,962.0,sysadmin,general_practitioner,0
lxj4hi,1,1,2.0,2.0,2.0,sysadmin,general_practitioner,0
lxt75a,3,1,3.0,3.0,3.0,sysadmin,general_practitioner,0
lxy0ad,1,12,3.75,2.0,45.0,sysadmin,general_practitioner,0
ly3ub0,3,19,4.473684210526316,3.0,85.0,sysadmin,general_practitioner,0
lycokn,1,2,10.5,10.5,21.0,sysadmin,general_practitioner,0
lympk4,3,36,6.25,1.0,225.0,sysadmin,general_practitioner,0
lyna2m,2,2,1.0,1.0,2.0,sysadmin,general_practitioner,0
lyu8n2,3,4,4.0,3.5,16.0,sysadmin,general_practitioner,0
lzs4dg,1,12,5.25,1.0,63.0,sysadmin,general_practitioner,0
lzw0xz,1,13,4.538461538461538,2.0,59.0,sysadmin,general_practitioner,0
m0gsvt,1,5,4.8,3.0,24.0,sysadmin,general_practitioner,0
m0htd7,1,7,2.2857142857142856,2.0,16.0,sysadmin,general_practitioner,0
m0qxrl,1,145,18.689655172413797,1.0,2710.0,sysadmin,general_practitioner,0
m0yg4w,2,10,9.1,2.0,91.0,sysadmin,general_practitioner,0
m13u3o,1,2,2.5,2.5,5.0,sysadmin,general_practitioner,0
m26c6a,2,20,6.7,3.0,134.0,sysadmin,general_practitioner,0
m2cmjr,2,10,2.6,1.0,26.0,sysadmin,general_practitioner,0
m2tvtm,1,1,1.0,1.0,1.0,sysadmin,general_practitioner,0
m2x7o7,3,17,7.0588235294117645,2.0,120.0,sysadmin,general_practitioner,0
m312v9,1,4,5.25,2.0,21.0,sysadmin,general_practitioner,0
m31tyu,2,0,,,,sysadmin,general_practitioner,1
m32bsx,1,15,5.8,2.0,87.0,sysadmin,general_practitioner,0
m36tgw,3,126,7.873015873015873,2.0,992.0,sysadmin,general_practitioner,0
m38vie,1,22,10.954545454545457,8.0,241.0,sysadmin,general_practitioner,0
m3gjzs,4,116,14.93103448275862,1.0,1732.0,sysadmin,general_practitioner,0
m3jwvk,2,1,1.0,1.0,1.0,sysadmin,general_practitioner,0
m3m0kq,2,21,5.142857142857143,2.0,108.0,sysadmin,general_practitioner,0
m3qhmp,1,8,2.5,1.5,20.0,sysadmin,general_practitioner,0
m59ooz,3,10,3.3,1.0,33.0,sysadmin,general_practitioner,0
m5ghpl,1,33,7.393939393939394,3.0,244.0,sysadmin,general_practitioner,0
m5m1va,1,90,31.68888888888889,2.0,2852.0,sysadmin,general_practitioner,0
m5ob4a,1,9,6.444444444444445,3.0,58.0,sysadmin,general_practitioner,0
m5uhud,1,9,5.0,4.0,45.0,sysadmin,general_practitioner,0
m6a53z,1,91,22.0989010989011,2.0,2011.0,sysadmin,general_practitioner,0
m6bxxo,2,1,4.0,4.0,4.0,sysadmin,general_practitioner,0
m6bcl6,1,9,2.111111111111111,2.0,19.0,sysadmin,general_practitioner,0
m6frpg,1,2,2.0,2.0,4.0,sysadmin,general_practitioner,0
m6h72m,1,77,7.402597402597403,1.0,570.0,sysadmin,general_practitioner,0
m6gjva,1,5,1.2,1.0,6.0,sysadmin,general_practitioner,0
m6kcei,2,4,1.25,1.0,5.0,sysadmin,general_practitioner,0
m729kw,1,6,0.1666666666666666,1.0,1.0,sysadmin,general_practitioner,0
m70xci,2,5,3.4,2.0,17.0,sysadmin,general_practitioner,0
m79fxt,3,15,11.066666666666666,3.0,166.0,sysadmin,general_practitioner,0
m7dfep,2,3,11.666666666666666,9.0,35.0,sysadmin,general_practitioner,0
m7ek1z,1,3,1.3333333333333333,1.0,4.0,sysadmin,general_practitioner,0
m7n53d,3,9,2.4444444444444446,2.0,22.0,sysadmin,general_practitioner,0
m7ltg1,1,1,1.0,1.0,1.0,sysadmin,general_practitioner,0
m7vkio,2,6,1.5,1.0,9.0,sysadmin,general_practitioner,0
m8x4kc,1,6,2.6666666666666665,2.0,16.0,sysadmin,general_practitioner,0
m8y9oo,2,2,1.0,1.0,2.0,sysadmin,general_practitioner,0
m97138,2,166,7.927710843373494,1.0,1316.0,sysadmin,general_practitioner,0
m9kgus,1,21,2.761904761904762,1.0,58.0,sysadmin,general_practitioner,0
ma4mwl,1,227,22.17180616740088,2.0,5033.0,sysadmin,general_practitioner,0
marrqo,1,18,5.833333333333333,2.5,105.0,sysadmin,general_practitioner,0
masflz,1,1,3.0,3.0,3.0,sysadmin,general_practitioner,0
mb6ysf,1,11,3.5454545454545454,3.0,39.0,sysadmin,general_practitioner,0
mb98rm,1,203,9.64039408866995,1.0,1957.0,sysadmin,general_practitioner,0
mbg1xi,2,23,6.478260869565218,4.0,149.0,sysadmin,general_practitioner,0
mbo2wi,2,13,7.538461538461538,5.0,98.0,sysadmin,general_practitioner,0
mc6vex,1,12,4.083333333333333,2.5,49.0,sysadmin,general_practitioner,0
mc84nf,3,5,1.4,1.0,7.0,sysadmin,general_practitioner,0
mddwzr,2,67,27.86567164179105,2.0,1867.0,sysadmin,general_practitioner,0
mdouqc,1,4,3.25,2.5,13.0,sysadmin,general_practitioner,0
mdvl37,1,34,13.323529411764708,3.0,453.0,sysadmin,general_practitioner,0
mdwn1q,1,22,7.318181818181818,2.0,161.0,sysadmin,general_practitioner,0
mdxqdm,3,45,21.977777777777774,2.0,989.0,sysadmin,general_practitioner,0
mft4b2,3,64,29.5625,3.0,1892.0,sysadmin,general_practitioner,0
mg1dgl,1,2,1.5,1.5,3.0,sysadmin,general_practitioner,0
mgf63m,1,11,3.0,2.0,33.0,sysadmin,general_practitioner,0
mgkjac,1,2,2.0,2.0,4.0,sysadmin,general_practitioner,0
mgr49f,1,7,2.2857142857142856,2.0,16.0,sysadmin,general_practitioner,0
mgtsf4,1,3,1.3333333333333333,1.0,4.0,sysadmin,general_practitioner,0
mh49zr,3,12,8.166666666666666,4.5,98.0,sysadmin,general_practitioner,0
mhh8oc,1,13,10.23076923076923,2.0,133.0,sysadmin,general_practitioner,0
mhthcm,2,85,14.905882352941177,1.0,1267.0,sysadmin,general_practitioner,0
mhj6zn,1,0,,,,sysadmin,general_practitioner,1
mi6dfw,1,7,11.285714285714286,6.0,79.0,sysadmin,general_practitioner,0
miuivy,1,13,4.153846153846154,3.0,54.0,sysadmin,general_practitioner,0
mit9lh,1,2,2.0,2.0,4.0,sysadmin,general_practitioner,0
mj1p22,1,6,2.333333333333333,2.0,14.0,sysadmin,general_practitioner,0
mjvg7u,3,11,3.272727272727273,2.0,36.0,sysadmin,general_practitioner,0
mkkhkj,2,4,2.75,2.5,11.0,sysadmin,general_practitioner,0
mlda2r,1,2,1.5,1.5,3.0,sysadmin,general_practitioner,0
mlh8wt,1,4,5.5,4.0,22.0,sysadmin,general_practitioner,0
mlkgpk,1,7,3.142857142857143,3.0,22.0,sysadmin,general_practitioner,0
mloda0,3,8,2.75,1.5,22.0,sysadmin,general_practitioner,0
mm53jg,1,93,12.86021505376344,3.0,1196.0,sysadmin,general_practitioner,0
mmdqnt,2,3,3.333333333333333,3.0,10.0,sysadmin,general_practitioner,0
mms8zf,3,13,5.538461538461538,2.0,72.0,sysadmin,general_practitioner,0
mn9z62,1,0,,,,sysadmin,general_practitioner,1
mn85rr,1,33,15.181818181818182,2.0,501.0,sysadmin,general_practitioner,0
mn9h9s,1,5,1.0,1.0,5.0,sysadmin,general_practitioner,0
mnf0e2,1,2,2.0,2.0,4.0,sysadmin,general_practitioner,0
mnnv1s,3,8,2.625,1.0,21.0,sysadmin,general_practitioner,0
mnrr3v,2,6,3.0,2.5,18.0,sysadmin,general_practitioner,0
mns8ih,1,6,3.1666666666666665,3.0,19.0,sysadmin,general_practitioner,0
mo8qex,1,6,2.5,2.5,15.0,sysadmin,general_practitioner,0
mp0qzx,3,56,28.214285714285715,3.0,1580.0,sysadmin,general_practitioner,0
mphl07,1,69,4.782608695652174,1.0,330.0,sysadmin,general_practitioner,0
mpn6e4,2,55,12.872727272727271,3.0,708.0,sysadmin,general_practitioner,0
mplcfc,2,12,20.08333333333333,8.0,241.0,sysadmin,general_practitioner,0
mppmjo,4,1,4.0,4.0,4.0,sysadmin,general_practitioner,0
mq2zwy,3,26,5.1923076923076925,1.0,135.0,sysadmin,general_practitioner,0
mqa9i5,2,49,6.26530612244898,1.0,307.0,sysadmin,general_practitioner,0
mr532t,3,144,19.20138888888889,2.0,2765.0,sysadmin,general_practitioner,0
mrgbck,1,8,7.0,4.0,56.0,sysadmin,general_practitioner,0
mrgei9,1,19,6.894736842105263,1.0,131.0,sysadmin,general_practitioner,0
mrinb0,1,1,1.0,1.0,1.0,sysadmin,general_practitioner,0
mrii9i,1,3,3.0,3.0,9.0,sysadmin,general_practitioner,0
mrjgx4,1,1,3.0,3.0,3.0,sysadmin,general_practitioner,0
mrvqrw,1,7,9.285714285714286,3.0,65.0,sysadmin,general_practitioner,0
ms3krf,1,26,5.076923076923077,1.0,132.0,sysadmin,general_practitioner,0
msc41j,1,10,3.4,2.5,34.0,sysadmin,general_practitioner,0
msetjv,2,18,3.8333333333333335,1.0,69.0,sysadmin,general_practitioner,0
mt938v,3,268,14.671641791044776,1.0,3932.0,sysadmin,general_practitioner,0
mu1s8b,1,10,5.0,2.0,50.0,sysadmin,general_practitioner,0
mu4jl3,1,9,7.111111111111111,2.0,64.0,sysadmin,general_practitioner,0
muef9x,3,9,5.666666666666667,2.0,51.0,sysadmin,general_practitioner,0
mut8co,2,20,21.3,3.0,426.0,sysadmin,general_practitioner,0
mutx3l,2,23,4.739130434782608,2.0,109.0,sysadmin,general_practitioner,0
muvkuy,1,5,2.4,1.0,12.0,sysadmin,general_practitioner,0
mv66r3,1,6,13.166666666666666,4.0,79.0,sysadmin,general_practitioner,0
mvgz70,1,15,3.733333333333333,2.0,56.0,sysadmin,general_practitioner,0
mvih1x,1,2,3.0,3.0,6.0,sysadmin,general_practitioner,0
mvn8ep,1,1,2.0,2.0,2.0,sysadmin,general_practitioner,0
mvv9ug,1,6,23.0,19.0,138.0,sysadmin,general_practitioner,0
mw4r07,1,2,1.5,1.5,3.0,sysadmin,general_practitioner,0
mw9nik,2,4,1.5,1.0,6.0,sysadmin,general_practitioner,0
mwd6ck,1,2,3.0,3.0,6.0,sysadmin,general_practitioner,0
mwkzg2,3,36,5.916666666666667,1.0,213.0,sysadmin,general_practitioner,0
mws2xx,3,5,1.4,1.0,7.0,sysadmin,general_practitioner,0
mx04bv,1,4,1.25,1.0,5.0,sysadmin,general_practitioner,0
mx6eg5,2,30,28.066666666666663,5.0,842.0,sysadmin,general_practitioner,0
mx9ghy,3,5,2.4,2.0,12.0,sysadmin,general_practitioner,0
mxd15z,3,7,9.857142857142858,2.0,69.0,sysadmin,general_practitioner,0
mxjfoe,1,6,3.1666666666666665,2.5,19.0,sysadmin,general_practitioner,0
mymie8,1,10,2.7,2.0,27.0,sysadmin,general_practitioner,0
mys6p5,1,6,2.333333333333333,1.5,14.0,sysadmin,general_practitioner,0
mz1099,1,2,1.5,1.5,3.0,sysadmin,general_practitioner,0
mzj1iu,3,155,17.967741935483872,2.0,2785.0,sysadmin,general_practitioner,0
mzqc83,1,31,7.612903225806452,1.0,236.0,sysadmin,general_practitioner,0
mzyh71,1,92,13.23913043478261,1.0,1218.0,sysadmin,general_practitioner,0
n0kpsv,1,10,3.5,3.0,35.0,sysadmin,general_practitioner,0
n0nxao,2,15,10.866666666666667,3.0,163.0,sysadmin,general_practitioner,0
n0r0fx,1,100,22.71,3.0,2271.0,sysadmin,general_practitioner,0
n0zfou,4,0,,,,sysadmin,general_practitioner,1
n1709t,1,44,11.727272727272728,2.0,516.0,sysadmin,general_practitioner,0
n1i56e,3,9,7.0,2.0,63.0,sysadmin,general_practitioner,0
n1ttgo,1,71,28.183098591549296,2.0,2001.0,sysadmin,general_practitioner,0
n1uxq2,1,27,6.0,2.0,162.0,sysadmin,general_practitioner,0
n252h2,1,20,8.55,3.5,171.0,sysadmin,general_practitioner,0
n22v93,1,2,1.5,1.5,3.0,sysadmin,general_practitioner,0
n3vs49,3,23,6.652173913043479,3.0,153.0,sysadmin,general_practitioner,0
n4ehqv,1,10,4.0,2.0,40.0,sysadmin,general_practitioner,0
n4ng4s,2,7,3.0,3.0,21.0,sysadmin,general_practitioner,0
n52ukn,3,9,9.77777777777778,6.0,88.0,sysadmin,general_practitioner,0
n5eqz9,1,4,1.0,1.0,4.0,sysadmin,general_practitioner,0
n5jv5i,4,1,3.0,3.0,3.0,sysadmin,general_practitioner,0
n5q4rk,1,7,2.142857142857143,2.0,15.0,sysadmin,general_practitioner,0
n5spo1,1,1,2.0,2.0,2.0,sysadmin,general_practitioner,0
n6250k,1,1,1.0,1.0,1.0,sysadmin,general_practitioner,0
n65eqp,1,7,2.0,2.0,14.0,sysadmin,general_practitioner,0
n68iua,1,86,31.593023255813957,2.0,2717.0,sysadmin,general_practitioner,0
n6dovw,1,9,2.6666666666666665,1.0,24.0,sysadmin,general_practitioner,0
n6e4qw,1,45,9.22222222222222,3.0,415.0,sysadmin,general_practitioner,0
n6gdkc,1,7,4.142857142857143,3.0,29.0,sysadmin,general_practitioner,0
n6ieju,1,8,2.0,2.0,16.0,sysadmin,general_practitioner,0
n6ku0f,3,10,5.9,2.5,59.0,sysadmin,general_practitioner,0
n6oieo,1,10,4.2,2.0,42.0,sysadmin,general_practitioner,0
n6yhqa,2,4,3.75,2.0,15.0,sysadmin,general_practitioner,0
n72732,1,20,2.95,1.5,59.0,sysadmin,general_practitioner,0
n82dn9,2,12,20.5,5.5,246.0,sysadmin,general_practitioner,0
n8hzw6,1,70,18.914285714285715,2.0,1324.0,sysadmin,general_practitioner,0
n8gdyb,1,306,15.944444444444445,1.0,4879.0,sysadmin,general_practitioner,0
n8wf0a,4,41,5.243902439024391,2.0,215.0,sysadmin,general_practitioner,0
n92peu,3,143,11.0,1.0,1573.0,sysadmin,general_practitioner,0
n96gzd,1,18,2.7222222222222223,2.0,49.0,sysadmin,general_practitioner,0
n9cwn8,1,32,13.375,3.0,428.0,sysadmin,general_practitioner,0
n9ohuz,1,33,7.090909090909091,1.0,234.0,sysadmin,general_practitioner,0
n9yhe4,3,1,1.0,1.0,1.0,sysadmin,general_practitioner,0
naeu2f,1,4,5.0,2.5,20.0,sysadmin,general_practitioner,0
naftpz,1,2,3.0,3.0,6.0,sysadmin,general_practitioner,0
nag552,2,4,5.75,5.5,23.0,sysadmin,general_practitioner,0
najz6c,1,73,39.67123287671233,3.0,2896.0,sysadmin,general_practitioner,0
nanxrl,4,45,9.911111111111111,1.0,446.0,sysadmin,general_practitioner,0
naqq8h,1,7,4.571428571428571,6.0,32.0,sysadmin,general_practitioner,0
narx4b,1,3,1.6666666666666667,2.0,5.0,sysadmin,general_practitioner,0
nav0bo,2,3,3.0,2.0,9.0,sysadmin,general_practitioner,0
nb379s,1,0,,,,sysadmin,general_practitioner,1
nbg122,1,8,1.875,1.0,15.0,sysadmin,general_practitioner,0
nbkkyv,1,2,1.5,1.5,3.0,sysadmin,general_practitioner,0
nbn135,2,9,3.7777777777777777,1.0,34.0,sysadmin,general_practitioner,0
nbw9vl,1,65,25.0,1.0,1625.0,sysadmin,general_practitioner,0
nca6aq,1,1,1.0,1.0,1.0,sysadmin,general_practitioner,0
ncjdqe,1,14,6.071428571428571,2.0,85.0,sysadmin,general_practitioner,0
nddmdw,1,9,13.444444444444445,6.0,121.0,sysadmin,general_practitioner,0
nds6pz,1,10,4.0,2.0,40.0,sysadmin,general_practitioner,0
neqlmk,2,8,2.5,1.5,20.0,sysadmin,general_practitioner,0
nf68a2,2,48,13.083333333333334,1.5,628.0,sysadmin,general_practitioner,0
nflenu,1,8,9.5,2.5,76.0,sysadmin,general_practitioner,0
nfuhkr,1,3,2.333333333333333,2.0,7.0,sysadmin,general_practitioner,0
ng5joy,2,7,3.7142857142857135,3.0,26.0,sysadmin,general_practitioner,0
ng67ey,1,3,3.333333333333333,4.0,10.0,sysadmin,general_practitioner,0
ng623v,3,5,1.4,1.0,7.0,sysadmin,general_practitioner,0
ng97ok,2,4,1.75,1.0,7.0,sysadmin,general_practitioner,0
ngiboj,1,5,1.8,1.0,9.0,sysadmin,general_practitioner,0
ngsxmv,1,2,4.0,4.0,8.0,sysadmin,general_practitioner,0
ngt5iw,1,14,7.857142857142857,8.0,110.0,sysadmin,general_practitioner,0
ngtx2p,2,7,5.857142857142857,3.0,41.0,sysadmin,general_practitioner,0
ngzb46,1,14,5.142857142857143,3.0,72.0,sysadmin,general_practitioner,0
nh11b1,1,2,1.0,1.0,2.0,sysadmin,general_practitioner,0
nh31zk,3,71,12.535211267605634,1.0,890.0,sysadmin,general_practitioner,0
nh9py0,3,19,4.789473684210527,1.0,91.0,sysadmin,general_practitioner,0
nhqjix,2,14,1.4285714285714286,1.0,20.0,sysadmin,general_practitioner,0
nhznye,1,175,23.925714285714285,2.0,4187.0,sysadmin,general_practitioner,0
ni3dm2,3,6,9.5,3.5,57.0,sysadmin,general_practitioner,0
nio41d,1,11,4.0,2.0,44.0,sysadmin,general_practitioner,0
njovdn,2,15,8.133333333333333,2.0,122.0,sysadmin,general_practitioner,0
nk3kzo,1,18,7.611111111111111,2.0,137.0,sysadmin,general_practitioner,0
nk9fzc,2,3,2.333333333333333,2.0,7.0,sysadmin,general_practitioner,0
nkh5pf,2,11,6.636363636363637,5.0,73.0,sysadmin,general_practitioner,0
nktdve,4,20,7.05,2.0,141.0,sysadmin,general_practitioner,0
nktst3,1,122,9.778688524590164,1.0,1193.0,sysadmin,general_practitioner,0
nkxzpy,1,2,1.5,1.5,3.0,sysadmin,general_practitioner,0
nky2ca,1,5,1.8,3.0,9.0,sysadmin,general_practitioner,0
nl0qoa,2,5,1.2,1.0,6.0,sysadmin,general_practitioner,0
nl24fx,3,62,6.758064516129032,2.5,419.0,sysadmin,general_practitioner,0
nlc4fh,1,17,11.647058823529411,3.0,198.0,sysadmin,general_practitioner,0
nljil4,2,24,5.875,2.0,141.0,sysadmin,general_practitioner,0
nltgef,4,12,4.166666666666667,2.0,50.0,sysadmin,general_practitioner,0
nlsv0i,2,21,8.761904761904763,2.0,184.0,sysadmin,general_practitioner,0
nm6x4l,3,8,12.875,7.5,103.0,sysadmin,general_practitioner,0
nml0s1,1,1,2.0,2.0,2.0,sysadmin,general_practitioner,0
nn7q39,1,24,4.958333333333333,1.0,119.0,sysadmin,general_practitioner,0
nndiug,1,8,2.125,1.0,17.0,sysadmin,general_practitioner,0
nnybb1,2,112,8.303571428571429,1.0,930.0,sysadmin,general_practitioner,0
nq7c2w,3,7,3.142857142857143,2.0,22.0,sysadmin,general_practitioner,0
nq668a,2,3,3.0,3.0,9.0,sysadmin,general_practitioner,0
nqg8gk,1,3,5.0,8.0,15.0,sysadmin,general_practitioner,0
nqwcs0,1,2,1.5,1.5,3.0,sysadmin,general_practitioner,0
nqvvht,3,8,4.125,2.0,33.0,sysadmin,general_practitioner,0
nr3tmk,1,0,,,,sysadmin,general_practitioner,1
nrcuw9,1,19,2.1578947368421053,1.0,41.0,sysadmin,general_practitioner,0
nrchmk,1,2,2.0,2.0,4.0,sysadmin,general_practitioner,0
nre82e,1,72,25.40277777777778,1.0,1829.0,sysadmin,general_practitioner,0
nre0p0,2,15,6.333333333333333,5.0,95.0,sysadmin,general_practitioner,0
nrhfmx,4,17,4.705882352941177,3.0,80.0,sysadmin,general_practitioner,0
nrn74t,1,0,,,,sysadmin,general_practitioner,1
nuhmsi,1,4,2.75,2.5,11.0,sysadmin,general_practitioner,0
nui2bp,2,22,3.8181818181818175,1.0,84.0,sysadmin,general_practitioner,0
nuq9qh,2,3,4.0,3.0,12.0,sysadmin,general_practitioner,0
nv6dun,1,2,7.0,7.0,14.0,sysadmin,general_practitioner,0
nvfin5,2,9,3.7777777777777777,1.0,34.0,sysadmin,general_practitioner,0
nvg4ue,1,24,6.333333333333333,2.0,152.0,sysadmin,general_practitioner,0
nvlk6x,1,14,11.928571428571429,5.0,167.0,sysadmin,general_practitioner,0
nvyw8c,3,5,2.6,3.0,13.0,sysadmin,general_practitioner,0
nwgwbm,2,13,6.230769230769231,2.0,81.0,sysadmin,general_practitioner,0
nwiob5,3,30,6.0,2.0,180.0,sysadmin,general_practitioner,0
nwibyg,1,6,2.5,2.0,15.0,sysadmin,general_practitioner,0
nwqved,1,8,3.0,2.0,24.0,sysadmin,general_practitioner,0
nwtk4i,1,0,,,,sysadmin,general_practitioner,1
nwvqdk,1,1,4.0,4.0,4.0,sysadmin,general_practitioner,0
nww78d,2,5,3.6,2.0,18.0,sysadmin,general_practitioner,0
nwvv88,2,15,18.73333333333333,10.0,281.0,sysadmin,general_practitioner,0
nx2e8w,1,140,13.35,2.0,1869.0,sysadmin,general_practitioner,0
nx80se,1,0,,,,sysadmin,general_practitioner,1
nxdlkv,2,8,4.0,3.0,32.0,sysadmin,general_practitioner,0
nxd7l3,1,38,5.7368421052631575,1.0,218.0,sysadmin,general_practitioner,0
nxgquy,1,12,4.75,3.0,57.0,sysadmin,general_practitioner,0
nxlpme,3,1,3.0,3.0,3.0,sysadmin,general_practitioner,0
ny1nm8,2,42,31.52380952380953,4.0,1324.0,sysadmin,general_practitioner,0
ny240w,2,13,1.8461538461538465,1.0,24.0,sysadmin,general_practitioner,0
ny4nqu,1,3,1.0,1.0,3.0,sysadmin,general_practitioner,0
ny4ecd,2,10,2.6,2.0,26.0,sysadmin,general_practitioner,0
nycmma,1,4,3.0,3.5,12.0,sysadmin,general_practitioner,0
nyla5g,3,6,9.166666666666666,2.5,55.0,sysadmin,general_practitioner,0
nzpkea,1,0,,,,sysadmin,general_practitioner,1
nzptiz,1,0,,,,sysadmin,general_practitioner,1
nzvnna,2,38,4.921052631578948,2.0,187.0,sysadmin,general_practitioner,0
nzvgbo,2,21,5.857142857142857,2.0,123.0,sysadmin,general_practitioner,0
o0drln,1,19,8.368421052631579,2.0,159.0,sysadmin,general_practitioner,0
o0leoe,1,11,2.4545454545454546,1.0,27.0,sysadmin,general_practitioner,0
o0nxkn,1,44,17.863636363636363,2.0,786.0,sysadmin,general_practitioner,0
o1409a,1,170,10.56470588235294,1.0,1796.0,sysadmin,general_practitioner,0
o16d69,1,2,1.5,1.5,3.0,sysadmin,general_practitioner,0
o14vds,1,0,,,,sysadmin,general_practitioner,1
o16e9q,1,7,4.142857142857143,3.0,29.0,sysadmin,general_practitioner,0
o179ui,1,0,,,,sysadmin,general_practitioner,1
o1b770,2,52,15.75,1.0,819.0,sysadmin,general_practitioner,0
o1hvbk,1,44,15.113636363636363,2.0,665.0,sysadmin,general_practitioner,0
o1j8z1,1,2,2.0,2.0,4.0,sysadmin,general_practitioner,0
o1lu2e,1,6,2.833333333333333,1.0,17.0,sysadmin,general_practitioner,0
o1xizd,3,64,13.078125,3.0,837.0,sysadmin,general_practitioner,0
o1yieg,1,6,2.1666666666666665,2.0,13.0,sysadmin,general_practitioner,0
o1z6ij,2,7,4.714285714285714,2.0,33.0,sysadmin,general_practitioner,0
o21djz,1,5,7.8,4.0,39.0,sysadmin,general_practitioner,0
o29zz3,2,4,1.5,1.0,6.0,sysadmin,general_practitioner,0
o2hbd8,3,3,4.0,3.0,12.0,sysadmin,general_practitioner,0
o32hho,1,43,10.976744186046512,2.0,472.0,sysadmin,general_practitioner,0
o38bl7,2,11,4.454545454545454,2.0,49.0,sysadmin,general_practitioner,0
o4j2zo,1,8,1.625,1.0,13.0,sysadmin,general_practitioner,0
o50vuh,1,15,7.466666666666667,3.0,112.0,sysadmin,general_practitioner,0
o5fmik,2,22,10.727272727272728,2.0,236.0,sysadmin,general_practitioner,0
o5o23u,2,33,5.121212121212121,2.0,169.0,sysadmin,general_practitioner,0
o676ng,2,6,6.5,2.5,39.0,sysadmin,general_practitioner,0
o63wue,1,11,9.727272727272728,3.0,107.0,sysadmin,general_practitioner,0
o68v87,2,55,12.054545454545456,2.0,663.0,sysadmin,general_practitioner,0
o6cdd3,1,43,7.1395348837209305,2.0,307.0,sysadmin,general_practitioner,0
o6o5gr,1,11,3.363636363636364,2.0,37.0,sysadmin,general_practitioner,0
o6tsrt,3,6,3.5,3.0,21.0,sysadmin,general_practitioner,0
o7r5tv,2,6,5.333333333333333,3.0,32.0,sysadmin,general_practitioner,0
o7prxj,2,27,6.185185185185185,3.0,167.0,sysadmin,general_practitioner,0
o7smva,3,5,1.8,2.0,9.0,sysadmin,general_practitioner,0
o7y221,3,3,1.6666666666666667,2.0,5.0,sysadmin,general_practitioner,0
o81x35,1,28,5.678571428571429,3.0,159.0,sysadmin,general_practitioner,0
o9srxd,1,53,10.50943396226415,3.0,557.0,sysadmin,general_practitioner,0
o9tw3p,1,7,4.142857142857143,2.0,29.0,sysadmin,general_practitioner,0
o9zrw0,3,16,3.5625,2.0,57.0,sysadmin,general_practitioner,0
oa7lzn,1,5,1.2,1.0,6.0,sysadmin,general_practitioner,0
oaj2uq,1,3,5.0,1.0,15.0,sysadmin,general_practitioner,0
oamoml,1,12,3.583333333333333,3.0,43.0,sysadmin,general_practitioner,0
oav5mc,2,98,13.642857142857142,1.0,1337.0,sysadmin,general_practitioner,0
oauo5g,3,32,7.8125,2.5,250.0,sysadmin,general_practitioner,0
oawtay,1,19,7.315789473684211,2.0,139.0,sysadmin,general_practitioner,0
ob0v8i,1,64,5.28125,1.0,338.0,sysadmin,general_practitioner,0
ob4pid,2,7,3.857142857142857,3.0,27.0,sysadmin,general_practitioner,0
ob88fp,3,14,3.142857142857143,1.5,44.0,sysadmin,general_practitioner,0
obir4h,2,8,5.0,2.5,40.0,sysadmin,general_practitioner,0
obv6tq,1,1,3.0,3.0,3.0,sysadmin,general_practitioner,0
obviy6,3,133,21.72932330827068,2.0,2890.0,sysadmin,general_practitioner,0
obvjb1,1,9,1.5555555555555556,1.0,14.0,sysadmin,general_practitioner,0
ocafrm,1,6,4.0,3.5,24.0,sysadmin,general_practitioner,0
oce9xl,3,7,4.142857142857143,2.0,29.0,sysadmin,general_practitioner,0
od1t9t,1,20,4.15,1.5,83.0,sysadmin,general_practitioner,0
od6va8,3,2,1.0,1.0,2.0,sysadmin,general_practitioner,0
ods2nw,3,9,10.555555555555555,9.0,95.0,sysadmin,general_practitioner,0
oebrc0,1,0,,,,sysadmin,general_practitioner,1
oejf1w,3,3,5.333333333333333,6.0,16.0,sysadmin,general_practitioner,0
oelcqd,1,11,3.363636363636364,1.0,37.0,sysadmin,general_practitioner,0
oeva4s,3,130,11.123076923076924,1.5,1446.0,sysadmin,general_practitioner,0
of19qz,1,2,4.0,4.0,8.0,sysadmin,general_practitioner,0
of2jbq,2,2,3.0,3.0,6.0,sysadmin,general_practitioner,0
of5qj6,1,2,3.5,3.5,7.0,sysadmin,general_practitioner,0
of6hg2,1,6,5.0,1.5,30.0,sysadmin,general_practitioner,0
ofjkiz,1,96,20.729166666666668,2.0,1990.0,sysadmin,general_practitioner,0
ofnzrc,2,4,1.0,1.0,4.0,sysadmin,general_practitioner,0
ofmgi8,1,6,5.166666666666667,4.0,31.0,sysadmin,general_practitioner,0
ofwrbn,1,2,1.5,1.5,3.0,sysadmin,general_practitioner,0
ofx3n8,2,6,12.0,3.5,72.0,sysadmin,general_practitioner,0
og8m7b,4,64,15.75,2.0,1008.0,sysadmin,general_practitioner,0
ogfw1g,1,3,3.333333333333333,3.0,10.0,sysadmin,general_practitioner,0
ogg5w1,2,22,8.090909090909092,5.0,178.0,sysadmin,general_practitioner,0
ogg6ga,3,194,17.876288659793815,2.0,3468.0,sysadmin,general_practitioner,0
ogg2wj,4,5,2.6,3.0,13.0,sysadmin,general_practitioner,0
oghb9y,1,7,2.0,2.0,14.0,sysadmin,general_practitioner,0
ogm0v1,3,32,9.9375,2.0,318.0,sysadmin,general_practitioner,0
ogicin,1,1,3.0,3.0,3.0,sysadmin,general_practitioner,0
ohmwgq,1,37,21.37837837837838,5.0,791.0,sysadmin,general_practitioner,0
oht1ig,2,17,4.588235294117647,2.0,78.0,sysadmin,general_practitioner,0
oiagwa,1,3,12.0,15.0,36.0,sysadmin,general_practitioner,0
oj1av9,1,267,13.071161048689138,2.0,3490.0,sysadmin,general_practitioner,0
oj24wg,1,25,7.72,3.0,193.0,sysadmin,general_practitioner,0
ojhbuj,1,45,8.6,2.0,387.0,sysadmin,general_practitioner,0
oji2t2,1,64,33.265625,3.0,2129.0,sysadmin,general_practitioner,0
ojnkpp,1,2,1.0,1.0,2.0,sysadmin,general_practitioner,0
ojm9d5,1,12,1.8333333333333333,2.0,22.0,sysadmin,general_practitioner,0
ojri42,1,13,4.923076923076923,1.0,64.0,sysadmin,general_practitioner,0
ojtdek,3,105,14.6,2.0,1533.0,sysadmin,general_practitioner,0
ok0l2x,2,2,3.5,3.5,7.0,sysadmin,general_practitioner,0
ok7s12,1,10,1.1,1.0,11.0,sysadmin,general_practitioner,0
oko2rk,1,11,5.181818181818182,2.0,57.0,sysadmin,general_practitioner,0
okrf9v,3,12,4.583333333333333,2.0,55.0,sysadmin,general_practitioner,0
oktiwf,1,28,5.392857142857143,2.0,151.0,sysadmin,general_practitioner,0
ol2dtj,1,78,7.8076923076923075,1.0,609.0,sysadmin,general_practitioner,0
ol56er,3,11,5.454545454545454,3.0,60.0,sysadmin,general_practitioner,0
ol5ubw,3,6,2.6666666666666665,2.0,16.0,sysadmin,general_practitioner,0
olj5ob,1,6,4.166666666666667,2.5,25.0,sysadmin,general_practitioner,0
ollrwo,3,32,6.5,2.0,208.0,sysadmin,general_practitioner,0
olo40s,3,7,10.857142857142858,8.0,76.0,sysadmin,general_practitioner,0
olvmfp,1,10,3.3,2.0,33.0,sysadmin,general_practitioner,0
om34ww,3,73,7.643835616438356,1.0,558.0,sysadmin,general_practitioner,0
omhpmv,1,31,4.32258064516129,2.0,134.0,sysadmin,general_practitioner,0
omwlj5,1,3,2.0,1.0,6.0,sysadmin,general_practitioner,0
onc2z7,1,35,9.657142857142857,3.0,338.0,sysadmin,general_practitioner,0
ond8xy,1,6,3.1666666666666665,3.0,19.0,sysadmin,general_practitioner,0
ongha0,3,86,4.372093023255814,1.0,376.0,sysadmin,general_practitioner,0
onnvjq,1,2,1.0,1.0,2.0,sysadmin,general_practitioner,0
onsvw7,1,5,8.2,3.0,41.0,sysadmin,general_practitioner,0
oo2a0x,1,44,14.204545454545457,1.0,625.0,sysadmin,general_practitioner,0
oo9n51,1,6,3.333333333333333,2.5,20.0,sysadmin,general_practitioner,0
oobuff,3,27,2.185185185185185,2.0,59.0,sysadmin,general_practitioner,0
ooz6zf,1,1,3.0,3.0,3.0,sysadmin,general_practitioner,0
ooxhck,2,6,5.0,2.5,30.0,sysadmin,general_practitioner,0
oox0jj,1,5,1.8,2.0,9.0,sysadmin,general_practitioner,0
oozgdb,1,2,2.0,2.0,4.0,sysadmin,general_practitioner,0
op0tgh,1,2,2.0,2.0,4.0,sysadmin,general_practitioner,0
op4s9z,1,23,7.869565217391305,4.0,181.0,sysadmin,general_practitioner,0
opeg96,1,1,3.0,3.0,3.0,sysadmin,general_practitioner,0
opgm3b,1,15,7.6,2.0,114.0,sysadmin,general_practitioner,0
opjyv5,1,2,1.0,1.0,2.0,sysadmin,general_practitioner,0
opl2m0,1,5,1.8,2.0,9.0,sysadmin,general_practitioner,0
opshmc,1,7,2.142857142857143,1.0,15.0,sysadmin,general_practitioner,0
opuwny,1,9,3.0,3.0,27.0,sysadmin,general_practitioner,0
oq5860,1,6,1.5,1.5,9.0,sysadmin,general_practitioner,0
oq82sw,1,4,1.75,1.5,7.0,sysadmin,general_practitioner,0
oq8brx,1,4,2.5,2.0,10.0,sysadmin,general_practitioner,0
oq99m2,1,9,5.333333333333333,4.0,48.0,sysadmin,general_practitioner,0
oqti2k,1,5,2.6,2.0,13.0,sysadmin,general_practitioner,0
oqpm7e,1,9,3.7777777777777777,2.0,34.0,sysadmin,general_practitioner,0
orpmzx,3,3,2.333333333333333,1.0,7.0,sysadmin,general_practitioner,0
os41fc,3,12,3.9166666666666665,1.5,47.0,sysadmin,general_practitioner,0
os6rp5,2,22,4.454545454545454,2.0,98.0,sysadmin,general_practitioner,0
os9y06,2,19,9.052631578947368,4.0,172.0,sysadmin,general_practitioner,0
oseho4,1,13,5.923076923076923,2.0,77.0,sysadmin,general_practitioner,0
osjnna,1,12,7.75,5.0,93.0,sysadmin,general_practitioner,0
osk632,1,218,15.98165137614679,2.0,3484.0,sysadmin,general_practitioner,0
osqb2p,3,8,4.875,3.0,39.0,sysadmin,general_practitioner,0
ossexi,2,3,4.333333333333333,5.0,13.0,sysadmin,general_practitioner,0
ots9sq,1,10,5.3,3.0,53.0,sysadmin,general_practitioner,0
otontu,1,6,3.333333333333333,1.0,20.0,sysadmin,general_practitioner,0
otuxz3,1,68,20.36764705882353,2.0,1385.0,sysadmin,general_practitioner,0
ou08fs,1,58,11.241379310344827,3.0,652.0,sysadmin,general_practitioner,0
ou2321,1,5,2.4,1.0,12.0,sysadmin,general_practitioner,0
ou61f5,1,6,1.5,1.0,9.0,sysadmin,general_practitioner,0
ou63fb,1,18,7.277777777777778,3.0,131.0,sysadmin,general_practitioner,0
ou7305,1,4,4.75,5.5,19.0,sysadmin,general_practitioner,0
oubk3x,2,2,3.5,3.5,7.0,sysadmin,general_practitioner,0
oun1us,1,7,2.571428571428572,1.0,18.0,sysadmin,general_practitioner,0
ouqgvr,1,3,4.333333333333333,5.0,13.0,sysadmin,general_practitioner,0
ovf6al,1,4,0.75,1.0,3.0,sysadmin,general_practitioner,0
ovetaw,1,3,4.0,3.0,12.0,sysadmin,general_practitioner,0
ovsxdr,1,7,11.0,8.0,77.0,sysadmin,general_practitioner,0
ow4atp,1,11,7.181818181818182,2.0,79.0,sysadmin,general_practitioner,0
ow44in,1,7,2.857142857142857,2.0,20.0,sysadmin,general_practitioner,0
ow6akt,1,12,4.416666666666667,2.0,53.0,sysadmin,general_practitioner,0
owwn3m,1,4,1.25,1.5,5.0,sysadmin,general_practitioner,0
ox0sol,1,123,24.414634146341463,3.0,3003.0,sysadmin,general_practitioner,0
ox5a4q,1,4,3.0,2.5,12.0,sysadmin,general_practitioner,0
oxm2lw,1,7,0.8571428571428571,1.0,6.0,sysadmin,general_practitioner,0
oxt0wt,3,34,9.0,2.0,306.0,sysadmin,general_practitioner,0
oxvjmx,2,26,5.538461538461538,3.5,144.0,sysadmin,general_practitioner,0
oxw220,1,5,1.0,1.0,5.0,sysadmin,general_practitioner,0
oxyd9q,1,4,4.5,5.0,18.0,sysadmin,general_practitioner,0
oyesmg,1,6,2.333333333333333,2.5,14.0,sysadmin,general_practitioner,0
oyiy7u,1,2,2.0,2.0,4.0,sysadmin,general_practitioner,0
oyo3ba,1,0,,,,sysadmin,general_practitioner,1
oywsa6,2,23,4.086956521739131,1.0,94.0,sysadmin,general_practitioner,0
oz3e5v,1,79,23.417721518987346,2.0,1850.0,sysadmin,general_practitioner,0
oz7nca,1,2,2.0,2.0,4.0,sysadmin,general_practitioner,0
p0x3q0,1,5,5.6,5.0,28.0,sysadmin,general_practitioner,0
p18vyr,1,5,7.4,7.0,37.0,sysadmin,general_practitioner,0
p1ow9h,2,3,2.0,1.0,6.0,sysadmin,general_practitioner,0
p1s57g,2,4,3.5,3.0,14.0,sysadmin,general_practitioner,0
p1xkxm,1,2,4.0,4.0,8.0,sysadmin,general_practitioner,0
p2bnkj,2,4,1.25,1.0,5.0,sysadmin,general_practitioner,0
p2odfr,2,1,11.0,11.0,11.0,sysadmin,general_practitioner,0
p2x0vu,1,3,2.6666666666666665,2.0,8.0,sysadmin,general_practitioner,0
p38egb,4,38,10.552631578947368,2.0,401.0,sysadmin,general_practitioner,0
p3ao1k,3,12,17.416666666666668,4.5,209.0,sysadmin,general_practitioner,0
p3mvta,2,140,8.257142857142858,1.0,1156.0,sysadmin,general_practitioner,0
p40lla,3,7,3.7142857142857135,2.0,26.0,sysadmin,general_practitioner,0
p4bjrf,3,9,2.111111111111111,1.0,19.0,sysadmin,general_practitioner,0
p4f7nj,3,6,6.0,5.5,36.0,sysadmin,general_practitioner,0
p56y51,2,19,9.0,4.0,171.0,sysadmin,general_practitioner,0
p5g4hv,1,9,3.7777777777777777,2.0,34.0,sysadmin,general_practitioner,0
p5lqcv,3,3,1.3333333333333333,1.0,4.0,sysadmin,general_practitioner,0
p5n6er,2,0,,,,sysadmin,general_practitioner,1
p5oc3n,2,53,6.018867924528302,1.0,319.0,sysadmin,general_practitioner,0
p60szg,3,3,1.6666666666666667,1.0,5.0,sysadmin,general_practitioner,0
p648cd,1,13,5.923076923076923,5.0,77.0,sysadmin,general_practitioner,0
p6apvk,1,13,2.0,1.0,26.0,sysadmin,general_practitioner,0
p6bas4,1,1,2.0,2.0,2.0,sysadmin,general_practitioner,0
p6bgqr,1,2,1.0,1.0,2.0,sysadmin,general_practitioner,0
p6g6nb,1,0,,,,sysadmin,general_practitioner,1
p6qza0,1,9,28.77777777777778,5.0,259.0,sysadmin,general_practitioner,0
p6zws5,1,65,6.523076923076923,1.0,424.0,sysadmin,general_practitioner,0
p7a3mc,1,2,2.5,2.5,5.0,sysadmin,general_practitioner,0
p7h5uq,3,11,4.090909090909091,2.0,45.0,sysadmin,general_practitioner,0
p7k3xv,2,4,3.5,4.0,14.0,sysadmin,general_practitioner,0
p7k9vb,1,12,4.5,2.5,54.0,sysadmin,general_practitioner,0
p7rwy6,2,3,8.333333333333334,8.0,25.0,sysadmin,general_practitioner,0
p849gz,1,43,5.906976744186046,2.0,254.0,sysadmin,general_practitioner,0
p8zcsx,1,29,9.10344827586207,3.0,264.0,sysadmin,general_practitioner,0
p92f7x,3,27,3.592592592592593,1.0,97.0,sysadmin,general_practitioner,0
p9ftgu,1,11,1.818181818181818,2.0,20.0,sysadmin,general_practitioner,0
p9t1bx,1,16,4.625,2.0,74.0,sysadmin,general_practitioner,0
pa4j87,1,9,3.0,3.0,27.0,sysadmin,general_practitioner,0
pabjv7,2,33,3.363636363636364,1.0,111.0,sysadmin,general_practitioner,0
panh95,1,8,1.375,1.0,11.0,sysadmin,general_practitioner,0
pamx4w,2,123,7.967479674796748,1.0,980.0,sysadmin,general_practitioner,0
pap07b,1,21,6.904761904761905,4.0,145.0,sysadmin,general_practitioner,0
paxh4b,1,3,3.333333333333333,4.0,10.0,sysadmin,general_practitioner,0
pbd0fw,1,7,4.714285714285714,4.0,33.0,sysadmin,general_practitioner,0
pbe72i,3,47,6.191489361702128,2.0,291.0,sysadmin,general_practitioner,0
pbncby,1,5,2.2,2.0,11.0,sysadmin,general_practitioner,0
pcf0ap,1,37,8.72972972972973,2.0,323.0,sysadmin,general_practitioner,0
pcl4t1,2,2,3.0,3.0,6.0,sysadmin,general_practitioner,0
pcmzu1,1,3,2.6666666666666665,1.0,8.0,sysadmin,general_practitioner,0
pcp6bl,1,3,1.3333333333333333,1.0,4.0,sysadmin,general_practitioner,0
pcq2wy,1,150,21.71333333333333,3.0,3257.0,sysadmin,general_practitioner,0
pcrh1v,2,10,3.3,1.5,33.0,sysadmin,general_practitioner,0
pct8uj,1,12,29.666666666666668,14.0,356.0,sysadmin,general_practitioner,0
pcvie9,1,3,2.333333333333333,2.0,7.0,sysadmin,general_practitioner,0
pdkhei,1,2,2.5,2.5,5.0,sysadmin,general_practitioner,0
pdmeg8,2,5,5.4,1.0,27.0,sysadmin,general_practitioner,0
peeata,1,17,16.176470588235293,5.0,275.0,sysadmin,general_practitioner,0
peqtf5,2,1,1.0,1.0,1.0,sysadmin,general_practitioner,0
peqzo6,2,35,9.885714285714286,2.0,346.0,sysadmin,general_practitioner,0
pexcnh,2,20,7.3,2.0,146.0,sysadmin,general_practitioner,0
pew2j3,2,27,3.851851851851852,1.0,104.0,sysadmin,general_practitioner,0
pf9e4m,1,9,1.7777777777777777,2.0,16.0,sysadmin,general_practitioner,0
pfeiu6,1,21,3.4761904761904763,2.0,73.0,sysadmin,general_practitioner,0
pfw8cw,1,13,4.769230769230769,3.0,62.0,sysadmin,general_practitioner,0
pfyfhn,1,5,2.4,1.0,12.0,sysadmin,general_practitioner,0
pg6xve,1,16,5.5,1.0,88.0,sysadmin,general_practitioner,0
pg9yrt,2,16,4.0625,2.0,65.0,sysadmin,general_practitioner,0
pgid9p,1,5,2.0,2.0,10.0,sysadmin,general_practitioner,0
pgm37d,2,3,4.333333333333333,2.0,13.0,sysadmin,general_practitioner,0
pgs5ev,3,5,2.0,1.0,10.0,sysadmin,general_practitioner,0
pgqgkr,3,11,7.363636363636363,5.0,81.0,sysadmin,general_practitioner,0
pgsne2,1,3,3.333333333333333,3.0,10.0,sysadmin,general_practitioner,0
pikzyk,1,27,8.074074074074074,4.0,218.0,sysadmin,general_practitioner,0
pjavl5,1,1,1.0,1.0,1.0,sysadmin,general_practitioner,0
pjzkpc,1,5,5.6,1.0,28.0,sysadmin,general_practitioner,0
pk8wvm,2,95,16.610526315789475,2.0,1578.0,sysadmin,general_practitioner,0
pkesgs,2,7,3.571428571428572,3.0,25.0,sysadmin,general_practitioner,0
pkfl3e,2,32,2.90625,1.0,93.0,sysadmin,general_practitioner,0
pkhip3,1,1,2.0,2.0,2.0,sysadmin,general_practitioner,0
pkirx6,3,6,1.6666666666666667,1.5,10.0,sysadmin,general_practitioner,0
pkmvlt,2,58,13.741379310344827,2.0,797.0,sysadmin,general_practitioner,0
pkxdmq,1,7,2.142857142857143,1.0,15.0,sysadmin,general_practitioner,0
pkzkxi,1,94,14.9468085106383,2.0,1405.0,sysadmin,general_practitioner,0
pl2ucq,1,9,4.888888888888889,4.0,44.0,sysadmin,general_practitioner,0
plop5p,1,7,13.428571428571429,8.0,94.0,sysadmin,general_practitioner,0
pmguky,1,107,11.018691588785046,1.0,1179.0,sysadmin,general_practitioner,0
pnk2gj,1,57,5.9298245614035086,2.0,338.0,sysadmin,general_practitioner,0
pnoodq,1,54,18.925925925925927,2.0,1022.0,sysadmin,general_practitioner,0
po0uby,2,5,2.8,2.0,14.0,sysadmin,general_practitioner,0
po2swr,2,37,7.81081081081081,1.0,289.0,sysadmin,general_practitioner,0
po4r16,3,96,10.15625,1.0,975.0,sysadmin,general_practitioner,0
po5wjc,1,170,13.91764705882353,2.0,2366.0,sysadmin,general_practitioner,0
podt0t,1,7,5.142857142857143,2.0,36.0,sysadmin,general_practitioner,0
pog6up,3,4,2.0,1.0,8.0,sysadmin,general_practitioner,0
poif7i,1,2,1.5,1.5,3.0,sysadmin,general_practitioner,0
poij1i,2,8,4.375,3.0,35.0,sysadmin,general_practitioner,0
pooi2r,2,4,10.25,4.0,41.0,sysadmin,general_practitioner,0
pouoob,1,6,1.1666666666666667,1.0,7.0,sysadmin,general_practitioner,0
povmy6,3,12,10.666666666666666,3.5,128.0,sysadmin,general_practitioner,0
povyh8,1,8,1.5,1.0,12.0,sysadmin,general_practitioner,0
pozr3z,1,51,14.15686274509804,2.0,722.0,sysadmin,general_practitioner,0
pphiqv,1,5,1.4,1.0,7.0,sysadmin,general_practitioner,0
pprctu,3,22,6.409090909090909,2.5,141.0,sysadmin,general_practitioner,0
ppsq9j,2,2,7.0,7.0,14.0,sysadmin,general_practitioner,0
ppuxc8,2,28,7.0,2.0,196.0,sysadmin,general_practitioner,0
pq0xtz,3,48,15.270833333333334,2.0,733.0,sysadmin,general_practitioner,0
pq5ky7,1,10,3.7,2.5,37.0,sysadmin,general_practitioner,0
pqfg89,1,1,2.0,2.0,2.0,sysadmin,general_practitioner,0
pr6ro6,1,75,14.093333333333334,3.0,1057.0,sysadmin,general_practitioner,0
pr4aer,1,5,3.2,3.0,16.0,sysadmin,general_practitioner,0
prt3d2,1,67,11.552238805970148,2.0,774.0,sysadmin,general_practitioner,0
pryze9,1,2,3.5,3.5,7.0,sysadmin,general_practitioner,0
ps2vnp,1,3,2.333333333333333,2.0,7.0,sysadmin,general_practitioner,0
ps5up6,3,8,12.375,5.5,99.0,sysadmin,general_practitioner,0
ps9np1,1,16,2.6875,2.0,43.0,sysadmin,general_practitioner,0
psxak2,2,13,4.461538461538462,2.0,58.0,sysadmin,general_practitioner,0
ptbogd,1,41,5.317073170731708,1.0,218.0,sysadmin,general_practitioner,0
pteipz,1,11,5.818181818181818,2.0,64.0,sysadmin,general_practitioner,0
ptjzt6,1,44,11.545454545454543,1.0,508.0,sysadmin,general_practitioner,0
ptlcef,2,2,1.0,1.0,2.0,sysadmin,general_practitioner,0
ptpggd,2,31,10.870967741935484,2.0,337.0,sysadmin,general_practitioner,0
ptv2jx,2,7,2.2857142857142856,1.0,16.0,sysadmin,general_practitioner,0
ptxj6x,2,2,1.0,1.0,2.0,sysadmin,general_practitioner,0
ptyopn,1,5,1.0,1.0,5.0,sysadmin,general_practitioner,0
pu2c4h,1,56,4.0,2.0,224.0,sysadmin,general_practitioner,0
pujd86,2,15,10.533333333333331,3.0,158.0,sysadmin,general_practitioner,0
pule20,2,82,21.26829268292683,4.0,1744.0,sysadmin,general_practitioner,0
purd3l,1,18,10.333333333333334,2.0,186.0,sysadmin,general_practitioner,0
puwb7t,1,8,2.25,2.0,18.0,sysadmin,general_practitioner,0
puyvhn,3,4,2.25,2.0,9.0,sysadmin,general_practitioner,0
pv7p31,3,139,6.848920863309353,1.0,952.0,sysadmin,general_practitioner,0
pvmf7b,2,15,8.733333333333333,4.0,131.0,sysadmin,general_practitioner,0
pvpcru,2,6,1.5,1.0,9.0,sysadmin,general_practitioner,0
pwl3nm,4,4,4.75,4.0,19.0,sysadmin,general_practitioner,0
pwm68v,2,18,4.111111111111111,2.5,74.0,sysadmin,general_practitioner,0
pwn4ud,1,3,2.0,1.0,6.0,sysadmin,general_practitioner,0
pwrfuc,2,6,2.333333333333333,1.5,14.0,sysadmin,general_practitioner,0
pwppgi,1,24,9.833333333333334,2.5,236.0,sysadmin,general_practitioner,0
px36q7,1,4,1.75,1.0,7.0,sysadmin,general_practitioner,0
pxb9af,1,91,17.516483516483518,1.0,1594.0,sysadmin,general_practitioner,0
pxcw69,1,15,4.2,2.0,63.0,sysadmin,general_practitioner,0
pxf30s,1,0,,,,sysadmin,general_practitioner,1
pxf320,1,5,2.2,2.0,11.0,sysadmin,general_practitioner,0
pxvcl3,1,126,6.253968253968254,1.0,788.0,sysadmin,general_practitioner,0
pxymid,3,16,3.0625,2.0,49.0,sysadmin,general_practitioner,0
py0t32,1,4,12.0,4.0,48.0,sysadmin,general_practitioner,0
pxzdy0,1,14,15.357142857142858,10.5,215.0,sysadmin,general_practitioner,0
py2sjo,1,3,4.333333333333333,2.0,13.0,sysadmin,general_practitioner,0
py818w,3,12,3.25,3.0,39.0,sysadmin,general_practitioner,0
pyaunn,3,7,1.4285714285714286,1.0,10.0,sysadmin,general_practitioner,0
pytaf5,2,149,8.275167785234899,1.0,1233.0,sysadmin,general_practitioner,0
pytt3v,1,2,3.0,3.0,6.0,sysadmin,general_practitioner,0
pyv7az,1,4,1.5,1.5,6.0,sysadmin,general_practitioner,0
pywc77,1,6,2.6666666666666665,2.5,16.0,sysadmin,general_practitioner,0
pyzzig,1,6,5.833333333333333,1.5,35.0,sysadmin,general_practitioner,0
pyy5s6,4,5,3.4,2.0,17.0,sysadmin,general_practitioner,0
pz9ynq,4,14,7.571428571428571,4.0,106.0,sysadmin,general_practitioner,0
pzi5vn,2,6,2.1666666666666665,1.5,13.0,sysadmin,general_practitioner,0
q0dh4y,1,7,2.2857142857142856,2.0,16.0,sysadmin,general_practitioner,0
q0hm9t,2,23,4.739130434782608,1.0,109.0,sysadmin,general_practitioner,0
q1ecko,1,19,2.8421052631578947,2.0,54.0,sysadmin,general_practitioner,0
q1zjj9,2,55,6.9818181818181815,2.0,384.0,sysadmin,general_practitioner,0
q2uiom,1,21,9.666666666666666,4.0,203.0,sysadmin,general_practitioner,0
q39z90,1,37,8.297297297297296,2.0,307.0,sysadmin,general_practitioner,0
q3broi,1,3,0.6666666666666666,1.0,2.0,sysadmin,general_practitioner,0
q3buag,2,3,2.0,2.0,6.0,sysadmin,general_practitioner,0
q3h710,1,6,5.0,2.0,30.0,sysadmin,general_practitioner,0
q3hb6g,1,3,1.0,1.0,3.0,sysadmin,general_practitioner,0
q3y8uv,4,54,7.148148148148148,1.0,386.0,sysadmin,general_practitioner,0
q416xi,1,5,4.0,3.0,20.0,sysadmin,general_practitioner,0
q42j0a,1,3,1.6666666666666667,1.0,5.0,sysadmin,general_practitioner,0
q459lu,2,6,2.0,2.0,12.0,sysadmin,general_practitioner,0
q572iy,4,12,2.5,1.0,30.0,sysadmin,general_practitioner,0
q599s8,1,5,6.2,3.0,31.0,sysadmin,general_practitioner,0
q5c5yb,2,37,6.1891891891891895,1.0,229.0,sysadmin,general_practitioner,0
q59oes,1,227,13.343612334801762,1.0,3029.0,sysadmin,general_practitioner,0
q5x9jg,2,10,3.6,2.0,36.0,sysadmin,general_practitioner,0
q613ah,1,29,14.827586206896552,4.0,430.0,sysadmin,general_practitioner,0
q61c6l,2,153,15.57516339869281,1.0,2383.0,sysadmin,general_practitioner,0
q6oean,1,4,1.25,1.0,5.0,sysadmin,general_practitioner,0
q6ufjv,1,220,16.5,1.0,3630.0,sysadmin,general_practitioner,0
q6yz99,1,2,4.0,4.0,8.0,sysadmin,general_practitioner,0
q70lej,1,13,5.538461538461538,1.0,72.0,sysadmin,general_practitioner,0
q72cyg,1,6,3.1666666666666665,2.0,19.0,sysadmin,general_practitioner,0
q7572y,1,3,4.0,3.0,12.0,sysadmin,general_practitioner,0
q7akfa,1,3,4.666666666666667,6.0,14.0,sysadmin,general_practitioner,0
q7bgl4,3,248,13.69758064516129,1.0,3397.0,sysadmin,general_practitioner,0
q7fn90,1,4,2.25,2.5,9.0,sysadmin,general_practitioner,0
q80lpb,1,3,1.6666666666666667,1.0,5.0,sysadmin,general_practitioner,0
q80thr,2,71,12.704225352112676,2.0,902.0,sysadmin,general_practitioner,0
q81bl3,2,3,2.333333333333333,2.0,7.0,sysadmin,general_practitioner,0
q81n98,1,1,1.0,1.0,1.0,sysadmin,general_practitioner,0
q82265,1,2,2.0,2.0,4.0,sysadmin,general_practitioner,0
q81t98,1,73,13.068493150684931,1.0,954.0,sysadmin,general_practitioner,0
q86raq,1,31,7.645161290322581,1.0,237.0,sysadmin,general_practitioner,0
q8abre,1,22,2.1818181818181817,1.0,48.0,sysadmin,general_practitioner,0
q8g6ee,2,9,3.555555555555556,3.0,32.0,sysadmin,general_practitioner,0
q8v0tj,2,3,4.333333333333333,5.0,13.0,sysadmin,general_practitioner,0
q8vgyy,1,142,12.154929577464788,2.0,1726.0,sysadmin,general_practitioner,0
q8ydxs,1,6,2.5,1.0,15.0,sysadmin,general_practitioner,0
q8z4vk,1,6,7.333333333333333,8.0,44.0,sysadmin,general_practitioner,0
q8z7vu,3,9,6.111111111111111,5.0,55.0,sysadmin,general_practitioner,0
q92qe6,2,4,2.5,2.0,10.0,sysadmin,general_practitioner,0
q9l6hj,3,7,6.857142857142857,5.0,48.0,sysadmin,general_practitioner,0
q9xhxj,3,17,10.352941176470589,3.0,176.0,sysadmin,general_practitioner,0
qam796,2,481,4.6923076923076925,1.0,2257.0,sysadmin,general_practitioner,0
qaz9ma,1,33,5.121212121212121,2.0,169.0,sysadmin,general_practitioner,0
qazr3w,1,3,7.0,6.0,21.0,sysadmin,general_practitioner,0
qb2e8l,3,11,5.454545454545454,4.0,60.0,sysadmin,general_practitioner,0
qbb2e0,3,17,4.470588235294118,2.0,76.0,sysadmin,general_practitioner,0
qbdcgh,1,11,6.2727272727272725,5.0,69.0,sysadmin,general_practitioner,0
qbkdw0,2,82,5.475609756097561,1.0,449.0,sysadmin,general_practitioner,0
qbohkj,1,9,2.111111111111111,2.0,19.0,sysadmin,general_practitioner,0
qbo579,2,14,5.428571428571429,2.5,76.0,sysadmin,general_practitioner,0
qbzzke,2,0,,,,sysadmin,general_practitioner,1
qc5ktd,2,3,2.333333333333333,2.0,7.0,sysadmin,general_practitioner,0
qc610u,2,13,2.5384615384615383,1.0,33.0,sysadmin,general_practitioner,0
qcf3c1,1,8,2.5,2.0,20.0,sysadmin,general_practitioner,0
qclz7b,2,2,1.0,1.0,2.0,sysadmin,general_practitioner,0
qcnoyq,2,91,23.285714285714285,1.0,2119.0,sysadmin,general_practitioner,0
qcqr1d,1,3,3.6666666666666665,4.0,11.0,sysadmin,general_practitioner,0
qctxtl,3,18,9.5,2.0,171.0,sysadmin,general_practitioner,0
qd0lfu,1,2,2.5,2.5,5.0,sysadmin,general_practitioner,0
qd33ji,1,9,6.333333333333333,2.0,57.0,sysadmin,general_practitioner,0
qdcnnd,1,1,2.0,2.0,2.0,sysadmin,general_practitioner,0
qdglkt,3,4,2.75,2.5,11.0,sysadmin,general_practitioner,0
qdgvv5,1,1,2.0,2.0,2.0,sysadmin,general_practitioner,0
qdn21u,1,2,4.0,4.0,8.0,sysadmin,general_practitioner,0
qdv68d,2,2,2.0,2.0,4.0,sysadmin,general_practitioner,0
qe0yts,1,6,11.666666666666666,6.5,70.0,sysadmin,general_practitioner,0
qe332s,1,3,1.6666666666666667,2.0,5.0,sysadmin,general_practitioner,0
qe874h,2,7,2.0,1.0,14.0,sysadmin,general_practitioner,0
qeja95,2,12,3.4166666666666665,4.0,41.0,sysadmin,general_practitioner,0
qehpc9,1,4,2.75,2.5,11.0,sysadmin,general_practitioner,0
qeon8j,2,38,14.710526315789474,2.0,559.0,sysadmin,general_practitioner,0
qevhpf,1,11,3.090909090909091,2.0,34.0,sysadmin,general_practitioner,0
qf4red,1,17,5.176470588235294,1.0,88.0,sysadmin,general_practitioner,0
qfbs4p,2,5,5.8,2.0,29.0,sysadmin,general_practitioner,0
qfcrj6,1,58,23.05172413793104,3.0,1337.0,sysadmin,general_practitioner,0
qfngfx,3,260,24.54615384615385,5.0,6382.0,sysadmin,general_practitioner,0
qfr8ap,1,0,,,,sysadmin,general_practitioner,1
qfrep7,1,10,5.0,4.0,50.0,sysadmin,general_practitioner,0
qft1x1,1,168,10.142857142857142,1.0,1704.0,sysadmin,general_practitioner,0
qfuru9,1,8,3.25,1.0,26.0,sysadmin,general_practitioner,0
qg7al4,2,22,8.045454545454545,1.0,177.0,sysadmin,general_practitioner,0
qgwoom,1,12,3.25,2.0,39.0,sysadmin,general_practitioner,0
qheg4s,1,6,1.8333333333333333,2.0,11.0,sysadmin,general_practitioner,0
qhj5x4,2,101,9.653465346534654,1.0,975.0,sysadmin,general_practitioner,0
qi390c,1,5,3.6,2.0,18.0,sysadmin,general_practitioner,0
qicvv2,2,3,2.333333333333333,2.0,7.0,sysadmin,general_practitioner,0
qig3fh,1,8,6.875,3.0,55.0,sysadmin,general_practitioner,0
qiod00,1,3,2.0,2.0,6.0,sysadmin,general_practitioner,0
qise7a,2,4,1.25,1.0,5.0,sysadmin,general_practitioner,0
qjgf0q,2,43,10.372093023255816,2.0,446.0,sysadmin,general_practitioner,0
qjyd3s,1,2,1.0,1.0,2.0,sysadmin,general_practitioner,0
qknn6e,1,21,6.9523809523809526,3.0,146.0,sysadmin,general_practitioner,0
qks2l0,4,4,2.75,3.0,11.0,sysadmin,general_practitioner,0
qku8gl,1,52,9.346153846153848,2.0,486.0,sysadmin,general_practitioner,0
ql4y2f,3,12,4.333333333333333,1.0,52.0,sysadmin,general_practitioner,0
qlavgz,1,7,5.571428571428571,2.0,39.0,sysadmin,general_practitioner,0
qldls1,3,9,2.2222222222222223,2.0,20.0,sysadmin,general_practitioner,0
qldnfn,2,3,3.333333333333333,2.0,10.0,sysadmin,general_practitioner,0
qlfqbi,2,1,1.0,1.0,1.0,sysadmin,general_practitioner,0
qlsae5,4,44,10.931818181818182,2.5,481.0,sysadmin,general_practitioner,0
qltape,1,10,1.9,1.0,19.0,sysadmin,general_practitioner,0
qlu9o9,1,25,6.0,2.0,150.0,sysadmin,general_practitioner,0
qlxpo8,1,2,3.5,3.5,7.0,sysadmin,general_practitioner,0
qm106p,4,16,8.0625,2.5,129.0,sysadmin,general_practitioner,0
qm6bxi,1,1,1.0,1.0,1.0,sysadmin,general_practitioner,0
qm6753,1,15,5.4,2.0,81.0,sysadmin,general_practitioner,0
qmkyto,1,6,4.833333333333333,2.5,29.0,sysadmin,general_practitioner,0
qmtl28,3,6,3.6666666666666665,3.5,22.0,sysadmin,general_practitioner,0
qmxkfj,3,5,2.8,2.0,14.0,sysadmin,general_practitioner,0
qnanbd,1,5,3.0,3.0,15.0,sysadmin,general_practitioner,0
qnec0r,1,7,2.2857142857142856,1.0,16.0,sysadmin,general_practitioner,0
qnf70h,2,238,9.928571428571429,1.0,2363.0,sysadmin,general_practitioner,0
qneonj,1,7,4.571428571428571,4.0,32.0,sysadmin,general_practitioner,0
qngjq3,1,19,4.578947368421052,1.0,87.0,sysadmin,general_practitioner,0
qnmi5t,1,1,2.0,2.0,2.0,sysadmin,general_practitioner,0
qohaj4,2,5,1.8,1.0,9.0,sysadmin,general_practitioner,0
qon3ea,3,6,6.5,4.0,39.0,sysadmin,general_practitioner,0
qou4oc,2,4,3.0,2.0,12.0,sysadmin,general_practitioner,0
qp13oq,1,4,3.25,3.0,13.0,sysadmin,general_practitioner,0
qp1vrv,1,32,6.46875,2.0,207.0,sysadmin,general_practitioner,0
qqaedr,1,14,4.0,2.0,56.0,sysadmin,general_practitioner,0
qqc2kg,2,3,1.0,1.0,3.0,sysadmin,general_practitioner,0
qqlk7n,3,2,2.0,2.0,4.0,sysadmin,general_practitioner,0
qqz6k7,3,52,6.615384615384615,1.0,344.0,sysadmin,general_practitioner,0
qr4gmq,1,3,1.3333333333333333,1.0,4.0,sysadmin,general_practitioner,0
qragam,4,3,5.333333333333333,3.0,16.0,sysadmin,general_practitioner,0
qrd8lu,1,141,21.01418439716312,1.0,2963.0,sysadmin,general_practitioner,0
qs71wb,1,45,8.933333333333334,1.0,402.0,sysadmin,general_practitioner,0
qsa93n,2,21,3.6666666666666665,1.0,77.0,sysadmin,general_practitioner,0
qsex1p,1,77,13.38961038961039,2.0,1031.0,sysadmin,general_practitioner,0
qsfftg,3,22,9.772727272727272,1.0,215.0,sysadmin,general_practitioner,0
qshrxf,1,1,4.0,4.0,4.0,sysadmin,general_practitioner,0
qsis3f,1,11,2.909090909090909,3.0,32.0,sysadmin,general_practitioner,0
qslv5z,1,4,5.5,4.0,22.0,sysadmin,general_practitioner,0
qsnqci,1,163,29.25153374233129,1.0,4768.0,sysadmin,general_practitioner,0
qst83p,3,13,9.153846153846152,3.0,119.0,sysadmin,general_practitioner,0
qt5sua,1,5,4.0,3.0,20.0,sysadmin,general_practitioner,0
qtbc30,1,0,,,,sysadmin,general_practitioner,1
quios1,1,3,1.3333333333333333,1.0,4.0,sysadmin,general_practitioner,0
qukv02,1,5,1.6,2.0,8.0,sysadmin,general_practitioner,0
qunb6w,2,40,6.65,1.0,266.0,sysadmin,general_practitioner,0
qungs8,1,2,1.0,1.0,2.0,sysadmin,general_practitioner,0
qurrjv,1,3,1.0,1.0,3.0,sysadmin,general_practitioner,0
qvbuwq,1,2,1.5,1.5,3.0,sysadmin,general_practitioner,0
qvegh2,1,1,10.0,10.0,10.0,sysadmin,general_practitioner,0
qvmigy,3,70,6.557142857142857,1.5,459.0,sysadmin,general_practitioner,0
qvxge2,2,0,,,,sysadmin,general_practitioner,1
qw5y98,1,43,5.790697674418604,2.0,249.0,sysadmin,general_practitioner,0
qwdzn6,1,54,5.962962962962963,1.0,322.0,sysadmin,general_practitioner,0
qwrv4a,1,1,1.0,1.0,1.0,sysadmin,general_practitioner,0
qx1ig0,4,8,5.75,2.0,46.0,sysadmin,general_practitioner,0
qx2k68,2,18,3.4444444444444446,2.0,62.0,sysadmin,general_practitioner,0
qx52k2,1,46,8.391304347826088,1.0,386.0,sysadmin,general_practitioner,0
qxrej1,2,8,3.0,2.5,24.0,sysadmin,general_practitioner,0
qz9lg6,1,2,2.0,2.0,4.0,sysadmin,general_practitioner,0
qz81bl,2,29,9.275862068965518,2.0,269.0,sysadmin,general_practitioner,0
qzqldv,2,71,13.971830985915492,1.0,992.0,sysadmin,general_practitioner,0
r0elqh,2,5,10.4,4.0,52.0,sysadmin,general_practitioner,0
r0isoq,3,30,15.8,3.0,474.0,sysadmin,general_practitioner,0
r0ieeu,1,4,2.5,2.5,10.0,sysadmin,general_practitioner,0
r0t7ud,1,71,21.66197183098592,2.0,1538.0,sysadmin,general_practitioner,0
r0zd03,3,12,12.666666666666666,3.0,152.0,sysadmin,general_practitioner,0
r17ipb,1,11,6.454545454545454,3.0,71.0,sysadmin,general_practitioner,0
r1gbfx,3,60,11.333333333333334,2.0,680.0,sysadmin,general_practitioner,0
r1gqwk,2,11,8.363636363636363,6.0,92.0,sysadmin,general_practitioner,0
r1sf17,1,2,3.0,3.0,6.0,sysadmin,general_practitioner,0
r1usaf,1,78,41.756410256410255,3.0,3257.0,sysadmin,general_practitioner,0
r1ysgq,3,2,2.0,2.0,4.0,sysadmin,general_practitioner,0
r265bu,1,6,1.8333333333333333,1.5,11.0,sysadmin,general_practitioner,0
r28i5m,2,50,9.88,3.0,494.0,sysadmin,general_practitioner,0
r2aijh,2,119,9.621848739495798,1.0,1145.0,sysadmin,general_practitioner,0
r29wu6,1,32,7.3125,2.0,234.0,sysadmin,general_practitioner,0
r2i7ue,1,3,1.6666666666666667,2.0,5.0,sysadmin,general_practitioner,0
r2isgj,1,1,2.0,2.0,2.0,sysadmin,general_practitioner,0
r2q2fy,3,3,1.3333333333333333,1.0,4.0,sysadmin,general_practitioner,0
r4f0o3,2,22,7.0,1.5,154.0,sysadmin,general_practitioner,0
r52emv,2,62,25.62903225806452,2.0,1589.0,sysadmin,general_practitioner,0
r53559,1,3,1.0,1.0,3.0,sysadmin,general_practitioner,0
r5hl5q,2,51,4.490196078431373,1.0,229.0,sysadmin,general_practitioner,0
r608qq,2,19,10.105263157894736,1.0,192.0,sysadmin,general_practitioner,0
r6ddrc,2,56,13.214285714285714,2.0,740.0,sysadmin,general_practitioner,0
r6fcis,2,105,5.961904761904762,1.0,626.0,sysadmin,general_practitioner,0
r6hli2,2,6,2.5,2.0,15.0,sysadmin,general_practitioner,0
r6t84x,1,8,2.25,1.5,18.0,sysadmin,general_practitioner,0
r78362,1,48,7.041666666666667,1.5,338.0,sysadmin,general_practitioner,0
r7gfcm,1,13,3.4615384615384617,1.0,45.0,sysadmin,general_practitioner,0
r7klxx,1,3,4.0,5.0,12.0,sysadmin,general_practitioner,0
r7jt2a,1,7,2.142857142857143,1.0,15.0,sysadmin,general_practitioner,0
r7mhwz,1,12,4.166666666666667,3.0,50.0,sysadmin,general_practitioner,0
r8fmbe,1,5,8.0,5.0,40.0,sysadmin,general_practitioner,0
r8nk9n,1,28,12.571428571428571,4.0,352.0,sysadmin,general_practitioner,0
r8g05i,1,2,2.5,2.5,5.0,sysadmin,general_practitioner,0
r8viy6,1,23,13.695652173913045,2.0,315.0,sysadmin,general_practitioner,0
r90fzb,2,1,2.0,2.0,2.0,sysadmin,general_practitioner,0
ra0geh,4,6,1.5,1.0,9.0,sysadmin,general_practitioner,0
rb0bp2,3,5,2.4,2.0,12.0,sysadmin,general_practitioner,0
rb0cjk,3,8,4.375,3.0,35.0,sysadmin,general_practitioner,0
rb47jr,2,3,4.333333333333333,3.0,13.0,sysadmin,general_practitioner,0
rb557w,3,3,1.6666666666666667,1.0,5.0,sysadmin,general_practitioner,0
rbewtk,3,6,2.333333333333333,1.5,14.0,sysadmin,general_practitioner,0
rblioj,3,8,2.625,2.5,21.0,sysadmin,general_practitioner,0
rbo5ph,1,6,4.666666666666667,2.0,28.0,sysadmin,general_practitioner,0
rbpodd,2,29,13.172413793103448,3.0,382.0,sysadmin,general_practitioner,0
rbu6ra,1,4,0.5,1.0,2.0,sysadmin,general_practitioner,0
rc492y,1,38,10.289473684210526,1.0,391.0,sysadmin,general_practitioner,0
rc3zyp,2,11,14.545454545454543,5.0,160.0,sysadmin,general_practitioner,0
rc6w2s,4,14,3.857142857142857,1.0,54.0,sysadmin,general_practitioner,0
rcj7ad,1,3,2.6666666666666665,2.0,8.0,sysadmin,general_practitioner,0
rclyp6,2,2,1.5,1.5,3.0,sysadmin,general_practitioner,0
rcnsel,1,38,10.842105263157896,2.0,412.0,sysadmin,general_practitioner,0
rcylcx,2,1,2.0,2.0,2.0,sysadmin,general_practitioner,0
rd164v,1,13,10.153846153846152,2.0,132.0,sysadmin,general_practitioner,0
rd9lqx,1,1,1.0,1.0,1.0,sysadmin,general_practitioner,0
rdg6tp,3,13,3.4615384615384617,2.0,45.0,sysadmin,general_practitioner,0
rdgnpm,1,7,2.2857142857142856,2.0,16.0,sysadmin,general_practitioner,0
rdz3ir,1,9,3.0,2.0,27.0,sysadmin,general_practitioner,0
re0tvl,1,21,12.476190476190476,6.0,262.0,sysadmin,general_practitioner,0
rfm220,2,2,2.0,2.0,4.0,sysadmin,general_practitioner,0
rfmqn3,1,4,6.75,5.5,27.0,sysadmin,general_practitioner,0
rfoagt,1,134,15.92537313432836,1.0,2134.0,sysadmin,general_practitioner,0
rg0xdt,3,28,7.285714285714286,3.0,204.0,sysadmin,general_practitioner,0
rg5441,1,15,16.6,6.0,249.0,sysadmin,general_practitioner,0
rgcyro,2,6,3.0,3.0,18.0,sysadmin,general_practitioner,0
rgfa2s,2,11,5.0,2.0,55.0,sysadmin,general_practitioner,0
rgk6uv,1,111,12.63063063063063,1.0,1402.0,sysadmin,general_practitioner,0
rgoej9,1,4,4.0,1.0,16.0,sysadmin,general_practitioner,0
rgodwg,2,4,1.75,2.0,7.0,sysadmin,general_practitioner,0
rgozse,1,9,2.4444444444444446,2.0,22.0,sysadmin,general_practitioner,0
rgremf,3,2,5.0,5.0,10.0,sysadmin,general_practitioner,0
rgp5rb,2,5,2.8,2.0,14.0,sysadmin,general_practitioner,0
rh5zw2,1,1,9.0,9.0,9.0,sysadmin,general_practitioner,0
rhb99n,1,3,1.3333333333333333,1.0,4.0,sysadmin,general_practitioner,0
rhnroj,1,2,3.0,3.0,6.0,sysadmin,general_practitioner,0
rhrguw,1,3,1.6666666666666667,1.0,5.0,sysadmin,general_practitioner,0
rhydod,2,3,1.3333333333333333,1.0,4.0,sysadmin,general_practitioner,0
rhzuou,2,10,5.5,3.0,55.0,sysadmin,general_practitioner,0
ri087o,1,17,9.470588235294118,3.0,161.0,sysadmin,general_practitioner,0
ri0xf4,1,13,3.5384615384615383,1.0,46.0,sysadmin,general_practitioner,0
ridmbh,1,6,2.1666666666666665,2.5,13.0,sysadmin,general_practitioner,0
rii4s0,3,21,4.523809523809524,2.0,95.0,sysadmin,general_practitioner,0
rim5d3,2,1,2.0,2.0,2.0,sysadmin,general_practitioner,0
riy8ga,1,5,3.0,3.0,15.0,sysadmin,general_practitioner,0
rjwspv,1,99,16.91919191919192,3.0,1675.0,sysadmin,general_practitioner,0
rkouio,3,172,9.895348837209305,2.0,1702.0,sysadmin,general_practitioner,0
rkpkkl,1,75,6.8,1.0,510.0,sysadmin,general_practitioner,0
rl32vz,1,1,2.0,2.0,2.0,sysadmin,general_practitioner,0
rl5e8l,1,24,12.666666666666666,2.0,304.0,sysadmin,general_practitioner,0
rlh0dg,1,5,5.2,5.0,26.0,sysadmin,general_practitioner,0
rlm9kb,1,2,1.5,1.5,3.0,sysadmin,general_practitioner,0
rm11q0,1,6,-9.666666666666666,2.0,-58.0,sysadmin,general_practitioner,0
rm4f8r,1,3,1.6666666666666667,1.0,5.0,sysadmin,general_practitioner,0
rm9elm,1,9,3.888888888888889,1.0,35.0,sysadmin,general_practitioner,0
rm95fa,1,1,1.0,1.0,1.0,sysadmin,general_practitioner,0
rmr153,1,54,14.055555555555555,3.0,759.0,sysadmin,general_practitioner,0
rmxuuk,1,78,5.423076923076923,1.0,423.0,sysadmin,general_practitioner,0
rmy3yn,1,7,6.0,4.0,42.0,sysadmin,general_practitioner,0
rndo77,2,41,7.365853658536586,1.0,302.0,sysadmin,general_practitioner,0
rnryur,1,33,5.03030303030303,1.0,166.0,sysadmin,general_practitioner,0
rolkcv,1,24,8.708333333333334,2.5,209.0,sysadmin,general_practitioner,0
rpp7lp,1,85,13.75294117647059,1.0,1169.0,sysadmin,general_practitioner,0
rq0jtj,1,70,4.614285714285714,2.0,323.0,sysadmin,general_practitioner,0
rq9d6t,1,5,8.4,3.0,42.0,sysadmin,general_practitioner,0
rqd1n0,1,30,8.066666666666666,3.0,242.0,sysadmin,general_practitioner,0
rqrw4j,3,27,9.962962962962964,3.0,269.0,sysadmin,general_practitioner,0
rrb67l,1,58,5.448275862068965,1.0,316.0,sysadmin,general_practitioner,0
rrfug9,3,27,7.222222222222222,2.0,195.0,sysadmin,general_practitioner,0
rsiq8u,1,221,17.32126696832579,1.0,3828.0,sysadmin,general_practitioner,0
rsl218,1,17,6.176470588235294,2.0,105.0,sysadmin,general_practitioner,0
rssci1,1,15,5.066666666666666,2.0,76.0,sysadmin,general_practitioner,0
rsu7zn,1,5,3.6,2.0,18.0,sysadmin,general_practitioner,0
rtn6yz,1,45,14.688888888888888,2.0,661.0,sysadmin,general_practitioner,0
rtyp4u,1,63,8.126984126984127,2.0,512.0,sysadmin,general_practitioner,0
rubl9y,1,112,13.732142857142858,1.0,1538.0,sysadmin,general_practitioner,0
ru5um2,1,21,8.238095238095237,3.0,173.0,sysadmin,general_practitioner,0
ruik39,1,10,6.6,5.0,66.0,sysadmin,general_practitioner,0
ruhn1v,3,29,5.241379310344827,2.0,152.0,sysadmin,general_practitioner,0
rut2wy,1,53,20.0,3.0,1060.0,sysadmin,general_practitioner,0
rulpof,3,2,5.0,5.0,10.0,sysadmin,general_practitioner,0
rv67j4,2,14,3.2142857142857144,2.0,45.0,sysadmin,general_practitioner,0
rv6jxq,1,6,1.3333333333333333,1.0,8.0,sysadmin,general_practitioner,0
rvji5j,1,3,1.3333333333333333,1.0,4.0,sysadmin,general_practitioner,0
rvgy85,2,63,38.523809523809526,2.0,2427.0,sysadmin,general_practitioner,0
rw04mg,1,13,7.538461538461538,3.0,98.0,sysadmin,general_practitioner,0
rwrlhy,3,48,59.020833333333336,2.0,2833.0,sysadmin,general_practitioner,0
rx1mio,1,3,1.0,1.0,3.0,sysadmin,general_practitioner,0
rx0twg,3,7,3.7142857142857135,3.0,26.0,sysadmin,general_practitioner,0
rx96e6,1,163,12.355828220858896,2.0,2014.0,sysadmin,general_practitioner,0
rxfk5y,2,18,7.611111111111111,2.0,137.0,sysadmin,general_practitioner,0
rxg34z,1,102,14.392156862745098,1.0,1468.0,sysadmin,general_practitioner,0
rxhd71,2,4,1.0,1.0,4.0,sysadmin,general_practitioner,0
rxi9sv,1,2,1.0,1.0,2.0,sysadmin,general_practitioner,0
rxnn24,1,5,1.2,1.0,6.0,sysadmin,general_practitioner,0
rxrk60,2,21,4.619047619047619,2.0,97.0,sysadmin,general_practitioner,0
rxpgy2,2,4,1.75,1.5,7.0,sysadmin,general_practitioner,0
rxxj1x,1,2,1.5,1.5,3.0,sysadmin,general_practitioner,0
rxuzcn,1,25,15.92,3.0,398.0,sysadmin,general_practitioner,0
ry6ag4,1,91,10.637362637362637,1.0,968.0,sysadmin,general_practitioner,0
rxyuu1,1,84,13.142857142857142,1.0,1104.0,sysadmin,general_practitioner,0
ryekh2,1,10,5.2,4.0,52.0,sysadmin,general_practitioner,0
ryf1op,1,5,5.4,4.0,27.0,sysadmin,general_practitioner,0
ryhefn,1,16,1.75,1.0,28.0,sysadmin,general_practitioner,0
ryjucg,1,4,2.75,2.5,11.0,sysadmin,general_practitioner,0
rzhygn,2,13,2.923076923076923,1.0,38.0,sysadmin,general_practitioner,0
rzvmkm,1,37,8.405405405405405,2.0,311.0,sysadmin,general_practitioner,0
rzwjt7,2,22,2.136363636363636,1.0,47.0,sysadmin,general_practitioner,0
s0a3a6,1,106,16.433962264150942,2.0,1742.0,sysadmin,general_practitioner,0
s0e4rh,1,4,1.5,1.0,6.0,sysadmin,general_practitioner,0
s0ch29,1,7,6.142857142857143,3.0,43.0,sysadmin,general_practitioner,0
s0os6g,1,1,1.0,1.0,1.0,sysadmin,general_practitioner,0
s0pz7z,1,43,17.3953488372093,2.0,748.0,sysadmin,general_practitioner,0
s0r6fi,3,1,4.0,4.0,4.0,sysadmin,general_practitioner,0
s0urr5,2,13,8.692307692307692,5.0,113.0,sysadmin,general_practitioner,0
s1e0mr,1,13,1.4615384615384617,1.0,19.0,sysadmin,general_practitioner,0
s1h8hh,1,7,1.8571428571428568,1.0,13.0,sysadmin,general_practitioner,0
s1jnst,1,10,2.8,2.0,28.0,sysadmin,general_practitioner,0
s1lbnw,1,2,4.0,4.0,8.0,sysadmin,general_practitioner,0
s1nk8j,1,61,5.967213114754099,2.0,364.0,sysadmin,general_practitioner,0
s1oi76,1,4,1.5,1.0,6.0,sysadmin,general_practitioner,0
s1o3no,3,39,5.948717948717949,1.0,232.0,sysadmin,general_practitioner,0
s21xfz,2,8,6.25,3.0,50.0,sysadmin,general_practitioner,0
s2g3ow,1,4,2.0,2.0,8.0,sysadmin,general_practitioner,0
s2i2n0,1,7,4.285714285714286,4.0,30.0,sysadmin,general_practitioner,0
s348gs,1,5,2.4,1.0,12.0,sysadmin,general_practitioner,0
s38can,2,8,2.5,2.0,20.0,sysadmin,general_practitioner,0
s3a1qk,1,11,6.909090909090909,2.0,76.0,sysadmin,general_practitioner,0
s3lhrb,1,19,3.947368421052632,1.0,75.0,sysadmin,general_practitioner,0
s3i9nl,1,295,14.779661016949152,2.0,4360.0,sysadmin,general_practitioner,0
s3nyfx,4,13,3.615384615384616,2.0,47.0,sysadmin,general_practitioner,0
s3s10e,1,1,2.0,2.0,2.0,sysadmin,general_practitioner,0
s3st6c,3,74,6.918918918918919,2.0,512.0,sysadmin,general_practitioner,0
s3xafv,4,3,1.3333333333333333,1.0,4.0,sysadmin,general_practitioner,0
s44p6w,4,17,5.352941176470588,2.0,91.0,sysadmin,general_practitioner,0
s492gr,1,2,1.0,1.0,2.0,sysadmin,general_practitioner,0
s4vv8h,1,41,36.65853658536585,2.0,1503.0,sysadmin,general_practitioner,0
s4z87k,1,39,11.846153846153848,3.0,462.0,sysadmin,general_practitioner,0
s5fc0k,1,51,13.098039215686274,2.0,668.0,sysadmin,general_practitioner,0
s5oglj,1,10,3.0,2.0,30.0,sysadmin,general_practitioner,0
s5omea,3,16,5.25,2.0,84.0,sysadmin,general_practitioner,0
s5wzk1,3,7,4.714285714285714,3.0,33.0,sysadmin,general_practitioner,0
s6331f,1,29,8.137931034482758,3.0,236.0,sysadmin,general_practitioner,0
s674oq,3,59,3.288135593220339,1.0,194.0,sysadmin,general_practitioner,0
s69xmi,1,3,1.3333333333333333,1.0,4.0,sysadmin,general_practitioner,0
s76moe,2,52,19.53846153846154,2.0,1016.0,sysadmin,general_practitioner,0
s7swc5,2,36,9.416666666666666,2.0,339.0,sysadmin,general_practitioner,0
s7u1gy,1,6,3.0,2.0,18.0,sysadmin,general_practitioner,0
s7yqk8,1,72,13.319444444444445,1.0,959.0,sysadmin,general_practitioner,0
s82jn0,3,12,1.6666666666666667,1.0,20.0,sysadmin,general_practitioner,0
s84jqj,1,8,2.125,1.5,17.0,sysadmin,general_practitioner,0
s8gw5q,3,27,11.814814814814817,2.0,319.0,sysadmin,general_practitioner,0
s8kqbw,1,7,2.4285714285714284,2.0,17.0,sysadmin,general_practitioner,0
s8rk38,3,17,2.411764705882353,1.0,41.0,sysadmin,general_practitioner,0
s8v9lv,1,13,3.230769230769231,2.0,42.0,sysadmin,general_practitioner,0
s90zr1,1,54,29.814814814814813,5.0,1610.0,sysadmin,general_practitioner,0
s98ab7,1,6,1.8333333333333333,3.0,11.0,sysadmin,general_practitioner,0
s9e5yf,1,23,18.30434782608696,5.0,421.0,sysadmin,general_practitioner,0
s9gzzw,1,48,8.333333333333334,1.0,400.0,sysadmin,general_practitioner,0
s9mzna,4,20,5.05,2.5,101.0,sysadmin,general_practitioner,0
saae1s,2,4,4.0,1.0,16.0,sysadmin,general_practitioner,0
sb0ih8,1,8,17.75,3.5,142.0,sysadmin,general_practitioner,0
sb3l6m,3,7,3.142857142857143,2.0,22.0,sysadmin,general_practitioner,0
sbo3r4,1,3,3.6666666666666665,4.0,11.0,sysadmin,general_practitioner,0
scb93h,3,3,2.0,1.0,6.0,sysadmin,general_practitioner,0
scd29d,2,8,1.625,1.0,13.0,sysadmin,general_practitioner,0
scd91l,1,4,2.0,2.0,8.0,sysadmin,general_practitioner,0
scqj3b,2,6,4.0,3.0,24.0,sysadmin,general_practitioner,0
scslad,1,38,5.2105263157894735,1.0,198.0,sysadmin,general_practitioner,0
sd2xau,1,4,1.75,1.0,7.0,sysadmin,general_practitioner,0
sd52se,1,6,8.333333333333334,2.5,50.0,sysadmin,general_practitioner,0
sdgmxr,2,4,2.25,2.5,9.0,sysadmin,general_practitioner,0
sdiboj,1,5,4.4,3.0,22.0,sysadmin,general_practitioner,0
sdl802,2,37,12.45945945945946,4.0,461.0,sysadmin,general_practitioner,0
sdo0j4,2,5,2.4,1.0,12.0,sysadmin,general_practitioner,0
sdmivh,1,6,2.1666666666666665,1.5,13.0,sysadmin,general_practitioner,0
sdp652,3,41,4.7073170731707314,1.0,193.0,sysadmin,general_practitioner,0
sdup5l,1,8,2.875,2.0,23.0,sysadmin,general_practitioner,0
sdyhka,1,10,3.2,1.0,32.0,sysadmin,general_practitioner,0
se1hm7,2,10,13.4,3.5,134.0,sysadmin,general_practitioner,0
sedth9,1,19,6.2105263157894735,4.0,118.0,sysadmin,general_practitioner,0
sehp60,3,168,12.779761904761903,1.0,2147.0,sysadmin,general_practitioner,0
sejsjk,3,10,2.3,1.0,23.0,sysadmin,general_practitioner,0
sewx2i,1,6,4.166666666666667,2.5,25.0,sysadmin,general_practitioner,0
sezwlk,3,18,17.833333333333332,3.0,321.0,sysadmin,general_practitioner,0
sf2c2j,2,10,2.2,1.5,22.0,sysadmin,general_practitioner,0
sf52c9,1,38,4.2368421052631575,1.0,161.0,sysadmin,general_practitioner,0
sflp5s,1,7,2.4285714285714284,2.0,17.0,sysadmin,general_practitioner,0
sgjaj8,1,8,2.125,2.0,17.0,sysadmin,general_practitioner,0
sgoq2c,1,7,2.142857142857143,1.0,15.0,sysadmin,general_practitioner,0
shiqoa,1,5,3.0,2.0,15.0,sysadmin,general_practitioner,0
shkbm8,1,1,2.0,2.0,2.0,sysadmin,general_practitioner,0
shsrs1,4,171,20.35672514619883,1.0,3481.0,sysadmin,general_practitioner,0
sht55m,1,15,3.0,2.0,45.0,sysadmin,general_practitioner,0
shxw9w,1,5,1.0,1.0,5.0,sysadmin,general_practitioner,0
si2yd1,1,5,22.0,9.0,110.0,sysadmin,general_practitioner,0
si2fuq,1,5,2.8,2.0,14.0,sysadmin,general_practitioner,0
sijaqq,1,4,2.0,1.0,8.0,sysadmin,general_practitioner,0
silw4l,3,170,7.705882352941177,1.0,1310.0,sysadmin,general_practitioner,0
sjjf41,3,8,2.375,1.0,19.0,sysadmin,general_practitioner,0
sjm2ut,2,10,3.0,2.0,30.0,sysadmin,general_practitioner,0
sjombq,1,0,,,,sysadmin,general_practitioner,1
sjpzcz,2,76,12.578947368421051,2.0,956.0,sysadmin,general_practitioner,0
sjtmnp,1,16,11.125,2.0,178.0,sysadmin,general_practitioner,0
sjvtpl,1,6,5.333333333333333,4.0,32.0,sysadmin,general_practitioner,0
sjx96b,1,4,1.5,1.0,6.0,sysadmin,general_practitioner,0
sjxde2,2,5,1.2,1.0,6.0,sysadmin,general_practitioner,0
sk0wn3,3,2,1.5,1.5,3.0,sysadmin,general_practitioner,0
skmce4,4,10,4.9,3.0,49.0,sysadmin,general_practitioner,0
sljgbq,1,11,2.5454545454545454,1.0,28.0,sysadmin,general_practitioner,0
slzeyv,1,95,23.45263157894737,2.0,2228.0,sysadmin,general_practitioner,0
smhjyr,1,22,11.545454545454543,2.0,254.0,sysadmin,general_practitioner,0
smo9j9,1,5,4.2,3.0,21.0,sysadmin,general_practitioner,0
smotmm,2,8,3.25,2.0,26.0,sysadmin,general_practitioner,0
smq2nv,2,367,9.381471389645776,1.0,3443.0,sysadmin,general_practitioner,0
smrfzk,3,2,1.5,1.5,3.0,sysadmin,general_practitioner,0
smvgpb,2,2,3.5,3.5,7.0,sysadmin,general_practitioner,0
sn8x5u,1,36,5.027777777777778,1.0,181.0,sysadmin,general_practitioner,0
snatt1,1,4,2.5,2.0,10.0,sysadmin,general_practitioner,0
snpufn,1,9,2.7777777777777777,2.0,25.0,sysadmin,general_practitioner,0
snrht6,2,9,3.6666666666666665,1.0,33.0,sysadmin,general_practitioner,0
so1k4e,1,0,,,,sysadmin,general_practitioner,1
sobnyy,1,1,4.0,4.0,4.0,sysadmin,general_practitioner,0
sog2mj,1,53,9.264150943396226,2.0,491.0,sysadmin,general_practitioner,0
sokb1p,1,5,9.0,7.0,45.0,sysadmin,general_practitioner,0
solskm,2,7,1.7142857142857142,2.0,12.0,sysadmin,general_practitioner,0
sor0cm,3,14,8.642857142857142,3.5,121.0,sysadmin,general_practitioner,0
soscrt,1,13,2.4615384615384617,2.0,32.0,sysadmin,general_practitioner,0
soue3g,1,1,1.0,1.0,1.0,sysadmin,general_practitioner,0
sp7h1x,1,7,2.2857142857142856,1.0,16.0,sysadmin,general_practitioner,0
sp9p7l,1,13,6.615384615384615,5.0,86.0,sysadmin,general_practitioner,0
spcgy3,1,1,2.0,2.0,2.0,sysadmin,general_practitioner,0
spcb49,1,32,11.21875,2.0,359.0,sysadmin,general_practitioner,0
sppfuo,1,3,1.3333333333333333,1.0,4.0,sysadmin,general_practitioner,0
spqdzf,3,66,10.181818181818182,1.0,672.0,sysadmin,general_practitioner,0
spy8es,2,36,11.75,1.0,423.0,sysadmin,general_practitioner,0
sq0za4,2,17,4.176470588235294,1.0,71.0,sysadmin,general_practitioner,0
sq3x94,1,9,1.5555555555555556,1.0,14.0,sysadmin,general_practitioner,0
sq6ej1,1,54,9.148148148148149,1.0,494.0,sysadmin,general_practitioner,0
sq90p2,1,4,2.25,2.5,9.0,sysadmin,general_practitioner,0
sqd1bq,1,17,7.117647058823529,3.0,121.0,sysadmin,general_practitioner,0
sqctxq,1,1,6.0,6.0,6.0,sysadmin,general_practitioner,0
sqio94,2,4,5.0,2.0,20.0,sysadmin,general_practitioner,0
sr32jl,3,50,14.34,1.0,717.0,sysadmin,general_practitioner,0
srooh5,2,9,8.666666666666666,4.0,78.0,sysadmin,general_practitioner,0
ssftp1,3,58,19.103448275862068,2.0,1108.0,sysadmin,general_practitioner,0
sskaht,1,1,3.0,3.0,3.0,sysadmin,general_practitioner,0
ssqsza,3,29,5.931034482758621,2.0,172.0,sysadmin,general_practitioner,0
ssswu7,1,7,2.0,1.0,14.0,sysadmin,general_practitioner,0
sstqru,3,4,6.25,7.0,25.0,sysadmin,general_practitioner,0
st4xhd,1,6,4.833333333333333,4.5,29.0,sysadmin,general_practitioner,0
st8hdd,1,155,4.548387096774194,2.0,705.0,sysadmin,general_practitioner,0
sth0k9,1,7,3.857142857142857,3.0,27.0,sysadmin,general_practitioner,0
stooc2,1,2,2.0,2.0,4.0,sysadmin,general_practitioner,0
su2cnu,1,12,10.916666666666666,4.5,131.0,sysadmin,general_practitioner,0
su2u4q,1,61,18.770491803278688,2.0,1145.0,sysadmin,general_practitioner,0
su4fx1,1,3,2.6666666666666665,1.0,8.0,sysadmin,general_practitioner,0
su505q,1,82,13.817073170731708,2.0,1133.0,sysadmin,general_practitioner,0
sudu2n,1,4,2.0,2.0,8.0,sysadmin,general_practitioner,0
suepec,1,10,1.9,2.0,19.0,sysadmin,general_practitioner,0
sul4y2,1,7,1.2857142857142858,1.0,9.0,sysadmin,general_practitioner,0
sukn99,1,5,5.2,3.0,26.0,sysadmin,general_practitioner,0
surtci,3,32,17.0625,2.0,546.0,sysadmin,general_practitioner,0
sutrw2,1,2,1.5,1.5,3.0,sysadmin,general_practitioner,0
susutj,1,50,10.38,1.0,519.0,sysadmin,general_practitioner,0
sutwcw,3,2,1.5,1.5,3.0,sysadmin,general_practitioner,0
suu0ay,2,2,1.0,1.0,2.0,sysadmin,general_practitioner,0
suy930,1,30,9.166666666666666,2.0,275.0,sysadmin,general_practitioner,0
sv06gr,1,4,8.0,7.5,32.0,sysadmin,general_practitioner,0
sv6ews,1,4,2.25,2.0,9.0,sysadmin,general_practitioner,0
sv5v91,2,3,4.0,3.0,12.0,sysadmin,general_practitioner,0
sv3v5v,3,25,16.68,5.0,417.0,sysadmin,general_practitioner,0
sv7g7f,3,4,2.75,2.5,11.0,sysadmin,general_practitioner,0
svjzut,1,135,22.866666666666667,2.0,3087.0,sysadmin,general_practitioner,0
svpg9m,1,5,2.0,1.0,10.0,sysadmin,general_practitioner,0
swboce,3,16,4.0,2.0,64.0,sysadmin,general_practitioner,0
swd2jw,2,2,3.0,3.0,6.0,sysadmin,general_practitioner,0
swmf95,3,10,5.0,2.0,50.0,sysadmin,general_practitioner,0
sx2tii,1,16,18.6875,6.5,299.0,sysadmin,general_practitioner,0
sx7rpk,1,21,4.761904761904762,2.0,100.0,sysadmin,general_practitioner,0
sxvnaq,1,8,4.75,4.0,38.0,sysadmin,general_practitioner,0
syasjb,2,62,5.741935483870968,1.0,356.0,sysadmin,general_practitioner,0
syc2sa,3,117,12.05982905982906,2.0,1411.0,sysadmin,general_practitioner,0
sypool,1,33,24.696969696969692,4.0,815.0,sysadmin,general_practitioner,0
syqnou,1,5,2.6,3.0,13.0,sysadmin,general_practitioner,0
sytk6o,1,0,,,,sysadmin,general_practitioner,1
syw3rf,1,4,1.5,1.0,6.0,sysadmin,general_practitioner,0
sz0772,1,80,5.5,1.0,440.0,sysadmin,general_practitioner,0
szdc11,1,5,2.2,2.0,11.0,sysadmin,general_practitioner,0
szllr4,1,4,1.25,1.0,5.0,sysadmin,general_practitioner,0
sztbac,1,6,4.333333333333333,1.5,26.0,sysadmin,general_practitioner,0
t0o5kx,1,12,2.9166666666666665,2.0,35.0,sysadmin,general_practitioner,0
t0n575,2,5,1.6,2.0,8.0,sysadmin,general_practitioner,0
t0umel,2,16,3.9375,1.0,63.0,sysadmin,general_practitioner,0
t14owd,1,17,12.117647058823527,2.0,206.0,sysadmin,general_practitioner,0
t1c7dp,1,13,2.6923076923076925,2.0,35.0,sysadmin,general_practitioner,0
t1wp2m,2,78,8.897435897435898,2.0,694.0,sysadmin,general_practitioner,0
t3ma3f,1,4,1.0,1.5,4.0,sysadmin,general_practitioner,0
t3sjij,1,16,7.9375,6.0,127.0,sysadmin,general_practitioner,0
t3y2kg,2,26,6.0,1.0,156.0,sysadmin,general_practitioner,0
t4b3ml,1,13,9.384615384615383,1.0,122.0,sysadmin,general_practitioner,0
t4btu9,1,218,15.027522935779816,1.0,3276.0,sysadmin,general_practitioner,0
t4evac,3,6,6.666666666666667,2.0,40.0,sysadmin,general_practitioner,0
t4iqih,2,5,2.4,3.0,12.0,sysadmin,general_practitioner,0
t4rako,3,2,1.5,1.5,3.0,sysadmin,general_practitioner,0
t4tf7d,1,2,1.0,1.0,2.0,sysadmin,general_practitioner,0
t51v5a,2,2,1.0,1.0,2.0,sysadmin,general_practitioner,0
t5442s,3,9,4.888888888888889,7.0,44.0,sysadmin,general_practitioner,0
t57i2u,1,0,,,,sysadmin,general_practitioner,1
t58jw5,1,13,7.461538461538462,2.0,97.0,sysadmin,general_practitioner,0
t5boq2,1,2,2.5,2.5,5.0,sysadmin,general_practitioner,0
t5qbop,1,1,1.0,1.0,1.0,sysadmin,general_practitioner,0
t5uao7,1,6,1.8333333333333333,2.0,11.0,sysadmin,general_practitioner,0
t5tk7e,2,209,7.966507177033493,1.0,1665.0,sysadmin,general_practitioner,0
t60r60,1,7,1.8571428571428568,1.0,13.0,sysadmin,general_practitioner,0
t66yef,1,7,1.1428571428571428,2.0,8.0,sysadmin,general_practitioner,0
t6l3ll,1,7,2.0,2.0,14.0,sysadmin,general_practitioner,0
t6l6zp,3,4,1.75,2.0,7.0,sysadmin,general_practitioner,0
t6vs2q,2,4,2.25,2.0,9.0,sysadmin,general_practitioner,0
t7vzlt,3,56,5.875,3.0,329.0,sysadmin,general_practitioner,0
t84oj4,3,23,2.4347826086956523,1.0,56.0,sysadmin,general_practitioner,0
t85wdb,1,4,1.0,1.0,4.0,sysadmin,general_practitioner,0
t85ht2,1,14,6.785714285714286,3.0,95.0,sysadmin,general_practitioner,0
t8n9y4,1,23,7.521739130434782,3.0,173.0,sysadmin,general_practitioner,0
t8rys0,1,57,7.736842105263157,1.0,441.0,sysadmin,general_practitioner,0
t8temx,2,6,4.166666666666667,3.0,25.0,sysadmin,general_practitioner,0
t8vz49,4,36,7.027777777777778,1.0,253.0,sysadmin,general_practitioner,0
t8vvem,1,182,28.98901098901099,2.0,5276.0,sysadmin,general_practitioner,0
t929ir,2,11,2.090909090909091,1.0,23.0,sysadmin,general_practitioner,0
t92m99,3,8,8.5,5.0,68.0,sysadmin,general_practitioner,0
t9fltk,1,56,27.428571428571427,1.5,1536.0,sysadmin,general_practitioner,0
t9ikfy,2,0,,,,sysadmin,general_practitioner,1
t9imdo,1,1,5.0,5.0,5.0,sysadmin,general_practitioner,0
t9q4nt,1,4,4.75,3.5,19.0,sysadmin,general_practitioner,0
t9pbkc,2,14,2.571428571428572,2.0,36.0,sysadmin,general_practitioner,0
ta7fod,2,12,1.5,1.5,18.0,sysadmin,general_practitioner,0
tacig4,1,11,2.5454545454545454,2.0,28.0,sysadmin,general_practitioner,0
tacsr0,1,6,2.333333333333333,2.0,14.0,sysadmin,general_practitioner,0
tay9bg,1,524,8.366412213740459,1.0,4384.0,sysadmin,general_practitioner,0
tb94nz,3,9,3.888888888888889,3.0,35.0,sysadmin,general_practitioner,0
tbgyp2,2,56,8.839285714285714,2.0,495.0,sysadmin,general_practitioner,0
tbrjvf,1,8,3.375,3.0,27.0,sysadmin,general_practitioner,0
tbslh2,1,9,3.333333333333333,2.0,30.0,sysadmin,general_practitioner,0
tbupbw,1,3,1.0,1.0,3.0,sysadmin,general_practitioner,0
tbuopy,2,26,4.1923076923076925,1.0,109.0,sysadmin,general_practitioner,0
tbywez,1,1,1.0,1.0,1.0,sysadmin,general_practitioner,0
tc0tfz,1,13,8.76923076923077,2.0,114.0,sysadmin,general_practitioner,0
tc1tyq,1,2,3.0,3.0,6.0,sysadmin,general_practitioner,0
te6s2a,3,2,1.5,1.5,3.0,sysadmin,general_practitioner,0
teac7l,3,5,1.8,1.0,9.0,sysadmin,general_practitioner,0
tef9no,4,7,3.857142857142857,2.0,27.0,sysadmin,general_practitioner,0
tej5a0,1,10,1.1,1.0,11.0,sysadmin,general_practitioner,0
tem1ol,3,5,3.2,2.0,16.0,sysadmin,general_practitioner,0
teock2,2,93,7.591397849462366,1.0,706.0,sysadmin,general_practitioner,0
teqsw7,1,24,10.458333333333334,2.0,251.0,sysadmin,general_practitioner,0
tes7oz,2,50,17.48,1.0,874.0,sysadmin,general_practitioner,0
teredt,1,8,2.25,2.0,18.0,sysadmin,general_practitioner,0
tf1jt5,3,2,1.0,1.0,2.0,sysadmin,general_practitioner,0
tfbzl6,1,79,20.21518987341772,3.0,1597.0,sysadmin,general_practitioner,0
tfczbj,1,5,3.4,3.0,17.0,sysadmin,general_practitioner,0
tffolf,3,12,1.8333333333333333,1.0,22.0,sysadmin,general_practitioner,0
tfgegq,1,59,13.389830508474576,3.0,790.0,sysadmin,general_practitioner,0
tfkzh3,1,56,26.517857142857142,10.5,1485.0,sysadmin,general_practitioner,0
tfj3si,1,140,13.9,1.5,1946.0,sysadmin,general_practitioner,0
tfo88p,1,21,4.857142857142857,2.0,102.0,sysadmin,general_practitioner,0
tfqdj5,1,1,1.0,1.0,1.0,sysadmin,general_practitioner,0
tft6e8,1,4,3.25,3.0,13.0,sysadmin,general_practitioner,0
tfvunb,1,6,4.833333333333333,4.0,29.0,sysadmin,general_practitioner,0
tfw96y,3,7,5.285714285714286,3.0,37.0,sysadmin,general_practitioner,0
tg1cp7,1,26,10.384615384615383,2.0,270.0,sysadmin,general_practitioner,0
tg91gc,2,40,8.2,2.0,328.0,sysadmin,general_practitioner,0
tglj6h,2,4,4.25,2.5,17.0,sysadmin,general_practitioner,0
tgrbdn,1,17,3.647058823529412,2.0,62.0,sysadmin,general_practitioner,0
th1js9,3,13,5.615384615384615,3.0,73.0,sysadmin,general_practitioner,0
th27h3,2,10,5.1,3.5,51.0,sysadmin,general_practitioner,0
th3z1c,1,6,4.5,2.0,27.0,sysadmin,general_practitioner,0
th4he7,1,10,6.4,4.0,64.0,sysadmin,general_practitioner,0
thb50z,3,18,4.277777777777778,3.0,77.0,sysadmin,general_practitioner,0
ti432n,2,27,9.592592592592592,3.0,259.0,sysadmin,general_practitioner,0
ti4i2s,3,8,4.75,3.0,38.0,sysadmin,general_practitioner,0
tjha40,1,48,6.791666666666667,1.0,326.0,sysadmin,general_practitioner,0
tjj7kp,3,38,7.078947368421052,1.0,269.0,sysadmin,general_practitioner,0
tjn2y4,2,146,7.321917808219178,1.0,1069.0,sysadmin,general_practitioner,0
tjnv1c,1,50,7.66,1.0,383.0,sysadmin,general_practitioner,0
tjo86j,3,17,4.117647058823529,3.0,70.0,sysadmin,general_practitioner,0
tk5v70,1,18,3.333333333333333,2.5,60.0,sysadmin,general_practitioner,0
tk6gd3,1,4,1.25,1.0,5.0,sysadmin,general_practitioner,0
tkai7a,1,31,6.258064516129032,2.0,194.0,sysadmin,general_practitioner,0
tkfhv5,1,3,1.0,1.0,3.0,sysadmin,general_practitioner,0
tlcnyg,1,69,2.971014492753623,1.0,205.0,sysadmin,general_practitioner,0
tm1f2j,2,2,5.0,5.0,10.0,sysadmin,general_practitioner,0
tmgq33,1,44,10.159090909090908,1.0,447.0,sysadmin,general_practitioner,0
tmiqf7,1,20,8.8,3.5,176.0,sysadmin,general_practitioner,0
tmh4kq,1,7,1.7142857142857142,1.0,12.0,sysadmin,general_practitioner,0
tmivuc,1,0,,,,sysadmin,general_practitioner,1
tmlopw,3,5,3.8,2.0,19.0,sysadmin,general_practitioner,0
tmr0hz,1,11,4.181818181818182,2.0,46.0,sysadmin,general_practitioner,0
tn3pua,1,2,2.5,2.5,5.0,sysadmin,general_practitioner,0
tn6msn,2,14,1.7142857142857142,1.0,24.0,sysadmin,general_practitioner,0
tnf0y9,3,19,4.473684210526316,2.0,85.0,sysadmin,general_practitioner,0
tnnmcp,1,27,6.37037037037037,3.0,172.0,sysadmin,general_practitioner,0
tnybuj,2,26,4.769230769230769,2.0,124.0,sysadmin,general_practitioner,0
todscc,1,6,7.333333333333333,3.5,44.0,sysadmin,general_practitioner,0
tog6a9,3,17,4.705882352941177,1.0,80.0,sysadmin,general_practitioner,0
tol4wm,2,2,4.5,4.5,9.0,sysadmin,general_practitioner,0
tp5zqh,3,12,6.166666666666667,2.5,74.0,sysadmin,general_practitioner,0
tpmmv6,1,4,2.5,2.0,10.0,sysadmin,general_practitioner,0
tqbjfy,2,17,9.941176470588236,9.0,169.0,sysadmin,general_practitioner,0
tqilti,1,62,10.564516129032258,1.0,655.0,sysadmin,general_practitioner,0
tqlbk9,1,13,1.9230769230769231,1.0,25.0,sysadmin,general_practitioner,0
tqkh0b,3,5,7.2,3.0,36.0,sysadmin,general_practitioner,0
tqv3m3,3,5,12.4,6.0,62.0,sysadmin,general_practitioner,0
tqxxvl,1,7,1.4285714285714286,1.0,10.0,sysadmin,general_practitioner,0
tr0qxq,2,4,2.25,2.0,9.0,sysadmin,general_practitioner,0
tr9z1t,1,45,7.266666666666667,2.0,327.0,sysadmin,general_practitioner,0
tr0zf2,1,66,7.348484848484849,1.0,485.0,sysadmin,general_practitioner,0
tre0hv,3,30,9.1,2.0,273.0,sysadmin,general_practitioner,0
ts1rfz,2,14,8.142857142857142,4.5,114.0,sysadmin,general_practitioner,0
tspi6n,1,8,3.375,2.5,27.0,sysadmin,general_practitioner,0
tssubp,2,5,2.4,2.0,12.0,sysadmin,general_practitioner,0
tt3zyz,1,11,14.181818181818182,3.0,156.0,sysadmin,general_practitioner,0
tt41pm,1,29,6.896551724137931,4.0,200.0,sysadmin,general_practitioner,0
tu6mdq,1,4,1.75,1.5,7.0,sysadmin,general_practitioner,0
tuqnfm,2,23,5.956521739130435,3.0,137.0,sysadmin,general_practitioner,0
tw7ujm,1,5,2.4,1.0,12.0,sysadmin,general_practitioner,0
twkich,1,6,2.1666666666666665,1.5,13.0,sysadmin,general_practitioner,0
twqa1c,1,8,3.25,2.5,26.0,sysadmin,general_practitioner,0
twt86n,2,6,2.1666666666666665,2.0,13.0,sysadmin,general_practitioner,0
twutup,3,2,1.5,1.5,3.0,sysadmin,general_practitioner,0
tww5fh,1,125,17.288,1.0,2161.0,sysadmin,general_practitioner,0
tx4iar,3,4,4.0,3.5,16.0,sysadmin,general_practitioner,0
txnbw8,2,4,5.25,4.5,21.0,sysadmin,general_practitioner,0
txs8p2,1,0,,,,sysadmin,general_practitioner,1
txrk5h,2,3,3.333333333333333,3.0,10.0,sysadmin,general_practitioner,0
txt7uy,1,7,2.4285714285714284,2.0,17.0,sysadmin,general_practitioner,0
ty7x6k,3,6,3.1666666666666665,2.5,19.0,sysadmin,general_practitioner,0
tyipvj,1,33,9.696969696969695,3.0,320.0,sysadmin,general_practitioner,0
tyjl9i,1,1,5.0,5.0,5.0,sysadmin,general_practitioner,0
tyj581,1,38,4.289473684210527,1.0,163.0,sysadmin,general_practitioner,0
tyl6zd,1,1,1.0,1.0,1.0,sysadmin,general_practitioner,0
tym2jf,1,42,4.380952380952381,1.0,184.0,sysadmin,general_practitioner,0
tyoyy1,1,2,1.5,1.5,3.0,sysadmin,general_practitioner,0
tytvpb,1,7,2.857142857142857,2.0,20.0,sysadmin,general_practitioner,0
tyxeoz,1,2,1.5,1.5,3.0,sysadmin,general_practitioner,0
tz31x8,1,53,8.20754716981132,2.0,435.0,sysadmin,general_practitioner,0
tz4sef,2,29,4.758620689655173,2.0,138.0,sysadmin,general_practitioner,0
tzjr04,2,60,18.25,1.0,1095.0,sysadmin,general_practitioner,0
tzoawq,3,8,7.625,4.0,61.0,sysadmin,general_practitioner,0
u0e9zq,2,23,3.869565217391304,2.0,89.0,sysadmin,general_practitioner,0
u0n7ct,1,27,17.444444444444443,6.0,471.0,sysadmin,general_practitioner,0
u0qfsd,2,141,4.170212765957447,1.0,588.0,sysadmin,general_practitioner,0
u0u4uk,2,34,6.441176470588236,1.0,219.0,sysadmin,general_practitioner,0
u0xdxw,1,81,22.97530864197531,2.0,1861.0,sysadmin,general_practitioner,0
u14qqq,1,74,33.527027027027025,2.0,2481.0,sysadmin,general_practitioner,0
u1aob6,1,1,6.0,6.0,6.0,sysadmin,general_practitioner,0
u1didc,3,6,9.5,5.5,57.0,sysadmin,general_practitioner,0
u1gfpe,1,5,3.0,3.0,15.0,sysadmin,general_practitioner,0
u1lnhb,1,7,1.7142857142857142,1.0,12.0,sysadmin,general_practitioner,0
u28prc,1,7,4.714285714285714,5.0,33.0,sysadmin,general_practitioner,0
u29kd5,1,8,4.375,2.5,35.0,sysadmin,general_practitioner,0
u2h5nv,1,29,6.068965517241379,2.0,176.0,sysadmin,general_practitioner,0
u2io20,1,2,3.0,3.0,6.0,sysadmin,general_practitioner,0
u2vxx1,1,3,6.333333333333333,6.0,19.0,sysadmin,general_practitioner,0
u2w6uj,2,4,3.0,3.0,12.0,sysadmin,general_practitioner,0
u33x1m,1,3,3.6666666666666665,3.0,11.0,sysadmin,general_practitioner,0
u3524r,2,28,18.714285714285715,2.0,524.0,sysadmin,general_practitioner,0
u3g7ib,3,10,4.1,3.5,41.0,sysadmin,general_practitioner,0
u37od5,1,14,2.357142857142857,1.5,33.0,sysadmin,general_practitioner,0
u3j410,1,6,2.0,1.5,12.0,sysadmin,general_practitioner,0
u3t4kk,1,10,1.9,2.5,19.0,sysadmin,general_practitioner,0
u478u8,1,31,9.225806451612904,2.0,286.0,sysadmin,general_practitioner,0
u4hfni,1,2,3.0,3.0,6.0,sysadmin,general_practitioner,0
u4r4mf,3,5,3.2,3.0,16.0,sysadmin,general_practitioner,0
u568qv,2,7,1.8571428571428568,1.0,13.0,sysadmin,general_practitioner,0
u5ift9,1,13,4.538461538461538,2.0,59.0,sysadmin,general_practitioner,0
u5pyil,1,20,3.45,2.0,69.0,sysadmin,general_practitioner,0
u60f2b,3,34,11.676470588235292,4.0,397.0,sysadmin,general_practitioner,0
u6grqv,2,7,5.857142857142857,3.0,41.0,sysadmin,general_practitioner,0
u6jou8,2,51,35.88235294117647,5.0,1830.0,sysadmin,general_practitioner,0
u6vkpe,4,44,12.409090909090908,2.0,546.0,sysadmin,general_practitioner,0
u725ps,3,21,10.761904761904765,2.0,226.0,sysadmin,general_practitioner,0
u6zkok,1,193,10.83419689119171,1.0,2091.0,sysadmin,general_practitioner,0
u763u6,2,309,5.307443365695793,2.0,1640.0,sysadmin,general_practitioner,0
u78poz,2,13,12.0,2.0,156.0,sysadmin,general_practitioner,0
u7bg95,1,7,3.571428571428572,3.0,25.0,sysadmin,general_practitioner,0
u7hmfi,1,12,3.5,2.0,42.0,sysadmin,general_practitioner,0
u7hunl,1,7,3.4285714285714284,2.0,24.0,sysadmin,general_practitioner,0
u7xjn4,2,27,4.037037037037037,1.0,109.0,sysadmin,general_practitioner,0
u8ouen,3,4,1.25,2.0,5.0,sysadmin,general_practitioner,0
u8rq8d,1,7,1.5714285714285714,1.0,11.0,sysadmin,general_practitioner,0
u8qx48,2,32,5.9375,2.0,190.0,sysadmin,general_practitioner,0
u8t3vw,1,2,1.5,1.5,3.0,sysadmin,general_practitioner,0
u8vb8d,1,4,2.25,2.5,9.0,sysadmin,general_practitioner,0
u9359h,1,10,3.6,2.5,36.0,sysadmin,general_practitioner,0
u93n37,1,13,5.153846153846154,4.0,67.0,sysadmin,general_practitioner,0
u93te7,1,27,4.814814814814815,3.0,130.0,sysadmin,general_practitioner,0
u96l92,1,2,3.0,3.0,6.0,sysadmin,general_practitioner,0
u9fbbo,3,15,2.6666666666666665,1.0,40.0,sysadmin,general_practitioner,0
u9hixx,2,41,4.951219512195122,1.0,203.0,sysadmin,general_practitioner,0
u9n8m2,1,4,1.75,2.0,7.0,sysadmin,general_practitioner,0
u9scor,2,16,8.4375,4.5,135.0,sysadmin,general_practitioner,0
u9wcd9,1,8,4.375,3.5,35.0,sysadmin,general_practitioner,0
uanldb,1,36,9.86111111111111,3.0,355.0,sysadmin,general_practitioner,0
ub1u0d,1,1,3.0,3.0,3.0,sysadmin,general_practitioner,0
ubmmud,3,4,6.75,5.5,27.0,sysadmin,general_practitioner,0
ubpa0s,1,1,2.0,2.0,2.0,sysadmin,general_practitioner,0
ubq5ng,1,4,1.75,2.0,7.0,sysadmin,general_practitioner,0
ubscen,1,6,5.5,6.0,33.0,sysadmin,general_practitioner,0
ubxgia,2,28,4.0,1.5,112.0,sysadmin,general_practitioner,0
uc17ks,1,4,2.75,2.0,11.0,sysadmin,general_practitioner,0
uccr4s,1,14,1.2142857142857142,1.0,17.0,sysadmin,general_practitioner,0
ucavu8,1,8,3.625,3.5,29.0,sysadmin,general_practitioner,0
uciwpt,1,4,1.75,2.0,7.0,sysadmin,general_practitioner,0
uczvs3,1,182,11.703296703296704,1.0,2130.0,sysadmin,general_practitioner,0
uczkyv,1,5,2.8,2.0,14.0,sysadmin,general_practitioner,0
ud6mlu,2,10,4.0,2.5,40.0,sysadmin,general_practitioner,0
ud7fk9,1,7,1.8571428571428568,1.0,13.0,sysadmin,general_practitioner,0
udgs8o,1,3,1.0,1.0,3.0,sysadmin,general_practitioner,0
udp01j,1,2,2.5,2.5,5.0,sysadmin,general_practitioner,0
udva34,1,75,8.106666666666667,1.0,608.0,sysadmin,general_practitioner,0
ue6kp4,1,9,4.111111111111111,3.0,37.0,sysadmin,general_practitioner,0
uea8gw,1,32,5.46875,2.0,175.0,sysadmin,general_practitioner,0
ueajvf,1,4,2.5,1.5,10.0,sysadmin,general_practitioner,0
uee63t,2,11,14.727272727272728,9.0,162.0,sysadmin,general_practitioner,0
ueonk3,2,4,1.25,1.0,5.0,sysadmin,general_practitioner,0
ueo4k8,1,6,1.6666666666666667,1.0,10.0,sysadmin,general_practitioner,0
uh0a5f,2,27,7.296296296296297,2.0,197.0,sysadmin,general_practitioner,0
uhfppa,2,35,18.857142857142858,2.0,660.0,sysadmin,general_practitioner,0
uhj3h4,1,10,1.2,1.0,12.0,sysadmin,general_practitioner,0
uhmw0u,1,7,1.5714285714285714,2.0,11.0,sysadmin,general_practitioner,0
uhpbpt,2,5,2.8,3.0,14.0,sysadmin,general_practitioner,0
uhp9i6,1,38,12.894736842105264,3.0,490.0,sysadmin,general_practitioner,0
ui788o,2,5,2.4,2.0,12.0,sysadmin,general_practitioner,0
uidihr,3,12,8.916666666666666,4.0,107.0,sysadmin,general_practitioner,0
uicz8p,1,31,6.580645161290323,2.0,204.0,sysadmin,general_practitioner,0
uihpvr,3,2,3.5,3.5,7.0,sysadmin,general_practitioner,0
uilej3,2,75,12.226666666666668,1.0,917.0,sysadmin,general_practitioner,0
uixcl2,1,8,5.75,3.0,46.0,sysadmin,general_practitioner,0
uixj4x,2,6,3.6666666666666665,3.0,22.0,sysadmin,general_practitioner,0
uizb3p,2,24,5.166666666666667,1.5,124.0,sysadmin,general_practitioner,0
ujbld4,1,5,2.6,2.0,13.0,sysadmin,general_practitioner,0
ujz9lh,2,7,6.714285714285714,3.0,47.0,sysadmin,general_practitioner,0
uk5h4r,2,3,4.333333333333333,1.0,13.0,sysadmin,general_practitioner,0
uk3ypj,2,15,7.866666666666666,4.0,118.0,sysadmin,general_practitioner,0
ul7nzr,1,19,14.0,8.0,266.0,sysadmin,general_practitioner,0
ulpbf4,1,3,1.6666666666666667,2.0,5.0,sysadmin,general_practitioner,0
ulvual,1,33,10.0,2.0,330.0,sysadmin,general_practitioner,0
um0p83,1,34,2.588235294117647,1.0,88.0,sysadmin,general_practitioner,0
um2bn1,2,17,5.823529411764706,3.0,99.0,sysadmin,general_practitioner,0
umckbo,1,65,8.892307692307693,1.0,578.0,sysadmin,general_practitioner,0
umlaob,1,10,5.0,2.0,50.0,sysadmin,general_practitioner,0
umrkfp,2,24,6.041666666666667,1.0,145.0,sysadmin,general_practitioner,0
umsbxx,3,143,15.104895104895103,1.0,2160.0,sysadmin,general_practitioner,0
unby86,3,158,12.525316455696204,1.0,1979.0,sysadmin,general_practitioner,0
ung0jg,3,1,9.0,9.0,9.0,sysadmin,general_practitioner,0
unkjjj,1,48,13.104166666666666,3.0,629.0,sysadmin,general_practitioner,0
uniyft,2,3,2.0,2.0,6.0,sysadmin,general_practitioner,0
untksu,2,45,9.88888888888889,2.0,445.0,sysadmin,general_practitioner,0
unz8gc,1,59,13.322033898305085,3.0,786.0,sysadmin,general_practitioner,0
uo347c,1,99,13.191919191919192,1.0,1306.0,sysadmin,general_practitioner,0
uo8eg7,1,9,6.777777777777778,5.0,61.0,sysadmin,general_practitioner,0
uo9g8m,2,7,3.2857142857142856,3.0,23.0,sysadmin,general_practitioner,0
uoa3qy,1,27,7.444444444444445,2.0,201.0,sysadmin,general_practitioner,0
uobw3g,1,8,13.5,6.0,108.0,sysadmin,general_practitioner,0
uopbp2,1,231,11.891774891774892,1.0,2747.0,sysadmin,general_practitioner,0
uor494,1,1,2.0,2.0,2.0,sysadmin,general_practitioner,0
uos7e7,1,140,4.757142857142857,1.0,666.0,sysadmin,general_practitioner,0
uoucwo,1,4,1.25,1.0,5.0,sysadmin,general_practitioner,0
up8pgb,3,27,13.62962962962963,3.0,368.0,sysadmin,general_practitioner,0
upffmu,1,2,1.5,1.5,3.0,sysadmin,general_practitioner,0
upvnix,1,7,5.0,1.0,35.0,sysadmin,general_practitioner,0
uq4svf,1,80,17.775,2.0,1422.0,sysadmin,general_practitioner,0
ur8pxx,1,3,3.6666666666666665,3.0,11.0,sysadmin,general_practitioner,0
urpo4e,1,13,3.3846153846153846,2.0,44.0,sysadmin,general_practitioner,0
urt249,1,1,5.0,5.0,5.0,sysadmin,general_practitioner,0
usd2hb,2,2,1.0,1.0,2.0,sysadmin,general_practitioner,0
usgice,3,28,11.535714285714286,3.5,323.0,sysadmin,general_practitioner,0
usjhye,1,66,14.242424242424242,2.0,940.0,sysadmin,general_practitioner,0
ut0o4u,1,2,1.5,1.5,3.0,sysadmin,general_practitioner,0
ut3y3g,4,181,23.78453038674033,1.0,4305.0,sysadmin,general_practitioner,0
ut8mpu,1,11,3.5454545454545454,2.0,39.0,sysadmin,general_practitioner,0
utbkrs,1,1,2.0,2.0,2.0,sysadmin,general_practitioner,0
utdar2,3,3,1.0,1.0,3.0,sysadmin,general_practitioner,0
utjy3e,1,10,4.5,3.5,45.0,sysadmin,general_practitioner,0
uu1q7x,3,11,1.6363636363636365,1.0,18.0,sysadmin,general_practitioner,0
uu5l1q,1,6,3.1666666666666665,2.0,19.0,sysadmin,general_practitioner,0
uuaz80,1,6,1.6666666666666667,1.5,10.0,sysadmin,general_practitioner,0
uuz7ak,2,27,5.777777777777778,1.0,156.0,sysadmin,general_practitioner,0
uv7fb9,1,3,2.6666666666666665,2.0,8.0,sysadmin,general_practitioner,0
uvenxi,1,19,6.105263157894737,2.0,116.0,sysadmin,general_practitioner,0
uvbvnu,3,32,6.8125,2.0,218.0,sysadmin,general_practitioner,0
uvdrli,3,27,4.7407407407407405,2.0,128.0,sysadmin,general_practitioner,0
uvehno,3,7,2.142857142857143,1.0,15.0,sysadmin,general_practitioner,0
uvl8mq,1,5,1.6,1.0,8.0,sysadmin,general_practitioner,0
uvxgti,2,7,2.571428571428572,2.0,18.0,sysadmin,general_practitioner,0
uvxqpz,1,31,8.96774193548387,2.0,278.0,sysadmin,general_practitioner,0
uwnd7r,1,111,5.135135135135135,1.0,570.0,sysadmin,general_practitioner,0
uwoi1i,2,2,1.5,1.5,3.0,sysadmin,general_practitioner,0
uwyxbk,1,2,2.0,2.0,4.0,sysadmin,general_practitioner,0
ux29b2,2,5,4.6,5.0,23.0,sysadmin,general_practitioner,0
ux3pqj,1,4,5.75,5.5,23.0,sysadmin,general_practitioner,0
ux28em,2,16,13.5625,4.0,217.0,sysadmin,general_practitioner,0
ux8d64,1,3,1.0,1.0,3.0,sysadmin,general_practitioner,0
uxe4ke,3,21,4.476190476190476,2.0,94.0,sysadmin,general_practitioner,0
uxhr34,1,33,9.181818181818182,3.0,303.0,sysadmin,general_practitioner,0
uxkmw1,2,9,2.7777777777777777,2.0,25.0,sysadmin,general_practitioner,0
uxoc69,3,14,3.7142857142857135,1.0,52.0,sysadmin,general_practitioner,0
uxoinx,1,28,5.928571428571429,2.0,166.0,sysadmin,general_practitioner,0
uxqbu2,1,3,1.6666666666666667,1.0,5.0,sysadmin,general_practitioner,0
uy7u5b,1,1,10.0,10.0,10.0,sysadmin,general_practitioner,0
uy7fju,1,1,3.0,3.0,3.0,sysadmin,general_practitioner,0
uybl5d,1,2,3.5,3.5,7.0,sysadmin,general_practitioner,0
uyh019,1,13,3.4615384615384617,2.0,45.0,sysadmin,general_practitioner,0
uz3gbq,1,1,7.0,7.0,7.0,sysadmin,general_practitioner,0
uz5f0a,1,2,1.5,1.5,3.0,sysadmin,general_practitioner,0
uzadt1,1,3,5.0,5.0,15.0,sysadmin,general_practitioner,0
uzd6qq,1,79,10.772151898734178,1.0,851.0,sysadmin,general_practitioner,0
uzje8f,4,123,8.21951219512195,1.0,1011.0,sysadmin,general_practitioner,0
v03tmd,1,3,2.0,2.0,6.0,sysadmin,general_practitioner,0
v0k06g,1,4,6.25,5.5,25.0,sysadmin,general_practitioner,0
v14wvn,2,7,4.571428571428571,2.0,32.0,sysadmin,general_practitioner,0
v1jkjg,1,2,2.0,2.0,4.0,sysadmin,general_practitioner,0
v1qx33,1,2,4.0,4.0,8.0,sysadmin,general_practitioner,0
v1lzf7,1,47,7.212765957446808,3.0,339.0,sysadmin,general_practitioner,0
v1p9xq,1,53,14.81132075471698,1.0,785.0,sysadmin,general_practitioner,0
v1v98t,3,14,5.285714285714286,3.0,74.0,sysadmin,general_practitioner,0
v205gx,1,4,3.0,2.0,12.0,sysadmin,general_practitioner,0
v1yjrv,2,7,1.4285714285714286,1.0,10.0,sysadmin,general_practitioner,0
v22u0p,1,2,4.0,4.0,8.0,sysadmin,general_practitioner,0
v2irm9,2,118,9.90677966101695,1.0,1169.0,sysadmin,general_practitioner,0
v2ocbv,1,3,1.0,1.0,3.0,sysadmin,general_practitioner,0
v2timm,4,7,2.857142857142857,1.0,20.0,sysadmin,general_practitioner,0
v35fbm,2,140,5.978571428571429,1.0,837.0,sysadmin,general_practitioner,0
v33sda,1,4,1.25,1.0,5.0,sysadmin,general_practitioner,0
v389un,1,28,5.357142857142857,2.0,150.0,sysadmin,general_practitioner,0
v3aa5f,1,4,1.5,1.5,6.0,sysadmin,general_practitioner,0
v4a8y3,1,7,1.8571428571428568,2.0,13.0,sysadmin,general_practitioner,0
v4dplv,2,9,3.555555555555556,3.0,32.0,sysadmin,general_practitioner,0
v4g030,3,11,2.8181818181818183,2.0,31.0,sysadmin,general_practitioner,0
v5es2f,1,8,3.375,1.5,27.0,sysadmin,general_practitioner,0
v5u024,1,5,2.2,2.0,11.0,sysadmin,general_practitioner,0
v69p08,1,6,3.6666666666666665,3.5,22.0,sysadmin,general_practitioner,0
v6iza0,2,26,7.653846153846154,3.0,199.0,sysadmin,general_practitioner,0
v6ue9w,1,5,4.0,3.0,20.0,sysadmin,general_practitioner,0
v6x66d,2,2,1.0,1.0,2.0,sysadmin,general_practitioner,0
v6zbxx,1,37,10.054054054054054,3.0,372.0,sysadmin,general_practitioner,0
v7bbug,1,14,6.642857142857143,4.5,93.0,sysadmin,general_practitioner,0
v7femg,1,35,3.6857142857142855,2.0,129.0,sysadmin,general_practitioner,0
v7xil5,2,63,7.111111111111111,2.0,448.0,sysadmin,general_practitioner,0
v83erw,1,5,1.8,1.0,9.0,sysadmin,general_practitioner,0
v839io,1,6,4.0,2.0,24.0,sysadmin,general_practitioner,0
v8bnd9,2,5,3.2,2.0,16.0,sysadmin,general_practitioner,0
v8jrge,3,12,6.25,2.5,75.0,sysadmin,general_practitioner,0
v8l4dy,1,23,6.217391304347826,2.0,143.0,sysadmin,general_practitioner,0
v8ooue,1,5,4.6,3.0,23.0,sysadmin,general_practitioner,0
v8o0sb,1,27,5.851851851851852,2.0,158.0,sysadmin,general_practitioner,0
v8wmyc,1,5,1.4,1.0,7.0,sysadmin,general_practitioner,0
v9mb5x,1,1,13.0,13.0,13.0,sysadmin,general_practitioner,0
vaejwu,2,45,15.755555555555556,2.0,709.0,sysadmin,general_practitioner,0
vbah6e,1,4,2.5,1.5,10.0,sysadmin,general_practitioner,0
vb9uo8,4,72,8.63888888888889,2.0,622.0,sysadmin,general_practitioner,0
vc27tx,2,36,4.805555555555555,1.5,173.0,sysadmin,general_practitioner,0
vc8vfh,1,555,9.425225225225224,1.0,5231.0,sysadmin,general_practitioner,0
vcbjgy,1,0,,,,sysadmin,general_practitioner,1
vce8v8,2,12,2.833333333333333,1.0,34.0,sysadmin,general_practitioner,0
vckl9a,2,88,11.147727272727272,1.5,981.0,sysadmin,general_practitioner,0
vcl2sj,1,2,2.5,2.5,5.0,sysadmin,general_practitioner,0
vcqh4r,1,14,2.0,1.0,28.0,sysadmin,general_practitioner,0
vctf3v,1,4,2.0,2.0,8.0,sysadmin,general_practitioner,0
vcztu3,1,109,16.174311926605505,2.0,1763.0,sysadmin,general_practitioner,0
vd2hbh,4,43,23.046511627906977,6.0,991.0,sysadmin,general_practitioner,0
vd6qmy,3,8,3.375,2.0,27.0,sysadmin,general_practitioner,0
vd7ad9,1,39,5.205128205128205,1.0,203.0,sysadmin,general_practitioner,0
vdrv94,1,6,2.0,1.0,12.0,sysadmin,general_practitioner,0
vdxmre,1,9,2.555555555555556,1.0,23.0,sysadmin,general_practitioner,0
vees52,1,3,3.0,3.0,9.0,sysadmin,general_practitioner,0
vejhpc,1,51,6.137254901960785,2.0,313.0,sysadmin,general_practitioner,0
vfl14y,1,64,10.875,2.0,696.0,sysadmin,general_practitioner,0
vfnstn,1,27,10.814814814814817,3.0,292.0,sysadmin,general_practitioner,0
vg6jou,1,19,6.052631578947368,2.0,115.0,sysadmin,general_practitioner,0
vh1x4i,2,6,2.1666666666666665,1.0,13.0,sysadmin,general_practitioner,0
vhh9c0,2,1,1.0,1.0,1.0,sysadmin,general_practitioner,0
vhht9d,2,6,0.0,2.5,0.0,sysadmin,general_practitioner,0
vi3f8c,2,7,4.142857142857143,5.0,29.0,sysadmin,general_practitioner,0
vi53th,1,348,6.738505747126437,1.0,2345.0,sysadmin,general_practitioner,0
vi77oo,2,73,11.808219178082192,1.0,862.0,sysadmin,general_practitioner,0
vi7xw0,1,22,7.363636363636363,2.0,162.0,sysadmin,general_practitioner,0
vibiwe,1,2,4.5,4.5,9.0,sysadmin,general_practitioner,0
vibq0s,1,4,3.25,2.0,13.0,sysadmin,general_practitioner,0
vipqci,3,179,6.972067039106145,1.0,1248.0,sysadmin,general_practitioner,0
vivp50,1,215,9.227906976744189,1.0,1984.0,sysadmin,general_practitioner,0
viy8rn,1,14,2.142857142857143,1.0,30.0,sysadmin,general_practitioner,0
viy0om,1,18,21.666666666666668,2.5,390.0,sysadmin,general_practitioner,0
viyxwc,2,6,1.3333333333333333,1.0,8.0,sysadmin,general_practitioner,0
vj4z1m,1,24,3.7916666666666665,2.0,91.0,sysadmin,general_practitioner,0
vj5fyc,2,8,3.75,3.5,30.0,sysadmin,general_practitioner,0
vj6p9b,2,8,1.125,1.0,9.0,sysadmin,general_practitioner,0
vjmgf7,1,11,5.181818181818182,6.0,57.0,sysadmin,general_practitioner,0
vjmlvf,1,84,7.845238095238095,1.0,659.0,sysadmin,general_practitioner,0
vjn0hp,2,139,9.06474820143885,2.0,1260.0,sysadmin,general_practitioner,0
vjyjlr,1,11,16.181818181818183,9.0,178.0,sysadmin,general_practitioner,0
vn1grj,2,7,2.142857142857143,1.0,15.0,sysadmin,general_practitioner,0
vn3rvz,2,5,4.6,3.0,23.0,sysadmin,general_practitioner,0
vnwqrb,2,84,4.178571428571429,1.0,351.0,sysadmin,general_practitioner,0
vo7mqc,1,30,12.4,3.5,372.0,sysadmin,general_practitioner,0
vo8gm9,1,84,12.333333333333334,1.0,1036.0,sysadmin,general_practitioner,0
voir62,2,10,6.8,2.0,68.0,sysadmin,general_practitioner,0
vonxr5,3,17,2.411764705882353,1.0,41.0,sysadmin,general_practitioner,0
vojhkt,1,60,12.083333333333334,3.0,725.0,sysadmin,general_practitioner,0
vp6nvj,1,2,1.0,1.0,2.0,sysadmin,general_practitioner,0
vpi6j8,1,5,3.6,3.0,18.0,sysadmin,general_practitioner,0
vpem1m,2,1,4.0,4.0,4.0,sysadmin,general_practitioner,0
vrbwnr,1,44,30.727272727272727,2.0,1352.0,sysadmin,general_practitioner,0
vrlxy8,1,71,17.591549295774648,2.0,1249.0,sysadmin,general_practitioner,0
vrmuh6,1,11,3.272727272727273,3.0,36.0,sysadmin,general_practitioner,0
vrzgio,1,2,2.0,2.0,4.0,sysadmin,general_practitioner,0
vsr1dc,1,3,4.0,2.0,12.0,sysadmin,general_practitioner,0
vsx17j,1,8,7.375,2.0,59.0,sysadmin,general_practitioner,0
vt6d47,2,3,3.6666666666666665,2.0,11.0,sysadmin,general_practitioner,0
vtkq57,1,41,6.170731707317073,1.0,253.0,sysadmin,general_practitioner,0
vtoxmw,1,38,10.026315789473683,2.0,381.0,sysadmin,general_practitioner,0
vtp8fr,3,0,,,,sysadmin,general_practitioner,1
vtrylj,2,6,2.833333333333333,1.5,17.0,sysadmin,general_practitioner,0
vugk9w,2,4,3.5,2.0,14.0,sysadmin,general_practitioner,0
vviw06,1,10,4.8,3.0,48.0,sysadmin,general_practitioner,0
vwkllm,1,1,1.0,1.0,1.0,sysadmin,general_practitioner,0
vwzkm4,2,5,3.2,2.0,16.0,sysadmin,general_practitioner,0
vxeg5u,3,205,16.37560975609756,1.0,3357.0,sysadmin,general_practitioner,0
vxg5g4,1,1,1.0,1.0,1.0,sysadmin,general_practitioner,0
vxiitg,1,66,12.909090909090908,2.0,852.0,sysadmin,general_practitioner,0
vxpnk4,2,2,5.5,5.5,11.0,sysadmin,general_practitioner,0
vxu0xv,2,0,,,,sysadmin,general_practitioner,1
vy3oun,1,9,1.7777777777777777,1.0,16.0,sysadmin,general_practitioner,0
vy85eh,1,47,11.872340425531917,1.0,558.0,sysadmin,general_practitioner,0
vybzoa,1,5,3.4,3.0,17.0,sysadmin,general_practitioner,0
vyn7l6,2,3,2.333333333333333,1.0,7.0,sysadmin,general_practitioner,0
vyi9dp,1,21,6.523809523809524,2.0,137.0,sysadmin,general_practitioner,0
vyubd2,1,9,17.333333333333332,5.0,156.0,sysadmin,general_practitioner,0
vyzgqp,3,110,14.61818181818182,1.0,1608.0,sysadmin,general_practitioner,0
vz2x1t,2,11,5.545454545454546,1.0,61.0,sysadmin,general_practitioner,0
vzk318,2,112,7.232142857142857,1.0,810.0,sysadmin,general_practitioner,0
vzq0cd,1,3,2.0,2.0,6.0,sysadmin,general_practitioner,0
vzscam,3,203,13.832512315270936,1.0,2808.0,sysadmin,general_practitioner,0
w03qr9,1,8,8.375,4.0,67.0,sysadmin,general_practitioner,0
w044i3,1,195,6.625641025641026,1.0,1292.0,sysadmin,general_practitioner,0
w0725z,1,6,5.5,3.5,33.0,sysadmin,general_practitioner,0
w0ly49,1,23,11.782608695652174,3.0,271.0,sysadmin,general_practitioner,0
w0s8xw,2,223,11.58744394618834,2.0,2584.0,sysadmin,general_practitioner,0
w1321f,2,16,4.125,2.5,66.0,sysadmin,general_practitioner,0
w13tem,1,3,1.3333333333333333,1.0,4.0,sysadmin,general_practitioner,0
w1jwtg,4,23,5.869565217391305,1.0,135.0,sysadmin,general_practitioner,0
w1lz4e,3,9,2.0,1.0,18.0,sysadmin,general_practitioner,0
w1w6i8,3,21,17.142857142857142,3.0,360.0,sysadmin,general_practitioner,0
w20gj5,3,9,2.333333333333333,2.0,21.0,sysadmin,general_practitioner,0
w22bmz,2,5,2.2,2.0,11.0,sysadmin,general_practitioner,0
w25gy1,2,3,1.0,1.0,3.0,sysadmin,general_practitioner,0
w26lox,1,3,2.333333333333333,2.0,7.0,sysadmin,general_practitioner,0
w2oai8,4,11,3.636363636363636,3.0,40.0,sysadmin,general_practitioner,0
w2sfg8,1,7,4.142857142857143,3.0,29.0,sysadmin,general_practitioner,0
w2xsbq,2,0,,,,sysadmin,general_practitioner,1
w2yc5k,1,2,1.5,1.5,3.0,sysadmin,general_practitioner,0
w2znge,3,1,3.0,3.0,3.0,sysadmin,general_practitioner,0
w38llz,1,2,1.5,1.5,3.0,sysadmin,general_practitioner,0
w3924f,1,3,4.0,4.0,12.0,sysadmin,general_practitioner,0
w3b47j,1,6,2.0,2.0,12.0,sysadmin,general_practitioner,0
w3p0hx,1,32,13.15625,2.0,421.0,sysadmin,general_practitioner,0
w3w2u2,2,11,4.181818181818182,1.0,46.0,sysadmin,general_practitioner,0
w462vn,1,7,3.2857142857142856,1.0,23.0,sysadmin,general_practitioner,0
w4ltbi,1,20,3.45,2.0,69.0,sysadmin,general_practitioner,0
w4m6es,3,5,3.2,4.0,16.0,sysadmin,general_practitioner,0
w4pqtd,1,1,2.0,2.0,2.0,sysadmin,general_practitioner,0
w4rrvy,1,1,1.0,1.0,1.0,sysadmin,general_practitioner,0
w4za3b,1,188,8.851063829787234,2.0,1664.0,sysadmin,general_practitioner,0
w52lia,2,8,2.625,2.0,21.0,sysadmin,general_practitioner,0
w647yn,3,63,6.031746031746032,1.0,380.0,sysadmin,general_practitioner,0
w6iegg,3,26,8.307692307692308,4.0,216.0,sysadmin,general_practitioner,0
w6tvo0,1,303,6.993399339933993,1.0,2119.0,sysadmin,general_practitioner,0
w6xwlj,1,5,2.4,3.0,12.0,sysadmin,general_practitioner,0
w79noh,1,2,1.5,1.5,3.0,sysadmin,general_practitioner,0
w7bb5f,2,9,3.333333333333333,2.0,30.0,sysadmin,general_practitioner,0
w7o9al,1,33,2.636363636363636,1.0,87.0,sysadmin,general_practitioner,0
w7qqi5,1,151,6.788079470198675,1.0,1025.0,sysadmin,general_practitioner,0
w82dyi,1,6,2.1666666666666665,2.0,13.0,sysadmin,general_practitioner,0
w84xms,1,17,1.5294117647058822,1.0,26.0,sysadmin,general_practitioner,0
w889eu,2,56,20.321428571428573,2.0,1138.0,sysadmin,general_practitioner,0
w8j0c6,2,49,6.081632653061225,2.0,298.0,sysadmin,general_practitioner,0
w8nyrr,1,40,6.075,1.0,243.0,sysadmin,general_practitioner,0
w8nqnq,1,6,6.666666666666667,4.0,40.0,sysadmin,general_practitioner,0
w8pm2k,1,14,3.5,1.5,49.0,sysadmin,general_practitioner,0
w8oklt,2,37,7.081081081081081,1.0,262.0,sysadmin,general_practitioner,0
w8pakw,3,3,2.333333333333333,2.0,7.0,sysadmin,general_practitioner,0
w8uewf,2,3,2.0,2.0,6.0,sysadmin,general_practitioner,0
w8sp51,2,7,0.7142857142857143,1.0,5.0,sysadmin,general_practitioner,0
w8ui3s,1,13,4.923076923076923,3.0,64.0,sysadmin,general_practitioner,0
w8zjyt,1,7,1.2857142857142858,1.0,9.0,sysadmin,general_practitioner,0
w97ae2,2,14,7.857142857142857,3.0,110.0,sysadmin,general_practitioner,0
w98y7h,1,5,2.0,2.0,10.0,sysadmin,general_practitioner,0
w9ggt1,1,29,6.931034482758621,2.0,201.0,sysadmin,general_practitioner,0
w9gy3k,3,212,5.481132075471698,1.0,1162.0,sysadmin,general_practitioner,0
w9i82k,1,31,12.64516129032258,3.0,392.0,sysadmin,general_practitioner,0
w9tyot,2,4,3.75,3.0,15.0,sysadmin,general_practitioner,0
wai99h,1,4,5.75,1.0,23.0,sysadmin,general_practitioner,0
wakplt,4,2,2.5,2.5,5.0,sysadmin,general_practitioner,0
wanedh,1,0,,,,sysadmin,general_practitioner,1
watgul,1,3,2.0,2.0,6.0,sysadmin,general_practitioner,0
wari2m,1,8,2.25,1.0,18.0,sysadmin,general_practitioner,0
wb2pce,2,11,8.818181818181818,5.0,97.0,sysadmin,general_practitioner,0
wba7cs,1,5,2.0,2.0,10.0,sysadmin,general_practitioner,0
wbavur,2,17,4.0588235294117645,2.0,69.0,sysadmin,general_practitioner,0
wbb1z0,2,1,1.0,1.0,1.0,sysadmin,general_practitioner,0
wbenjz,2,1,2.0,2.0,2.0,sysadmin,general_practitioner,0
wc0k71,3,9,5.333333333333333,3.0,48.0,sysadmin,general_practitioner,0
wcihhn,3,11,4.818181818181818,3.0,53.0,sysadmin,general_practitioner,0
wdb1ke,3,17,3.5294117647058822,1.0,60.0,sysadmin,general_practitioner,0
wdfvf8,2,47,16.659574468085108,2.0,783.0,sysadmin,general_practitioner,0
wdk375,2,33,21.060606060606062,2.0,695.0,sysadmin,general_practitioner,0
wds0zy,2,15,1.6,1.0,24.0,sysadmin,general_practitioner,0
wdsvfb,3,31,5.709677419354839,3.0,177.0,sysadmin,general_practitioner,0
we9ai1,2,5,1.4,1.0,7.0,sysadmin,general_practitioner,0
welkmg,3,4,3.0,2.0,12.0,sysadmin,general_practitioner,0
wegdoc,3,92,5.891304347826087,1.0,542.0,sysadmin,general_practitioner,0
wemsxb,1,106,32.79245283018868,1.0,3476.0,sysadmin,general_practitioner,0
wetmgy,2,6,2.5,3.0,15.0,sysadmin,general_practitioner,0
wf5eax,2,4,1.25,1.0,5.0,sysadmin,general_practitioner,0
wflefx,1,4,1.5,1.5,6.0,sysadmin,general_practitioner,0
wfjkg5,1,3,2.0,1.0,6.0,sysadmin,general_practitioner,0
wfnsaf,1,2,4.0,4.0,8.0,sysadmin,general_practitioner,0
wfnu54,2,4,3.25,3.0,13.0,sysadmin,general_practitioner,0
wg07id,2,7,4.285714285714286,4.0,30.0,sysadmin,general_practitioner,0
wfyajy,1,10,6.3,3.0,63.0,sysadmin,general_practitioner,0
wfz65m,2,100,8.84,1.0,884.0,sysadmin,general_practitioner,0
wg1tx6,1,55,3.018181818181818,1.0,166.0,sysadmin,general_practitioner,0
wg0ppc,1,2,4.5,4.5,9.0,sysadmin,general_practitioner,0
wg37mh,3,1,1.0,1.0,1.0,sysadmin,general_practitioner,0
wg4vwc,4,67,15.059701492537313,2.0,1009.0,sysadmin,general_practitioner,0
wg6w6n,2,17,2.823529411764706,1.0,48.0,sysadmin,general_practitioner,0
wg7o3f,2,6,8.666666666666666,5.0,52.0,sysadmin,general_practitioner,0
wgf6xo,1,18,9.72222222222222,4.5,175.0,sysadmin,general_practitioner,0
wgf0zg,1,41,23.682926829268293,3.0,971.0,sysadmin,general_practitioner,0
wgznx6,2,2,2.5,2.5,5.0,sysadmin,general_practitioner,0
wh21qg,1,35,6.685714285714286,3.0,234.0,sysadmin,general_practitioner,0
wii8xm,3,5,14.4,11.0,72.0,sysadmin,general_practitioner,0
wiymy4,1,10,4.3,3.0,43.0,sysadmin,general_practitioner,0
wj9j84,1,94,7.904255319148936,1.0,743.0,sysadmin,general_practitioner,0
wje9ht,2,209,11.263157894736842,1.0,2354.0,sysadmin,general_practitioner,0
wjgevo,1,14,2.2142857142857144,2.0,31.0,sysadmin,general_practitioner,0
wjgeam,2,18,5.111111111111111,2.0,92.0,sysadmin,general_practitioner,0
wjnyi8,4,6,2.1666666666666665,1.5,13.0,sysadmin,general_practitioner,0
wjs94w,1,37,11.0,2.0,407.0,sysadmin,general_practitioner,0
wjz0hs,1,0,,,,sysadmin,general_practitioner,1
wklflk,1,4,7.75,7.5,31.0,sysadmin,general_practitioner,0
wl1xu7,1,0,,,,sysadmin,general_practitioner,1
wl34dp,1,7,3.2857142857142856,2.0,23.0,sysadmin,general_practitioner,0
wl6ltb,3,4,1.0,1.0,4.0,sysadmin,general_practitioner,0
wla0mo,2,23,2.782608695652174,1.0,64.0,sysadmin,general_practitioner,0
wleing,1,1,3.0,3.0,3.0,sysadmin,general_practitioner,0
wlfzxb,1,3,1.3333333333333333,1.0,4.0,sysadmin,general_practitioner,0
wlg8mv,1,4,4.25,3.0,17.0,sysadmin,general_practitioner,0
wlkoby,4,3,1.0,1.0,3.0,sysadmin,general_practitioner,0
wlqoo6,1,4,1.25,1.0,5.0,sysadmin,general_practitioner,0
wlqb46,1,3,4.0,1.0,12.0,sysadmin,general_practitioner,0
wlt6jg,1,38,6.2105263157894735,2.0,236.0,sysadmin,general_practitioner,0
wluauh,2,7,3.142857142857143,2.0,22.0,sysadmin,general_practitioner,0
wmlncg,1,5,2.6,2.0,13.0,sysadmin,general_practitioner,0
wmnnjz,1,7,2.7142857142857144,1.0,19.0,sysadmin,general_practitioner,0
wmmzp1,1,186,15.080645161290322,2.0,2805.0,sysadmin,general_practitioner,0
wmvpv5,3,142,14.67605633802817,1.0,2084.0,sysadmin,general_practitioner,0
wmxwxb,1,9,2.2222222222222223,2.0,20.0,sysadmin,general_practitioner,0
wn6f1l,1,74,13.608108108108109,1.0,1007.0,sysadmin,general_practitioner,0
wn8m8s,1,1,3.0,3.0,3.0,sysadmin,general_practitioner,0
wnml4v,2,8,7.25,3.5,58.0,sysadmin,general_practitioner,0
wo6yjv,1,1,2.0,2.0,2.0,sysadmin,general_practitioner,0
wnuuim,2,6,1.8333333333333333,1.5,11.0,sysadmin,general_practitioner,0
wobm0m,3,64,8.96875,2.0,574.0,sysadmin,general_practitioner,0
woihmm,1,7,3.4285714285714284,3.0,24.0,sysadmin,general_practitioner,0
woz1v2,1,14,5.214285714285714,2.5,73.0,sysadmin,general_practitioner,0
wp69hp,1,7,1.8571428571428568,1.0,13.0,sysadmin,general_practitioner,0
wp7691,1,1,1.0,1.0,1.0,sysadmin,general_practitioner,0
wp7b9r,2,59,7.593220338983051,2.0,448.0,sysadmin,general_practitioner,0
wp9c6c,1,7,3.7142857142857135,1.0,26.0,sysadmin,general_practitioner,0
wp8bke,2,27,4.888888888888889,1.0,132.0,sysadmin,general_practitioner,0
wpb12k,1,4,1.75,1.5,7.0,sysadmin,general_practitioner,0
wpfbyy,1,8,3.0,2.5,24.0,sysadmin,general_practitioner,0
wpmi5a,3,96,10.572916666666666,1.0,1015.0,sysadmin,general_practitioner,0
wpnro3,1,2,2.5,2.5,5.0,sysadmin,general_practitioner,0
wpus85,2,1,2.0,2.0,2.0,sysadmin,general_practitioner,0
wq28ny,1,8,3.875,4.0,31.0,sysadmin,general_practitioner,0
wq86lx,3,23,4.391304347826087,1.0,101.0,sysadmin,general_practitioner,0
wqits2,1,2,3.0,3.0,6.0,sysadmin,general_practitioner,0
wqq5uw,1,3,4.666666666666667,5.0,14.0,sysadmin,general_practitioner,0
wqu2am,2,2,3.0,3.0,6.0,sysadmin,general_practitioner,0
wqtaq4,1,16,1.8125,1.0,29.0,sysadmin,general_practitioner,0
wqv8yt,3,4,2.0,1.0,8.0,sysadmin,general_practitioner,0
wqz4l1,1,7,1.1428571428571428,1.0,8.0,sysadmin,general_practitioner,0
wqzzda,1,10,7.8,1.5,78.0,sysadmin,general_practitioner,0
wr58wz,1,38,9.421052631578949,2.0,358.0,sysadmin,general_practitioner,0
wr7ejl,2,3,2.6666666666666665,3.0,8.0,sysadmin,general_practitioner,0
wr7lvk,1,1,8.0,8.0,8.0,sysadmin,general_practitioner,0
wra7nr,3,2,2.0,2.0,4.0,sysadmin,general_practitioner,0
wrcc0o,2,2,8.5,8.5,17.0,sysadmin,general_practitioner,0
wrigqz,1,1,2.0,2.0,2.0,sysadmin,general_practitioner,0
wrl964,2,79,6.189873417721519,1.0,489.0,sysadmin,general_practitioner,0
wrx9su,4,4,3.25,3.0,13.0,sysadmin,general_practitioner,0
ws2m1o,2,1,2.0,2.0,2.0,sysadmin,general_practitioner,0
wsezvy,3,5,3.6,2.0,18.0,sysadmin,general_practitioner,0
wsf7bh,1,10,2.1,2.0,21.0,sysadmin,general_practitioner,0
wsirr9,1,21,7.476190476190476,4.0,157.0,sysadmin,general_practitioner,0
wtfc10,1,118,13.279661016949152,1.0,1567.0,sysadmin,general_practitioner,0
wunhs7,1,6,2.833333333333333,3.0,17.0,sysadmin,general_practitioner,0
wuo5o7,2,13,2.230769230769231,2.0,29.0,sysadmin,general_practitioner,0
wuvcwc,2,12,3.5,1.5,42.0,sysadmin,general_practitioner,0
wuw1t5,3,17,4.647058823529412,2.0,79.0,sysadmin,general_practitioner,0
wvb5q2,1,3,1.0,1.0,3.0,sysadmin,general_practitioner,0
wvk0zm,1,4,3.25,2.5,13.0,sysadmin,general_practitioner,0
wvpvla,1,16,4.1875,1.5,67.0,sysadmin,general_practitioner,0
wvxce9,2,3,2.333333333333333,3.0,7.0,sysadmin,general_practitioner,0
wvxx2p,1,21,8.476190476190476,2.0,178.0,sysadmin,general_practitioner,0
wvz0rq,1,8,5.5,3.0,44.0,sysadmin,general_practitioner,0
wwi99w,1,12,3.75,2.5,45.0,sysadmin,general_practitioner,0
wwok1c,1,4,3.25,2.5,13.0,sysadmin,general_practitioner,0
wwsalz,1,3,2.333333333333333,2.0,7.0,sysadmin,general_practitioner,0
wwyqd3,1,4,2.0,2.0,8.0,sysadmin,general_practitioner,0
wx2ige,1,81,43.82716049382716,3.0,3550.0,sysadmin,general_practitioner,0
wx0zcx,1,0,,,,sysadmin,general_practitioner,1
wxj95x,1,93,8.978494623655914,2.0,835.0,sysadmin,general_practitioner,0
wxs7sg,1,1,6.0,6.0,6.0,sysadmin,general_practitioner,0
wxrfen,1,26,8.0,2.0,208.0,sysadmin,general_practitioner,0
wxz8yb,3,22,2.5,1.0,55.0,sysadmin,general_practitioner,0
wy5dy0,1,3,3.0,3.0,9.0,sysadmin,general_practitioner,0
wy73zc,2,4,2.75,2.5,11.0,sysadmin,general_practitioner,0
wyc6ta,2,2,2.5,2.5,5.0,sysadmin,general_practitioner,0
wydglp,1,3,2.6666666666666665,2.0,8.0,sysadmin,general_practitioner,0
wygh6i,1,8,4.125,2.5,33.0,sysadmin,general_practitioner,0
wyfto9,2,151,5.688741721854305,1.0,859.0,sysadmin,general_practitioner,0
wyjej6,1,5,1.6,1.0,8.0,sysadmin,general_practitioner,0
wyjgv3,1,23,7.130434782608695,2.0,164.0,sysadmin,general_practitioner,0
wywu8j,4,23,6.739130434782608,2.0,155.0,sysadmin,general_practitioner,0
wz0d3z,1,44,4.477272727272728,1.0,197.0,sysadmin,general_practitioner,0
wzuhym,1,30,2.033333333333333,1.0,61.0,sysadmin,general_practitioner,0
x0j115,1,5,3.6,3.0,18.0,sysadmin,general_practitioner,0
x0ofhj,1,183,9.05464480874317,1.0,1657.0,sysadmin,general_practitioner,0
x0phf4,2,38,6.947368421052632,2.0,264.0,sysadmin,general_practitioner,0
x0zmky,1,473,22.99577167019028,2.0,10877.0,sysadmin,general_practitioner,0
x1vw1l,3,12,2.0,1.5,24.0,sysadmin,general_practitioner,0
x251nn,3,2,1.0,1.0,2.0,sysadmin,general_practitioner,0
x25lli,3,28,3.892857142857143,1.0,109.0,sysadmin,general_practitioner,0
x29ppk,1,398,9.183417085427136,1.0,3655.0,sysadmin,general_practitioner,0
x2gcoi,1,39,6.487179487179487,2.0,253.0,sysadmin,general_practitioner,0
x2imhh,2,1,1.0,1.0,1.0,sysadmin,general_practitioner,0
x2iua2,1,5,4.8,3.0,24.0,sysadmin,general_practitioner,0
x2kjdt,1,37,7.513513513513513,1.0,278.0,sysadmin,general_practitioner,0
x2mndm,3,2,1.0,1.0,2.0,sysadmin,general_practitioner,0
x2oral,1,84,5.7023809523809526,2.0,479.0,sysadmin,general_practitioner,0
x2ugk5,3,7,2.142857142857143,2.0,15.0,sysadmin,general_practitioner,0
x33ht1,1,64,7.8125,2.0,500.0,sysadmin,general_practitioner,0
x3aays,1,12,2.75,1.0,33.0,sysadmin,general_practitioner,0
x3dz3m,1,38,7.552631578947368,3.0,287.0,sysadmin,general_practitioner,0
x3dpao,2,11,2.727272727272727,3.0,30.0,sysadmin,general_practitioner,0
x3fxza,4,11,4.2727272727272725,2.0,47.0,sysadmin,general_practitioner,0
x3gx30,1,7,2.7142857142857144,2.0,19.0,sysadmin,general_practitioner,0
x3lz8y,1,5,2.6,3.0,13.0,sysadmin,general_practitioner,0
x3l9i9,4,6,6.166666666666667,5.5,37.0,sysadmin,general_practitioner,0
x3n7pt,1,121,33.950413223140494,2.0,4108.0,sysadmin,general_practitioner,0
x3rqsg,1,1,4.0,4.0,4.0,sysadmin,general_practitioner,0
x3p3cl,1,0,,,,sysadmin,general_practitioner,1
x40i44,1,4,1.75,1.5,7.0,sysadmin,general_practitioner,0
x40lw9,1,3,5.0,3.0,15.0,sysadmin,general_practitioner,0
x45j5r,1,5,4.0,5.0,20.0,sysadmin,general_practitioner,0
x46b9o,1,11,3.272727272727273,2.0,36.0,sysadmin,general_practitioner,0
x4jx4g,1,11,17.0,4.0,187.0,sysadmin,general_practitioner,0
x5kpnz,1,59,10.745762711864408,2.0,634.0,sysadmin,general_practitioner,0
x6pmof,3,9,3.2222222222222223,1.0,29.0,sysadmin,general_practitioner,0
x775w2,1,4,9.25,8.5,37.0,sysadmin,general_practitioner,0
x7e0qv,1,105,8.447619047619048,1.0,887.0,sysadmin,general_practitioner,0
x7toaf,3,12,4.333333333333333,2.0,52.0,sysadmin,general_practitioner,0
x7xz9o,1,2,1.0,1.0,2.0,sysadmin,general_practitioner,0
x85mh8,3,5,2.2,1.0,11.0,sysadmin,general_practitioner,0
x85u9n,1,8,8.625,5.0,69.0,sysadmin,general_practitioner,0
x881we,1,12,4.333333333333333,1.0,52.0,sysadmin,general_practitioner,0
x8dxj4,1,0,,,,sysadmin,general_practitioner,1
x8rqhd,3,157,6.248407643312102,1.0,981.0,sysadmin,general_practitioner,0
x8ti69,1,131,9.267175572519085,2.0,1214.0,sysadmin,general_practitioner,0
x8t60f,2,6,2.1666666666666665,1.0,13.0,sysadmin,general_practitioner,0
x94imh,1,9,2.6666666666666665,1.0,24.0,sysadmin,general_practitioner,0
x9d8pl,1,2,2.0,2.0,4.0,sysadmin,general_practitioner,0
x9lacv,2,6,3.8333333333333335,2.5,23.0,sysadmin,general_practitioner,0
xa02ek,2,22,6.045454545454546,1.5,133.0,sysadmin,general_practitioner,0
xa580h,2,7,2.7142857142857144,2.0,19.0,sysadmin,general_practitioner,0
xaug1u,1,48,3.4791666666666665,1.0,167.0,sysadmin,general_practitioner,0
xb3qj1,3,6,2.333333333333333,1.0,14.0,sysadmin,general_practitioner,0
xc2wq5,3,8,2.75,2.0,22.0,sysadmin,general_practitioner,0
xceaqk,1,9,4.0,2.0,36.0,sysadmin,general_practitioner,0
xcg1gd,1,51,8.313725490196079,2.0,424.0,sysadmin,general_practitioner,0
xciaii,2,1,1.0,1.0,1.0,sysadmin,general_practitioner,0
xcixca,2,6,2.0,1.5,12.0,sysadmin,general_practitioner,0
xciy81,1,85,4.470588235294118,2.0,380.0,sysadmin,general_practitioner,0
xcj7zu,1,18,3.6666666666666665,1.5,66.0,sysadmin,general_practitioner,0
xcjaz7,2,41,24.5609756097561,3.0,1007.0,sysadmin,general_practitioner,0
xcl28f,2,41,6.0,1.0,246.0,sysadmin,general_practitioner,0
xcqz2r,4,19,8.31578947368421,4.0,158.0,sysadmin,general_practitioner,0
xd0ppu,3,15,2.2,2.0,33.0,sysadmin,general_practitioner,0
xd6che,1,8,2.125,2.5,17.0,sysadmin,general_practitioner,0
xdbb69,2,27,7.777777777777778,3.0,210.0,sysadmin,general_practitioner,0
xdf8i1,1,8,2.25,1.0,18.0,sysadmin,general_practitioner,0
xdkydl,1,4,1.5,1.5,6.0,sysadmin,general_practitioner,0
xdkx94,2,2,3.5,3.5,7.0,sysadmin,general_practitioner,0
xdwnmr,1,8,15.5,8.0,124.0,sysadmin,general_practitioner,0
xe043h,1,2,3.0,3.0,6.0,sysadmin,general_practitioner,0
xepm46,1,66,7.772727272727272,1.0,513.0,sysadmin,general_practitioner,0
xexdlp,1,0,,,,sysadmin,general_practitioner,1
xf1eq7,2,4,0.75,0.5,3.0,sysadmin,general_practitioner,0
xfwtux,1,6,4.5,3.0,27.0,sysadmin,general_practitioner,0
xftewe,1,50,5.98,1.0,299.0,sysadmin,general_practitioner,0
xfzaoj,2,3,5.333333333333333,5.0,16.0,sysadmin,general_practitioner,0
xfz6w2,1,2,1.0,1.0,2.0,sysadmin,general_practitioner,0
xg7c98,2,55,7.436363636363636,2.0,409.0,sysadmin,general_practitioner,0
xgvsbz,2,83,8.819277108433734,2.0,732.0,sysadmin,general_practitioner,0
xhx209,1,4,3.0,2.5,12.0,sysadmin,general_practitioner,0
xiaexi,2,17,7.176470588235294,5.0,122.0,sysadmin,general_practitioner,0
xidrqs,3,245,10.342857142857143,1.0,2534.0,sysadmin,general_practitioner,0
xihu1h,1,7,2.4285714285714284,1.0,17.0,sysadmin,general_practitioner,0
xijl45,1,31,5.709677419354839,2.0,177.0,sysadmin,general_practitioner,0
xinnzk,1,5,3.4,3.0,17.0,sysadmin,general_practitioner,0
xisgud,3,5,1.6,1.0,8.0,sysadmin,general_practitioner,0
xj4uhj,1,11,2.363636363636364,1.0,26.0,sysadmin,general_practitioner,0
xj87kv,1,328,9.939024390243905,1.0,3260.0,sysadmin,general_practitioner,0
xjcks9,1,5,1.8,1.0,9.0,sysadmin,general_practitioner,0
xjdfwy,1,17,8.0,4.0,136.0,sysadmin,general_practitioner,0
xjj2lu,1,0,,,,sysadmin,general_practitioner,1
xjqzjt,1,7,1.2857142857142858,1.0,9.0,sysadmin,general_practitioner,0
xjstog,1,40,26.825,3.0,1073.0,sysadmin,general_practitioner,0
xk4cz0,1,5,2.4,2.0,12.0,sysadmin,general_practitioner,0
xk45mg,1,76,4.973684210526316,1.0,378.0,sysadmin,general_practitioner,0
xk8o3w,2,1,1.0,1.0,1.0,sysadmin,general_practitioner,0
xkcep9,3,73,9.123287671232877,2.0,666.0,sysadmin,general_practitioner,0
xko1jv,1,4,3.5,3.5,14.0,sysadmin,general_practitioner,0
xl1vpg,3,167,14.940119760479044,1.0,2495.0,sysadmin,general_practitioner,0
xlb7t8,2,9,3.555555555555556,1.0,32.0,sysadmin,general_practitioner,0
xlva58,1,13,1.7692307692307692,1.0,23.0,sysadmin,general_practitioner,0
xlvy5k,1,34,12.147058823529411,2.0,413.0,sysadmin,general_practitioner,0
xm6kta,2,44,10.068181818181818,2.0,443.0,sysadmin,general_practitioner,0
xnzlim,1,4,6.0,3.0,24.0,sysadmin,general_practitioner,0
xodynd,2,4,1.0,1.0,4.0,sysadmin,general_practitioner,0
xofnkh,3,18,8.166666666666666,2.0,147.0,sysadmin,general_practitioner,0
xok1e5,1,8,1.875,1.0,15.0,sysadmin,general_practitioner,0
xotr97,1,33,17.12121212121212,4.0,565.0,sysadmin,general_practitioner,0
xos8k5,2,6,2.833333333333333,3.0,17.0,sysadmin,general_practitioner,0
xoytj5,2,4,3.25,2.5,13.0,sysadmin,general_practitioner,0
xozomy,1,4,1.0,1.0,4.0,sysadmin,general_practitioner,0
xp26mh,2,55,4.709090909090909,1.0,259.0,sysadmin,general_practitioner,0
xplwmk,2,5,3.4,4.0,17.0,sysadmin,general_practitioner,0
xptp3p,1,6,2.6666666666666665,2.0,16.0,sysadmin,general_practitioner,0
xps43b,1,8,4.25,3.0,34.0,sysadmin,general_practitioner,0
xqiqun,1,27,7.703703703703703,2.0,208.0,sysadmin,general_practitioner,0
xqy9os,2,60,10.916666666666666,2.0,655.0,sysadmin,general_practitioner,0
xr1lvz,1,3,2.0,1.0,6.0,sysadmin,general_practitioner,0
xr66l8,1,107,10.19626168224299,2.0,1091.0,sysadmin,general_practitioner,0
xr8hnm,2,1,1.0,1.0,1.0,sysadmin,general_practitioner,0
xr9t72,3,1,2.0,2.0,2.0,sysadmin,general_practitioner,0
xrcz82,1,36,7.277777777777778,2.0,262.0,sysadmin,general_practitioner,0
xre44p,2,3,3.0,3.0,9.0,sysadmin,general_practitioner,0
xsa4c7,1,6,4.666666666666667,2.5,28.0,sysadmin,general_practitioner,0
xscaej,3,24,3.9166666666666665,2.0,94.0,sysadmin,general_practitioner,0
xsfp8r,4,10,3.6,1.0,36.0,sysadmin,general_practitioner,0
xsg4qd,3,3,2.0,2.0,6.0,sysadmin,general_practitioner,0
xsqzlt,1,10,14.8,2.0,148.0,sysadmin,general_practitioner,0
xtr699,2,25,6.72,2.0,168.0,sysadmin,general_practitioner,0
xuh2e3,1,4,1.75,1.0,7.0,sysadmin,general_practitioner,0
xuj094,1,26,3.1923076923076925,1.0,83.0,sysadmin,general_practitioner,0
xuoiaq,1,235,26.95744680851064,2.0,6335.0,sysadmin,general_practitioner,0
xuy508,1,3,2.6666666666666665,2.0,8.0,sysadmin,general_practitioner,0
xvdu48,4,16,3.0625,2.0,49.0,sysadmin,general_practitioner,0
xvlobo,1,44,4.568181818181818,2.0,201.0,sysadmin,general_practitioner,0
xvpf0i,3,2,2.5,2.5,5.0,sysadmin,general_practitioner,0
xvwws5,1,5,6.0,3.0,30.0,sysadmin,general_practitioner,0
xvve55,2,6,2.6666666666666665,2.5,16.0,sysadmin,general_practitioner,0
xvytsb,3,47,13.787234042553193,2.0,648.0,sysadmin,general_practitioner,0
xw7fh9,2,0,,,,sysadmin,general_practitioner,1
xwc5y3,1,20,6.1,2.0,122.0,sysadmin,general_practitioner,0
xwglmj,1,12,3.75,2.5,45.0,sysadmin,general_practitioner,0
xwjmww,2,228,21.92105263157895,1.0,4998.0,sysadmin,general_practitioner,0
xwopz9,2,3,4.333333333333333,3.0,13.0,sysadmin,general_practitioner,0
xwntlo,3,7,3.4285714285714284,3.0,24.0,sysadmin,general_practitioner,0
xx2a2l,1,2,2.0,2.0,4.0,sysadmin,general_practitioner,0
xx3k0j,1,8,5.25,4.5,42.0,sysadmin,general_practitioner,0
xx50z0,1,10,12.6,3.5,126.0,sysadmin,general_practitioner,0
xxhd9t,2,8,3.25,2.0,26.0,sysadmin,general_practitioner,0
xxm461,1,1,2.0,2.0,2.0,sysadmin,general_practitioner,0
xxo679,2,28,15.0,3.0,420.0,sysadmin,general_practitioner,0
xxps4g,1,10,2.3,1.5,23.0,sysadmin,general_practitioner,0
xy2a41,1,1,2.0,2.0,2.0,sysadmin,general_practitioner,0
xyb0q9,1,9,1.8888888888888888,1.0,17.0,sysadmin,general_practitioner,0
xyn5pc,2,136,8.338235294117647,1.0,1134.0,sysadmin,general_practitioner,0
xyi4on,1,14,4.0,1.0,56.0,sysadmin,general_practitioner,0
y0kbis,2,14,6.857142857142857,2.0,96.0,sysadmin,general_practitioner,0
y0se3p,1,2,2.0,2.0,4.0,sysadmin,general_practitioner,0
y11wif,4,13,6.0,3.0,78.0,sysadmin,general_practitioner,0
y1c8z3,2,13,7.384615384615385,2.0,96.0,sysadmin,general_practitioner,0
y1cz02,1,40,22.625,1.5,905.0,sysadmin,general_practitioner,0
y1glxz,1,0,,,,sysadmin,general_practitioner,1
y2cr6g,4,14,1.5714285714285714,1.0,22.0,sysadmin,general_practitioner,0
y2jzwx,4,93,4.451612903225806,2.0,414.0,sysadmin,general_practitioner,0
y2j6fu,1,7,2.4285714285714284,2.0,17.0,sysadmin,general_practitioner,0
y2niip,3,56,6.303571428571429,2.0,353.0,sysadmin,general_practitioner,0
y3emol,1,16,6.4375,2.0,103.0,sysadmin,general_practitioner,0
y3m8rw,2,4,2.0,1.5,8.0,sysadmin,general_practitioner,0
y3r8cd,1,22,3.363636363636364,1.0,74.0,sysadmin,general_practitioner,0
y3rkiz,1,23,8.91304347826087,2.0,205.0,sysadmin,general_practitioner,0
y5pcd7,2,2,3.0,3.0,6.0,sysadmin,general_practitioner,0
y646hd,1,18,6.5,3.0,117.0,sysadmin,general_practitioner,0
y6hpe5,1,29,25.55172413793104,6.0,741.0,sysadmin,general_practitioner,0
y78zia,1,692,9.134393063583817,1.0,6321.0,sysadmin,general_practitioner,0
y7cu8o,1,2,3.5,3.5,7.0,sysadmin,general_practitioner,0
y7j4t4,2,9,11.555555555555555,6.0,104.0,sysadmin,general_practitioner,0
y7om8o,1,3,1.6666666666666667,2.0,5.0,sysadmin,general_practitioner,0
y7wt2z,2,4,3.75,3.5,15.0,sysadmin,general_practitioner,0
y80jqf,3,7,2.571428571428572,2.0,18.0,sysadmin,general_practitioner,0
y82tis,1,49,7.408163265306122,2.0,363.0,sysadmin,general_practitioner,0
y83z00,1,17,8.235294117647058,3.0,140.0,sysadmin,general_practitioner,0
y85uhg,1,3,2.6666666666666665,3.0,8.0,sysadmin,general_practitioner,0
y8kdh3,1,121,20.62809917355372,3.0,2496.0,sysadmin,general_practitioner,0
y8xy7w,3,144,20.45138888888889,3.0,2945.0,sysadmin,general_practitioner,0
y98rqe,2,13,4.0,1.0,52.0,sysadmin,general_practitioner,0
y9ewqg,2,16,2.9375,2.0,47.0,sysadmin,general_practitioner,0
y9h3bh,2,0,,,,sysadmin,general_practitioner,1
y9ij43,1,5,3.8,2.0,19.0,sysadmin,general_practitioner,0
y9u0x9,3,5,2.4,1.0,12.0,sysadmin,general_practitioner,0
y9tnkz,2,482,7.937759336099585,1.0,3826.0,sysadmin,general_practitioner,0
y9vr9j,3,3,1.3333333333333333,1.0,4.0,sysadmin,general_practitioner,0
y9yufh,1,7,1.4285714285714286,1.0,10.0,sysadmin,general_practitioner,0
ya4plk,1,23,3.3043478260869565,1.0,76.0,sysadmin,general_practitioner,0
yaerph,3,68,17.779411764705884,3.5,1209.0,sysadmin,general_practitioner,0
yb40zi,2,35,6.542857142857143,2.0,229.0,sysadmin,general_practitioner,0
ybh2qq,1,205,8.253658536585366,1.0,1692.0,sysadmin,general_practitioner,0
ybqx7a,1,3,2.0,2.0,6.0,sysadmin,general_practitioner,0
yc7kp7,2,2,2.0,2.0,4.0,sysadmin,general_practitioner,0
ycqwbc,4,40,8.125,1.0,325.0,sysadmin,general_practitioner,0
ycyn16,2,4,3.5,2.5,14.0,sysadmin,general_practitioner,0
yczoeu,1,2,1.0,1.0,2.0,sysadmin,general_practitioner,0
yczx2p,2,18,3.5,1.5,63.0,sysadmin,general_practitioner,0
yd2tcg,1,4,2.75,3.0,11.0,sysadmin,general_practitioner,0
yd451l,1,10,3.4,1.0,34.0,sysadmin,general_practitioner,0
yd68m1,1,12,6.666666666666667,3.0,80.0,sysadmin,general_practitioner,0
ydb3mm,2,8,3.375,2.0,27.0,sysadmin,general_practitioner,0
ydc8tt,2,0,,,,sysadmin,general_practitioner,1
ydc8wy,2,2,2.0,2.0,4.0,sysadmin,general_practitioner,0
ydgq3z,1,2,1.5,1.5,3.0,sysadmin,general_practitioner,0
ydh4zi,2,8,2.25,1.5,18.0,sysadmin,general_practitioner,0
ydwlyr,2,249,11.19277108433735,1.0,2787.0,sysadmin,general_practitioner,0
ydywfb,3,162,8.691358024691358,1.0,1408.0,sysadmin,general_practitioner,0
ydzdhx,3,26,8.23076923076923,1.0,214.0,sysadmin,general_practitioner,0
ye0hoh,2,7,2.4285714285714284,2.0,17.0,sysadmin,general_practitioner,0
ye0jg6,1,7,3.7142857142857135,2.0,26.0,sysadmin,general_practitioner,0
ye134c,2,2,1.0,1.0,2.0,sysadmin,general_practitioner,0
yepma1,3,48,13.3125,2.0,639.0,sysadmin,general_practitioner,0
yffrne,1,8,4.125,2.5,33.0,sysadmin,general_practitioner,0
yfhqpp,1,2,1.0,1.0,2.0,sysadmin,general_practitioner,0
yffyb5,1,4,3.75,2.5,15.0,sysadmin,general_practitioner,0
yfnksm,1,2,2.0,2.0,4.0,sysadmin,general_practitioner,0
yfsh27,1,17,6.764705882352941,3.0,115.0,sysadmin,general_practitioner,0
ygno9e,1,3,1.3333333333333333,1.0,4.0,sysadmin,general_practitioner,0
ygrnxt,1,94,9.914893617021276,2.0,932.0,sysadmin,general_practitioner,0
yhuiyf,2,6,4.333333333333333,3.0,26.0,sysadmin,general_practitioner,0
yiefqy,1,26,3.769230769230769,1.5,98.0,sysadmin,general_practitioner,0
yijjp8,1,16,2.5625,1.0,41.0,sysadmin,general_practitioner,0
yik862,1,3,1.0,1.0,3.0,sysadmin,general_practitioner,0
yipokq,3,29,2.655172413793104,1.0,77.0,sysadmin,general_practitioner,0
yiqyza,1,4,1.5,1.0,6.0,sysadmin,general_practitioner,0
yiv6u0,1,8,2.75,1.5,22.0,sysadmin,general_practitioner,0
yj7xc2,1,3,4.666666666666667,3.0,14.0,sysadmin,general_practitioner,0
ykbm5n,2,216,12.226851851851851,1.0,2641.0,sysadmin,general_practitioner,0
ykfad0,2,3,2.0,2.0,6.0,sysadmin,general_practitioner,0
ykv6xn,1,10,2.1,1.0,21.0,sysadmin,general_practitioner,0
yl3cz3,3,12,2.333333333333333,2.0,28.0,sysadmin,general_practitioner,0
yl3tze,2,56,8.375,2.0,469.0,sysadmin,general_practitioner,0
yl45cf,1,2,1.5,1.5,3.0,sysadmin,general_practitioner,0
yl48cu,1,4,1.75,2.0,7.0,sysadmin,general_practitioner,0
yl5alh,3,6,3.5,2.5,21.0,sysadmin,general_practitioner,0
yl697a,1,5,3.0,3.0,15.0,sysadmin,general_practitioner,0
ylfsp1,1,10,2.9,2.5,29.0,sysadmin,general_practitioner,0
ym2x8e,1,55,13.636363636363637,5.0,750.0,sysadmin,general_practitioner,0
ym7qkr,2,26,4.923076923076923,2.5,128.0,sysadmin,general_practitioner,0
ym8e1b,1,11,13.636363636363637,4.0,150.0,sysadmin,general_practitioner,0
ynhie9,1,17,13.058823529411764,5.0,222.0,sysadmin,general_practitioner,0
yogn0o,1,14,4.285714285714286,2.5,60.0,sysadmin,general_practitioner,0
yojgnf,1,125,19.616,2.0,2452.0,sysadmin,general_practitioner,0
yoorfc,2,87,5.977011494252873,1.0,520.0,sysadmin,general_practitioner,0
yp7i3w,2,44,3.4318181818181817,1.0,151.0,sysadmin,general_practitioner,0
ypttnv,2,84,18.047619047619047,2.0,1516.0,sysadmin,general_practitioner,0
yq973c,2,3,1.0,1.0,3.0,sysadmin,general_practitioner,0
yqdafa,2,8,1.75,1.5,14.0,sysadmin,general_practitioner,0
yqjhw7,2,13,3.076923076923077,2.0,40.0,sysadmin,general_practitioner,0
yqkvqg,1,18,2.055555555555556,1.0,37.0,sysadmin,general_practitioner,0
yqo1x4,3,0,,,,sysadmin,general_practitioner,1
yqsfku,1,9,9.666666666666666,3.0,87.0,sysadmin,general_practitioner,0
yqs4bk,2,4,1.0,1.0,4.0,sysadmin,general_practitioner,0
yr5dtu,1,3,2.333333333333333,3.0,7.0,sysadmin,general_practitioner,0
yr8dhy,2,8,3.875,2.5,31.0,sysadmin,general_practitioner,0
yrucdg,4,66,6.863636363636363,1.0,453.0,sysadmin,general_practitioner,0
ysfw0h,1,6,7.833333333333333,4.0,47.0,sysadmin,general_practitioner,0
yscc23,1,85,7.764705882352941,1.0,660.0,sysadmin,general_practitioner,0
ysicdh,3,42,5.785714285714286,1.0,243.0,sysadmin,general_practitioner,0
ysorof,2,14,9.071428571428571,4.0,127.0,sysadmin,general_practitioner,0
yst5kq,3,14,3.928571428571429,2.0,55.0,sysadmin,general_practitioner,0
yunbgt,1,88,4.409090909090909,1.0,388.0,sysadmin,general_practitioner,0
yv4sg7,1,3,1.3333333333333333,2.0,4.0,sysadmin,general_practitioner,0
yv512s,1,26,4.6923076923076925,2.0,122.0,sysadmin,general_practitioner,0
yv5ko1,2,9,4.222222222222222,1.0,38.0,sysadmin,general_practitioner,0
yvawai,1,45,12.88888888888889,3.0,580.0,sysadmin,general_practitioner,0
yvf698,3,37,8.756756756756756,2.0,324.0,sysadmin,general_practitioner,0
yvjh20,3,1,1.0,1.0,1.0,sysadmin,general_practitioner,0
yvlrea,2,4,9.25,4.5,37.0,sysadmin,general_practitioner,0
yvmhu1,4,15,3.533333333333333,3.0,53.0,sysadmin,general_practitioner,0
yvsp2a,1,10,2.4,2.0,24.0,sysadmin,general_practitioner,0
ywd39n,2,12,3.8333333333333335,2.5,46.0,sysadmin,general_practitioner,0
ywkjb8,1,5,1.4,1.0,7.0,sysadmin,general_practitioner,0
ywq3al,1,5,3.0,3.0,15.0,sysadmin,general_practitioner,0
ywug6r,3,2,1.0,1.0,2.0,sysadmin,general_practitioner,0
ywx6p0,1,188,7.3936170212765955,1.0,1390.0,sysadmin,general_practitioner,0
yx54ew,2,2,1.5,1.5,3.0,sysadmin,general_practitioner,0
yx5wc4,1,0,,,,sysadmin,general_practitioner,1
yxaygh,1,2,2.5,2.5,5.0,sysadmin,general_practitioner,0
yxj8bg,2,59,5.983050847457627,1.0,353.0,sysadmin,general_practitioner,0
yxxhao,1,2,3.0,3.0,6.0,sysadmin,general_practitioner,0
yxz8jz,1,4,2.5,2.5,10.0,sysadmin,general_practitioner,0
yy0kb5,2,6,3.0,2.0,18.0,sysadmin,general_practitioner,0
yy2z92,1,87,4.758620689655173,1.0,414.0,sysadmin,general_practitioner,0
yylmi7,3,12,4.5,2.5,54.0,sysadmin,general_practitioner,0
yyqrtg,1,26,4.076923076923077,2.0,106.0,sysadmin,general_practitioner,0
yyruqw,2,3,3.0,2.0,9.0,sysadmin,general_practitioner,0
yyso3u,1,1,1.0,1.0,1.0,sysadmin,general_practitioner,0
yyww3i,1,13,1.5384615384615383,2.0,20.0,sysadmin,general_practitioner,0
yytzmy,1,250,5.256,1.0,1314.0,sysadmin,general_practitioner,0
yzekmo,1,2,2.0,2.0,4.0,sysadmin,general_practitioner,0
yzegwl,1,7,3.142857142857143,2.0,22.0,sysadmin,general_practitioner,0
yzoyl2,1,4,4.75,2.0,19.0,sysadmin,general_practitioner,0
z0h3a6,1,38,4.131578947368421,2.0,157.0,sysadmin,general_practitioner,0
z0nais,1,4,2.5,1.5,10.0,sysadmin,general_practitioner,0
z15pqu,3,104,5.6923076923076925,1.0,592.0,sysadmin,general_practitioner,0
z14i0s,1,29,4.586206896551724,2.0,133.0,sysadmin,general_practitioner,0
z16aw4,1,20,8.35,3.0,167.0,sysadmin,general_practitioner,0
z16pl6,1,16,16.3125,1.5,261.0,sysadmin,general_practitioner,0
z1rz81,2,14,3.642857142857143,1.5,51.0,sysadmin,general_practitioner,0
z1y2rj,4,19,5.157894736842105,3.0,98.0,sysadmin,general_practitioner,0
z2xvo1,3,152,12.13157894736842,1.0,1844.0,sysadmin,general_practitioner,0
z30325,2,9,6.666666666666667,6.0,60.0,sysadmin,general_practitioner,0
z319wh,4,6,3.333333333333333,1.0,20.0,sysadmin,general_practitioner,0
z3b64k,2,5,3.0,2.0,15.0,sysadmin,general_practitioner,0
z448tl,1,7,6.428571428571429,5.0,45.0,sysadmin,general_practitioner,0
z46ly4,1,33,10.636363636363637,2.0,351.0,sysadmin,general_practitioner,0
z60xig,2,2,5.5,5.5,11.0,sysadmin,general_practitioner,0
z5tnkx,1,9,5.0,2.0,45.0,sysadmin,general_practitioner,0
z6304t,2,708,10.964689265536723,1.0,7763.0,sysadmin,general_practitioner,0
z70m4d,3,216,15.824074074074074,2.0,3418.0,sysadmin,general_practitioner,0
z73p6x,1,10,8.9,4.0,89.0,sysadmin,general_practitioner,0
z7yw1g,2,94,11.893617021276595,1.0,1118.0,sysadmin,general_practitioner,0
z80vja,2,5,1.8,2.0,9.0,sysadmin,general_practitioner,0
z82vih,1,8,1.25,1.0,10.0,sysadmin,general_practitioner,0
z8azk2,1,27,9.22222222222222,2.0,249.0,sysadmin,general_practitioner,0
z8em88,3,7,4.714285714285714,3.0,33.0,sysadmin,general_practitioner,0
z8cd46,2,5,5.2,2.0,26.0,sysadmin,general_practitioner,0
z8kdhs,2,7,2.571428571428572,1.0,18.0,sysadmin,general_practitioner,0
z8h2pg,1,7,4.571428571428571,4.0,32.0,sysadmin,general_practitioner,0
z8h9ls,2,4,1.0,1.0,4.0,sysadmin,general_practitioner,0
z8u3nf,2,14,5.285714285714286,2.0,74.0,sysadmin,general_practitioner,0
z8w6rm,1,6,5.666666666666667,1.0,34.0,sysadmin,general_practitioner,0
z9h60b,4,1,5.0,5.0,5.0,sysadmin,general_practitioner,0
z9ke8i,1,5,2.6,2.0,13.0,sysadmin,general_practitioner,0
z9xm5g,1,48,4.958333333333333,1.0,238.0,sysadmin,general_practitioner,0
z9wa0m,3,131,16.442748091603054,1.0,2154.0,sysadmin,general_practitioner,0
z9z6m4,3,44,4.704545454545454,1.0,207.0,sysadmin,general_practitioner,0
za66xi,1,5,2.6,2.0,13.0,sysadmin,general_practitioner,0
za574l,3,14,2.642857142857143,1.0,37.0,sysadmin,general_practitioner,0
zaigth,1,6,19.5,3.0,117.0,sysadmin,general_practitioner,0
zapi6n,2,110,11.054545454545456,2.0,1216.0,sysadmin,general_practitioner,0
zatrs7,1,6,3.6666666666666665,1.0,22.0,sysadmin,general_practitioner,0
zb004y,2,1,3.0,3.0,3.0,sysadmin,general_practitioner,0
zb3er2,1,5,2.8,3.0,14.0,sysadmin,general_practitioner,0
zbf8fu,2,444,8.60135135135135,1.0,3819.0,sysadmin,general_practitioner,0
zc7kjo,1,45,5.466666666666667,2.0,246.0,sysadmin,general_practitioner,0
zchc6u,1,8,2.5,2.5,20.0,sysadmin,general_practitioner,0
zdf0bk,1,3,3.0,3.0,9.0,sysadmin,general_practitioner,0
zdh23n,1,16,2.5625,1.5,41.0,sysadmin,general_practitioner,0
zdy63k,3,117,26.85470085470085,1.0,3142.0,sysadmin,general_practitioner,0
zdquou,3,4,1.0,1.0,4.0,sysadmin,general_practitioner,0
ze2ili,2,28,8.642857142857142,1.5,242.0,sysadmin,general_practitioner,0
zea9wz,3,67,6.641791044776119,1.0,445.0,sysadmin,general_practitioner,0
zee3jl,1,1,1.0,1.0,1.0,sysadmin,general_practitioner,0
zeejrt,2,0,,,,sysadmin,general_practitioner,1
zeoixm,1,3,2.0,2.0,6.0,sysadmin,general_practitioner,0
zercbk,2,22,3.772727272727273,1.5,83.0,sysadmin,general_practitioner,0
zetv4o,1,31,5.870967741935484,2.0,182.0,sysadmin,general_practitioner,0
zf5pqm,1,4,2.5,2.0,10.0,sysadmin,general_practitioner,0
zfqa3k,1,129,10.03875968992248,2.0,1295.0,sysadmin,general_practitioner,0
zfowq8,1,53,15.245283018867925,1.0,808.0,sysadmin,general_practitioner,0
zg9z3m,1,3,2.333333333333333,2.0,7.0,sysadmin,general_practitioner,0
zgapcl,1,129,15.651162790697674,2.0,2019.0,sysadmin,general_practitioner,0
zgjnyh,1,10,6.3,3.0,63.0,sysadmin,general_practitioner,0
zghew1,1,17,6.941176470588236,3.0,118.0,sysadmin,general_practitioner,0
zgo8gj,2,10,6.1,5.5,61.0,sysadmin,general_practitioner,0
zh71fg,2,9,2.4444444444444446,2.0,22.0,sysadmin,general_practitioner,0
zi8kel,1,9,2.888888888888889,2.0,26.0,sysadmin,general_practitioner,0
zipg5b,1,36,27.22222222222222,6.0,980.0,sysadmin,general_practitioner,0
zjiipr,1,6,4.833333333333333,3.5,29.0,sysadmin,general_practitioner,0
zjhn7j,1,36,17.416666666666668,7.0,627.0,sysadmin,general_practitioner,0
zk5zp9,1,5,3.0,2.0,15.0,sysadmin,general_practitioner,0
zkb6l2,1,5,2.8,1.0,14.0,sysadmin,general_practitioner,0
zkempc,2,2,2.5,2.5,5.0,sysadmin,general_practitioner,0
zkhir0,3,44,13.818181818181818,2.0,608.0,sysadmin,general_practitioner,0
zlkki4,1,2,3.0,3.0,6.0,sysadmin,general_practitioner,0
zln5ec,1,73,9.273972602739724,1.0,677.0,sysadmin,general_practitioner,0
zlnk9l,3,25,10.16,2.0,254.0,sysadmin,general_practitioner,0
zly4as,1,10,4.4,3.0,44.0,sysadmin,general_practitioner,0
zlxc4k,1,0,,,,sysadmin,general_practitioner,1
zm4hv9,1,4,1.75,2.0,7.0,sysadmin,general_practitioner,0
zm5t5w,1,7,3.4285714285714284,1.0,24.0,sysadmin,general_practitioner,0
zmd185,1,2,2.0,2.0,4.0,sysadmin,general_practitioner,0
zmeur4,1,21,4.190476190476191,2.0,88.0,sysadmin,general_practitioner,0
zmmc0k,1,31,5.741935483870968,2.0,178.0,sysadmin,general_practitioner,0
zmk360,1,28,16.714285714285715,2.0,468.0,sysadmin,general_practitioner,0
zmv9of,3,39,4.743589743589744,2.0,185.0,sysadmin,general_practitioner,0
zn4p2e,2,39,6.051282051282051,2.0,236.0,sysadmin,general_practitioner,0
zn9x8v,1,4,2.5,2.0,10.0,sysadmin,general_practitioner,0
zni8tn,1,33,16.424242424242426,7.0,542.0,sysadmin,general_practitioner,0
znk8z1,1,2,2.0,2.0,4.0,sysadmin,general_practitioner,0
znnyyk,1,2,1.5,1.5,3.0,sysadmin,general_practitioner,0
znt8qb,3,3,2.333333333333333,1.0,7.0,sysadmin,general_practitioner,0
znq5yx,1,1,3.0,3.0,3.0,sysadmin,general_practitioner,0
zoowce,3,41,5.195121951219512,1.0,213.0,sysadmin,general_practitioner,0
zpg1n7,3,40,5.025,2.0,201.0,sysadmin,general_practitioner,0
zpmvzh,2,17,9.117647058823527,2.0,155.0,sysadmin,general_practitioner,0
zpuolv,3,17,4.764705882352941,2.0,81.0,sysadmin,general_practitioner,0
zqfjob,2,21,3.571428571428572,1.0,75.0,sysadmin,general_practitioner,0
zqrwas,1,5,2.4,3.0,12.0,sysadmin,general_practitioner,0
zrcga1,1,58,2.5517241379310347,1.0,148.0,sysadmin,general_practitioner,0
zrlchu,1,40,5.8,1.0,232.0,sysadmin,general_practitioner,0
zrmvob,1,75,6.386666666666667,1.0,479.0,sysadmin,general_practitioner,0
zs7dmr,3,379,16.34036939313984,1.0,6193.0,sysadmin,general_practitioner,0
zseq93,1,3,3.0,3.0,9.0,sysadmin,general_practitioner,0
zsj1w7,1,57,4.315789473684211,1.0,246.0,sysadmin,general_practitioner,0
zslbkh,2,28,4.714285714285714,2.0,132.0,sysadmin,general_practitioner,0
zsqwtf,2,9,6.888888888888889,4.0,62.0,sysadmin,general_practitioner,0
zsxe0j,1,34,6.529411764705882,1.0,222.0,sysadmin,general_practitioner,0
ztklva,2,8,2.625,1.5,21.0,sysadmin,general_practitioner,0
ztkdit,1,7,2.4285714285714284,1.0,17.0,sysadmin,general_practitioner,0
ztm426,1,4,2.0,2.0,8.0,sysadmin,general_practitioner,0
ztqmkt,4,6,9.333333333333334,8.5,56.0,sysadmin,general_practitioner,0
ztuwps,4,7,8.0,4.0,56.0,sysadmin,general_practitioner,0
ztwy9e,2,43,26.41860465116279,3.0,1136.0,sysadmin,general_practitioner,0
zuhano,2,14,7.5,2.5,105.0,sysadmin,general_practitioner,0
zv3pq5,1,99,13.444444444444445,1.0,1331.0,sysadmin,general_practitioner,0
zv4g9k,1,20,13.25,3.0,265.0,sysadmin,general_practitioner,0
zvcd0g,3,64,38.1875,3.0,2444.0,sysadmin,general_practitioner,0
zvj4sr,2,43,5.209302325581396,1.0,224.0,sysadmin,general_practitioner,0
zvxo74,2,24,7.958333333333333,3.5,191.0,sysadmin,general_practitioner,0
zvwn8a,3,22,6.227272727272728,2.0,137.0,sysadmin,general_practitioner,0
zw310x,4,34,12.235294117647058,1.0,416.0,sysadmin,general_practitioner,0
zvy042,3,4,9.75,2.5,39.0,sysadmin,general_practitioner,0
zw704j,1,4,6.25,4.0,25.0,sysadmin,general_practitioner,0
zw85ei,1,12,24.416666666666668,7.0,293.0,sysadmin,general_practitioner,0
zwnylt,2,15,1.6666666666666667,1.0,25.0,sysadmin,general_practitioner,0
zx6fbr,1,205,14.102439024390245,3.0,2891.0,sysadmin,general_practitioner,0
zxgnv2,1,29,7.448275862068965,1.0,216.0,sysadmin,general_practitioner,0
zxu92q,1,5,1.8,2.0,9.0,sysadmin,general_practitioner,0
zy9i6w,2,11,9.090909090909092,8.0,100.0,sysadmin,general_practitioner,0
zyetmo,2,73,37.45205479452055,5.0,2734.0,sysadmin,general_practitioner,0
zyfg32,1,4,2.0,2.0,8.0,sysadmin,general_practitioner,0
zymmqw,2,3,1.6666666666666667,1.0,5.0,sysadmin,general_practitioner,0
zyiudn,2,3,1.0,1.0,3.0,sysadmin,general_practitioner,0
zzciwc,3,72,24.819444444444443,1.0,1787.0,sysadmin,general_practitioner,0
1009hti,1,16,10.0,2.0,160.0,sysadmin,general_practitioner,0
10295gb,1,6,2.5,2.0,15.0,sysadmin,general_practitioner,0
102ao1l,3,7,2.4285714285714284,2.0,17.0,sysadmin,general_practitioner,0
102f295,3,151,4.920529801324503,1.0,743.0,sysadmin,general_practitioner,0
102k638,1,106,46.64150943396226,4.5,4944.0,sysadmin,general_practitioner,0
102mqaf,1,51,9.31372549019608,1.0,475.0,sysadmin,general_practitioner,0
10346xc,3,3,2.333333333333333,1.0,7.0,sysadmin,general_practitioner,0
103856g,2,25,7.48,2.0,187.0,sysadmin,general_practitioner,0
1039zyl,1,4,2.0,2.0,8.0,sysadmin,general_practitioner,0
1042ygd,2,3,2.333333333333333,2.0,7.0,sysadmin,general_practitioner,0
1048381,1,38,14.078947368421051,2.0,535.0,sysadmin,general_practitioner,0
104fygs,3,17,8.647058823529411,3.0,147.0,sysadmin,general_practitioner,0
104k51n,1,3,19.666666666666668,10.0,59.0,sysadmin,general_practitioner,0
104t2g4,1,17,6.411764705882353,2.0,109.0,sysadmin,general_practitioner,0
104yoc1,1,128,20.671875,1.0,2646.0,sysadmin,general_practitioner,0
1057lom,1,14,6.357142857142857,2.0,89.0,sysadmin,general_practitioner,0
106puib,1,20,5.45,1.5,109.0,sysadmin,general_practitioner,0
106r9rl,2,7,4.714285714285714,1.0,33.0,sysadmin,general_practitioner,0
106zh6s,3,26,5.115384615384615,2.0,133.0,sysadmin,general_practitioner,0
1079ltd,2,9,4.111111111111111,3.0,37.0,sysadmin,general_practitioner,0
107chx3,2,1,2.0,2.0,2.0,sysadmin,general_practitioner,0
107gd8x,1,5,1.6,1.0,8.0,sysadmin,general_practitioner,0
107jfsh,1,6,1.3333333333333333,1.0,8.0,sysadmin,general_practitioner,0
107px9j,1,17,1.8823529411764703,1.0,32.0,sysadmin,general_practitioner,0
107s1e1,1,1,1.0,1.0,1.0,sysadmin,general_practitioner,0
1081j6f,2,6,3.1666666666666665,2.0,19.0,sysadmin,general_practitioner,0
1087px5,2,4,4.0,2.0,16.0,sysadmin,general_practitioner,0
108d0u0,1,2,1.5,1.5,3.0,sysadmin,general_practitioner,0
108crhc,1,63,13.428571428571429,3.0,846.0,sysadmin,general_practitioner,0
1096b7g,1,5,2.0,2.0,10.0,sysadmin,general_practitioner,0
1096soi,3,265,4.124528301886793,1.0,1093.0,sysadmin,general_practitioner,0
10a2tyk,3,126,16.6984126984127,1.0,2104.0,sysadmin,general_practitioner,0
10ac86u,1,66,11.348484848484848,1.0,749.0,sysadmin,general_practitioner,0
10afgk7,2,20,2.85,1.0,57.0,sysadmin,general_practitioner,0
10apcl5,1,1,1.0,1.0,1.0,sysadmin,general_practitioner,0
10apk12,2,1,2.0,2.0,2.0,sysadmin,general_practitioner,0
10b0aw4,2,23,5.0,2.0,115.0,sysadmin,general_practitioner,0
10b55io,1,2,1.0,1.0,2.0,sysadmin,general_practitioner,0
10bd05w,1,28,18.428571428571427,2.5,516.0,sysadmin,general_practitioner,0
10btk2r,2,37,19.0,4.0,703.0,sysadmin,general_practitioner,0
10cba1f,3,4,6.0,7.0,24.0,sysadmin,general_practitioner,0
10crqle,3,35,6.885714285714286,3.0,241.0,sysadmin,general_practitioner,0
10crz46,2,11,2.636363636363636,2.0,29.0,sysadmin,general_practitioner,0
10d1xqs,1,1,3.0,3.0,3.0,sysadmin,general_practitioner,0
10cw5ta,1,88,16.306818181818183,3.0,1435.0,sysadmin,general_practitioner,0
10dix6v,2,73,13.657534246575343,1.0,997.0,sysadmin,general_practitioner,0
10dhyy4,1,24,4.458333333333333,2.0,107.0,sysadmin,general_practitioner,0
10ee0y0,1,5,2.8,1.0,14.0,sysadmin,general_practitioner,0
10egd5v,2,14,3.7142857142857135,1.5,52.0,sysadmin,general_practitioner,0
10eh4qf,1,2,2.0,2.0,4.0,sysadmin,general_practitioner,0
10eiirf,1,5,1.8,2.0,9.0,sysadmin,general_practitioner,0
10esb7o,1,22,6.545454545454546,1.0,144.0,sysadmin,general_practitioner,0
10eu49k,1,2,3.0,3.0,6.0,sysadmin,general_practitioner,0
10f1j7r,3,33,5.696969696969697,2.0,188.0,sysadmin,general_practitioner,0
10faq6y,2,8,1.875,2.0,15.0,sysadmin,general_practitioner,0
10fbw55,1,3,2.0,2.0,6.0,sysadmin,general_practitioner,0
10flhg1,1,4,3.25,3.5,13.0,sysadmin,general_practitioner,0
10fs11h,4,3,3.0,3.0,9.0,sysadmin,general_practitioner,0
10g1n7o,2,7,5.285714285714286,4.0,37.0,sysadmin,general_practitioner,0
10g2ypr,1,5,1.2,1.0,6.0,sysadmin,general_practitioner,0
10g3yws,4,7,2.7142857142857144,2.0,19.0,sysadmin,general_practitioner,0
10g78c7,3,174,29.114942528735632,1.0,5066.0,sysadmin,general_practitioner,0
10gmtlo,1,6,2.6666666666666665,1.0,16.0,sysadmin,general_practitioner,0
10gvtho,2,60,6.166666666666667,2.0,370.0,sysadmin,general_practitioner,0
10gmu5e,1,10,5.2,5.0,52.0,sysadmin,general_practitioner,0
10gzhdt,1,2,4.0,4.0,8.0,sysadmin,general_practitioner,0
10gzizn,1,42,5.047619047619048,2.0,212.0,sysadmin,general_practitioner,0
10h0a0j,1,19,9.157894736842104,2.0,174.0,sysadmin,general_practitioner,0
10h4clv,3,217,27.24423963133641,2.0,5912.0,sysadmin,general_practitioner,0
10h61gj,3,26,2.769230769230769,1.0,72.0,sysadmin,general_practitioner,0
10h6x2e,2,6,2.0,2.0,12.0,sysadmin,general_practitioner,0
10h7evd,4,57,5.0701754385964914,1.0,289.0,sysadmin,general_practitioner,0
10hgdyo,1,34,10.823529411764708,1.0,368.0,sysadmin,general_practitioner,0
10hn2tb,2,10,7.7,2.0,77.0,sysadmin,general_practitioner,0
10i4czq,2,49,7.26530612244898,1.0,356.0,sysadmin,general_practitioner,0
10i2779,3,2,5.5,5.5,11.0,sysadmin,general_practitioner,0
10j7wev,1,35,11.628571428571428,2.0,407.0,sysadmin,general_practitioner,0
10j7y7i,1,2,4.5,4.5,9.0,sysadmin,general_practitioner,0
10jdo9n,1,5,4.2,1.0,21.0,sysadmin,general_practitioner,0
10jeq7w,3,137,22.4014598540146,1.0,3069.0,sysadmin,general_practitioner,0
10jfpix,1,5,2.4,2.0,12.0,sysadmin,general_practitioner,0
10ji9co,1,2,1.0,1.0,2.0,sysadmin,general_practitioner,0
10jon9r,1,7,6.142857142857143,3.0,43.0,sysadmin,general_practitioner,0
10jpf6t,1,23,23.956521739130437,3.0,551.0,sysadmin,general_practitioner,0
10jwqew,1,33,8.575757575757576,2.0,283.0,sysadmin,general_practitioner,0
10k7wgu,1,38,8.078947368421053,2.0,307.0,sysadmin,general_practitioner,0
10kb07s,1,1,1.0,1.0,1.0,sysadmin,general_practitioner,0
10kotyc,1,29,4.344827586206897,2.0,126.0,sysadmin,general_practitioner,0
10kv2e2,1,5,6.2,4.0,31.0,sysadmin,general_practitioner,0
10kxtvq,2,39,3.3076923076923075,1.0,129.0,sysadmin,general_practitioner,0
10kypl4,1,50,10.2,1.0,510.0,sysadmin,general_practitioner,0
10l1lzq,1,13,4.076923076923077,2.0,53.0,sysadmin,general_practitioner,0
10lk5b4,1,84,20.202380952380956,1.0,1697.0,sysadmin,general_practitioner,0
10lsj0e,3,4,1.0,1.5,4.0,sysadmin,general_practitioner,0
10lw8f4,1,3,2.333333333333333,3.0,7.0,sysadmin,general_practitioner,0
10lxd1d,2,3,3.333333333333333,2.0,10.0,sysadmin,general_practitioner,0
10m83p8,1,13,8.076923076923077,4.0,105.0,sysadmin,general_practitioner,0
10mo9wt,2,27,5.555555555555555,2.0,150.0,sysadmin,general_practitioner,0
10mp6q4,1,3,2.333333333333333,2.0,7.0,sysadmin,general_practitioner,0
10mrf12,1,112,27.419642857142858,1.0,3071.0,sysadmin,general_practitioner,0
10mvyxb,2,2,8.5,8.5,17.0,sysadmin,general_practitioner,0
10mvp4w,1,8,4.875,3.0,39.0,sysadmin,general_practitioner,0
10ndyas,1,131,19.267175572519083,1.0,2524.0,sysadmin,general_practitioner,0
10nj52w,1,18,2.111111111111111,1.0,38.0,sysadmin,general_practitioner,0
10nvfc3,1,2,1.5,1.5,3.0,sysadmin,general_practitioner,0
10p29js,1,19,9.789473684210526,2.0,186.0,sysadmin,general_practitioner,0
10p3k4j,1,5,1.2,1.0,6.0,sysadmin,general_practitioner,0
10p7s1z,1,11,4.090909090909091,2.0,45.0,sysadmin,general_practitioner,0
10p8ppp,2,139,12.453237410071942,2.0,1731.0,sysadmin,general_practitioner,0
10ptmb7,1,43,2.3255813953488373,1.0,100.0,sysadmin,general_practitioner,0
10pvhdo,2,6,1.6666666666666667,1.0,10.0,sysadmin,general_practitioner,0
10qb55f,1,4,3.25,3.5,13.0,sysadmin,general_practitioner,0
10qzt9t,2,4,6.5,3.0,26.0,sysadmin,general_practitioner,0
10r55ef,1,26,4.846153846153846,2.0,126.0,sysadmin,general_practitioner,0
10r5jqq,1,5,2.0,2.0,10.0,sysadmin,general_practitioner,0
10r8k4x,2,110,10.00909090909091,1.0,1101.0,sysadmin,general_practitioner,0
10rqwyq,1,8,1.625,1.0,13.0,sysadmin,general_practitioner,0
10ruqzj,1,4,2.25,2.5,9.0,sysadmin,general_practitioner,0
10s2ck7,1,53,15.60377358490566,2.0,827.0,sysadmin,general_practitioner,0
10shu16,3,73,5.438356164383562,1.0,397.0,sysadmin,general_practitioner,0
10t1rl2,3,1,2.0,2.0,2.0,sysadmin,general_practitioner,0
10t9z0u,1,18,5.055555555555555,2.0,91.0,sysadmin,general_practitioner,0
10usz4o,1,3,3.0,3.0,9.0,sysadmin,general_practitioner,0
10vqd2a,1,8,3.375,2.0,27.0,sysadmin,general_practitioner,0
10vzhuo,1,53,8.283018867924529,2.0,439.0,sysadmin,general_practitioner,0
10w197w,1,88,8.920454545454545,1.0,785.0,sysadmin,general_practitioner,0
10w8vp2,1,30,17.833333333333332,5.5,535.0,sysadmin,general_practitioner,0
10wd5xd,2,10,2.1,2.0,21.0,sysadmin,general_practitioner,0
10weq0x,1,15,4.466666666666667,2.0,67.0,sysadmin,general_practitioner,0
10wkuyq,1,2,9.5,9.5,19.0,sysadmin,general_practitioner,0
10wi81e,1,16,9.125,5.0,146.0,sysadmin,general_practitioner,0
10wtje3,1,8,2.875,2.0,23.0,sysadmin,general_practitioner,0
10wx8ok,1,3,4.666666666666667,5.0,14.0,sysadmin,general_practitioner,0
10ww9zd,1,2,1.5,1.5,3.0,sysadmin,general_practitioner,0
10x1x5i,2,288,17.979166666666668,2.0,5178.0,sysadmin,general_practitioner,0
10x2bxf,2,31,9.580645161290322,2.0,297.0,sysadmin,general_practitioner,0
10x546e,3,22,3.0454545454545454,1.0,67.0,sysadmin,general_practitioner,0
10xaw0y,2,16,7.1875,2.0,115.0,sysadmin,general_practitioner,0
10xc05l,1,5,1.4,1.0,7.0,sysadmin,general_practitioner,0
10xje9b,1,3,3.0,4.0,9.0,sysadmin,general_practitioner,0
10xjqrr,2,8,16.875,6.0,135.0,sysadmin,general_practitioner,0
10xjjix,1,3,1.6666666666666667,1.0,5.0,sysadmin,general_practitioner,0
10xlp3h,1,1,1.0,1.0,1.0,sysadmin,general_practitioner,0
10xvtb4,2,3,3.0,2.0,9.0,sysadmin,general_practitioner,0
10y1ywl,1,2,1.0,1.0,2.0,sysadmin,general_practitioner,0
10y3sds,1,17,5.117647058823529,2.0,87.0,sysadmin,general_practitioner,0
10y449k,1,3,1.0,1.0,3.0,sysadmin,general_practitioner,0
10y8d8l,1,3,3.0,2.0,9.0,sysadmin,general_practitioner,0
10yeqpe,2,4,5.5,2.5,22.0,sysadmin,general_practitioner,0
10yxn3z,3,32,6.96875,3.0,223.0,sysadmin,general_practitioner,0
10z0stp,1,3,2.6666666666666665,2.0,8.0,sysadmin,general_practitioner,0
10yzyt5,3,15,4.933333333333334,2.0,74.0,sysadmin,general_practitioner,0
10z9xvt,1,8,1.625,1.5,13.0,sysadmin,general_practitioner,0
10zbfmv,1,175,4.268571428571429,1.0,747.0,sysadmin,general_practitioner,0
10zlt2i,1,42,25.976190476190474,2.0,1091.0,sysadmin,general_practitioner,0
10ztkbb,3,6,5.5,2.5,33.0,sysadmin,general_practitioner,0
110jaz6,1,4,2.75,1.5,11.0,sysadmin,general_practitioner,0
110wy8b,3,18,2.9444444444444446,1.0,53.0,sysadmin,general_practitioner,0
1119jhe,1,20,2.65,1.0,53.0,sysadmin,general_practitioner,0
111bm11,2,24,12.791666666666666,4.0,307.0,sysadmin,general_practitioner,0
111d1v9,2,37,12.783783783783784,2.0,473.0,sysadmin,general_practitioner,0
111fstp,3,12,6.083333333333333,3.0,73.0,sysadmin,general_practitioner,0
111h080,4,115,10.391304347826088,2.0,1195.0,sysadmin,general_practitioner,0
111hsmp,1,1,2.0,2.0,2.0,sysadmin,general_practitioner,0
111nxif,4,73,4.315068493150685,1.0,315.0,sysadmin,general_practitioner,0
111wzw7,2,5,3.4,2.0,17.0,sysadmin,general_practitioner,0
1127k8r,1,3,1.6666666666666667,2.0,5.0,sysadmin,general_practitioner,0
1128je9,1,122,11.459016393442624,2.0,1398.0,sysadmin,general_practitioner,0
112dc8z,3,30,6.233333333333333,3.0,187.0,sysadmin,general_practitioner,0
112kbrt,3,22,4.181818181818182,1.5,92.0,sysadmin,general_practitioner,0
112vinc,1,45,9.333333333333334,2.0,420.0,sysadmin,general_practitioner,0
1132cpq,1,2,-1.0,-1.0,-2.0,sysadmin,general_practitioner,0
113c60l,1,12,5.583333333333333,3.0,67.0,sysadmin,general_practitioner,0
113ihde,1,2,1.0,1.0,2.0,sysadmin,general_practitioner,0
113icyo,2,11,4.2727272727272725,2.0,47.0,sysadmin,general_practitioner,0
113ml8g,4,635,9.815748031496064,1.0,6233.0,sysadmin,general_practitioner,0
113qmim,2,1,1.0,1.0,1.0,sysadmin,general_practitioner,0
113rz7n,1,6,1.8333333333333333,2.0,11.0,sysadmin,general_practitioner,0
113rvxn,1,3,1.6666666666666667,2.0,5.0,sysadmin,general_practitioner,0
113t06n,4,49,5.142857142857143,2.0,252.0,sysadmin,general_practitioner,0
113v0gx,1,6,1.0,1.0,6.0,sysadmin,general_practitioner,0
113wuob,2,7,2.4285714285714284,1.0,17.0,sysadmin,general_practitioner,0
113xnp9,2,57,18.59649122807017,3.0,1060.0,sysadmin,general_practitioner,0
113z7ae,2,0,,,,sysadmin,general_practitioner,1
1141uii,1,38,3.5,1.0,133.0,sysadmin,general_practitioner,0
11460qs,1,1,2.0,2.0,2.0,sysadmin,general_practitioner,0
1148pl2,3,3,2.333333333333333,2.0,7.0,sysadmin,general_practitioner,0
114bmba,3,43,8.209302325581396,1.0,353.0,sysadmin,general_practitioner,0
114rkcr,3,4,7.0,4.0,28.0,sysadmin,general_practitioner,0
114ryse,1,169,14.248520710059172,1.0,2408.0,sysadmin,general_practitioner,0
114uouq,3,20,7.2,4.5,144.0,sysadmin,general_practitioner,0
114sssr,1,6,1.5,1.0,9.0,sysadmin,general_practitioner,0
114ygcr,1,15,3.8,2.0,57.0,sysadmin,general_practitioner,0
114zc3j,1,6,1.6666666666666667,1.0,10.0,sysadmin,general_practitioner,0
1152q6r,2,46,11.152173913043478,3.0,513.0,sysadmin,general_practitioner,0
1152im4,2,39,7.358974358974359,1.0,287.0,sysadmin,general_practitioner,0
1150hcb,1,6,1.3333333333333333,1.0,8.0,sysadmin,general_practitioner,0
115fu4z,3,11,2.727272727272727,2.0,30.0,sysadmin,general_practitioner,0
1160985,3,5,2.8,1.0,14.0,sysadmin,general_practitioner,0
1161clx,3,9,6.555555555555555,3.0,59.0,sysadmin,general_practitioner,0
116iqcc,3,10,9.1,3.0,91.0,sysadmin,general_practitioner,0
116i9pj,1,127,19.19685039370079,2.0,2438.0,sysadmin,general_practitioner,0
116u6th,3,0,,,,sysadmin,general_practitioner,1
11707wf,1,34,7.352941176470588,2.0,250.0,sysadmin,general_practitioner,0
1176e4p,3,7,2.4285714285714284,3.0,17.0,sysadmin,general_practitioner,0
1178krm,2,6,10.0,5.0,60.0,sysadmin,general_practitioner,0
117904h,1,3,0.6666666666666666,1.0,2.0,sysadmin,general_practitioner,0
117hc51,1,4,3.25,3.0,13.0,sysadmin,general_practitioner,0
117otfb,1,21,7.095238095238095,2.0,149.0,sysadmin,general_practitioner,0
1180cg8,3,7,4.0,2.0,28.0,sysadmin,general_practitioner,0
1182loi,1,57,7.052631578947368,1.0,402.0,sysadmin,general_practitioner,0
118l5aq,1,47,12.063829787234043,1.0,567.0,sysadmin,general_practitioner,0
118mif1,1,9,1.5555555555555556,1.0,14.0,sysadmin,general_practitioner,0
118vj48,1,3,1.0,1.0,3.0,sysadmin,general_practitioner,0
118wqt1,3,441,9.616780045351474,1.0,4241.0,sysadmin,general_practitioner,0
1190aii,3,2,1.0,1.0,2.0,sysadmin,general_practitioner,0
1190mej,1,5,1.4,1.0,7.0,sysadmin,general_practitioner,0
1193jyb,2,25,4.72,2.0,118.0,sysadmin,general_practitioner,0
119l15v,1,3,3.6666666666666665,3.0,11.0,sysadmin,general_practitioner,0
119ym9c,2,39,32.07692307692308,2.0,1251.0,sysadmin,general_practitioner,0
11a2im4,1,17,3.0,1.0,51.0,sysadmin,general_practitioner,0
11a6z1m,2,5,3.2,1.0,16.0,sysadmin,general_practitioner,0
11abvwd,1,7,4.714285714285714,3.0,33.0,sysadmin,general_practitioner,0
11aa7ua,1,38,4.0,1.0,152.0,sysadmin,general_practitioner,0
11ae4ge,2,4,2.0,2.0,8.0,sysadmin,general_practitioner,0
11av851,1,1,4.0,4.0,4.0,sysadmin,general_practitioner,0
11awzhv,3,11,8.090909090909092,5.0,89.0,sysadmin,general_practitioner,0
11ayyv3,2,5,3.8,3.0,19.0,sysadmin,general_practitioner,0
11b1xto,2,9,3.7777777777777777,3.0,34.0,sysadmin,general_practitioner,0
11b6s6h,2,4,7.0,5.5,28.0,sysadmin,general_practitioner,0
11bduwg,3,166,4.945783132530121,1.0,821.0,sysadmin,general_practitioner,0
11bcyqe,1,6,2.1666666666666665,1.5,13.0,sysadmin,general_practitioner,0
11bj9lr,1,337,11.741839762611276,2.0,3957.0,sysadmin,general_practitioner,0
11bwzmm,1,10,2.4,1.5,24.0,sysadmin,general_practitioner,0
11bxorn,1,81,17.382716049382715,2.0,1408.0,sysadmin,general_practitioner,0
11by6lg,1,15,5.333333333333333,3.0,80.0,sysadmin,general_practitioner,0
11c3d06,4,10,2.5,2.0,25.0,sysadmin,general_practitioner,0
11cmwug,1,46,5.456521739130435,1.0,251.0,sysadmin,general_practitioner,0
11dbzi8,1,120,24.216666666666665,2.0,2906.0,sysadmin,general_practitioner,0
11dfa9t,1,6,2.1666666666666665,1.5,13.0,sysadmin,general_practitioner,0
11dgfuc,1,13,6.0,2.0,78.0,sysadmin,general_practitioner,0
11dhf6b,1,0,,,,sysadmin,general_practitioner,1
11di7cc,1,1,1.0,1.0,1.0,sysadmin,general_practitioner,0
11dn3n9,1,5,2.2,1.0,11.0,sysadmin,general_practitioner,0
11dt2hn,2,5,2.8,2.0,14.0,sysadmin,general_practitioner,0
11e7joj,1,28,11.0,2.0,308.0,sysadmin,general_practitioner,0
11ebmrp,2,4,2.5,2.5,10.0,sysadmin,general_practitioner,0
11ei57s,1,8,3.0,3.0,24.0,sysadmin,general_practitioner,0
11fi6ra,1,85,9.341176470588236,1.0,794.0,sysadmin,general_practitioner,0
11fp30w,2,3,6.333333333333333,3.0,19.0,sysadmin,general_practitioner,0
11fx1a1,1,9,2.2222222222222223,2.0,20.0,sysadmin,general_practitioner,0
11fxqkc,1,28,4.714285714285714,2.0,132.0,sysadmin,general_practitioner,0
11g4yjv,1,5,2.8,2.0,14.0,sysadmin,general_practitioner,0
11g9inz,3,2,1.0,1.0,2.0,sysadmin,general_practitioner,0
11ga5uu,2,4,1.25,1.0,5.0,sysadmin,general_practitioner,0
11gapc4,2,6,3.5,2.0,21.0,sysadmin,general_practitioner,0
11gfso2,1,18,3.2777777777777777,1.5,59.0,sysadmin,general_practitioner,0
11gndgl,1,2,1.0,1.0,2.0,sysadmin,general_practitioner,0
11gsv28,1,1,3.0,3.0,3.0,sysadmin,general_practitioner,0
11hxdb4,1,6,1.8333333333333333,1.5,11.0,sysadmin,general_practitioner,0
11hk5ss,1,345,23.339130434782607,2.0,8052.0,sysadmin,general_practitioner,0
11ia26y,1,2,6.5,6.5,13.0,sysadmin,general_practitioner,0
11idd0y,2,2,1.5,1.5,3.0,sysadmin,general_practitioner,0
11k0svg,1,9,4.444444444444445,3.0,40.0,sysadmin,general_practitioner,0
11k3mlh,1,4,2.5,2.5,10.0,sysadmin,general_practitioner,0
11k5wgg,2,11,3.363636363636364,3.0,37.0,sysadmin,general_practitioner,0
11k8bog,1,0,,,,sysadmin,general_practitioner,1
11kkylo,1,10,5.0,3.5,50.0,sysadmin,general_practitioner,0
11l4kzf,3,56,7.821428571428571,2.0,438.0,sysadmin,general_practitioner,0
11l4wsv,1,28,3.2142857142857144,1.0,90.0,sysadmin,general_practitioner,0
11la899,1,10,4.6,2.5,46.0,sysadmin,general_practitioner,0
11l92q7,2,95,22.57894736842105,3.0,2145.0,sysadmin,general_practitioner,0
11lddw6,1,3,1.6666666666666667,2.0,5.0,sysadmin,general_practitioner,0
11lipvr,1,229,16.344978165938866,1.0,3743.0,sysadmin,general_practitioner,0
11lw8lj,2,31,6.935483870967742,1.0,215.0,sysadmin,general_practitioner,0
11m1cc6,1,13,6.615384615384615,3.0,86.0,sysadmin,general_practitioner,0
11m7083,1,3,3.6666666666666665,2.0,11.0,sysadmin,general_practitioner,0
11mjw3x,1,56,6.464285714285714,3.0,362.0,sysadmin,general_practitioner,0
11mptwy,1,3,3.333333333333333,3.0,10.0,sysadmin,general_practitioner,0
11myjn7,2,134,10.238805970149254,1.0,1372.0,sysadmin,general_practitioner,0
11n0ep4,1,2,2.5,2.5,5.0,sysadmin,general_practitioner,0
11n57ip,2,11,2.090909090909091,1.0,23.0,sysadmin,general_practitioner,0
11n7vlw,2,3,1.6666666666666667,1.0,5.0,sysadmin,general_practitioner,0
11natkb,1,10,4.0,2.0,40.0,sysadmin,general_practitioner,0
11nt59o,2,107,4.476635514018692,0.0,479.0,sysadmin,general_practitioner,0
11nu3te,1,9,2.4444444444444446,2.0,22.0,sysadmin,general_practitioner,0
11nu1sy,1,4,1.75,1.5,7.0,sysadmin,general_practitioner,0
11o1bas,2,43,17.6046511627907,2.0,757.0,sysadmin,general_practitioner,0
11o5iwa,1,27,6.888888888888889,1.0,186.0,sysadmin,general_practitioner,0
11oqxw6,3,11,11.363636363636363,6.0,125.0,sysadmin,general_practitioner,0
11qgkli,3,19,5.421052631578948,2.0,103.0,sysadmin,general_practitioner,0
11qjwlm,2,24,11.291666666666666,2.5,271.0,sysadmin,general_practitioner,0
11qlrl4,1,43,11.790697674418604,1.0,507.0,sysadmin,general_practitioner,0
11r5ikb,2,36,5.083333333333333,1.5,183.0,sysadmin,general_practitioner,0
11r5t50,1,12,4.75,2.0,57.0,sysadmin,general_practitioner,0
11r6v4l,1,16,4.625,1.5,74.0,sysadmin,general_practitioner,0
11rn70b,2,15,1.8666666666666667,1.0,28.0,sysadmin,general_practitioner,0
11rme9d,1,5,2.8,3.0,14.0,sysadmin,general_practitioner,0
11rvca8,3,48,10.395833333333334,1.0,499.0,sysadmin,general_practitioner,0
11ruzkd,3,1,1.0,1.0,1.0,sysadmin,general_practitioner,0
11rx3n1,1,43,4.395348837209302,2.0,189.0,sysadmin,general_practitioner,0
11rzq2a,1,29,7.551724137931035,3.0,219.0,sysadmin,general_practitioner,0
11s0lcm,2,14,0.5,1.0,7.0,sysadmin,general_practitioner,0
11rzmqe,1,15,1.3333333333333333,1.0,20.0,sysadmin,general_practitioner,0
11s4kzz,1,10,2.6,2.0,26.0,sysadmin,general_practitioner,0
11svtte,1,15,5.866666666666666,2.0,88.0,sysadmin,general_practitioner,0
11syd81,1,1,4.0,4.0,4.0,sysadmin,general_practitioner,0
11sxysw,3,515,11.184466019417476,1.0,5760.0,sysadmin,general_practitioner,0
11t2phm,1,5,2.4,2.0,12.0,sysadmin,general_practitioner,0
11t5npt,3,12,4.083333333333333,2.5,49.0,sysadmin,general_practitioner,0
11th0jr,1,8,2.75,2.0,22.0,sysadmin,general_practitioner,0
11tthsh,2,11,3.090909090909091,1.0,34.0,sysadmin,general_practitioner,0
11tv922,1,2,3.0,3.0,6.0,sysadmin,general_practitioner,0
11tv9mj,1,3,2.333333333333333,2.0,7.0,sysadmin,general_practitioner,0
11u4g31,2,9,3.2222222222222223,2.0,29.0,sysadmin,general_practitioner,0
11udo4x,1,5,4.2,3.0,21.0,sysadmin,general_practitioner,0
11uox4k,3,74,18.905405405405407,2.0,1399.0,sysadmin,general_practitioner,0
11v1iv8,3,37,9.405405405405403,1.0,348.0,sysadmin,general_practitioner,0
11vf5gj,1,59,9.322033898305085,1.0,550.0,sysadmin,general_practitioner,0
11vs25r,2,10,1.7,2.0,17.0,sysadmin,general_practitioner,0
11w6k7a,1,50,38.54,2.0,1927.0,sysadmin,general_practitioner,0
11w7eqg,3,116,10.612068965517242,1.0,1231.0,sysadmin,general_practitioner,0
11wci89,3,34,6.0,2.5,204.0,sysadmin,general_practitioner,0
11wewz9,1,69,2.9420289855072466,1.0,203.0,sysadmin,general_practitioner,0
11wfisg,2,5,3.4,3.0,17.0,sysadmin,general_practitioner,0
11wmbnn,3,3,4.0,3.0,12.0,sysadmin,general_practitioner,0
11wn3pd,2,100,11.56,1.5,1156.0,sysadmin,general_practitioner,0
11wsvvm,1,37,4.0,1.0,148.0,sysadmin,general_practitioner,0
11xb7sc,3,16,11.625,2.5,186.0,sysadmin,general_practitioner,0
11xedl9,3,7,4.0,3.0,28.0,sysadmin,general_practitioner,0
11xfrdp,3,5,6.0,3.0,30.0,sysadmin,general_practitioner,0
11xi0x4,2,8,4.75,1.0,38.0,sysadmin,general_practitioner,0
11xnsho,2,4,1.0,1.0,4.0,sysadmin,general_practitioner,0
11xwqa5,2,11,2.4545454545454546,2.0,27.0,sysadmin,general_practitioner,0
11xwzil,1,89,9.52808988764045,2.0,848.0,sysadmin,general_practitioner,0
11xx1ly,2,3,2.333333333333333,3.0,7.0,sysadmin,general_practitioner,0
11xzeq3,1,2,1.5,1.5,3.0,sysadmin,general_practitioner,0
11y1zby,1,13,6.153846153846154,3.0,80.0,sysadmin,general_practitioner,0
11y213u,3,32,2.5625,1.0,82.0,sysadmin,general_practitioner,0
11y05vo,1,28,3.392857142857143,2.0,95.0,sysadmin,general_practitioner,0
11yd8uw,1,2,2.0,2.0,4.0,sysadmin,general_practitioner,0
11yhc9f,2,266,8.469924812030076,2.0,2253.0,sysadmin,general_practitioner,0
11ymizd,1,25,10.0,6.0,250.0,sysadmin,general_practitioner,0
11z5i8s,2,4,8.5,6.5,34.0,sysadmin,general_practitioner,0
11z6l0c,2,7,4.142857142857143,1.0,29.0,sysadmin,general_practitioner,0
11z7rek,1,3,4.0,3.0,12.0,sysadmin,general_practitioner,0
120042c,2,68,10.691176470588236,1.0,727.0,sysadmin,general_practitioner,0
12068om,2,35,13.485714285714286,2.0,472.0,sysadmin,general_practitioner,0
12099i0,2,5,2.6,1.0,13.0,sysadmin,general_practitioner,0
1207arv,1,14,2.9285714285714284,1.5,41.0,sysadmin,general_practitioner,0
120sjua,1,34,18.44117647058824,1.0,627.0,sysadmin,general_practitioner,0
120rt42,2,14,6.785714285714286,2.5,95.0,sysadmin,general_practitioner,0
121avm0,1,12,8.75,3.0,105.0,sysadmin,general_practitioner,0
12287tf,1,76,4.789473684210527,1.0,364.0,sysadmin,general_practitioner,0
122trz2,1,29,10.172413793103448,2.0,295.0,sysadmin,general_practitioner,0
123mgo8,1,1,1.0,1.0,1.0,sysadmin,general_practitioner,0
123xkjp,1,63,10.26984126984127,1.0,647.0,sysadmin,general_practitioner,0
123znzp,3,12,5.0,2.0,60.0,sysadmin,general_practitioner,0
1240exh,1,0,,,,sysadmin,general_practitioner,1
124heg1,1,3,2.6666666666666665,2.0,8.0,sysadmin,general_practitioner,0
124p90z,3,10,4.4,1.5,44.0,sysadmin,general_practitioner,0
124rp48,1,3,1.6666666666666667,1.0,5.0,sysadmin,general_practitioner,0
124wash,1,9,7.111111111111111,7.0,64.0,sysadmin,general_practitioner,0
124zigg,2,1,1.0,1.0,1.0,sysadmin,general_practitioner,0
125i7vw,4,8,2.375,2.5,19.0,sysadmin,general_practitioner,0
125lccq,3,4,4.0,3.0,16.0,sysadmin,general_practitioner,0
125ot8p,1,7,2.857142857142857,2.0,20.0,sysadmin,general_practitioner,0
125qoj4,1,1,2.0,2.0,2.0,sysadmin,general_practitioner,0
126l4jl,2,22,6.909090909090909,2.5,152.0,sysadmin,general_practitioner,0
126sktb,1,7,2.142857142857143,3.0,15.0,sysadmin,general_practitioner,0
126xlqk,1,220,12.695454545454544,2.0,2793.0,sysadmin,general_practitioner,0
127bkwg,2,14,4.357142857142857,2.0,61.0,sysadmin,general_practitioner,0
127ohxt,1,7,1.2857142857142858,2.0,9.0,sysadmin,general_practitioner,0
127pjns,3,6,2.5,3.0,15.0,sysadmin,general_practitioner,0
1297uop,2,5,2.6,2.0,13.0,sysadmin,general_practitioner,0
12a6tyd,1,41,7.853658536585366,1.0,322.0,sysadmin,general_practitioner,0
12a6q4b,3,4,4.5,4.0,18.0,sysadmin,general_practitioner,0
12ad98c,1,48,22.229166666666668,1.0,1067.0,sysadmin,general_practitioner,0
12an41e,2,5,2.4,2.0,12.0,sysadmin,general_practitioner,0
12aqxno,3,90,19.877777777777776,2.0,1789.0,sysadmin,general_practitioner,0
12arwjz,1,13,4.0,2.0,52.0,sysadmin,general_practitioner,0
12b31ju,2,8,4.5,2.5,36.0,sysadmin,general_practitioner,0
12b6oxl,1,26,16.615384615384617,4.0,432.0,sysadmin,general_practitioner,0
12bs9cc,2,10,2.7,2.5,27.0,sysadmin,general_practitioner,0
12buxr9,1,4,3.25,2.5,13.0,sysadmin,general_practitioner,0
12by4lz,1,8,2.625,1.5,21.0,sysadmin,general_practitioner,0
12c42vb,2,2,3.0,3.0,6.0,sysadmin,general_practitioner,0
12cmj7f,1,17,13.352941176470589,3.0,227.0,sysadmin,general_practitioner,0
12d4yub,1,1,2.0,2.0,2.0,sysadmin,general_practitioner,0
12dlvbz,1,37,10.18918918918919,2.0,377.0,sysadmin,general_practitioner,0
12dzt56,2,4,3.0,2.5,12.0,sysadmin,general_practitioner,0
12dysrl,1,10,1.5,1.0,15.0,sysadmin,general_practitioner,0
12eivgh,3,13,5.384615384615385,3.0,70.0,sysadmin,general_practitioner,0
12f1i6e,1,28,6.5,2.0,182.0,sysadmin,general_practitioner,0
12f9sza,4,121,23.297520661157023,4.0,2819.0,sysadmin,general_practitioner,0
12fx2rr,1,40,8.1,2.0,324.0,sysadmin,general_practitioner,0
12gv60z,1,11,6.909090909090909,2.0,76.0,sysadmin,general_practitioner,0
12htdl1,1,8,4.25,2.5,34.0,sysadmin,general_practitioner,0
12i3hcb,3,119,11.07563025210084,2.0,1318.0,sysadmin,general_practitioner,0
12ig4fn,2,9,5.111111111111111,4.0,46.0,sysadmin,general_practitioner,0
12ipond,1,3,1.3333333333333333,1.0,4.0,sysadmin,general_practitioner,0
12jbr74,1,41,32.707317073170735,2.0,1341.0,sysadmin,general_practitioner,0
12jozeg,1,3,1.6666666666666667,2.0,5.0,sysadmin,general_practitioner,0
12k56s3,1,7,1.5714285714285714,1.0,11.0,sysadmin,general_practitioner,0
12khf44,1,1,1.0,1.0,1.0,sysadmin,general_practitioner,0
12kj8d4,2,5,2.2,2.0,11.0,sysadmin,general_practitioner,0
12l4c45,1,4,2.5,2.5,10.0,sysadmin,general_practitioner,0
12lia2v,1,38,4.342105263157895,1.0,165.0,sysadmin,general_practitioner,0
12mdard,1,13,9.461538461538462,4.0,123.0,sysadmin,general_practitioner,0
12mgsvc,2,129,8.077519379844961,2.0,1042.0,sysadmin,general_practitioner,0
12o4jej,1,3,3.6666666666666665,4.0,11.0,sysadmin,general_practitioner,0
12o7o86,1,93,13.440860215053764,1.0,1250.0,sysadmin,general_practitioner,0
12omt6y,1,8,6.125,3.5,49.0,sysadmin,general_practitioner,0
12opfbd,3,20,5.6,2.0,112.0,sysadmin,general_practitioner,0
12oy20c,1,1,6.0,6.0,6.0,sysadmin,general_practitioner,0
12pl1vr,2,74,6.581081081081081,1.0,487.0,sysadmin,general_practitioner,0
12py4g1,1,51,9.529411764705882,1.0,486.0,sysadmin,general_practitioner,0
12qei14,1,6,2.0,1.0,12.0,sysadmin,general_practitioner,0
12qh3c3,1,6,5.166666666666667,4.0,31.0,sysadmin,general_practitioner,0
12qok83,2,8,2.75,1.5,22.0,sysadmin,general_practitioner,0
12qp8bi,2,99,7.505050505050505,1.0,743.0,sysadmin,general_practitioner,0
12qztfp,1,7,3.2857142857142856,1.0,23.0,sysadmin,general_practitioner,0
12r9kdg,1,11,4.181818181818182,2.0,46.0,sysadmin,general_practitioner,0
12rbm43,1,4,1.5,1.0,6.0,sysadmin,general_practitioner,0
12rocel,1,86,4.023255813953488,1.0,346.0,sysadmin,general_practitioner,0
12rtevw,1,69,11.231884057971014,2.0,775.0,sysadmin,general_practitioner,0
12rsf7c,1,7,1.8571428571428568,1.0,13.0,sysadmin,general_practitioner,0
12rxepn,1,0,,,,sysadmin,general_practitioner,1
12s2169,2,4,1.25,1.0,5.0,sysadmin,general_practitioner,0
12s2a4n,1,13,12.0,3.0,156.0,sysadmin,general_practitioner,0
12sep28,4,66,4.196969696969697,1.0,277.0,sysadmin,general_practitioner,0
12sjgsj,1,5,2.0,2.0,10.0,sysadmin,general_practitioner,0
12sfw3j,1,3,2.6666666666666665,3.0,8.0,sysadmin,general_practitioner,0
12tgbf4,1,0,,,,sysadmin,general_practitioner,1
12tikqn,3,25,6.4,2.0,160.0,sysadmin,general_practitioner,0
12tln9v,3,2,2.0,2.0,4.0,sysadmin,general_practitioner,0
12tmmg7,1,9,2.111111111111111,1.0,19.0,sysadmin,general_practitioner,0
12ueijz,1,2,1.5,1.5,3.0,sysadmin,general_practitioner,0
12uj09b,1,4,4.75,3.5,19.0,sysadmin,general_practitioner,0
12v6o3h,4,6,2.1666666666666665,1.5,13.0,sysadmin,general_practitioner,0
12v4j8u,3,23,11.304347826086955,7.0,260.0,sysadmin,general_practitioner,0
12wvj0l,2,7,4.428571428571429,2.0,31.0,sysadmin,general_practitioner,0
12xhyoc,1,8,7.125,3.5,57.0,sysadmin,general_practitioner,0
12xteid,1,37,7.648648648648648,2.0,283.0,sysadmin,general_practitioner,0
12xuset,3,20,9.2,2.0,184.0,sysadmin,general_practitioner,0
12ycb5c,1,1,2.0,2.0,2.0,sysadmin,general_practitioner,0
12yfhia,2,7,3.7142857142857135,1.0,26.0,sysadmin,general_practitioner,0
12yi7aa,1,276,14.231884057971014,1.0,3928.0,sysadmin,general_practitioner,0
12ykvnr,1,1,6.0,6.0,6.0,sysadmin,general_practitioner,0
12yn30t,1,69,28.869565217391305,4.0,1992.0,sysadmin,general_practitioner,0
12yq7pu,1,51,7.9411764705882355,1.0,405.0,sysadmin,general_practitioner,0
12ytahw,1,8,4.5,3.5,36.0,sysadmin,general_practitioner,0
12yxr44,2,43,8.0,3.0,344.0,sysadmin,general_practitioner,0
12z38vi,2,5,3.6,4.0,18.0,sysadmin,general_practitioner,0
12zawkn,2,1,1.0,1.0,1.0,sysadmin,general_practitioner,0
12zsdyj,2,5,1.6,1.0,8.0,sysadmin,general_practitioner,0
1301pwu,2,2,1.0,1.0,2.0,sysadmin,general_practitioner,0
1304iyt,2,0,,,,sysadmin,general_practitioner,1
130912t,2,272,7.900735294117647,2.0,2149.0,sysadmin,general_practitioner,0
130kx8x,1,13,5.384615384615385,1.0,70.0,sysadmin,general_practitioner,0
130hxvn,1,11,3.0,1.0,33.0,sysadmin,general_practitioner,0
131lsji,2,241,19.69709543568465,1.0,4747.0,sysadmin,general_practitioner,0
13255xi,3,9,8.222222222222221,5.0,74.0,sysadmin,general_practitioner,0
1325arj,1,1,2.0,2.0,2.0,sysadmin,general_practitioner,0
132cdsk,1,3,0.6666666666666666,1.0,2.0,sysadmin,general_practitioner,0
1338j4e,1,18,13.333333333333334,2.0,240.0,sysadmin,general_practitioner,0
133czj3,1,26,14.538461538461538,3.0,378.0,sysadmin,general_practitioner,0
133l559,1,25,6.56,2.0,164.0,sysadmin,general_practitioner,0
134q1qi,3,150,16.906666666666666,1.0,2536.0,sysadmin,general_practitioner,0
134x41a,2,6,3.0,2.5,18.0,sysadmin,general_practitioner,0
1359s7r,1,1,2.0,2.0,2.0,sysadmin,general_practitioner,0
135gnbt,1,11,2.727272727272727,1.0,30.0,sysadmin,general_practitioner,0
135matv,3,5,5.2,3.0,26.0,sysadmin,general_practitioner,0
1360e31,1,24,8.041666666666666,2.0,193.0,sysadmin,general_practitioner,0
136npa0,1,7,2.2857142857142856,2.0,16.0,sysadmin,general_practitioner,0
136qhr3,2,6,2.833333333333333,2.0,17.0,sysadmin,general_practitioner,0
136stnk,1,3,1.0,1.0,3.0,sysadmin,general_practitioner,0
136tnsf,1,8,1.75,1.0,14.0,sysadmin,general_practitioner,0
136ugeh,1,3,4.333333333333333,3.0,13.0,sysadmin,general_practitioner,0
1370z01,1,9,5.666666666666667,2.0,51.0,sysadmin,general_practitioner,0
137kppv,1,31,4.709677419354839,1.0,146.0,sysadmin,general_practitioner,0
137r5f5,1,9,8.333333333333334,3.0,75.0,sysadmin,general_practitioner,0
137pha1,2,2,2.0,2.0,4.0,sysadmin,general_practitioner,0
137rgc6,1,53,4.0,1.0,212.0,sysadmin,general_practitioner,0
137shmn,1,1,1.0,1.0,1.0,sysadmin,general_practitioner,0
138dbjs,2,7,1.2857142857142858,1.0,9.0,sysadmin,general_practitioner,0
138xy52,1,16,17.375,3.0,278.0,sysadmin,general_practitioner,0
1391df9,1,4,3.5,1.0,14.0,sysadmin,general_practitioner,0
13983ua,2,4,1.5,1.0,6.0,sysadmin,general_practitioner,0
13a4868,1,2,5.0,5.0,10.0,sysadmin,general_practitioner,0
13abzem,1,1,3.0,3.0,3.0,sysadmin,general_practitioner,0
13bl1iu,3,86,8.883720930232558,2.0,764.0,sysadmin,general_practitioner,0
13boltm,1,2,1.5,1.5,3.0,sysadmin,general_practitioner,0
13buhhp,1,3,2.6666666666666665,3.0,8.0,sysadmin,general_practitioner,0
13bwfii,2,45,31.53333333333333,3.0,1419.0,sysadmin,general_practitioner,0
13bwdy3,1,2,5.0,5.0,10.0,sysadmin,general_practitioner,0
13c8250,1,6,2.5,1.5,15.0,sysadmin,general_practitioner,0
13c8iiy,3,5,2.6,3.0,13.0,sysadmin,general_practitioner,0
13cjymb,2,17,5.470588235294118,2.0,93.0,sysadmin,general_practitioner,0
13ck11z,1,4,1.0,1.0,4.0,sysadmin,general_practitioner,0
13ckun2,1,62,11.612903225806452,1.0,720.0,sysadmin,general_practitioner,0
13cw1gn,1,4,2.75,2.5,11.0,sysadmin,general_practitioner,0
13d509u,1,11,3.909090909090909,2.0,43.0,sysadmin,general_practitioner,0
13dqege,1,8,4.5,2.5,36.0,sysadmin,general_practitioner,0
13dxo3b,2,150,8.4,2.0,1260.0,sysadmin,general_practitioner,0
13e3arv,1,42,7.761904761904762,1.0,326.0,sysadmin,general_practitioner,0
13ebcjy,2,13,7.923076923076923,3.0,103.0,sysadmin,general_practitioner,0
13eft0e,1,19,6.894736842105263,4.0,131.0,sysadmin,general_practitioner,0
13eq3jv,2,14,2.5,1.0,35.0,sysadmin,general_practitioner,0
13eudqq,1,9,2.555555555555556,2.0,23.0,sysadmin,general_practitioner,0
13f452v,3,5,1.4,1.0,7.0,sysadmin,general_practitioner,0
13f9cie,1,11,4.545454545454546,2.0,50.0,sysadmin,general_practitioner,0
13fisfd,1,3,3.6666666666666665,3.0,11.0,sysadmin,general_practitioner,0
13fhwtr,1,5,1.6,2.0,8.0,sysadmin,general_practitioner,0
13fx327,2,2,2.5,2.5,5.0,sysadmin,general_practitioner,0
13fzpv4,2,5,4.4,5.0,22.0,sysadmin,general_practitioner,0
13fyqt6,1,10,9.6,3.0,96.0,sysadmin,general_practitioner,0
13gflgz,1,0,,,,sysadmin,general_practitioner,1
13gy1zm,1,10,7.4,2.0,74.0,sysadmin,general_practitioner,0
13i3wos,1,4,6.5,7.0,26.0,sysadmin,general_practitioner,0
13i5cgq,1,21,23.666666666666668,2.0,497.0,sysadmin,general_practitioner,0
13ibat9,1,7,1.5714285714285714,1.0,11.0,sysadmin,general_practitioner,0
13iex76,1,9,5.111111111111111,4.0,46.0,sysadmin,general_practitioner,0
13j89id,2,323,9.272445820433436,1.0,2995.0,sysadmin,general_practitioner,0
13jd0m8,3,2,3.5,3.5,7.0,sysadmin,general_practitioner,0
13jdy4r,1,13,2.4615384615384617,2.0,32.0,sysadmin,general_practitioner,0
13jimdx,1,2,1.0,1.0,2.0,sysadmin,general_practitioner,0
13jh1mj,3,134,18.791044776119403,2.0,2518.0,sysadmin,general_practitioner,0
13jh1hi,2,27,31.51851851851852,3.0,851.0,sysadmin,general_practitioner,0
13jkrh8,1,4,1.75,1.5,7.0,sysadmin,general_practitioner,0
13jy6vc,1,62,6.145161290322581,1.0,381.0,sysadmin,general_practitioner,0
13jzex9,3,5,5.2,5.0,26.0,sysadmin,general_practitioner,0
13k2yci,2,2,2.0,2.0,4.0,sysadmin,general_practitioner,0
13k519h,3,4,4.5,3.5,18.0,sysadmin,general_practitioner,0
13k625a,2,154,5.831168831168832,1.0,898.0,sysadmin,general_practitioner,0
13kmid2,1,10,4.1,3.0,41.0,sysadmin,general_practitioner,0
13ku562,2,28,11.285714285714286,2.0,316.0,sysadmin,general_practitioner,0
13l54y9,2,3,1.6666666666666667,1.0,5.0,sysadmin,general_practitioner,0
13l8nt6,1,2,2.5,2.5,5.0,sysadmin,general_practitioner,0
13l9srz,1,8,2.375,1.0,19.0,sysadmin,general_practitioner,0
13lay4h,1,5,8.8,6.0,44.0,sysadmin,general_practitioner,0
13lkjfa,4,9,6.222222222222222,2.0,56.0,sysadmin,general_practitioner,0
13lz9wc,1,4,2.0,2.0,8.0,sysadmin,general_practitioner,0
13m4h7n,2,5,1.0,1.0,5.0,sysadmin,general_practitioner,0
13ma3ij,1,8,5.5,4.0,44.0,sysadmin,general_practitioner,0
13mddtx,2,2,1.0,1.0,2.0,sysadmin,general_practitioner,0
13mcb3d,1,3,2.333333333333333,2.0,7.0,sysadmin,general_practitioner,0
13mo7jt,3,65,18.16923076923077,3.0,1181.0,sysadmin,general_practitioner,0
13mqm81,1,5,1.2,1.0,6.0,sysadmin,general_practitioner,0
13mre84,2,9,9.666666666666666,5.0,87.0,sysadmin,general_practitioner,0
13mv5uy,1,34,19.205882352941178,3.5,653.0,sysadmin,general_practitioner,0
13n9m11,1,40,17.45,2.0,698.0,sysadmin,general_practitioner,0
13n3bgy,1,3,2.0,2.0,6.0,sysadmin,general_practitioner,0
13ni59a,1,16,7.4375,3.5,119.0,sysadmin,general_practitioner,0
13nomxe,1,198,15.666666666666666,1.0,3102.0,sysadmin,general_practitioner,0
13o6c03,1,9,47.11111111111112,10.0,424.0,sysadmin,general_practitioner,0
13otl4f,1,4,2.25,1.5,9.0,sysadmin,general_practitioner,0
13otu0l,1,142,23.338028169014084,2.0,3314.0,sysadmin,general_practitioner,0
13p6a7m,3,45,8.311111111111112,1.0,374.0,sysadmin,general_practitioner,0
13pi3j4,4,117,4.846153846153846,2.0,567.0,sysadmin,general_practitioner,0
13pi867,3,73,4.575342465753424,1.0,334.0,sysadmin,general_practitioner,0
13pjrlm,3,23,8.391304347826088,2.0,193.0,sysadmin,general_practitioner,0
13plipb,1,168,11.220238095238097,1.0,1885.0,sysadmin,general_practitioner,0
13q8yi3,1,4,2.25,1.0,9.0,sysadmin,general_practitioner,0
13qss57,2,9,10.11111111111111,6.0,91.0,sysadmin,general_practitioner,0
13qwuf5,3,2,4.0,4.0,8.0,sysadmin,general_practitioner,0
13qyx95,2,4,1.5,1.0,6.0,sysadmin,general_practitioner,0
13r728t,1,126,28.53968253968254,2.0,3596.0,sysadmin,general_practitioner,0
13rgxbr,2,117,10.35897435897436,3.0,1212.0,sysadmin,general_practitioner,0
13sbcuh,1,13,19.307692307692307,3.0,251.0,sysadmin,general_practitioner,0
13sn44l,2,1,2.0,2.0,2.0,sysadmin,general_practitioner,0
13symbu,1,85,12.0,2.0,1020.0,sysadmin,general_practitioner,0
13tpv0n,1,127,16.598425196850393,1.0,2108.0,sysadmin,general_practitioner,0
13ubp2p,1,4,1.75,1.0,7.0,sysadmin,general_practitioner,0
13uaiyt,4,4,8.0,5.5,32.0,sysadmin,general_practitioner,0
13uhgef,3,3,4.333333333333333,3.0,13.0,sysadmin,general_practitioner,0
13uqvsx,1,176,8.125,1.0,1430.0,sysadmin,general_practitioner,0
13v328l,2,75,11.786666666666669,2.0,884.0,sysadmin,general_practitioner,0
13v27zk,1,5,2.2,2.0,11.0,sysadmin,general_practitioner,0
13vg4ta,2,103,9.41747572815534,1.0,970.0,sysadmin,general_practitioner,0
13vr2xf,1,1,2.0,2.0,2.0,sysadmin,general_practitioner,0
13vt1yq,2,7,2.142857142857143,2.0,15.0,sysadmin,general_practitioner,0
13vts7d,1,2,1.5,1.5,3.0,sysadmin,general_practitioner,0
13vwn1c,2,5,2.8,2.0,14.0,sysadmin,general_practitioner,0
13vuacy,1,43,10.651162790697674,3.0,458.0,sysadmin,general_practitioner,0
13w49ty,1,19,8.0,1.0,152.0,sysadmin,general_practitioner,0
13wjo1h,2,6,3.333333333333333,3.0,20.0,sysadmin,general_practitioner,0
13wkruf,1,2,4.5,4.5,9.0,sysadmin,general_practitioner,0
13wp2rv,1,10,1.2,1.0,12.0,sysadmin,general_practitioner,0
13wv4gm,3,15,4.533333333333333,2.0,68.0,sysadmin,general_practitioner,0
13wv3t6,1,1,3.0,3.0,3.0,sysadmin,general_practitioner,0
13wyb3r,1,19,5.0,2.0,95.0,sysadmin,general_practitioner,0
13x3635,1,6,1.8333333333333333,2.0,11.0,sysadmin,general_practitioner,0
13xg8cm,1,7,2.2857142857142856,1.0,16.0,sysadmin,general_practitioner,0
13xn359,1,0,,,,sysadmin,general_practitioner,1
13xvjdp,1,16,2.75,1.0,44.0,sysadmin,general_practitioner,0
13xxpoy,4,70,5.785714285714286,1.5,405.0,sysadmin,general_practitioner,0
13xz3gx,2,41,5.365853658536586,1.0,220.0,sysadmin,general_practitioner,0
13ykm0o,2,4,9.25,9.5,37.0,sysadmin,general_practitioner,0
13ykqtg,1,2,2.5,2.5,5.0,sysadmin,general_practitioner,0
13yty4t,1,16,7.625,2.0,122.0,sysadmin,general_practitioner,0
13yp4c5,1,3,3.333333333333333,3.0,10.0,sysadmin,general_practitioner,0
13ywat7,2,31,14.548387096774194,1.0,451.0,sysadmin,general_practitioner,0
13zfudb,2,6,1.8333333333333333,1.5,11.0,sysadmin,general_practitioner,0
13zjffk,3,6,2.0,1.5,12.0,sysadmin,general_practitioner,0
140rxgi,3,92,32.391304347826086,3.0,2980.0,sysadmin,general_practitioner,0
1419pcv,2,163,13.141104294478527,2.0,2142.0,sysadmin,general_practitioner,0
141hyet,1,6,3.0,2.0,18.0,sysadmin,general_practitioner,0
141j33d,1,22,4.136363636363637,2.0,91.0,sysadmin,general_practitioner,0
141kfky,1,383,9.845953002610964,1.0,3771.0,sysadmin,general_practitioner,0
141kvt1,1,9,4.0,3.0,36.0,sysadmin,general_practitioner,0
141mnkr,1,3,8.333333333333334,9.0,25.0,sysadmin,general_practitioner,0
141pnb1,1,12,3.583333333333333,1.0,43.0,sysadmin,general_practitioner,0
141rxu7,4,7,3.7142857142857135,2.0,26.0,sysadmin,general_practitioner,0
141zm5j,1,3,2.6666666666666665,2.0,8.0,sysadmin,general_practitioner,0
1424ivy,3,9,5.333333333333333,3.0,48.0,sysadmin,general_practitioner,0
142e6gr,1,7,7.0,2.0,49.0,sysadmin,general_practitioner,0
142fnzf,1,81,5.691358024691358,1.0,461.0,sysadmin,general_practitioner,0
142fgj9,1,166,18.26506024096385,1.0,3032.0,sysadmin,general_practitioner,0
142geaz,2,74,13.256756756756756,2.0,981.0,sysadmin,general_practitioner,0
142l6rn,2,9,2.111111111111111,2.0,19.0,sysadmin,general_practitioner,0
142kj9n,2,1,2.0,2.0,2.0,sysadmin,general_practitioner,0
142qw6y,1,8,3.0,1.5,24.0,sysadmin,general_practitioner,0
14332i7,1,5,5.0,3.0,25.0,sysadmin,general_practitioner,0
1446881,1,4,2.25,2.0,9.0,sysadmin,general_practitioner,0
145h6z0,4,2,2.0,2.0,4.0,sysadmin,general_practitioner,0
145pk81,1,41,8.097560975609756,2.0,332.0,sysadmin,general_practitioner,0
147xmz7,1,8,1.75,1.0,14.0,sysadmin,general_practitioner,0
148oezo,3,66,7.575757575757576,3.0,500.0,sysadmin,general_practitioner,0
1499fin,1,5,1.4,1.0,7.0,sysadmin,general_practitioner,0
149gcei,1,223,10.152466367713004,1.0,2264.0,sysadmin,general_practitioner,0
149wsiy,2,4,2.0,2.0,8.0,sysadmin,general_practitioner,0
14a5s8k,1,18,4.5,1.5,81.0,sysadmin,general_practitioner,0
14a8px3,3,5,2.8,2.0,14.0,sysadmin,general_practitioner,0
14abbed,1,11,2.0,2.0,22.0,sysadmin,general_practitioner,0
14agous,1,42,4.761904761904762,1.0,200.0,sysadmin,general_practitioner,0
14ammb2,3,6,2.6666666666666665,1.5,16.0,sysadmin,general_practitioner,0
14ayxhv,2,8,3.25,2.5,26.0,sysadmin,general_practitioner,0
14b53th,4,35,10.2,1.0,357.0,sysadmin,general_practitioner,0
14bcf46,3,3,3.0,2.0,9.0,sysadmin,general_practitioner,0
14bilg5,1,130,5.046153846153846,1.0,656.0,sysadmin,general_practitioner,0
14bz5px,4,28,6.25,2.0,175.0,sysadmin,general_practitioner,0
14cadx1,3,41,30.24390243902439,1.0,1240.0,sysadmin,general_practitioner,0
14d3nnf,1,180,9.677777777777775,1.0,1742.0,sysadmin,general_practitioner,0
14db3ep,1,5,2.2,1.0,11.0,sysadmin,general_practitioner,0
14dd2bm,1,6,3.0,3.0,18.0,sysadmin,general_practitioner,0
14di86t,3,36,10.13888888888889,2.0,365.0,sysadmin,general_practitioner,0
14dojmk,1,14,5.071428571428571,3.0,71.0,sysadmin,general_practitioner,0
14dqmmw,1,2,1.0,1.0,2.0,sysadmin,general_practitioner,0
14ec4rw,2,73,7.726027397260274,1.0,564.0,sysadmin,general_practitioner,0
14eirt6,1,3,1.0,1.0,3.0,sysadmin,general_practitioner,0
14eidww,1,6,2.5,1.5,15.0,sysadmin,general_practitioner,0
14eoyyx,4,118,3.8559322033898304,1.0,455.0,sysadmin,general_practitioner,0
14f4zxi,1,73,11.712328767123289,2.0,855.0,sysadmin,general_practitioner,0
14f4mzn,1,2,3.0,3.0,6.0,sysadmin,general_practitioner,0
14fj4bo,1,145,6.468965517241379,1.0,938.0,sysadmin,general_practitioner,0
14flnf0,2,26,4.076923076923077,2.0,106.0,sysadmin,general_practitioner,0
14fqij2,1,41,4.902439024390244,2.0,201.0,sysadmin,general_practitioner,0
14fueaa,1,5,4.4,2.0,22.0,sysadmin,general_practitioner,0
14fxbip,2,3,3.6666666666666665,3.0,11.0,sysadmin,general_practitioner,0
14g5jp8,1,2,1.5,1.5,3.0,sysadmin,general_practitioner,0
14g4jis,1,39,11.17948717948718,2.0,436.0,sysadmin,general_practitioner,0
14gkwyv,1,4,1.5,1.0,6.0,sysadmin,general_practitioner,0
14gggvz,2,29,3.206896551724138,2.0,93.0,sysadmin,general_practitioner,0
14hakia,1,0,,,,sysadmin,general_practitioner,1
14hjycs,1,131,11.473282442748092,1.0,1503.0,sysadmin,general_practitioner,0
14ijlo1,2,14,41.785714285714285,8.5,585.0,sysadmin,general_practitioner,0
14i3fmh,2,148,8.695945945945946,1.0,1287.0,sysadmin,general_practitioner,0
14jiger,1,22,9.090909090909092,3.0,200.0,sysadmin,general_practitioner,0
14jmnqe,2,32,5.84375,2.0,187.0,sysadmin,general_practitioner,0
14k7s8b,1,8,3.125,2.5,25.0,sysadmin,general_practitioner,0
14kagx1,2,295,6.003389830508475,1.0,1771.0,sysadmin,general_practitioner,0
14kjksz,1,2,2.5,2.5,5.0,sysadmin,general_practitioner,0
14ki587,1,13,7.384615384615385,4.0,96.0,sysadmin,general_practitioner,0
14kmo55,2,124,8.53225806451613,1.0,1058.0,sysadmin,general_practitioner,0
14kxezs,1,2,3.0,3.0,6.0,sysadmin,general_practitioner,0
14l1efd,1,27,13.0,2.0,351.0,sysadmin,general_practitioner,0
14l2gzm,1,16,4.0625,3.0,65.0,sysadmin,general_practitioner,0
14l2lm9,2,3,8.0,9.0,24.0,sysadmin,general_practitioner,0
14kz58v,1,2,2.0,2.0,4.0,sysadmin,general_practitioner,0
14lfa3o,1,3,1.3333333333333333,1.0,4.0,sysadmin,general_practitioner,0
14lil7d,1,2,2.0,2.0,4.0,sysadmin,general_practitioner,0
14ljiqm,1,8,2.75,2.0,22.0,sysadmin,general_practitioner,0
14ljlxz,1,14,3.571428571428572,1.0,50.0,sysadmin,general_practitioner,0
14llnnk,1,37,3.081081081081081,2.0,114.0,sysadmin,general_practitioner,0
14m9995,2,20,4.0,2.0,80.0,sysadmin,general_practitioner,0
14mardr,1,85,13.741176470588234,1.0,1168.0,sysadmin,general_practitioner,0
14mg5qb,2,14,5.0,4.0,70.0,sysadmin,general_practitioner,0
14mxke2,2,15,9.666666666666666,3.0,145.0,sysadmin,general_practitioner,0
14n076m,3,116,13.96551724137931,1.0,1620.0,sysadmin,general_practitioner,0
14n77tj,1,3,1.0,1.0,3.0,sysadmin,general_practitioner,0
14nobsd,2,41,4.365853658536586,2.0,179.0,sysadmin,general_practitioner,0
14nr2xb,1,153,9.130718954248366,1.0,1397.0,sysadmin,general_practitioner,0
14nya4t,2,178,16.668539325842698,1.0,2967.0,sysadmin,general_practitioner,0
14p8o2l,2,30,5.766666666666667,2.0,173.0,sysadmin,general_practitioner,0
14ppqqu,1,78,17.03846153846154,1.0,1329.0,sysadmin,general_practitioner,0
14pu4f5,1,8,2.625,2.5,21.0,sysadmin,general_practitioner,0
14px8wt,1,3,1.3333333333333333,1.0,4.0,sysadmin,general_practitioner,0
14pzpo4,3,15,1.9333333333333331,1.0,29.0,sysadmin,general_practitioner,0
14qb1m9,1,27,8.185185185185185,2.0,221.0,sysadmin,general_practitioner,0
14ql3jg,1,3,2.333333333333333,2.0,7.0,sysadmin,general_practitioner,0
14qopme,1,4,3.5,2.0,14.0,sysadmin,general_practitioner,0
14r21p1,1,7,4.0,4.0,28.0,sysadmin,general_practitioner,0
14rd7pp,1,2,1.5,1.5,3.0,sysadmin,general_practitioner,0
14rdyqa,1,14,4.5,2.0,63.0,sysadmin,general_practitioner,0
14rm6md,3,5,3.2,2.0,16.0,sysadmin,general_practitioner,0
14rnrne,1,0,,,,sysadmin,general_practitioner,1
14ry59g,1,2,1.0,1.0,2.0,sysadmin,general_practitioner,0
14s9us9,1,0,,,,sysadmin,general_practitioner,1
14sahu5,1,1,2.0,2.0,2.0,sysadmin,general_practitioner,0
14saerr,1,1,1.0,1.0,1.0,sysadmin,general_practitioner,0
14sdfdq,1,12,9.583333333333334,3.0,115.0,sysadmin,general_practitioner,0
14t6nfj,1,28,8.321428571428571,1.5,233.0,sysadmin,general_practitioner,0
14t7fh9,1,81,10.65432098765432,1.0,863.0,sysadmin,general_practitioner,0
14tb8pu,1,3,2.6666666666666665,3.0,8.0,sysadmin,general_practitioner,0
14tcvw8,3,12,1.8333333333333333,1.0,22.0,sysadmin,general_practitioner,0
14tjn7t,1,1,2.0,2.0,2.0,sysadmin,general_practitioner,0
14v6jjp,2,3,1.3333333333333333,1.0,4.0,sysadmin,general_practitioner,0
14w29ey,1,166,1.963855421686747,1.0,326.0,sysadmin,general_practitioner,0
14w1sl5,1,640,1.1890625,1.0,761.0,sysadmin,general_practitioner,0
14w4q3q,1,15,1.8,1.0,27.0,sysadmin,general_practitioner,0
14w57tk,1,42,5.547619047619048,2.0,233.0,sysadmin,general_practitioner,0
14w5rpp,2,2,2.5,2.5,5.0,sysadmin,general_practitioner,0
14w6tki,1,2,1.5,1.5,3.0,sysadmin,general_practitioner,0
14w60fw,1,0,,,,sysadmin,general_practitioner,1
14w9ddg,2,0,,,,sysadmin,general_practitioner,1
14wjmns,2,51,7.921568627450981,1.0,404.0,sysadmin,general_practitioner,0
14wujd0,1,12,5.083333333333333,1.0,61.0,sysadmin,general_practitioner,0
14wvejx,1,27,5.666666666666667,1.0,153.0,sysadmin,general_practitioner,0
14wvahb,1,9,4.555555555555555,1.0,41.0,sysadmin,general_practitioner,0
14wv6wa,1,0,,,,sysadmin,general_practitioner,1
14wz6f7,1,4,1.25,1.0,5.0,sysadmin,general_practitioner,0
14x5vt9,1,51,5.176470588235294,2.0,264.0,sysadmin,general_practitioner,0
14xhys4,1,36,3.4722222222222223,1.0,125.0,sysadmin,general_practitioner,0
14xy6ji,1,66,8.681818181818182,1.0,573.0,sysadmin,general_practitioner,0
14y00mt,1,2,4.5,4.5,9.0,sysadmin,general_practitioner,0
14y0te9,1,8,2.125,1.0,17.0,sysadmin,general_practitioner,0
14y0uw8,2,17,11.941176470588236,2.0,203.0,sysadmin,general_practitioner,0
14y7vmn,1,190,7.126315789473685,1.0,1354.0,sysadmin,general_practitioner,0
14y8z0c,3,2,3.5,3.5,7.0,sysadmin,general_practitioner,0
14yfudk,1,1,2.0,2.0,2.0,sysadmin,general_practitioner,0
14yhhbj,1,28,23.285714285714285,3.0,652.0,sysadmin,general_practitioner,0
14yjvgo,2,78,18.08974358974359,2.0,1411.0,sysadmin,general_practitioner,0
14ymqaa,4,3,1.6666666666666667,2.0,5.0,sysadmin,general_practitioner,0
14yno4m,1,0,,,,sysadmin,general_practitioner,1
14yrym4,1,1,2.0,2.0,2.0,sysadmin,general_practitioner,0
14yshfp,3,2,1.0,1.0,2.0,sysadmin,general_practitioner,0
14yw6d4,2,3,4.0,3.0,12.0,sysadmin,general_practitioner,0
14z0bdr,1,9,4.0,3.0,36.0,sysadmin,general_practitioner,0
14zfphe,3,115,9.22608695652174,1.0,1061.0,sysadmin,general_practitioner,0
14zhm6v,1,4,1.25,1.0,5.0,sysadmin,general_practitioner,0
14zi4s2,3,7,2.0,1.0,14.0,sysadmin,general_practitioner,0
14zljs0,1,6,3.1666666666666665,2.0,19.0,sysadmin,general_practitioner,0
150dfzz,2,16,3.6875,1.5,59.0,sysadmin,general_practitioner,0
15026kw,1,1,1.0,1.0,1.0,sysadmin,general_practitioner,0
150gz7j,2,2,1.0,1.0,2.0,sysadmin,general_practitioner,0
150q0et,3,9,2.888888888888889,2.0,26.0,sysadmin,general_practitioner,0
150kuoo,2,10,4.9,3.0,49.0,sysadmin,general_practitioner,0
1514u8l,1,3,3.6666666666666665,3.0,11.0,sysadmin,general_practitioner,0
151jrhr,1,2,3.0,3.0,6.0,sysadmin,general_practitioner,0
151qsyl,1,28,3.2857142857142856,1.0,92.0,sysadmin,general_practitioner,0
1526dkf,3,15,4.333333333333333,2.0,65.0,sysadmin,general_practitioner,0
1525wd2,2,4,2.0,1.5,8.0,sysadmin,general_practitioner,0
152a90x,1,4,3.75,3.5,15.0,sysadmin,general_practitioner,0
152dq96,4,10,3.8,2.5,38.0,sysadmin,general_practitioner,0
152ez2d,2,56,5.625,1.0,315.0,sysadmin,general_practitioner,0
153a5nl,1,3,4.0,3.0,12.0,sysadmin,general_practitioner,0
153be9z,3,124,14.951612903225806,1.0,1854.0,sysadmin,general_practitioner,0
153fvv3,3,4,1.75,1.5,7.0,sysadmin,general_practitioner,0
153kvgz,1,10,9.7,4.0,97.0,sysadmin,general_practitioner,0
153q36j,2,4,2.5,2.5,10.0,sysadmin,general_practitioner,0
1540zk5,2,0,,,,sysadmin,general_practitioner,1
15410vv,2,6,1.8333333333333333,1.0,11.0,sysadmin,general_practitioner,0
15414wg,4,4,2.25,1.5,9.0,sysadmin,general_practitioner,0
1543qk9,1,3,1.6666666666666667,1.0,5.0,sysadmin,general_practitioner,0
154c4qi,2,15,7.4,4.0,111.0,sysadmin,general_practitioner,0
154dhgt,2,5,1.4,1.0,7.0,sysadmin,general_practitioner,0
154e6v5,1,1,2.0,2.0,2.0,sysadmin,general_practitioner,0
154ik7w,2,1,3.0,3.0,3.0,sysadmin,general_practitioner,0
154p6fv,3,425,7.04235294117647,1.0,2993.0,sysadmin,general_practitioner,0
154vb3t,1,0,,,,sysadmin,general_practitioner,1
154zsz2,1,10,2.1,2.0,21.0,sysadmin,general_practitioner,0
155bv2g,1,14,3.5,3.0,49.0,sysadmin,general_practitioner,0
155fko5,1,13,2.3076923076923075,2.0,30.0,sysadmin,general_practitioner,0
155lcdz,1,32,2.84375,1.0,91.0,sysadmin,general_practitioner,0
155r8iq,1,20,9.95,2.5,199.0,sysadmin,general_practitioner,0
155ssrp,1,1,1.0,1.0,1.0,sysadmin,general_practitioner,0
15623k3,3,1,1.0,1.0,1.0,sysadmin,general_practitioner,0
15611sb,2,3,9.0,4.0,27.0,sysadmin,general_practitioner,0
15642vr,1,6,2.5,2.0,15.0,sysadmin,general_practitioner,0
156r7di,2,24,14.583333333333334,2.0,350.0,sysadmin,general_practitioner,0
156j21g,4,105,4.190476190476191,1.0,440.0,sysadmin,general_practitioner,0
1571vwq,1,3,3.0,1.0,9.0,sysadmin,general_practitioner,0
157biqw,2,4,2.75,2.5,11.0,sysadmin,general_practitioner,0
157ofsf,2,140,12.642857142857142,1.0,1770.0,sysadmin,general_practitioner,0
157w01f,3,9,5.777777777777778,2.0,52.0,sysadmin,general_practitioner,0
157xalu,1,4,3.75,4.0,15.0,sysadmin,general_practitioner,0
158ah0n,1,6,2.833333333333333,2.0,17.0,sysadmin,general_practitioner,0
158dp7m,2,13,8.307692307692308,3.0,108.0,sysadmin,general_practitioner,0
158knm5,1,12,3.6666666666666665,3.0,44.0,sysadmin,general_practitioner,0
158z387,1,4,1.25,1.5,5.0,sysadmin,general_practitioner,0
158tvl6,2,22,5.863636363636363,1.0,129.0,sysadmin,general_practitioner,0
158znz0,2,16,3.8125,2.0,61.0,sysadmin,general_practitioner,0
159164h,3,193,6.378238341968912,1.0,1231.0,sysadmin,general_practitioner,0
1591jsi,4,3,1.0,1.0,3.0,sysadmin,general_practitioner,0
159j5m0,2,4,2.0,2.0,8.0,sysadmin,general_practitioner,0
159jcba,2,27,7.62962962962963,2.0,206.0,sysadmin,general_practitioner,0
159l3cq,1,3,1.3333333333333333,1.0,4.0,sysadmin,general_practitioner,0
159k6st,2,102,15.411764705882351,3.0,1572.0,sysadmin,general_practitioner,0
159lxbt,1,15,3.066666666666667,2.0,46.0,sysadmin,general_practitioner,0
15a4zeo,1,4,2.5,2.5,10.0,sysadmin,general_practitioner,0
15a8lmh,3,66,6.196969696969697,1.0,409.0,sysadmin,general_practitioner,0
15af03x,1,49,8.489795918367347,2.0,416.0,sysadmin,general_practitioner,0
15ahwd8,2,6,5.166666666666667,3.0,31.0,sysadmin,general_practitioner,0
15apbyw,2,154,13.636363636363637,1.0,2100.0,sysadmin,general_practitioner,0
15b30cs,2,17,7.764705882352941,4.0,132.0,sysadmin,general_practitioner,0
15bo1v7,1,22,2.909090909090909,1.0,64.0,sysadmin,general_practitioner,0
15btu6p,3,41,10.048780487804878,3.0,412.0,sysadmin,general_practitioner,0
15bxdx4,3,30,8.633333333333333,2.0,259.0,sysadmin,general_practitioner,0
15bysde,1,2,1.5,1.5,3.0,sysadmin,general_practitioner,0
15c025z,2,67,2.701492537313433,1.0,181.0,sysadmin,general_practitioner,0
15c79yb,1,0,,,,sysadmin,general_practitioner,1
15cddgg,2,15,6.466666666666667,2.0,97.0,sysadmin,general_practitioner,0
15cgm4p,1,22,5.2727272727272725,1.0,116.0,sysadmin,general_practitioner,0
15cyqlc,1,6,2.833333333333333,3.0,17.0,sysadmin,general_practitioner,0
15d67hc,3,16,4.1875,1.5,67.0,sysadmin,general_practitioner,0
15datq8,1,4,2.25,2.5,9.0,sysadmin,general_practitioner,0
15dbk6h,1,3,2.0,1.0,6.0,sysadmin,general_practitioner,0
15dg1gd,3,6,2.333333333333333,2.0,14.0,sysadmin,general_practitioner,0
15dn503,1,7,3.857142857142857,1.0,27.0,sysadmin,general_practitioner,0
15dn13d,1,3,3.0,3.0,9.0,sysadmin,general_practitioner,0
15dnfbw,1,8,2.25,1.5,18.0,sysadmin,general_practitioner,0
15e9jek,1,27,13.185185185185183,1.0,356.0,sysadmin,general_practitioner,0
15ejtyw,1,8,2.625,2.0,21.0,sysadmin,general_practitioner,0
15eo2qn,1,9,9.77777777777778,8.0,88.0,sysadmin,general_practitioner,0
15ezjlv,1,3,3.333333333333333,2.0,10.0,sysadmin,general_practitioner,0
15f7qgj,1,7,3.142857142857143,2.0,22.0,sysadmin,general_practitioner,0
15faecy,3,17,5.705882352941177,2.0,97.0,sysadmin,general_practitioner,0
15fcs3c,1,4,2.25,2.5,9.0,sysadmin,general_practitioner,0
15ff57p,1,66,18.83333333333333,1.0,1243.0,sysadmin,general_practitioner,0
15foteg,1,3,1.0,1.0,3.0,sysadmin,general_practitioner,0
15flyzz,3,6,3.5,1.0,21.0,sysadmin,general_practitioner,0
15fwohf,3,11,3.727272727272727,3.0,41.0,sysadmin,general_practitioner,0
15g67ke,1,123,3.1707317073170733,1.0,390.0,sysadmin,general_practitioner,0
15gdbxr,1,6,3.8333333333333335,2.0,23.0,sysadmin,general_practitioner,0
15gsn4g,1,83,9.46987951807229,2.0,786.0,sysadmin,general_practitioner,0
15h0u3l,2,67,9.059701492537313,1.0,607.0,sysadmin,general_practitioner,0
15h29tp,2,3,1.0,1.0,3.0,sysadmin,general_practitioner,0
15h7duk,1,10,3.3,1.5,33.0,sysadmin,general_practitioner,0
15hdcql,2,326,11.346625766871163,1.0,3699.0,sysadmin,general_practitioner,0
15hsdwn,2,15,3.8,1.0,57.0,sysadmin,general_practitioner,0
15hrgwv,2,9,4.666666666666667,3.0,42.0,sysadmin,general_practitioner,0
15hsr0c,1,2,2.0,2.0,4.0,sysadmin,general_practitioner,0
15hu3in,2,1,6.0,6.0,6.0,sysadmin,general_practitioner,0
15hz4si,1,95,16.705263157894738,2.0,1587.0,sysadmin,general_practitioner,0
15ijp01,1,109,11.357798165137616,3.0,1238.0,sysadmin,general_practitioner,0
15ixs71,1,46,9.173913043478262,3.0,422.0,sysadmin,general_practitioner,0
15jlkd6,1,4,6.5,1.0,26.0,sysadmin,general_practitioner,0
15jr2bm,1,14,4.714285714285714,2.5,66.0,sysadmin,general_practitioner,0
15jtccm,2,135,7.777777777777778,1.0,1050.0,sysadmin,general_practitioner,0
15klp68,1,6,3.0,2.0,18.0,sysadmin,general_practitioner,0
15klk5w,1,25,9.2,2.0,230.0,sysadmin,general_practitioner,0
15kwc98,4,42,12.69047619047619,3.0,533.0,sysadmin,general_practitioner,0
15lflu5,1,13,6.076923076923077,3.0,79.0,sysadmin,general_practitioner,0
15ln1zy,2,24,27.625,3.0,663.0,sysadmin,general_practitioner,0
15los64,3,7,3.571428571428572,1.0,25.0,sysadmin,general_practitioner,0
15lo13b,2,0,,,,sysadmin,general_practitioner,1
15lqvzg,3,19,9.31578947368421,2.0,177.0,sysadmin,general_practitioner,0
15m4z2f,2,25,10.48,5.0,262.0,sysadmin,general_practitioner,0
15mdtsf,1,5,1.8,2.0,9.0,sysadmin,general_practitioner,0
15mbhhj,1,3,1.6666666666666667,1.0,5.0,sysadmin,general_practitioner,0
15mej7v,2,147,5.503401360544218,2.0,809.0,sysadmin,general_practitioner,0
15mn7q2,3,8,3.375,2.5,27.0,sysadmin,general_practitioner,0
15mp804,1,79,7.886075949367089,1.0,623.0,sysadmin,general_practitioner,0
15mwn8y,1,4,3.0,1.5,12.0,sysadmin,general_practitioner,0
15n5isc,2,4,11.75,4.5,47.0,sysadmin,general_practitioner,0
15ne6ky,2,39,15.974358974358974,3.0,623.0,sysadmin,general_practitioner,0
15neo32,2,36,8.055555555555555,1.0,290.0,sysadmin,general_practitioner,0
15nid37,1,2,1.0,1.0,2.0,sysadmin,general_practitioner,0
15nsok1,2,11,3.8181818181818175,2.0,42.0,sysadmin,general_practitioner,0
15nuhmk,1,162,19.290123456790123,2.0,3125.0,sysadmin,general_practitioner,0
15o3c6w,1,4,3.25,2.5,13.0,sysadmin,general_practitioner,0
15nzlc1,1,4,3.5,2.0,14.0,sysadmin,general_practitioner,0
15oaqkf,1,13,3.076923076923077,2.0,40.0,sysadmin,general_practitioner,0
15ogwqd,1,12,12.083333333333334,3.0,145.0,sysadmin,general_practitioner,0
15on2ib,3,7,1.4285714285714286,1.0,10.0,sysadmin,general_practitioner,0
15oqu3t,1,22,10.227272727272728,2.0,225.0,sysadmin,general_practitioner,0
15osahw,2,12,4.0,2.5,48.0,sysadmin,general_practitioner,0
15os94a,1,2,2.5,2.5,5.0,sysadmin,general_practitioner,0
15pb6mn,1,4,7.5,6.0,30.0,sysadmin,general_practitioner,0
15q89gk,2,17,7.705882352941177,3.0,131.0,sysadmin,general_practitioner,0
15qzrgr,1,112,12.464285714285714,2.0,1396.0,sysadmin,general_practitioner,0
15r192i,1,0,,,,sysadmin,general_practitioner,1
15rnjq0,1,8,3.5,2.0,28.0,sysadmin,general_practitioner,0
15s0eb9,1,242,6.520661157024794,1.0,1578.0,sysadmin,general_practitioner,0
15sqiwf,1,22,7.227272727272727,3.0,159.0,sysadmin,general_practitioner,0
15t5c8i,2,1,1.0,1.0,1.0,sysadmin,general_practitioner,0
15ta8pz,1,120,8.366666666666667,1.0,1004.0,sysadmin,general_practitioner,0
15tgecc,3,33,4.484848484848484,2.0,148.0,sysadmin,general_practitioner,0
15tkv8l,1,2,3.0,3.0,6.0,sysadmin,general_practitioner,0
15tq1st,2,8,6.75,4.5,54.0,sysadmin,general_practitioner,0
15tsn6y,1,8,2.25,1.0,18.0,sysadmin,general_practitioner,0
15tuhgk,1,1,1.0,1.0,1.0,sysadmin,general_practitioner,0
15txr5a,1,3,2.333333333333333,1.0,7.0,sysadmin,general_practitioner,0
15u3hgz,1,5,3.4,3.0,17.0,sysadmin,general_practitioner,0
15udk7r,3,5,1.8,1.0,9.0,sysadmin,general_practitioner,0
15ukutq,1,0,,,,sysadmin,general_practitioner,1
15umphl,1,1,1.0,1.0,1.0,sysadmin,general_practitioner,0
15up57g,2,10,4.7,3.0,47.0,sysadmin,general_practitioner,0
15uq293,1,37,17.62162162162162,2.0,652.0,sysadmin,general_practitioner,0
15urcim,2,45,3.2222222222222223,2.0,145.0,sysadmin,general_practitioner,0
15uzp3q,2,60,12.7,1.5,762.0,sysadmin,general_practitioner,0
15uuu8d,1,3,5.333333333333333,2.0,16.0,sysadmin,general_practitioner,0
15vblsn,3,9,17.11111111111111,6.0,154.0,sysadmin,general_practitioner,0
15viai2,2,31,7.258064516129032,2.0,225.0,sysadmin,general_practitioner,0
15vk9r1,1,191,14.015706806282722,2.0,2677.0,sysadmin,general_practitioner,0
15vmgg6,1,2,2.0,2.0,4.0,sysadmin,general_practitioner,0
15vouk2,4,4,2.75,2.0,11.0,sysadmin,general_practitioner,0
15wbszf,3,2,4.0,4.0,8.0,sysadmin,general_practitioner,0
15wdh3i,4,57,9.052631578947368,2.0,516.0,sysadmin,general_practitioner,0
15wjokw,1,72,5.347222222222222,1.0,385.0,sysadmin,general_practitioner,0
15wl1ub,1,42,5.142857142857143,1.0,216.0,sysadmin,general_practitioner,0
15wpk8e,2,8,2.0,1.0,16.0,sysadmin,general_practitioner,0
15wqggk,2,12,2.1666666666666665,1.0,26.0,sysadmin,general_practitioner,0
15x9z2h,3,1,2.0,2.0,2.0,sysadmin,general_practitioner,0
15xihx5,3,0,,,,sysadmin,general_practitioner,1
15y2ajt,1,0,,,,sysadmin,general_practitioner,1
15y4pa2,1,12,7.5,2.5,90.0,sysadmin,general_practitioner,0
15y7s0g,1,1,1.0,1.0,1.0,sysadmin,general_practitioner,0
15yhlif,2,6,3.1666666666666665,2.0,19.0,sysadmin,general_practitioner,0
15ynni0,3,23,7.173913043478261,3.0,165.0,sysadmin,general_practitioner,0
15yxsxf,1,7,1.4285714285714286,1.0,10.0,sysadmin,general_practitioner,0
15z3k6c,2,7,3.142857142857143,2.0,22.0,sysadmin,general_practitioner,0
15z8ms0,1,12,10.5,5.0,126.0,sysadmin,general_practitioner,0
15zb9ql,1,5,5.0,5.0,25.0,sysadmin,general_practitioner,0
15zc12a,3,5,1.4,1.0,7.0,sysadmin,general_practitioner,0
15zdfok,2,0,,,,sysadmin,general_practitioner,1
15zchhz,1,46,12.108695652173912,1.5,557.0,sysadmin,general_practitioner,0
15zdfp3,1,4,1.25,1.0,5.0,sysadmin,general_practitioner,0
15zfwyd,2,10,7.6,3.5,76.0,sysadmin,general_practitioner,0
15zhkz6,2,0,,,,sysadmin,general_practitioner,1
15zjmrm,3,5,13.6,13.0,68.0,sysadmin,general_practitioner,0
16047ae,1,2,1.0,1.0,2.0,sysadmin,general_practitioner,0
1608suy,1,23,3.652173913043478,1.0,84.0,sysadmin,general_practitioner,0
160brm4,1,2,1.0,1.0,2.0,sysadmin,general_practitioner,0
160ctxh,1,4,1.75,1.0,7.0,sysadmin,general_practitioner,0
160yrt6,2,13,5.461538461538462,2.0,71.0,sysadmin,general_practitioner,0
1616cxa,1,13,6.846153846153846,4.0,89.0,sysadmin,general_practitioner,0
162tq0n,2,40,6.625,1.5,265.0,sysadmin,general_practitioner,0
162t78h,2,298,12.64765100671141,2.0,3769.0,sysadmin,general_practitioner,0
162xfs5,1,58,4.155172413793103,1.0,241.0,sysadmin,general_practitioner,0
1638niu,1,54,11.037037037037036,1.0,596.0,sysadmin,general_practitioner,0
163nw86,1,1,1.0,1.0,1.0,sysadmin,general_practitioner,0
163oc01,2,7,2.857142857142857,2.0,20.0,sysadmin,general_practitioner,0
163pkeb,1,2,4.5,4.5,9.0,sysadmin,general_practitioner,0
164ldjv,3,2,2.5,2.5,5.0,sysadmin,general_practitioner,0
164k59x,2,71,14.366197183098592,2.0,1020.0,sysadmin,general_practitioner,0
164o2z0,2,4,5.5,6.5,22.0,sysadmin,general_practitioner,0
164wqvl,1,2,4.5,4.5,9.0,sysadmin,general_practitioner,0
16529xy,2,47,36.14893617021277,6.0,1699.0,sysadmin,general_practitioner,0
1653gbm,1,21,6.476190476190476,2.0,136.0,sysadmin,general_practitioner,0
1659ylz,1,3,1.0,1.0,3.0,sysadmin,general_practitioner,0
165ekf3,1,12,1.5833333333333333,1.0,19.0,sysadmin,general_practitioner,0
165ewqq,1,24,9.416666666666666,3.0,226.0,sysadmin,general_practitioner,0
165kt42,1,46,10.652173913043478,3.0,490.0,sysadmin,general_practitioner,0
165n20o,1,3,2.0,2.0,6.0,sysadmin,general_practitioner,0
165rlue,1,8,8.25,9.0,66.0,sysadmin,general_practitioner,0
165rf1k,4,5,2.8,2.0,14.0,sysadmin,general_practitioner,0
1662g7a,1,6,3.1666666666666665,3.0,19.0,sysadmin,general_practitioner,0
1663f38,1,1,4.0,4.0,4.0,sysadmin,general_practitioner,0
1666eud,1,1,6.0,6.0,6.0,sysadmin,general_practitioner,0
1664yif,2,15,6.4,2.0,96.0,sysadmin,general_practitioner,0
166aykk,1,48,7.125,2.0,342.0,sysadmin,general_practitioner,0
166g3ws,1,3,2.0,2.0,6.0,sysadmin,general_practitioner,0
166gb9s,1,5,1.0,1.0,5.0,sysadmin,general_practitioner,0
166kpz8,3,10,8.3,3.5,83.0,sysadmin,general_practitioner,0
166uk0p,1,13,9.923076923076923,3.0,129.0,sysadmin,general_practitioner,0
166x7fv,2,75,4.1866666666666665,1.0,314.0,sysadmin,general_practitioner,0
1679gyb,1,7,2.7142857142857144,2.0,19.0,sysadmin,general_practitioner,0
1679u7u,1,19,2.8947368421052637,2.0,55.0,sysadmin,general_practitioner,0
167b19m,1,0,,,,sysadmin,general_practitioner,1
167b43m,3,37,5.891891891891892,2.0,218.0,sysadmin,general_practitioner,0
167hmyn,1,76,15.93421052631579,2.0,1211.0,sysadmin,general_practitioner,0
167ijtd,3,6,5.5,3.0,33.0,sysadmin,general_practitioner,0
167kt9z,1,3,4.0,3.0,12.0,sysadmin,general_practitioner,0
168wv51,2,0,,,,sysadmin,general_practitioner,1
169200g,2,5,9.0,7.0,45.0,sysadmin,general_practitioner,0
169keza,3,13,2.4615384615384617,1.0,32.0,sysadmin,general_practitioner,0
16a0iwm,1,3,3.6666666666666665,4.0,11.0,sysadmin,general_practitioner,0
16a6s5k,1,15,4.2,4.0,63.0,sysadmin,general_practitioner,0
16b2lie,3,9,7.777777777777778,4.0,70.0,sysadmin,general_practitioner,0
16bb25p,1,98,11.357142857142858,2.0,1113.0,sysadmin,general_practitioner,0
16bkr0p,2,0,,,,sysadmin,general_practitioner,1
16bkjb8,1,3,2.0,1.0,6.0,sysadmin,general_practitioner,0
16bm3l5,1,30,16.4,2.0,492.0,sysadmin,general_practitioner,0
16boolv,2,3,2.333333333333333,3.0,7.0,sysadmin,general_practitioner,0
16brwc2,2,4,1.75,1.5,7.0,sysadmin,general_practitioner,0
16bzso6,3,237,9.244725738396625,1.0,2191.0,sysadmin,general_practitioner,0
16cbz9x,1,99,11.313131313131311,1.0,1120.0,sysadmin,general_practitioner,0
16ce1xz,2,65,15.430769230769233,2.0,1003.0,sysadmin,general_practitioner,0
16chmxk,1,18,2.2222222222222223,1.0,40.0,sysadmin,general_practitioner,0
16cik4i,2,2,1.5,1.5,3.0,sysadmin,general_practitioner,0
16cllt4,1,83,5.469879518072289,1.0,454.0,sysadmin,general_practitioner,0
16cslmn,1,9,4.111111111111111,5.0,37.0,sysadmin,general_practitioner,0
16cxke9,2,22,14.727272727272728,4.0,324.0,sysadmin,general_practitioner,0
16derqd,3,16,3.5625,2.5,57.0,sysadmin,general_practitioner,0
16dibde,1,130,11.723076923076922,1.0,1524.0,sysadmin,general_practitioner,0
16djwtn,2,130,11.976923076923075,2.0,1557.0,sysadmin,general_practitioner,0
16dl4il,2,6,2.1666666666666665,1.5,13.0,sysadmin,general_practitioner,0
16e0v8q,3,2,1.0,1.0,2.0,sysadmin,general_practitioner,0
16f4a0t,3,4,1.5,1.0,6.0,sysadmin,general_practitioner,0
16f4a0f,4,4,1.25,1.0,5.0,sysadmin,general_practitioner,0
16fj5k0,1,5,1.8,1.0,9.0,sysadmin,general_practitioner,0
16g3gtx,1,56,9.375,2.0,525.0,sysadmin,general_practitioner,0
16g7yrp,2,37,8.702702702702704,2.0,322.0,sysadmin,general_practitioner,0
16g7hnu,2,8,5.875,4.0,47.0,sysadmin,general_practitioner,0
16ganw3,1,127,38.56692913385827,3.0,4898.0,sysadmin,general_practitioner,0
16ghv09,1,9,1.8888888888888888,1.0,17.0,sysadmin,general_practitioner,0
16ggzdj,2,1,3.0,3.0,3.0,sysadmin,general_practitioner,0
16grxrn,1,3,1.6666666666666667,2.0,5.0,sysadmin,general_practitioner,0
16hmwvp,1,1,23.0,23.0,23.0,sysadmin,general_practitioner,0
16hn8f3,2,267,8.389513108614231,1.0,2240.0,sysadmin,general_practitioner,0
16huevz,3,1,3.0,3.0,3.0,sysadmin,general_practitioner,0
16ihu32,1,179,5.055865921787709,1.0,905.0,sysadmin,general_practitioner,0
16il0pr,1,3,1.6666666666666667,1.0,5.0,sysadmin,general_practitioner,0
16ilavq,2,27,5.37037037037037,1.0,145.0,sysadmin,general_practitioner,0
16ilbkq,1,8,8.75,2.5,70.0,sysadmin,general_practitioner,0
16ipxlu,2,8,7.0,4.0,56.0,sysadmin,general_practitioner,0
16irus6,1,14,6.928571428571429,2.5,97.0,sysadmin,general_practitioner,0
16itg5a,1,223,8.609865470852018,1.0,1920.0,sysadmin,general_practitioner,0
16j6cid,1,0,,,,sysadmin,general_practitioner,1
16j9xy8,1,68,4.955882352941177,1.0,337.0,sysadmin,general_practitioner,0
16jde4s,3,26,9.115384615384617,2.0,237.0,sysadmin,general_practitioner,0
16je9l4,1,138,10.44927536231884,1.0,1442.0,sysadmin,general_practitioner,0
16js27s,2,11,3.363636363636364,3.0,37.0,sysadmin,general_practitioner,0
16ju7bh,1,5,2.6,2.0,13.0,sysadmin,general_practitioner,0
16jukd0,1,1,3.0,3.0,3.0,sysadmin,general_practitioner,0
16jxvqt,1,7,7.285714285714286,3.0,51.0,sysadmin,general_practitioner,0
16kaim5,2,76,11.210526315789474,1.0,852.0,sysadmin,general_practitioner,0
16kehqh,1,31,10.0,2.0,310.0,sysadmin,general_practitioner,0
16kmu53,1,43,10.209302325581396,2.0,439.0,sysadmin,general_practitioner,0
16kv9yz,1,26,4.615384615384615,2.0,120.0,sysadmin,general_practitioner,0
16l5wgg,2,2,4.0,4.0,8.0,sysadmin,general_practitioner,0
16l81xf,2,50,13.3,3.0,665.0,sysadmin,general_practitioner,0
16lkiyi,2,29,5.517241379310345,2.0,160.0,sysadmin,general_practitioner,0
16lqo7s,2,62,14.838709677419354,2.0,920.0,sysadmin,general_practitioner,0
16m26f1,3,9,6.666666666666667,2.0,60.0,sysadmin,general_practitioner,0
16mcme2,2,60,7.816666666666666,1.0,469.0,sysadmin,general_practitioner,0
16mfr8h,4,8,2.875,1.0,23.0,sysadmin,general_practitioner,0
16mr2f6,1,10,27.6,11.5,276.0,sysadmin,general_practitioner,0
16n9jw1,1,1,1.0,1.0,1.0,sysadmin,general_practitioner,0
16naoy8,1,49,11.959183673469388,2.0,586.0,sysadmin,general_practitioner,0
16nm28p,1,7,4.857142857142857,3.0,34.0,sysadmin,general_practitioner,0
16oi4f2,2,113,7.415929203539823,1.0,838.0,sysadmin,general_practitioner,0
16op1i9,1,58,6.431034482758621,1.0,373.0,sysadmin,general_practitioner,0
16oq00f,1,0,,,,sysadmin,general_practitioner,1
16oq2pz,1,7,1.5714285714285714,1.0,11.0,sysadmin,general_practitioner,0
16ovihd,2,16,6.625,2.0,106.0,sysadmin,general_practitioner,0
16oz13m,1,3,4.666666666666667,1.0,14.0,sysadmin,general_practitioner,0
16p9hbb,1,81,12.246913580246911,1.0,992.0,sysadmin,general_practitioner,0
16pdeei,1,8,2.375,1.0,19.0,sysadmin,general_practitioner,0
16pku8r,2,1,3.0,3.0,3.0,sysadmin,general_practitioner,0
16pvxf2,1,1,1.0,1.0,1.0,sysadmin,general_practitioner,0
16q1gq0,1,134,20.253731343283583,2.0,2714.0,sysadmin,general_practitioner,0
16r2r67,1,1,2.0,2.0,2.0,sysadmin,general_practitioner,0
16rdyoh,1,10,6.6,4.0,66.0,sysadmin,general_practitioner,0
16rtxn0,1,5,3.4,1.0,17.0,sysadmin,general_practitioner,0
16ry1vg,2,39,17.384615384615383,3.0,678.0,sysadmin,general_practitioner,0
16s38yj,1,12,9.166666666666666,5.5,110.0,sysadmin,general_practitioner,0
16s6g5y,1,6,3.1666666666666665,1.0,19.0,sysadmin,general_practitioner,0
16smub7,1,4,2.0,2.0,8.0,sysadmin,general_practitioner,0
16smcq6,3,79,8.594936708860759,1.0,679.0,sysadmin,general_practitioner,0
16sprlu,2,2,2.0,2.0,4.0,sysadmin,general_practitioner,0
16sqg50,1,22,9.363636363636363,2.0,206.0,sysadmin,general_practitioner,0
16srnoq,1,4,1.0,1.0,4.0,sysadmin,general_practitioner,0
16tuzi1,1,1,1.0,1.0,1.0,sysadmin,general_practitioner,0
16u2cpv,1,14,3.928571428571429,2.0,55.0,sysadmin,general_practitioner,0
16u62fu,1,6,5.333333333333333,5.0,32.0,sysadmin,general_practitioner,0
16uezcm,1,3,1.0,1.0,3.0,sysadmin,general_practitioner,0
16uh618,1,4,4.0,3.5,16.0,sysadmin,general_practitioner,0
16uha32,1,3,1.6666666666666667,2.0,5.0,sysadmin,general_practitioner,0
16umr5e,1,113,16.168141592920353,4.0,1827.0,sysadmin,general_practitioner,0
16v1krw,1,154,20.11688311688312,1.0,3098.0,sysadmin,general_practitioner,0
16vb1dx,3,75,27.88,2.0,2091.0,sysadmin,general_practitioner,0
16vaf2h,3,5,2.2,2.0,11.0,sysadmin,general_practitioner,0
16vhv2b,1,6,5.833333333333333,2.0,35.0,sysadmin,general_practitioner,0
16vdcf8,1,6,2.1666666666666665,2.0,13.0,sysadmin,general_practitioner,0
16vk3ut,2,1,1.0,1.0,1.0,sysadmin,general_practitioner,0
16vmvif,2,12,7.5,3.5,90.0,sysadmin,general_practitioner,0
16vsoqg,1,44,5.0,1.0,220.0,sysadmin,general_practitioner,0
16vv3dt,1,20,12.0,2.5,240.0,sysadmin,general_practitioner,0
16vvnhp,1,65,4.307692307692308,2.0,280.0,sysadmin,general_practitioner,0
16x3dpx,3,34,8.058823529411764,1.0,274.0,sysadmin,general_practitioner,0
16x9j8c,3,40,4.325,2.0,173.0,sysadmin,general_practitioner,0
16xdeyk,4,20,10.65,2.5,213.0,sysadmin,general_practitioner,0
16xpwvk,1,41,12.024390243902438,1.0,493.0,sysadmin,general_practitioner,0
16y7s34,1,6,1.5,1.5,9.0,sysadmin,general_practitioner,0
16y7hdl,1,10,10.5,3.0,105.0,sysadmin,general_practitioner,0
16y96uu,3,1,1.0,1.0,1.0,sysadmin,general_practitioner,0
16ysfm8,1,14,2.2857142857142856,1.0,32.0,sysadmin,general_practitioner,0
16ysn2p,1,3,2.0,2.0,6.0,sysadmin,general_practitioner,0
16ytl0l,1,21,3.9047619047619047,2.0,82.0,sysadmin,general_practitioner,0
16yte7e,1,2,2.5,2.5,5.0,sysadmin,general_practitioner,0
16z4pa0,1,43,15.232558139534884,2.0,655.0,sysadmin,general_practitioner,0
16zk94t,1,2,1.5,1.5,3.0,sysadmin,general_practitioner,0
16zof2j,1,6,2.6666666666666665,1.5,16.0,sysadmin,general_practitioner,0
16zq5v8,1,72,21.05555555555556,2.0,1516.0,sysadmin,general_practitioner,0
16zwly0,1,1,1.0,1.0,1.0,sysadmin,general_practitioner,0
17048t7,1,15,1.6666666666666667,1.0,25.0,sysadmin,general_practitioner,0
1704dtw,2,3,1.3333333333333333,1.0,4.0,sysadmin,general_practitioner,0
170m3qa,3,60,11.566666666666666,1.0,694.0,sysadmin,general_practitioner,0
170lnol,2,61,8.540983606557377,2.0,521.0,sysadmin,general_practitioner,0
170mtwe,1,58,17.93103448275862,2.0,1040.0,sysadmin,general_practitioner,0
170ldls,2,0,,,,sysadmin,general_practitioner,1
170ra44,1,94,10.97872340425532,2.0,1032.0,sysadmin,general_practitioner,0
170ytcj,1,3,1.3333333333333333,1.0,4.0,sysadmin,general_practitioner,0
171odjk,1,2,1.0,1.0,2.0,sysadmin,general_practitioner,0
171of4u,2,6,2.833333333333333,2.5,17.0,sysadmin,general_practitioner,0
171x8sz,2,11,5.0,3.0,55.0,sysadmin,general_practitioner,0
1726f47,1,2,1.5,1.5,3.0,sysadmin,general_practitioner,0
171vzum,3,24,5.125,1.0,123.0,sysadmin,general_practitioner,0
172s58k,3,36,11.333333333333334,1.0,408.0,sysadmin,general_practitioner,0
1731yy5,3,66,4.0606060606060606,2.0,268.0,sysadmin,general_practitioner,0
173b8q6,1,91,6.8901098901098905,1.0,627.0,sysadmin,general_practitioner,0
173fbm4,1,51,9.647058823529411,1.0,492.0,sysadmin,general_practitioner,0
173i8kr,2,2,1.5,1.5,3.0,sysadmin,general_practitioner,0
173pf2x,1,3,1.3333333333333333,1.0,4.0,sysadmin,general_practitioner,0
173w9ib,1,9,3.7777777777777777,3.0,34.0,sysadmin,general_practitioner,0
173xh94,1,2,2.0,2.0,4.0,sysadmin,general_practitioner,0
173zdb3,1,6,5.0,2.5,30.0,sysadmin,general_practitioner,0
174088c,2,3,2.0,2.0,6.0,sysadmin,general_practitioner,0
17468lp,1,1,3.0,3.0,3.0,sysadmin,general_practitioner,0
1744mvt,1,3,2.6666666666666665,3.0,8.0,sysadmin,general_practitioner,0
174aoes,1,8,1.5,1.0,12.0,sysadmin,general_practitioner,0
174h6bv,4,96,12.322916666666666,1.0,1183.0,sysadmin,general_practitioner,0
174ph1p,2,42,43.0,3.0,1806.0,sysadmin,general_practitioner,0
174zzd8,1,3,3.0,2.0,9.0,sysadmin,general_practitioner,0
175sbud,1,186,6.360215053763441,1.0,1183.0,sysadmin,general_practitioner,0
1766xsx,1,3,1.6666666666666667,1.0,5.0,sysadmin,general_practitioner,0
176br8f,1,22,12.5,6.0,275.0,sysadmin,general_practitioner,0
176egqh,1,5,1.8,2.0,9.0,sysadmin,general_practitioner,0
176kq7d,1,9,3.888888888888889,1.0,35.0,sysadmin,general_practitioner,0
176riy3,2,10,3.0,3.5,30.0,sysadmin,general_practitioner,0
1789ini,1,20,27.35,13.0,547.0,sysadmin,general_practitioner,0
178cyj0,2,7,4.285714285714286,3.0,30.0,sysadmin,general_practitioner,0
17977b2,1,50,13.0,3.0,650.0,sysadmin,general_practitioner,0
1799h64,1,1,1.0,1.0,1.0,sysadmin,general_practitioner,0
1799tsc,1,82,19.585365853658537,4.0,1606.0,sysadmin,general_practitioner,0
179n3t1,1,4,1.0,1.0,4.0,sysadmin,general_practitioner,0
179jqn5,1,21,8.904761904761905,2.0,187.0,sysadmin,general_practitioner,0
17a1vdb,1,1,2.0,2.0,2.0,sysadmin,general_practitioner,0
17aan5h,1,84,14.94047619047619,1.0,1255.0,sysadmin,general_practitioner,0
17ab4ln,1,15,24.466666666666665,2.0,367.0,sysadmin,general_practitioner,0
17an4ne,2,50,12.44,1.0,622.0,sysadmin,general_practitioner,0
17ao2r3,2,23,6.217391304347826,2.0,143.0,sysadmin,general_practitioner,0
17arsio,3,61,9.0,2.0,549.0,sysadmin,general_practitioner,0
17arp4h,1,186,7.037634408602151,1.0,1309.0,sysadmin,general_practitioner,0
17aryqr,2,35,7.742857142857143,2.0,271.0,sysadmin,general_practitioner,0
17axphl,1,10,5.9,3.5,59.0,sysadmin,general_practitioner,0
17ayf8u,1,1,1.0,1.0,1.0,sysadmin,general_practitioner,0
17az4kv,2,9,15.22222222222222,14.0,137.0,sysadmin,general_practitioner,0
17b5gnb,1,0,,,,sysadmin,general_practitioner,1
17bh0em,1,17,8.529411764705882,2.0,145.0,sysadmin,general_practitioner,0
17bjrew,2,15,6.133333333333334,4.0,92.0,sysadmin,general_practitioner,0
17c113q,1,48,9.5,1.0,456.0,sysadmin,general_practitioner,0
17c1uye,1,65,6.415384615384616,1.0,417.0,sysadmin,general_practitioner,0
17cbq3j,3,9,5.666666666666667,4.0,51.0,sysadmin,general_practitioner,0
17ce7uj,3,34,6.147058823529412,2.0,209.0,sysadmin,general_practitioner,0
17cgaqx,3,22,6.545454545454546,2.0,144.0,sysadmin,general_practitioner,0
17cfpck,3,62,5.661290322580645,1.0,351.0,sysadmin,general_practitioner,0
17cnqlm,3,11,10.090909090909092,4.0,111.0,sysadmin,general_practitioner,0
17e6mmb,2,108,3.814814814814815,1.0,412.0,sysadmin,general_practitioner,0
17ejbpx,1,8,12.125,2.0,97.0,sysadmin,general_practitioner,0
17ekzv7,2,15,2.6666666666666665,1.0,40.0,sysadmin,general_practitioner,0
17ekkxv,1,1,1.0,1.0,1.0,sysadmin,general_practitioner,0
17ewdlb,3,34,4.617647058823529,2.0,157.0,sysadmin,general_practitioner,0
17eyegk,1,30,4.333333333333333,1.0,130.0,sysadmin,general_practitioner,0
17f1uzk,3,4,5.5,6.0,22.0,sysadmin,general_practitioner,0
17f542a,2,1,1.0,1.0,1.0,sysadmin,general_practitioner,0
17fdq49,2,22,17.772727272727273,3.0,391.0,sysadmin,general_practitioner,0
17fh3u6,1,36,14.86111111111111,3.0,535.0,sysadmin,general_practitioner,0
17fr281,1,2,2.0,2.0,4.0,sysadmin,general_practitioner,0
17fnr46,1,22,17.0,4.0,374.0,sysadmin,general_practitioner,0
17fsv96,2,141,23.0,2.0,3243.0,sysadmin,general_practitioner,0
17fy3sw,1,7,3.571428571428572,2.0,25.0,sysadmin,general_practitioner,0
17fzwgr,2,21,7.952380952380952,1.0,167.0,sysadmin,general_practitioner,0
17g3sth,2,3,4.0,4.0,12.0,sysadmin,general_practitioner,0
17g6e7x,1,20,13.15,3.5,263.0,sysadmin,general_practitioner,0
17gahr7,2,9,1.6666666666666667,1.0,15.0,sysadmin,general_practitioner,0
17gekow,1,3,2.0,3.0,6.0,sysadmin,general_practitioner,0
17giiz9,1,26,2.5384615384615383,1.0,66.0,sysadmin,general_practitioner,0
17gkouj,1,2,2.5,2.5,5.0,sysadmin,general_practitioner,0
17gjk4k,1,5,7.4,3.0,37.0,sysadmin,general_practitioner,0
17h0hm4,3,21,9.61904761904762,3.0,202.0,sysadmin,general_practitioner,0
17h6ifq,1,3,1.6666666666666667,1.0,5.0,sysadmin,general_practitioner,0
17hae44,2,5,1.6,1.0,8.0,sysadmin,general_practitioner,0
17h8t7n,1,3,1.0,1.0,3.0,sysadmin,general_practitioner,0
17hmpks,1,0,,,,sysadmin,general_practitioner,1
17hr075,1,16,17.0625,4.5,273.0,sysadmin,general_practitioner,0
17hrgy8,2,12,1.6666666666666667,1.0,20.0,sysadmin,general_practitioner,0
17hwlue,1,4,0.25,1.0,1.0,sysadmin,general_practitioner,0
17hwzjg,2,0,,,,sysadmin,general_practitioner,1
17igr70,3,8,11.25,9.0,90.0,sysadmin,general_practitioner,0
17jfw5m,1,29,21.03448275862069,3.0,610.0,sysadmin,general_practitioner,0
17jqoil,1,10,2.3,1.0,23.0,sysadmin,general_practitioner,0
17jmcmn,2,21,7.761904761904762,2.0,163.0,sysadmin,general_practitioner,0
17k0shv,2,48,18.5,2.0,888.0,sysadmin,general_practitioner,0
17k803v,2,23,4.913043478260869,2.0,113.0,sysadmin,general_practitioner,0
17kazjk,2,2,3.0,3.0,6.0,sysadmin,general_practitioner,0
17kg6g6,3,5,4.6,5.0,23.0,sysadmin,general_practitioner,0
17kna6o,1,5,1.4,1.0,7.0,sysadmin,general_practitioner,0
17kvwgx,2,4,2.5,2.5,10.0,sysadmin,general_practitioner,0
17kxgyd,1,9,6.444444444444445,3.0,58.0,sysadmin,general_practitioner,0
17l25is,1,46,13.26086956521739,2.0,610.0,sysadmin,general_practitioner,0
17l96g0,1,31,20.161290322580644,2.0,625.0,sysadmin,general_practitioner,0
17lb3cr,1,0,,,,sysadmin,general_practitioner,1
17lr78y,1,36,22.63888888888889,3.5,815.0,sysadmin,general_practitioner,0
17m4oho,1,0,,,,sysadmin,general_practitioner,1
17m702j,1,49,7.714285714285714,1.0,378.0,sysadmin,general_practitioner,0
17mbn8r,2,13,3.923076923076923,2.0,51.0,sysadmin,general_practitioner,0
17mgqp5,3,35,5.885714285714286,2.0,206.0,sysadmin,general_practitioner,0
17miz88,1,1,1.0,1.0,1.0,sysadmin,general_practitioner,0
17mje14,1,4,7.5,8.0,30.0,sysadmin,general_practitioner,0
17mmyk4,2,28,3.357142857142857,1.5,94.0,sysadmin,general_practitioner,0
17mwx72,1,14,4.357142857142857,3.0,61.0,sysadmin,general_practitioner,0
17mzhoz,2,2,2.0,2.0,4.0,sysadmin,general_practitioner,0
17mzyq0,1,53,3.9056603773584895,1.0,207.0,sysadmin,general_practitioner,0
17n5nrg,1,2,1.0,1.0,2.0,sysadmin,general_practitioner,0
17ngei1,2,31,18.70967741935484,3.0,580.0,sysadmin,general_practitioner,0
17o2vku,1,6,3.0,2.0,18.0,sysadmin,general_practitioner,0
17o3xa3,3,7,9.428571428571429,4.0,66.0,sysadmin,general_practitioner,0
17o6hv0,1,3,2.6666666666666665,3.0,8.0,sysadmin,general_practitioner,0
17ob3p6,1,84,24.69047619047619,2.0,2074.0,sysadmin,general_practitioner,0
17p13mh,1,10,7.4,1.5,74.0,sysadmin,general_practitioner,0
17oz9fb,2,23,6.3478260869565215,2.0,146.0,sysadmin,general_practitioner,0
17p4360,1,56,7.678571428571429,1.0,430.0,sysadmin,general_practitioner,0
17pa7t7,1,50,5.46,1.0,273.0,sysadmin,general_practitioner,0
17pds8f,1,3,4.666666666666667,3.0,14.0,sysadmin,general_practitioner,0
17pfl03,1,1,1.0,1.0,1.0,sysadmin,general_practitioner,0
17pnnnh,2,211,5.14218009478673,1.0,1085.0,sysadmin,general_practitioner,0
17pxz60,1,0,,,,sysadmin,general_practitioner,1
17pwo75,1,11,3.272727272727273,2.0,36.0,sysadmin,general_practitioner,0
17py31s,1,51,11.352941176470589,2.0,579.0,sysadmin,general_practitioner,0
17pz2rw,1,4,3.0,2.0,12.0,sysadmin,general_practitioner,0
17q45ed,4,120,14.941666666666666,1.0,1793.0,sysadmin,general_practitioner,0
17q89wi,1,2,3.0,3.0,6.0,sysadmin,general_practitioner,0
17qfbqk,3,2,1.0,1.0,2.0,sysadmin,general_practitioner,0
17qtzij,2,3,3.0,2.0,9.0,sysadmin,general_practitioner,0
17qut6b,1,23,14.91304347826087,3.0,343.0,sysadmin,general_practitioner,0
17qvh7k,3,29,5.793103448275862,2.0,168.0,sysadmin,general_practitioner,0
17r5w8r,1,0,,,,sysadmin,general_practitioner,1
17r77mz,1,1,2.0,2.0,2.0,sysadmin,general_practitioner,0
17rb44d,2,7,3.2857142857142856,2.0,23.0,sysadmin,general_practitioner,0
17rq3dk,1,136,11.345588235294118,1.0,1543.0,sysadmin,general_practitioner,0
17s22xo,2,5,1.2,1.0,6.0,sysadmin,general_practitioner,0
17s63y9,1,28,16.678571428571427,3.0,467.0,sysadmin,general_practitioner,0
17s8jht,1,15,5.0,3.0,75.0,sysadmin,general_practitioner,0
17tjn1p,1,5,1.4,1.0,7.0,sysadmin,general_practitioner,0
17u1xyf,1,14,10.357142857142858,1.5,145.0,sysadmin,general_practitioner,0
17ud6ad,1,13,10.615384615384617,2.0,138.0,sysadmin,general_practitioner,0
17v1l4d,3,19,19.31578947368421,5.0,367.0,sysadmin,general_practitioner,0
17uznuz,1,23,6.608695652173913,2.0,152.0,sysadmin,general_practitioner,0
17v1osf,1,202,10.46039603960396,1.0,2113.0,sysadmin,general_practitioner,0
17vauen,2,1,2.0,2.0,2.0,sysadmin,general_practitioner,0
17vhqnc,1,13,1.4615384615384617,1.0,19.0,sysadmin,general_practitioner,0
17vv4w8,3,4,2.75,2.5,11.0,sysadmin,general_practitioner,0
17wjo64,1,0,,,,sysadmin,general_practitioner,1
17wjp4l,1,78,10.653846153846152,2.0,831.0,sysadmin,general_practitioner,0
17wvfw3,1,14,10.714285714285714,2.5,150.0,sysadmin,general_practitioner,0
17wzc0e,1,9,13.88888888888889,5.0,125.0,sysadmin,general_practitioner,0
17x1nk9,1,5,3.0,3.0,15.0,sysadmin,general_practitioner,0
17x842e,2,0,,,,sysadmin,general_practitioner,1
17xb90l,1,8,6.625,3.0,53.0,sysadmin,general_practitioner,0
17xgq0q,1,6,2.333333333333333,2.0,14.0,sysadmin,general_practitioner,0
17xhv72,2,23,14.869565217391305,5.0,342.0,sysadmin,general_practitioner,0
17xlwg6,1,2,1.5,1.5,3.0,sysadmin,general_practitioner,0
17xs47j,1,3,4.0,4.0,12.0,sysadmin,general_practitioner,0
17xzd01,3,78,10.564102564102564,2.0,824.0,sysadmin,general_practitioner,0
17yansg,2,21,2.2857142857142856,2.0,48.0,sysadmin,general_practitioner,0
17yhg38,1,44,3.8181818181818175,1.0,168.0,sysadmin,general_practitioner,0
17yoy55,1,21,10.333333333333334,2.0,217.0,sysadmin,general_practitioner,0
17yok9p,1,23,20.91304347826087,5.0,481.0,sysadmin,general_practitioner,0
17yznwq,1,0,,,,sysadmin,general_practitioner,1
17zlp1e,1,11,4.0,2.0,44.0,sysadmin,general_practitioner,0
17zq32o,3,15,4.266666666666667,2.0,64.0,sysadmin,general_practitioner,0
17zvmri,1,6,1.8333333333333333,1.5,11.0,sysadmin,general_practitioner,0
17zusk2,1,67,17.104477611940297,2.0,1146.0,sysadmin,general_practitioner,0
180hjy2,1,2,1.0,1.0,2.0,sysadmin,general_practitioner,0
180mk5f,3,96,6.541666666666667,1.0,628.0,sysadmin,general_practitioner,0
180vyd9,1,8,2.125,1.5,17.0,sysadmin,general_practitioner,0
18101e5,1,5,2.4,2.0,12.0,sysadmin,general_practitioner,0
181b2hc,2,9,2.4444444444444446,2.0,22.0,sysadmin,general_practitioner,0
181eg56,2,10,3.2,2.5,32.0,sysadmin,general_practitioner,0
181ghah,1,74,12.891891891891891,3.0,954.0,sysadmin,general_practitioner,0
182arj3,4,367,8.697547683923705,2.0,3192.0,sysadmin,general_practitioner,0
182ginu,3,3,4.0,3.0,12.0,sysadmin,general_practitioner,0
182qb8x,2,20,9.45,2.5,189.0,sysadmin,general_practitioner,0
182xzho,2,9,4.666666666666667,3.0,42.0,sysadmin,general_practitioner,0
1831def,1,3,1.6666666666666667,1.0,5.0,sysadmin,general_practitioner,0
1836z0s,1,16,10.375,5.0,166.0,sysadmin,general_practitioner,0
183l1mg,1,3,1.0,1.0,3.0,sysadmin,general_practitioner,0
183m1ug,1,11,5.0,2.0,55.0,sysadmin,general_practitioner,0
183tgu0,2,18,12.61111111111111,4.0,227.0,sysadmin,general_practitioner,0
183nqby,3,75,5.053333333333334,1.0,379.0,sysadmin,general_practitioner,0
185d8l1,1,56,12.946428571428571,2.0,725.0,sysadmin,general_practitioner,0
1862fuy,1,6,1.3333333333333333,1.0,8.0,sysadmin,general_practitioner,0
18649dl,1,2,1.5,1.5,3.0,sysadmin,general_practitioner,0
1869fy2,1,7,4.714285714285714,5.0,33.0,sysadmin,general_practitioner,0
1879pkp,1,40,12.075,2.0,483.0,sysadmin,general_practitioner,0
187aw0t,1,4,2.75,2.0,11.0,sysadmin,general_practitioner,0
187ewjz,1,0,,,,sysadmin,general_practitioner,1
187t7sq,3,4,1.75,1.5,7.0,sysadmin,general_practitioner,0
187xbqz,1,1,1.0,1.0,1.0,sysadmin,general_practitioner,0
187zurh,1,38,17.5,2.0,665.0,sysadmin,general_practitioner,0
188cte6,2,72,16.15277777777778,1.5,1163.0,sysadmin,general_practitioner,0
188grvg,1,4,3.75,3.0,15.0,sysadmin,general_practitioner,0
188vtz8,2,29,4.793103448275862,2.0,139.0,sysadmin,general_practitioner,0
188ztbu,3,4,3.0,3.0,12.0,sysadmin,general_practitioner,0
18914or,4,66,13.303030303030305,1.0,878.0,sysadmin,general_practitioner,0
189ia8b,1,4,2.75,2.0,11.0,sysadmin,general_practitioner,0
18al7cs,2,20,11.95,3.0,239.0,sysadmin,general_practitioner,0
18bf581,1,1,6.0,6.0,6.0,sysadmin,general_practitioner,0
18c3vtt,1,10,6.5,3.0,65.0,sysadmin,general_practitioner,0
18cez23,2,1,1.0,1.0,1.0,sysadmin,general_practitioner,0
18ch64x,1,4,2.5,2.5,10.0,sysadmin,general_practitioner,0
18cq5rg,1,13,12.846153846153848,3.0,167.0,sysadmin,general_practitioner,0
18cx9tg,1,10,3.6,1.0,36.0,sysadmin,general_practitioner,0
18d60zn,1,0,,,,sysadmin,general_practitioner,1
18d63a3,1,59,17.83050847457627,3.0,1052.0,sysadmin,general_practitioner,0
18dgjwp,1,143,11.86013986013986,1.0,1696.0,sysadmin,general_practitioner,0
18dnxzq,1,7,2.4285714285714284,1.0,17.0,sysadmin,general_practitioner,0
18dq96d,2,13,7.076923076923077,2.0,92.0,sysadmin,general_practitioner,0
18drqq4,2,2,2.5,2.5,5.0,sysadmin,general_practitioner,0
18dtpib,1,65,20.353846153846156,2.0,1323.0,sysadmin,general_practitioner,0
18ejcwl,2,6,4.666666666666667,4.5,28.0,sysadmin,general_practitioner,0
18fvp0m,3,17,5.529411764705882,3.0,94.0,sysadmin,general_practitioner,0
18g1m8u,1,2,1.5,1.5,3.0,sysadmin,general_practitioner,0
18g3b7s,1,10,3.9,2.0,39.0,sysadmin,general_practitioner,0
18gc8ax,1,16,4.125,2.0,66.0,sysadmin,general_practitioner,0
18gohor,1,123,11.691056910569106,1.0,1438.0,sysadmin,general_practitioner,0
18gp1ff,3,20,4.95,2.0,99.0,sysadmin,general_practitioner,0
18gq3hj,1,15,2.7333333333333334,3.0,41.0,sysadmin,general_practitioner,0
18h58z6,1,4,2.25,2.0,9.0,sysadmin,general_practitioner,0
18h6oy5,2,1,3.0,3.0,3.0,sysadmin,general_practitioner,0
18hav1b,1,102,6.068627450980392,1.0,619.0,sysadmin,general_practitioner,0
18hhgbm,1,3,3.0,3.0,9.0,sysadmin,general_practitioner,0
18hjy9c,1,3,1.6666666666666667,1.0,5.0,sysadmin,general_practitioner,0
18hol0o,1,7,3.142857142857143,2.0,22.0,sysadmin,general_practitioner,0
18hryon,2,19,4.631578947368421,3.0,88.0,sysadmin,general_practitioner,0
18i9jhp,2,80,13.725,1.0,1098.0,sysadmin,general_practitioner,0
18i9rfe,1,2,1.0,1.0,2.0,sysadmin,general_practitioner,0
18ifgxg,1,186,10.059139784946236,1.0,1871.0,sysadmin,general_practitioner,0
18ink3c,1,65,9.323076923076924,1.0,606.0,sysadmin,general_practitioner,0
18iplgk,1,64,6.90625,1.0,442.0,sysadmin,general_practitioner,0
18j4qdx,1,29,20.86206896551724,5.0,605.0,sysadmin,general_practitioner,0
18jberp,3,1,2.0,2.0,2.0,sysadmin,general_practitioner,0
18jvfj9,4,114,13.052631578947368,2.0,1488.0,sysadmin,general_practitioner,0
18k9wgz,2,6,5.833333333333333,2.0,35.0,sysadmin,general_practitioner,0
18l0vyf,3,47,12.72340425531915,3.0,598.0,sysadmin,general_practitioner,0
18lbrml,1,3,4.333333333333333,5.0,13.0,sysadmin,general_practitioner,0
18labgj,2,30,6.4,2.0,192.0,sysadmin,general_practitioner,0
18ldn2k,3,5,1.4,1.0,7.0,sysadmin,general_practitioner,0
18ler62,2,7,7.857142857142857,5.0,55.0,sysadmin,general_practitioner,0
18m5gk9,1,56,13.803571428571429,2.0,773.0,sysadmin,general_practitioner,0
18mdv9u,1,9,1.8888888888888888,2.0,17.0,sysadmin,general_practitioner,0
18mj2ts,2,14,23.0,2.0,322.0,sysadmin,general_practitioner,0
18mtebn,1,3,2.0,2.0,6.0,sysadmin,general_practitioner,0
18mtznt,3,8,2.75,2.5,22.0,sysadmin,general_practitioner,0
18mvvqp,1,305,5.075409836065574,1.0,1548.0,sysadmin,general_practitioner,0
18mv49a,1,6,3.8333333333333335,2.0,23.0,sysadmin,general_practitioner,0
18napy9,2,2,2.0,2.0,4.0,sysadmin,general_practitioner,0
18nct8t,1,2,1.5,1.5,3.0,sysadmin,general_practitioner,0
18nfxmo,1,6,2.833333333333333,2.5,17.0,sysadmin,general_practitioner,0
18nlljc,3,35,8.342857142857143,2.0,292.0,sysadmin,general_practitioner,0
18nozy0,1,88,7.136363636363637,1.0,628.0,sysadmin,general_practitioner,0
18ntd76,1,5,9.0,8.0,45.0,sysadmin,general_practitioner,0
18nx68b,1,3,1.0,1.0,3.0,sysadmin,general_practitioner,0
18o1d50,1,19,30.157894736842103,3.0,573.0,sysadmin,general_practitioner,0
18o1hmq,1,5,1.6,1.0,8.0,sysadmin,general_practitioner,0
18o2tei,1,0,,,,sysadmin,general_practitioner,1
18o63ib,2,9,2.888888888888889,3.0,26.0,sysadmin,general_practitioner,0
18ouh7m,1,53,7.245283018867925,2.0,384.0,sysadmin,general_practitioner,0
18p67f0,1,3,2.333333333333333,2.0,7.0,sysadmin,general_practitioner,0
18pbhkc,2,24,5.0,2.0,120.0,sysadmin,general_practitioner,0
18qep8c,4,26,5.846153846153846,1.0,152.0,sysadmin,general_practitioner,0
18qhbam,1,27,6.814814814814815,2.0,184.0,sysadmin,general_practitioner,0
18qy3jh,1,2,1.5,1.5,3.0,sysadmin,general_practitioner,0
18rdb2a,1,251,10.223107569721115,1.0,2566.0,sysadmin,general_practitioner,0
18re96w,1,8,3.75,1.5,30.0,sysadmin,general_practitioner,0
18rjsko,2,2,3.0,3.0,6.0,sysadmin,general_practitioner,0
18s3fos,2,78,18.46153846153846,2.0,1440.0,sysadmin,general_practitioner,0
18s39v9,1,17,6.235294117647059,4.0,106.0,sysadmin,general_practitioner,0
18sfbcc,2,2,2.5,2.5,5.0,sysadmin,general_practitioner,0
18spu1y,1,13,7.538461538461538,1.0,98.0,sysadmin,general_practitioner,0
18sqmgl,3,1,1.0,1.0,1.0,sysadmin,general_practitioner,0
18sr1uc,1,1,6.0,6.0,6.0,sysadmin,general_practitioner,0
18t1k12,3,184,7.478260869565218,1.0,1376.0,sysadmin,general_practitioner,0
18toduw,1,12,8.25,5.5,99.0,sysadmin,general_practitioner,0
18ubc0k,2,10,10.7,5.5,107.0,sysadmin,general_practitioner,0
18umrmc,1,14,4.071428571428571,1.5,57.0,sysadmin,general_practitioner,0
18vm10v,1,197,8.137055837563452,1.0,1603.0,sysadmin,general_practitioner,0
18wf946,1,33,4.636363636363637,1.0,153.0,sysadmin,general_practitioner,0
18wye16,1,17,9.882352941176473,2.0,168.0,sysadmin,general_practitioner,0
18x8awo,2,18,10.666666666666666,5.0,192.0,sysadmin,general_practitioner,0
18x7793,2,148,7.0,1.0,1036.0,sysadmin,general_practitioner,0
18xcsrk,3,21,7.285714285714286,5.0,153.0,sysadmin,general_practitioner,0
18xpcun,2,2,1.0,1.0,2.0,sysadmin,general_practitioner,0
18xvovh,1,17,13.411764705882351,5.0,228.0,sysadmin,general_practitioner,0
18y11uc,1,151,3.006622516556291,1.0,454.0,sysadmin,general_practitioner,0
18y75qy,3,4,1.5,1.5,6.0,sysadmin,general_practitioner,0
18yf6ae,1,45,12.333333333333334,1.0,555.0,sysadmin,general_practitioner,0
18yhumf,3,1,3.0,3.0,3.0,sysadmin,general_practitioner,0
18yl85p,1,4,16.0,15.0,64.0,sysadmin,general_practitioner,0
18ynppk,2,38,12.342105263157896,2.0,469.0,sysadmin,general_practitioner,0
18ymosn,1,0,,,,sysadmin,general_practitioner,1
18zdxkk,1,3,3.0,2.0,9.0,sysadmin,general_practitioner,0
18zioek,1,38,8.157894736842104,2.0,310.0,sysadmin,general_practitioner,0
1914ur6,2,42,5.404761904761905,3.0,227.0,sysadmin,general_practitioner,0
1916pnk,3,3,4.0,4.0,12.0,sysadmin,general_practitioner,0
191momm,2,0,,,,sysadmin,general_practitioner,1
191qw9q,1,0,,,,sysadmin,general_practitioner,1
191tmhr,2,4,2.75,2.5,11.0,sysadmin,general_practitioner,0
192buzr,1,1,3.0,3.0,3.0,sysadmin,general_practitioner,0
192enjq,3,1,2.0,2.0,2.0,sysadmin,general_practitioner,0
192i338,1,6,2.6666666666666665,1.5,16.0,sysadmin,general_practitioner,0
192pa8q,2,71,9.507042253521126,1.0,675.0,sysadmin,general_practitioner,0
192pbaq,1,7,2.142857142857143,1.0,15.0,sysadmin,general_practitioner,0
192tzqc,2,0,,,,sysadmin,general_practitioner,1
193neqj,1,14,7.571428571428571,3.0,106.0,sysadmin,general_practitioner,0
193wqfq,2,3,2.0,2.0,6.0,sysadmin,general_practitioner,0
194026s,3,4,1.5,1.5,6.0,sysadmin,general_practitioner,0
1941wwu,2,47,11.340425531914894,3.0,533.0,sysadmin,general_practitioner,0
1945i1x,1,0,,,,sysadmin,general_practitioner,1
1946sah,2,7,16.857142857142858,8.0,118.0,sysadmin,general_practitioner,0
194h5bx,2,2,2.5,2.5,5.0,sysadmin,general_practitioner,0
194mep4,1,3,1.3333333333333333,1.0,4.0,sysadmin,general_practitioner,0
194yarm,1,11,6.454545454545454,1.0,71.0,sysadmin,general_practitioner,0
194y5bo,1,0,,,,sysadmin,general_practitioner,1
194xwx2,1,2,8.5,8.5,17.0,sysadmin,general_practitioner,0
1952zyi,2,17,5.294117647058823,2.0,90.0,sysadmin,general_practitioner,0
195d1as,3,2,2.5,2.5,5.0,sysadmin,general_practitioner,0
195i9sp,1,11,5.636363636363637,1.0,62.0,sysadmin,general_practitioner,0
195xmlq,1,21,3.380952380952381,1.0,71.0,sysadmin,general_practitioner,0
195xm3b,1,24,5.708333333333333,1.0,137.0,sysadmin,general_practitioner,0
1974yzf,1,2,1.0,1.0,2.0,sysadmin,general_practitioner,0
197akbm,1,35,20.51428571428572,5.0,718.0,sysadmin,general_practitioner,0
197e70j,2,23,28.869565217391305,9.0,664.0,sysadmin,general_practitioner,0
197n461,2,18,10.0,2.5,180.0,sysadmin,general_practitioner,0
197o8zn,1,5,1.6,1.0,8.0,sysadmin,general_practitioner,0
197putu,1,2,2.0,2.0,4.0,sysadmin,general_practitioner,0
197qknb,1,1,1.0,1.0,1.0,sysadmin,general_practitioner,0
197okvd,3,32,4.625,3.0,148.0,sysadmin,general_practitioner,0
1988meg,1,56,10.285714285714286,2.0,576.0,sysadmin,general_practitioner,0
198rhag,1,1,2.0,2.0,2.0,sysadmin,general_practitioner,0
198u4mv,1,2,1.0,1.0,2.0,sysadmin,general_practitioner,0
198yn06,1,9,8.666666666666666,5.0,78.0,sysadmin,general_practitioner,0
1992af0,2,1,2.0,2.0,2.0,sysadmin,general_practitioner,0
19950md,3,0,,,,sysadmin,general_practitioner,1
199hfxy,1,2,1.0,1.0,2.0,sysadmin,general_practitioner,0
199liis,1,63,11.238095238095235,2.0,708.0,sysadmin,general_practitioner,0
199qa1o,2,2,3.5,3.5,7.0,sysadmin,general_practitioner,0
19a10ri,1,1,2.0,2.0,2.0,sysadmin,general_practitioner,0
19aeycj,1,6,3.333333333333333,1.5,20.0,sysadmin,general_practitioner,0
19anf52,1,3,1.6666666666666667,2.0,5.0,sysadmin,general_practitioner,0
19bpvfk,2,102,11.15686274509804,2.0,1138.0,sysadmin,general_practitioner,0
19camvn,3,2,1.0,1.0,2.0,sysadmin,general_practitioner,0
19cbknq,3,0,,,,sysadmin,general_practitioner,1
19cfb9w,1,2,2.0,2.0,4.0,sysadmin,general_practitioner,0
19cv2m5,1,0,,,,sysadmin,general_practitioner,1
19cvprc,1,12,2.583333333333333,1.0,31.0,sysadmin,general_practitioner,0
19cx9ld,3,3,1.0,1.0,3.0,sysadmin,general_practitioner,0
19cy7jf,1,27,4.777777777777778,1.0,129.0,sysadmin,general_practitioner,0
19d4ed1,1,20,9.5,2.0,190.0,sysadmin,general_practitioner,0
19d696w,1,2,1.5,1.5,3.0,sysadmin,general_practitioner,0
19d6gow,1,3,2.6666666666666665,3.0,8.0,sysadmin,general_practitioner,0
19d9z1l,1,2,1.0,1.0,2.0,sysadmin,general_practitioner,0
19e0g4t,1,3,1.0,1.0,3.0,sysadmin,general_practitioner,0
19e1nj3,1,19,5.473684210526316,1.0,104.0,sysadmin,general_practitioner,0
19e356c,3,10,2.8,2.0,28.0,sysadmin,general_practitioner,0
19edktq,2,3,2.6666666666666665,2.0,8.0,sysadmin,general_practitioner,0
19en1tu,1,18,3.6666666666666665,2.0,66.0,sysadmin,general_practitioner,0
19ex0yl,2,4,1.25,1.0,5.0,sysadmin,general_practitioner,0
19f4gfv,1,1,2.0,2.0,2.0,sysadmin,general_practitioner,0
19f7k2d,3,2,2.0,2.0,4.0,sysadmin,general_practitioner,0
19fksak,1,235,10.506382978723405,1.0,2469.0,sysadmin,general_practitioner,0
19fncsl,1,90,10.0,1.0,900.0,sysadmin,general_practitioner,0
1abciuh,1,6,3.1666666666666665,3.0,19.0,sysadmin,general_practitioner,0
1ab9lxo,2,0,,,,sysadmin,general_practitioner,1
1abj9ds,2,11,8.363636363636363,4.0,92.0,sysadmin,general_practitioner,0
1abre6b,3,1,1.0,1.0,1.0,sysadmin,general_practitioner,0
1abs0k6,1,145,13.620689655172416,1.0,1975.0,sysadmin,general_practitioner,0
1ac0j4q,1,2,2.5,2.5,5.0,sysadmin,general_practitioner,0
1abxdjk,3,3,1.3333333333333333,1.0,4.0,sysadmin,general_practitioner,0
1ac3ts0,1,8,5.0,3.5,40.0,sysadmin,general_practitioner,0
1acdpkn,1,23,6.3478260869565215,2.0,146.0,sysadmin,general_practitioner,0
1acxew9,1,4,2.0,1.5,8.0,sysadmin,general_practitioner,0
1adf1n9,3,72,16.833333333333332,2.0,1212.0,sysadmin,general_practitioner,0
1adh7wf,2,56,8.535714285714286,2.0,478.0,sysadmin,general_practitioner,0
1ae3b4q,1,0,,,,sysadmin,general_practitioner,1
1ae3d2e,2,4,1.5,1.0,6.0,sysadmin,general_practitioner,0
1ae5oew,2,9,13.22222222222222,3.0,119.0,sysadmin,general_practitioner,0
1ae5yap,1,2,2.0,2.0,4.0,sysadmin,general_practitioner,0
1ae8t1o,1,66,22.21212121212121,2.0,1466.0,sysadmin,general_practitioner,0
1aeiu61,1,1,9.0,9.0,9.0,sysadmin,general_practitioner,0
1aekmxf,2,0,,,,sysadmin,general_practitioner,1
1aeq2ax,1,28,16.035714285714285,1.0,449.0,sysadmin,general_practitioner,0
1aerk2h,1,2,1.0,1.0,2.0,sysadmin,general_practitioner,0
1aeptr1,1,1,1.0,1.0,1.0,sysadmin,general_practitioner,0
1aevycr,3,94,26.25531914893617,2.0,2468.0,sysadmin,general_practitioner,0
1aexhfg,2,4,1.75,1.5,7.0,sysadmin,general_practitioner,0
1aexrt4,1,0,,,,sysadmin,general_practitioner,1
1aeyb3v,1,3,1.3333333333333333,1.0,4.0,sysadmin,general_practitioner,0
1aexx4f,1,105,10.40952380952381,2.0,1093.0,sysadmin,general_practitioner,0
1aezc40,2,2,2.5,2.5,5.0,sysadmin,general_practitioner,0
1af0qyn,3,4,4.75,4.5,19.0,sysadmin,general_practitioner,0
1af1gin,1,50,6.36,1.0,318.0,sysadmin,general_practitioner,0
1aflm2c,1,82,9.902439024390244,1.0,812.0,sysadmin,general_practitioner,0
1afu4pi,2,164,6.524390243902439,1.0,1070.0,sysadmin,general_practitioner,0
1afwrls,1,10,14.1,6.5,141.0,sysadmin,general_practitioner,0
1ag25bm,3,0,,,,sysadmin,general_practitioner,1
1agj49k,1,9,4.666666666666667,3.0,42.0,sysadmin,general_practitioner,0
1agj068,3,83,9.91566265060241,1.0,823.0,sysadmin,general_practitioner,0
1aglcqn,3,16,8.6875,2.0,139.0,sysadmin,general_practitioner,0
1agna2k,4,2,1.5,1.5,3.0,sysadmin,general_practitioner,0
1agosjv,1,1,1.0,1.0,1.0,sysadmin,general_practitioner,0
1agrnss,1,73,6.671232876712328,1.0,487.0,sysadmin,general_practitioner,0
1agttle,1,2,1.0,1.0,2.0,sysadmin,general_practitioner,0
1agv07c,1,0,,,,sysadmin,general_practitioner,1
1ah035f,1,25,18.84,1.0,471.0,sysadmin,general_practitioner,0
1ah6jd7,1,3,1.0,1.0,3.0,sysadmin,general_practitioner,0
1ahgn42,2,15,13.066666666666666,5.0,196.0,sysadmin,general_practitioner,0
1ahsvj8,1,22,5.2727272727272725,1.0,116.0,sysadmin,general_practitioner,0
1ai18wv,2,54,12.166666666666666,2.0,657.0,sysadmin,general_practitioner,0
1aibsxk,1,35,12.771428571428572,3.0,447.0,sysadmin,general_practitioner,0
1aits0v,4,7,7.0,5.0,49.0,sysadmin,general_practitioner,0
1ajcyy1,1,2,3.5,3.5,7.0,sysadmin,general_practitioner,0
1ajfw9s,3,1,5.0,5.0,5.0,sysadmin,general_practitioner,0
1ajjo64,1,6,2.1666666666666665,1.0,13.0,sysadmin,general_practitioner,0
1ajlo15,3,5,3.0,1.0,15.0,sysadmin,general_practitioner,0
1ajt31w,1,0,,,,sysadmin,general_practitioner,1
1ajx648,2,26,13.307692307692308,2.0,346.0,sysadmin,general_practitioner,0
1ak380y,1,57,17.70175438596491,2.0,1009.0,sysadmin,general_practitioner,0
1ak933q,3,6,3.0,1.5,18.0,sysadmin,general_practitioner,0
1akgbco,2,5,2.4,2.0,12.0,sysadmin,general_practitioner,0
1akf6km,2,4,1.75,1.5,7.0,sysadmin,general_practitioner,0
1akjv6y,3,1,1.0,1.0,1.0,sysadmin,general_practitioner,0
1akss6t,1,20,9.15,2.5,183.0,sysadmin,general_practitioner,0
1akz46k,1,1,1.0,1.0,1.0,sysadmin,general_practitioner,0
1al3xt0,2,1,1.0,1.0,1.0,sysadmin,general_practitioner,0
1al58wz,2,1,2.0,2.0,2.0,sysadmin,general_practitioner,0
1al4ycf,1,93,11.376344086021506,1.0,1058.0,sysadmin,general_practitioner,0
1al91k1,3,5,2.2,2.0,11.0,sysadmin,general_practitioner,0
1alb04r,3,1,3.0,3.0,3.0,sysadmin,general_practitioner,0
1alejy1,2,80,7.4,2.0,592.0,sysadmin,general_practitioner,0
1alduu0,1,8,4.625,2.5,37.0,sysadmin,general_practitioner,0
1alfoau,1,10,4.6,1.0,46.0,sysadmin,general_practitioner,0
1alfynn,2,58,9.20689655172414,1.0,534.0,sysadmin,general_practitioner,0
1alrouf,1,65,12.215384615384616,2.0,794.0,sysadmin,general_practitioner,0
1alwlqw,2,0,,,,sysadmin,general_practitioner,1
1alywrv,1,12,1.6666666666666667,1.0,20.0,sysadmin,general_practitioner,0
1am1w4h,1,1,1.0,1.0,1.0,sysadmin,general_practitioner,0
1am1trr,2,3,1.3333333333333333,1.0,4.0,sysadmin,general_practitioner,0
1am3lzi,1,27,3.2222222222222223,1.0,87.0,sysadmin,general_practitioner,0
1amdnzl,2,1,1.0,1.0,1.0,sysadmin,general_practitioner,0
1amvg2k,4,14,3.2142857142857144,3.0,45.0,sysadmin,general_practitioner,0
1an3o6n,1,29,13.06896551724138,1.0,379.0,sysadmin,general_practitioner,0
1angl5y,1,4,1.5,1.0,6.0,sysadmin,general_practitioner,0
1angobm,1,101,16.18811881188119,2.0,1635.0,sysadmin,general_practitioner,0
1ao3471,1,15,5.266666666666667,1.0,79.0,sysadmin,general_practitioner,0
1aod5ta,1,63,15.571428571428571,2.0,981.0,sysadmin,general_practitioner,0
1aosynr,2,0,,,,sysadmin,general_practitioner,1
1aovnhu,3,4,1.75,1.0,7.0,sysadmin,general_practitioner,0
1ap344h,1,13,4.153846153846154,1.0,54.0,sysadmin,general_practitioner,0
1ap3ne5,1,2,1.0,1.0,2.0,sysadmin,general_practitioner,0
1apngw9,1,25,5.04,2.0,126.0,sysadmin,general_practitioner,0
1apou53,1,58,5.827586206896552,1.0,338.0,sysadmin,general_practitioner,0
1aprq2e,3,9,4.0,3.0,36.0,sysadmin,general_practitioner,0
1aq1hi3,1,18,4.944444444444445,1.0,89.0,sysadmin,general_practitioner,0
1aq802x,3,37,4.378378378378378,1.0,162.0,sysadmin,general_practitioner,0
1aqd7ri,1,2,2.0,2.0,4.0,sysadmin,general_practitioner,0
1aqf0fq,1,24,5.916666666666667,2.0,142.0,sysadmin,general_practitioner,0
1aqqath,1,0,,,,sysadmin,general_practitioner,1
1aqqzay,3,3,1.0,1.0,3.0,sysadmin,general_practitioner,0
1aqxk51,1,17,2.8823529411764706,1.0,49.0,sysadmin,general_practitioner,0
1aqzqwy,2,29,2.2413793103448274,1.0,65.0,sysadmin,general_practitioner,0
1ar0k9i,1,25,2.8,1.0,70.0,sysadmin,general_practitioner,0
1ar5gz6,1,61,24.34426229508197,4.0,1485.0,sysadmin,general_practitioner,0
1ar9g2d,1,39,5.051282051282051,2.0,197.0,sysadmin,general_practitioner,0
1ar9cup,1,10,9.0,3.5,90.0,sysadmin,general_practitioner,0
1ard27e,1,4,1.5,1.5,6.0,sysadmin,general_practitioner,0
1aricav,1,3,3.0,2.0,9.0,sysadmin,general_practitioner,0
1arkp07,1,3,5.0,3.0,15.0,sysadmin,general_practitioner,0
1arm4ma,1,85,11.494117647058824,1.0,977.0,sysadmin,general_practitioner,0
1arpkk4,2,5,1.8,2.0,9.0,sysadmin,general_practitioner,0
1ary9yt,1,5,2.8,2.0,14.0,sysadmin,general_practitioner,0
1as2649,1,14,9.642857142857142,4.5,135.0,sysadmin,general_practitioner,0
1as5azu,2,129,4.651162790697675,1.0,600.0,sysadmin,general_practitioner,0
1asapih,1,5,1.8,2.0,9.0,sysadmin,general_practitioner,0
1asciaw,1,10,5.3,2.0,53.0,sysadmin,general_practitioner,0
1asgbk2,1,1,3.0,3.0,3.0,sysadmin,general_practitioner,0
1asgsej,2,4,1.5,1.5,6.0,sysadmin,general_practitioner,0
1asksa2,1,100,9.69,1.0,969.0,sysadmin,general_practitioner,0
1asjbro,1,30,10.333333333333334,2.0,310.0,sysadmin,general_practitioner,0
1asvx4e,1,2,3.5,3.5,7.0,sysadmin,general_practitioner,0
1atev0f,1,432,5.87962962962963,1.0,2540.0,sysadmin,general_practitioner,0
1athvos,1,17,4.647058823529412,4.0,79.0,sysadmin,general_practitioner,0
1aubyi0,1,80,4.6375,2.0,371.0,sysadmin,general_practitioner,0
1auilpt,3,67,2.253731343283582,1.0,151.0,sysadmin,general_practitioner,0
1auo82u,2,113,5.407079646017699,1.0,611.0,sysadmin,general_practitioner,0
1aum2w5,1,9,5.666666666666667,2.0,51.0,sysadmin,general_practitioner,0
1auyp5i,2,62,5.629032258064516,1.0,349.0,sysadmin,general_practitioner,0
1auylb2,1,4,4.75,4.0,19.0,sysadmin,general_practitioner,0
1av0jcp,2,55,6.6909090909090905,1.0,368.0,sysadmin,general_practitioner,0
1avd44s,1,6,8.833333333333334,6.5,53.0,sysadmin,general_practitioner,0
1avea9f,1,18,11.27777777777778,1.0,203.0,sysadmin,general_practitioner,0
1avsw8r,2,16,2.5625,2.0,41.0,sysadmin,general_practitioner,0
1aw7v0c,2,2,1.5,1.5,3.0,sysadmin,general_practitioner,0
1aw8twf,1,5,2.6,2.0,13.0,sysadmin,general_practitioner,0
1awf7us,3,8,3.625,3.5,29.0,sysadmin,general_practitioner,0
1awf290,1,1,7.0,7.0,7.0,sysadmin,general_practitioner,0
1awt0bc,1,79,13.253164556962023,1.0,1047.0,sysadmin,general_practitioner,0
1ax8b8c,1,28,5.607142857142857,2.0,157.0,sysadmin,general_practitioner,0
1ax9nv5,1,85,23.38823529411765,3.0,1988.0,sysadmin,general_practitioner,0
1axgbrs,1,9,3.6666666666666665,2.0,33.0,sysadmin,general_practitioner,0
1axhtdk,1,5,2.6,1.0,13.0,sysadmin,general_practitioner,0
1axjuaq,2,4,1.25,1.0,5.0,sysadmin,general_practitioner,0
1axl1k6,2,21,11.476190476190476,2.0,241.0,sysadmin,general_practitioner,0
1ay2chk,1,2,1.0,1.0,2.0,sysadmin,general_practitioner,0
1ay3vgx,1,9,1.2222222222222223,1.0,11.0,sysadmin,general_practitioner,0
1ay5jcb,1,47,7.148936170212766,2.0,336.0,sysadmin,general_practitioner,0
1aycsi2,3,5,1.6,1.0,8.0,sysadmin,general_practitioner,0
1ayddqj,1,46,12.58695652173913,2.0,579.0,sysadmin,general_practitioner,0
1ayhrj8,2,3,13.666666666666666,13.0,41.0,sysadmin,general_practitioner,0
1ayoefm,2,16,4.6875,2.5,75.0,sysadmin,general_practitioner,0
1ayrdwt,1,62,36.403225806451616,4.0,2257.0,sysadmin,general_practitioner,0
1ayurte,1,6,4.833333333333333,2.5,29.0,sysadmin,general_practitioner,0
1az1w7w,1,16,2.8125,1.5,45.0,sysadmin,general_practitioner,0
1azr5w5,2,16,5.125,1.5,82.0,sysadmin,general_practitioner,0
1b04uu2,2,4,2.0,2.0,8.0,sysadmin,general_practitioner,0
1b0c14s,1,3,1.6666666666666667,1.0,5.0,sysadmin,general_practitioner,0
1b0gje6,2,36,8.972222222222221,1.0,323.0,sysadmin,general_practitioner,0
1b0iluq,1,1,2.0,2.0,2.0,sysadmin,general_practitioner,0
1b0kfa4,1,7,3.4285714285714284,2.0,24.0,sysadmin,general_practitioner,0
1b0ur2u,2,2,2.0,2.0,4.0,sysadmin,general_practitioner,0
1b0w0sg,1,70,11.414285714285716,1.5,799.0,sysadmin,general_practitioner,0
1b0xqoc,3,5,7.8,5.0,39.0,sysadmin,general_practitioner,0
1b0zo5y,4,4,2.25,1.0,9.0,sysadmin,general_practitioner,0
1b12syq,1,0,,,,sysadmin,general_practitioner,1
1b14eap,1,0,,,,sysadmin,general_practitioner,1
1b1836e,3,1,5.0,5.0,5.0,sysadmin,general_practitioner,0
1b1dlct,2,1,1.0,1.0,1.0,sysadmin,general_practitioner,0
1b1jqck,1,33,10.818181818181818,3.0,357.0,sysadmin,general_practitioner,0
1b1i46t,1,81,8.197530864197532,2.0,664.0,sysadmin,general_practitioner,0
1b2bkv3,1,8,2.125,2.0,17.0,sysadmin,general_practitioner,0
1b2f8i5,1,2,1.5,1.5,3.0,sysadmin,general_practitioner,0
1b2hq6h,3,5,2.6,2.0,13.0,sysadmin,general_practitioner,0
1b30nia,1,4,3.0,3.0,12.0,sysadmin,general_practitioner,0
1b31psl,2,92,6.684782608695652,2.0,615.0,sysadmin,general_practitioner,0
1b3534d,1,1,1.0,1.0,1.0,sysadmin,general_practitioner,0
1b3fovu,1,6,4.166666666666667,4.0,25.0,sysadmin,general_practitioner,0
1b3rfnh,1,44,13.659090909090908,1.0,601.0,sysadmin,general_practitioner,0
1b3wdfh,2,123,3.617886178861789,1.0,445.0,sysadmin,general_practitioner,0
1b3yowv,2,40,5.675,2.0,227.0,sysadmin,general_practitioner,0
1b4633d,1,0,,,,sysadmin,general_practitioner,1
1b469kh,1,0,,,,sysadmin,general_practitioner,1
1b48bhj,1,40,3.625,1.5,145.0,sysadmin,general_practitioner,0
1b46ccq,1,6,3.333333333333333,2.0,20.0,sysadmin,general_practitioner,0
1b48xa0,1,3,3.0,1.0,9.0,sysadmin,general_practitioner,0
1b4wkjb,1,34,6.617647058823529,1.0,225.0,sysadmin,general_practitioner,0
1b4xl8j,1,85,13.988235294117649,1.0,1189.0,sysadmin,general_practitioner,0
1b5181e,1,11,13.181818181818182,4.0,145.0,sysadmin,general_practitioner,0
1b5cl0o,3,16,7.75,1.0,124.0,sysadmin,general_practitioner,0
1b56zzo,2,27,7.407407407407407,1.0,200.0,sysadmin,general_practitioner,0
1b63fki,1,3,2.6666666666666665,2.0,8.0,sysadmin,general_practitioner,0
1b6ao3n,3,45,8.622222222222222,2.0,388.0,sysadmin,general_practitioner,0
1b6g9qg,3,6,1.1666666666666667,1.0,7.0,sysadmin,general_practitioner,0
1b6ll6m,1,6,1.3333333333333333,1.0,8.0,sysadmin,general_practitioner,0
1b6gdki,1,114,8.640350877192983,1.0,985.0,sysadmin,general_practitioner,0
1b6vool,3,0,,,,sysadmin,general_practitioner,1
1b757a8,1,0,,,,sysadmin,general_practitioner,1
1b77z91,2,4,8.0,7.0,32.0,sysadmin,general_practitioner,0
1b78ppi,1,4,2.25,1.0,9.0,sysadmin,general_practitioner,0
1b7b9ik,4,78,4.551282051282051,1.0,355.0,sysadmin,general_practitioner,0
1b7cnma,2,39,7.102564102564102,2.0,277.0,sysadmin,general_practitioner,0
1b7csvq,1,2,1.0,1.0,2.0,sysadmin,general_practitioner,0
1b7gwfi,1,6,4.5,1.5,27.0,sysadmin,general_practitioner,0
1b7krrm,1,3,3.0,3.0,9.0,sysadmin,general_practitioner,0
1b7m7zo,2,269,6.297397769516729,1.0,1694.0,sysadmin,general_practitioner,0
1b7uwii,1,1,2.0,2.0,2.0,sysadmin,general_practitioner,0
1b7uxi3,1,6,11.166666666666666,7.5,67.0,sysadmin,general_practitioner,0
1b7v7s8,1,3,2.0,1.0,6.0,sysadmin,general_practitioner,0
1b8acf0,4,2,3.0,3.0,6.0,sysadmin,general_practitioner,0
1b8de04,2,3,5.333333333333333,6.0,16.0,sysadmin,general_practitioner,0
1b8o7li,2,71,5.253521126760563,1.0,373.0,sysadmin,general_practitioner,0
1b8xi4z,1,0,,,,sysadmin,general_practitioner,1
1b910xx,1,12,3.25,1.5,39.0,sysadmin,general_practitioner,0
1b97fnm,2,25,17.24,2.0,431.0,sysadmin,general_practitioner,0
1b98p6k,3,8,2.5,1.0,20.0,sysadmin,general_practitioner,0
1b9f0zu,3,5,3.2,2.0,16.0,sysadmin,general_practitioner,0
1ba1sao,1,5,1.4,1.0,7.0,sysadmin,general_practitioner,0
1bagj7o,1,13,5.461538461538462,3.0,71.0,sysadmin,general_practitioner,0
1bbfq6s,3,19,6.0,1.0,114.0,sysadmin,general_practitioner,0
1bbhcc1,1,31,7.741935483870968,2.0,240.0,sysadmin,general_practitioner,0
1bbucw6,4,0,,,,sysadmin,general_practitioner,1
1bc16op,2,3,1.0,1.0,3.0,sysadmin,general_practitioner,0
1bc8yzu,1,2,2.5,2.5,5.0,sysadmin,general_practitioner,0
1bcdkgw,3,20,7.35,4.0,147.0,sysadmin,general_practitioner,0
1bcehzh,2,111,14.72972972972973,2.0,1635.0,sysadmin,general_practitioner,0
1bdgcpx,1,0,,,,sysadmin,general_practitioner,1
1bdhdh3,1,2,1.0,1.0,2.0,sysadmin,general_practitioner,0
1bdh1y9,1,4,2.0,2.0,8.0,sysadmin,general_practitioner,0
1bdo46w,2,3,2.6666666666666665,1.0,8.0,sysadmin,general_practitioner,0
1bdqe80,1,39,3.5641025641025643,1.0,139.0,sysadmin,general_practitioner,0
1bdrrf3,1,6,1.8333333333333333,2.0,11.0,sysadmin,general_practitioner,0
1bdsf0l,1,2,1.5,1.5,3.0,sysadmin,general_practitioner,0
1bdt9uh,4,3,2.0,3.0,6.0,sysadmin,general_practitioner,0
1bdus15,1,23,2.4782608695652173,1.0,57.0,sysadmin,general_practitioner,0
1be2fc0,3,27,9.148148148148149,2.0,247.0,sysadmin,general_practitioner,0
1bem6zy,1,5,7.0,5.0,35.0,sysadmin,general_practitioner,0
1beqg5o,1,8,6.375,3.5,51.0,sysadmin,general_practitioner,0
1bexd8y,1,52,7.173076923076923,1.0,373.0,sysadmin,general_practitioner,0
1bf2d7y,2,6,1.3333333333333333,1.0,8.0,sysadmin,general_practitioner,0
1bf5bdj,3,97,10.8659793814433,1.0,1054.0,sysadmin,general_practitioner,0
1bf9g6h,2,0,,,,sysadmin,general_practitioner,1
1bfbesa,2,238,9.743697478991596,1.0,2319.0,sysadmin,general_practitioner,0
1bfb2no,1,7,4.714285714285714,2.0,33.0,sysadmin,general_practitioner,0
1bfbpv6,1,102,6.029411764705882,1.0,615.0,sysadmin,general_practitioner,0
1bfibd8,1,3,1.6666666666666667,1.0,5.0,sysadmin,general_practitioner,0
1bfje7w,1,3,2.6666666666666665,3.0,8.0,sysadmin,general_practitioner,0
1bfkqni,2,0,,,,sysadmin,general_practitioner,1
1bfnsyg,1,17,3.0,2.0,51.0,sysadmin,general_practitioner,0
1bfn72r,4,12,7.333333333333333,3.5,88.0,sysadmin,general_practitioner,0
1bg12nv,2,2,5.0,5.0,10.0,sysadmin,general_practitioner,0
1bgeb6g,3,18,3.0,1.5,54.0,sysadmin,general_practitioner,0
1bgs2o0,1,48,7.479166666666667,2.0,359.0,sysadmin,general_practitioner,0
1bggv0l,1,172,4.3604651162790695,1.0,750.0,sysadmin,general_practitioner,0
1bhpz1m,1,0,,,,sysadmin,general_practitioner,1
1bhquke,1,4,2.0,2.0,8.0,sysadmin,general_practitioner,0
1bhudfb,1,1,2.0,2.0,2.0,sysadmin,general_practitioner,0
1bhvzuc,1,5,1.8,2.0,9.0,sysadmin,general_practitioner,0
1bhxufm,1,4,1.25,1.0,5.0,sysadmin,general_practitioner,0
1bi65d8,1,11,13.181818181818182,2.0,145.0,sysadmin,general_practitioner,0
1bih4um,1,11,1.0909090909090908,1.0,12.0,sysadmin,general_practitioner,0
1bim98z,1,16,1.0625,1.0,17.0,sysadmin,general_practitioner,0
1bisye3,2,51,3.9607843137254894,1.0,202.0,sysadmin,general_practitioner,0
1biws49,3,37,8.378378378378379,3.0,310.0,sysadmin,general_practitioner,0
1bj5k0v,1,9,5.333333333333333,3.0,48.0,sysadmin,general_practitioner,0
1bj8uvh,2,61,9.39344262295082,2.0,573.0,sysadmin,general_practitioner,0
1bjdt8y,1,146,9.493150684931509,2.0,1386.0,sysadmin,general_practitioner,0
1bje2x6,1,0,,,,sysadmin,general_practitioner,1
1bjfjoa,2,14,4.428571428571429,2.0,62.0,sysadmin,general_practitioner,0
1bjgw1a,1,133,6.503759398496241,2.0,865.0,sysadmin,general_practitioner,0
1bjgjop,1,4,2.5,2.5,10.0,sysadmin,general_practitioner,0
1bjp00k,2,4,2.25,2.0,9.0,sysadmin,general_practitioner,0
1bjw3sl,2,13,6.230769230769231,4.0,81.0,sysadmin,general_practitioner,0
1bk1we6,1,35,11.0,2.0,385.0,sysadmin,general_practitioner,0
1bk7jig,1,10,3.2,1.5,32.0,sysadmin,general_practitioner,0
1bkgbzl,4,11,2.5454545454545454,1.0,28.0,sysadmin,general_practitioner,0
1bkjog3,1,3,1.6666666666666667,1.0,5.0,sysadmin,general_practitioner,0
1bkyk2g,3,1,1.0,1.0,1.0,sysadmin,general_practitioner,0
1bkyztr,2,41,13.853658536585366,2.0,568.0,sysadmin,general_practitioner,0
1bl1js0,1,2,7.0,7.0,14.0,sysadmin,general_practitioner,0
1bl30n4,1,0,,,,sysadmin,general_practitioner,1
1bl4gxo,1,16,9.1875,3.0,147.0,sysadmin,general_practitioner,0
1blhse9,1,51,6.117647058823529,2.0,312.0,sysadmin,general_practitioner,0
1blvf9l,2,100,12.01,1.0,1201.0,sysadmin,general_practitioner,0
1bm2lse,1,2,1.5,1.5,3.0,sysadmin,general_practitioner,0
1bm8dii,3,20,14.55,3.0,291.0,sysadmin,general_practitioner,0
1bm90u1,2,58,20.05172413793104,1.5,1163.0,sysadmin,general_practitioner,0
1bmedsk,1,4,6.75,3.0,27.0,sysadmin,general_practitioner,0
1bnce3m,2,16,8.625,3.0,138.0,sysadmin,general_practitioner,0
1bnbu7k,1,84,8.928571428571429,2.0,750.0,sysadmin,general_practitioner,0
1bnfh6y,3,8,2.25,1.5,18.0,sysadmin,general_practitioner,0
1bnh4k8,1,57,7.649122807017544,2.0,436.0,sysadmin,general_practitioner,0
1bnknle,1,1,1.0,1.0,1.0,sysadmin,general_practitioner,0
1bnlgnn,1,1,1.0,1.0,1.0,sysadmin,general_practitioner,0
1bnnvmn,1,233,7.510729613733906,1.0,1750.0,sysadmin,general_practitioner,0
1bnqedc,1,14,8.5,4.5,119.0,sysadmin,general_practitioner,0
1bobq1z,1,46,11.23913043478261,2.0,517.0,sysadmin,general_practitioner,0
1bofkud,3,1,1.0,1.0,1.0,sysadmin,general_practitioner,0
1bofrmg,1,3,3.0,3.0,9.0,sysadmin,general_practitioner,0
1bomazm,1,9,3.555555555555556,1.0,32.0,sysadmin,general_practitioner,0
1boomrz,1,6,5.166666666666667,1.5,31.0,sysadmin,general_practitioner,0
1boqnqg,1,46,6.391304347826087,1.0,294.0,sysadmin,general_practitioner,0
1bowupc,3,2,3.0,3.0,6.0,sysadmin,general_practitioner,0
1bp28ey,1,28,6.714285714285714,3.0,188.0,sysadmin,general_practitioner,0
1bp9vss,4,26,8.961538461538462,1.5,233.0,sysadmin,general_practitioner,0
1bpabgj,1,135,15.088888888888889,2.0,2037.0,sysadmin,general_practitioner,0
1bp9czf,1,3,1.3333333333333333,1.0,4.0,sysadmin,general_practitioner,0
1bpavdo,2,3,2.6666666666666665,3.0,8.0,sysadmin,general_practitioner,0
1bpulq3,4,2,1.5,1.5,3.0,sysadmin,general_practitioner,0
1bpxw8r,1,71,6.676056338028169,2.0,474.0,sysadmin,general_practitioner,0
1bpz98x,1,7,2.0,1.0,14.0,sysadmin,general_practitioner,0
1bpyzc4,2,3,3.333333333333333,1.0,10.0,sysadmin,general_practitioner,0
1bq2ijh,2,71,11.873239436619718,3.0,843.0,sysadmin,general_practitioner,0
1bq2rlr,2,13,8.0,4.0,104.0,sysadmin,general_practitioner,0
1bqeori,1,63,6.444444444444445,1.0,406.0,sysadmin,general_practitioner,0
1bqsi3z,1,11,5.909090909090909,2.0,65.0,sysadmin,general_practitioner,0
1bregzk,2,5,2.0,2.0,10.0,sysadmin,general_practitioner,0
1brkjwp,1,10,20.8,6.5,208.0,sysadmin,general_practitioner,0
1bsil2n,1,99,5.333333333333333,1.0,528.0,sysadmin,general_practitioner,0
1bt44w7,1,10,6.6,4.5,66.0,sysadmin,general_practitioner,0
1bt878q,1,5,6.6,3.0,33.0,sysadmin,general_practitioner,0
1btgg9h,1,35,17.228571428571428,1.0,603.0,sysadmin,general_practitioner,0
1btvo3n,2,79,9.734177215189874,1.0,769.0,sysadmin,general_practitioner,0
1btz8m7,1,9,4.0,2.0,36.0,sysadmin,general_practitioner,0
1bu1fz9,2,155,5.425806451612903,2.0,841.0,sysadmin,general_practitioner,0
1bu3fq2,1,10,4.5,2.5,45.0,sysadmin,general_practitioner,0
1bu2tb9,1,89,9.898876404494382,2.0,881.0,sysadmin,general_practitioner,0
1bu7ah0,1,49,14.83673469387755,3.0,727.0,sysadmin,general_practitioner,0
1bud11q,2,9,5.222222222222222,2.0,47.0,sysadmin,general_practitioner,0
1buhgo9,1,88,7.0,1.0,616.0,sysadmin,general_practitioner,0
1budymc,2,55,17.163636363636364,2.0,944.0,sysadmin,general_practitioner,0
1bupunz,2,198,5.02020202020202,1.0,994.0,sysadmin,general_practitioner,0
1bupzlz,1,8,2.125,1.5,17.0,sysadmin,general_practitioner,0
1busqux,1,3,2.6666666666666665,2.0,8.0,sysadmin,general_practitioner,0
1buu7re,2,2,2.0,2.0,4.0,sysadmin,general_practitioner,0
1bus1z5,2,16,5.125,2.0,82.0,sysadmin,general_practitioner,0
1buv4m4,1,4,2.0,2.0,8.0,sysadmin,general_practitioner,0
1buv771,4,30,11.7,2.0,351.0,sysadmin,general_practitioner,0
1buwe9k,3,3,2.6666666666666665,3.0,8.0,sysadmin,general_practitioner,0
1bv05s2,3,4,4.25,4.5,17.0,sysadmin,general_practitioner,0
1buz7uk,1,11,5.0,2.0,55.0,sysadmin,general_practitioner,0
1bv3fq9,4,2,2.0,2.0,4.0,sysadmin,general_practitioner,0
1bvblu0,2,1,2.0,2.0,2.0,sysadmin,general_practitioner,0
1bvp8zg,1,60,8.7,1.0,522.0,sysadmin,general_practitioner,0
1bvpl7z,1,52,5.923076923076923,2.0,308.0,sysadmin,general_practitioner,0
1bvs8e8,4,9,2.7777777777777777,1.0,25.0,sysadmin,general_practitioner,0
1bvu0nf,2,7,9.142857142857142,2.0,64.0,sysadmin,general_practitioner,0
1bvu7s1,1,7,3.4285714285714284,6.0,24.0,sysadmin,general_practitioner,0
1bvxr15,1,5,1.2,1.0,6.0,sysadmin,general_practitioner,0
1bw9jbn,3,11,3.636363636363636,2.0,40.0,sysadmin,general_practitioner,0
1bwk74n,1,67,4.388059701492537,1.0,294.0,sysadmin,general_practitioner,0
1bwxftz,1,6,7.333333333333333,4.0,44.0,sysadmin,general_practitioner,0
1bwscu4,1,6,2.5,1.5,15.0,sysadmin,general_practitioner,0
1bx0z8a,3,136,11.669117647058824,1.0,1587.0,sysadmin,general_practitioner,0
1bx61x7,1,5,3.0,2.0,15.0,sysadmin,general_practitioner,0
1bxludz,3,13,6.846153846153846,2.0,89.0,sysadmin,general_practitioner,0
1bxxb8x,3,109,16.110091743119266,1.0,1756.0,sysadmin,general_practitioner,0
1by2nck,1,12,3.25,1.5,39.0,sysadmin,general_practitioner,0
1byb2wm,1,15,2.066666666666667,1.0,31.0,sysadmin,general_practitioner,0
1bydvtg,1,1,4.0,4.0,4.0,sysadmin,general_practitioner,0
1byp7id,2,45,4.2,1.0,189.0,sysadmin,general_practitioner,0
1bz103i,2,13,1.8461538461538465,1.0,24.0,sysadmin,general_practitioner,0
1bzemvb,1,2,2.0,2.0,4.0,sysadmin,general_practitioner,0
1bzsqew,1,11,3.4545454545454546,2.0,38.0,sysadmin,general_practitioner,0
1bzuso1,2,115,10.660869565217393,2.0,1226.0,sysadmin,general_practitioner,0
1bzvpuh,1,2,1.0,1.0,2.0,sysadmin,general_practitioner,0
1bzx6js,1,50,13.48,3.0,674.0,sysadmin,general_practitioner,0
1c0jbke,1,305,10.459016393442624,1.0,3190.0,sysadmin,general_practitioner,0
1c0k7ts,1,9,1.7777777777777777,1.0,16.0,sysadmin,general_practitioner,0
1c0jy3w,2,68,7.367647058823529,2.0,501.0,sysadmin,general_practitioner,0
1c0nwxr,1,5,4.8,4.0,24.0,sysadmin,general_practitioner,0
1c0tv1l,1,3,3.0,3.0,9.0,sysadmin,general_practitioner,0
1c0t8gz,3,3,3.333333333333333,2.0,10.0,sysadmin,general_practitioner,0
1c0w40r,1,15,4.8,2.0,72.0,sysadmin,general_practitioner,0
1c0x3nv,3,3,2.0,2.0,6.0,sysadmin,general_practitioner,0
1c110xt,1,1,1.0,1.0,1.0,sysadmin,general_practitioner,0
1c0z5vy,1,72,15.88888888888889,2.0,1144.0,sysadmin,general_practitioner,0
1c1831n,2,1,1.0,1.0,1.0,sysadmin,general_practitioner,0
1c1cbno,3,24,19.041666666666668,4.5,457.0,sysadmin,general_practitioner,0
1c1cule,1,3,4.666666666666667,3.0,14.0,sysadmin,general_practitioner,0
1c1ey61,1,2,3.0,3.0,6.0,sysadmin,general_practitioner,0
1c1foz4,1,2,3.5,3.5,7.0,sysadmin,general_practitioner,0
1c1jpqt,2,3,2.333333333333333,2.0,7.0,sysadmin,general_practitioner,0
1c1h7fm,3,3,3.0,3.0,9.0,sysadmin,general_practitioner,0
1c1lbrz,2,8,2.5,1.5,20.0,sysadmin,general_practitioner,0
1c1zevf,1,41,8.073170731707316,1.0,331.0,sysadmin,general_practitioner,0
1c24iv5,2,10,3.2,1.0,32.0,sysadmin,general_practitioner,0
1c2ared,2,8,3.0,1.0,24.0,sysadmin,general_practitioner,0
1c2k54f,2,48,15.604166666666666,1.5,749.0,sysadmin,general_practitioner,0
1c2vx3c,3,18,4.5,1.5,81.0,sysadmin,general_practitioner,0
1c2zozm,1,2,1.5,1.5,3.0,sysadmin,general_practitioner,0
1c30v8u,1,3,0.3333333333333333,2.0,1.0,sysadmin,general_practitioner,0
1c2zky3,1,89,7.955056179775281,1.0,708.0,sysadmin,general_practitioner,0
1c31ibp,1,4,2.75,2.0,11.0,sysadmin,general_practitioner,0
1c4j4q4,2,20,6.55,2.0,131.0,sysadmin,general_practitioner,0
1c4lmmh,2,11,5.454545454545454,1.0,60.0,sysadmin,general_practitioner,0
1c4pwkm,3,7,2.142857142857143,2.0,15.0,sysadmin,general_practitioner,0
1c4uhrc,1,191,4.942408376963351,1.0,944.0,sysadmin,general_practitioner,0
1c5hr58,1,3,4.0,5.0,12.0,sysadmin,general_practitioner,0
1c5k43d,2,63,5.9523809523809526,1.0,375.0,sysadmin,general_practitioner,0
1c5yb2o,2,2,3.0,3.0,6.0,sysadmin,general_practitioner,0
1c6e7ve,1,8,2.75,1.5,22.0,sysadmin,general_practitioner,0
1c6e44y,1,0,,,,sysadmin,general_practitioner,1
1c6k1gs,1,4,2.75,2.0,11.0,sysadmin,general_practitioner,0
1c6likb,1,82,4.7926829268292686,1.0,393.0,sysadmin,general_practitioner,0
1c6onf5,1,1,10.0,10.0,10.0,sysadmin,general_practitioner,0
1c6t8p8,2,0,,,,sysadmin,general_practitioner,1
1c6t8tk,1,44,6.931818181818182,2.0,305.0,sysadmin,general_practitioner,0
1c76i6l,1,6,5.5,5.0,33.0,sysadmin,general_practitioner,0
1c7apgr,1,204,17.970588235294116,2.0,3666.0,sysadmin,general_practitioner,0
1c7c5gb,1,35,4.057142857142857,1.0,142.0,sysadmin,general_practitioner,0
1c7hbau,4,68,15.661764705882351,1.0,1065.0,sysadmin,general_practitioner,0
1c7uoqu,3,2,1.5,1.5,3.0,sysadmin,general_practitioner,0
1c7wbvy,4,110,8.927272727272728,2.0,982.0,sysadmin,general_practitioner,0
1c7ynsz,1,6,1.6666666666666667,2.0,10.0,sysadmin,general_practitioner,0
1c7y7wj,2,4,1.5,1.5,6.0,sysadmin,general_practitioner,0
1c88kba,1,4,4.5,1.5,18.0,sysadmin,general_practitioner,0
1c8svm0,1,9,9.333333333333334,3.0,84.0,sysadmin,general_practitioner,0
1c8ptrn,2,22,7.5,2.5,165.0,sysadmin,general_practitioner,0
1c8uxbi,3,102,11.676470588235292,1.0,1191.0,sysadmin,general_practitioner,0
1c9ohxd,2,23,9.043478260869565,2.0,208.0,sysadmin,general_practitioner,0
1c9xk3k,1,12,3.75,2.0,45.0,sysadmin,general_practitioner,0
1caa72c,1,202,6.391089108910891,1.0,1291.0,sysadmin,general_practitioner,0
1cabip1,2,4,3.25,3.0,13.0,sysadmin,general_practitioner,0
1cagwhu,1,4,1.25,1.0,5.0,sysadmin,general_practitioner,0
1cajd7i,1,1,1.0,1.0,1.0,sysadmin,general_practitioner,0
1cb1qo0,1,1,4.0,4.0,4.0,sysadmin,general_practitioner,0
1cb1885,1,4,1.5,1.5,6.0,sysadmin,general_practitioner,0
1cb47sv,1,1,1.0,1.0,1.0,sysadmin,general_practitioner,0
1cb47zg,1,53,8.11320754716981,1.0,430.0,sysadmin,general_practitioner,0
1cb6t0r,1,4,2.5,2.0,10.0,sysadmin,general_practitioner,0
1cb7f2s,2,41,3.073170731707317,1.0,126.0,sysadmin,general_practitioner,0
1cb9ahr,1,115,20.22608695652174,2.0,2326.0,sysadmin,general_practitioner,0
1cbkvv8,1,18,2.555555555555556,2.0,46.0,sysadmin,general_practitioner,0
1cbyyha,2,7,2.142857142857143,1.0,15.0,sysadmin,general_practitioner,0
1cc42ey,1,1,0.0,0.0,0.0,sysadmin,general_practitioner,0
1cc3u78,2,13,2.8461538461538463,1.0,37.0,sysadmin,general_practitioner,0
1ccuice,1,13,6.923076923076923,2.0,90.0,sysadmin,general_practitioner,0
1cd0051,2,4,2.0,2.0,8.0,sysadmin,general_practitioner,0
1cd0f83,1,5,1.0,1.0,5.0,sysadmin,general_practitioner,0
1cd9qv3,2,1,7.0,7.0,7.0,sysadmin,general_practitioner,0
1cdlkwm,1,3,1.3333333333333333,1.0,4.0,sysadmin,general_practitioner,0
1cdp36o,2,10,4.7,3.0,47.0,sysadmin,general_practitioner,0
1cdsivi,1,3,2.333333333333333,1.0,7.0,sysadmin,general_practitioner,0
1cefz1i,4,29,6.413793103448276,2.0,186.0,sysadmin,general_practitioner,0
1cehwc2,2,9,8.11111111111111,6.0,73.0,sysadmin,general_practitioner,0
1cemtuh,1,5,13.8,5.0,69.0,sysadmin,general_practitioner,0
1cftb99,1,27,14.555555555555555,2.0,393.0,sysadmin,general_practitioner,0
1cg9b2m,1,10,9.0,2.5,90.0,sysadmin,general_practitioner,0
1cgbfv5,3,19,13.894736842105264,2.0,264.0,sysadmin,general_practitioner,0
1cgeqe7,1,2,1.0,1.0,2.0,sysadmin,general_practitioner,0
1cghbyd,1,8,4.25,3.0,34.0,sysadmin,general_practitioner,0
1cgmaot,1,1,1.0,1.0,1.0,sysadmin,general_practitioner,0
1cgqgok,1,5,3.6,2.0,18.0,sysadmin,general_practitioner,0
1cgrygn,4,0,,,,sysadmin,general_practitioner,1
1cgs0vs,4,2,3.0,3.0,6.0,sysadmin,general_practitioner,0
1cgsj8b,2,3,6.666666666666667,6.0,20.0,sysadmin,general_practitioner,0
1cgsuzf,2,12,4.083333333333333,2.5,49.0,sysadmin,general_practitioner,0
1cgx5bc,3,17,6.0588235294117645,2.0,103.0,sysadmin,general_practitioner,0
1cgzwxr,3,6,3.333333333333333,2.5,20.0,sysadmin,general_practitioner,0
1ch06li,1,6,8.666666666666666,9.0,52.0,sysadmin,general_practitioner,0
1ch5kvv,1,0,,,,sysadmin,general_practitioner,1
1ch8zf9,2,26,15.23076923076923,6.0,396.0,sysadmin,general_practitioner,0
1chab4q,1,83,20.16867469879518,1.0,1674.0,sysadmin,general_practitioner,0
1chbkes,3,6,2.833333333333333,2.0,17.0,sysadmin,general_practitioner,0
1chrt4x,2,0,,,,sysadmin,general_practitioner,1
1chrv28,4,50,4.42,1.0,221.0,sysadmin,general_practitioner,0
1ci1fel,1,2,1.5,1.5,3.0,sysadmin,general_practitioner,0
1cimagz,4,4,3.25,2.5,13.0,sysadmin,general_practitioner,0
1cirieb,1,6,1.1666666666666667,1.0,7.0,sysadmin,general_practitioner,0
1cit495,3,5,4.4,2.0,22.0,sysadmin,general_practitioner,0
1cixqz2,1,1,1.0,1.0,1.0,sysadmin,general_practitioner,0
1cja9na,1,1,5.0,5.0,5.0,sysadmin,general_practitioner,0
1cjea6m,1,0,,,,sysadmin,general_practitioner,1
1cjl5bg,1,34,13.352941176470589,2.0,454.0,sysadmin,general_practitioner,0
1ck49y1,2,11,7.181818181818182,3.0,79.0,sysadmin,general_practitioner,0
1ck4loe,2,1,1.0,1.0,1.0,sysadmin,general_practitioner,0
1ckkwgu,1,3,1.3333333333333333,2.0,4.0,sysadmin,general_practitioner,0
1ckr6dp,2,4,3.0,2.5,12.0,sysadmin,general_practitioner,0
1clzvss,1,6,2.833333333333333,3.0,17.0,sysadmin,general_practitioner,0
1clzpsw,2,2,2.0,2.0,4.0,sysadmin,general_practitioner,0
1cm0mra,1,1,1.0,1.0,1.0,sysadmin,general_practitioner,0
1cm5wbu,2,12,5.916666666666667,2.0,71.0,sysadmin,general_practitioner,0
1cmfica,2,99,9.545454545454543,1.0,945.0,sysadmin,general_practitioner,0
1cmhrzl,2,86,7.965116279069767,1.0,685.0,sysadmin,general_practitioner,0
1cmm7lw,1,2,1.0,1.0,2.0,sysadmin,general_practitioner,0
1cmohlb,1,2,1.0,1.0,2.0,sysadmin,general_practitioner,0
1cmxf0z,1,5,2.0,2.0,10.0,sysadmin,general_practitioner,0
1cn0e0d,3,3,1.6666666666666667,2.0,5.0,sysadmin,general_practitioner,0
1cn7gsf,1,164,9.46951219512195,1.0,1553.0,sysadmin,general_practitioner,0
1cn8jeu,1,5,1.6,1.0,8.0,sysadmin,general_practitioner,0
1cnbm1f,1,0,,,,sysadmin,general_practitioner,1
1cnk4oy,3,51,8.313725490196079,1.0,424.0,sysadmin,general_practitioner,0
1cnncnb,2,2,2.5,2.5,5.0,sysadmin,general_practitioner,0
1co2nmm,1,8,4.375,2.0,35.0,sysadmin,general_practitioner,0
1co5wg7,3,6,2.333333333333333,1.5,14.0,sysadmin,general_practitioner,0
1cocikw,1,5,3.8,1.0,19.0,sysadmin,general_practitioner,0
1codvhw,2,3,2.0,2.0,6.0,sysadmin,general_practitioner,0
1coktg3,2,36,10.555555555555555,1.0,380.0,sysadmin,general_practitioner,0
1copnq4,3,129,4.891472868217054,1.0,631.0,sysadmin,general_practitioner,0
1cozs2b,2,119,19.142857142857142,3.0,2278.0,sysadmin,general_practitioner,0
1cp98q6,2,7,3.142857142857143,2.0,22.0,sysadmin,general_practitioner,0
1cpd6n1,3,75,8.373333333333333,2.0,628.0,sysadmin,general_practitioner,0
1cprcan,3,40,3.3,2.0,132.0,sysadmin,general_practitioner,0
1cqlgqz,2,4,3.0,3.0,12.0,sysadmin,general_practitioner,0
1crhgxz,1,2,2.0,2.0,4.0,sysadmin,general_practitioner,0
1crijuf,2,4,10.75,6.0,43.0,sysadmin,general_practitioner,0
1crpzl9,2,8,2.0,1.0,16.0,sysadmin,general_practitioner,0
1cru2fz,1,1,1.0,1.0,1.0,sysadmin,general_practitioner,0
1crx8ts,1,8,13.625,6.0,109.0,sysadmin,general_practitioner,0
1crztpp,1,3,2.0,2.0,6.0,sysadmin,general_practitioner,0
1cs1tv0,1,1,3.0,3.0,3.0,sysadmin,general_practitioner,0
1cs7um5,1,10,6.6,4.5,66.0,sysadmin,general_practitioner,0
1csbhy3,2,0,,,,sysadmin,general_practitioner,1
1csawoi,1,1,4.0,4.0,4.0,sysadmin,general_practitioner,0
1csfqdn,2,1,1.0,1.0,1.0,sysadmin,general_practitioner,0
1cshv27,1,4,1.25,1.0,5.0,sysadmin,general_practitioner,0
1csmgng,2,21,5.047619047619048,1.0,106.0,sysadmin,general_practitioner,0
1csp8sa,1,0,,,,sysadmin,general_practitioner,1
1cspl6r,2,2,1.0,1.0,2.0,sysadmin,general_practitioner,0
1csyikr,2,0,,,,sysadmin,general_practitioner,1
1ct0cfw,1,56,7.660714285714286,1.0,429.0,sysadmin,general_practitioner,0
1ctg329,1,55,4.581818181818182,1.0,252.0,sysadmin,general_practitioner,0
1ctisy8,4,9,2.4444444444444446,1.0,22.0,sysadmin,general_practitioner,0
1ctivf7,4,188,7.691489361702128,2.0,1446.0,sysadmin,general_practitioner,0
1ctn2pa,2,1,1.0,1.0,1.0,sysadmin,general_practitioner,0
1cts398,1,31,16.870967741935484,2.0,523.0,sysadmin,general_practitioner,0
1ctzbt9,1,35,4.171428571428572,2.0,146.0,sysadmin,general_practitioner,0
1cu09b3,2,5,3.2,2.0,16.0,sysadmin,general_practitioner,0
1cu378o,2,8,4.125,1.5,33.0,sysadmin,general_practitioner,0
1cu9dd6,1,126,10.714285714285714,1.0,1350.0,sysadmin,general_practitioner,0
1cucwqm,2,19,12.263157894736842,3.0,233.0,sysadmin,general_practitioner,0
1custoq,1,18,4.722222222222222,2.5,85.0,sysadmin,general_practitioner,0
1cv6ecw,1,11,8.545454545454545,2.0,94.0,sysadmin,general_practitioner,0
1cvtr9x,1,0,,,,sysadmin,general_practitioner,1
1cwjmae,1,46,4.934782608695652,1.0,227.0,sysadmin,general_practitioner,0
1cwl8oz,1,4,1.5,1.0,6.0,sysadmin,general_practitioner,0
1cwvhdj,1,66,6.848484848484849,2.0,452.0,sysadmin,general_practitioner,0
1cxae6n,1,0,,,,sysadmin,general_practitioner,1
1cxc512,1,9,3.6666666666666665,3.0,33.0,sysadmin,general_practitioner,0
1cxfrnv,2,0,,,,sysadmin,general_practitioner,1
1cxguu2,3,2,4.5,4.5,9.0,sysadmin,general_practitioner,0
1cxhcgq,1,47,5.1063829787234045,1.0,240.0,sysadmin,general_practitioner,0
1cxngh6,2,60,6.983333333333333,1.0,419.0,sysadmin,general_practitioner,0
1cxq1wf,3,13,4.0,1.0,52.0,sysadmin,general_practitioner,0
1cxub7g,1,7,2.0,1.0,14.0,sysadmin,general_practitioner,0
1cy3qtf,1,33,6.727272727272728,1.0,222.0,sysadmin,general_practitioner,0
1cy57i6,1,17,9.352941176470589,2.0,159.0,sysadmin,general_practitioner,0
1cy7nkn,3,32,3.4375,2.0,110.0,sysadmin,general_practitioner,0
1cy62d9,2,0,,,,sysadmin,general_practitioner,1
1cy990m,1,92,8.195652173913043,2.0,754.0,sysadmin,general_practitioner,0
1cycj9i,1,48,5.520833333333333,1.0,265.0,sysadmin,general_practitioner,0
1cyojdj,1,4,1.75,2.0,7.0,sysadmin,general_practitioner,0
1cynf4u,4,1,2.0,2.0,2.0,sysadmin,general_practitioner,0
1cyqhjp,1,2,1.0,1.0,2.0,sysadmin,general_practitioner,0
1cyu1s0,1,28,7.214285714285714,2.0,202.0,sysadmin,general_practitioner,0
1cze7zq,1,111,8.657657657657658,1.0,961.0,sysadmin,general_practitioner,0
1czppf6,1,8,4.375,1.5,35.0,sysadmin,general_practitioner,0
1d12jw7,1,14,11.0,2.0,154.0,sysadmin,general_practitioner,0
1d1rkgg,3,9,3.7777777777777777,3.0,34.0,sysadmin,general_practitioner,0
1d1tdrh,1,86,6.930232558139535,1.0,596.0,sysadmin,general_practitioner,0
1d2649k,1,54,6.277777777777778,2.5,339.0,sysadmin,general_practitioner,0
1d2cllh,1,43,5.953488372093023,1.0,256.0,sysadmin,general_practitioner,0
1d2lgme,1,17,4.411764705882353,1.0,75.0,sysadmin,general_practitioner,0
1d2mr6l,3,8,2.375,2.0,19.0,sysadmin,general_practitioner,0
1d2nt5t,1,9,5.777777777777778,4.0,52.0,sysadmin,general_practitioner,0
1d2mz67,1,1,1.0,1.0,1.0,sysadmin,general_practitioner,0
1d2up5u,1,13,4.230769230769231,2.0,55.0,sysadmin,general_practitioner,0
1d2xejd,1,1,2.0,2.0,2.0,sysadmin,general_practitioner,0
1d3eqz4,1,2,1.5,1.5,3.0,sysadmin,general_practitioner,0
1d38riv,1,93,11.86021505376344,1.0,1103.0,sysadmin,general_practitioner,0
1d3gpw4,2,27,14.88888888888889,4.0,402.0,sysadmin,general_practitioner,0
1d3h2db,1,37,11.45945945945946,2.0,424.0,sysadmin,general_practitioner,0
1d3ky64,2,6,4.166666666666667,5.0,25.0,sysadmin,general_practitioner,0
1d3msvg,1,9,1.5555555555555556,2.0,14.0,sysadmin,general_practitioner,0
1d3sfuu,1,9,3.2222222222222223,1.0,29.0,sysadmin,general_practitioner,0
1d3uewd,3,1,3.0,3.0,3.0,sysadmin,general_practitioner,0
1d3vuqr,2,33,5.696969696969697,1.0,188.0,sysadmin,general_practitioner,0
1d3w9gl,1,1,8.0,8.0,8.0,sysadmin,general_practitioner,0
1d44ml2,1,60,12.15,3.0,729.0,sysadmin,general_practitioner,0
1d4axfe,1,1,1.0,1.0,1.0,sysadmin,general_practitioner,0
1d4g28g,1,7,1.8571428571428568,2.0,13.0,sysadmin,general_practitioner,0
1d4fnop,1,11,11.727272727272728,8.0,129.0,sysadmin,general_practitioner,0
1d4ktdn,2,69,13.942028985507246,2.0,962.0,sysadmin,general_practitioner,0
1d4mvc1,1,52,11.076923076923077,2.5,576.0,sysadmin,general_practitioner,0
1d4y8o1,2,1,2.0,2.0,2.0,sysadmin,general_practitioner,0
1d50pmt,2,58,2.655172413793104,1.0,154.0,sysadmin,general_practitioner,0
1d5gckw,1,2,1.0,1.0,2.0,sysadmin,general_practitioner,0
1d5hv1e,3,38,4.842105263157895,2.0,184.0,sysadmin,general_practitioner,0
1d5umz7,1,28,11.892857142857142,5.0,333.0,sysadmin,general_practitioner,0
1d5oxbl,4,3,1.0,1.0,3.0,sysadmin,general_practitioner,0
1d5upmt,2,4,7.0,5.0,28.0,sysadmin,general_practitioner,0
1d6yhs6,2,22,3.909090909090909,1.0,86.0,sysadmin,general_practitioner,0
1d73544,1,132,5.833333333333333,1.0,770.0,sysadmin,general_practitioner,0
1d74taq,1,133,9.135338345864662,1.0,1215.0,sysadmin,general_practitioner,0
1d75f9o,1,16,1.5,1.0,24.0,sysadmin,general_practitioner,0
1d77tbs,1,0,,,,sysadmin,general_practitioner,1
1d77x1a,2,33,14.333333333333334,2.0,473.0,sysadmin,general_practitioner,0
1d78h6p,1,4,1.75,1.5,7.0,sysadmin,general_practitioner,0
1d7f76v,3,45,11.666666666666666,2.0,525.0,sysadmin,general_practitioner,0
1d7mkxq,1,0,,,,sysadmin,general_practitioner,1
1d7z5jp,1,65,9.876923076923076,2.0,642.0,sysadmin,general_practitioner,0
1d7yoh7,1,18,6.611111111111111,1.5,119.0,sysadmin,general_practitioner,0
1d81yy6,1,90,7.788888888888889,1.0,701.0,sysadmin,general_practitioner,0
1d8el8g,1,6,2.833333333333333,2.0,17.0,sysadmin,general_practitioner,0
1d8pyyv,1,25,3.24,1.0,81.0,sysadmin,general_practitioner,0
1d91788,2,105,9.485714285714286,1.0,996.0,sysadmin,general_practitioner,0
1d92o52,2,5,2.6,2.0,13.0,sysadmin,general_practitioner,0
1d931fc,1,26,4.923076923076923,3.0,128.0,sysadmin,general_practitioner,0
1d97t6t,1,1,1.0,1.0,1.0,sysadmin,general_practitioner,0
1d9asn0,2,3,1.3333333333333333,1.0,4.0,sysadmin,general_practitioner,0
1d9extt,1,4,-7.5,4.0,-30.0,sysadmin,general_practitioner,0
1d9ihmg,1,356,6.089887640449438,1.0,2168.0,sysadmin,general_practitioner,0
1d9j1eb,1,22,3.4545454545454546,1.5,76.0,sysadmin,general_practitioner,0
1d9p4gt,1,78,10.756410256410255,1.0,839.0,sysadmin,general_practitioner,0
1d9ritx,1,16,14.4375,2.5,231.0,sysadmin,general_practitioner,0
1d9se5s,3,45,9.77777777777778,2.0,440.0,sysadmin,general_practitioner,0
1d9sso9,1,7,3.571428571428572,3.0,25.0,sysadmin,general_practitioner,0
1dacp5x,1,3,1.0,1.0,3.0,sysadmin,general_practitioner,0
1dajqpd,2,2,5.0,5.0,10.0,sysadmin,general_practitioner,0
1datflf,1,22,5.909090909090909,2.0,130.0,sysadmin,general_practitioner,0
1dbakjj,1,68,6.455882352941177,1.0,439.0,sysadmin,general_practitioner,0
1dc81s1,1,174,13.20689655172414,2.0,2298.0,sysadmin,general_practitioner,0
1dc8zfu,1,19,3.736842105263158,2.0,71.0,sysadmin,general_practitioner,0
1dcwki9,2,155,8.135483870967741,2.0,1261.0,sysadmin,general_practitioner,0
1dd4v83,1,5,1.8,2.0,9.0,sysadmin,general_practitioner,0
1ddaugh,2,79,8.531645569620252,2.0,674.0,sysadmin,general_practitioner,0
1ddbjo7,1,1,3.0,3.0,3.0,sysadmin,general_practitioner,0
1ddib4c,3,0,,,,sysadmin,general_practitioner,1
1ddoao9,1,93,9.118279569892474,2.0,848.0,sysadmin,general_practitioner,0
1de15m2,1,5,2.6,3.0,13.0,sysadmin,general_practitioner,0
1de5lrf,1,22,2.909090909090909,1.0,64.0,sysadmin,general_practitioner,0
1de6vbu,3,96,8.5,1.0,816.0,sysadmin,general_practitioner,0
1de7evi,2,10,1.9,1.5,19.0,sysadmin,general_practitioner,0
1de8y5n,1,7,4.285714285714286,3.0,30.0,sysadmin,general_practitioner,0
1depe5b,1,7,3.4285714285714284,2.0,24.0,sysadmin,general_practitioner,0
1detaun,2,22,16.363636363636363,2.0,360.0,sysadmin,general_practitioner,0
1deuwxt,2,2,2.0,2.0,4.0,sysadmin,general_practitioner,0
1df0te3,1,52,9.115384615384617,1.0,474.0,sysadmin,general_practitioner,0
1df8jv2,2,1,1.0,1.0,1.0,sysadmin,general_practitioner,0
1df92kt,1,5,-1.0,-1.0,-5.0,sysadmin,general_practitioner,0
1df9e0j,1,36,10.305555555555555,2.5,371.0,sysadmin,general_practitioner,0
1dfa04k,1,2,1.5,1.5,3.0,sysadmin,general_practitioner,0
1dfaa19,4,16,10.4375,2.5,167.0,sysadmin,general_practitioner,0
1dfgpey,2,3,3.0,1.0,9.0,sysadmin,general_practitioner,0
1dfmuu2,2,29,2.103448275862069,2.0,61.0,sysadmin,general_practitioner,0
1dfybba,2,201,14.99502487562189,1.0,3014.0,sysadmin,general_practitioner,0
1dfzse5,1,2,1.0,1.0,2.0,sysadmin,general_practitioner,0
1dg0j4r,2,3,7.666666666666667,6.0,23.0,sysadmin,general_practitioner,0
1dg8vb6,1,9,4.666666666666667,2.0,42.0,sysadmin,general_practitioner,0
1dgewko,2,28,5.214285714285714,1.0,146.0,sysadmin,general_practitioner,0
1dhfy8m,2,10,5.3,1.5,53.0,sysadmin,general_practitioner,0
1dhfsfk,3,22,7.090909090909091,3.0,156.0,sysadmin,general_practitioner,0
1di1rx9,1,1,1.0,1.0,1.0,sysadmin,general_practitioner,0
1di1ufx,1,6,3.0,2.0,18.0,sysadmin,general_practitioner,0
1diuq3c,1,0,,,,sysadmin,general_practitioner,1
1dj15xi,3,0,,,,sysadmin,general_practitioner,1
1dj4tys,3,24,16.208333333333332,2.0,389.0,sysadmin,general_practitioner,0
1dj77ka,1,4,2.0,2.0,8.0,sysadmin,general_practitioner,0
1djf26u,1,3,0.6666666666666666,2.0,2.0,sysadmin,general_practitioner,0
1djij3z,1,52,6.6923076923076925,1.0,348.0,sysadmin,general_practitioner,0
1djowad,1,104,5.413461538461538,1.0,563.0,sysadmin,general_practitioner,0
1djttpg,2,4,1.5,1.0,6.0,sysadmin,general_practitioner,0
1djyycm,1,6,1.5,1.5,9.0,sysadmin,general_practitioner,0
1dk9a18,3,169,6.556213017751479,1.0,1108.0,sysadmin,general_practitioner,0
1dkn4u3,3,6,3.333333333333333,2.5,20.0,sysadmin,general_practitioner,0
1dleup3,2,0,,,,sysadmin,general_practitioner,1
1dlk1tm,1,70,2.571428571428572,1.0,180.0,sysadmin,general_practitioner,0
1dllnsb,2,20,3.1,3.0,62.0,sysadmin,general_practitioner,0
1dlvrf4,1,14,4.785714285714286,2.5,67.0,sysadmin,general_practitioner,0
1dm3mfr,3,6,1.5,1.0,9.0,sysadmin,general_practitioner,0
1dmvgnv,1,2,3.0,3.0,6.0,sysadmin,general_practitioner,0
1dn4a1d,1,3,2.0,2.0,6.0,sysadmin,general_practitioner,0
1dnlfbk,2,7,5.285714285714286,3.0,37.0,sysadmin,general_practitioner,0
1dnr9l4,3,12,9.333333333333334,3.0,112.0,sysadmin,general_practitioner,0
1dnowvn,1,4,2.0,2.0,8.0,sysadmin,general_practitioner,0
1dnqsrg,1,2,2.0,2.0,4.0,sysadmin,general_practitioner,0
1dnrodh,1,219,7.374429223744291,1.0,1615.0,sysadmin,general_practitioner,0
1dnsxs7,3,9,3.4444444444444446,2.0,31.0,sysadmin,general_practitioner,0
1dnv8sv,3,7,1.7142857142857142,1.0,12.0,sysadmin,general_practitioner,0
1do22q9,1,3,3.333333333333333,3.0,10.0,sysadmin,general_practitioner,0
1dodj7w,1,238,11.840336134453782,2.0,2818.0,sysadmin,general_practitioner,0
1dox71r,1,2,2.0,2.0,4.0,sysadmin,general_practitioner,0
1dp1274,1,23,3.4782608695652173,1.0,80.0,sysadmin,general_practitioner,0
1dp3mhp,2,84,10.607142857142858,1.0,891.0,sysadmin,general_practitioner,0
1dp56c9,2,2,2.5,2.5,5.0,sysadmin,general_practitioner,0
1dp8j0o,1,2,1.0,1.0,2.0,sysadmin,general_practitioner,0
1dpbz18,1,1,3.0,3.0,3.0,sysadmin,general_practitioner,0
1dq6bfu,2,11,3.909090909090909,1.0,43.0,sysadmin,general_practitioner,0
1dqfqyk,1,100,5.83,2.0,583.0,sysadmin,general_practitioner,0
1dqmdpx,1,2,1.0,1.0,2.0,sysadmin,general_practitioner,0
1dqpvp5,1,2,1.5,1.5,3.0,sysadmin,general_practitioner,0
1dqrdoo,2,85,11.129411764705882,2.0,946.0,sysadmin,general_practitioner,0
1dqt48s,2,5,5.4,1.0,27.0,sysadmin,general_practitioner,0
1dqwp7v,1,1,1.0,1.0,1.0,sysadmin,general_practitioner,0
1dqxwu5,1,2,3.5,3.5,7.0,sysadmin,general_practitioner,0
1dqxcv8,2,102,18.57843137254902,3.0,1895.0,sysadmin,general_practitioner,0
1drcy3t,1,46,13.869565217391305,1.0,638.0,sysadmin,general_practitioner,0
1drhsfg,2,4,2.0,2.0,8.0,sysadmin,general_practitioner,0
1drit1n,2,4,4.25,3.5,17.0,sysadmin,general_practitioner,0
1ds6qad,2,25,13.92,3.0,348.0,sysadmin,general_practitioner,0
1dsihsq,2,62,7.629032258064516,3.0,473.0,sysadmin,general_practitioner,0
1dso9pb,1,66,4.333333333333333,1.0,286.0,sysadmin,general_practitioner,0
1dsp2mm,1,8,3.75,2.0,30.0,sysadmin,general_practitioner,0
1dsr0pb,1,0,,,,sysadmin,general_practitioner,1
1dsr056,2,40,4.925,1.0,197.0,sysadmin,general_practitioner,0
1dswbhw,1,7,2.4285714285714284,2.0,17.0,sysadmin,general_practitioner,0
1dt3rme,3,59,9.64406779661017,1.0,569.0,sysadmin,general_practitioner,0
1dt5ghj,1,0,,,,sysadmin,general_practitioner,1
1dthuw1,1,26,4.230769230769231,1.5,110.0,sysadmin,general_practitioner,0
1dtqu7w,1,2,1.0,1.0,2.0,sysadmin,general_practitioner,0
1dty3wv,1,3,6.333333333333333,2.0,19.0,sysadmin,general_practitioner,0
1du2o43,2,30,7.166666666666667,2.0,215.0,sysadmin,general_practitioner,0
1dulpq6,1,16,4.8125,2.0,77.0,sysadmin,general_practitioner,0
1dunw4n,3,5,4.8,3.0,24.0,sysadmin,general_practitioner,0
1duq8pj,1,30,13.233333333333333,3.5,397.0,sysadmin,general_practitioner,0
1dutsz1,2,5,1.4,1.0,7.0,sysadmin,general_practitioner,0
1dusfr9,1,10,5.8,4.5,58.0,sysadmin,general_practitioner,0
1dvk9ao,2,6,1.0,1.0,6.0,sysadmin,general_practitioner,0
1dvxcz7,1,18,5.222222222222222,2.0,94.0,sysadmin,general_practitioner,0
1dwl0i1,1,4,7.5,5.0,30.0,sysadmin,general_practitioner,0
1dwvl2r,1,183,6.333333333333333,1.0,1159.0,sysadmin,general_practitioner,0
1dy1zlm,2,3,0.3333333333333333,1.0,1.0,sysadmin,general_practitioner,0
1dy4kez,1,8,2.125,2.0,17.0,sysadmin,general_practitioner,0
1dybidm,1,16,10.625,3.0,170.0,sysadmin,general_practitioner,0
1dz0mzw,2,263,2.8250950570342206,1.0,743.0,sysadmin,general_practitioner,0
1dz2aos,2,13,2.5384615384615383,1.0,33.0,sysadmin,general_practitioner,0
1dz75rn,3,10,5.8,3.5,58.0,sysadmin,general_practitioner,0
1dz9abr,1,4,1.0,1.0,4.0,sysadmin,general_practitioner,0
1dzgxu5,2,6,1.0,1.0,6.0,sysadmin,general_practitioner,0
1dzxauu,2,3,1.6666666666666667,2.0,5.0,sysadmin,general_practitioner,0
1dzxu2v,1,31,4.161290322580645,1.0,129.0,sysadmin,general_practitioner,0
1dzvpeb,1,3,1.3333333333333333,1.0,4.0,sysadmin,general_practitioner,0
1e0484d,1,1,2.0,2.0,2.0,sysadmin,general_practitioner,0
1e05xjk,1,3,1.0,1.0,3.0,sysadmin,general_practitioner,0
1e09jyc,1,47,6.872340425531915,1.0,323.0,sysadmin,general_practitioner,0
1e0flr2,2,4,1.25,1.0,5.0,sysadmin,general_practitioner,0
1e0d9ht,4,11,3.727272727272727,3.0,41.0,sysadmin,general_practitioner,0
1e0fmuk,2,5,1.6,2.0,8.0,sysadmin,general_practitioner,0
1e0fv6v,3,15,6.2,2.0,93.0,sysadmin,general_practitioner,0
1e0p0um,2,2,0.0,0.0,0.0,sysadmin,general_practitioner,0
1e0s3s4,3,48,13.145833333333334,3.0,631.0,sysadmin,general_practitioner,0
1e0zoyx,1,0,,,,sysadmin,general_practitioner,1
1e16l5e,1,4,2.25,2.0,9.0,sysadmin,general_practitioner,0
1e19a7g,1,15,1.8,1.0,27.0,sysadmin,general_practitioner,0
1e1awxq,2,3,3.6666666666666665,3.0,11.0,sysadmin,general_practitioner,0
1e1aeuf,2,3,2.0,2.0,6.0,sysadmin,general_practitioner,0
1e18dl4,2,7,3.0,3.0,21.0,sysadmin,general_practitioner,0
1e1g26r,1,3,2.6666666666666665,3.0,8.0,sysadmin,general_practitioner,0
1e1j75r,1,2,1.0,1.0,2.0,sysadmin,general_practitioner,0
1e1qn7n,2,17,4.352941176470588,2.0,74.0,sysadmin,general_practitioner,0
1e1sp2w,4,87,15.03448275862069,1.0,1308.0,sysadmin,general_practitioner,0
1e22tl1,2,32,10.03125,1.0,321.0,sysadmin,general_practitioner,0
1e22rxx,3,3,6.333333333333333,0.0,19.0,sysadmin,general_practitioner,0
1e2kn9t,1,8,4.125,3.5,33.0,sysadmin,general_practitioner,0
1e2t377,2,8,6.25,2.5,50.0,sysadmin,general_practitioner,0
1e3ifds,2,56,19.017857142857142,3.0,1065.0,sysadmin,general_practitioner,0
1e3xzls,3,9,5.333333333333333,1.0,48.0,sysadmin,general_practitioner,0
1e420et,1,7,1.5714285714285714,1.0,11.0,sysadmin,general_practitioner,0
1e4gtei,1,23,4.434782608695652,2.0,102.0,sysadmin,general_practitioner,0
1e4iblj,1,34,4.264705882352941,2.0,145.0,sysadmin,general_practitioner,0
1e4n4bx,2,7,4.857142857142857,3.0,34.0,sysadmin,general_practitioner,0
1e4squm,2,26,10.26923076923077,5.0,267.0,sysadmin,general_practitioner,0
1e4tpf0,2,12,5.083333333333333,3.0,61.0,sysadmin,general_practitioner,0
1e4uuos,1,9,12.77777777777778,5.0,115.0,sysadmin,general_practitioner,0
1e4wkc6,1,6,5.166666666666667,1.5,31.0,sysadmin,general_practitioner,0
1e4ykjr,1,1,1.0,1.0,1.0,sysadmin,general_practitioner,0
1e53yh3,2,15,1.6,1.0,24.0,sysadmin,general_practitioner,0
1e5c733,1,4,0.0,0.0,0.0,sysadmin,general_practitioner,0
1e5emnq,2,238,14.781512605042018,2.0,3518.0,sysadmin,general_practitioner,0
1e5jqd6,1,1,2.0,2.0,2.0,sysadmin,general_practitioner,0
1e5q55q,1,18,1.8333333333333333,1.0,33.0,sysadmin,general_practitioner,0
1e5qqbh,1,62,12.14516129032258,3.0,753.0,sysadmin,general_practitioner,0
1e5zvli,2,8,3.875,3.0,31.0,sysadmin,general_practitioner,0
1e62tj3,3,11,7.636363636363637,7.0,84.0,sysadmin,general_practitioner,0
1e6jlu0,1,2,1.0,1.0,2.0,sysadmin,general_practitioner,0
1e6heb2,2,1,2.0,2.0,2.0,sysadmin,general_practitioner,0
1e6n2pd,2,3,1.0,1.0,3.0,sysadmin,general_practitioner,0
1e6mwac,3,2,1.5,1.5,3.0,sysadmin,general_practitioner,0
1e6pbf5,2,2,1.0,1.0,2.0,sysadmin,general_practitioner,0
1e70nvx,1,2,0.5,0.5,1.0,sysadmin,general_practitioner,0
1e6z7xf,1,20,3.1,2.0,62.0,sysadmin,general_practitioner,0
1e7gngj,1,1,3.0,3.0,3.0,sysadmin,general_practitioner,0
1e7j5i8,2,477,14.19916142557652,1.0,6773.0,sysadmin,general_practitioner,0
1e7mo45,2,13,2.6923076923076925,1.0,35.0,sysadmin,general_practitioner,0
1e7o2zo,2,4,5.0,3.5,20.0,sysadmin,general_practitioner,0
1e7rchi,1,2,1.0,1.0,2.0,sysadmin,general_practitioner,0
1e7r0f9,3,0,,,,sysadmin,general_practitioner,1
1e7unt9,2,2,2.0,2.0,4.0,sysadmin,general_practitioner,0
1e7t7wv,2,380,12.244736842105263,1.0,4653.0,sysadmin,general_practitioner,0
1e80k5t,1,5,1.8,2.0,9.0,sysadmin,general_practitioner,0
1e817wb,2,120,13.933333333333334,2.5,1672.0,sysadmin,general_practitioner,0
1e85zn6,1,1,1.0,1.0,1.0,sysadmin,general_practitioner,0
1e8ikgv,2,62,11.112903225806452,1.0,689.0,sysadmin,general_practitioner,0
1e8da8m,1,4,1.25,1.0,5.0,sysadmin,general_practitioner,0
1e8lkad,1,5,2.0,2.0,10.0,sysadmin,general_practitioner,0
1e8r4iv,2,13,8.153846153846153,3.0,106.0,sysadmin,general_practitioner,0
1e9eo9g,1,4,5.5,4.0,22.0,sysadmin,general_practitioner,0
1e9n6in,3,2,1.0,1.0,2.0,sysadmin,general_practitioner,0
1ea4zev,1,69,6.3478260869565215,1.0,438.0,sysadmin,general_practitioner,0
1ea9lpr,3,304,15.858552631578949,2.0,4821.0,sysadmin,general_practitioner,0
1eabpru,1,15,3.533333333333333,2.0,53.0,sysadmin,general_practitioner,0
1eag7fi,1,3,2.0,1.0,6.0,sysadmin,general_practitioner,0
1eaib9l,1,1,3.0,3.0,3.0,sysadmin,general_practitioner,0
1eav00n,1,51,9.03921568627451,1.0,461.0,sysadmin,general_practitioner,0
1eb0irw,2,22,11.681818181818182,3.5,257.0,sysadmin,general_practitioner,0
1eb6qvl,1,15,4.8,2.0,72.0,sysadmin,general_practitioner,0
1eb6h5g,1,359,19.376044568245124,1.0,6956.0,sysadmin,general_practitioner,0
1ebc3tw,3,1,2.0,2.0,2.0,sysadmin,general_practitioner,0
1ebev9j,1,42,5.142857142857143,1.0,216.0,sysadmin,general_practitioner,0
1ebu4eq,3,0,,,,sysadmin,general_practitioner,1
1ebtfl9,2,4,1.75,1.0,7.0,sysadmin,general_practitioner,0
1ebu5ey,3,132,10.37121212121212,1.0,1369.0,sysadmin,general_practitioner,0
1ec4s0u,1,16,4.125,2.0,66.0,sysadmin,general_practitioner,0
1ecnzax,1,19,14.263157894736842,1.0,271.0,sysadmin,general_practitioner,0
1eclp2x,1,28,5.464285714285714,1.0,153.0,sysadmin,general_practitioner,0
1ecnl2z,3,2,2.0,2.0,4.0,sysadmin,general_practitioner,0
1econvx,3,19,4.2105263157894735,2.0,80.0,sysadmin,general_practitioner,0
1ecpe86,1,14,5.357142857142857,2.5,75.0,sysadmin,general_practitioner,0
1ecrh5p,2,48,3.4375,1.0,165.0,sysadmin,general_practitioner,0
1ecuktz,1,1,1.0,1.0,1.0,sysadmin,general_practitioner,0
1ecvl3g,2,4,1.75,1.0,7.0,sysadmin,general_practitioner,0
1ed2tvc,3,3,2.333333333333333,2.0,7.0,sysadmin,general_practitioner,0
1ed9ug3,1,41,18.26829268292683,3.0,749.0,sysadmin,general_practitioner,0
1edob0y,3,4,4.25,4.0,17.0,sysadmin,general_practitioner,0
1edstah,1,2,1.5,1.5,3.0,sysadmin,general_practitioner,0
1edxrzn,1,177,15.005649717514125,2.0,2656.0,sysadmin,general_practitioner,0
1eea2ud,3,83,7.63855421686747,1.0,634.0,sysadmin,general_practitioner,0
1eecvrk,1,9,4.666666666666667,2.0,42.0,sysadmin,general_practitioner,0
1eenr77,3,3,2.6666666666666665,2.0,8.0,sysadmin,general_practitioner,0
1eelzqr,2,43,7.209302325581396,1.0,310.0,sysadmin,general_practitioner,0
1eep7eq,1,37,13.594594594594597,2.0,503.0,sysadmin,general_practitioner,0
1eet26i,2,1,1.0,1.0,1.0,sysadmin,general_practitioner,0
1ef055b,1,33,3.484848484848485,2.0,115.0,sysadmin,general_practitioner,0
1ef37d5,1,1,1.0,1.0,1.0,sysadmin,general_practitioner,0
1ef3g4x,1,74,7.783783783783784,1.0,576.0,sysadmin,general_practitioner,0
1ef7juh,1,195,5.7384615384615385,1.0,1119.0,sysadmin,general_practitioner,0
1ef8i6i,2,3,0.6666666666666666,1.0,2.0,sysadmin,general_practitioner,0
1efdp1t,2,62,20.85483870967742,1.0,1293.0,sysadmin,general_practitioner,0
1efemux,1,8,1.625,1.5,13.0,sysadmin,general_practitioner,0
1efg2ya,2,10,2.6,2.0,26.0,sysadmin,general_practitioner,0
1efmu6u,1,3,5.333333333333333,4.0,16.0,sysadmin,general_practitioner,0
1efue55,3,22,4.818181818181818,2.0,106.0,sysadmin,general_practitioner,0
1efvx67,4,46,4.978260869565218,2.0,229.0,sysadmin,general_practitioner,0
1eg1sy6,2,3,2.333333333333333,2.0,7.0,sysadmin,general_practitioner,0
1eg7q3u,1,2,1.0,1.0,2.0,sysadmin,general_practitioner,0
1eg960h,1,0,,,,sysadmin,general_practitioner,1
1egc2kf,1,34,5.0,1.0,170.0,sysadmin,general_practitioner,0
1egn141,1,45,14.977777777777778,2.0,674.0,sysadmin,general_practitioner,0
1egpgis,1,88,4.727272727272728,1.0,416.0,sysadmin,general_practitioner,0
1egpzyk,1,18,7.888888888888889,1.5,142.0,sysadmin,general_practitioner,0
1egvl3r,1,10,8.6,3.5,86.0,sysadmin,general_practitioner,0
1eh6hh2,1,7,2.571428571428572,2.0,18.0,sysadmin,general_practitioner,0
1ehg6yz,1,8,1.75,1.5,14.0,sysadmin,general_practitioner,0
1ehiun3,1,20,3.2,2.0,64.0,sysadmin,general_practitioner,0
1ehkgqo,3,157,9.477707006369426,1.0,1488.0,sysadmin,general_practitioner,0
1ehlz9o,1,274,16.09124087591241,1.0,4409.0,sysadmin,general_practitioner,0
1ehmfsp,1,3,4.333333333333333,1.0,13.0,sysadmin,general_practitioner,0
1ehtcj0,2,1,1.0,1.0,1.0,sysadmin,general_practitioner,0
1ehtvlk,1,1,2.0,2.0,2.0,sysadmin,general_practitioner,0
1ehuhiy,1,6,4.666666666666667,3.5,28.0,sysadmin,general_practitioner,0
1ehuk4e,1,124,9.653225806451612,1.0,1197.0,sysadmin,general_practitioner,0
1ehwpg1,1,15,2.2,1.0,33.0,sysadmin,general_practitioner,0
1ehxco2,1,223,3.9730941704035874,1.0,886.0,sysadmin,general_practitioner,0
1ej2n26,4,129,16.666666666666668,2.0,2150.0,sysadmin,general_practitioner,0
1ej96j1,1,4,2.5,1.5,10.0,sysadmin,general_practitioner,0
1ejngog,2,24,6.791666666666667,4.5,163.0,sysadmin,general_practitioner,0
1ek95db,2,124,1.4274193548387095,1.0,177.0,sysadmin,general_practitioner,0
1eklrly,1,333,7.186186186186186,1.0,2393.0,sysadmin,general_practitioner,0
1elh4cq,2,59,5.288135593220339,1.0,312.0,sysadmin,general_practitioner,0
1elikwk,1,23,7.826086956521739,4.0,180.0,sysadmin,general_practitioner,0
1elnolo,1,5,2.6,2.0,13.0,sysadmin,general_practitioner,0
1elqq23,2,2,6.0,6.0,12.0,sysadmin,general_practitioner,0
1em385m,1,4,0.0,1.0,0.0,sysadmin,general_practitioner,0
1em7fqw,1,8,1.375,1.0,11.0,sysadmin,general_practitioner,0
1emdavb,1,77,8.272727272727273,2.0,637.0,sysadmin,general_practitioner,0
1emftuv,1,42,8.523809523809524,2.0,358.0,sysadmin,general_practitioner,0
1emgygu,1,26,8.346153846153847,2.0,217.0,sysadmin,general_practitioner,0
1emyzky,2,5,2.2,2.0,11.0,sysadmin,general_practitioner,0
1en5ook,3,121,7.3884297520661155,2.0,894.0,sysadmin,general_practitioner,0
1enenii,1,76,12.81578947368421,1.0,974.0,sysadmin,general_practitioner,0
1enhl5e,3,1,3.0,3.0,3.0,sysadmin,general_practitioner,0
1enl3g2,1,109,11.889908256880734,2.0,1296.0,sysadmin,general_practitioner,0
1eo856w,1,2,2.5,2.5,5.0,sysadmin,general_practitioner,0
1eoc2hc,1,9,6.555555555555555,3.0,59.0,sysadmin,general_practitioner,0
1eofpj7,1,10,5.4,2.0,54.0,sysadmin,general_practitioner,0
1epbd0a,2,58,9.20689655172414,1.0,534.0,sysadmin,general_practitioner,0
1epmr44,2,2,1.5,1.5,3.0,sysadmin,general_practitioner,0
1eqonau,1,0,,,,sysadmin,general_practitioner,1
1eqvmyq,1,5,2.2,2.0,11.0,sysadmin,general_practitioner,0
1er0qtq,2,1,1.0,1.0,1.0,sysadmin,general_practitioner,0
1er7qxl,1,1,2.0,2.0,2.0,sysadmin,general_practitioner,0
1er8jjq,3,8,1.75,1.0,14.0,sysadmin,general_practitioner,0
1era1tm,1,0,,,,sysadmin,general_practitioner,1
1erb17v,1,175,21.714285714285715,2.0,3800.0,sysadmin,general_practitioner,0
1eraysd,2,13,7.769230769230769,4.0,101.0,sysadmin,general_practitioner,0
1erf549,1,3,1.3333333333333333,1.0,4.0,sysadmin,general_practitioner,0
1erikwg,1,16,3.875,1.5,62.0,sysadmin,general_practitioner,0
1eri82m,1,33,2.757575757575758,1.0,91.0,sysadmin,general_practitioner,0
1ert442,4,2,1.0,1.0,2.0,sysadmin,general_practitioner,0
1eryc6i,2,44,10.977272727272728,3.5,483.0,sysadmin,general_practitioner,0
1erzmbq,1,3,2.0,1.0,6.0,sysadmin,general_practitioner,0
1es3p2y,4,3,1.6666666666666667,2.0,5.0,sysadmin,general_practitioner,0
1es3q5u,1,15,8.933333333333334,4.0,134.0,sysadmin,general_practitioner,0
1es6th5,3,123,9.065040650406504,2.0,1115.0,sysadmin,general_practitioner,0
1esfmx1,4,42,3.4285714285714284,1.0,144.0,sysadmin,general_practitioner,0
1esmiqg,1,12,7.0,3.5,84.0,sysadmin,general_practitioner,0
1esk4ea,1,4,5.5,2.5,22.0,sysadmin,general_practitioner,0
1et1e3o,1,4,0.75,1.0,3.0,sysadmin,general_practitioner,0
1et865w,1,58,7.655172413793103,1.0,444.0,sysadmin,general_practitioner,0
1etavxx,1,4,1.75,1.5,7.0,sysadmin,general_practitioner,0
1etaxa5,1,10,2.9,2.0,29.0,sysadmin,general_practitioner,0
1etp6l6,1,1,1.0,1.0,1.0,sysadmin,general_practitioner,0
1etride,1,1,4.0,4.0,4.0,sysadmin,general_practitioner,0
1etswfr,1,8,1.375,1.0,11.0,sysadmin,general_practitioner,0
1etsspb,1,11,16.09090909090909,7.0,177.0,sysadmin,general_practitioner,0
1etx63o,1,6,2.0,2.0,12.0,sysadmin,general_practitioner,0
1eu7gdc,1,5,1.2,1.0,6.0,sysadmin,general_practitioner,0
1euen67,4,6,4.0,2.0,24.0,sysadmin,general_practitioner,0
1ev3set,1,2,4.5,4.5,9.0,sysadmin,general_practitioner,0
1ev3ahe,1,8,4.5,1.0,36.0,sysadmin,general_practitioner,0
1evbgso,1,18,4.277777777777778,1.0,77.0,sysadmin,general_practitioner,0
1eve2jb,1,85,8.105882352941176,1.0,689.0,sysadmin,general_practitioner,0
1evmxl6,2,4,4.0,4.0,16.0,sysadmin,general_practitioner,0
1evkdsi,1,79,6.848101265822785,2.0,541.0,sysadmin,general_practitioner,0
1ew58ca,1,2,2.0,2.0,4.0,sysadmin,general_practitioner,0
1ew9kjj,1,3,1.3333333333333333,1.0,4.0,sysadmin,general_practitioner,0
1ewayxn,1,21,9.0,5.0,189.0,sysadmin,general_practitioner,0
1ex2i6w,2,19,14.105263157894736,3.0,268.0,sysadmin,general_practitioner,0
1ex64kr,1,2,6.5,6.5,13.0,sysadmin,general_practitioner,0
1ex6zsm,1,121,9.264462809917354,2.0,1121.0,sysadmin,general_practitioner,0
1exnnz2,1,7,2.142857142857143,1.0,15.0,sysadmin,general_practitioner,0
1exsyil,4,140,3.6357142857142857,1.0,509.0,sysadmin,general_practitioner,0
1exx6rg,1,7,2.2857142857142856,2.0,16.0,sysadmin,general_practitioner,0
1ey0iqv,2,3,2.0,2.0,6.0,sysadmin,general_practitioner,0
1ey4zul,1,2,2.0,2.0,4.0,sysadmin,general_practitioner,0
1eyksxh,1,34,6.735294117647059,2.0,229.0,sysadmin,general_practitioner,0
1eypkx4,3,1,2.0,2.0,2.0,sysadmin,general_practitioner,0
1eyvpeu,2,2,1.0,1.0,2.0,sysadmin,general_practitioner,0
1eza80o,1,13,3.230769230769231,1.0,42.0,sysadmin,general_practitioner,0
1ezaviv,1,8,1.875,1.0,15.0,sysadmin,general_practitioner,0
1ezglgq,1,8,6.25,2.0,50.0,sysadmin,general_practitioner,0
1ezw0qt,2,53,16.58490566037736,3.0,879.0,sysadmin,general_practitioner,0
1f025go,1,9,1.5555555555555556,2.0,14.0,sysadmin,general_practitioner,0
1f0f3ut,1,56,10.678571428571429,2.5,598.0,sysadmin,general_practitioner,0
1f0l6jk,1,21,7.047619047619048,2.0,148.0,sysadmin,general_practitioner,0
1f0trp9,1,97,5.412371134020619,2.0,525.0,sysadmin,general_practitioner,0
1f0r06a,2,7,11.428571428571429,6.0,80.0,sysadmin,general_practitioner,0
1f0ylqt,1,2,1.5,1.5,3.0,sysadmin,general_practitioner,0
1f14pto,1,7,2.571428571428572,2.0,18.0,sysadmin,general_practitioner,0
1f16upd,3,31,8.548387096774194,2.0,265.0,sysadmin,general_practitioner,0
1f17vg6,1,19,8.526315789473685,2.0,162.0,sysadmin,general_practitioner,0
1f1x1mi,1,6,4.666666666666667,2.5,28.0,sysadmin,general_practitioner,0
1f22iiz,1,45,18.666666666666668,2.0,840.0,sysadmin,general_practitioner,0
1f26dxm,2,9,4.333333333333333,2.0,39.0,sysadmin,general_practitioner,0
1f2kbeo,1,4,1.25,1.0,5.0,sysadmin,general_practitioner,0
1f2njoh,1,3,3.333333333333333,3.0,10.0,sysadmin,general_practitioner,0
1f2nmck,2,123,10.357723577235772,1.0,1274.0,sysadmin,general_practitioner,0
1f2qfb9,1,6,2.0,2.0,12.0,sysadmin,general_practitioner,0
1f2tifb,1,3,2.0,2.0,6.0,sysadmin,general_practitioner,0
1f2w4l2,1,3,1.3333333333333333,1.0,4.0,sysadmin,general_practitioner,0
1f30c6w,1,14,1.4285714285714286,1.0,20.0,sysadmin,general_practitioner,0
1f33t5p,1,6,1.8333333333333333,2.0,11.0,sysadmin,general_practitioner,0
1f390zw,1,3,2.6666666666666665,3.0,8.0,sysadmin,general_practitioner,0
1f3b17i,2,123,16.43089430894309,2.0,2021.0,sysadmin,general_practitioner,0
1f3c2gd,2,9,9.77777777777778,9.0,88.0,sysadmin,general_practitioner,0
1f3cy26,3,8,6.75,1.0,54.0,sysadmin,general_practitioner,0
1f3ghyx,2,15,3.2,2.0,48.0,sysadmin,general_practitioner,0
1f3j3ze,2,5,3.4,3.0,17.0,sysadmin,general_practitioner,0
1f3tfgv,1,3,1.6666666666666667,1.0,5.0,sysadmin,general_practitioner,0
1f3ufn6,1,0,,,,sysadmin,general_practitioner,1
1f44air,1,11,1.0,1.0,11.0,sysadmin,general_practitioner,0
1f48b4w,2,52,7.173076923076923,1.0,373.0,sysadmin,general_practitioner,0
1f48tm1,3,40,7.2,1.0,288.0,sysadmin,general_practitioner,0
1f4bmkl,1,1,1.0,1.0,1.0,sysadmin,general_practitioner,0
1f4exn0,1,9,2.0,1.0,18.0,sysadmin,general_practitioner,0
1f4j1z3,1,11,3.909090909090909,1.0,43.0,sysadmin,general_practitioner,0
1f5057n,3,193,13.316062176165802,1.0,2570.0,sysadmin,general_practitioner,0
1f6ips4,1,2,1.0,1.0,2.0,sysadmin,general_practitioner,0
1f6c5oa,2,0,,,,sysadmin,general_practitioner,1
1f7kug3,1,11,7.363636363636363,5.0,81.0,sysadmin,general_practitioner,0
1f7x6oj,1,10,4.4,2.5,44.0,sysadmin,general_practitioner,0
1f7yhy4,1,2,1.0,1.0,2.0,sysadmin,general_practitioner,0
1f874t6,2,6,14.166666666666666,4.0,85.0,sysadmin,general_practitioner,0
1f8amyc,2,1,6.0,6.0,6.0,sysadmin,general_practitioner,0
1f8omnj,1,3,3.6666666666666665,3.0,11.0,sysadmin,general_practitioner,0
1f8w57g,2,2,4.0,4.0,8.0,sysadmin,general_practitioner,0
1f97ko9,3,46,7.717391304347826,2.5,355.0,sysadmin,general_practitioner,0
1f9al9y,4,47,4.48936170212766,1.0,211.0,sysadmin,general_practitioner,0
1f9bk8y,1,0,,,,sysadmin,general_practitioner,1
1f9n5xh,1,1,1.0,1.0,1.0,sysadmin,general_practitioner,0
1f9q6vq,1,3,1.6666666666666667,1.0,5.0,sysadmin,general_practitioner,0
1f9qnhy,2,1,1.0,1.0,1.0,sysadmin,general_practitioner,0
1fa7vqv,1,3,1.0,1.0,3.0,sysadmin,general_practitioner,0
1faihjp,2,7,4.571428571428571,2.0,32.0,sysadmin,general_practitioner,0
1famzir,2,4,1.0,1.5,4.0,sysadmin,general_practitioner,0
1fant0h,1,5,5.4,3.0,27.0,sysadmin,general_practitioner,0
1fanvpe,1,45,20.53333333333333,2.0,924.0,sysadmin,general_practitioner,0
1fao8l0,1,3,2.0,2.0,6.0,sysadmin,general_practitioner,0
1faw1rd,3,2,2.5,2.5,5.0,sysadmin,general_practitioner,0
1fawyso,2,2,1.5,1.5,3.0,sysadmin,general_practitioner,0
1fb7643,2,52,14.961538461538462,3.0,778.0,sysadmin,general_practitioner,0
1fbgdxy,2,1,3.0,3.0,3.0,sysadmin,general_practitioner,0
1fc0tga,2,11,8.818181818181818,3.0,97.0,sysadmin,general_practitioner,0
1fcarou,3,10,3.4,2.0,34.0,sysadmin,general_practitioner,0
1fcahgz,1,19,16.526315789473685,7.0,314.0,sysadmin,general_practitioner,0
1fcjkjr,1,35,8.085714285714285,1.0,283.0,sysadmin,general_practitioner,0
1fdanmr,2,28,16.285714285714285,2.0,456.0,sysadmin,general_practitioner,0
1fdflb4,2,144,6.770833333333333,1.0,975.0,sysadmin,general_practitioner,0
1fdm18z,1,3,2.6666666666666665,2.0,8.0,sysadmin,general_practitioner,0
1fds1wm,1,77,4.87012987012987,2.0,375.0,sysadmin,general_practitioner,0
1fe43ou,4,93,5.075268817204301,1.0,472.0,sysadmin,general_practitioner,0
1fe4s27,2,2,2.5,2.5,5.0,sysadmin,general_practitioner,0
1fem7j6,1,2,-0.5,-0.5,-1.0,sysadmin,general_practitioner,0
1fejx18,4,155,4.116129032258065,2.0,638.0,sysadmin,general_practitioner,0
1fey3jo,1,2,1.5,1.5,3.0,sysadmin,general_practitioner,0
1ffg4bi,1,2,1.0,1.0,2.0,sysadmin,general_practitioner,0
1ffj53z,1,79,22.088607594936708,2.0,1745.0,sysadmin,general_practitioner,0
1ffpxr5,3,52,12.788461538461538,2.0,665.0,sysadmin,general_practitioner,0
1fftxv3,2,30,4.533333333333333,1.5,136.0,sysadmin,general_practitioner,0
1ffsmqa,1,58,15.448275862068966,2.0,896.0,sysadmin,general_practitioner,0
1ffu6mm,2,50,9.94,3.0,497.0,sysadmin,general_practitioner,0
1fg3lwb,2,125,4.92,1.0,615.0,sysadmin,general_practitioner,0
1fg31fg,4,23,9.73913043478261,2.0,224.0,sysadmin,general_practitioner,0
1fg5vfn,1,54,5.277777777777778,2.0,285.0,sysadmin,general_practitioner,0
1fgxt7e,1,51,21.41176470588235,3.0,1092.0,sysadmin,general_practitioner,0
1fgjmuc,2,12,9.666666666666666,4.5,116.0,sysadmin,general_practitioner,0
1fhyusp,4,40,7.6,1.0,304.0,sysadmin,general_practitioner,0
1fi3c7z,1,3,2.333333333333333,2.0,7.0,sysadmin,general_practitioner,0
1fi77ak,3,116,12.508620689655173,1.0,1451.0,sysadmin,general_practitioner,0
1fie8yj,2,39,3.871794871794872,1.0,151.0,sysadmin,general_practitioner,0
1fieeih,1,34,4.323529411764706,1.0,147.0,sysadmin,general_practitioner,0
1fj5kip,2,18,4.0,2.0,72.0,sysadmin,general_practitioner,0
1fj85fd,2,0,,,,sysadmin,general_practitioner,1
1fj6xsb,3,2,1.0,1.0,2.0,sysadmin,general_practitioner,0
1fj9rxf,3,10,3.6,3.0,36.0,sysadmin,general_practitioner,0
1fj8vnl,1,2,1.0,1.0,2.0,sysadmin,general_practitioner,0
1fja3it,1,0,,,,sysadmin,general_practitioner,1
1fjgkjs,1,1,1.0,1.0,1.0,sysadmin,general_practitioner,0
1fjti7q,1,1,1.0,1.0,1.0,sysadmin,general_practitioner,0
1fjuwik,1,13,27.615384615384617,5.0,359.0,sysadmin,general_practitioner,0
1fjv8rl,1,29,8.96551724137931,3.0,260.0,sysadmin,general_practitioner,0
1fk4ofd,2,3,2.333333333333333,2.0,7.0,sysadmin,general_practitioner,0
1fk9spn,2,2,1.0,1.0,2.0,sysadmin,general_practitioner,0
1fl2q8l,1,7,2.571428571428572,1.0,18.0,sysadmin,general_practitioner,0
1flzmin,1,3,4.333333333333333,4.0,13.0,sysadmin,general_practitioner,0
1fm2hvv,3,2,1.0,1.0,2.0,sysadmin,general_practitioner,0
1fmcj3x,1,6,5.0,3.0,30.0,sysadmin,general_practitioner,0
1fmcpr4,2,31,3.225806451612903,2.0,100.0,sysadmin,general_practitioner,0
1fmsbxc,3,48,5.729166666666667,1.5,275.0,sysadmin,general_practitioner,0
1fmxhe6,2,2,1.5,1.5,3.0,sysadmin,general_practitioner,0
1fnm6rt,1,25,5.36,1.0,134.0,sysadmin,general_practitioner,0
1fnp4fk,1,143,9.06993006993007,2.0,1297.0,sysadmin,general_practitioner,0
1fnslut,1,132,6.6893939393939394,1.0,883.0,sysadmin,general_practitioner,0
1fo0g7v,1,6,3.8333333333333335,1.0,23.0,sysadmin,general_practitioner,0
1foeaki,2,12,7.25,5.5,87.0,sysadmin,general_practitioner,0
1fohxeh,3,6,1.3333333333333333,1.0,8.0,sysadmin,general_practitioner,0
1fonm9d,1,18,8.61111111111111,2.0,155.0,sysadmin,general_practitioner,0
1fot3hk,1,48,11.625,1.0,558.0,sysadmin,general_practitioner,0
1fp890y,1,124,7.725806451612903,1.0,958.0,sysadmin,general_practitioner,0
1fpankh,1,9,1.4444444444444444,1.0,13.0,sysadmin,general_practitioner,0
1fp9pnp,2,33,5.181818181818182,2.0,171.0,sysadmin,general_practitioner,0
1fpf05z,1,10,2.5,1.5,25.0,sysadmin,general_practitioner,0
1fpgn0y,1,45,11.133333333333333,4.0,501.0,sysadmin,general_practitioner,0
1fpo9s2,2,4,4.75,4.0,19.0,sysadmin,general_practitioner,0
1fqboyy,3,152,5.059210526315789,1.0,769.0,sysadmin,general_practitioner,0
1fqjepd,1,9,2.4444444444444446,2.0,22.0,sysadmin,general_practitioner,0
1fqoq5b,1,4,3.5,3.5,14.0,sysadmin,general_practitioner,0
1fqpxdj,3,2,3.5,3.5,7.0,sysadmin,general_practitioner,0
1fqv1u0,1,1,1.0,1.0,1.0,sysadmin,general_practitioner,0
1fqxnhn,2,13,1.1538461538461535,1.0,15.0,sysadmin,general_practitioner,0
1fs9d4c,1,14,4.785714285714286,2.0,67.0,sysadmin,general_practitioner,0
1fsh35y,1,2,0.5,0.5,1.0,sysadmin,general_practitioner,0
1fsnmt8,2,38,8.394736842105264,2.0,319.0,sysadmin,general_practitioner,0
1fstq94,2,67,2.8955223880597014,1.0,194.0,sysadmin,general_practitioner,0
1ft0fx7,1,44,14.159090909090908,2.0,623.0,sysadmin,general_practitioner,0
1fsyxti,1,5,4.0,3.0,20.0,sysadmin,general_practitioner,0
1ft7cwa,1,1,1.0,1.0,1.0,sysadmin,general_practitioner,0
1ft7km2,1,8,7.25,3.5,58.0,sysadmin,general_practitioner,0
1ft8v30,1,5,45.4,10.0,227.0,sysadmin,general_practitioner,0
1ft9mfv,1,16,4.3125,2.0,69.0,sysadmin,general_practitioner,0
1ftbpp0,2,41,9.024390243902438,1.0,370.0,sysadmin,general_practitioner,0
1ftjsq6,2,42,4.571428571428571,1.0,192.0,sysadmin,general_practitioner,0
1ftwbpg,1,0,,,,sysadmin,general_practitioner,1
1fu1ctn,2,163,7.932515337423313,1.0,1293.0,sysadmin,general_practitioner,0
1fu137u,1,11,2.727272727272727,2.0,30.0,sysadmin,general_practitioner,0
1fu4rdv,2,22,4.954545454545454,2.0,109.0,sysadmin,general_practitioner,0
1fu94d2,1,4,2.75,2.0,11.0,sysadmin,general_practitioner,0
1fudi19,1,117,13.273504273504274,2.0,1553.0,sysadmin,general_practitioner,0
1fuhpiw,2,2,3.0,3.0,6.0,sysadmin,general_practitioner,0
1furelo,1,3,2.333333333333333,2.0,7.0,sysadmin,general_practitioner,0
1fusy3y,1,28,18.071428571428573,6.0,506.0,sysadmin,general_practitioner,0
1fut7fn,1,18,5.222222222222222,3.0,94.0,sysadmin,general_practitioner,0
1fuu035,1,2,1.0,1.0,2.0,sysadmin,general_practitioner,0
1fuziet,1,2,1.5,1.5,3.0,sysadmin,general_practitioner,0
1fvkgx5,1,4,1.0,1.0,4.0,sysadmin,general_practitioner,0
1fw2psy,2,1,0.0,0.0,0.0,sysadmin,general_practitioner,0
1fw3ogr,1,127,8.94488188976378,1.0,1136.0,sysadmin,general_practitioner,0
1fw5ykm,1,9,2.4444444444444446,1.0,22.0,sysadmin,general_practitioner,0
1fxe7cq,1,12,6.166666666666667,2.0,74.0,sysadmin,general_practitioner,0
1fxz7il,2,23,13.0,1.0,299.0,sysadmin,general_practitioner,0
1fxzs4i,1,9,6.111111111111111,5.0,55.0,sysadmin,general_practitioner,0
1fyanbt,1,5,3.8,3.0,19.0,sysadmin,general_practitioner,0
1fyceco,1,11,2.4545454545454546,1.0,27.0,sysadmin,general_practitioner,0
1fyd8ff,1,0,,,,sysadmin,general_practitioner,1
1fyfew8,2,101,6.534653465346534,1.0,660.0,sysadmin,general_practitioner,0
1fyjgdo,2,5,1.4,1.0,7.0,sysadmin,general_practitioner,0
1fyrfae,3,9,4.333333333333333,2.0,39.0,sysadmin,general_practitioner,0
1fyqid4,3,95,9.157894736842104,1.0,870.0,sysadmin,general_practitioner,0
1fyu802,3,113,6.548672566371682,1.0,740.0,sysadmin,general_practitioner,0
1fyx2pv,4,1,1.0,1.0,1.0,sysadmin,general_practitioner,0
1fz2iwx,2,3,1.0,1.0,3.0,sysadmin,general_practitioner,0
1fz56ei,1,6,3.333333333333333,1.5,20.0,sysadmin,general_practitioner,0
1fz7u12,1,1,2.0,2.0,2.0,sysadmin,general_practitioner,0
1fz8b1w,3,80,8.575,2.0,686.0,sysadmin,general_practitioner,0
1fzg6cg,1,2,1.0,1.0,2.0,sysadmin,general_practitioner,0
1fzpouv,1,646,8.088235294117647,1.0,5225.0,sysadmin,general_practitioner,0
1fzqhkn,1,4,1.0,1.0,4.0,sysadmin,general_practitioner,0
1fzu3vv,1,10,3.2,1.5,32.0,sysadmin,general_practitioner,0
1g011cn,2,23,4.695652173913044,2.0,108.0,sysadmin,general_practitioner,0
1fzyki2,1,42,5.809523809523809,1.5,244.0,sysadmin,general_practitioner,0
1g0cm7u,2,3,6.333333333333333,7.0,19.0,sysadmin,general_practitioner,0
1g0mfxr,1,13,3.076923076923077,2.0,40.0,sysadmin,general_practitioner,0
1g0mi6p,1,0,,,,sysadmin,general_practitioner,1
1g0nicu,1,64,13.5,2.0,864.0,sysadmin,general_practitioner,0
1g0oa35,1,28,5.821428571428571,1.0,163.0,sysadmin,general_practitioner,0
1g0qs7d,1,120,11.275,1.0,1353.0,sysadmin,general_practitioner,0
1g0ty6y,1,8,10.0,4.0,80.0,sysadmin,general_practitioner,0
1g0xwod,1,5,19.0,8.0,95.0,sysadmin,general_practitioner,0
1g10aij,3,40,8.55,2.0,342.0,sysadmin,general_practitioner,0
1g0y3de,1,209,11.641148325358852,1.0,2433.0,sysadmin,general_practitioner,0
1g11ov0,3,124,14.080645161290322,1.0,1746.0,sysadmin,general_practitioner,0
1g107jr,1,1,2.0,2.0,2.0,sysadmin,general_practitioner,0
1g151lq,1,11,4.0,4.0,44.0,sysadmin,general_practitioner,0
1g1g44c,1,33,2.4242424242424243,1.0,80.0,sysadmin,general_practitioner,0
1g1stg2,2,12,4.833333333333333,3.0,58.0,sysadmin,general_practitioner,0
1g1w8l9,2,6,3.0,2.5,18.0,sysadmin,general_practitioner,0
1g246vs,1,16,3.3125,2.0,53.0,sysadmin,general_practitioner,0
1g2fw0j,1,8,2.75,1.0,22.0,sysadmin,general_practitioner,0
1g35bxl,2,12,3.9166666666666665,2.0,47.0,sysadmin,general_practitioner,0
1g3ef0l,3,8,2.75,1.5,22.0,sysadmin,general_practitioner,0
1g3mkji,4,3,3.0,2.0,9.0,sysadmin,general_practitioner,0
1g3mrmz,1,16,2.5625,1.0,41.0,sysadmin,general_practitioner,0
1g3pioe,1,1,1.0,1.0,1.0,sysadmin,general_practitioner,0
1g3r35x,1,43,6.162790697674419,1.0,265.0,sysadmin,general_practitioner,0
1g422t4,1,2,1.5,1.5,3.0,sysadmin,general_practitioner,0
1g48sou,1,10,4.5,2.5,45.0,sysadmin,general_practitioner,0
1g4gw7l,2,11,5.363636363636363,4.0,59.0,sysadmin,general_practitioner,0
1g4o9y6,1,6,1.8333333333333333,1.0,11.0,sysadmin,general_practitioner,0
1g4po17,2,7,1.2857142857142858,1.0,9.0,sysadmin,general_practitioner,0
1g57876,2,0,,,,sysadmin,general_practitioner,1
1g5gih8,1,13,9.23076923076923,3.0,120.0,sysadmin,general_practitioner,0
1g5laxd,1,72,3.9583333333333335,1.0,285.0,sysadmin,general_practitioner,0
1g5m40x,2,7,3.7142857142857135,2.0,26.0,sysadmin,general_practitioner,0
1g5obkb,1,10,2.3,2.0,23.0,sysadmin,general_practitioner,0
1g5qs8y,1,49,3.5510204081632653,1.0,174.0,sysadmin,general_practitioner,0
1g5rz87,1,3,1.0,1.0,3.0,sysadmin,general_practitioner,0
1g5zqj6,2,1,1.0,1.0,1.0,sysadmin,general_practitioner,0
1g5znr9,2,86,6.848837209302325,2.0,589.0,sysadmin,general_practitioner,0
1g61e7i,1,106,15.50943396226415,2.0,1644.0,sysadmin,general_practitioner,0
1g61izz,1,6,3.1666666666666665,2.5,19.0,sysadmin,general_practitioner,0
1g647ve,1,5,3.8,1.0,19.0,sysadmin,general_practitioner,0
1g677u5,1,0,,,,sysadmin,general_practitioner,1
1g6dgug,2,24,4.541666666666667,2.0,109.0,sysadmin,general_practitioner,0
1g6h0kl,2,120,5.05,1.0,606.0,sysadmin,general_practitioner,0
1g6ic9g,2,8,1.0,1.0,8.0,sysadmin,general_practitioner,0
1g6levz,1,5,1.8,1.0,9.0,sysadmin,general_practitioner,0
1g6nf7o,2,0,,,,sysadmin,general_practitioner,1
1g6oa2t,4,5,1.8,1.0,9.0,sysadmin,general_practitioner,0
1g6td91,1,9,4.444444444444445,2.0,40.0,sysadmin,general_practitioner,0
1g6ybjh,1,2,1.0,1.0,2.0,sysadmin,general_practitioner,0
1g7ysi5,2,19,4.789473684210527,2.0,91.0,sysadmin,general_practitioner,0
1g86291,2,4,4.0,1.5,16.0,sysadmin,general_practitioner,0
1g7y2dv,3,8,14.625,11.5,117.0,sysadmin,general_practitioner,0
1g8cv9d,1,115,10.565217391304348,2.0,1215.0,sysadmin,general_practitioner,0
1g8ph57,2,9,3.7777777777777777,3.0,34.0,sysadmin,general_practitioner,0
1g8zhmj,1,2,2.0,2.0,4.0,sysadmin,general_practitioner,0
1g973ub,1,7,4.142857142857143,2.0,29.0,sysadmin,general_practitioner,0
1g99mcy,2,32,9.46875,1.0,303.0,sysadmin,general_practitioner,0
1g9n91s,2,24,4.583333333333333,1.0,110.0,sysadmin,general_practitioner,0
1g9onc1,3,17,6.764705882352941,2.0,115.0,sysadmin,general_practitioner,0
1g9yf78,1,83,13.25301204819277,2.0,1100.0,sysadmin,general_practitioner,0
1ga0ynb,1,10,10.3,1.5,103.0,sysadmin,general_practitioner,0
1gac3l1,1,36,4.638888888888889,1.5,167.0,sysadmin,general_practitioner,0
1gac59l,1,2,1.0,1.0,2.0,sysadmin,general_practitioner,0
1gai170,1,1,2.0,2.0,2.0,sysadmin,general_practitioner,0
1galapo,2,14,13.642857142857142,3.0,191.0,sysadmin,general_practitioner,0
1gay5qo,1,2,2.5,2.5,5.0,sysadmin,general_practitioner,0
1gb9rco,1,18,10.055555555555555,4.0,181.0,sysadmin,general_practitioner,0
1gbfjrb,1,7,1.8571428571428568,2.0,13.0,sysadmin,general_practitioner,0
1gbgu3j,3,10,4.2,3.0,42.0,sysadmin,general_practitioner,0
1gbn8dd,3,10,2.0,1.5,20.0,sysadmin,general_practitioner,0
1gbt4lt,3,16,10.1875,1.0,163.0,sysadmin,general_practitioner,0
1gbxztp,1,3,1.3333333333333333,1.0,4.0,sysadmin,general_practitioner,0
1gc0cuj,2,111,13.054054054054054,2.0,1449.0,sysadmin,general_practitioner,0
1gc7xwv,2,25,11.12,5.0,278.0,sysadmin,general_practitioner,0
1gd9vvn,1,10,4.0,1.5,40.0,sysadmin,general_practitioner,0
1gcvtj4,1,59,7.050847457627119,1.0,416.0,sysadmin,general_practitioner,0
1gdlu3b,1,9,2.4444444444444446,1.0,22.0,sysadmin,general_practitioner,0
1ge158t,1,27,6.7407407407407405,1.0,182.0,sysadmin,general_practitioner,0
1ge3lf2,2,26,20.07692307692308,3.5,522.0,sysadmin,general_practitioner,0
1geqa2r,1,6,7.166666666666667,4.0,43.0,sysadmin,general_practitioner,0
1gew5bx,1,2,1.5,1.5,3.0,sysadmin,general_practitioner,0
1geyywn,1,1,2.0,2.0,2.0,sysadmin,general_practitioner,0
1gf2za0,1,7,2.0,1.0,14.0,sysadmin,general_practitioner,0
1gf8e71,4,14,3.0,1.0,42.0,sysadmin,general_practitioner,0
1gf96ro,2,12,1.9166666666666667,1.0,23.0,sysadmin,general_practitioner,0
1gf616j,2,8,1.625,1.0,13.0,sysadmin,general_practitioner,0
1gfe40n,1,21,2.571428571428572,2.0,54.0,sysadmin,general_practitioner,0
1gfgc95,3,75,5.6,2.0,420.0,sysadmin,general_practitioner,0
1gfo63t,1,6,2.6666666666666665,1.5,16.0,sysadmin,general_practitioner,0
1ggag59,1,0,,,,sysadmin,general_practitioner,1
1ggbxz3,3,0,,,,sysadmin,general_practitioner,1
1ggcef2,3,362,3.6298342541436464,1.0,1314.0,sysadmin,general_practitioner,0
1ggeh8v,1,5,2.2,2.0,11.0,sysadmin,general_practitioner,0
1ggest5,1,1,2.0,2.0,2.0,sysadmin,general_practitioner,0
1ggnm3a,2,2,0.5,0.5,1.0,sysadmin,general_practitioner,0
1ggmp4u,2,2,5.0,5.0,10.0,sysadmin,general_practitioner,0
1ggu5kq,1,1,1.0,1.0,1.0,sysadmin,general_practitioner,0
1gh19u7,2,44,7.818181818181818,1.0,344.0,sysadmin,general_practitioner,0
1ghc63e,1,4,4.5,3.5,18.0,sysadmin,general_practitioner,0
1ghdynx,1,40,9.675,2.0,387.0,sysadmin,general_practitioner,0
1gi937r,3,12,10.333333333333334,3.0,124.0,sysadmin,general_practitioner,0
1gi7bxf,2,45,20.73333333333333,2.0,933.0,sysadmin,general_practitioner,0
1gid1ca,1,2,1.0,1.0,2.0,sysadmin,general_practitioner,0
1gioc0w,2,8,1.625,1.5,13.0,sysadmin,general_practitioner,0
1gj1jeu,2,37,13.972972972972974,4.0,517.0,sysadmin,general_practitioner,0
1gjn6qi,1,1,1.0,1.0,1.0,sysadmin,general_practitioner,0
1gjq5zi,3,61,12.0327868852459,1.0,734.0,sysadmin,general_practitioner,0
1gju7jv,1,1,1.0,1.0,1.0,sysadmin,general_practitioner,0
1gjuo0g,4,76,5.9868421052631575,1.0,455.0,sysadmin,general_practitioner,0
1gk45ul,2,6,2.6666666666666665,1.5,16.0,sysadmin,general_practitioner,0
1gksqwh,2,0,,,,sysadmin,general_practitioner,1
1gknlli,2,6,3.333333333333333,1.5,20.0,sysadmin,general_practitioner,0
1gkwmar,3,28,13.785714285714286,3.0,386.0,sysadmin,general_practitioner,0
1gl0xqy,1,11,4.636363636363637,4.0,51.0,sysadmin,general_practitioner,0
1gl1j63,1,3,1.0,1.0,3.0,sysadmin,general_practitioner,0
1gl4rhf,4,5,6.8,3.0,34.0,sysadmin,general_practitioner,0
1gl414k,1,11,6.454545454545454,6.0,71.0,sysadmin,general_practitioner,0
1gl68gj,2,6,1.3333333333333333,1.0,8.0,sysadmin,general_practitioner,0
1gl7yei,1,12,4.666666666666667,3.0,56.0,sysadmin,general_practitioner,0
1gm03hq,2,23,10.08695652173913,2.0,232.0,sysadmin,general_practitioner,0
1gm27xs,1,63,14.492063492063492,2.0,913.0,sysadmin,general_practitioner,0
1gm6tl1,1,30,12.0,2.5,360.0,sysadmin,general_practitioner,0
1gmcrak,1,3,2.333333333333333,2.0,7.0,sysadmin,general_practitioner,0
1gmid75,1,4,1.75,1.5,7.0,sysadmin,general_practitioner,0
1gmkd6t,1,80,6.4,1.0,512.0,sysadmin,general_practitioner,0
1gmmhx8,1,63,5.142857142857143,2.0,324.0,sysadmin,general_practitioner,0
1gn17vy,1,2,5.5,5.5,11.0,sysadmin,general_practitioner,0
1gndgl8,3,19,4.2631578947368425,2.0,81.0,sysadmin,general_practitioner,0
1gofbqf,1,6,2.1666666666666665,0.5,13.0,sysadmin,general_practitioner,0
1gog9o2,3,65,9.953846153846154,2.0,647.0,sysadmin,general_practitioner,0
1gopnza,2,3,1.3333333333333333,1.0,4.0,sysadmin,general_practitioner,0
1gpjtxo,2,91,3.604395604395605,2.0,328.0,sysadmin,general_practitioner,0
1gpsxkt,2,55,7.2,1.0,396.0,sysadmin,general_practitioner,0
1gpt2xa,1,2,2.0,2.0,4.0,sysadmin,general_practitioner,0
1gq2bwq,3,8,1.625,1.0,13.0,sysadmin,general_practitioner,0
1gq4z9j,3,13,4.846153846153846,1.0,63.0,sysadmin,general_practitioner,0
1gqn7df,2,6,16.5,11.5,99.0,sysadmin,general_practitioner,0
1gr5ukx,1,19,10.210526315789474,5.0,194.0,sysadmin,general_practitioner,0
1gr67y0,1,86,9.023255813953488,2.0,776.0,sysadmin,general_practitioner,0
1gr1cv5,3,2,1.5,1.5,3.0,sysadmin,general_practitioner,0
1gr8k8c,1,0,,,,sysadmin,general_practitioner,1
1graj42,1,45,6.555555555555555,1.0,295.0,sysadmin,general_practitioner,0
1grkkgl,1,5,2.0,2.0,10.0,sysadmin,general_practitioner,0
1grqjgs,1,8,3.5,3.5,28.0,sysadmin,general_practitioner,0
1grvulv,1,13,3.3846153846153846,1.0,44.0,sysadmin,general_practitioner,0
1gs86tj,1,2,1.5,1.5,3.0,sysadmin,general_practitioner,0
1gs89kj,4,2,1.5,1.5,3.0,sysadmin,general_practitioner,0
1gssdr1,2,183,12.628415300546449,2.0,2311.0,sysadmin,general_practitioner,0
1gt9bke,1,22,4.181818181818182,2.0,92.0,sysadmin,general_practitioner,0
1gtvcy0,1,141,8.092198581560284,1.0,1141.0,sysadmin,general_practitioner,0
1gu0fs2,2,42,14.904761904761903,3.0,626.0,sysadmin,general_practitioner,0
1guax2e,1,1,7.0,7.0,7.0,sysadmin,general_practitioner,0
1gucfg8,1,4,1.5,1.5,6.0,sysadmin,general_practitioner,0
1gui141,1,21,9.095238095238097,6.0,191.0,sysadmin,general_practitioner,0
1gv1e7n,1,68,11.632352941176473,2.0,791.0,sysadmin,general_practitioner,0
1gv4ph0,1,2,1.5,1.5,3.0,sysadmin,general_practitioner,0
1gv5pwj,3,9,8.555555555555555,1.0,77.0,sysadmin,general_practitioner,0
1gvc05a,3,54,9.833333333333334,2.0,531.0,sysadmin,general_practitioner,0
1gvblma,1,9,3.7777777777777777,1.0,34.0,sysadmin,general_practitioner,0
1gvhwvy,2,5,2.0,1.0,10.0,sysadmin,general_practitioner,0
1gvkgjh,3,194,8.108247422680412,1.0,1573.0,sysadmin,general_practitioner,0
1gvqnez,4,28,9.392857142857142,2.0,263.0,sysadmin,general_practitioner,0
1gvrvwy,2,5,1.4,1.0,7.0,sysadmin,general_practitioner,0
1gvvqlk,4,10,3.4,2.5,34.0,sysadmin,general_practitioner,0
1gvvyge,1,2,2.0,2.0,4.0,sysadmin,general_practitioner,0
1gw0uzg,3,45,15.244444444444444,2.0,686.0,sysadmin,general_practitioner,0
1gvvo4q,1,0,,,,sysadmin,general_practitioner,1
1gw5ejf,1,45,16.4,3.0,738.0,sysadmin,general_practitioner,0
1gwhlsa,2,0,,,,sysadmin,general_practitioner,1
1gwghl2,2,2,1.0,1.0,2.0,sysadmin,general_practitioner,0
1gwlzhd,2,1,1.0,1.0,1.0,sysadmin,general_practitioner,0
1gwmre3,3,16,5.4375,2.0,87.0,sysadmin,general_practitioner,0
1gxiy9r,1,0,,,,sysadmin,general_practitioner,1
1gxjkzq,2,3,2.0,1.0,6.0,sysadmin,general_practitioner,0
1gxld2y,3,45,7.844444444444444,1.0,353.0,sysadmin,general_practitioner,0
1gxsjtd,3,51,5.352941176470588,2.0,273.0,sysadmin,general_practitioner,0
1gy2jie,2,13,5.230769230769231,3.0,68.0,sysadmin,general_practitioner,0
1gz1ozt,1,24,7.875,2.0,189.0,sysadmin,general_practitioner,0
1gz9orm,1,40,6.35,1.5,254.0,sysadmin,general_practitioner,0
1gzh9hb,1,30,10.133333333333333,3.0,304.0,sysadmin,general_practitioner,0
1gzppk5,2,63,13.571428571428571,4.0,855.0,sysadmin,general_practitioner,0
1gzr82f,1,10,1.8,1.0,18.0,sysadmin,general_practitioner,0
1gzxfo2,1,8,3.25,1.5,26.0,sysadmin,general_practitioner,0
1h0gnmg,1,68,3.485294117647059,1.0,237.0,sysadmin,general_practitioner,0
1h0k7aa,1,19,15.789473684210526,3.0,300.0,sysadmin,general_practitioner,0
1h0p88x,1,32,8.8125,2.5,282.0,sysadmin,general_practitioner,0
1h0pf12,1,7,3.857142857142857,4.0,27.0,sysadmin,general_practitioner,0
1h1btn3,1,77,12.675324675324676,1.0,976.0,sysadmin,general_practitioner,0
1h1glck,1,4,3.5,3.0,14.0,sysadmin,general_practitioner,0
1h1knen,1,40,12.225,2.0,489.0,sysadmin,general_practitioner,0
1h1vdzu,1,3,4.666666666666667,5.0,14.0,sysadmin,general_practitioner,0
1h28zfw,1,37,3.027027027027027,1.0,112.0,sysadmin,general_practitioner,0
1h2d82s,2,20,3.35,1.0,67.0,sysadmin,general_practitioner,0
1h2nkjj,1,7,1.7142857142857142,1.0,12.0,sysadmin,general_practitioner,0
1h2vk6d,1,4,1.75,1.5,7.0,sysadmin,general_practitioner,0
1h4qomi,3,99,11.02020202020202,1.0,1091.0,sysadmin,general_practitioner,0
1h4w273,1,29,5.448275862068965,2.0,158.0,sysadmin,general_practitioner,0
1h4za5a,2,5,3.0,3.0,15.0,sysadmin,general_practitioner,0
1h4yj9f,3,10,3.1,1.0,31.0,sysadmin,general_practitioner,0
1h51d2b,1,91,10.175824175824175,2.0,926.0,sysadmin,general_practitioner,0
1h5gkmx,2,0,,,,sysadmin,general_practitioner,1
1h5i416,1,10,4.2,3.5,42.0,sysadmin,general_practitioner,0
1h5vp18,1,20,29.95,8.0,599.0,sysadmin,general_practitioner,0
1h5wjnw,1,6,2.833333333333333,2.0,17.0,sysadmin,general_practitioner,0
1h5yrtq,1,3,1.6666666666666667,1.0,5.0,sysadmin,general_practitioner,0
1h5zcs5,1,1,6.0,6.0,6.0,sysadmin,general_practitioner,0
1h60f02,2,363,5.3856749311294765,1.0,1955.0,sysadmin,general_practitioner,0
1h61d1b,1,18,1.8333333333333333,1.0,33.0,sysadmin,general_practitioner,0
1h63cvh,2,86,6.127906976744186,2.0,527.0,sysadmin,general_practitioner,0
1h6p6gg,3,71,5.605633802816901,1.0,398.0,sysadmin,general_practitioner,0
1h6ygt4,2,25,22.16,2.0,554.0,sysadmin,general_practitioner,0
1h6yynl,1,102,5.176470588235294,2.0,528.0,sysadmin,general_practitioner,0
1h6ys8o,1,16,2.125,1.0,34.0,sysadmin,general_practitioner,0
1h7ct7o,2,0,,,,sysadmin,general_practitioner,1
1h7da3d,3,7,2.857142857142857,1.0,20.0,sysadmin,general_practitioner,0
1h7iu0l,2,47,6.617021276595745,2.0,311.0,sysadmin,general_practitioner,0
1h7nbu8,1,3,1.6666666666666667,1.0,5.0,sysadmin,general_practitioner,0
1h7t7ei,2,9,3.7777777777777777,4.0,34.0,sysadmin,general_practitioner,0
1h8b1mx,1,5,0.4,0.0,2.0,sysadmin,general_practitioner,0
1h8gro3,2,1,1.0,1.0,1.0,sysadmin,general_practitioner,0
1h8tl4n,4,14,3.7142857142857135,2.0,52.0,sysadmin,general_practitioner,0
1h8yrec,1,127,9.362204724409448,2.0,1189.0,sysadmin,general_practitioner,0
1h93uyr,1,38,15.052631578947368,3.0,572.0,sysadmin,general_practitioner,0
1h94h3i,3,88,14.125,2.0,1243.0,sysadmin,general_practitioner,0
1h99iok,3,33,6.0606060606060606,2.0,200.0,sysadmin,general_practitioner,0
1h9gfax,1,12,3.4166666666666665,0.5,41.0,sysadmin,general_practitioner,0
1h9p7n4,1,10,4.9,3.0,49.0,sysadmin,general_practitioner,0
1ha10cx,1,46,15.173913043478262,2.0,698.0,sysadmin,general_practitioner,0
1ha42y8,1,12,3.333333333333333,2.0,40.0,sysadmin,general_practitioner,0
1hadklq,3,5,1.4,2.0,7.0,sysadmin,general_practitioner,0
1hae3v2,2,18,21.77777777777778,3.5,392.0,sysadmin,general_practitioner,0
1hal2bq,1,5,1.2,1.0,6.0,sysadmin,general_practitioner,0
1hasy6j,3,36,4.277777777777778,1.0,154.0,sysadmin,general_practitioner,0
1hay0vs,2,1,1.0,1.0,1.0,sysadmin,general_practitioner,0
1hb3urv,1,7,2.2857142857142856,1.0,16.0,sysadmin,general_practitioner,0
1hbfxcf,2,11,5.181818181818182,2.0,57.0,sysadmin,general_practitioner,0
1hc6sws,1,3,2.333333333333333,2.0,7.0,sysadmin,general_practitioner,0
1hcdcit,1,4,1.75,2.0,7.0,sysadmin,general_practitioner,0
1hcc6qm,1,6,1.8333333333333333,1.0,11.0,sysadmin,general_practitioner,0
1hcr8ti,3,17,3.117647058823529,2.0,53.0,sysadmin,general_practitioner,0
1hcwmos,2,5,2.8,3.0,14.0,sysadmin,general_practitioner,0
1hcxqgs,3,22,2.409090909090909,1.0,53.0,sysadmin,general_practitioner,0
1hdf3qh,1,1,1.0,1.0,1.0,sysadmin,general_practitioner,0
1hdlmg0,2,23,3.0869565217391304,1.0,71.0,sysadmin,general_practitioner,0
1hdopsf,1,8,3.0,1.5,24.0,sysadmin,general_practitioner,0
1hdpqvu,1,3,3.6666666666666665,3.0,11.0,sysadmin,general_practitioner,0
1hdy1n7,2,97,19.577319587628867,2.0,1899.0,sysadmin,general_practitioner,0
1hdse4n,1,0,,,,sysadmin,general_practitioner,1
1hedm96,1,46,3.130434782608696,1.0,144.0,sysadmin,general_practitioner,0
1hf93ju,3,19,7.473684210526316,2.0,142.0,sysadmin,general_practitioner,0
1hfi7u3,1,68,9.132352941176473,1.0,621.0,sysadmin,general_practitioner,0
1hfi5cm,1,9,2.0,2.0,18.0,sysadmin,general_practitioner,0
1hfkt8c,1,34,3.588235294117647,1.0,122.0,sysadmin,general_practitioner,0
1hfmmpb,1,127,15.401574803149606,1.0,1956.0,sysadmin,general_practitioner,0
1hfnfl9,2,37,10.432432432432432,2.0,386.0,sysadmin,general_practitioner,0
1hfnn76,1,1,2.0,2.0,2.0,sysadmin,general_practitioner,0
1hfpzrf,2,7,3.142857142857143,2.0,22.0,sysadmin,general_practitioner,0
1hft4fp,2,3,1.0,1.0,3.0,sysadmin,general_practitioner,0
1hfsjtg,1,5,23.4,12.0,117.0,sysadmin,general_practitioner,0
1hfy0zu,4,9,6.111111111111111,2.0,55.0,sysadmin,general_practitioner,0
1hgdw3q,1,13,7.076923076923077,4.0,92.0,sysadmin,general_practitioner,0
1hglvuf,2,9,3.6666666666666665,1.0,33.0,sysadmin,general_practitioner,0
1hgo3i4,1,2,1.0,1.0,2.0,sysadmin,general_practitioner,0
1hh2oz6,3,0,,,,sysadmin,general_practitioner,1
1hh37tx,1,45,2.8666666666666667,1.0,129.0,sysadmin,general_practitioner,0
1hh6mhq,1,707,7.1046676096181045,1.0,5023.0,sysadmin,general_practitioner,0
1hhc7l9,1,12,1.8333333333333333,1.0,22.0,sysadmin,general_practitioner,0
1hhku9a,2,48,2.958333333333333,1.0,142.0,sysadmin,general_practitioner,0
1hhogn0,1,3,2.0,2.0,6.0,sysadmin,general_practitioner,0
1hhv6m1,1,8,2.125,1.5,17.0,sysadmin,general_practitioner,0
1hhvcu7,1,33,5.393939393939394,1.0,178.0,sysadmin,general_practitioner,0
1hhz5v1,1,2,4.5,4.5,9.0,sysadmin,general_practitioner,0
1hig2ly,2,0,,,,sysadmin,general_practitioner,1
1hih0wl,3,170,8.4,1.0,1428.0,sysadmin,general_practitioner,0
1hiiw95,3,15,5.733333333333333,2.0,86.0,sysadmin,general_practitioner,0
1hilcx0,1,5,1.2,1.0,6.0,sysadmin,general_practitioner,0
1him07i,1,13,1.8461538461538465,1.0,24.0,sysadmin,general_practitioner,0
1hioxil,1,21,3.523809523809524,2.0,74.0,sysadmin,general_practitioner,0
1hiosmx,1,55,5.490909090909091,1.0,302.0,sysadmin,general_practitioner,0
1hixwvm,1,3,6.0,8.0,18.0,sysadmin,general_practitioner,0
1hjyh4g,1,28,4.035714285714286,2.0,113.0,sysadmin,general_practitioner,0
1hkb1a7,1,7,2.2857142857142856,2.0,16.0,sysadmin,general_practitioner,0
1hkptmw,1,13,1.6923076923076923,1.0,22.0,sysadmin,general_practitioner,0
1hkwh0k,1,8,4.0,2.5,32.0,sysadmin,general_practitioner,0
1hlckug,2,24,3.333333333333333,1.0,80.0,sysadmin,general_practitioner,0
1hno5cn,2,15,2.4,1.0,36.0,sysadmin,general_practitioner,0
1hoa9gp,1,48,20.45833333333333,3.0,982.0,sysadmin,general_practitioner,0
1hoi09i,1,114,6.324561403508772,1.0,721.0,sysadmin,general_practitioner,0
1hokuyl,1,61,6.672131147540983,1.0,407.0,sysadmin,general_practitioner,0
1hp5i3e,2,20,4.9,1.0,98.0,sysadmin,general_practitioner,0
1hq56m5,1,23,7.130434782608695,2.0,164.0,sysadmin,general_practitioner,0
1hrsf7a,3,16,4.9375,2.0,79.0,sysadmin,general_practitioner,0
1hsa8um,2,74,10.256756756756756,1.0,759.0,sysadmin,general_practitioner,0
1hsgtdh,1,2,5.0,5.0,10.0,sysadmin,general_practitioner,0
1hsriz4,1,72,8.847222222222221,1.0,637.0,sysadmin,general_practitioner,0
1hssw80,3,24,5.958333333333333,2.0,143.0,sysadmin,general_practitioner,0
1hsvqqz,2,7,5.571428571428571,2.0,39.0,sysadmin,general_practitioner,0
1hsvgoe,1,89,6.50561797752809,1.0,579.0,sysadmin,general_practitioner,0
1htdj9m,1,4,3.0,2.0,12.0,sysadmin,general_practitioner,0
1huvm9e,2,50,7.4,2.0,370.0,sysadmin,general_practitioner,0
1hv0sqx,1,101,3.742574257425743,1.0,378.0,sysadmin,general_practitioner,0
1hv7g5s,1,9,1.5555555555555556,1.0,14.0,sysadmin,general_practitioner,0
1hv79my,1,66,4.575757575757576,1.0,302.0,sysadmin,general_practitioner,0
1hv51kj,3,8,3.75,2.5,30.0,sysadmin,general_practitioner,0
1hv8cqa,2,24,2.583333333333333,1.0,62.0,sysadmin,general_practitioner,0
1hve7zm,1,34,7.0,1.0,238.0,sysadmin,general_practitioner,0
1hvouie,1,4,2.5,2.0,10.0,sysadmin,general_practitioner,0
1hvpkou,2,29,5.551724137931035,1.0,161.0,sysadmin,general_practitioner,0
1hvtabf,1,66,8.909090909090908,1.5,588.0,sysadmin,general_practitioner,0
1hvtjeg,1,1,1.0,1.0,1.0,sysadmin,general_practitioner,0
1hvxuwz,1,3,3.0,3.0,9.0,sysadmin,general_practitioner,0
1hw5y43,1,51,8.588235294117647,2.0,438.0,sysadmin,general_practitioner,0
1hw4ie1,1,26,5.115384615384615,1.0,133.0,sysadmin,general_practitioner,0
1hwkkkj,2,5,2.4,2.0,12.0,sysadmin,general_practitioner,0
1hwlhvk,1,50,6.18,2.0,309.0,sysadmin,general_practitioner,0
1hwmmj0,2,17,3.882352941176471,2.0,66.0,sysadmin,general_practitioner,0
1hxay0m,2,1,2.0,2.0,2.0,sysadmin,general_practitioner,0
1hxcuw6,1,11,2.909090909090909,2.0,32.0,sysadmin,general_practitioner,0
1hxfccm,1,5,7.4,2.0,37.0,sysadmin,general_practitioner,0
1hxfnhb,1,33,5.303030303030303,1.0,175.0,sysadmin,general_practitioner,0
1hxh7db,1,5,2.8,3.0,14.0,sysadmin,general_practitioner,0
1hxjr03,1,6,1.0,1.5,6.0,sysadmin,general_practitioner,0
1hxnhi2,1,7,2.142857142857143,1.0,15.0,sysadmin,general_practitioner,0
1hxrrxi,1,32,5.375,1.0,172.0,sysadmin,general_practitioner,0
1hxwrob,1,17,3.941176470588236,1.0,67.0,sysadmin,general_practitioner,0
1hy8g47,1,3,2.0,2.0,6.0,sysadmin,general_practitioner,0
1hyb87h,3,80,5.475,1.0,438.0,sysadmin,general_practitioner,0
1hyeb07,1,0,,,,sysadmin,general_practitioner,1
1hyfhx9,1,4,2.0,1.0,8.0,sysadmin,general_practitioner,0
1hyijaq,2,4,4.25,4.0,17.0,sysadmin,general_practitioner,0
1hyil3q,2,54,6.944444444444445,2.0,375.0,sysadmin,general_practitioner,0
1hz0lns,1,9,4.111111111111111,2.0,37.0,sysadmin,general_practitioner,0
1hz5cog,1,100,6.45,2.0,645.0,sysadmin,general_practitioner,0
1hzbrjj,1,121,4.099173553719008,1.0,496.0,sysadmin,general_practitioner,0
1i07lhq,1,47,3.276595744680851,1.0,154.0,sysadmin,general_practitioner,0
1i0fbf6,3,5,4.0,2.0,20.0,sysadmin,general_practitioner,0
1i0i85v,1,222,8.157657657657658,1.0,1811.0,sysadmin,general_practitioner,0
1i0k041,1,3,3.0,2.0,9.0,sysadmin,general_practitioner,0
1i134wy,1,3,1.3333333333333333,1.0,4.0,sysadmin,general_practitioner,0
1i198dl,1,1,0.0,0.0,0.0,sysadmin,general_practitioner,0
1i1afoe,1,2,3.0,3.0,6.0,sysadmin,general_practitioner,0
1i1i2yy,2,0,,,,sysadmin,general_practitioner,1
1i1v6no,2,59,5.135593220338983,1.0,303.0,sysadmin,general_practitioner,0
1i2326g,2,28,9.714285714285714,3.0,272.0,sysadmin,general_practitioner,0
1i27ka5,1,19,38.68421052631579,10.0,735.0,sysadmin,general_practitioner,0
1i2bojc,1,17,6.941176470588236,3.0,118.0,sysadmin,general_practitioner,0
1i2folf,1,16,23.3125,4.0,373.0,sysadmin,general_practitioner,0
1i2g8iw,1,7,3.0,3.0,21.0,sysadmin,general_practitioner,0
1i2h6l1,2,3,1.0,1.0,3.0,sysadmin,general_practitioner,0
1i2qrck,1,31,3.193548387096774,1.0,99.0,sysadmin,general_practitioner,0
1i2wn6k,1,20,2.45,1.0,49.0,sysadmin,general_practitioner,0
1i3643i,1,2,1.0,1.0,2.0,sysadmin,general_practitioner,0
1i38f2u,2,89,22.719101123595507,2.0,2022.0,sysadmin,general_practitioner,0
1i3de2k,3,15,7.866666666666666,3.0,118.0,sysadmin,general_practitioner,0
1i3ivln,1,103,7.631067961165049,1.0,786.0,sysadmin,general_practitioner,0
1i3kiz4,2,2,1.5,1.5,3.0,sysadmin,general_practitioner,0
1i3mk92,2,4,2.5,2.0,10.0,sysadmin,general_practitioner,0
1i3sfe0,4,3,2.6666666666666665,2.0,8.0,sysadmin,general_practitioner,0
1i3qhqo,1,89,5.741573033707865,2.0,511.0,sysadmin,general_practitioner,0
1i4a2k2,1,5,1.4,1.0,7.0,sysadmin,general_practitioner,0
1i4b9th,2,52,5.326923076923077,1.0,277.0,sysadmin,general_practitioner,0
1i5ez9c,1,43,13.0,3.0,559.0,sysadmin,general_practitioner,0
1i5pfs8,1,3,2.0,2.0,6.0,sysadmin,general_practitioner,0
1i60vky,2,37,13.945945945945946,1.0,516.0,sysadmin,general_practitioner,0
1i6g14a,1,30,4.933333333333334,1.0,148.0,sysadmin,general_practitioner,0
1i6iw63,2,16,4.375,2.0,70.0,sysadmin,general_practitioner,0
1i6u4o6,1,2,1.0,1.0,2.0,sysadmin,general_practitioner,0
1i75q8t,1,18,5.0,1.0,90.0,sysadmin,general_practitioner,0
1i7b68q,1,41,3.2439024390243905,1.0,133.0,sysadmin,general_practitioner,0
1i7d4mw,2,4,2.5,2.5,10.0,sysadmin,general_practitioner,0
1i7ph50,1,4,1.25,1.0,5.0,sysadmin,general_practitioner,0
1i7vgbb,2,10,2.6,1.5,26.0,sysadmin,general_practitioner,0
1i8r832,1,2,1.0,1.0,2.0,sysadmin,general_practitioner,0
1i8pr2r,3,160,16.25625,1.0,2601.0,sysadmin,general_practitioner,0
1i8vfb4,1,6,6.5,2.0,39.0,sysadmin,general_practitioner,0
1i8whet,1,14,1.9285714285714288,1.0,27.0,sysadmin,general_practitioner,0
1i8ztad,1,2,1.5,1.5,3.0,sysadmin,general_practitioner,0
1i9c4vp,1,20,4.5,2.0,90.0,sysadmin,general_practitioner,0
1i9g8fs,3,20,19.3,7.0,386.0,sysadmin,general_practitioner,0
1i9fe89,1,10,2.7,1.0,27.0,sysadmin,general_practitioner,0
1ian605,4,1,1.0,1.0,1.0,sysadmin,general_practitioner,0
1ib0xif,3,13,3.615384615384616,1.0,47.0,sysadmin,general_practitioner,0
1ib0pta,2,64,11.3125,1.0,724.0,sysadmin,general_practitioner,0
1ibbjhc,3,59,11.59322033898305,1.0,684.0,sysadmin,general_practitioner,0
1ibeaen,1,9,2.6666666666666665,2.0,24.0,sysadmin,general_practitioner,0
1ibe4p4,2,8,15.875,6.0,127.0,sysadmin,general_practitioner,0
1ibmc1c,3,7,1.0,2.0,7.0,sysadmin,general_practitioner,0
1ibpc7l,1,29,6.241379310344827,2.0,181.0,sysadmin,general_practitioner,0
1ibujwn,1,232,6.827586206896552,1.0,1584.0,sysadmin,general_practitioner,0
1ic402k,1,8,3.0,2.5,24.0,sysadmin,general_practitioner,0
1ic5jrd,1,136,6.625,1.0,901.0,sysadmin,general_practitioner,0
1ica2ww,1,5,2.4,2.0,12.0,sysadmin,general_practitioner,0
1icb624,1,11,5.0,3.0,55.0,sysadmin,general_practitioner,0
1icvo2n,3,197,3.751269035532995,1.0,739.0,sysadmin,general_practitioner,0
1icz9u0,1,9,2.2222222222222223,1.0,20.0,sysadmin,general_practitioner,0
1ida0xb,1,6,1.0,1.0,6.0,sysadmin,general_practitioner,0
1idi05x,1,3,2.333333333333333,3.0,7.0,sysadmin,general_practitioner,0
1idm9ea,1,6,6.666666666666667,4.5,40.0,sysadmin,general_practitioner,0
1ie20b4,1,35,9.2,2.0,322.0,sysadmin,general_practitioner,0
1ie3eoq,2,2,1.5,1.5,3.0,sysadmin,general_practitioner,0
1ie4d1e,1,10,1.2,1.0,12.0,sysadmin,general_practitioner,0
1ie3iwz,2,2,2.0,2.0,4.0,sysadmin,general_practitioner,0
1ie8xiz,2,4,2.25,2.5,9.0,sysadmin,general_practitioner,0
1iee7ds,4,12,9.75,1.0,117.0,sysadmin,general_practitioner,0
1ifbx60,2,1,0.0,0.0,0.0,sysadmin,general_practitioner,0
1ifby21,2,55,4.672727272727273,1.0,257.0,sysadmin,general_practitioner,0
1ifq5ch,2,179,18.201117318435752,1.0,3258.0,sysadmin,general_practitioner,0
1ig9lqo,2,46,10.23913043478261,1.0,471.0,sysadmin,general_practitioner,0
1ig7h5r,1,3,8.333333333333334,8.0,25.0,sysadmin,general_practitioner,0
1igxbgu,1,3,2.333333333333333,3.0,7.0,sysadmin,general_practitioner,0
1igyvup,2,15,2.6,2.0,39.0,sysadmin,general_practitioner,0
1ih83t9,1,24,39.875,11.5,957.0,sysadmin,general_practitioner,0
1ihanyk,2,3,2.0,1.0,6.0,sysadmin,general_practitioner,0
1ihp77x,3,11,3.1818181818181817,2.0,35.0,sysadmin,general_practitioner,0
1ihqcu0,1,25,3.56,3.0,89.0,sysadmin,general_practitioner,0
1ihu652,2,3,1.3333333333333333,1.0,4.0,sysadmin,general_practitioner,0
1ihxrti,1,103,5.330097087378641,1.0,549.0,sysadmin,general_practitioner,0
1ihvjic,1,0,,,,sysadmin,general_practitioner,1
1ihujj8,2,1,1.0,1.0,1.0,sysadmin,general_practitioner,0
1ii9n6k,2,29,4.413793103448276,1.0,128.0,sysadmin,general_practitioner,0
1iiczml,1,0,,,,sysadmin,general_practitioner,1
1iifsvn,2,2,3.0,3.0,6.0,sysadmin,general_practitioner,0
1ij4fl9,2,4,1.25,1.0,5.0,sysadmin,general_practitioner,0
1ij53fo,1,2,1.0,1.0,2.0,sysadmin,general_practitioner,0
1ijj9xm,1,1,0.0,0.0,0.0,sysadmin,general_practitioner,0
1ijv2n0,2,44,12.272727272727272,2.0,540.0,sysadmin,general_practitioner,0
1ijzgva,2,3,3.6666666666666665,4.0,11.0,sysadmin,general_practitioner,0
1ijzrr6,1,18,9.833333333333334,3.0,177.0,sysadmin,general_practitioner,0
1ik2pcr,2,93,11.956989247311828,2.0,1112.0,sysadmin,general_practitioner,0
1ik2vdm,4,3,2.0,2.0,6.0,sysadmin,general_practitioner,0
1ik6g9i,1,5,4.8,3.0,24.0,sysadmin,general_practitioner,0
1ik7avg,1,2,1.0,1.0,2.0,sysadmin,general_practitioner,0
1ik970d,3,49,5.836734693877551,1.0,286.0,sysadmin,general_practitioner,0
1iklj0r,1,0,,,,sysadmin,general_practitioner,1
1ikhzlj,1,2,1.5,1.5,3.0,sysadmin,general_practitioner,0
1il4ebg,1,126,9.158730158730158,2.0,1154.0,sysadmin,general_practitioner,0
1ilmvjr,2,18,4.944444444444445,2.0,89.0,sysadmin,general_practitioner,0
1il0w5u,1,219,3.3378995433789957,1.0,731.0,sysadmin,general_practitioner,0
1imn8de,2,17,16.647058823529413,5.0,283.0,sysadmin,general_practitioner,0
1imtiea,1,0,,,,sysadmin,general_practitioner,1
1imwfb5,1,1,1.0,1.0,1.0,sysadmin,general_practitioner,0
1imz6o8,1,2,1.5,1.5,3.0,sysadmin,general_practitioner,0
1in0274,1,38,10.052631578947368,2.0,382.0,sysadmin,general_practitioner,0
1in18sa,1,8,2.875,2.0,23.0,sysadmin,general_practitioner,0
1in6g1n,1,2,2.0,2.0,4.0,sysadmin,general_practitioner,0
1in9sob,1,1,1.0,1.0,1.0,sysadmin,general_practitioner,0
1inegka,1,34,16.0,2.0,544.0,sysadmin,general_practitioner,0
1intehh,1,13,6.615384615384615,4.0,86.0,sysadmin,general_practitioner,0
1inv9no,2,19,1.4736842105263157,1.0,28.0,sysadmin,general_practitioner,0
1io6ny0,1,26,7.769230769230769,1.0,202.0,sysadmin,general_practitioner,0
1ioky6b,1,1,2.0,2.0,2.0,sysadmin,general_practitioner,0
1ionxlt,1,3,2.6666666666666665,2.0,8.0,sysadmin,general_practitioner,0
1iopfs3,2,7,2.571428571428572,2.0,18.0,sysadmin,general_practitioner,0
1iotwui,1,6,2.6666666666666665,2.5,16.0,sysadmin,general_practitioner,0
1ip0xk9,2,1,1.0,1.0,1.0,sysadmin,general_practitioner,0
1ip1xzu,1,6,1.6666666666666667,1.0,10.0,sysadmin,general_practitioner,0
1ip8ln1,2,19,3.3684210526315788,1.0,64.0,sysadmin,general_practitioner,0
1ipblnm,1,4,1.0,1.0,4.0,sysadmin,general_practitioner,0
1ipng3g,1,74,6.162162162162162,1.0,456.0,sysadmin,general_practitioner,0
1iq26gc,1,36,4.361111111111111,2.0,157.0,sysadmin,general_practitioner,0
1iqrnii,1,33,6.848484848484849,1.0,226.0,sysadmin,general_practitioner,0
1ir0gca,1,17,8.0,5.0,136.0,sysadmin,general_practitioner,0
1iqxnzr,1,5,5.0,3.0,25.0,sysadmin,general_practitioner,0
1ir1cvw,2,47,5.170212765957447,1.0,243.0,sysadmin,general_practitioner,0
1irj4l3,2,1,1.0,1.0,1.0,sysadmin,general_practitioner,0
1irjadl,1,214,4.476635514018692,1.0,958.0,sysadmin,general_practitioner,0
1irmroz,3,94,14.5,3.0,1363.0,sysadmin,general_practitioner,0
1irp7p6,1,54,7.055555555555555,2.0,381.0,sysadmin,general_practitioner,0
1irwgw1,2,89,6.719101123595506,1.0,598.0,sysadmin,general_practitioner,0
1isdxga,3,24,6.833333333333333,2.0,164.0,sysadmin,general_practitioner,0
1ise1y1,1,57,5.280701754385965,1.0,301.0,sysadmin,general_practitioner,0
1isk6o5,2,1,9.0,9.0,9.0,sysadmin,general_practitioner,0
1ismsxu,1,4,1.25,1.0,5.0,sysadmin,general_practitioner,0
1isns0g,1,434,5.193548387096774,1.0,2254.0,sysadmin,general_practitioner,0
1it8oae,1,2,1.0,1.0,2.0,sysadmin,general_practitioner,0
1it7z16,1,55,7.781818181818182,2.0,428.0,sysadmin,general_practitioner,0
1ita65h,2,2,4.0,4.0,8.0,sysadmin,general_practitioner,0
1itps5z,2,4,5.0,3.0,20.0,sysadmin,general_practitioner,0
1itqgwt,1,6,4.666666666666667,4.5,28.0,sysadmin,general_practitioner,0
1iu5u7t,1,2,2.5,2.5,5.0,sysadmin,general_practitioner,0
1iudnc6,1,5,9.6,4.0,48.0,sysadmin,general_practitioner,0
1iufvc9,2,55,13.363636363636363,2.0,735.0,sysadmin,general_practitioner,0
1iuq5o0,4,7,8.714285714285714,5.0,61.0,sysadmin,general_practitioner,0
1iuo9s5,1,16,2.5,1.0,40.0,sysadmin,general_practitioner,0
1iuqfwp,2,6,3.1666666666666665,2.5,19.0,sysadmin,general_practitioner,0
1iurck7,2,10,5.7,5.5,57.0,sysadmin,general_practitioner,0
1iutruu,3,6,2.333333333333333,1.5,14.0,sysadmin,general_practitioner,0
1iuzxcd,2,67,6.328358208955224,2.0,424.0,sysadmin,general_practitioner,0
1iv1zs1,1,58,9.551724137931034,2.0,554.0,sysadmin,general_practitioner,0
1iv4kp8,3,37,29.08108108108108,5.0,1076.0,sysadmin,general_practitioner,0
1iv81zk,1,10,6.3,3.0,63.0,sysadmin,general_practitioner,0
1ivtcfu,1,25,2.32,1.0,58.0,sysadmin,general_practitioner,0
1ivvnwi,1,38,6.815789473684211,2.0,259.0,sysadmin,general_practitioner,0
1iw3gkh,2,13,4.230769230769231,2.0,55.0,sysadmin,general_practitioner,0
1iw6aeh,2,15,3.733333333333333,1.0,56.0,sysadmin,general_practitioner,0
1iwwmat,2,67,13.164179104477611,1.0,882.0,sysadmin,general_practitioner,0
1ixmf0n,1,1,1.0,1.0,1.0,sysadmin,general_practitioner,0
1iyav5m,3,15,7.4,3.0,111.0,sysadmin,general_practitioner,0
1iyeil5,1,1,1.0,1.0,1.0,sysadmin,general_practitioner,0
1iykhsd,1,9,4.888888888888889,1.0,44.0,sysadmin,general_practitioner,0
1iyko1b,3,2,1.5,1.5,3.0,sysadmin,general_practitioner,0
1iz3l9f,1,61,9.770491803278688,2.0,596.0,sysadmin,general_practitioner,0
1izc9x1,2,29,8.10344827586207,3.0,235.0,sysadmin,general_practitioner,0
1izetwa,1,6,1.6666666666666667,1.5,10.0,sysadmin,general_practitioner,0
1izja87,1,11,2.5454545454545454,1.0,28.0,sysadmin,general_practitioner,0
1izoal0,2,101,6.930693069306931,1.0,700.0,sysadmin,general_practitioner,0
1j046ht,1,28,3.928571428571429,1.5,110.0,sysadmin,general_practitioner,0
1j048df,2,173,4.063583815028902,1.0,703.0,sysadmin,general_practitioner,0
1j0a268,3,17,8.705882352941176,4.0,148.0,sysadmin,general_practitioner,0
1j0bg9l,2,3,7.333333333333333,3.0,22.0,sysadmin,general_practitioner,0
1j0bukz,2,14,3.2857142857142856,2.0,46.0,sysadmin,general_practitioner,0
1j0djxb,2,9,6.333333333333333,4.0,57.0,sysadmin,general_practitioner,0
1j0cknc,1,3,3.0,2.0,9.0,sysadmin,general_practitioner,0
1j0dq7z,2,22,3.954545454545455,2.5,87.0,sysadmin,general_practitioner,0
1j0dvgu,2,17,6.529411764705882,3.0,111.0,sysadmin,general_practitioner,0
1j0fa8k,1,4,1.75,1.5,7.0,sysadmin,general_practitioner,0
1j0gkdb,1,22,5.636363636363637,2.0,124.0,sysadmin,general_practitioner,0
1j15lvt,1,14,4.928571428571429,2.0,69.0,sysadmin,general_practitioner,0
1j1bj9l,2,4,2.0,1.0,8.0,sysadmin,general_practitioner,0
1j1plm1,1,14,3.571428571428572,2.5,50.0,sysadmin,general_practitioner,0
1j1r5dq,1,34,10.382352941176473,2.0,353.0,sysadmin,general_practitioner,0
1j2ets8,1,17,16.647058823529413,4.0,283.0,sysadmin,general_practitioner,0
1j2kdkf,2,1,3.0,3.0,3.0,sysadmin,general_practitioner,0
1j2kj3w,1,4,3.0,2.5,12.0,sysadmin,general_practitioner,0
1j2l1dt,1,41,17.121951219512194,2.0,702.0,sysadmin,general_practitioner,0
1j2m10e,1,2,1.0,1.0,2.0,sysadmin,general_practitioner,0
1j2y0pk,1,4,1.25,1.0,5.0,sysadmin,general_practitioner,0
1j368hw,1,5,2.4,2.0,12.0,sysadmin,general_practitioner,0
1j3lbgj,1,21,6.190476190476191,2.0,130.0,sysadmin,general_practitioner,0
1j3mwha,1,3,1.0,1.0,3.0,sysadmin,general_practitioner,0
1j3z8c9,1,3,1.0,1.0,3.0,sysadmin,general_practitioner,0
1j4audi,2,10,4.6,1.5,46.0,sysadmin,general_practitioner,0
1j4asuo,1,73,11.95890410958904,1.0,873.0,sysadmin,general_practitioner,0
1j4km3o,2,52,6.461538461538462,2.0,336.0,sysadmin,general_practitioner,0
1j4t6on,1,1,3.0,3.0,3.0,sysadmin,general_practitioner,0
1j53vbi,1,4,1.25,1.0,5.0,sysadmin,general_practitioner,0
1j5c3dc,3,6,4.0,3.5,24.0,sysadmin,general_practitioner,0
1j5q2be,1,113,7.814159292035399,1.0,883.0,sysadmin,general_practitioner,0
1j5yo2r,1,3,1.6666666666666667,2.0,5.0,sysadmin,general_practitioner,0
1j5ybum,2,137,14.430656934306567,2.0,1977.0,sysadmin,general_practitioner,0
1j7flfa,2,37,19.945945945945947,4.0,738.0,sysadmin,general_practitioner,0
1j87sd2,2,8,2.875,1.0,23.0,sysadmin,general_practitioner,0
1j89vwy,2,8,2.75,2.0,22.0,sysadmin,general_practitioner,0
1j8lgx7,3,10,3.4,3.0,34.0,sysadmin,general_practitioner,0
1j8rrtd,1,24,3.1666666666666665,1.0,76.0,sysadmin,general_practitioner,0
1j92exb,1,8,3.125,3.0,25.0,sysadmin,general_practitioner,0
1j9fxi5,1,29,5.793103448275862,1.0,168.0,sysadmin,general_practitioner,0
1j9ksk5,2,54,8.462962962962964,3.0,457.0,sysadmin,general_practitioner,0
1j9lya5,1,8,2.875,2.0,23.0,sysadmin,general_practitioner,0
1j9mg5v,1,5,1.6,1.0,8.0,sysadmin,general_practitioner,0
1j9nxgq,1,0,,,,sysadmin,general_practitioner,1
1j9r2j1,2,2,2.0,2.0,4.0,sysadmin,general_practitioner,0
1j9rue8,1,1,2.0,2.0,2.0,sysadmin,general_practitioner,0
1j9udy4,2,91,7.615384615384615,1.0,693.0,sysadmin,general_practitioner,0
1j9xa31,3,5,2.4,2.0,12.0,sysadmin,general_practitioner,0
1j9ygdz,1,26,8.73076923076923,3.0,227.0,sysadmin,general_practitioner,0
1j9znf6,2,2,1.0,1.0,2.0,sysadmin,general_practitioner,0
1ja4k6f,3,9,4.444444444444445,2.0,40.0,sysadmin,general_practitioner,0
1jam4je,2,19,8.526315789473685,2.0,162.0,sysadmin,general_practitioner,0
1jane1s,1,28,3.25,2.0,91.0,sysadmin,general_practitioner,0
1jb3j2v,1,67,3.701492537313433,1.0,248.0,sysadmin,general_practitioner,0
1jbeedo,2,5,2.0,2.0,10.0,sysadmin,general_practitioner,0
1jbsujl,1,1,2.0,2.0,2.0,sysadmin,general_practitioner,0
1jcfm0o,2,43,4.813953488372093,2.0,207.0,sysadmin,general_practitioner,0
1jcju2w,1,28,22.428571428571427,5.0,628.0,sysadmin,general_practitioner,0
1jczay9,1,18,11.77777777777778,1.0,212.0,sysadmin,general_practitioner,0
1jd2mx0,2,8,1.875,2.0,15.0,sysadmin,general_practitioner,0
1jd783r,1,26,8.26923076923077,6.0,215.0,sysadmin,general_practitioner,0
1jd869h,2,173,3.346820809248555,1.0,579.0,sysadmin,general_practitioner,0
1jd8rq6,2,15,10.866666666666667,3.0,163.0,sysadmin,general_practitioner,0
1jdc8tv,2,499,7.008016032064128,1.0,3497.0,sysadmin,general_practitioner,0
1jdme8f,1,15,4.666666666666667,2.0,70.0,sysadmin,general_practitioner,0
1jdqw9o,3,165,10.745454545454546,1.0,1773.0,sysadmin,general_practitioner,0
1jdxsfy,4,189,10.470899470899472,1.0,1979.0,sysadmin,general_practitioner,0
1je0jzc,1,3,1.0,1.0,3.0,sysadmin,general_practitioner,0
1je3s7b,1,2,3.0,3.0,6.0,sysadmin,general_practitioner,0
1jederd,2,12,7.75,2.0,93.0,sysadmin,general_practitioner,0
1jedfrr,1,3,1.3333333333333333,1.0,4.0,sysadmin,general_practitioner,0
1jeh7zy,1,25,6.0,2.0,150.0,sysadmin,general_practitioner,0
1jf2mrv,1,5,2.4,2.0,12.0,sysadmin,general_practitioner,0
1jf7t9i,1,27,7.444444444444445,2.0,201.0,sysadmin,general_practitioner,0
1jf90du,3,25,2.32,1.0,58.0,sysadmin,general_practitioner,0
1jf9f2p,1,17,20.705882352941178,4.0,352.0,sysadmin,general_practitioner,0
1jfkpad,1,4,7.25,4.0,29.0,sysadmin,general_practitioner,0
1jfdhh5,3,7,5.857142857142857,5.0,41.0,sysadmin,general_practitioner,0
1jfmhi3,2,34,15.441176470588236,1.0,525.0,sysadmin,general_practitioner,0
1jfozo0,1,114,5.5701754385964914,1.0,635.0,sysadmin,general_practitioner,0
1jfqrda,1,2,4.5,4.5,9.0,sysadmin,general_practitioner,0
1jfumvw,1,186,12.731182795698924,2.0,2368.0,sysadmin,general_practitioner,0
1jfxen0,1,4,1.75,2.0,7.0,sysadmin,general_practitioner,0
1jg0tvx,1,286,7.573426573426573,1.0,2166.0,sysadmin,general_practitioner,0
1jfzh1w,1,29,5.620689655172414,2.0,163.0,sysadmin,general_practitioner,0
1jg4haq,1,20,19.35,5.0,387.0,sysadmin,general_practitioner,0
1jgw3ab,1,2,1.5,1.5,3.0,sysadmin,general_practitioner,0
1jgug0n,1,40,7.125,2.0,285.0,sysadmin,general_practitioner,0
1jh9v4w,1,25,4.4,2.0,110.0,sysadmin,general_practitioner,0
1ji8zi1,3,21,4.857142857142857,3.0,102.0,sysadmin,general_practitioner,0
1jinqlz,1,58,8.913793103448276,2.0,517.0,sysadmin,general_practitioner,0
1jim6zz,2,116,6.905172413793103,1.0,801.0,sysadmin,general_practitioner,0
1jiqzit,2,13,2.5384615384615383,2.0,33.0,sysadmin,general_practitioner,0
1jit24e,3,1,1.0,1.0,1.0,sysadmin,general_practitioner,0
1jiza0r,4,65,17.2,1.0,1118.0,sysadmin,general_practitioner,0
1jjaczt,1,0,,,,sysadmin,general_practitioner,1
1jjlxle,1,3,1.3333333333333333,1.0,4.0,sysadmin,general_practitioner,0
1jjsmvo,2,4,2.0,1.0,8.0,sysadmin,general_practitioner,0
1jk8ub5,2,9,2.333333333333333,1.0,21.0,sysadmin,general_practitioner,0
1jk93z6,4,3,5.333333333333333,3.0,16.0,sysadmin,general_practitioner,0
1jk992i,1,0,,,,sysadmin,general_practitioner,1
1jkedco,1,173,8.15028901734104,1.0,1410.0,sysadmin,general_practitioner,0
1jkkc8p,1,43,13.767441860465116,1.0,592.0,sysadmin,general_practitioner,0
1jkmyxi,2,54,15.685185185185183,2.0,847.0,sysadmin,general_practitioner,0
1jl224b,1,11,2.4545454545454546,2.0,27.0,sysadmin,general_practitioner,0
1jl4m52,3,4,1.25,1.0,5.0,sysadmin,general_practitioner,0
1jl88hk,1,4,10.0,7.0,40.0,sysadmin,general_practitioner,0
1jl9if2,1,1,22.0,22.0,22.0,sysadmin,general_practitioner,0
1jla35q,1,180,21.927777777777777,1.0,3947.0,sysadmin,general_practitioner,0
1jldnow,1,0,,,,sysadmin,general_practitioner,1
1jm2ire,2,161,9.124223602484472,2.0,1469.0,sysadmin,general_practitioner,0
1jm2vuk,1,1,1.0,1.0,1.0,sysadmin,general_practitioner,0
1jm5rx4,2,23,5.782608695652174,1.0,133.0,sysadmin,general_practitioner,0
1jmc4u0,4,11,1.5454545454545454,1.0,17.0,sysadmin,general_practitioner,0
1jnq20n,2,25,11.64,2.0,291.0,sysadmin,general_practitioner,0
1jnx4px,4,0,,,,sysadmin,general_practitioner,1
1jobzct,1,6,1.6666666666666667,1.0,10.0,sysadmin,general_practitioner,0
1jobaff,3,240,15.325,1.0,3678.0,sysadmin,general_practitioner,0
1joh86d,2,51,3.019607843137255,1.0,154.0,sysadmin,general_practitioner,0
1jombe0,1,25,22.08,2.0,552.0,sysadmin,general_practitioner,0
1joyun2,1,5,4.2,3.0,21.0,sysadmin,general_practitioner,0
1jp5s70,3,4,3.25,2.0,13.0,sysadmin,general_practitioner,0
1jp4eu5,4,126,10.825396825396826,1.0,1364.0,sysadmin,general_practitioner,0
1jpnljd,4,41,6.878048780487805,2.0,282.0,sysadmin,general_practitioner,0
1jppp6x,2,63,15.26984126984127,2.0,962.0,sysadmin,general_practitioner,0
1jps17q,1,67,5.880597014925373,1.0,394.0,sysadmin,general_practitioner,0
1jpvwdt,2,176,5.886363636363637,1.0,1036.0,sysadmin,general_practitioner,0
1jpzdnu,3,1,1.0,1.0,1.0,sysadmin,general_practitioner,0
1jq3p9o,1,15,7.2,1.0,108.0,sysadmin,general_practitioner,0
1jqcadb,1,6,12.0,10.5,72.0,sysadmin,general_practitioner,0
1jqrpdu,1,95,4.726315789473684,1.0,449.0,sysadmin,general_practitioner,0
1jqtzp1,1,7,2.0,1.0,14.0,sysadmin,general_practitioner,0
1jqusap,3,10,1.7,1.0,17.0,sysadmin,general_practitioner,0
1jqyrdw,1,22,12.409090909090908,3.5,273.0,sysadmin,general_practitioner,0
1jr4k06,1,29,4.275862068965517,1.0,124.0,sysadmin,general_practitioner,0
1jrb8wp,2,7,3.0,2.0,21.0,sysadmin,general_practitioner,0
1jreowh,2,3,2.0,2.0,6.0,sysadmin,general_practitioner,0
1jrka7n,1,5,1.8,2.0,9.0,sysadmin,general_practitioner,0
1jrv81d,1,4,1.75,1.5,7.0,sysadmin,general_practitioner,0
1jrzwf7,1,31,8.580645161290322,2.0,266.0,sysadmin,general_practitioner,0
1js8bed,1,18,7.0,2.5,126.0,sysadmin,general_practitioner,0
1jsoiwu,1,0,,,,sysadmin,general_practitioner,1
1jssqqk,1,1,1.0,1.0,1.0,sysadmin,general_practitioner,0
1jtj81f,1,6,3.333333333333333,3.0,20.0,sysadmin,general_practitioner,0
1jtqw7c,1,71,17.267605633802816,1.0,1226.0,sysadmin,general_practitioner,0
1jtse8z,2,125,29.336,3.0,3667.0,sysadmin,general_practitioner,0
1jtsn50,3,50,16.98,2.0,849.0,sysadmin,general_practitioner,0
1jtyrr9,3,12,6.666666666666667,3.5,80.0,sysadmin,general_practitioner,0
1jtyxgs,2,6,3.0,2.0,18.0,sysadmin,general_practitioner,0
1juevli,2,1,1.0,1.0,1.0,sysadmin,general_practitioner,0
1juglsu,2,13,3.8461538461538463,1.0,50.0,sysadmin,general_practitioner,0
1julg0u,2,14,2.7857142857142856,2.0,39.0,sysadmin,general_practitioner,0
1jumhzi,2,19,13.263157894736842,2.0,252.0,sysadmin,general_practitioner,0
1jup1e2,1,8,4.125,2.0,33.0,sysadmin,general_practitioner,0
1jup4e5,1,18,5.222222222222222,2.0,94.0,sysadmin,general_practitioner,0
1juxk0d,1,14,3.2142857142857144,2.0,45.0,sysadmin,general_practitioner,0
1jv15gy,1,5,4.2,3.0,21.0,sysadmin,general_practitioner,0
1jv28sf,1,23,15.08695652173913,3.0,347.0,sysadmin,general_practitioner,0
1jv2f9y,1,3,4.333333333333333,5.0,13.0,sysadmin,general_practitioner,0
1jv9lkq,1,3,3.333333333333333,2.0,10.0,sysadmin,general_practitioner,0
1jvmsrv,1,3,2.0,1.0,6.0,sysadmin,general_practitioner,0
1jvpuk8,2,8,2.25,1.5,18.0,sysadmin,general_practitioner,0
1jvmsni,1,3,2.0,2.0,6.0,sysadmin,general_practitioner,0
1jvtpub,3,336,5.931547619047619,1.0,1993.0,sysadmin,general_practitioner,0
1jvvdr2,3,17,7.0588235294117645,3.0,120.0,sysadmin,general_practitioner,0
1jvzw4u,1,1,7.0,7.0,7.0,sysadmin,general_practitioner,0
1jw0j72,2,20,6.9,3.0,138.0,sysadmin,general_practitioner,0
1jw1eqi,3,250,7.208,2.0,1802.0,sysadmin,general_practitioner,0
1jw2ss8,2,0,,,,sysadmin,general_practitioner,1
1jw8lrq,3,1,15.0,15.0,15.0,sysadmin,general_practitioner,0
1jw9sl6,1,2,1.5,1.5,3.0,sysadmin,general_practitioner,0
1jwe2cl,1,6,1.6666666666666667,1.0,10.0,sysadmin,general_practitioner,0
1jwc3ml,1,1,1.0,1.0,1.0,sysadmin,general_practitioner,0
1jweqa0,1,8,3.75,2.5,30.0,sysadmin,general_practitioner,0
1jwjwhp,1,2,1.5,1.5,3.0,sysadmin,general_practitioner,0
1jwknec,1,27,4.407407407407407,2.0,119.0,sysadmin,general_practitioner,0
1jwp3t7,1,303,8.726072607260726,1.0,2644.0,sysadmin,general_practitioner,0
1jx00g2,3,0,,,,sysadmin,general_practitioner,1
1jx0fqb,3,14,8.714285714285714,5.5,122.0,sysadmin,general_practitioner,0
1jx4adh,2,2,3.5,3.5,7.0,sysadmin,general_practitioner,0
1jx621z,3,9,9.11111111111111,3.0,82.0,sysadmin,general_practitioner,0
1jxoybu,2,18,10.61111111111111,2.0,191.0,sysadmin,general_practitioner,0
1jy65t6,1,49,6.959183673469388,2.0,341.0,sysadmin,general_practitioner,0
1jyl69k,1,9,4.777777777777778,2.0,43.0,sysadmin,general_practitioner,0
1jyq5jx,1,8,1.5,1.0,12.0,sysadmin,general_practitioner,0
1jz4aby,1,19,2.9473684210526314,1.0,56.0,sysadmin,general_practitioner,0
1jz52na,1,40,9.975,4.0,399.0,sysadmin,general_practitioner,0
1jz5opb,1,3,0.3333333333333333,0.0,1.0,sysadmin,general_practitioner,0
1jzphbi,2,1,6.0,6.0,6.0,sysadmin,general_practitioner,0
1jzx3rx,2,4,2.75,2.5,11.0,sysadmin,general_practitioner,0
1k02ou1,2,55,6.854545454545455,2.0,377.0,sysadmin,general_practitioner,0
1k08xl0,3,35,6.971428571428572,2.0,244.0,sysadmin,general_practitioner,0
1k0k18l,1,41,14.926829268292684,1.0,612.0,sysadmin,general_practitioner,0
1k0mf0t,1,70,8.942857142857143,3.0,626.0,sysadmin,general_practitioner,0
1k0nddo,1,1,1.0,1.0,1.0,sysadmin,general_practitioner,0
1k0xxf7,1,0,,,,sysadmin,general_practitioner,1
1k13as2,1,23,16.391304347826086,3.0,377.0,sysadmin,general_practitioner,0
1k108tg,1,3,4.666666666666667,3.0,14.0,sysadmin,general_practitioner,0
1k1e1vb,1,3,1.6666666666666667,1.0,5.0,sysadmin,general_practitioner,0
1k1mqf0,1,32,14.1875,2.0,454.0,sysadmin,general_practitioner,0
1k3mtj0,1,12,3.333333333333333,2.0,40.0,sysadmin,general_practitioner,0
1k442ub,2,20,2.9,2.0,58.0,sysadmin,general_practitioner,0
1k40gpu,4,32,6.15625,2.0,197.0,sysadmin,general_practitioner,0
1k4bnyk,1,12,4.083333333333333,1.5,49.0,sysadmin,general_practitioner,0
1k4eldh,2,24,6.625,2.5,159.0,sysadmin,general_practitioner,0
1k4iof8,1,6,5.0,2.5,30.0,sysadmin,general_practitioner,0
1k4m29i,1,35,8.857142857142858,1.0,310.0,sysadmin,general_practitioner,0
1k5ajhx,1,123,22.520325203252032,2.0,2770.0,sysadmin,general_practitioner,0
1k5e45u,1,6,6.0,5.0,36.0,sysadmin,general_practitioner,0
1k5janp,3,8,2.5,2.5,20.0,sysadmin,general_practitioner,0
1k5jfnz,2,32,15.4375,5.5,494.0,sysadmin,general_practitioner,0
1k5ogmp,1,8,6.125,4.0,49.0,sysadmin,general_practitioner,0
1k5pk71,4,11,2.909090909090909,2.0,32.0,sysadmin,general_practitioner,0
1k5rvao,1,3,1.6666666666666667,2.0,5.0,sysadmin,general_practitioner,0
1k5rauq,1,47,16.93617021276596,1.0,796.0,sysadmin,general_practitioner,0
1k60vaw,4,3,6.0,3.0,18.0,sysadmin,general_practitioner,0
1k67d1y,3,90,14.455555555555556,2.0,1301.0,sysadmin,general_practitioner,0
1k6d1uj,2,46,8.891304347826088,1.0,409.0,sysadmin,general_practitioner,0
1k6e7aw,2,30,4.5,1.0,135.0,sysadmin,general_practitioner,0
1k6f81y,1,4,2.75,1.5,11.0,sysadmin,general_practitioner,0
1k6dnkg,2,54,6.018518518518518,1.0,325.0,sysadmin,general_practitioner,0
1k6fzgj,1,29,5.206896551724138,2.0,151.0,sysadmin,general_practitioner,0
1k6r09b,1,136,9.742647058823527,1.0,1325.0,sysadmin,general_practitioner,0
1k6zovy,1,76,12.144736842105264,1.0,923.0,sysadmin,general_practitioner,0
1k7777d,1,1,2.0,2.0,2.0,sysadmin,general_practitioner,0
1k7iq82,1,3,1.0,1.0,3.0,sysadmin,general_practitioner,0
1k7mehb,1,6,4.0,2.5,24.0,sysadmin,general_practitioner,0
1k7ph1b,3,176,11.744318181818182,1.0,2067.0,sysadmin,general_practitioner,0
1k8hr7f,1,28,6.321428571428571,1.0,177.0,sysadmin,general_practitioner,0
1k93hq2,1,15,10.666666666666666,3.0,160.0,sysadmin,general_practitioner,0
1k9dhkf,2,84,12.11904761904762,2.0,1018.0,sysadmin,general_practitioner,0
1k9opcg,1,37,7.054054054054054,2.0,261.0,sysadmin,general_practitioner,0
1k9tzxp,3,38,6.552631578947368,1.5,249.0,sysadmin,general_practitioner,0
1ka1rf9,3,45,5.111111111111111,2.0,230.0,sysadmin,general_practitioner,0
1ka4opo,3,6,5.833333333333333,5.5,35.0,sysadmin,general_practitioner,0
1ka5h6d,3,1,2.0,2.0,2.0,sysadmin,general_practitioner,0
1kaaxc7,3,10,2.5,1.0,25.0,sysadmin,general_practitioner,0
1kaaif6,4,23,6.043478260869565,2.0,139.0,sysadmin,general_practitioner,0
1kae213,1,14,9.071428571428571,1.0,127.0,sysadmin,general_practitioner,0
1kajphn,2,5,2.6,1.0,13.0,sysadmin,general_practitioner,0
1kahdq9,4,47,13.76595744680851,2.0,647.0,sysadmin,general_practitioner,0
1kawklm,1,105,10.523809523809524,1.0,1105.0,sysadmin,general_practitioner,0
1kayvhi,1,4,1.0,1.0,4.0,sysadmin,general_practitioner,0
1kb04q5,3,41,4.024390243902439,2.0,165.0,sysadmin,general_practitioner,0
1kb4tsu,3,3,3.0,3.0,9.0,sysadmin,general_practitioner,0
1kbaqs6,2,4,1.5,1.5,6.0,sysadmin,general_practitioner,0
1kbbwj6,1,14,12.285714285714286,1.5,172.0,sysadmin,general_practitioner,0
1kbhnva,1,230,13.808695652173911,1.0,3176.0,sysadmin,general_practitioner,0
1kc02u4,3,5,4.6,2.0,23.0,sysadmin,general_practitioner,0
1kc30qw,1,6,2.0,2.0,12.0,sysadmin,general_practitioner,0
1kc5fh1,2,13,3.923076923076923,2.0,51.0,sysadmin,general_practitioner,0
1kcjgld,2,6,2.333333333333333,2.0,14.0,sysadmin,general_practitioner,0
1kcn336,2,21,13.80952380952381,2.0,290.0,sysadmin,general_practitioner,0
1kcoumr,3,3,1.0,1.0,3.0,sysadmin,general_practitioner,0
1kd2k9t,1,9,3.0,1.0,27.0,sysadmin,general_practitioner,0
1kd60l1,1,24,5.875,3.0,141.0,sysadmin,general_practitioner,0
1kd6hd2,3,29,5.275862068965517,1.0,153.0,sysadmin,general_practitioner,0
1kdc6mi,2,2,1.0,1.0,2.0,sysadmin,general_practitioner,0
1kdmyxm,2,2,4.0,4.0,8.0,sysadmin,general_practitioner,0
1kefrm5,3,27,6.851851851851852,2.0,185.0,sysadmin,general_practitioner,0
1kf74rr,2,45,4.844444444444444,1.0,218.0,sysadmin,general_practitioner,0
1kfcz3f,1,95,11.189473684210526,2.0,1063.0,sysadmin,general_practitioner,0
1kfakqc,1,199,11.98994974874372,2.0,2386.0,sysadmin,general_practitioner,0
1kfg4df,1,1,1.0,1.0,1.0,sysadmin,general_practitioner,0
1kfh0j0,2,9,2.555555555555556,1.0,23.0,sysadmin,general_practitioner,0
1kfooln,1,3,1.0,1.0,3.0,sysadmin,general_practitioner,0
1kfqco4,3,28,7.392857142857143,2.0,207.0,sysadmin,general_practitioner,0
1kfmcj2,1,20,11.7,3.0,234.0,sysadmin,general_practitioner,0
1kfsxmq,2,0,,,,sysadmin,general_practitioner,1
1kft0q4,2,9,10.88888888888889,3.0,98.0,sysadmin,general_practitioner,0
1kg3lte,2,97,18.65979381443299,2.0,1810.0,sysadmin,general_practitioner,0
1kgd9u8,2,7,4.0,1.0,28.0,sysadmin,general_practitioner,0
1kgggww,4,43,7.232558139534884,1.0,311.0,sysadmin,general_practitioner,0
1kgj3nn,3,10,6.1,2.0,61.0,sysadmin,general_practitioner,0
1kgool8,1,33,5.636363636363637,1.0,186.0,sysadmin,general_practitioner,0
1kgkfrp,1,3,1.6666666666666667,2.0,5.0,sysadmin,general_practitioner,0
1kgu0x1,2,26,7.346153846153846,1.0,191.0,sysadmin,general_practitioner,0
1kgwu0w,1,83,13.481927710843374,1.0,1119.0,sysadmin,general_practitioner,0
1kh0url,1,1,3.0,3.0,3.0,sysadmin,general_practitioner,0
1khdxt1,3,0,,,,sysadmin,general_practitioner,1
1khwsc3,2,7,3.2857142857142856,2.0,23.0,sysadmin,general_practitioner,0
1khyvt7,1,4,14.75,14.5,59.0,sysadmin,general_practitioner,0
1ki6x33,1,5,6.6,5.0,33.0,sysadmin,general_practitioner,0
1kid805,1,52,28.403846153846157,3.0,1477.0,sysadmin,general_practitioner,0
1kig0fp,2,26,5.230769230769231,2.0,136.0,sysadmin,general_practitioner,0
1kihhmx,1,299,5.62876254180602,1.0,1683.0,sysadmin,general_practitioner,0
1kijefb,1,4,2.0,2.0,8.0,sysadmin,general_practitioner,0
1kithim,1,18,16.944444444444443,3.5,305.0,sysadmin,general_practitioner,0
1kj6259,1,2,8.5,8.5,17.0,sysadmin,general_practitioner,0
1kjd9dp,1,38,4.026315789473684,1.0,153.0,sysadmin,general_practitioner,0
1kjigjc,2,138,11.043478260869565,1.0,1524.0,sysadmin,general_practitioner,0
1kjn61c,3,25,6.2,3.0,155.0,sysadmin,general_practitioner,0
1kk3kkn,3,56,7.303571428571429,2.0,409.0,sysadmin,general_practitioner,0
1kkhegm,1,9,4.777777777777778,3.0,43.0,sysadmin,general_practitioner,0
1kk3mlr,1,10,3.3,2.5,33.0,sysadmin,general_practitioner,0
1kkh1nv,1,5,2.6,3.0,13.0,sysadmin,general_practitioner,0
1klpguj,2,41,6.609756097560975,1.0,271.0,sysadmin,general_practitioner,0
1klwmmf,1,98,22.785714285714285,5.0,2233.0,sysadmin,general_practitioner,0
1klz4sw,3,57,12.228070175438596,1.0,697.0,sysadmin,general_practitioner,0
1kmdrkh,2,7,10.571428571428571,6.0,74.0,sysadmin,general_practitioner,0
1kmfn4n,1,3,5.0,5.0,15.0,sysadmin,general_practitioner,0
1kmhg56,1,34,22.029411764705884,2.0,749.0,sysadmin,general_practitioner,0
1kmlo45,1,38,10.657894736842104,1.0,405.0,sysadmin,general_practitioner,0
1kmqo75,3,2,3.0,3.0,6.0,sysadmin,general_practitioner,0
1knahmj,1,68,11.764705882352942,2.0,800.0,sysadmin,general_practitioner,0
1knbdkj,1,3,6.0,4.0,18.0,sysadmin,general_practitioner,0
1knc23q,1,2,2.5,2.5,5.0,sysadmin,general_practitioner,0
1knexsx,1,4,2.25,1.5,9.0,sysadmin,general_practitioner,0
1knhceg,1,8,4.0,3.0,32.0,sysadmin,general_practitioner,0
1kno59s,2,4,1.75,1.5,7.0,sysadmin,general_practitioner,0
1ko02bd,1,10,2.1,1.5,21.0,sysadmin,general_practitioner,0
1ko4fs2,1,25,10.32,2.0,258.0,sysadmin,general_practitioner,0
1ko7aj7,1,92,7.315217391304348,2.0,673.0,sysadmin,general_practitioner,0
1ko76zg,1,4,3.0,2.0,12.0,sysadmin,general_practitioner,0
1ko99xc,1,11,4.636363636363637,3.0,51.0,sysadmin,general_practitioner,0
1koacrf,1,11,3.727272727272727,3.0,41.0,sysadmin,general_practitioner,0
1komnmm,1,7,1.4285714285714286,2.0,10.0,sysadmin,general_practitioner,0
1kof55r,1,8,3.375,1.0,27.0,sysadmin,general_practitioner,0
1kpx5e5,1,15,8.2,3.0,123.0,sysadmin,general_practitioner,0
1kpqb7r,1,6,1.5,1.5,9.0,sysadmin,general_practitioner,0
1kq2215,1,36,10.11111111111111,2.0,364.0,sysadmin,general_practitioner,0
1kq8tdo,3,14,3.7857142857142856,1.0,53.0,sysadmin,general_practitioner,0
1kqi57g,2,2,2.5,2.5,5.0,sysadmin,general_practitioner,0
1kqmwpt,1,2,2.5,2.5,5.0,sysadmin,general_practitioner,0
1kqtv2n,2,69,3.9565217391304346,1.0,273.0,sysadmin,general_practitioner,0
1kr3t1p,1,189,5.64021164021164,2.0,1066.0,sysadmin,general_practitioner,0
1kr62as,1,19,7.157894736842105,2.0,136.0,sysadmin,general_practitioner,0
1kr89ns,1,153,2.92156862745098,1.0,447.0,sysadmin,general_practitioner,0
1krf7j6,1,15,3.8666666666666663,3.0,58.0,sysadmin,general_practitioner,0
1krkbzd,1,50,5.6,1.0,280.0,sysadmin,general_practitioner,0
1krqje0,2,44,22.318181818181817,2.0,982.0,sysadmin,general_practitioner,0
1krrm1h,2,14,4.071428571428571,1.5,57.0,sysadmin,general_practitioner,0
1ks62rp,1,3,2.6666666666666665,2.0,8.0,sysadmin,general_practitioner,0
1ks4wya,1,3,1.0,1.0,3.0,sysadmin,general_practitioner,0
1ks92ek,1,235,9.408510638297871,1.0,2211.0,sysadmin,general_practitioner,0
1ksau3n,3,20,17.4,3.5,348.0,sysadmin,general_practitioner,0
1kt9iam,1,3,1.3333333333333333,1.0,4.0,sysadmin,general_practitioner,0
1ktmyfq,1,6,5.333333333333333,1.5,32.0,sysadmin,general_practitioner,0
1kujywc,1,29,11.586206896551724,2.0,336.0,sysadmin,general_practitioner,0
1kv9juv,2,0,,,,sysadmin,general_practitioner,1
1kvbow2,1,10,3.0,2.0,30.0,sysadmin,general_practitioner,0
1kvfdsa,1,8,4.75,2.0,38.0,sysadmin,general_practitioner,0
1kvuzs8,4,22,7.227272727272727,1.0,159.0,sysadmin,general_practitioner,0
1kw1y5p,4,28,16.75,2.5,469.0,sysadmin,general_practitioner,0
1kw37xg,2,68,16.014705882352942,1.0,1089.0,sysadmin,general_practitioner,0
1kwdute,1,6,5.0,4.0,30.0,sysadmin,general_practitioner,0
1kwmf2m,1,29,7.689655172413793,2.0,223.0,sysadmin,general_practitioner,0
1kwp2gs,1,3,1.0,1.0,3.0,sysadmin,general_practitioner,0
1kwp4fl,1,33,2.4242424242424243,1.0,80.0,sysadmin,general_practitioner,0
1kws6yx,1,20,2.7,2.0,54.0,sysadmin,general_practitioner,0
1kwtavg,2,68,4.529411764705882,1.0,308.0,sysadmin,general_practitioner,0
1kwxlzf,1,5,1.6,1.0,8.0,sysadmin,general_practitioner,0
1kx27jm,3,8,1.125,1.0,9.0,sysadmin,general_practitioner,0
1kx4xsz,1,14,3.071428571428572,1.0,43.0,sysadmin,general_practitioner,0
1kx82tn,1,14,1.6428571428571428,1.0,23.0,sysadmin,general_practitioner,0
1kx7vj1,4,2,4.0,4.0,8.0,sysadmin,general_practitioner,0
1kxmpc2,4,42,7.047619047619048,2.0,296.0,sysadmin,general_practitioner,0
1kxmywp,1,36,13.22222222222222,1.0,476.0,sysadmin,general_practitioner,0
1kxpt21,1,3,17.0,6.0,51.0,sysadmin,general_practitioner,0
1kxuama,1,41,3.024390243902439,1.0,124.0,sysadmin,general_practitioner,0
1kxwt4p,1,78,8.371794871794872,1.0,653.0,sysadmin,general_practitioner,0
1kxyunp,1,9,1.1111111111111112,1.0,10.0,sysadmin,general_practitioner,0
1kxwjtn,1,6,6.333333333333333,6.5,38.0,sysadmin,general_practitioner,0
1kyd43v,1,0,,,,sysadmin,general_practitioner,1
1kydsex,3,3,2.0,2.0,6.0,sysadmin,general_practitioner,0
1kyk9vm,3,3,0.6666666666666666,1.0,2.0,sysadmin,general_practitioner,0
1kyl0ku,3,25,5.56,1.0,139.0,sysadmin,general_practitioner,0
1kyttmx,1,3,2.0,2.0,6.0,sysadmin,general_practitioner,0
1kzir1a,1,14,1.7857142857142858,1.0,25.0,sysadmin,general_practitioner,0
1kzcp3q,2,4,1.5,1.5,6.0,sysadmin,general_practitioner,0
1kzenf2,2,3,1.3333333333333333,1.0,4.0,sysadmin,general_practitioner,0
1kzypvo,1,91,18.153846153846157,2.0,1652.0,sysadmin,general_practitioner,0
1kzp2v9,1,47,6.23404255319149,1.0,293.0,sysadmin,general_practitioner,0
1l0st0i,1,10,3.4,1.0,34.0,sysadmin,general_practitioner,0
1l1oyzd,1,27,14.37037037037037,3.0,388.0,sysadmin,general_practitioner,0
1l1vr8v,2,7,2.571428571428572,2.0,18.0,sysadmin,general_practitioner,0
1l1yt8y,1,7,2.7142857142857144,3.0,19.0,sysadmin,general_practitioner,0
1l23ulc,2,18,4.666666666666667,1.5,84.0,sysadmin,general_practitioner,0
1l24a24,1,7,1.7142857142857142,2.0,12.0,sysadmin,general_practitioner,0
1l2jj91,2,15,2.6,2.0,39.0,sysadmin,general_practitioner,0
1l2st8j,1,5,1.2,1.0,6.0,sysadmin,general_practitioner,0
1l36qww,1,16,6.875,3.0,110.0,sysadmin,general_practitioner,0
1l3brv6,2,7,3.4285714285714284,2.0,24.0,sysadmin,general_practitioner,0
1l3e6t0,1,10,1.9,2.0,19.0,sysadmin,general_practitioner,0
1l3cw6t,2,4,1.0,1.0,4.0,sysadmin,general_practitioner,0
1l3hqk6,3,1,22.0,22.0,22.0,sysadmin,general_practitioner,0
1l3jif9,3,0,,,,sysadmin,general_practitioner,1
1l3o3xp,1,9,3.888888888888889,3.0,35.0,sysadmin,general_practitioner,0
1l3t4bm,2,11,8.545454545454545,2.0,94.0,sysadmin,general_practitioner,0
1l3tmnu,2,21,6.476190476190476,2.0,136.0,sysadmin,general_practitioner,0
1l3uzxv,1,2,1.0,1.0,2.0,sysadmin,general_practitioner,0
1l401y8,1,7,1.5714285714285714,1.0,11.0,sysadmin,general_practitioner,0
1l42bvj,2,4,5.5,6.0,22.0,sysadmin,general_practitioner,0
1l44n27,1,4,1.25,1.0,5.0,sysadmin,general_practitioner,0
1l4602r,3,13,5.615384615384615,2.0,73.0,sysadmin,general_practitioner,0
1l4dbsf,1,9,5.444444444444445,2.0,49.0,sysadmin,general_practitioner,0
1l4jmdy,1,17,2.176470588235294,1.0,37.0,sysadmin,general_practitioner,0
1l4jpc1,3,134,12.08955223880597,1.0,1620.0,sysadmin,general_practitioner,0
1l4qhdn,4,68,12.573529411764708,2.0,855.0,sysadmin,general_practitioner,0
1l4x22x,1,9,3.888888888888889,2.0,35.0,sysadmin,general_practitioner,0
1l548mf,1,2,1.0,1.0,2.0,sysadmin,general_practitioner,0
1l539bb,1,18,7.388888888888889,2.0,133.0,sysadmin,general_practitioner,0
1l59tt3,1,2,1.5,1.5,3.0,sysadmin,general_practitioner,0
1l55stg,2,33,6.909090909090909,2.0,228.0,sysadmin,general_practitioner,0
1l5esri,3,94,9.04255319148936,2.0,850.0,sysadmin,general_practitioner,0
1l5ai4q,1,13,8.384615384615385,1.0,109.0,sysadmin,general_practitioner,0
1l5dk8p,2,11,9.363636363636363,3.0,103.0,sysadmin,general_practitioner,0
1l5udzy,1,20,12.25,3.5,245.0,sysadmin,general_practitioner,0
1l68dx9,1,5,2.0,1.0,10.0,sysadmin,general_practitioner,0
1l6cfrh,4,96,6.1875,2.0,594.0,sysadmin,general_practitioner,0
1l6hgwv,1,6,2.1666666666666665,2.0,13.0,sysadmin,general_practitioner,0
1l6pduk,2,16,6.0,2.5,96.0,sysadmin,general_practitioner,0
1l77tms,1,78,9.038461538461538,2.0,705.0,sysadmin,general_practitioner,0
1l7f6c2,1,5,1.0,1.0,5.0,sysadmin,general_practitioner,0
1l7gea4,4,42,6.4523809523809526,2.0,271.0,sysadmin,general_practitioner,0
1l7momk,1,4,5.25,4.5,21.0,sysadmin,general_practitioner,0
1l8hkjy,1,5,1.4,1.0,7.0,sysadmin,general_practitioner,0
1l8hly3,1,0,,,,sysadmin,general_practitioner,1
1l8nivi,1,10,5.6,3.5,56.0,sysadmin,general_practitioner,0
1l8wgla,1,0,,,,sysadmin,general_practitioner,1
1l8vx76,1,39,5.6923076923076925,2.0,222.0,sysadmin,general_practitioner,0
1l97cra,3,9,2.333333333333333,2.0,21.0,sysadmin,general_practitioner,0
1l9qiag,3,5,3.0,3.0,15.0,sysadmin,general_practitioner,0
1l9qp73,1,17,3.176470588235294,1.0,54.0,sysadmin,general_practitioner,0
1la18fi,1,33,2.9696969696969697,1.0,98.0,sysadmin,general_practitioner,0
1la1wy9,1,66,7.606060606060606,1.0,502.0,sysadmin,general_practitioner,0
1lagtsw,1,295,3.979661016949152,1.0,1174.0,sysadmin,general_practitioner,0
1laqvx7,1,32,5.46875,2.0,175.0,sysadmin,general_practitioner,0
1laxxmc,3,26,7.923076923076923,1.5,206.0,sysadmin,general_practitioner,0
1lb51xf,1,3,1.0,1.0,3.0,sysadmin,general_practitioner,0
1lb687y,1,13,1.9230769230769231,1.0,25.0,sysadmin,general_practitioner,0
1lbbg41,1,2,1.0,1.0,2.0,sysadmin,general_practitioner,0
1lbm316,1,8,2.75,1.0,22.0,sysadmin,general_practitioner,0
1lbsw4c,2,25,2.96,1.0,74.0,sysadmin,general_practitioner,0
1lbwzcx,1,67,8.447761194029852,2.0,566.0,sysadmin,general_practitioner,0
1lc5ui7,2,5,2.4,2.0,12.0,sysadmin,general_practitioner,0
1lcoqba,1,33,9.818181818181818,3.0,324.0,sysadmin,general_practitioner,0
1lcu4h8,1,37,4.486486486486487,1.0,166.0,sysadmin,general_practitioner,0
1lcx8n3,2,12,5.833333333333333,3.0,70.0,sysadmin,general_practitioner,0
1ld2h42,2,8,3.5,2.5,28.0,sysadmin,general_practitioner,0
1ld834t,1,29,3.3448275862068964,1.0,97.0,sysadmin,general_practitioner,0
1ldi7md,2,119,9.655462184873947,1.0,1149.0,sysadmin,general_practitioner,0
1ldogpd,1,27,3.333333333333333,1.0,90.0,sysadmin,general_practitioner,0
1ldp297,1,35,20.428571428571427,2.0,715.0,sysadmin,general_practitioner,0
1ldu2uw,1,0,,,,sysadmin,general_practitioner,1
1le3zno,2,2,2.0,2.0,4.0,sysadmin,general_practitioner,0
1le46za,1,13,3.0,2.0,39.0,sysadmin,general_practitioner,0
1le3guy,2,81,10.716049382716047,2.0,868.0,sysadmin,general_practitioner,0
1lee914,3,2,1.0,1.0,2.0,sysadmin,general_practitioner,0
1lei40y,1,101,19.752475247524757,2.0,1995.0,sysadmin,general_practitioner,0
1lem3zc,1,10,7.4,3.5,74.0,sysadmin,general_practitioner,0
1lepfxr,3,26,2.769230769230769,1.0,72.0,sysadmin,general_practitioner,0
1ley7oo,1,8,2.875,1.5,23.0,sysadmin,general_practitioner,0
1lf4j2k,1,6,8.333333333333334,4.5,50.0,sysadmin,general_practitioner,0
1lg5fk8,1,2,1.0,1.0,2.0,sysadmin,general_practitioner,0
1lg6eg1,1,20,23.3,6.5,466.0,sysadmin,general_practitioner,0
1lgr4j8,1,3,3.6666666666666665,2.0,11.0,sysadmin,general_practitioner,0
1lh6b29,1,107,11.373831775700934,2.0,1217.0,sysadmin,general_practitioner,0
1lietnw,2,14,3.5,2.0,49.0,sysadmin,general_practitioner,0
1liol4d,1,10,1.5,1.0,15.0,sysadmin,general_practitioner,0
1linr33,2,5,1.4,1.0,7.0,sysadmin,general_practitioner,0
1lizyk6,2,0,,,,sysadmin,general_practitioner,1
1lja077,2,26,2.076923076923077,1.0,54.0,sysadmin,general_practitioner,0
1ljgkbx,2,18,6.833333333333333,2.0,123.0,sysadmin,general_practitioner,0
1ljrfu3,3,1,-1.0,-1.0,-1.0,sysadmin,general_practitioner,0
1lk7iuv,1,8,11.25,8.5,90.0,sysadmin,general_practitioner,0
1lke9cr,1,77,4.090909090909091,1.0,315.0,sysadmin,general_practitioner,0
1lksk8e,1,5,1.0,1.0,5.0,sysadmin,general_practitioner,0
1ll2lnr,1,37,6.54054054054054,1.0,242.0,sysadmin,general_practitioner,0
1llfu7y,1,23,7.521739130434782,2.0,173.0,sysadmin,general_practitioner,0
1llm8gu,1,2,5.5,5.5,11.0,sysadmin,general_practitioner,0
1llqs8k,1,228,3.68859649122807,1.0,841.0,sysadmin,general_practitioner,0
1llt3bs,1,7,10.714285714285714,7.0,75.0,sysadmin,general_practitioner,0
1llt1n3,2,23,7.217391304347826,3.0,166.0,sysadmin,general_practitioner,0
1ln2mp4,1,12,4.75,1.5,57.0,sysadmin,general_practitioner,0
1lnyq5u,2,76,9.644736842105264,2.0,733.0,sysadmin,general_practitioner,0
1lntz6p,1,22,3.4545454545454546,1.0,76.0,sysadmin,general_practitioner,0
1lo89k9,1,16,3.375,1.0,54.0,sysadmin,general_practitioner,0
1lo8z2s,3,25,3.8,2.0,95.0,sysadmin,general_practitioner,0
1lp2fbp,2,29,10.344827586206897,2.0,300.0,sysadmin,general_practitioner,0
1lp6w4d,1,40,6.825,2.5,273.0,sysadmin,general_practitioner,0
1lp92t1,1,94,12.851063829787234,1.0,1208.0,sysadmin,general_practitioner,0
1lpgmnq,2,20,16.85,1.5,337.0,sysadmin,general_practitioner,0
1lpwpt6,2,103,6.233009708737864,1.0,642.0,sysadmin,general_practitioner,0
1lpxb14,2,12,8.25,2.5,99.0,sysadmin,general_practitioner,0
1lq3d68,1,10,2.8,1.0,28.0,sysadmin,general_practitioner,0
1lqdb4e,2,20,5.6,2.5,112.0,sysadmin,general_practitioner,0
1lqlcwg,1,25,10.72,1.0,268.0,sysadmin,general_practitioner,0
1lqro5l,1,21,6.333333333333333,1.0,133.0,sysadmin,general_practitioner,0
1lqy8c4,2,0,,,,sysadmin,general_practitioner,1
1lt9p2m,1,11,3.909090909090909,2.0,43.0,sysadmin,general_practitioner,0
1ltpd4i,2,5,2.2,3.0,11.0,sysadmin,general_practitioner,0
1lu1gcl,1,3,1.6666666666666667,2.0,5.0,sysadmin,general_practitioner,0
1lv3ww6,1,0,,,,sysadmin,general_practitioner,1
1lvashz,1,11,5.2727272727272725,3.0,58.0,sysadmin,general_practitioner,0
1lvgn33,4,15,10.333333333333334,4.0,155.0,sysadmin,general_practitioner,0
1lvjgt3,1,6,1.6666666666666667,1.0,10.0,sysadmin,general_practitioner,0
1lvlt1a,3,58,14.20689655172414,2.0,824.0,sysadmin,general_practitioner,0
1lvn2z0,1,99,10.070707070707073,1.0,997.0,sysadmin,general_practitioner,0
1lvsthf,4,4,2.25,2.0,9.0,sysadmin,general_practitioner,0
1lvxfy8,1,26,3.730769230769231,2.0,97.0,sysadmin,general_practitioner,0
1lw81et,1,42,3.2142857142857144,1.0,135.0,sysadmin,general_practitioner,0
1lwmnwi,1,21,2.523809523809524,1.0,53.0,sysadmin,general_practitioner,0
1lwk74d,3,4,2.25,2.0,9.0,sysadmin,general_practitioner,0
1lwz2ci,1,7,1.7142857142857142,1.0,12.0,sysadmin,general_practitioner,0
1lx4fx1,1,25,9.36,3.0,234.0,sysadmin,general_practitioner,0
1lxcmoo,1,2,1.0,1.0,2.0,sysadmin,general_practitioner,0
1lxc11c,1,13,7.230769230769231,2.0,94.0,sysadmin,general_practitioner,0
1lxupcf,4,2,2.0,2.0,4.0,sysadmin,general_practitioner,0
1ly99ml,1,97,16.34020618556701,2.0,1585.0,sysadmin,general_practitioner,0
1lyfgvf,1,15,4.733333333333333,4.0,71.0,sysadmin,general_practitioner,0
1lzn9hc,2,19,4.947368421052632,2.0,94.0,sysadmin,general_practitioner,0
1lztvc8,1,8,6.375,2.5,51.0,sysadmin,general_practitioner,0
1lzu8k1,4,7,10.571428571428571,8.0,74.0,sysadmin,general_practitioner,0
1lzwh5v,1,6,3.8333333333333335,2.5,23.0,sysadmin,general_practitioner,0
1lzxj59,2,6,5.333333333333333,2.5,32.0,sysadmin,general_practitioner,0
1m0gbex,1,7,3.4285714285714284,2.0,24.0,sysadmin,general_practitioner,0
1m0el30,1,47,2.4468085106382977,1.0,115.0,sysadmin,general_practitioner,0
1m0ui21,1,2,1.0,1.0,2.0,sysadmin,general_practitioner,0
1m0x3ao,1,12,5.416666666666667,2.5,65.0,sysadmin,general_practitioner,0
1m0zmcc,1,15,4.733333333333333,2.0,71.0,sysadmin,general_practitioner,0
1m1gtfu,1,20,3.45,2.0,69.0,sysadmin,general_practitioner,0
1m1ijsy,1,2,3.0,3.0,6.0,sysadmin,general_practitioner,0
1m1ird6,2,2,1.0,1.0,2.0,sysadmin,general_practitioner,0
1m1omi6,3,94,14.180851063829786,1.0,1333.0,sysadmin,general_practitioner,0
1m1lont,3,24,2.625,2.0,63.0,sysadmin,general_practitioner,0
1m1pctu,3,2,1.0,1.0,2.0,sysadmin,general_practitioner,0
1m1xyb8,2,20,9.05,4.5,181.0,sysadmin,general_practitioner,0
1m22uej,2,3,3.0,3.0,9.0,sysadmin,general_practitioner,0
1m24dsk,3,15,14.333333333333334,5.0,215.0,sysadmin,general_practitioner,0
1m2iyfe,1,7,2.0,1.0,14.0,sysadmin,general_practitioner,0
1m2ifpi,1,21,15.476190476190476,10.0,325.0,sysadmin,general_practitioner,0
1m2j73u,2,2,1.0,1.0,2.0,sysadmin,general_practitioner,0
1m2ngem,1,8,3.625,2.0,29.0,sysadmin,general_practitioner,0
1m2mg43,1,30,7.233333333333333,1.0,217.0,sysadmin,general_practitioner,0
1m2wlu6,3,0,,,,sysadmin,general_practitioner,1
1m3npkd,1,4,8.5,3.5,34.0,sysadmin,general_practitioner,0
1m3x6cj,1,6,2.5,2.5,15.0,sysadmin,general_practitioner,0
1m4fdis,1,1,11.0,11.0,11.0,sysadmin,general_practitioner,0
1m4hpss,2,55,19.345454545454544,1.0,1064.0,sysadmin,general_practitioner,0
1m5jg93,2,18,23.5,3.0,423.0,sysadmin,general_practitioner,0
1m5rtye,2,16,8.25,2.0,132.0,sysadmin,general_practitioner,0
1m66ywu,1,120,7.5,1.0,900.0,sysadmin,general_practitioner,0
1m6a6u0,1,20,3.45,2.0,69.0,sysadmin,general_practitioner,0
1m6nhfq,3,14,21.928571428571427,6.5,307.0,sysadmin,general_practitioner,0
1m6rbbn,1,81,7.753086419753086,2.0,628.0,sysadmin,general_practitioner,0
1m6wqn2,1,15,2.8,2.0,42.0,sysadmin,general_practitioner,0
1m6xuf0,2,14,8.857142857142858,2.0,124.0,sysadmin,general_practitioner,0
1m73ppy,2,1,4.0,4.0,4.0,sysadmin,general_practitioner,0
1m741t6,1,0,,,,sysadmin,general_practitioner,1
1m7e6lt,3,11,7.181818181818182,3.0,79.0,sysadmin,general_practitioner,0
1m7cg21,1,48,12.5,1.5,600.0,sysadmin,general_practitioner,0
1m7fk20,1,17,20.764705882352946,7.0,353.0,sysadmin,general_practitioner,0
1m7nruz,2,29,8.03448275862069,2.0,233.0,sysadmin,general_practitioner,0
1m7oeof,2,62,20.35483870967742,2.0,1262.0,sysadmin,general_practitioner,0
1m85yin,1,79,13.91139240506329,1.0,1099.0,sysadmin,general_practitioner,0
1m8idga,1,255,9.745098039215684,1.0,2485.0,sysadmin,general_practitioner,0
1m8lyiu,1,51,11.411764705882351,2.0,582.0,sysadmin,general_practitioner,0
1m8xdwe,2,6,1.5,1.0,9.0,sysadmin,general_practitioner,0
1m9154k,2,23,15.565217391304348,3.0,358.0,sysadmin,general_practitioner,0
1ma29iv,1,80,6.025,1.0,482.0,sysadmin,general_practitioner,0
1ma8wn4,1,9,1.3333333333333333,1.0,12.0,sysadmin,general_practitioner,0
1maul5f,4,13,1.6153846153846154,1.0,21.0,sysadmin,general_practitioner,0
1mawvkg,2,74,14.067567567567568,2.0,1041.0,sysadmin,general_practitioner,0
1max1h3,1,40,9.15,3.0,366.0,sysadmin,general_practitioner,0
1mb487a,1,6,3.333333333333333,2.0,20.0,sysadmin,general_practitioner,0
1mazrds,2,10,4.4,2.0,44.0,sysadmin,general_practitioner,0
1mbjzg7,1,96,13.166666666666666,2.0,1264.0,sysadmin,general_practitioner,0
1mc0o81,1,16,10.25,3.5,164.0,sysadmin,general_practitioner,0
1mcl1ek,1,64,13.96875,1.0,894.0,sysadmin,general_practitioner,0
1mch2mu,1,0,,,,sysadmin,general_practitioner,1
1mclrow,1,4,1.75,2.0,7.0,sysadmin,general_practitioner,0
1mcow8g,2,4,7.5,8.0,30.0,sysadmin,general_practitioner,0
1mcz2yb,2,4,1.5,1.5,6.0,sysadmin,general_practitioner,0
1mdgdxo,1,20,6.25,1.5,125.0,sysadmin,general_practitioner,0
1mdg6zn,2,4,3.75,3.0,15.0,sysadmin,general_practitioner,0
1mdmqid,1,18,5.222222222222222,3.5,94.0,sysadmin,general_practitioner,0
1mdrrrz,1,10,1.1,1.0,11.0,sysadmin,general_practitioner,0
1mdrl14,3,21,7.666666666666667,3.0,161.0,sysadmin,general_practitioner,0
1me20q0,1,83,2.4939759036144578,1.0,207.0,sysadmin,general_practitioner,0
1me3xub,1,3,1.6666666666666667,2.0,5.0,sysadmin,general_practitioner,0
1me841y,1,3,-3.6666666666666665,2.0,-11.0,sysadmin,general_practitioner,0
1medrmv,3,3,2.0,2.0,6.0,sysadmin,general_practitioner,0
1mexxpv,2,119,25.327731092436974,2.0,3014.0,sysadmin,general_practitioner,0
1mfix37,3,2,2.5,2.5,5.0,sysadmin,general_practitioner,0
1mfm1ff,1,139,7.841726618705036,2.0,1090.0,sysadmin,general_practitioner,0
1mfs8hi,1,50,9.62,2.0,481.0,sysadmin,general_practitioner,0
1mgksnu,4,16,2.6875,1.0,43.0,sysadmin,general_practitioner,0
1mhonek,3,2,1.5,1.5,3.0,sysadmin,general_practitioner,0
1mhngje,1,25,7.88,1.0,197.0,sysadmin,general_practitioner,0
1mhj2d9,1,7,5.714285714285714,2.0,40.0,sysadmin,general_practitioner,0
1mhwrmr,3,9,2.888888888888889,1.0,26.0,sysadmin,general_practitioner,0
1mi583x,1,16,4.125,2.0,66.0,sysadmin,general_practitioner,0
1mi5xad,2,20,3.65,1.0,73.0,sysadmin,general_practitioner,0
1mic8y7,1,34,1.8235294117647056,1.0,62.0,sysadmin,general_practitioner,0
1mi9mur,2,68,12.632352941176473,1.0,859.0,sysadmin,general_practitioner,0
1mi9g7d,1,2,-5.0,-5.0,-10.0,sysadmin,general_practitioner,0
1micneb,2,5,30.8,7.0,154.0,sysadmin,general_practitioner,0
1mih39w,4,67,34.16417910447761,2.0,2289.0,sysadmin,general_practitioner,0
1mj3qub,1,154,6.422077922077922,1.0,989.0,sysadmin,general_practitioner,0
1mjd3af,1,146,10.376712328767123,1.0,1515.0,sysadmin,general_practitioner,0
1mjlvca,1,21,5.476190476190476,2.0,115.0,sysadmin,general_practitioner,0
1mjqwzc,3,6,3.6666666666666665,1.5,22.0,sysadmin,general_practitioner,0
1mk2ni4,3,1,1.0,1.0,1.0,sysadmin,general_practitioner,0
1mk8m03,1,5,3.8,3.0,19.0,sysadmin,general_practitioner,0
1mkg8uo,1,73,8.876712328767123,1.0,648.0,sysadmin,general_practitioner,0
1mkh86t,1,63,19.285714285714285,2.0,1215.0,sysadmin,general_practitioner,0
1mkz9tv,1,110,10.245454545454546,1.0,1127.0,sysadmin,general_practitioner,0
1ml22cg,1,33,17.060606060606062,5.0,563.0,sysadmin,general_practitioner,0
1mlfoli,2,18,1.7777777777777777,1.0,32.0,sysadmin,general_practitioner,0
1mmyqtf,3,313,4.725239616613418,1.0,1479.0,sysadmin,general_practitioner,0
1mn7a0r,3,18,8.0,2.0,144.0,sysadmin,general_practitioner,0
1mnwn7u,1,6,2.833333333333333,1.0,17.0,sysadmin,general_practitioner,0
1mnus5e,1,13,25.692307692307693,4.0,334.0,sysadmin,general_practitioner,0
1mnyycv,2,0,,,,sysadmin,general_practitioner,1
1mo3m55,3,24,3.0,1.0,72.0,sysadmin,general_practitioner,0
1mo8f14,2,33,15.969696969696969,3.0,527.0,sysadmin,general_practitioner,0
1moidm1,1,16,3.9375,1.0,63.0,sysadmin,general_practitioner,0
1mox8v8,1,5,3.4,3.0,17.0,sysadmin,general_practitioner,0
1moxfr1,3,199,8.447236180904522,1.0,1681.0,sysadmin,general_practitioner,0
1mp24yi,1,0,,,,sysadmin,general_practitioner,1
1mp9col,1,14,2.9285714285714284,1.5,41.0,sysadmin,general_practitioner,0
1mpcn6k,1,93,9.623655913978494,1.0,895.0,sysadmin,general_practitioner,0
1mpdtao,3,23,10.043478260869565,2.0,231.0,sysadmin,general_practitioner,0
1mpkcm0,1,4,3.75,3.0,15.0,sysadmin,general_practitioner,0
1mpnhpj,3,26,14.538461538461538,1.5,378.0,sysadmin,general_practitioner,0
1mpyhy3,1,2,2.0,2.0,4.0,sysadmin,general_practitioner,0
1mqebnz,3,4,7.0,5.5,28.0,sysadmin,general_practitioner,0
1mqivp0,1,0,,,,sysadmin,general_practitioner,1
1mqfa96,2,2,9.0,9.0,18.0,sysadmin,general_practitioner,0
1mqxsul,1,66,6.454545454545454,2.0,426.0,sysadmin,general_practitioner,0
1mqkdu3,2,57,11.31578947368421,2.0,645.0,sysadmin,general_practitioner,0
1mqzu36,1,13,11.461538461538462,5.0,149.0,sysadmin,general_practitioner,0
1mr2e9d,1,60,12.833333333333334,2.0,770.0,sysadmin,general_practitioner,0
1mrywav,1,4,3.75,2.5,15.0,sysadmin,general_practitioner,0
1msk17y,3,4,1.5,1.0,6.0,sysadmin,general_practitioner,0
1mte3ja,1,13,2.6153846153846154,2.0,34.0,sysadmin,general_practitioner,0
1mtybgt,1,7,0.7142857142857143,1.0,5.0,sysadmin,general_practitioner,0
1mu10b4,1,17,22.352941176470587,3.0,380.0,sysadmin,general_practitioner,0
1mu4yjx,2,45,12.333333333333334,3.0,555.0,sysadmin,general_practitioner,0
1mucf83,1,2,3.0,3.0,6.0,sysadmin,general_practitioner,0
1muequ0,1,4,1.75,2.0,7.0,sysadmin,general_practitioner,0
1mv6s39,1,80,11.175,1.5,894.0,sysadmin,general_practitioner,0
1mvlpez,1,63,4.301587301587301,1.0,271.0,sysadmin,general_practitioner,0
1mvpvyo,2,50,8.18,1.5,409.0,sysadmin,general_practitioner,0
1mvs6hg,1,5,3.2,2.0,16.0,sysadmin,general_practitioner,0
1mw4n7g,1,13,17.0,2.0,221.0,sysadmin,general_practitioner,0
1mvzka3,1,21,14.047619047619047,3.0,295.0,sysadmin,general_practitioner,0
1mw5922,1,22,9.227272727272728,2.0,203.0,sysadmin,general_practitioner,0
1mw94o7,3,141,27.47517730496454,2.0,3874.0,sysadmin,general_practitioner,0
1mw9hhp,1,18,2.7777777777777777,2.0,50.0,sysadmin,general_practitioner,0
1mwhj35,2,17,3.411764705882353,1.0,58.0,sysadmin,general_practitioner,0
1mwhji0,1,2,2.0,2.0,4.0,sysadmin,general_practitioner,0
1mwkv1e,1,4,2.25,2.0,9.0,sysadmin,general_practitioner,0
1mwtarq,2,37,10.216216216216216,2.0,378.0,sysadmin,general_practitioner,0
1mwvmxd,2,5,2.4,2.0,12.0,sysadmin,general_practitioner,0
1mx0vze,3,26,4.153846153846154,1.5,108.0,sysadmin,general_practitioner,0
1my1wqr,2,86,9.383720930232558,1.0,807.0,sysadmin,general_practitioner,0
1myoabu,1,32,14.8125,3.0,474.0,sysadmin,general_practitioner,0
1mz41ko,1,3,1.6666666666666667,2.0,5.0,sysadmin,general_practitioner,0
1mzigfp,3,15,8.466666666666667,2.0,127.0,sysadmin,general_practitioner,0
1mzv9ek,1,6,6.0,4.0,36.0,sysadmin,general_practitioner,0
1n07vbv,2,15,27.33333333333333,10.0,410.0,sysadmin,general_practitioner,0
1n09o3m,2,7,2.142857142857143,1.0,15.0,sysadmin,general_practitioner,0
1n0if1d,1,3,2.6666666666666665,4.0,8.0,sysadmin,general_practitioner,0
1n0p34x,1,8,1.125,1.0,9.0,sysadmin,general_practitioner,0
1n0qg5e,1,7,14.428571428571429,5.0,101.0,sysadmin,general_practitioner,0
1n0uqq8,1,17,5.882352941176471,3.0,100.0,sysadmin,general_practitioner,0
1n14xnq,1,36,14.88888888888889,2.0,536.0,sysadmin,general_practitioner,0
1n15xfq,1,135,16.185185185185187,1.0,2185.0,sysadmin,general_practitioner,0
1n1d57k,3,38,16.57894736842105,3.5,630.0,sysadmin,general_practitioner,0
1n1eel5,1,1,3.0,3.0,3.0,sysadmin,general_practitioner,0
1n1lulh,1,5,3.8,2.0,19.0,sysadmin,general_practitioner,0
1n1v48t,2,9,6.111111111111111,1.0,55.0,sysadmin,general_practitioner,0
1n20aof,1,32,17.53125,2.0,561.0,sysadmin,general_practitioner,0
1n24bu3,2,17,6.0588235294117645,2.0,103.0,sysadmin,general_practitioner,0
1n2jk0n,1,8,2.375,3.0,19.0,sysadmin,general_practitioner,0
1n2os5w,2,12,19.83333333333333,10.5,238.0,sysadmin,general_practitioner,0
1n2tflr,3,13,8.692307692307692,4.0,113.0,sysadmin,general_practitioner,0
1n2xifc,2,21,13.904761904761903,7.0,292.0,sysadmin,general_practitioner,0
1n312ks,1,27,2.555555555555556,2.0,69.0,sysadmin,general_practitioner,0
1n31f4n,1,2,1.5,1.5,3.0,sysadmin,general_practitioner,0
1n3eox0,1,7,7.571428571428571,7.0,53.0,sysadmin,general_practitioner,0
1n3havn,1,11,3.090909090909091,2.0,34.0,sysadmin,general_practitioner,0
1n44hii,1,6,5.5,2.0,33.0,sysadmin,general_practitioner,0
1n4a5o1,1,11,5.363636363636363,1.0,59.0,sysadmin,general_practitioner,0
1n4qkjm,2,4,1.5,1.5,6.0,sysadmin,general_practitioner,0
1n4zok6,3,74,26.04054054054054,2.0,1927.0,sysadmin,general_practitioner,0
1n4xr9v,4,54,9.166666666666666,3.0,495.0,sysadmin,general_practitioner,0
1n5115i,2,24,19.75,3.0,474.0,sysadmin,general_practitioner,0
1n509vv,2,26,6.307692307692308,2.0,164.0,sysadmin,general_practitioner,0
1n5l4sm,3,68,18.69117647058824,2.0,1271.0,sysadmin,general_practitioner,0
1n5wwjd,2,0,,,,sysadmin,general_practitioner,1
1n6jp6b,1,64,12.375,2.0,792.0,sysadmin,general_practitioner,0
1n6sq6u,1,52,10.307692307692308,2.5,536.0,sysadmin,general_practitioner,0
1n6sz4c,1,9,1.2222222222222223,1.0,11.0,sysadmin,general_practitioner,0
1n6tvzc,2,14,7.785714285714286,4.0,109.0,sysadmin,general_practitioner,0
1n6wdk4,1,22,4.409090909090909,2.5,97.0,sysadmin,general_practitioner,0
1n7479y,1,5,4.0,2.0,20.0,sysadmin,general_practitioner,0
1n7c6t3,2,12,2.583333333333333,1.0,31.0,sysadmin,general_practitioner,0
1n7jsvz,3,59,7.728813559322034,1.0,456.0,sysadmin,general_practitioner,0
1n7pl1b,1,8,7.25,5.5,58.0,sysadmin,general_practitioner,0
1n7x093,1,3,-0.3333333333333333,1.0,-1.0,sysadmin,general_practitioner,0
1n7xtlr,2,122,9.48360655737705,1.0,1157.0,sysadmin,general_practitioner,0
1n8eryb,2,10,11.7,5.5,117.0,sysadmin,general_practitioner,0
1n8ib7d,2,11,9.454545454545457,1.0,104.0,sysadmin,general_practitioner,0
1n8io04,2,41,6.121951219512195,1.0,251.0,sysadmin,general_practitioner,0
1n8ozf8,3,37,8.594594594594595,2.0,318.0,sysadmin,general_practitioner,0
1n8q55k,1,1,1.0,1.0,1.0,sysadmin,general_practitioner,0
1n92jmr,1,6,9.5,2.5,57.0,sysadmin,general_practitioner,0
1n9a33x,3,13,15.615384615384617,4.0,203.0,sysadmin,general_practitioner,0
1n9hkmr,1,3,0.6666666666666666,1.0,2.0,sysadmin,general_practitioner,0
1na1cip,2,1,1.0,1.0,1.0,sysadmin,general_practitioner,0
1nakvka,2,27,7.074074074074074,2.0,191.0,sysadmin,general_practitioner,0
1nbam0k,4,23,5.391304347826087,3.0,124.0,sysadmin,general_practitioner,0
1nbq51r,1,8,8.125,4.0,65.0,sysadmin,general_practitioner,0
1nbyxw7,1,1,8.0,8.0,8.0,sysadmin,general_practitioner,0
1nbzbak,3,119,6.991596638655462,1.0,832.0,sysadmin,general_practitioner,0
1nbzmrh,1,132,3.136363636363636,1.0,414.0,sysadmin,general_practitioner,0
1nc717a,2,135,8.088888888888889,1.0,1092.0,sysadmin,general_practitioner,0
1ncb4nn,1,1,3.0,3.0,3.0,sysadmin,general_practitioner,0
1nccgdc,2,16,6.5,3.0,104.0,sysadmin,general_practitioner,0
1nclrjc,2,3,5.666666666666667,2.0,17.0,sysadmin,general_practitioner,0
1nd5vdr,1,19,19.894736842105264,1.0,378.0,sysadmin,general_practitioner,0
1ndk9do,1,89,32.41573033707865,3.0,2885.0,sysadmin,general_practitioner,0
1nds08g,2,1,1.0,1.0,1.0,sysadmin,general_practitioner,0
1ndom51,2,1,1.0,1.0,1.0,sysadmin,general_practitioner,0
1ne1532,1,4,3.5,3.5,14.0,sysadmin,general_practitioner,0
1neay9h,4,8,4.5,2.5,36.0,sysadmin,general_practitioner,0
1neabwo,1,9,1.8888888888888888,1.0,17.0,sysadmin,general_practitioner,0
1nel5if,1,24,4.666666666666667,1.0,112.0,sysadmin,general_practitioner,0
1neixob,2,21,14.285714285714286,3.0,300.0,sysadmin,general_practitioner,0
1nesbza,2,3,11.0,4.0,33.0,sysadmin,general_practitioner,0
1neseds,1,14,2.357142857142857,1.0,33.0,sysadmin,general_practitioner,0
1nesw3j,1,32,1.78125,1.5,57.0,sysadmin,general_practitioner,0
1nf57a2,2,12,1.8333333333333333,1.0,22.0,sysadmin,general_practitioner,0
1nfbdtu,2,12,7.25,2.5,87.0,sysadmin,general_practitioner,0
1nfdlct,1,12,1.1666666666666667,1.0,14.0,sysadmin,general_practitioner,0
1nfo3io,1,8,1.375,1.0,11.0,sysadmin,general_practitioner,0
1ng44rj,1,6,2.1666666666666665,1.5,13.0,sysadmin,general_practitioner,0
1nh0g7z,2,214,8.77570093457944,1.5,1878.0,sysadmin,general_practitioner,0
1nh4i80,3,134,9.873134328358208,2.0,1323.0,sysadmin,general_practitioner,0
1nh9dty,1,0,,,,sysadmin,general_practitioner,1
1nhnfru,1,6,1.6666666666666667,1.0,10.0,sysadmin,general_practitioner,0
1nhxsi4,1,5,3.8,3.0,19.0,sysadmin,general_practitioner,0
1ni1dlh,2,6,1.6666666666666667,1.0,10.0,sysadmin,general_practitioner,0
1nijegx,1,38,10.894736842105264,2.0,414.0,sysadmin,general_practitioner,0
1nj1eo6,1,48,15.291666666666666,2.0,734.0,sysadmin,general_practitioner,0
1njbezx,1,65,16.723076923076924,2.0,1087.0,sysadmin,general_practitioner,0
1njcpcn,2,27,9.444444444444445,1.0,255.0,sysadmin,general_practitioner,0
1njdawl,1,31,6.225806451612903,2.0,193.0,sysadmin,general_practitioner,0
1njwqje,1,12,5.333333333333333,2.0,64.0,sysadmin,general_practitioner,0
1nk7jpr,1,160,19.05,2.0,3048.0,sysadmin,general_practitioner,0
1nkcn1t,1,18,5.5,2.0,99.0,sysadmin,general_practitioner,0
1nkh52x,1,8,3.375,1.5,27.0,sysadmin,general_practitioner,0
1nko0gb,1,4,6.5,5.0,26.0,sysadmin,general_practitioner,0
1nl25ff,1,22,2.9545454545454546,1.0,65.0,sysadmin,general_practitioner,0
1nl2obg,1,7,5.571428571428571,1.0,39.0,sysadmin,general_practitioner,0
1nld6bf,3,95,13.726315789473684,2.0,1304.0,sysadmin,general_practitioner,0
1nlej0j,1,6,1.8333333333333333,2.0,11.0,sysadmin,general_practitioner,0
1nniy6j,2,3,1.6666666666666667,1.0,5.0,sysadmin,general_practitioner,0
1nocs17,2,82,12.073170731707316,3.0,990.0,sysadmin,general_practitioner,0
1noy5t2,2,27,8.444444444444445,1.0,228.0,sysadmin,general_practitioner,0
1npmxrm,1,4,5.0,1.5,20.0,sysadmin,general_practitioner,0
1npta1z,2,60,32.18333333333333,2.0,1931.0,sysadmin,general_practitioner,0
1npt7k4,1,141,8.808510638297872,2.0,1242.0,sysadmin,general_practitioner,0
1nq1o7u,1,19,5.578947368421052,1.0,106.0,sysadmin,general_practitioner,0
1nq63z2,2,330,10.12121212121212,1.0,3340.0,sysadmin,general_practitioner,0
1nq943g,1,4,1.25,1.5,5.0,sysadmin,general_practitioner,0
1nq96vh,2,10,4.8,2.0,48.0,sysadmin,general_practitioner,0
1nqwr9b,1,2,1.0,1.0,2.0,sysadmin,general_practitioner,0
1nr3mg5,2,123,9.365853658536585,1.0,1152.0,sysadmin,general_practitioner,0
1nrcd0r,2,48,6.020833333333333,2.0,289.0,sysadmin,general_practitioner,0
1nrg6id,1,25,14.4,3.0,360.0,sysadmin,general_practitioner,0
1nsqsis,1,3,1.0,1.0,3.0,sysadmin,general_practitioner,0
1nswkfk,2,69,9.492753623188406,1.0,655.0,sysadmin,general_practitioner,0
1ntgtup,2,22,11.136363636363637,2.5,245.0,sysadmin,general_practitioner,0
1ntq5w6,4,3,1.3333333333333333,1.0,4.0,sysadmin,general_practitioner,0
1ntqjx6,2,4,2.75,2.5,11.0,sysadmin,general_practitioner,0
1nu83ur,1,9,4.0,1.0,36.0,sysadmin,general_practitioner,0
1nuacyi,1,440,5.8113636363636365,1.0,2557.0,sysadmin,general_practitioner,0
1nul0mb,2,13,4.846153846153846,2.0,63.0,sysadmin,general_practitioner,0
1nv277v,2,26,12.538461538461538,3.0,326.0,sysadmin,general_practitioner,0
1nvcird,1,79,7.3164556962025316,2.0,578.0,sysadmin,general_practitioner,0
1nvdis8,2,2,4.0,4.0,8.0,sysadmin,general_practitioner,0
1nvo1q7,2,14,4.714285714285714,1.0,66.0,sysadmin,general_practitioner,0
1nw3145,1,1,3.0,3.0,3.0,sysadmin,general_practitioner,0
1nwadq2,1,7,1.8571428571428568,1.0,13.0,sysadmin,general_practitioner,0
1nw9naf,2,0,,,,sysadmin,general_practitioner,1
1nwgl9k,1,0,,,,sysadmin,general_practitioner,1
1nwi1ct,3,5,2.8,2.0,14.0,sysadmin,general_practitioner,0
1nwvft7,1,20,2.9,1.0,58.0,sysadmin,general_practitioner,0
1nwyjss,2,38,4.973684210526316,2.0,189.0,sysadmin,general_practitioner,0
1nx0k02,1,667,2.764617691154423,1.0,1844.0,sysadmin,general_practitioner,0
1nx0cn5,3,18,14.72222222222222,2.5,265.0,sysadmin,general_practitioner,0
1nx4355,1,15,1.4,1.0,21.0,sysadmin,general_practitioner,0
1nx9z1k,3,65,11.33846153846154,2.0,737.0,sysadmin,general_practitioner,0
1nxso2s,1,10,7.0,3.0,70.0,sysadmin,general_practitioner,0
1nzaoko,3,4,7.0,3.0,28.0,sysadmin,general_practitioner,0
1nzmhkm,1,1,2.0,2.0,2.0,sysadmin,general_practitioner,0
1nzmpqz,1,6,2.6666666666666665,2.0,16.0,sysadmin,general_practitioner,0
1nznkho,3,46,6.717391304347826,1.5,309.0,sysadmin,general_practitioner,0
1nzu835,1,3,0.3333333333333333,1.0,1.0,sysadmin,general_practitioner,0
1o0dsoq,1,62,11.53225806451613,2.0,715.0,sysadmin,general_practitioner,0
1o0f8lo,3,1,3.0,3.0,3.0,sysadmin,general_practitioner,0
1o0oou2,1,1,2.0,2.0,2.0,sysadmin,general_practitioner,0
1o15s25,2,138,10.898550724637682,1.0,1504.0,sysadmin,general_practitioner,0
1o1bbbx,2,1,1.0,1.0,1.0,sysadmin,general_practitioner,0
1o209mi,1,1,1.0,1.0,1.0,sysadmin,general_practitioner,0
1o1sllt,3,15,3.6,2.0,54.0,sysadmin,general_practitioner,0
1o28hs6,2,24,3.5,1.0,84.0,sysadmin,general_practitioner,0
1o2keq0,1,24,8.375,2.0,201.0,sysadmin,general_practitioner,0
1o303ty,4,8,1.625,1.0,13.0,sysadmin,general_practitioner,0
1o3047s,4,19,3.0526315789473686,1.0,58.0,sysadmin,general_practitioner,0
1o42j9x,2,55,15.8,3.0,869.0,sysadmin,general_practitioner,0
1o43ic1,1,2,2.5,2.5,5.0,sysadmin,general_practitioner,0
1o4l259,2,9,6.222222222222222,2.0,56.0,sysadmin,general_practitioner,0
1o4e84f,2,51,21.41176470588235,3.0,1092.0,sysadmin,general_practitioner,0
1o4kqhu,3,3,2.0,2.0,6.0,sysadmin,general_practitioner,0
1o5vx9t,1,6,1.1666666666666667,1.0,7.0,sysadmin,general_practitioner,0
1o6i39g,3,2,1.0,1.0,2.0,sysadmin,general_practitioner,0
1o6t07s,1,5,2.8,3.0,14.0,sysadmin,general_practitioner,0
1o7f0uw,3,128,5.5859375,2.0,715.0,sysadmin,general_practitioner,0
1o7eda9,1,24,2.958333333333333,2.0,71.0,sysadmin,general_practitioner,0
1o7udiw,1,4,1.5,1.5,6.0,sysadmin,general_practitioner,0
1o7soak,4,5,1.0,1.0,5.0,sysadmin,general_practitioner,0
1o7y2jg,1,2,0.5,0.5,1.0,sysadmin,general_practitioner,0
1o895hd,1,57,5.87719298245614,2.0,335.0,sysadmin,general_practitioner,0
1o8qtne,1,18,3.1666666666666665,2.0,57.0,sysadmin,general_practitioner,0
1o8hkv3,1,3,2.0,1.0,6.0,sysadmin,general_practitioner,0
1o8uo3z,3,7,6.0,3.0,42.0,sysadmin,general_practitioner,0
1o98sln,1,20,4.15,2.0,83.0,sysadmin,general_practitioner,0
1obirve,2,85,9.611764705882353,1.0,817.0,sysadmin,general_practitioner,0
1obq7x2,1,16,7.1875,2.0,115.0,sysadmin,general_practitioner,0
1obro67,1,6,3.333333333333333,3.0,20.0,sysadmin,general_practitioner,0
1obs3ub,1,0,,,,sysadmin,general_practitioner,1
1obzfpg,1,26,18.73076923076923,4.5,487.0,sysadmin,general_practitioner,0
1ocevcu,1,128,5.1875,1.0,664.0,sysadmin,general_practitioner,0
1ocmthh,1,2,1.5,1.5,3.0,sysadmin,general_practitioner,0
1ocozxu,1,40,6.05,2.0,242.0,sysadmin,general_practitioner,0
1ocmyr9,1,2,1.0,1.0,2.0,sysadmin,general_practitioner,0
1ocq1oh,2,16,9.3125,2.5,149.0,sysadmin,general_practitioner,0
1od7paa,2,17,9.294117647058824,3.0,158.0,sysadmin,general_practitioner,0
1odirup,1,98,13.224489795918368,2.0,1296.0,sysadmin,general_practitioner,0
1odxee5,1,2,12.0,12.0,24.0,sysadmin,general_practitioner,0
1odxk0c,2,454,5.0550660792951545,1.0,2295.0,sysadmin,general_practitioner,0
1oe0fax,1,31,7.354838709677419,1.0,228.0,sysadmin,general_practitioner,0
1oe47bx,1,6,1.8333333333333333,2.0,11.0,sysadmin,general_practitioner,0
1oe7bqa,1,49,20.06122448979592,2.0,983.0,sysadmin,general_practitioner,0
1oe7hb6,1,10,2.7,1.5,27.0,sysadmin,general_practitioner,0
1oeqooo,1,6,1.6666666666666667,1.5,10.0,sysadmin,general_practitioner,0
1of0rg6,1,3,2.0,-12.0,6.0,sysadmin,general_practitioner,0
1of15vb,1,113,4.256637168141593,1.0,481.0,sysadmin,general_practitioner,0
1ofpbd4,1,12,1.3333333333333333,1.0,16.0,sysadmin,general_practitioner,0
1ogas2q,1,25,10.52,3.0,263.0,sysadmin,general_practitioner,0
1og7rj1,1,94,4.085106382978723,1.0,384.0,sysadmin,general_practitioner,0
1oggda1,1,1,4.0,4.0,4.0,sysadmin,general_practitioner,0
1ogs4z5,1,6,3.0,1.5,18.0,sysadmin,general_practitioner,0
1ogjnva,1,8,4.375,2.0,35.0,sysadmin,general_practitioner,0
1oh8fd8,1,5,1.6,1.0,8.0,sysadmin,general_practitioner,0
1ohg2lv,1,10,1.7,1.5,17.0,sysadmin,general_practitioner,0
1ohim8x,2,81,6.160493827160494,2.0,499.0,sysadmin,general_practitioner,0
1oiih1s,1,5,4.4,2.0,22.0,sysadmin,general_practitioner,0
1oiox1b,1,110,9.145454545454545,2.0,1006.0,sysadmin,general_practitioner,0
1oit15b,1,24,8.791666666666666,2.5,211.0,sysadmin,general_practitioner,0
1oixgow,1,36,8.694444444444445,3.0,313.0,sysadmin,general_practitioner,0
1oiyzwo,1,8,1.125,1.0,9.0,sysadmin,general_practitioner,0
1oiyvpt,3,4,5.5,3.0,22.0,sysadmin,general_practitioner,0
1oj8b4a,2,3,5.0,5.0,15.0,sysadmin,general_practitioner,0
1ojf26k,2,5,4.0,3.0,20.0,sysadmin,general_practitioner,0
1ojhqng,4,4,1.0,1.0,4.0,sysadmin,general_practitioner,0
1ojm9ob,2,8,7.0,4.5,56.0,sysadmin,general_practitioner,0
1ojwdyf,1,21,6.142857142857143,1.0,129.0,sysadmin,general_practitioner,0
1okdec2,3,13,6.307692307692308,2.0,82.0,sysadmin,general_practitioner,0
1okw5m5,2,7,3.7142857142857135,2.0,26.0,sysadmin,general_practitioner,0
1oky7j1,1,68,2.867647058823529,1.0,195.0,sysadmin,general_practitioner,0
1okzlom,1,28,4.071428571428571,1.0,114.0,sysadmin,general_practitioner,0
1ol7xw1,2,62,6.629032258064516,2.0,411.0,sysadmin,general_practitioner,0
1omd495,4,21,11.095238095238097,5.0,233.0,sysadmin,general_practitioner,0
1omjtu7,1,57,10.578947368421051,1.0,603.0,sysadmin,general_practitioner,0
1onauk7,4,4,4.25,2.0,17.0,sysadmin,general_practitioner,0
1ono277,1,58,7.327586206896552,2.0,425.0,sysadmin,general_practitioner,0
1ont8nu,3,19,15.63157894736842,4.0,297.0,sysadmin,general_practitioner,0
1oofxua,1,0,,,,sysadmin,general_practitioner,1
1ookzd9,1,15,5.266666666666667,2.0,79.0,sysadmin,general_practitioner,0
1ootjxy,2,18,11.944444444444445,2.0,215.0,sysadmin,general_practitioner,0
1ooz097,4,52,9.76923076923077,2.0,508.0,sysadmin,general_practitioner,0
1opa5mv,2,12,3.9166666666666665,1.5,47.0,sysadmin,general_practitioner,0
1opcct6,1,72,8.444444444444445,2.0,608.0,sysadmin,general_practitioner,0
1opcqc3,1,22,11.590909090909092,5.5,255.0,sysadmin,general_practitioner,0
1opxcko,1,24,2.75,1.0,66.0,sysadmin,general_practitioner,0
1oq7l5v,1,2,3.5,3.5,7.0,sysadmin,general_practitioner,0
1oqclod,2,0,,,,sysadmin,general_practitioner,1
1oqeky6,1,1,1.0,1.0,1.0,sysadmin,general_practitioner,0
1oqg91j,1,5,3.2,3.0,16.0,sysadmin,general_practitioner,0
1oqzy87,1,2,1.5,1.5,3.0,sysadmin,general_practitioner,0
1os9mzn,1,116,4.810344827586207,1.0,558.0,sysadmin,general_practitioner,0
1osxln3,1,7,2.2857142857142856,2.0,16.0,sysadmin,general_practitioner,0
1otaay1,1,102,4.921568627450981,1.0,502.0,sysadmin,general_practitioner,0
1otbth3,2,16,6.25,2.0,100.0,sysadmin,general_practitioner,0
1oti0g9,2,141,14.54609929078014,2.0,2051.0,sysadmin,general_practitioner,0
1otjwgp,1,10,21.0,5.5,210.0,sysadmin,general_practitioner,0
1otr3r2,1,1,1.0,1.0,1.0,sysadmin,general_practitioner,0
1otu448,1,5,1.4,1.0,7.0,sysadmin,general_practitioner,0
1otxqzt,2,20,6.7,3.0,134.0,sysadmin,general_practitioner,0
1ou9p3k,4,4,11.75,7.0,47.0,sysadmin,general_practitioner,0
1oua0wq,2,0,,,,sysadmin,general_practitioner,1
1ou675v,1,23,18.217391304347824,6.0,419.0,sysadmin,general_practitioner,0
1ouc5i5,3,0,,,,sysadmin,general_practitioner,1
1ouc6g5,4,77,3.5584415584415585,1.0,274.0,sysadmin,general_practitioner,0
1oul65j,1,69,16.347826086956523,2.0,1128.0,sysadmin,general_practitioner,0
1ouvz5j,2,3,1.0,1.0,3.0,sysadmin,general_practitioner,0
1ouyhvd,1,65,3.9384615384615382,1.0,256.0,sysadmin,general_practitioner,0
1ov1vrm,1,177,11.68361581920904,1.0,2068.0,sysadmin,general_practitioner,0
1ov69xh,3,23,5.956521739130435,2.0,137.0,sysadmin,general_practitioner,0
1ow4b9f,1,116,6.379310344827586,2.0,740.0,sysadmin,general_practitioner,0
1ow1wnh,2,36,5.805555555555555,2.0,209.0,sysadmin,general_practitioner,0
1owxc9b,1,2,1.0,1.0,2.0,sysadmin,general_practitioner,0
1owwsd5,2,4,2.0,2.0,8.0,sysadmin,general_practitioner,0
1owzord,2,8,1.875,1.0,15.0,sysadmin,general_practitioner,0
1ox7jc2,1,8,2.25,1.0,18.0,sysadmin,general_practitioner,0
1ozib9d,4,39,5.307692307692308,1.0,207.0,sysadmin,general_practitioner,0
1p05vv8,3,19,12.31578947368421,2.0,234.0,sysadmin,general_practitioner,0
1p0s7x3,1,65,8.276923076923078,1.0,538.0,sysadmin,general_practitioner,0
1p0tluf,1,13,2.3076923076923075,1.0,30.0,sysadmin,general_practitioner,0
1p0xyoi,1,2,1.0,1.0,2.0,sysadmin,general_practitioner,0
1p0zefp,2,2,1.5,1.5,3.0,sysadmin,general_practitioner,0
1p10euo,1,1,1.0,1.0,1.0,sysadmin,general_practitioner,0
1p14r49,1,8,2.5,1.0,20.0,sysadmin,general_practitioner,0
1p10mv9,1,30,14.366666666666667,3.0,431.0,sysadmin,general_practitioner,0
1p15n03,2,7,1.4285714285714286,1.0,10.0,sysadmin,general_practitioner,0
1p19ln5,1,5,2.2,2.0,11.0,sysadmin,general_practitioner,0
1p1gml8,2,57,7.263157894736842,1.0,414.0,sysadmin,general_practitioner,0
1p1dmn8,2,4,2.25,1.5,9.0,sysadmin,general_practitioner,0
1p1wcgy,1,4,2.0,2.0,8.0,sysadmin,general_practitioner,0
1p22r37,1,4,2.5,1.0,10.0,sysadmin,general_practitioner,0
1p22zj7,1,36,8.694444444444445,1.0,313.0,sysadmin,general_practitioner,0
1p2cduq,3,5,1.0,1.0,5.0,sysadmin,general_practitioner,0
1p2dcmj,2,28,5.0,2.0,140.0,sysadmin,general_practitioner,0
1p2cgng,1,17,30.176470588235293,3.0,513.0,sysadmin,general_practitioner,0
1p2jy3m,1,2,0.5,0.5,1.0,sysadmin,general_practitioner,0
1p2qo0f,1,3,3.0,2.0,9.0,sysadmin,general_practitioner,0
1p2w52o,2,93,4.086021505376344,1.0,380.0,sysadmin,general_practitioner,0
1p38x55,2,5,2.4,2.0,12.0,sysadmin,general_practitioner,0
1p3eq35,1,7,2.857142857142857,2.0,20.0,sysadmin,general_practitioner,0
1p3rlkq,1,191,9.047120418848168,1.0,1728.0,sysadmin,general_practitioner,0
1p4d5ev,3,12,3.0,2.0,36.0,sysadmin,general_practitioner,0
1p4e45f,1,6,5.833333333333333,4.0,35.0,sysadmin,general_practitioner,0
1p4ko0z,2,33,12.303030303030305,2.0,406.0,sysadmin,general_practitioner,0
1p5qs01,2,18,7.0,2.0,126.0,sysadmin,general_practitioner,0
1p64vqo,1,5,2.6,2.0,13.0,sysadmin,general_practitioner,0
1p6ony0,1,8,2.75,2.0,22.0,sysadmin,general_practitioner,0
1p73k01,1,64,6.65625,1.0,426.0,sysadmin,general_practitioner,0
1p7qu7g,1,14,4.285714285714286,2.0,60.0,sysadmin,general_practitioner,0
1p8728z,1,42,17.952380952380953,2.0,754.0,sysadmin,general_practitioner,0
1p8ijs5,1,15,16.8,4.0,252.0,sysadmin,general_practitioner,0
1p8lzu4,1,15,7.266666666666667,2.0,109.0,sysadmin,general_practitioner,0
1p8swgg,2,13,6.153846153846154,2.0,80.0,sysadmin,general_practitioner,0
1p8seee,2,2,8.0,8.0,16.0,sysadmin,general_practitioner,0
1pan2u4,1,134,6.552238805970149,1.0,878.0,sysadmin,general_practitioner,0
1paya84,1,61,14.081967213114757,1.0,859.0,sysadmin,general_practitioner,0
1pb69pk,2,22,5.727272727272728,2.0,126.0,sysadmin,general_practitioner,0
1pb5r2s,1,1,2.0,2.0,2.0,sysadmin,general_practitioner,0
1pbihw5,1,2,1.5,1.5,3.0,sysadmin,general_practitioner,0
1pbnjcj,1,1,14.0,14.0,14.0,sysadmin,general_practitioner,0
1pbo3u4,1,11,6.181818181818182,3.0,68.0,sysadmin,general_practitioner,0
1pbvaxz,1,29,17.620689655172413,3.0,511.0,sysadmin,general_practitioner,0
1pbyx33,2,41,2.1463414634146343,1.0,88.0,sysadmin,general_practitioner,0
1pc8o07,4,34,5.294117647058823,1.5,180.0,sysadmin,general_practitioner,0
1pcwdaz,1,9,1.4444444444444444,1.0,13.0,sysadmin,general_practitioner,0
1pd2ful,1,28,4.75,2.0,133.0,sysadmin,general_practitioner,0
1pcz542,1,29,9.586206896551724,2.0,278.0,sysadmin,general_practitioner,0
1pdgk1c,2,8,4.375,2.5,35.0,sysadmin,general_practitioner,0
1pdke2t,1,6,2.0,1.0,12.0,sysadmin,general_practitioner,0
1pdok7q,2,0,,,,sysadmin,general_practitioner,1
1pdlv9w,1,80,16.3375,2.0,1307.0,sysadmin,general_practitioner,0
1pdz65u,1,113,10.04424778761062,2.0,1135.0,sysadmin,general_practitioner,0
1pe3zl0,3,34,5.0,2.0,170.0,sysadmin,general_practitioner,0
1pe6291,1,9,7.888888888888889,2.0,71.0,sysadmin,general_practitioner,0
1pepjmc,2,10,6.0,1.0,60.0,sysadmin,general_practitioner,0
1pfaqvn,1,5,9.2,6.0,46.0,sysadmin,general_practitioner,0
1pg2mnl,1,19,4.2105263157894735,2.0,80.0,sysadmin,general_practitioner,0
1pge29t,2,151,10.059602649006624,1.0,1519.0,sysadmin,general_practitioner,0
1pgq68v,3,71,9.154929577464788,1.0,650.0,sysadmin,general_practitioner,0
1phh3v9,1,12,1.1666666666666667,1.0,14.0,sysadmin,general_practitioner,0
1phhrzb,1,5,3.6,3.0,18.0,sysadmin,general_practitioner,0
1phjib3,3,3,1.0,1.0,3.0,sysadmin,general_practitioner,0
1phis6n,1,0,,,,sysadmin,general_practitioner,1
1phjsq1,1,17,6.117647058823529,3.0,104.0,sysadmin,general_practitioner,0
1phko0i,3,20,5.25,4.5,105.0,sysadmin,general_practitioner,0
1phomqz,1,5,1.4,1.0,7.0,sysadmin,general_practitioner,0
1pib3rh,1,71,13.19718309859155,1.0,937.0,sysadmin,general_practitioner,0
1pih10y,2,55,8.345454545454546,1.0,459.0,sysadmin,general_practitioner,0
1piiqxl,1,9,3.2222222222222223,2.0,29.0,sysadmin,general_practitioner,0
1pim1de,1,56,10.928571428571429,1.0,612.0,sysadmin,general_practitioner,0
1pirnfi,1,29,8.068965517241379,1.0,234.0,sysadmin,general_practitioner,0
1pioxb2,1,122,9.508196721311476,2.0,1160.0,sysadmin,general_practitioner,0
1pimm4d,1,10,3.6,2.0,36.0,sysadmin,general_practitioner,0
1pixq7w,1,2,1.0,1.0,2.0,sysadmin,general_practitioner,0
1pjn20e,1,46,5.195652173913044,2.0,239.0,sysadmin,general_practitioner,0
1pjvi56,3,4,4.5,2.5,18.0,sysadmin,general_practitioner,0
1pjzlno,1,5,1.6,1.0,8.0,sysadmin,general_practitioner,0
1pk1buu,1,47,13.148936170212766,2.0,618.0,sysadmin,general_practitioner,0
1pkd55q,1,171,9.157894736842104,1.0,1566.0,sysadmin,general_practitioner,0
1pkljub,1,49,9.26530612244898,1.0,454.0,sysadmin,general_practitioner,0
1pkufsf,1,4,1.5,1.5,6.0,sysadmin,general_practitioner,0
1pkwpur,1,39,5.589743589743589,2.0,218.0,sysadmin,general_practitioner,0
1pkwswa,1,199,17.964824120603016,1.0,3575.0,sysadmin,general_practitioner,0
1pl2ydk,1,9,3.333333333333333,3.0,30.0,sysadmin,general_practitioner,0
1plbvdk,1,110,8.245454545454546,1.0,907.0,sysadmin,general_practitioner,0
1pllgpi,1,1,1.0,1.0,1.0,sysadmin,general_practitioner,0
1pn3omb,2,67,4.641791044776119,1.0,311.0,sysadmin,general_practitioner,0
1pn5q0i,1,99,24.68686868686869,1.0,2444.0,sysadmin,general_practitioner,0
1pn9bna,2,18,7.722222222222222,1.0,139.0,sysadmin,general_practitioner,0
1png22c,1,61,5.885245901639344,2.0,359.0,sysadmin,general_practitioner,0
1pnkq7w,3,163,9.840490797546012,1.0,1604.0,sysadmin,general_practitioner,0
1pny175,2,9,2.6666666666666665,2.0,24.0,sysadmin,general_practitioner,0
1po3az2,4,91,8.472527472527473,1.0,771.0,sysadmin,general_practitioner,0
1po7bsn,1,3,2.0,1.0,6.0,sysadmin,general_practitioner,0
1po78d9,1,0,,,,sysadmin,general_practitioner,1
1pod2gq,1,4,1.25,1.0,5.0,sysadmin,general_practitioner,0
1po97b7,2,4,1.25,1.0,5.0,sysadmin,general_practitioner,0
1pos3xh,2,2,1.0,1.0,2.0,sysadmin,general_practitioner,0
1pot38e,1,13,1.6153846153846154,1.0,21.0,sysadmin,general_practitioner,0
1ppi42x,3,21,7.428571428571429,2.0,156.0,sysadmin,general_practitioner,0
1pps18u,1,55,10.38181818181818,1.0,571.0,sysadmin,general_practitioner,0
1pppkwv,3,40,7.475,1.0,299.0,sysadmin,general_practitioner,0
1ppvnch,1,4,2.75,2.0,11.0,sysadmin,general_practitioner,0
1ppzm76,1,136,8.375,1.0,1139.0,sysadmin,general_practitioner,0
1ppzytp,1,10,8.9,2.0,89.0,sysadmin,general_practitioner,0
1pq7ush,1,47,26.08510638297872,1.0,1226.0,sysadmin,general_practitioner,0
1pqomk3,1,6,7.166666666666667,4.5,43.0,sysadmin,general_practitioner,0
1pqwo9f,2,11,3.363636363636364,2.0,37.0,sysadmin,general_practitioner,0
1praux7,1,39,20.28205128205128,3.0,791.0,sysadmin,general_practitioner,0
1psov0v,2,7,2.7142857142857144,2.0,19.0,sysadmin,general_practitioner,0
1psup84,3,14,4.428571428571429,2.0,62.0,sysadmin,general_practitioner,0
1pt01km,1,9,1.4444444444444444,1.0,13.0,sysadmin,general_practitioner,0
1ptahvv,1,2,1.5,1.5,3.0,sysadmin,general_practitioner,0
1ptc96h,1,9,3.888888888888889,3.0,35.0,sysadmin,general_practitioner,0
1ptaq2f,2,3,1.3333333333333333,1.0,4.0,sysadmin,general_practitioner,0
1ptnc81,2,23,4.043478260869565,1.0,93.0,sysadmin,general_practitioner,0
1pu79cx,1,61,20.34426229508197,2.0,1241.0,sysadmin,general_practitioner,0
1pue3n4,1,71,3.676056338028169,1.0,261.0,sysadmin,general_practitioner,0
1puu8qr,1,113,10.442477876106194,2.0,1180.0,sysadmin,general_practitioner,0
1px1x19,1,83,18.048192771084334,1.0,1498.0,sysadmin,general_practitioner,0
1pxcgyd,3,9,6.222222222222222,4.0,56.0,sysadmin,general_practitioner,0
1px6y3n,1,41,3.5365853658536586,2.0,145.0,sysadmin,general_practitioner,0
1pxud9r,1,17,5.470588235294118,2.0,93.0,sysadmin,general_practitioner,0
1pyjgfr,1,161,6.850931677018633,1.0,1103.0,sysadmin,general_practitioner,0
1pyldq1,4,36,9.77777777777778,1.0,352.0,sysadmin,general_practitioner,0
1pym339,2,3,1.0,1.0,3.0,sysadmin,general_practitioner,0
1pyquju,1,1,1.0,1.0,1.0,sysadmin,general_practitioner,0
1pzv04v,1,3,1.3333333333333333,1.0,4.0,sysadmin,general_practitioner,0
1pzvxy6,1,54,6.481481481481482,1.5,350.0,sysadmin,general_practitioner,0
1q03x8e,3,5,1.8,2.0,9.0,sysadmin,general_practitioner,0
1q0gxoo,1,2,1.0,1.0,2.0,sysadmin,general_practitioner,0
1q0g1vb,1,7,4.142857142857143,2.0,29.0,sysadmin,general_practitioner,0
1q23z0b,1,6,2.1666666666666665,2.0,13.0,sysadmin,general_practitioner,0
1q26dkw,1,23,9.521739130434783,1.0,219.0,sysadmin,general_practitioner,0
1q2e9kp,3,14,7.285714285714286,5.0,102.0,sysadmin,general_practitioner,0
1q2wo09,1,132,9.295454545454543,1.0,1227.0,sysadmin,general_practitioner,0
1q3bvbd,1,7,11.142857142857142,8.0,78.0,sysadmin,general_practitioner,0
1q3eshf,1,35,8.542857142857143,3.0,299.0,sysadmin,general_practitioner,0
1q4fpl9,1,1,1.0,1.0,1.0,sysadmin,general_practitioner,0
1q4mhyy,1,61,12.737704918032788,2.0,777.0,sysadmin,general_practitioner,0
1q51t1i,2,78,18.78205128205128,2.0,1465.0,sysadmin,general_practitioner,0
1q57acl,3,32,5.59375,2.0,179.0,sysadmin,general_practitioner,0
1q5rxyv,1,20,3.85,1.0,77.0,sysadmin,general_practitioner,0
1q5xg1j,1,13,43.76923076923077,6.0,569.0,sysadmin,general_practitioner,0
1q61xbp,3,23,3.9130434782608696,2.0,90.0,sysadmin,general_practitioner,0
1q5t3di,2,20,11.35,5.5,227.0,sysadmin,general_practitioner,0
1q692ew,1,50,9.66,1.0,483.0,sysadmin,general_practitioner,0
1q6hl7a,4,2,1.0,1.0,2.0,sysadmin,general_practitioner,0
1q6tsvz,3,4,1.75,2.0,7.0,sysadmin,general_practitioner,0
1q6zwot,1,22,4.954545454545454,1.0,109.0,sysadmin,general_practitioner,0
1q787sp,1,6,9.166666666666666,2.5,55.0,sysadmin,general_practitioner,0
1q7agrj,1,8,2.375,1.0,19.0,sysadmin,general_practitioner,0
1q7ge1w,2,3,1.6666666666666667,1.0,5.0,sysadmin,general_practitioner,0
1q7vavs,1,8,1.25,1.0,10.0,sysadmin,general_practitioner,0
1q8febg,4,17,5.0588235294117645,1.0,86.0,sysadmin,general_practitioner,0
1q8n24w,2,8,3.75,2.5,30.0,sysadmin,general_practitioner,0
1q8i6xj,1,6,1.8333333333333333,1.5,11.0,sysadmin,general_practitioner,0
1q9ai9n,1,28,1.9285714285714288,1.0,54.0,sysadmin,general_practitioner,0
1qajhia,2,9,4.111111111111111,3.0,37.0,sysadmin,general_practitioner,0
1qals7c,2,78,14.564102564102564,1.0,1136.0,sysadmin,general_practitioner,0
1qarewi,1,5,2.6,1.0,13.0,sysadmin,general_practitioner,0
1qaw1ng,3,2,1.0,1.0,2.0,sysadmin,general_practitioner,0
1qb9wi7,2,8,3.0,1.5,24.0,sysadmin,general_practitioner,0
1qbe99n,4,30,8.466666666666667,2.0,254.0,sysadmin,general_practitioner,0
1qbmk3x,3,30,9.466666666666669,2.0,284.0,sysadmin,general_practitioner,0
1qbtz9q,1,38,27.34210526315789,2.0,1039.0,sysadmin,general_practitioner,0
1qbwhtb,1,14,1.5714285714285714,1.0,22.0,sysadmin,general_practitioner,0
1qbxmgg,1,15,5.066666666666666,2.0,76.0,sysadmin,general_practitioner,0
1qcf42r,1,4,2.75,2.5,11.0,sysadmin,general_practitioner,0
1qcg899,2,2,1.0,1.0,2.0,sysadmin,general_practitioner,0
1qcj31q,1,6,2.6666666666666665,2.0,16.0,sysadmin,general_practitioner,0
1qclrm2,1,47,4.531914893617022,1.0,213.0,sysadmin,general_practitioner,0
1qcrbjy,1,3,2.333333333333333,2.0,7.0,sysadmin,general_practitioner,0
1qcv4c3,1,7,5.285714285714286,3.0,37.0,sysadmin,general_practitioner,0
1qdmrkm,1,3,2.0,2.0,6.0,sysadmin,general_practitioner,0
1qdmxjc,2,3,1.3333333333333333,1.0,4.0,sysadmin,general_practitioner,0
1qdn61p,1,127,5.866141732283465,1.0,745.0,sysadmin,general_practitioner,0
1qdy6w1,1,4,4.25,4.0,17.0,sysadmin,general_practitioner,0
1qebuuq,1,9,1.5555555555555556,1.0,14.0,sysadmin,general_practitioner,0
1qec0j6,1,6,1.1666666666666667,1.0,7.0,sysadmin,general_practitioner,0
1qfkbp2,2,52,10.73076923076923,1.0,558.0,sysadmin,general_practitioner,0
1qgv6rn,1,37,20.864864864864863,3.0,772.0,sysadmin,general_practitioner,0
1qh2ytr,3,107,6.252336448598131,1.0,669.0,sysadmin,general_practitioner,0
1qh8u10,4,5,1.0,1.0,5.0,sysadmin,general_practitioner,0
1qhb3ly,1,21,42.42857142857143,3.0,891.0,sysadmin,general_practitioner,0
1qhmciw,1,35,9.742857142857142,1.0,341.0,sysadmin,general_practitioner,0
1qi5993,3,20,5.6,2.0,112.0,sysadmin,general_practitioner,0
1qiweo0,1,9,3.6666666666666665,2.0,33.0,sysadmin,general_practitioner,0
1qiw6js,1,1,1.0,1.0,1.0,sysadmin,general_practitioner,0
1qj0a91,1,92,10.73913043478261,1.5,988.0,sysadmin,general_practitioner,0
1qj68rg,2,5,2.2,2.0,11.0,sysadmin,general_practitioner,0
1qj5hqm,2,4,1.75,2.0,7.0,sysadmin,general_practitioner,0
1qj6yn8,1,3,1.6666666666666667,1.0,5.0,sysadmin,general_practitioner,0
1qj7v3n,1,15,1.9333333333333331,1.0,29.0,sysadmin,general_practitioner,0
1qje78g,2,66,9.166666666666666,2.0,605.0,sysadmin,general_practitioner,0
1qjmyng,1,13,4.6923076923076925,3.0,61.0,sysadmin,general_practitioner,0
1qjzx1e,1,15,4.266666666666667,2.0,64.0,sysadmin,general_practitioner,0
1qk8t77,4,142,12.690140845070422,1.0,1802.0,sysadmin,general_practitioner,0
1qkapwx,1,4,12.25,6.5,49.0,sysadmin,general_practitioner,0
1qk84n0,2,6,2.5,1.0,15.0,sysadmin,general_practitioner,0
1qkd64f,1,14,8.357142857142858,3.0,117.0,sysadmin,general_practitioner,0
1qkv5ou,1,2,1.0,1.0,2.0,sysadmin,general_practitioner,0
1qkxcv6,1,3,3.333333333333333,3.0,10.0,sysadmin,general_practitioner,0
1ql31sa,1,4,4.5,4.0,18.0,sysadmin,general_practitioner,0
1ql7mg5,1,2,7.5,7.5,15.0,sysadmin,general_practitioner,0
1qmuy2g,2,25,3.6,1.0,90.0,sysadmin,general_practitioner,0
1qmza99,1,45,5.644444444444445,2.0,254.0,sysadmin,general_practitioner,0
1qmss2t,4,16,2.1875,1.0,35.0,sysadmin,general_practitioner,0
1qnsl09,1,12,8.416666666666666,2.0,101.0,sysadmin,general_practitioner,0
1qoid33,1,6,4.166666666666667,1.5,25.0,sysadmin,general_practitioner,0
1qoknt9,1,109,9.954128440366972,1.0,1085.0,sysadmin,general_practitioner,0
1qokhzp,3,2,2.0,2.0,4.0,sysadmin,general_practitioner,0
1qopquc,1,3,1.0,1.0,3.0,sysadmin,general_practitioner,0
1qoxs9h,2,287,7.411149825783972,1.0,2127.0,sysadmin,general_practitioner,0
1qp239j,1,1,3.0,3.0,3.0,sysadmin,general_practitioner,0
1qp7ezl,1,6,1.5,1.5,9.0,sysadmin,general_practitioner,0
1qph42k,2,29,5.655172413793103,2.0,164.0,sysadmin,general_practitioner,0
1qpp6un,1,17,1.1764705882352942,1.0,20.0,sysadmin,general_practitioner,0
1qpul3b,3,20,4.75,1.5,95.0,sysadmin,general_practitioner,0
1qq5q8r,2,3,3.6666666666666665,4.0,11.0,sysadmin,general_practitioner,0
1qq910f,2,10,3.6,2.0,36.0,sysadmin,general_practitioner,0
1qqfvai,3,38,3.763157894736842,1.0,143.0,sysadmin,general_practitioner,0
1qriz2y,1,54,9.555555555555555,1.0,516.0,sysadmin,general_practitioner,0
1qrj1gd,1,38,5.526315789473684,1.0,210.0,sysadmin,general_practitioner,0
1qsh80q,2,3,1.6666666666666667,1.0,5.0,sysadmin,general_practitioner,0
1qte1y5,1,12,8.25,2.5,99.0,sysadmin,general_practitioner,0
1qtc4r2,1,6,4.333333333333333,3.5,26.0,sysadmin,general_practitioner,0
1qtjcwx,1,1,2.0,2.0,2.0,sysadmin,general_practitioner,0
1qtxji8,1,13,5.846153846153846,4.0,76.0,sysadmin,general_practitioner,0
1qu8b2l,1,11,3.1818181818181817,2.0,35.0,sysadmin,general_practitioner,0
1qup7oi,2,7,1.0,1.0,7.0,sysadmin,general_practitioner,0
1quwnki,2,17,5.294117647058823,5.0,90.0,sysadmin,general_practitioner,0
1qv1bnf,2,74,6.702702702702703,2.0,496.0,sysadmin,general_practitioner,0
1quxcr4,2,142,13.492957746478874,1.0,1916.0,sysadmin,general_practitioner,0
1qvcdjm,4,6,2.5,2.0,15.0,sysadmin,general_practitioner,0
1qvpz4m,1,8,5.75,2.0,46.0,sysadmin,general_practitioner,0
1qw9o0v,1,9,2.555555555555556,2.0,23.0,sysadmin,general_practitioner,0
1qw8fyq,1,50,19.36,3.0,968.0,sysadmin,general_practitioner,0
1qwoyus,3,9,6.777777777777778,4.0,61.0,sysadmin,general_practitioner,0
1qx4cni,1,42,6.119047619047619,2.0,257.0,sysadmin,general_practitioner,0
1qxk3nn,2,68,13.676470588235292,1.0,930.0,sysadmin,general_practitioner,0
1qxn57o,1,5,3.0,2.0,15.0,sysadmin,general_practitioner,0
1qxm4lm,2,1,1.0,1.0,1.0,sysadmin,general_practitioner,0
1qxnz93,3,8,7.125,4.0,57.0,sysadmin,general_practitioner,0
1qxrs6p,2,10,4.9,2.5,49.0,sysadmin,general_practitioner,0
1r044xx,1,2,2.0,2.0,4.0,sysadmin,general_practitioner,0
1r0sas6,1,12,3.6666666666666665,1.0,44.0,sysadmin,general_practitioner,0
1r0ns89,1,21,10.523809523809524,3.0,221.0,sysadmin,general_practitioner,0
1r13950,3,65,5.230769230769231,2.0,340.0,sysadmin,general_practitioner,0
1r13xch,1,4,0.25,1.5,1.0,sysadmin,general_practitioner,0
1r1b3vg,2,27,5.333333333333333,1.0,144.0,sysadmin,general_practitioner,0
1r1umdw,1,2,5.5,5.5,11.0,sysadmin,general_practitioner,0
1r2kzbd,1,8,7.75,2.5,62.0,sysadmin,general_practitioner,0
1r2pdgv,3,3,4.333333333333333,2.0,13.0,sysadmin,general_practitioner,0
1r2ux9i,2,77,10.025974025974026,1.0,772.0,sysadmin,general_practitioner,0
1r30u4i,2,12,1.9166666666666667,1.5,23.0,sysadmin,general_practitioner,0
1r33pvs,2,5,3.8,3.0,19.0,sysadmin,general_practitioner,0
1r357wx,2,55,13.163636363636364,1.0,724.0,sysadmin,general_practitioner,0
1r33j3w,1,6,1.8333333333333333,2.0,11.0,sysadmin,general_practitioner,0
1r3gylt,2,2,2.0,2.0,4.0,sysadmin,general_practitioner,0
1r3jvud,1,37,6.216216216216216,1.0,230.0,sysadmin,general_practitioner,0
1r3v2p0,2,20,5.8,2.5,116.0,sysadmin,general_practitioner,0
1r3uybx,2,158,6.708860759493671,1.0,1060.0,sysadmin,general_practitioner,0
1r43r8v,3,10,1.6,1.0,16.0,sysadmin,general_practitioner,0
1r4b9qe,2,44,10.409090909090908,3.0,458.0,sysadmin,general_practitioner,0
1r4ttqo,2,27,8.296296296296296,2.0,224.0,sysadmin,general_practitioner,0
1r63olu,1,7,3.857142857142857,2.0,27.0,sysadmin,general_practitioner,0
1r657a1,1,6,7.5,2.0,45.0,sysadmin,general_practitioner,0
1r691da,1,139,11.16546762589928,1.0,1552.0,sysadmin,general_practitioner,0
1r69ku6,4,6,2.333333333333333,2.0,14.0,sysadmin,general_practitioner,0
1r6c317,1,101,10.356435643564357,1.0,1046.0,sysadmin,general_practitioner,0
1r6gg3m,1,6,6.0,4.5,36.0,sysadmin,general_practitioner,0
1r6x5tc,2,6,1.1666666666666667,1.0,7.0,sysadmin,general_practitioner,0
1r79i70,1,29,4.689655172413793,1.0,136.0,sysadmin,general_practitioner,0
1r79o1a,1,30,2.7333333333333334,2.0,82.0,sysadmin,general_practitioner,0
1r7k4k4,3,33,9.969696969696969,2.0,329.0,sysadmin,general_practitioner,0
1r829ah,2,9,4.0,1.0,36.0,sysadmin,general_practitioner,0
1r8ee5u,2,17,12.588235294117649,5.0,214.0,sysadmin,general_practitioner,0
1r8x2h0,1,15,2.466666666666667,2.0,37.0,sysadmin,general_practitioner,0
1r92uvt,1,76,6.815789473684211,1.0,518.0,sysadmin,general_practitioner,0
1r946ia,1,44,2.136363636363636,1.0,94.0,sysadmin,general_practitioner,0
1r968ai,1,45,9.422222222222222,3.0,424.0,sysadmin,general_practitioner,0
1r9f64v,2,1,1.0,1.0,1.0,sysadmin,general_practitioner,0
1raptfx,3,10,2.3,1.0,23.0,sysadmin,general_practitioner,0
1rayis7,1,9,4.444444444444445,3.0,40.0,sysadmin,general_practitioner,0
1rbzm3d,1,22,5.0,2.0,110.0,sysadmin,general_practitioner,0
1rcdpil,1,0,,,,sysadmin,general_practitioner,1
1rcg7vk,2,69,9.869565217391305,1.0,681.0,sysadmin,general_practitioner,0
1rcfvcx,3,9,2.2222222222222223,2.0,20.0,sysadmin,general_practitioner,0
1rcvo5z,2,10,4.1,2.5,41.0,sysadmin,general_practitioner,0
1rcvpah,1,13,3.1538461538461537,1.0,41.0,sysadmin,general_practitioner,0
1rd8mps,1,5,1.2,1.0,6.0,sysadmin,general_practitioner,0
1rdd58c,2,20,6.1,1.0,122.0,sysadmin,general_practitioner,0
1rdgvgj,1,57,11.228070175438596,2.0,640.0,sysadmin,general_practitioner,0
1rdjduv,1,18,4.888888888888889,2.0,88.0,sysadmin,general_practitioner,0
1rdzovx,3,2,2.5,2.5,5.0,sysadmin,general_practitioner,0
1re6n5r,1,2,2.5,2.5,5.0,sysadmin,general_practitioner,0
1reaubn,1,8,3.125,2.5,25.0,sysadmin,general_practitioner,0
1reduhb,2,48,4.4375,1.5,213.0,sysadmin,general_practitioner,0
1redz97,1,320,7.665625,1.0,2453.0,sysadmin,general_practitioner,0
1renteq,1,5,3.6,1.0,18.0,sysadmin,general_practitioner,0
1reo29k,1,10,7.9,3.5,79.0,sysadmin,general_practitioner,0
1rete7r,2,6,5.333333333333333,3.0,32.0,sysadmin,general_practitioner,0
1rf2nmn,2,293,11.368600682593856,1.0,3331.0,sysadmin,general_practitioner,0
1rfgjtr,3,14,6.285714285714286,4.0,88.0,sysadmin,general_practitioner,0
1rfr7zu,3,24,12.416666666666666,3.0,298.0,sysadmin,general_practitioner,0
1rfxj7w,2,7,3.142857142857143,1.0,22.0,sysadmin,general_practitioner,0
1rgcoad,1,0,,,,sysadmin,general_practitioner,1
1rgdh7f,2,16,1.8125,1.0,29.0,sysadmin,general_practitioner,0
1rgdr96,1,9,1.3333333333333333,1.0,12.0,sysadmin,general_practitioner,0
1rgezrt,1,4,1.75,1.5,7.0,sysadmin,general_practitioner,0
1rgj5qj,1,13,3.4615384615384617,2.0,45.0,sysadmin,general_practitioner,0
1rgs26b,1,58,19.689655172413797,1.0,1142.0,sysadmin,general_practitioner,0
1rh1nfv,1,10,2.3,1.5,23.0,sysadmin,general_practitioner,0
1rh121p,1,219,16.08219178082192,1.0,3522.0,sysadmin,general_practitioner,0
1rh15si,1,1,0.0,0.0,0.0,sysadmin,general_practitioner,0
1rh810e,2,178,12.803370786516854,1.0,2279.0,sysadmin,general_practitioner,0
1rhaevx,1,43,5.465116279069767,2.0,235.0,sysadmin,general_practitioner,0
1rhpifn,1,13,17.076923076923077,2.0,222.0,sysadmin,general_practitioner,0
1rihyxd,1,16,10.4375,2.5,167.0,sysadmin,general_practitioner,0
1riju2u,3,9,3.2222222222222223,2.0,29.0,sysadmin,general_practitioner,0
1riow57,1,3,1.3333333333333333,1.0,4.0,sysadmin,general_practitioner,0
1riwbio,1,7,1.4285714285714286,1.0,10.0,sysadmin,general_practitioner,0
1riuccf,3,9,2.555555555555556,1.0,23.0,sysadmin,general_practitioner,0
1riwvyv,1,234,15.666666666666666,1.0,3666.0,sysadmin,general_practitioner,0
1rj2rwr,2,19,4.2631578947368425,2.0,81.0,sysadmin,general_practitioner,0
1rj6p39,2,15,7.333333333333333,4.0,110.0,sysadmin,general_practitioner,0
1rjeiyg,2,14,7.0,1.5,98.0,sysadmin,general_practitioner,0
1rjbe59,3,26,7.038461538461538,1.0,183.0,sysadmin,general_practitioner,0
1rjspyz,1,5,5.8,2.0,29.0,sysadmin,general_practitioner,0
1rkap57,2,3,3.0,2.0,9.0,sysadmin,general_practitioner,0
1rkkcea,1,9,1.7777777777777777,1.0,16.0,sysadmin,general_practitioner,0
1rkt9zz,2,11,9.636363636363637,2.0,106.0,sysadmin,general_practitioner,0
1rkwxpt,2,22,10.681818181818182,2.0,235.0,sysadmin,general_practitioner,0
1rl9tcf,1,302,9.850993377483444,1.0,2975.0,sysadmin,general_practitioner,0
1rlkb1e,3,10,6.7,3.5,67.0,sysadmin,general_practitioner,0
1rlwo2n,1,9,1.2222222222222223,1.0,11.0,sysadmin,general_practitioner,0
1rlr93h,1,2,3.5,3.5,7.0,sysadmin,general_practitioner,0
1rm660l,4,14,8.928571428571429,3.0,125.0,sysadmin,general_practitioner,0
1rme37n,1,2,1.5,1.5,3.0,sysadmin,general_practitioner,0
1rmjycz,2,293,16.372013651877133,1.0,4797.0,sysadmin,general_practitioner,0
1rmz061,2,12,3.583333333333333,3.0,43.0,sysadmin,general_practitioner,0
1rn77ic,3,18,16.833333333333332,3.0,303.0,sysadmin,general_practitioner,0
1rnyve9,1,1,1.0,1.0,1.0,sysadmin,general_practitioner,0
1roi3ne,4,188,15.27659574468085,2.0,2872.0,sysadmin,general_practitioner,0
1rp0nvw,1,2,3.0,3.0,6.0,sysadmin,general_practitioner,0
1rp3nlz,4,0,,,,sysadmin,general_practitioner,1
1rpeze2,1,48,4.583333333333333,1.0,220.0,sysadmin,general_practitioner,0
1rpjt3p,1,49,16.183673469387756,2.0,793.0,sysadmin,general_practitioner,0
1rpztny,2,5,4.8,2.0,24.0,sysadmin,general_practitioner,0
1rqga85,1,33,6.424242424242424,1.0,212.0,sysadmin,general_practitioner,0
1rql1vb,1,54,15.814814814814817,1.0,854.0,sysadmin,general_practitioner,0
1rqq54y,3,19,3.8947368421052633,1.0,74.0,sysadmin,general_practitioner,0
1rqvpzy,3,71,11.28169014084507,1.0,801.0,sysadmin,general_practitioner,0
1rqvijp,2,13,8.76923076923077,4.0,114.0,sysadmin,general_practitioner,0
1rraj4d,2,34,4.852941176470588,1.0,165.0,sysadmin,general_practitioner,0
1rrpewq,1,55,11.745454545454546,2.0,646.0,sysadmin,general_practitioner,0
1rrt9wi,1,0,,,,sysadmin,general_practitioner,1
1rrx7uq,1,9,7.0,5.0,63.0,sysadmin,general_practitioner,0
1rrz59h,1,4,1.0,1.0,4.0,sysadmin,general_practitioner,0
1rs1854,1,9,3.7777777777777777,3.0,34.0,sysadmin,general_practitioner,0
1rs55je,2,20,17.8,2.5,356.0,sysadmin,general_practitioner,0
1rsoido,4,155,11.838709677419354,2.0,1835.0,sysadmin,general_practitioner,0
1rsv30q,3,6,2.5,2.0,15.0,sysadmin,general_practitioner,0
1rtl83o,2,32,9.96875,2.0,319.0,sysadmin,general_practitioner,0
1rtnmxc,3,10,6.9,1.5,69.0,sysadmin,general_practitioner,0
1rtykbp,4,9,2.111111111111111,1.0,19.0,sysadmin,general_practitioner,0
1rutpbz,1,34,15.882352941176473,3.0,540.0,sysadmin,general_practitioner,0
1rv3ai9,1,26,2.5,1.0,65.0,sysadmin,general_practitioner,0
1rvahxa,2,37,6.783783783783784,1.0,251.0,sysadmin,general_practitioner,0
1rvghx7,2,18,4.111111111111111,2.0,74.0,sysadmin,general_practitioner,0
1rvo041,1,13,3.076923076923077,2.0,40.0,sysadmin,general_practitioner,0
1rvsewj,2,2,2.0,2.0,4.0,sysadmin,general_practitioner,0
1rvyrr1,1,14,2.7142857142857144,1.0,38.0,sysadmin,general_practitioner,0
1rw0jk2,1,17,7.411764705882353,2.0,126.0,sysadmin,general_practitioner,0
1rw6nk9,1,9,14.77777777777778,9.0,133.0,sysadmin,general_practitioner,0
1rwa8sa,1,22,13.409090909090908,3.0,295.0,sysadmin,general_practitioner,0
1rwcsoq,1,8,8.375,2.0,67.0,sysadmin,general_practitioner,0
1rwl5aq,1,16,1.1875,1.0,19.0,sysadmin,general_practitioner,0
1rwmq12,1,4,1.5,1.0,6.0,sysadmin,general_practitioner,0
1rwogba,2,11,2.4545454545454546,1.0,27.0,sysadmin,general_practitioner,0
1rwuv7a,3,14,14.214285714285714,5.0,199.0,sysadmin,general_practitioner,0
1rx59dx,1,1,3.0,3.0,3.0,sysadmin,general_practitioner,0
1rx71sb,1,12,8.0,5.0,96.0,sysadmin,general_practitioner,0
1rxbpxp,3,211,9.033175355450236,1.0,1906.0,sysadmin,general_practitioner,0
1ry28mf,1,121,6.694214876033058,1.0,810.0,sysadmin,general_practitioner,0
1ry5u9b,1,27,8.185185185185185,2.0,221.0,sysadmin,general_practitioner,0
1ryipfs,2,11,17.90909090909091,4.0,197.0,sysadmin,general_practitioner,0
1ryscmb,1,7,2.2857142857142856,1.0,16.0,sysadmin,general_practitioner,0
1ryusri,1,0,,,,sysadmin,general_practitioner,1
1rz1xzq,1,5,4.4,2.0,22.0,sysadmin,general_practitioner,0
1rzirkz,2,15,9.133333333333333,2.0,137.0,sysadmin,general_practitioner,0
1s038zp,1,3,4.0,1.0,12.0,sysadmin,general_practitioner,0
1s03a8g,1,1,1.0,1.0,1.0,sysadmin,general_practitioner,0
1s0a9ql,2,19,4.421052631578948,2.0,84.0,sysadmin,general_practitioner,0
1s0o627,3,6,5.5,4.0,33.0,sysadmin,general_practitioner,0
1s1kj7r,1,37,6.216216216216216,2.0,230.0,sysadmin,general_practitioner,0
1s1p2xm,2,122,11.557377049180328,2.0,1410.0,sysadmin,general_practitioner,0
1s1vysz,4,44,9.5,3.0,418.0,sysadmin,general_practitioner,0
1s1wjmt,1,14,8.571428571428571,2.0,120.0,sysadmin,general_practitioner,0
1s1zxqm,1,122,9.434426229508198,1.0,1151.0,sysadmin,general_practitioner,0
1s22w3f,1,149,13.845637583892618,1.0,2063.0,sysadmin,general_practitioner,0
1s2ix7r,1,9,4.0,1.0,36.0,sysadmin,general_practitioner,0
1s2h2q5,1,27,4.518518518518518,2.0,122.0,sysadmin,general_practitioner,0
1s35ady,1,11,7.454545454545454,1.0,82.0,sysadmin,general_practitioner,0
1s2zwgd,1,33,8.969696969696969,4.0,296.0,sysadmin,general_practitioner,0
1s3f58d,1,14,2.857142857142857,1.0,40.0,sysadmin,general_practitioner,0
1s3j191,3,23,8.652173913043478,4.0,199.0,sysadmin,general_practitioner,0
1s3iqnh,3,2,6.0,6.0,12.0,sysadmin,general_practitioner,0
1s3vmbm,1,7,4.285714285714286,2.0,30.0,sysadmin,general_practitioner,0
1s3owll,1,6,3.0,1.5,18.0,sysadmin,general_practitioner,0
1s3yadb,2,6,2.833333333333333,2.5,17.0,sysadmin,general_practitioner,0
1s49mx2,3,69,13.202898550724637,2.0,911.0,sysadmin,general_practitioner,0
1s4b3cv,1,7,2.4285714285714284,2.0,17.0,sysadmin,general_practitioner,0
1s42pd4,1,3,1.0,1.0,3.0,sysadmin,general_practitioner,0
1s4r51h,1,26,4.0,1.0,104.0,sysadmin,general_practitioner,0
1s52oxr,1,19,8.947368421052632,3.0,170.0,sysadmin,general_practitioner,0
1s53m9j,2,4,1.5,1.0,6.0,sysadmin,general_practitioner,0
1s58qwj,1,14,1.8571428571428568,2.0,26.0,sysadmin,general_practitioner,0
1s5pqvd,2,10,3.1,2.0,31.0,sysadmin,general_practitioner,0
1s5vxza,1,8,2.625,2.0,21.0,sysadmin,general_practitioner,0
1s62xjq,1,28,21.678571428571427,4.0,607.0,sysadmin,general_practitioner,0
1s6ezq1,2,20,3.1,1.0,62.0,sysadmin,general_practitioner,0
1s6kksm,2,5,5.2,5.0,26.0,sysadmin,general_practitioner,0
1s6oml9,1,116,5.163793103448276,1.0,599.0,sysadmin,general_practitioner,0
1s6z8mg,2,11,4.727272727272728,2.0,52.0,sysadmin,general_practitioner,0
1s791jr,4,375,12.293333333333331,2.0,4610.0,sysadmin,general_practitioner,0
1s7ig2c,2,31,11.483870967741936,2.0,356.0,sysadmin,general_practitioner,0
1s7mei0,1,12,1.8333333333333333,1.0,22.0,sysadmin,general_practitioner,0
1s7oemc,1,17,3.117647058823529,2.0,53.0,sysadmin,general_practitioner,0
1s7uxbf,3,13,4.615384615384615,1.0,60.0,sysadmin,general_practitioner,0
1s7w7kc,1,11,9.909090909090908,2.0,109.0,sysadmin,general_practitioner,0
1s81ytx,1,34,6.0,3.0,204.0,sysadmin,general_practitioner,0
1s85ag9,2,8,1.375,1.0,11.0,sysadmin,general_practitioner,0
1s86tz2,3,94,9.148936170212766,2.0,860.0,sysadmin,general_practitioner,0
1s87ybf,2,24,2.083333333333333,1.0,50.0,sysadmin,general_practitioner,0
1s8hym4,1,9,2.0,2.0,18.0,sysadmin,general_practitioner,0
1s8o1ru,2,1,2.0,2.0,2.0,sysadmin,general_practitioner,0
1s8qa8p,1,5,1.6,1.0,8.0,sysadmin,general_practitioner,0
1s8qrz2,2,5,2.0,2.0,10.0,sysadmin,general_practitioner,0
1s8usbd,2,32,2.9375,2.0,94.0,sysadmin,general_practitioner,0
1s99w60,1,3,1.6666666666666667,2.0,5.0,sysadmin,general_practitioner,0
1s9nlff,1,11,4.0,3.0,44.0,sysadmin,general_practitioner,0
1s9n2on,2,72,7.736111111111111,2.0,557.0,sysadmin,general_practitioner,0
1s9cfq4,1,15,7.466666666666667,4.0,112.0,sysadmin,general_practitioner,0
1s9pdi4,2,44,10.136363636363637,3.0,446.0,sysadmin,general_practitioner,0
1sah6gk,1,13,5.230769230769231,2.0,68.0,sysadmin,general_practitioner,0
1sb8y19,1,3,1.3333333333333333,1.0,4.0,sysadmin,general_practitioner,0
1sbfya3,3,27,4.25925925925926,1.0,115.0,sysadmin,general_practitioner,0
1sbmsrz,2,56,7.053571428571429,1.0,395.0,sysadmin,general_practitioner,0
1scvcf0,1,6,5.666666666666667,2.0,34.0,sysadmin,general_practitioner,0
1sddsn9,2,15,4.666666666666667,2.0,70.0,sysadmin,general_practitioner,0
1sd8sff,1,22,13.363636363636363,3.5,294.0,sysadmin,general_practitioner,0
1sdk87n,2,113,12.663716814159292,2.0,1431.0,sysadmin,general_practitioner,0
1sduxnk,2,45,10.022222222222222,2.0,451.0,sysadmin,general_practitioner,0
1sdyqqe,1,9,6.777777777777778,3.0,61.0,sysadmin,general_practitioner,0
1seryef,3,30,8.566666666666666,3.0,257.0,sysadmin,general_practitioner,0
1seqgsa,2,53,3.849056603773585,1.0,204.0,sysadmin,general_practitioner,0
1sew33p,3,31,12.96774193548387,3.0,402.0,sysadmin,general_practitioner,0
1seus3p,2,11,4.363636363636363,2.0,48.0,sysadmin,general_practitioner,0
1sf0hkj,1,67,16.044776119402986,2.0,1075.0,sysadmin,general_practitioner,0
1sf64cj,1,42,12.714285714285714,3.0,534.0,sysadmin,general_practitioner,0
1sf5jje,1,7,1.2857142857142858,1.0,9.0,sysadmin,general_practitioner,0
1sfdd2y,1,19,5.421052631578948,2.0,103.0,sysadmin,general_practitioner,0
1sfs9p6,1,11,5.545454545454546,2.0,61.0,sysadmin,general_practitioner,0
1sfpu1v,2,3,1.6666666666666667,1.0,5.0,sysadmin,general_practitioner,0
1sg2iau,1,40,8.675,2.0,347.0,sysadmin,general_practitioner,0
1sg4ttu,1,20,9.55,2.0,191.0,sysadmin,general_practitioner,0
1sg1ixf,1,4,1.5,1.5,6.0,sysadmin,general_practitioner,0
1sg8hus,2,39,10.64102564102564,3.0,415.0,sysadmin,general_practitioner,0
1sgcgak,1,32,29.9375,2.0,958.0,sysadmin,general_practitioner,0
1sgbpmd,2,4,0.0,1.5,0.0,sysadmin,general_practitioner,0
1sgrcyg,1,18,9.72222222222222,3.5,175.0,sysadmin,general_practitioner,0
1sgu2kc,1,3,4.0,3.0,12.0,sysadmin,general_practitioner,0
1sha0f0,1,63,21.253968253968253,2.0,1339.0,sysadmin,general_practitioner,0
1siw622,2,56,8.428571428571429,2.5,472.0,sysadmin,general_practitioner,0
1skdurg,1,134,4.201492537313433,1.0,563.0,sysadmin,general_practitioner,0
1skl903,1,22,4.181818181818182,2.0,92.0,sysadmin,general_practitioner,0
1skz66z,1,34,5.0,2.0,170.0,sysadmin,general_practitioner,0
1skzg25,2,33,5.96969696969697,2.0,197.0,sysadmin,general_practitioner,0
1sl3yy7,1,16,1.125,1.0,18.0,sysadmin,general_practitioner,0
1sl3i2g,1,3,6.333333333333333,5.0,19.0,sysadmin,general_practitioner,0
1sl6o39,2,48,7.0,1.0,336.0,sysadmin,general_practitioner,0
1slbr82,3,1,1.0,1.0,1.0,sysadmin,general_practitioner,0
1sldslf,2,1,1.0,1.0,1.0,sysadmin,general_practitioner,0
1slk2h2,1,24,3.5,1.0,84.0,sysadmin,general_practitioner,0
1slifyw,1,20,16.7,5.0,334.0,sysadmin,general_practitioner,0
1sljy88,2,30,2.833333333333333,1.5,85.0,sysadmin,general_practitioner,0
1sll3k8,1,8,2.75,1.5,22.0,sysadmin,general_practitioner,0
1slyzaz,1,48,7.541666666666667,1.5,362.0,sysadmin,general_practitioner,0
1sm5oyj,1,56,7.285714285714286,2.0,408.0,sysadmin,general_practitioner,0
1smak2f,2,48,5.395833333333333,1.0,259.0,sysadmin,general_practitioner,0
1smiao5,1,3,3.6666666666666665,4.0,11.0,sysadmin,general_practitioner,0
1smki1f,1,18,21.77777777777778,4.0,392.0,sysadmin,general_practitioner,0
1sms9gy,4,115,4.608695652173913,1.0,530.0,sysadmin,general_practitioner,0
1sn3hky,2,10,3.6,2.0,36.0,sysadmin,general_practitioner,0
1sn6usi,2,57,16.07017543859649,3.0,916.0,sysadmin,general_practitioner,0
1snamsf,2,23,27.347826086956523,4.0,629.0,sysadmin,general_practitioner,0
1snhlmx,1,18,4.388888888888889,2.0,79.0,sysadmin,general_practitioner,0
1snnsri,1,101,6.079207920792079,1.0,614.0,sysadmin,general_practitioner,0
1sod3gc,1,7,1.8571428571428568,1.0,13.0,sysadmin,general_practitioner,0
1soo24v,1,6,3.6666666666666665,1.0,22.0,sysadmin,general_practitioner,0
1son557,3,102,14.205882352941176,2.0,1449.0,sysadmin,general_practitioner,0
1spby5g,1,33,3.696969696969697,1.0,122.0,sysadmin,general_practitioner,0
1sqhczt,1,20,4.6,1.0,92.0,sysadmin,general_practitioner,0
1sqlm6n,2,3,11.333333333333334,2.0,34.0,sysadmin,general_practitioner,0
1sql1oh,3,26,9.346153846153848,2.0,243.0,sysadmin,general_practitioner,0
1sqmri5,1,6,3.6666666666666665,1.5,22.0,sysadmin,general_practitioner,0
1sqoejd,2,68,23.455882352941178,2.0,1595.0,sysadmin,general_practitioner,0
1sqqyl6,1,14,5.214285714285714,3.0,73.0,sysadmin,general_practitioner,0
1sranu5,2,10,2.7,1.0,27.0,sysadmin,general_practitioner,0
1srl9ns,2,21,6.285714285714286,3.0,132.0,sysadmin,general_practitioner,0
1srmc9j,1,23,8.434782608695652,2.0,194.0,sysadmin,general_practitioner,0
1srrpo9,1,40,5.55,1.0,222.0,sysadmin,general_practitioner,0
1sru0cn,3,20,12.7,2.0,254.0,sysadmin,general_practitioner,0
1ssq6bh,1,28,6.428571428571429,1.0,180.0,sysadmin,general_practitioner,0
1stj94g,1,149,7.510067114093959,1.0,1119.0,sysadmin,general_practitioner,0
1stjg2b,3,18,6.944444444444445,1.0,125.0,sysadmin,general_practitioner,0
1stm2b8,2,55,35.41818181818182,4.0,1948.0,sysadmin,general_practitioner,0
1str7lk,3,5,2.4,1.0,12.0,sysadmin,general_practitioner,0
1sucuh6,2,112,10.75,1.0,1204.0,sysadmin,general_practitioner,0
1suj5di,1,19,8.842105263157896,3.0,168.0,sysadmin,general_practitioner,0
1suj3fw,1,39,3.128205128205128,2.0,122.0,sysadmin,general_practitioner,0
1sujkb2,2,3,3.333333333333333,2.0,10.0,sysadmin,general_practitioner,0
1suklsj,1,5,1.8,1.0,9.0,sysadmin,general_practitioner,0
1suv41y,1,29,4.0344827586206895,2.0,117.0,sysadmin,general_practitioner,0
1svq9vw,1,4,1.75,1.0,7.0,sysadmin,general_practitioner,0
1svr79j,1,2,1.5,1.5,3.0,sysadmin,general_practitioner,0
7owg7p,1,3,2.333333333333333,2.0,7.0,AskNetsec,technical_qa,0
7qiul5,1,2,4.0,4.0,8.0,AskNetsec,technical_qa,0
7r2l56,2,11,3.727272727272727,2.0,41.0,AskNetsec,technical_qa,0
7wt4lu,2,22,4.136363636363637,2.5,91.0,AskNetsec,technical_qa,0
7x9uqo,1,3,1.0,1.0,3.0,AskNetsec,technical_qa,0
7xlgqf,3,14,6.642857142857143,2.5,93.0,AskNetsec,technical_qa,0
7yq5ai,2,10,1.8,1.0,18.0,AskNetsec,technical_qa,0
80a5wn,1,11,5.727272727272728,2.0,63.0,AskNetsec,technical_qa,0
827y3n,1,21,5.095238095238095,3.0,107.0,AskNetsec,technical_qa,0
83qf0n,1,12,7.666666666666667,1.0,92.0,AskNetsec,technical_qa,0
86pwx6,1,2,2.5,2.5,5.0,AskNetsec,technical_qa,0
876k45,1,2,4.5,4.5,9.0,AskNetsec,technical_qa,0
8a5mhu,1,6,2.0,2.0,12.0,AskNetsec,technical_qa,0
8a09g7,1,4,2.0,2.0,8.0,AskNetsec,technical_qa,0
8bn4ir,1,5,3.6,2.0,18.0,AskNetsec,technical_qa,0
8c7ers,2,4,2.25,2.0,9.0,AskNetsec,technical_qa,0
8c81a0,4,21,4.333333333333333,2.0,91.0,AskNetsec,technical_qa,0
8ckwp2,1,6,2.6666666666666665,3.0,16.0,AskNetsec,technical_qa,0
8dcmb4,1,9,4.111111111111111,2.0,37.0,AskNetsec,technical_qa,0
8dzof7,1,3,2.333333333333333,3.0,7.0,AskNetsec,technical_qa,0
8ld1v5,1,9,3.333333333333333,2.0,30.0,AskNetsec,technical_qa,0
8nwdq2,3,6,6.833333333333333,1.5,41.0,AskNetsec,technical_qa,0
8ppvqo,2,8,13.0,4.5,104.0,AskNetsec,technical_qa,0
8qij7e,3,17,4.294117647058823,3.0,73.0,AskNetsec,technical_qa,0
8srtpw,3,5,1.8,1.0,9.0,AskNetsec,technical_qa,0
8w2972,1,1,2.0,2.0,2.0,AskNetsec,technical_qa,0
8w94mf,2,3,1.6666666666666667,1.0,5.0,AskNetsec,technical_qa,0
8xzqnl,1,7,3.0,3.0,21.0,AskNetsec,technical_qa,0
8yn5hs,1,8,10.125,9.5,81.0,AskNetsec,technical_qa,0
8zb40i,1,10,6.1,3.0,61.0,AskNetsec,technical_qa,0
909t84,1,3,6.666666666666667,9.0,20.0,AskNetsec,technical_qa,0
91vel8,1,3,6.0,3.0,18.0,AskNetsec,technical_qa,0
9298b8,1,17,3.764705882352941,2.0,64.0,AskNetsec,technical_qa,0
93q3ty,1,1,1.0,1.0,1.0,AskNetsec,technical_qa,0
93xfpr,2,11,3.727272727272727,3.0,41.0,AskNetsec,technical_qa,0
9dlgn0,1,10,3.8,2.0,38.0,AskNetsec,technical_qa,0
9j6i28,1,6,2.0,2.0,12.0,AskNetsec,technical_qa,0
9lh94n,1,1,1.0,1.0,1.0,AskNetsec,technical_qa,0
9no6zx,2,4,2.75,1.5,11.0,AskNetsec,technical_qa,0
9o82pn,2,5,3.6,3.0,18.0,AskNetsec,technical_qa,0
9pyi2x,1,4,3.0,3.0,12.0,AskNetsec,technical_qa,0
9sca79,2,5,3.0,3.0,15.0,AskNetsec,technical_qa,0
9tv4sg,1,43,6.558139534883721,2.0,282.0,AskNetsec,technical_qa,0
9ygpof,1,3,3.6666666666666665,3.0,11.0,AskNetsec,technical_qa,0
a672md,1,3,3.333333333333333,2.0,10.0,AskNetsec,technical_qa,0
ajx1cw,2,1,1.0,1.0,1.0,AskNetsec,technical_qa,0
al7bwk,3,2,5.5,5.5,11.0,AskNetsec,technical_qa,0
annmzu,1,11,3.363636363636364,3.0,37.0,AskNetsec,technical_qa,0
aszxrw,1,5,7.4,7.0,37.0,AskNetsec,technical_qa,0
asma3t,3,34,5.441176470588236,1.0,185.0,AskNetsec,technical_qa,0
atea6t,2,6,2.6666666666666665,2.0,16.0,AskNetsec,technical_qa,0
b0ndav,2,5,2.4,2.0,12.0,AskNetsec,technical_qa,0
b4du2t,3,13,5.615384615384615,4.0,73.0,AskNetsec,technical_qa,0
bb5pyr,2,2,1.5,1.5,3.0,AskNetsec,technical_qa,0
bb9rwg,1,4,3.25,3.5,13.0,AskNetsec,technical_qa,0
bcrg6a,3,10,2.4,2.0,24.0,AskNetsec,technical_qa,0
bdyjel,1,3,1.0,1.0,3.0,AskNetsec,technical_qa,0
berxjx,2,7,1.7142857142857142,1.0,12.0,AskNetsec,technical_qa,0
bl56f3,1,3,2.333333333333333,2.0,7.0,AskNetsec,technical_qa,0
bq5xkh,3,14,3.0,2.0,42.0,AskNetsec,technical_qa,0
bsire0,1,8,1.25,1.0,10.0,AskNetsec,technical_qa,0
bswi02,1,11,4.363636363636363,2.0,48.0,AskNetsec,technical_qa,0
bv1m2p,2,9,8.11111111111111,3.0,73.0,AskNetsec,technical_qa,0
bx0p6c,2,1,3.0,3.0,3.0,AskNetsec,technical_qa,0
bzqijf,1,1,2.0,2.0,2.0,AskNetsec,technical_qa,0
c0a323,1,5,2.8,3.0,14.0,AskNetsec,technical_qa,0
c9ipeo,1,18,9.555555555555555,3.0,172.0,AskNetsec,technical_qa,0
cbmy1k,2,4,1.75,1.5,7.0,AskNetsec,technical_qa,0
cdd28q,1,15,10.066666666666666,5.0,151.0,AskNetsec,technical_qa,0
cey3of,1,16,3.125,1.5,50.0,AskNetsec,technical_qa,0
cgq099,1,3,3.6666666666666665,4.0,11.0,AskNetsec,technical_qa,0
cm0614,1,3,3.333333333333333,2.0,10.0,AskNetsec,technical_qa,0
cmgnxz,2,14,3.928571428571429,1.0,55.0,AskNetsec,technical_qa,0
craf4t,3,12,2.4166666666666665,1.5,29.0,AskNetsec,technical_qa,0
ctmldn,2,24,5.916666666666667,1.0,142.0,AskNetsec,technical_qa,0
cw7cpe,1,14,5.785714285714286,1.0,81.0,AskNetsec,technical_qa,0
czej1x,2,2,3.0,3.0,6.0,AskNetsec,technical_qa,0
d0jgqk,3,2,4.0,4.0,8.0,AskNetsec,technical_qa,0
d391e7,2,6,10.333333333333334,6.0,62.0,AskNetsec,technical_qa,0
d6njn2,1,20,6.05,2.0,121.0,AskNetsec,technical_qa,0
dbdr11,1,3,1.6666666666666667,1.0,5.0,AskNetsec,technical_qa,0
dbpn9h,2,1,1.0,1.0,1.0,AskNetsec,technical_qa,0
dfhp3c,1,10,3.4,1.0,34.0,AskNetsec,technical_qa,0
dfyy2z,1,2,5.0,5.0,10.0,AskNetsec,technical_qa,0
dgppdg,2,5,2.0,2.0,10.0,AskNetsec,technical_qa,0
dnafvk,1,18,5.722222222222222,2.0,103.0,AskNetsec,technical_qa,0
du0z8z,1,1,2.0,2.0,2.0,AskNetsec,technical_qa,0
dy02k8,1,5,3.0,2.0,15.0,AskNetsec,technical_qa,0
e7ks7o,2,7,8.857142857142858,6.0,62.0,AskNetsec,technical_qa,0
e7tfjq,1,2,1.0,1.0,2.0,AskNetsec,technical_qa,0
e9279g,4,12,3.5,1.5,42.0,AskNetsec,technical_qa,0
e9o041,1,1,2.0,2.0,2.0,AskNetsec,technical_qa,0
e9wztg,2,5,3.2,1.0,16.0,AskNetsec,technical_qa,0
eiyn1k,1,8,2.5,1.0,20.0,AskNetsec,technical_qa,0
ekehbz,1,9,2.0,1.0,18.0,AskNetsec,technical_qa,0
elqgol,1,2,2.5,2.5,5.0,AskNetsec,technical_qa,0
f2ut9g,2,3,1.0,1.0,3.0,AskNetsec,technical_qa,0
f7h3kq,3,12,4.666666666666667,3.0,56.0,AskNetsec,technical_qa,0
fsjjod,2,22,4.0,1.5,88.0,AskNetsec,technical_qa,0
gmmdzl,2,0,,,,AskNetsec,technical_qa,1
gmhu2o,1,3,2.0,2.0,6.0,AskNetsec,technical_qa,0
hjvmnz,2,1,1.0,1.0,1.0,AskNetsec,technical_qa,0
iwdzc3,1,6,8.666666666666666,5.0,52.0,AskNetsec,technical_qa,0
lwhdt1,2,4,1.75,1.5,7.0,AskNetsec,technical_qa,0
lliqx3,1,10,5.0,3.0,50.0,AskNetsec,technical_qa,0
pbl468,3,44,5.954545454545454,2.0,262.0,AskNetsec,technical_qa,0
ppcvt5,1,6,2.833333333333333,2.5,17.0,AskNetsec,technical_qa,0
pru5bm,2,9,4.888888888888889,3.0,44.0,AskNetsec,technical_qa,0
q7eey1,1,18,3.8333333333333335,1.0,69.0,AskNetsec,technical_qa,0
q9w4r0,1,1,4.0,4.0,4.0,AskNetsec,technical_qa,0
qnpavy,1,6,5.5,3.0,33.0,AskNetsec,technical_qa,0
qz12qq,3,20,8.4,4.5,168.0,AskNetsec,technical_qa,0
rn1gs5,2,0,,,,AskNetsec,technical_qa,1
rx2t74,1,5,2.2,2.0,11.0,AskNetsec,technical_qa,0
sbl1b2,4,32,6.0625,2.0,194.0,AskNetsec,technical_qa,0
scwy8l,1,6,7.5,6.5,45.0,AskNetsec,technical_qa,0
t6mnja,2,12,5.333333333333333,3.0,64.0,AskNetsec,technical_qa,0
t4dh32,2,21,9.571428571428571,2.0,201.0,AskNetsec,technical_qa,0
t9qml7,1,13,4.846153846153846,2.0,63.0,AskNetsec,technical_qa,0
tcvu5a,1,3,1.6666666666666667,1.0,5.0,AskNetsec,technical_qa,0
tfp5n7,1,19,5.157894736842105,3.0,98.0,AskNetsec,technical_qa,0
tr6lfm,1,3,2.333333333333333,2.0,7.0,AskNetsec,technical_qa,0
tyy04c,1,8,2.125,2.0,17.0,AskNetsec,technical_qa,0
u4ld1g,3,4,2.0,1.0,8.0,AskNetsec,technical_qa,0
vmjlep,1,9,6.0,3.0,54.0,AskNetsec,technical_qa,0
vxzmm3,1,6,4.833333333333333,2.0,29.0,AskNetsec,technical_qa,0
vywb92,2,8,2.75,1.5,22.0,AskNetsec,technical_qa,0
wdj2p1,1,9,3.6666666666666665,2.0,33.0,AskNetsec,technical_qa,0
xkw4mb,1,0,,,,AskNetsec,technical_qa,1
ykriuh,3,20,5.1,1.5,102.0,AskNetsec,technical_qa,0
10i94pw,2,16,6.1875,3.5,99.0,AskNetsec,technical_qa,0
10iu8oi,4,32,7.71875,1.0,247.0,AskNetsec,technical_qa,0
10q3l3j,2,3,2.333333333333333,2.0,7.0,AskNetsec,technical_qa,0
114xmcy,1,1,3.0,3.0,3.0,AskNetsec,technical_qa,0
11auo4z,1,10,6.0,2.0,60.0,AskNetsec,technical_qa,0
11eskv7,1,4,6.5,5.5,26.0,AskNetsec,technical_qa,0
12wujoc,1,16,2.75,1.0,44.0,AskNetsec,technical_qa,0
13dnxex,1,4,2.5,2.5,10.0,AskNetsec,technical_qa,0
15fim2r,2,1,3.0,3.0,3.0,AskNetsec,technical_qa,0
15sy6su,1,1,1.0,1.0,1.0,AskNetsec,technical_qa,0
161hgje,1,4,2.25,2.0,9.0,AskNetsec,technical_qa,0
16lto6u,2,2,1.0,1.0,2.0,AskNetsec,technical_qa,0
17fak37,1,9,2.888888888888889,1.0,26.0,AskNetsec,technical_qa,0
17qo5sg,1,4,4.25,4.0,17.0,AskNetsec,technical_qa,0
188y0b3,4,3,1.3333333333333333,1.0,4.0,AskNetsec,technical_qa,0
18pock9,3,0,,,,AskNetsec,technical_qa,1
18s2so3,1,8,1.625,1.0,13.0,AskNetsec,technical_qa,0
18v7wn5,2,4,1.25,1.0,5.0,AskNetsec,technical_qa,0
1awwx11,1,6,3.8333333333333335,1.0,23.0,AskNetsec,technical_qa,0
1bud3de,1,2,1.0,1.0,2.0,AskNetsec,technical_qa,0
1bxlh3p,1,4,5.25,2.5,21.0,AskNetsec,technical_qa,0
1c4ypfx,2,2,1.0,1.0,2.0,AskNetsec,technical_qa,0
1c5js14,1,20,7.85,2.0,157.0,AskNetsec,technical_qa,0
1cktr4a,1,0,,,,AskNetsec,technical_qa,1
1dqchds,1,1,1.0,1.0,1.0,AskNetsec,technical_qa,0
1dtk41x,4,1,1.0,1.0,1.0,AskNetsec,technical_qa,0
1efxijm,1,1,1.0,1.0,1.0,AskNetsec,technical_qa,0
1epetbs,3,1,1.0,1.0,1.0,AskNetsec,technical_qa,0
1f6k10p,1,3,1.3333333333333333,1.0,4.0,AskNetsec,technical_qa,0
1ggtvxx,1,26,5.384615384615385,1.0,140.0,AskNetsec,technical_qa,0
1gz0qbr,1,3,1.0,1.0,3.0,AskNetsec,technical_qa,0
1h8zbin,1,2,3.0,3.0,6.0,AskNetsec,technical_qa,0
1hfjdme,1,7,4.428571428571429,1.0,31.0,AskNetsec,technical_qa,0
1hutbua,1,3,1.0,1.0,3.0,AskNetsec,technical_qa,0
1igcmhx,1,1,1.0,1.0,1.0,AskNetsec,technical_qa,0
1icxgtb,2,2,1.0,1.0,2.0,AskNetsec,technical_qa,0
1izlkqn,1,17,7.411764705882353,1.0,126.0,AskNetsec,technical_qa,0
1j6jd91,1,20,7.45,2.0,149.0,AskNetsec,technical_qa,0
1jd8y5c,1,5,2.0,2.0,10.0,AskNetsec,technical_qa,0
1jupde3,1,2,1.5,1.5,3.0,AskNetsec,technical_qa,0
1kvsvo4,3,1,1.0,1.0,1.0,AskNetsec,technical_qa,0
1l083ev,1,4,1.25,1.0,5.0,AskNetsec,technical_qa,0
1licqlp,1,1,1.0,1.0,1.0,AskNetsec,technical_qa,0
1lgzsmj,1,1,1.0,1.0,1.0,AskNetsec,technical_qa,0
1lkn3ap,3,1,1.0,1.0,1.0,AskNetsec,technical_qa,0
1lrz79s,3,6,5.166666666666667,1.5,31.0,AskNetsec,technical_qa,0
1mkaqtj,2,1,1.0,1.0,1.0,AskNetsec,technical_qa,0
1mpc8tu,1,4,2.75,1.5,11.0,AskNetsec,technical_qa,0
1mr84aa,1,4,6.75,5.5,27.0,AskNetsec,technical_qa,0
1nqs1lh,1,2,2.0,2.0,4.0,AskNetsec,technical_qa,0
1o2w92g,1,2,1.0,1.0,2.0,AskNetsec,technical_qa,0
1ojkl57,1,4,2.25,2.0,9.0,AskNetsec,technical_qa,0
1p5e4p9,3,2,1.0,1.0,2.0,AskNetsec,technical_qa,0
1p3w4rc,2,2,1.0,1.0,2.0,AskNetsec,technical_qa,0
1pt887q,1,5,1.8,2.0,9.0,AskNetsec,technical_qa,0
1q8q3l0,1,3,1.0,1.0,3.0,AskNetsec,technical_qa,0
1qnvgkg,2,2,1.0,1.0,2.0,AskNetsec,technical_qa,0
1qr9fm0,2,4,1.0,1.0,4.0,AskNetsec,technical_qa,0
1qwjpwh,1,12,2.25,1.0,27.0,AskNetsec,technical_qa,0
1rbl7zg,1,6,2.0,1.0,12.0,AskNetsec,technical_qa,0
1rl503x,2,16,1.4375,1.0,23.0,AskNetsec,technical_qa,0
1rrxh7q,1,14,2.2142857142857144,1.0,31.0,AskNetsec,technical_qa,0
1rw0pc5,1,19,1.736842105263158,1.0,33.0,AskNetsec,technical_qa,0
1rwxsdf,1,3,1.0,1.0,3.0,AskNetsec,technical_qa,0
1s5cksi,3,0,,,,AskNetsec,technical_qa,1
1sfq683,3,3,2.333333333333333,2.0,7.0,AskNetsec,technical_qa,0
1sgmqat,2,24,3.7916666666666665,2.0,91.0,AskNetsec,technical_qa,0
1sih1ro,1,11,1.7272727272727273,1.0,19.0,AskNetsec,technical_qa,0
1sjzq9s,1,17,3.176470588235294,1.0,54.0,AskNetsec,technical_qa,0
