post_id,group,comment_count,has_zero_comments
12t87xb,bat_score>0,5,0
1epl8ed,bat_score>0,10,0
1fbh2gy,bat_score>0,11,0
1k7d8py,bat_score>0,17,0
1mzmorn,bat_score>0,30,0
1nfa5d7,bat_score>0,11,0
1oivdvr,bat_score>0,16,0
1otrhxl,bat_score>0,19,0
1pn16cu,bat_score>0,18,0
1qbpevw,bat_score>0,35,0
1qb7lml,bat_score>0,10,0
1sbjt10,bat_score>0,13,0
7rmj6f,bat_score>0,4,0
7uvy9o,bat_score>0,2,0
85q7dg,bat_score>0,2,0
87z1oe,bat_score>0,6,0
88whie,bat_score>0,8,0
8iki61,bat_score>0,16,0
8pj9zl,bat_score>0,1,0
8t64jy,bat_score>0,8,0
8ymb8h,bat_score>0,3,0
97iyso,bat_score>0,6,0
9di12t,bat_score>0,8,0
9eimol,bat_score>0,5,0
9gygx2,bat_score>0,9,0
9r0ahw,bat_score>0,6,0
9ullav,bat_score>0,2,0
9vqun2,bat_score>0,16,0
9wtvk9,bat_score>0,2,0
a3h7ug,bat_score>0,2,0
a6nb80,bat_score>0,6,0
aap2jo,bat_score>0,4,0
aek99v,bat_score>0,2,0
aemrka,bat_score>0,4,0
al8are,bat_score>0,3,0
at9iqr,bat_score>0,4,0
at8ep9,bat_score>0,18,0
aywlqh,bat_score>0,3,0
b14r8h,bat_score>0,10,0
b5tcwu,bat_score>0,7,0
bc86db,bat_score>0,5,0
becrmq,bat_score>0,2,0
bjklso,bat_score>0,7,0
bpfwax,bat_score>0,3,0
bputxx,bat_score>0,8,0
btnj2u,bat_score>0,3,0
bugbqk,bat_score>0,12,0
c2aivj,bat_score>0,2,0
c34gpn,bat_score>0,2,0
c7zqfs,bat_score>0,9,0
c8vfvd,bat_score>0,11,0
ckmgqi,bat_score>0,3,0
conk7i,bat_score>0,2,0
cqa47z,bat_score>0,5,0
cvajap,bat_score>0,1,0
cw5gzg,bat_score>0,6,0
cxmrwb,bat_score>0,5,0
cydmh6,bat_score>0,5,0
d308dy,bat_score>0,0,1
db4apf,bat_score>0,4,0
davz1o,bat_score>0,30,0
deqcg7,bat_score>0,0,1
detm3i,bat_score>0,2,0
dg4c5r,bat_score>0,3,0
dlq3fc,bat_score>0,3,0
dncloz,bat_score>0,2,0
doxewe,bat_score>0,1,0
ds3d8j,bat_score>0,6,0
dwls5u,bat_score>0,2,0
e60o7p,bat_score>0,4,0
e8te6p,bat_score>0,12,0
ebk20t,bat_score>0,3,0
eimbu1,bat_score>0,5,0
eor8o2,bat_score>0,6,0
epfagk,bat_score>0,7,0
esm7oc,bat_score>0,4,0
evs6qe,bat_score>0,4,0
ezfszl,bat_score>0,9,0
f3myww,bat_score>0,7,0
f9k5f0,bat_score>0,3,0
ffe4fn,bat_score>0,0,1
fgjh3u,bat_score>0,4,0
fh5qpk,bat_score>0,4,0
fihr7q,bat_score>0,0,1
fjnqjf,bat_score>0,15,0
fkwb9u,bat_score>0,7,0
fot8f0,bat_score>0,1,0
fwa1x1,bat_score>0,3,0
fx8nw2,bat_score>0,1,0
g9cgjl,bat_score>0,3,0
g9bygl,bat_score>0,3,0
gatbe7,bat_score>0,1,0
gax2s7,bat_score>0,6,0
ge4lv8,bat_score>0,3,0
ghwfiq,bat_score>0,1,0
glbma5,bat_score>0,4,0
gnf2fy,bat_score>0,2,0
gnc930,bat_score>0,9,0
go74kg,bat_score>0,5,0
gpe4s3,bat_score>0,4,0
gs99pq,bat_score>0,12,0
gulzz9,bat_score>0,2,0
gvg3kr,bat_score>0,0,1
gzo9kc,bat_score>0,7,0
h89twm,bat_score>0,5,0
h9ksmv,bat_score>0,3,0
hakgwy,bat_score>0,3,0
hdg1oc,bat_score>0,0,1
hjmedz,bat_score>0,2,0
hpmapw,bat_score>0,5,0
hrdbtb,bat_score>0,5,0
hslfgz,bat_score>0,4,0
hxeo42,bat_score>0,1,0
hze3eu,bat_score>0,17,0
i0dq2m,bat_score>0,8,0
i3o7ud,bat_score>0,10,0
ibac0m,bat_score>0,6,0
ibjnzi,bat_score>0,4,0
idhz4m,bat_score>0,2,0
ifi3sr,bat_score>0,4,0
ig5zso,bat_score>0,3,0
igs1gf,bat_score>0,1,0
ildwr9,bat_score>0,2,0
iofrbl,bat_score>0,7,0
iom5lw,bat_score>0,8,0
isqpkh,bat_score>0,3,0
ivmqxe,bat_score>0,14,0
iy57qf,bat_score>0,2,0
j0wj47,bat_score>0,7,0
jf3ewt,bat_score>0,2,0
jhtk6h,bat_score>0,6,0
jlq21x,bat_score>0,7,0
jme5tr,bat_score>0,6,0
jmwqsb,bat_score>0,7,0
jpodm0,bat_score>0,1,0
jpi2qe,bat_score>0,7,0
jurptg,bat_score>0,5,0
jvcj8w,bat_score>0,1,0
jw3gxj,bat_score>0,10,0
kdygob,bat_score>0,2,0
kexy8y,bat_score>0,10,0
kihhca,bat_score>0,2,0
kidint,bat_score>0,22,0
kk180z,bat_score>0,16,0
koox35,bat_score>0,1,0
koopfe,bat_score>0,1,0
kopxdk,bat_score>0,4,0
krn789,bat_score>0,13,0
ks1zx3,bat_score>0,3,0
kt5elz,bat_score>0,1,0
kwpezs,bat_score>0,1,0
kz64n2,bat_score>0,71,0
kzbj1i,bat_score>0,5,0
l044mg,bat_score>0,2,0
l0ig6l,bat_score>0,1,0
l0imh7,bat_score>0,50,0
l0pgxf,bat_score>0,3,0
l3134b,bat_score>0,6,0
l2uonc,bat_score>0,1,0
l4p9cu,bat_score>0,13,0
l5gz1n,bat_score>0,3,0
l8mum7,bat_score>0,3,0
l9dkms,bat_score>0,6,0
lbgb65,bat_score>0,4,0
ld99y9,bat_score>0,2,0
li8g8f,bat_score>0,5,0
lkwes2,bat_score>0,2,0
ll6a2b,bat_score>0,37,0
lrqch0,bat_score>0,14,0
lvgsyw,bat_score>0,4,0
lxurtt,bat_score>0,53,0
lzpijd,bat_score>0,6,0
m0x5za,bat_score>0,5,0
m2p73d,bat_score>0,3,0
mh9p0c,bat_score>0,38,0
mm3h8h,bat_score>0,1,0
mn230k,bat_score>0,39,0
mpdyv7,bat_score>0,5,0
mpsutk,bat_score>0,78,0
mr5dc4,bat_score>0,35,0
mrhmm9,bat_score>0,5,0
mvjkci,bat_score>0,4,0
mzofcs,bat_score>0,3,0
n05sjg,bat_score>0,11,0
n2slnv,bat_score>0,20,0
n5eait,bat_score>0,13,0
n8pb6j,bat_score>0,5,0
nbzbg8,bat_score>0,29,0
nc1ciu,bat_score>0,3,0
ncn5zw,bat_score>0,14,0
ndmwnc,bat_score>0,2,0
ngvv6d,bat_score>0,19,0
nhz5v9,bat_score>0,4,0
nly534,bat_score>0,23,0
nqep4b,bat_score>0,7,0
nrh4uo,bat_score>0,8,0
nrr7ss,bat_score>0,3,0
nsjtbt,bat_score>0,11,0
nul9tt,bat_score>0,3,0
nwt0uh,bat_score>0,4,0
nxgey3,bat_score>0,19,0
nz1v0r,bat_score>0,9,0
nzz6e1,bat_score>0,22,0
o3j0h7,bat_score>0,0,1
o5qxr3,bat_score>0,2,0
o70qp9,bat_score>0,25,0
o8k9xs,bat_score>0,2,0
o9s2sw,bat_score>0,9,0
ob8lep,bat_score>0,25,0
obwqdg,bat_score>0,5,0
oe74m1,bat_score>0,5,0
ofdpa3,bat_score>0,4,0
ogvqvu,bat_score>0,9,0
ogreqr,bat_score>0,4,0
ohnhd0,bat_score>0,8,0
oi77pr,bat_score>0,8,0
oinkbo,bat_score>0,3,0
ok78gi,bat_score>0,74,0
okvxan,bat_score>0,1,0
omvyhl,bat_score>0,5,0
onebnv,bat_score>0,4,0
oo34ab,bat_score>0,32,0
oqbtsi,bat_score>0,1,0
orsbuq,bat_score>0,2,0
owok7u,bat_score>0,55,0
p3v1ok,bat_score>0,18,0
p3xklu,bat_score>0,4,0
p4w6fi,bat_score>0,3,0
p7thei,bat_score>0,102,0
pe6shk,bat_score>0,2,0
pexmkd,bat_score>0,11,0
pfduma,bat_score>0,5,0
pj0q58,bat_score>0,1,0
ppofex,bat_score>0,149,0
pqp4vf,bat_score>0,10,0
pquodn,bat_score>0,8,0
ptkt07,bat_score>0,17,0
pvid9u,bat_score>0,6,0
pvr78f,bat_score>0,2,0
px1b26,bat_score>0,9,0
pynldq,bat_score>0,48,0
pzkwam,bat_score>0,15,0
q3et7b,bat_score>0,15,0
q3qesw,bat_score>0,5,0
q51rzw,bat_score>0,39,0
q53fyx,bat_score>0,3,0
q5v12l,bat_score>0,4,0
q5zbsw,bat_score>0,116,0
q6htkn,bat_score>0,11,0
q7j1bv,bat_score>0,8,0
q7qkfr,bat_score>0,27,0
q7wz4b,bat_score>0,7,0
qbbhcg,bat_score>0,19,0
qc5pkr,bat_score>0,40,0
qe4o03,bat_score>0,10,0
qf4w40,bat_score>0,1,0
qg860h,bat_score>0,3,0
qhnb9p,bat_score>0,7,0
qhvgml,bat_score>0,6,0
qiaidg,bat_score>0,1,0
qm6dgq,bat_score>0,8,0
qmzlnj,bat_score>0,9,0
qndd68,bat_score>0,2,0
qosn0f,bat_score>0,7,0
qozx9k,bat_score>0,2,0
qou4px,bat_score>0,12,0
qrxzga,bat_score>0,3,0
qtw1jt,bat_score>0,3,0
qym9yy,bat_score>0,12,0
qxughd,bat_score>0,7,0
qzurf5,bat_score>0,9,0
r04grp,bat_score>0,3,0
r1h5ik,bat_score>0,4,0
r4hmx5,bat_score>0,9,0
r4fxyz,bat_score>0,26,0
r5lkeu,bat_score>0,1,0
r5o0cd,bat_score>0,6,0
r5u744,bat_score>0,45,0
r7intl,bat_score>0,24,0
ra6tah,bat_score>0,12,0
rbj54g,bat_score>0,55,0
rdgn75,bat_score>0,17,0
re7plg,bat_score>0,8,0
rgeyr7,bat_score>0,21,0
rgilv3,bat_score>0,1,0
rickh9,bat_score>0,4,0
rjcblg,bat_score>0,23,0
riynvt,bat_score>0,7,0
rluvu4,bat_score>0,9,0
ro9lpx,bat_score>0,4,0
rvccyk,bat_score>0,5,0
s1pqz4,bat_score>0,6,0
s6bp31,bat_score>0,19,0
s9bxnw,bat_score>0,69,0
sc2yhp,bat_score>0,25,0
sckre7,bat_score>0,6,0
scm8n2,bat_score>0,6,0
sdpnx8,bat_score>0,4,0
seswn0,bat_score>0,4,0
sg2ibo,bat_score>0,21,0
shmtbm,bat_score>0,3,0
slo9xo,bat_score>0,5,0
slzref,bat_score>0,53,0
sphqe2,bat_score>0,19,0
sua2sw,bat_score>0,6,0
szx9gj,bat_score>0,1,0
szuwvf,bat_score>0,7,0
t5g8w5,bat_score>0,64,0
t6byv2,bat_score>0,11,0
taggjk,bat_score>0,7,0
tb27nt,bat_score>0,4,0
tbbyt8,bat_score>0,9,0
tfd1aq,bat_score>0,18,0
tfyuuw,bat_score>0,7,0
tgmo1k,bat_score>0,73,0
thd2vk,bat_score>0,2,0
tiy2lk,bat_score>0,39,0
tjnqpa,bat_score>0,0,1
tkb8ns,bat_score>0,5,0
tl0fwx,bat_score>0,25,0
trjoi3,bat_score>0,47,0
ts696i,bat_score>0,0,1
ts8gef,bat_score>0,9,0
tt070h,bat_score>0,53,0
tx7dpm,bat_score>0,0,1
u2ga7i,bat_score>0,5,0
u2q3om,bat_score>0,27,0
u5rejs,bat_score>0,5,0
u69jiy,bat_score>0,4,0
ue0uqa,bat_score>0,2,0
uem52p,bat_score>0,2,0
ugp9l8,bat_score>0,8,0
uif387,bat_score>0,5,0
ukopd5,bat_score>0,25,0
usac4y,bat_score>0,10,0
utjs4r,bat_score>0,2,0
uuy1n8,bat_score>0,12,0
uy9hro,bat_score>0,3,0
v2ziwo,bat_score>0,65,0
v44697,bat_score>0,4,0
v45l7z,bat_score>0,7,0
v5l7vf,bat_score>0,3,0
v7szvg,bat_score>0,3,0
v9hkhl,bat_score>0,12,0
v9mxzf,bat_score>0,71,0
vcn36o,bat_score>0,9,0
vc689v,bat_score>0,31,0
vh8cuh,bat_score>0,19,0
vhegjd,bat_score>0,12,0
vjagdj,bat_score>0,14,0
vmrqya,bat_score>0,4,0
vorzvj,bat_score>0,33,0
vn87ax,bat_score>0,18,0
vsgr9r,bat_score>0,69,0
vsjxdz,bat_score>0,27,0
vu5jpn,bat_score>0,3,0
vwsk9i,bat_score>0,6,0
vz05sx,bat_score>0,29,0
vz0v3s,bat_score>0,5,0
vzm3cn,bat_score>0,37,0
w2u4ma,bat_score>0,10,0
w3s0ol,bat_score>0,49,0
w4o2kr,bat_score>0,3,0
w4mwlk,bat_score>0,11,0
w5561a,bat_score>0,4,0
w7jubp,bat_score>0,8,0
w75kj3,bat_score>0,8,0
w7vpnm,bat_score>0,6,0
w8vwhc,bat_score>0,5,0
w9yk3q,bat_score>0,6,0
wbxc0x,bat_score>0,113,0
wejcow,bat_score>0,6,0
wf54k6,bat_score>0,7,0
wflgem,bat_score>0,0,1
wg6ly9,bat_score>0,33,0
wg9w1v,bat_score>0,3,0
wigrjz,bat_score>0,4,0
wjypns,bat_score>0,98,0
wk4qzw,bat_score>0,7,0
wkif6b,bat_score>0,45,0
wkvsiy,bat_score>0,11,0
wl3m9w,bat_score>0,6,0
woa4wz,bat_score>0,26,0
wq5ji1,bat_score>0,5,0
wsxirv,bat_score>0,9,0
wve26n,bat_score>0,33,0
ww810p,bat_score>0,1,0
wxs8qd,bat_score>0,3,0
wyf5sr,bat_score>0,2,0
wzeus7,bat_score>0,7,0
x1rrcs,bat_score>0,42,0
x1lsg8,bat_score>0,35,0
x47q71,bat_score>0,17,0
x8p8tl,bat_score>0,23,0
xboapd,bat_score>0,73,0
xfhfoa,bat_score>0,3,0
xhjght,bat_score>0,7,0
xjyv2c,bat_score>0,1,0
xrknzp,bat_score>0,6,0
xs1qbg,bat_score>0,3,0
xvoler,bat_score>0,38,0
xxeit3,bat_score>0,14,0
xyglqy,bat_score>0,14,0
y2kgbf,bat_score>0,8,0
y4rr8j,bat_score>0,5,0
y6fkeg,bat_score>0,4,0
y9f1e7,bat_score>0,3,0
yb825o,bat_score>0,31,0
yc5eru,bat_score>0,13,0
ydlr8s,bat_score>0,63,0
ydh68a,bat_score>0,3,0
yfbrhu,bat_score>0,21,0
yfya3o,bat_score>0,5,0
yfrmkd,bat_score>0,10,0
yhur56,bat_score>0,12,0
yhenvs,bat_score>0,57,0
yizsyv,bat_score>0,34,0
yiwcma,bat_score>0,17,0
yloh8m,bat_score>0,9,0
yoxmmn,bat_score>0,9,0
yr02df,bat_score>0,21,0
ys5tuf,bat_score>0,10,0
yvn21v,bat_score>0,21,0
yw0y8u,bat_score>0,31,0
yw2t2n,bat_score>0,2,0
yx7rso,bat_score>0,4,0
yxxi43,bat_score>0,53,0
z080fi,bat_score>0,7,0
z318w2,bat_score>0,11,0
z2u7yh,bat_score>0,28,0
z5613z,bat_score>0,9,0
z68ppz,bat_score>0,94,0
zcg4jj,bat_score>0,9,0
zf3si3,bat_score>0,8,0
zjsgs6,bat_score>0,8,0
zl34hh,bat_score>0,28,0
zmnf8s,bat_score>0,11,0
zpwl4p,bat_score>0,9,0
zrq4jy,bat_score>0,9,0
zu6td1,bat_score>0,6,0
zw4akd,bat_score>0,6,0
zvx0ws,bat_score>0,3,0
zy9x2v,bat_score>0,17,0
zzul5e,bat_score>0,45,0
102aluz,bat_score>0,7,0
102r0c9,bat_score>0,14,0
10478th,bat_score>0,19,0
103bpo4,bat_score>0,28,0
1049110,bat_score>0,19,0
104ymzd,bat_score>0,20,0
105eelm,bat_score>0,5,0
106qtp9,bat_score>0,66,0
1086s17,bat_score>0,17,0
108dcud,bat_score>0,20,0
108r85n,bat_score>0,137,0
109u4sy,bat_score>0,2,0
109xl1l,bat_score>0,1,0
10a9ouw,bat_score>0,9,0
10b8rwy,bat_score>0,103,0
10dl1rr,bat_score>0,3,0
10gowz1,bat_score>0,3,0
10ith4h,bat_score>0,21,0
10j8yfe,bat_score>0,3,0
10jk1i0,bat_score>0,13,0
10k7983,bat_score>0,2,0
10l4lce,bat_score>0,8,0
10mq4nu,bat_score>0,6,0
10o6xzz,bat_score>0,3,0
10qej12,bat_score>0,35,0
10qukjo,bat_score>0,17,0
10qf8wm,bat_score>0,6,0
10r11xu,bat_score>0,4,0
10rzd67,bat_score>0,8,0
10s27dv,bat_score>0,34,0
10s8iv0,bat_score>0,15,0
10urr9o,bat_score>0,14,0
10xlna4,bat_score>0,21,0
10y8zuq,bat_score>0,5,0
10z0v5z,bat_score>0,4,0
110jsxo,bat_score>0,8,0
111rk27,bat_score>0,11,0
112ddky,bat_score>0,4,0
113csf4,bat_score>0,4,0
113dpv5,bat_score>0,30,0
114tnp6,bat_score>0,6,0
117oprd,bat_score>0,38,0
118q5wa,bat_score>0,2,0
119ywv6,bat_score>0,11,0
11bq9xj,bat_score>0,19,0
11cgjma,bat_score>0,15,0
11cs1e8,bat_score>0,56,0
11dm9h8,bat_score>0,98,0
11g9lv7,bat_score>0,3,0
11hs8ug,bat_score>0,11,0
11km3by,bat_score>0,10,0
11oqs1a,bat_score>0,19,0
11s5fxy,bat_score>0,15,0
11uj8gn,bat_score>0,49,0
11ux68g,bat_score>0,6,0
11vmsnx,bat_score>0,6,0
11wn747,bat_score>0,52,0
11xmcrs,bat_score>0,7,0
11xip9e,bat_score>0,15,0
11z3urz,bat_score>0,1,0
120faoo,bat_score>0,24,0
124wlo9,bat_score>0,16,0
12504t0,bat_score>0,18,0
125b76o,bat_score>0,23,0
126yfof,bat_score>0,3,0
12845se,bat_score>0,10,0
12aumfx,bat_score>0,177,0
12cbquc,bat_score>0,4,0
12cw6ul,bat_score>0,28,0
12e4s7r,bat_score>0,4,0
12f1j6u,bat_score>0,23,0
12kv7fn,bat_score>0,12,0
12lmslb,bat_score>0,42,0
12pvfec,bat_score>0,6,0
12vh8sj,bat_score>0,42,0
12wg9df,bat_score>0,8,0
13123jz,bat_score>0,57,0
132326l,bat_score>0,3,0
133y0j8,bat_score>0,4,0
133tzpq,bat_score>0,4,0
13606dv,bat_score>0,32,0
137xk4y,bat_score>0,4,0
1385drg,bat_score>0,4,0
138hkwt,bat_score>0,4,0
138w3i7,bat_score>0,2,0
139d0kd,bat_score>0,5,0
13c3swn,bat_score>0,24,0
13fy2mf,bat_score>0,7,0
13igbiv,bat_score>0,54,0
13j2byt,bat_score>0,16,0
13p8k5y,bat_score>0,144,0
13plbpx,bat_score>0,10,0
13rlh82,bat_score>0,17,0
13soj9u,bat_score>0,4,0
13u7v87,bat_score>0,11,0
13u3bvu,bat_score>0,158,0
13w0v1c,bat_score>0,16,0
13x3wnf,bat_score>0,8,0
13x53il,bat_score>0,69,0
1449jpg,bat_score>0,19,0
14obeyt,bat_score>0,25,0
14pobfp,bat_score>0,45,0
14pp0k5,bat_score>0,37,0
14r420v,bat_score>0,7,0
14s26bf,bat_score>0,4,0
14snsw8,bat_score>0,13,0
14u0mne,bat_score>0,50,0
14up0ml,bat_score>0,10,0
14x3enp,bat_score>0,15,0
14yoowu,bat_score>0,50,0
14z5r88,bat_score>0,54,0
14zol9c,bat_score>0,8,0
1505e5k,bat_score>0,17,0
150gdq2,bat_score>0,28,0
150i6x5,bat_score>0,2,0
1523gjl,bat_score>0,195,0
152awor,bat_score>0,15,0
1531gbp,bat_score>0,109,0
153fma6,bat_score>0,4,0
1549ssn,bat_score>0,5,0
154qv5l,bat_score>0,19,0
1553sin,bat_score>0,1,0
157vabt,bat_score>0,13,0
157xpz7,bat_score>0,37,0
158a2va,bat_score>0,13,0
15982pj,bat_score>0,54,0
159krj7,bat_score>0,40,0
15aogj5,bat_score>0,5,0
15avr4h,bat_score>0,11,0
15ch0la,bat_score>0,26,0
15flra2,bat_score>0,5,0
15g9x87,bat_score>0,54,0
15gdjpz,bat_score>0,13,0
15gahyg,bat_score>0,4,0
15i2zx5,bat_score>0,2,0
15lg8ef,bat_score>0,25,0
15ljlpq,bat_score>0,80,0
15luqkq,bat_score>0,1,0
15maecc,bat_score>0,15,0
15mjej3,bat_score>0,9,0
15mkj9r,bat_score>0,6,0
15sw3tt,bat_score>0,87,0
15szpx1,bat_score>0,44,0
15tj5eg,bat_score>0,160,0
15w95dc,bat_score>0,1,0
15xdjrs,bat_score>0,14,0
15xxpn4,bat_score>0,1,0
15xwd25,bat_score>0,29,0
15ylzu9,bat_score>0,1,0
15zkpjt,bat_score>0,4,0
15zxinx,bat_score>0,18,0
15zx9at,bat_score>0,8,0
160b5ff,bat_score>0,49,0
161nwuf,bat_score>0,31,0
161u97e,bat_score>0,107,0
164lan8,bat_score>0,41,0
164vqqr,bat_score>0,3,0
166av03,bat_score>0,1,0
166c2cw,bat_score>0,20,0
166n7vf,bat_score>0,4,0
167k0kg,bat_score>0,10,0
1684q8q,bat_score>0,20,0
169tfxm,bat_score>0,5,0
16a3iu3,bat_score>0,8,0
16ao7rd,bat_score>0,36,0
16azgxj,bat_score>0,25,0
16b8jqg,bat_score>0,25,0
16bsix6,bat_score>0,3,0
16d9a5v,bat_score>0,18,0
16d1i3q,bat_score>0,17,0
16d1qch,bat_score>0,2,0
16dcl0n,bat_score>0,33,0
16f49tx,bat_score>0,9,0
16g4io5,bat_score>0,11,0
16gwc93,bat_score>0,43,0
16i0yhr,bat_score>0,77,0
16iggus,bat_score>0,67,0
16in2ii,bat_score>0,1,0
16iyf11,bat_score>0,0,1
16kddf7,bat_score>0,47,0
16kkfqb,bat_score>0,14,0
16ltndd,bat_score>0,2,0
16lyjbo,bat_score>0,65,0
16m3gal,bat_score>0,3,0
16mcwbg,bat_score>0,4,0
16mabl7,bat_score>0,50,0
16mxane,bat_score>0,17,0
16nw2rx,bat_score>0,8,0
16obcv1,bat_score>0,28,0
16opdms,bat_score>0,4,0
16ppjbj,bat_score>0,23,0
16py7h4,bat_score>0,22,0
16q46h5,bat_score>0,3,0
16quyzc,bat_score>0,76,0
16qr24d,bat_score>0,1,0
16rdxge,bat_score>0,30,0
16r3o5s,bat_score>0,3,0
16tltzs,bat_score>0,48,0
16tvbyi,bat_score>0,9,0
16w3vim,bat_score>0,3,0
16we9ni,bat_score>0,2,0
16x6m9d,bat_score>0,11,0
16xgf4g,bat_score>0,4,0
16zwi5z,bat_score>0,16,0
17120xs,bat_score>0,1,0
17139bj,bat_score>0,1,0
171i985,bat_score>0,66,0
171eejp,bat_score>0,4,0
171m1t8,bat_score>0,14,0
172fyx6,bat_score>0,8,0
172dgla,bat_score>0,2,0
173f6q2,bat_score>0,46,0
173wdrl,bat_score>0,21,0
177f8th,bat_score>0,42,0
17922fx,bat_score>0,4,0
179dmu3,bat_score>0,1,0
179r85x,bat_score>0,33,0
179jn1r,bat_score>0,5,0
17bh23m,bat_score>0,9,0
17brsj7,bat_score>0,51,0
17c81r3,bat_score>0,1,0
17cprp6,bat_score>0,6,0
17do7i1,bat_score>0,33,0
17dyz3p,bat_score>0,9,0
17e1ylc,bat_score>0,4,0
17em3kl,bat_score>0,10,0
17fc58n,bat_score>0,11,0
17fdasv,bat_score>0,51,0
17g2w14,bat_score>0,4,0
17gmrn0,bat_score>0,35,0
17h6ydy,bat_score>0,29,0
17h3n2o,bat_score>0,9,0
17hh5b9,bat_score>0,11,0
17i5h8b,bat_score>0,1,0
17ib1m3,bat_score>0,40,0
17iyuv4,bat_score>0,61,0
17j7sba,bat_score>0,1,0
17jopad,bat_score>0,13,0
17jwqo1,bat_score>0,3,0
17kpo22,bat_score>0,3,0
17kqbac,bat_score>0,35,0
17lkx6j,bat_score>0,58,0
17lvkti,bat_score>0,16,0
17mb61d,bat_score>0,1,0
17n1zmk,bat_score>0,4,0
17o3239,bat_score>0,5,0
17oefk4,bat_score>0,5,0
17q3fjp,bat_score>0,0,1
17qypn8,bat_score>0,9,0
17tsw88,bat_score>0,2,0
17uqt8o,bat_score>0,5,0
17v5o9s,bat_score>0,10,0
17vcxs1,bat_score>0,2,0
17w2zom,bat_score>0,1,0
17xg2d1,bat_score>0,38,0
17yv4t1,bat_score>0,35,0
180npo6,bat_score>0,3,0
180sqyc,bat_score>0,42,0
1812m0u,bat_score>0,4,0
1824rjp,bat_score>0,6,0
182bw15,bat_score>0,25,0
183p2kn,bat_score>0,7,0
183o6k7,bat_score>0,26,0
1852eor,bat_score>0,1,0
185clce,bat_score>0,42,0
186no69,bat_score>0,3,0
186rd26,bat_score>0,78,0
187u1xi,bat_score>0,2,0
1897dos,bat_score>0,6,0
18aufaa,bat_score>0,31,0
18b5qxb,bat_score>0,2,0
18bxfwx,bat_score>0,43,0
18bt8r1,bat_score>0,5,0
18cgday,bat_score>0,13,0
18cbap4,bat_score>0,5,0
18fwmtt,bat_score>0,0,1
18h3q6u,bat_score>0,5,0
18hnrvp,bat_score>0,1,0
18ht7qu,bat_score>0,2,0
18htvy5,bat_score>0,41,0
18iunev,bat_score>0,2,0
18lijwo,bat_score>0,2,0
18mxngx,bat_score>0,4,0
18p32g2,bat_score>0,7,0
18qo9vb,bat_score>0,4,0
18rbm41,bat_score>0,15,0
18sz883,bat_score>0,1,0
18u0ojk,bat_score>0,46,0
18tpj8a,bat_score>0,49,0
18usgii,bat_score>0,2,0
18vzo2g,bat_score>0,47,0
18wuhvk,bat_score>0,7,0
18wzpc9,bat_score>0,53,0
18xkkcv,bat_score>0,17,0
18y3pha,bat_score>0,6,0
18z8cst,bat_score>0,10,0
18zkb5o,bat_score>0,44,0
190upfp,bat_score>0,20,0
190w1as,bat_score>0,7,0
190x6c7,bat_score>0,1,0
191020m,bat_score>0,9,0
19110gv,bat_score>0,4,0
192aw9q,bat_score>0,5,0
192jkhy,bat_score>0,12,0
192wbu6,bat_score>0,30,0
1930mpt,bat_score>0,2,0
193qvs5,bat_score>0,1,0
194w9ht,bat_score>0,2,0
195w806,bat_score>0,7,0
19811dp,bat_score>0,76,0
1985qib,bat_score>0,0,1
199dsz2,bat_score>0,4,0
199icts,bat_score>0,5,0
199yobg,bat_score>0,8,0
19alo57,bat_score>0,55,0
19byh65,bat_score>0,8,0
19cvezv,bat_score>0,21,0
19d0gf0,bat_score>0,6,0
19d1khi,bat_score>0,6,0
19dtnwf,bat_score>0,4,0
19ezll3,bat_score>0,1,0
19fel1k,bat_score>0,9,0
1abb9w9,bat_score>0,4,0
1abo5tl,bat_score>0,4,0
1acmkpq,bat_score>0,1,0
1acmlck,bat_score>0,1,0
1adyeld,bat_score>0,3,0
1ae7x3s,bat_score>0,4,0
1aex5iy,bat_score>0,4,0
1afg1g4,bat_score>0,4,0
1afllij,bat_score>0,3,0
1ag8kw5,bat_score>0,22,0
1ahs9v1,bat_score>0,0,1
1aj4das,bat_score>0,10,0
1aj80uw,bat_score>0,0,1
1ajhq7l,bat_score>0,2,0
1akkmmu,bat_score>0,0,1
1akl6o7,bat_score>0,0,1
1an27dk,bat_score>0,31,0
1aommse,bat_score>0,0,1
1apzmgt,bat_score>0,7,0
1arjf1i,bat_score>0,6,0
1asrbgd,bat_score>0,9,0
1avpeby,bat_score>0,18,0
1avor93,bat_score>0,10,0
1avs0rg,bat_score>0,2,0
1awb21n,bat_score>0,24,0
1aw9ys8,bat_score>0,35,0
1awb3yv,bat_score>0,8,0
1awdsgs,bat_score>0,75,0
1axdzp0,bat_score>0,0,1
1axe1ig,bat_score>0,89,0
1axj0jz,bat_score>0,0,1
1ay4m1o,bat_score>0,3,0
1ay31tk,bat_score>0,0,1
1ayx0xi,bat_score>0,3,0
1azrbc8,bat_score>0,31,0
1azh6zv,bat_score>0,5,0
1b0b4zk,bat_score>0,1,0
1b0hkw9,bat_score>0,28,0
1b3x250,bat_score>0,18,0
1b6k1dl,bat_score>0,54,0
1b75bo2,bat_score>0,4,0
1b77nwh,bat_score>0,1,0
1b7sbkg,bat_score>0,18,0
1b81j4f,bat_score>0,8,0
1b851mz,bat_score>0,10,0
1b8zbax,bat_score>0,36,0
1b9w0qb,bat_score>0,1,0
1ba500o,bat_score>0,90,0
1bar3xe,bat_score>0,1,0
1bc28ef,bat_score>0,3,0
1bcfvnu,bat_score>0,0,1
1bd90m8,bat_score>0,5,0
1bdwq7f,bat_score>0,2,0
1be5nmb,bat_score>0,0,1
1be7rqb,bat_score>0,4,0
1be5por,bat_score>0,7,0
1bgwwqh,bat_score>0,1,0
1bhbcmc,bat_score>0,1,0
1bi3mao,bat_score>0,3,0
1bic19l,bat_score>0,13,0
1bja7cw,bat_score>0,3,0
1bji3uo,bat_score>0,5,0
1bjxjkd,bat_score>0,22,0
1bjy818,bat_score>0,89,0
1bjypz6,bat_score>0,2,0
1bobd88,bat_score>0,4,0
1bnzqvz,bat_score>0,7,0
1bolqg8,bat_score>0,2,0
1bq4mce,bat_score>0,2,0
1br3qn3,bat_score>0,1,0
1bqy09b,bat_score>0,11,0
1btgs18,bat_score>0,14,0
1bttlm5,bat_score>0,0,1
1btxrqa,bat_score>0,19,0
1bu5ug6,bat_score>0,2,0
1bu50qq,bat_score>0,3,0
1buj8kr,bat_score>0,3,0
1bv5fcn,bat_score>0,7,0
1bvuqfb,bat_score>0,25,0
1bw3sgp,bat_score>0,0,1
1bwssw9,bat_score>0,4,0
1byacpx,bat_score>0,5,0
1bzderp,bat_score>0,8,0
1bz7ekg,bat_score>0,116,0
1c09d2h,bat_score>0,2,0
1bzzg2n,bat_score>0,10,0
1c1nx3m,bat_score>0,11,0
1c1plbh,bat_score>0,3,0
1c2uzoj,bat_score>0,3,0
1c31hd7,bat_score>0,9,0
1c480qf,bat_score>0,3,0
1c49hbi,bat_score>0,15,0
1c4yod5,bat_score>0,7,0
1c54tkk,bat_score>0,1,0
1c5f6tc,bat_score>0,0,1
1c5equ7,bat_score>0,2,0
1c5m0zf,bat_score>0,23,0
1c5wjir,bat_score>0,26,0
1c6kom1,bat_score>0,1,0
1c6tx60,bat_score>0,2,0
1c790z1,bat_score>0,2,0
1c7o69b,bat_score>0,2,0
1c7lt5g,bat_score>0,1,0
1c7s710,bat_score>0,3,0
1c924gq,bat_score>0,90,0
1c952oh,bat_score>0,1,0
1cajh6x,bat_score>0,2,0
1cby9tv,bat_score>0,66,0
1ccvq96,bat_score>0,3,0
1cd0nij,bat_score>0,51,0
1cdle2z,bat_score>0,3,0
1cfnxvb,bat_score>0,24,0
1cgykl4,bat_score>0,39,0
1chg03j,bat_score>0,29,0
1chpccs,bat_score>0,45,0
1chv6vw,bat_score>0,8,0
1ci65os,bat_score>0,6,0
1cjh6ul,bat_score>0,3,0
1cjau8v,bat_score>0,60,0
1cm4aqd,bat_score>0,8,0
1cm7eml,bat_score>0,2,0
1cm8whl,bat_score>0,6,0
1cmr2fd,bat_score>0,3,0
1co2pt9,bat_score>0,15,0
1cpdecj,bat_score>0,1,0
1cqvb3b,bat_score>0,14,0
1cs4rwz,bat_score>0,3,0
1cset2g,bat_score>0,1,0
1csk1du,bat_score>0,3,0
1csmjzw,bat_score>0,11,0
1cszcs0,bat_score>0,5,0
1csz6sd,bat_score>0,3,0
1ct23xy,bat_score>0,1,0
1cu4yri,bat_score>0,20,0
1d1aslw,bat_score>0,9,0
1d25s0p,bat_score>0,1,0
1d29xax,bat_score>0,3,0
1d2uult,bat_score>0,1,0
1d30a72,bat_score>0,3,0
1d38ksq,bat_score>0,2,0
1d3r7t3,bat_score>0,0,1
1d4dyvd,bat_score>0,16,0
1d4e1w6,bat_score>0,4,0
1d5thub,bat_score>0,2,0
1d76oox,bat_score>0,25,0
1d7q8g3,bat_score>0,14,0
1d81cfi,bat_score>0,2,0
1d8fpxt,bat_score>0,1,0
1d88mcc,bat_score>0,0,1
1d8kwad,bat_score>0,1,0
1d8nc1u,bat_score>0,4,0
1d9glmi,bat_score>0,18,0
1damcjq,bat_score>0,6,0
1dcfy3b,bat_score>0,15,0
1dcukry,bat_score>0,10,0
1dd2g0v,bat_score>0,1,0
1ddfq7r,bat_score>0,14,0
1ddov0i,bat_score>0,0,1
1deej3q,bat_score>0,6,0
1dewqwn,bat_score>0,0,1
1df8n1a,bat_score>0,1,0
1dfi5p8,bat_score>0,8,0
1dfaqyv,bat_score>0,187,0
1dfi439,bat_score>0,1,0
1dfjbr2,bat_score>0,1,0
1dggn9a,bat_score>0,2,0
1dgwtln,bat_score>0,1,0
1dhgrof,bat_score>0,2,0
1dhohj0,bat_score>0,0,1
1dk2gok,bat_score>0,10,0
1dkbo0k,bat_score>0,12,0
1dkiped,bat_score>0,17,0
1dlad0j,bat_score>0,2,0
1dniqdq,bat_score>0,27,0
1dnlan4,bat_score>0,5,0
1dokjdp,bat_score>0,0,1
1dp7wvn,bat_score>0,17,0
1dpvn0q,bat_score>0,2,0
1dsb2yk,bat_score>0,1,0
1dt7ipb,bat_score>0,3,0
1dtiput,bat_score>0,1,0
1due7gq,bat_score>0,11,0
1dy9cb3,bat_score>0,30,0
1dy9qsr,bat_score>0,4,0
1e0ab59,bat_score>0,0,1
1e181yf,bat_score>0,45,0
1e1xs0z,bat_score>0,11,0
1e3f8qn,bat_score>0,1,0
1e5a03e,bat_score>0,9,0
1e6sozz,bat_score>0,2,0
1e6puig,bat_score>0,5,0
1e9phxz,bat_score>0,0,1
1e9r5ob,bat_score>0,9,0
1eaawlb,bat_score>0,2,0
1eb56f8,bat_score>0,4,0
1ebyhtr,bat_score>0,24,0
1ecrh13,bat_score>0,12,0
1eew1b2,bat_score>0,0,1
1eg8hld,bat_score>0,52,0
1eg97qp,bat_score>0,1,0
1eg3dnb,bat_score>0,1,0
1eh4nf0,bat_score>0,4,0
1egx7xl,bat_score>0,4,0
1ej3s59,bat_score>0,126,0
1ekct85,bat_score>0,8,0
1elr93x,bat_score>0,5,0
1emlkq2,bat_score>0,1,0
1emvlzi,bat_score>0,6,0
1epq85j,bat_score>0,0,1
1eqpykj,bat_score>0,0,1
1eramou,bat_score>0,77,0
1er7xsl,bat_score>0,4,0
1espv5d,bat_score>0,5,0
1etdy7x,bat_score>0,5,0
1ew8c99,bat_score>0,2,0
1ewj4ep,bat_score>0,0,1
1ewnhvv,bat_score>0,2,0
1ex8yw0,bat_score>0,0,1
1eyckbl,bat_score>0,87,0
1eybswo,bat_score>0,25,0
1eyou9x,bat_score>0,85,0
1eyqcfr,bat_score>0,11,0
1f07rmf,bat_score>0,0,1
1f0rqwp,bat_score>0,0,1
1f23xqy,bat_score>0,11,0
1f2u19m,bat_score>0,0,1
1f2zagi,bat_score>0,26,0
1f44bi5,bat_score>0,27,0
1f45wvn,bat_score>0,18,0
1f66q95,bat_score>0,0,1
1f72fmd,bat_score>0,0,1
1f7jzij,bat_score>0,10,0
1f7qo9c,bat_score>0,1,0
1f8ih1x,bat_score>0,1,0
1f8j8b2,bat_score>0,51,0
1f8miay,bat_score>0,6,0
1f98cqo,bat_score>0,5,0
1f9o4ls,bat_score>0,7,0
1fa507n,bat_score>0,25,0
1fak2j8,bat_score>0,40,0
1fchbkh,bat_score>0,7,0
1fchp3z,bat_score>0,9,0
1fcv1wx,bat_score>0,39,0
1fdfg5b,bat_score>0,18,0
1fczn8e,bat_score>0,1,0
1fdw53a,bat_score>0,1,0
1fejkw8,bat_score>0,5,0
1ff84y9,bat_score>0,83,0
1ffanyw,bat_score>0,2,0
1ffwndh,bat_score>0,17,0
1fgc0ld,bat_score>0,14,0
1fh57t8,bat_score>0,9,0
1fi6xem,bat_score>0,61,0
1fij0ci,bat_score>0,1,0
1fjnl9j,bat_score>0,1,0
1fjvmnj,bat_score>0,4,0
1fk0979,bat_score>0,91,0
1fkyixn,bat_score>0,80,0
1fl3djv,bat_score>0,7,0
1flyd9d,bat_score>0,10,0
1fm82zl,bat_score>0,7,0
1fmz49h,bat_score>0,5,0
1fnugg0,bat_score>0,5,0
1fnxcl2,bat_score>0,17,0
1focakd,bat_score>0,37,0
1fod6yf,bat_score>0,3,0
1foetex,bat_score>0,2,0
1fonlx9,bat_score>0,1,0
1fpfxba,bat_score>0,0,1
1fq85dp,bat_score>0,6,0
1fqbd6u,bat_score>0,4,0
1fsnu4i,bat_score>0,29,0
1fsjq9s,bat_score>0,0,1
1fsx1ua,bat_score>0,71,0
1fte6w0,bat_score>0,24,0
1ftf2dr,bat_score>0,0,1
1fu2pux,bat_score>0,3,0
1fvsur8,bat_score>0,31,0
1fvxopx,bat_score>0,0,1
1fytzub,bat_score>0,0,1
1fyvk0a,bat_score>0,7,0
1fzfhpo,bat_score>0,1,0
1fz5d4m,bat_score>0,10,0
1g4r84h,bat_score>0,0,1
1g8ites,bat_score>0,6,0
1g97une,bat_score>0,6,0
1g9qkbi,bat_score>0,69,0
1ga6hmb,bat_score>0,1,0
1gb2uoa,bat_score>0,15,0
1gbfg3f,bat_score>0,4,0
1gbi2pi,bat_score>0,10,0
1gdqpjt,bat_score>0,4,0
1gd7teu,bat_score>0,12,0
1gduly2,bat_score>0,0,1
1ge17zb,bat_score>0,28,0
1ge8wey,bat_score>0,3,0
1getvuu,bat_score>0,3,0
1geztks,bat_score>0,8,0
1gf2ib9,bat_score>0,27,0
1gf7lhm,bat_score>0,1,0
1gh1lqd,bat_score>0,0,1
1gj2ryy,bat_score>0,2,0
1gjvzwe,bat_score>0,0,1
1gk0kct,bat_score>0,22,0
1gk9gv6,bat_score>0,2,0
1gl6t7j,bat_score>0,4,0
1gm5fls,bat_score>0,0,1
1gmevvh,bat_score>0,3,0
1gla1mj,bat_score>0,0,1
1gmrxl3,bat_score>0,0,1
1gnguic,bat_score>0,9,0
1gol4cv,bat_score>0,1,0
1gpijgw,bat_score>0,3,0
1gq4p0x,bat_score>0,0,1
1gqfreg,bat_score>0,1,0
1gr99cu,bat_score>0,10,0
1gs6jy1,bat_score>0,6,0
1guy8ne,bat_score>0,94,0
1gvq5mq,bat_score>0,3,0
1gvw5aq,bat_score>0,34,0
1gx675g,bat_score>0,3,0
1gxkp1g,bat_score>0,0,1
1gyocjc,bat_score>0,1,0
1h2saee,bat_score>0,5,0
1h4v2nc,bat_score>0,15,0
1h66m1a,bat_score>0,1,0
1h76l3e,bat_score>0,12,0
1h7fdp7,bat_score>0,7,0
1h8btu0,bat_score>0,2,0
1h8ov5q,bat_score>0,1,0
1h9e75e,bat_score>0,0,1
1ha6tph,bat_score>0,1,0
1hbgzlk,bat_score>0,0,1
1hbuzhy,bat_score>0,0,1
1hbxwzc,bat_score>0,63,0
1hculyb,bat_score>0,6,0
1he6l6n,bat_score>0,10,0
1hg4x1t,bat_score>0,2,0
1hg5old,bat_score>0,2,0
1hgzijx,bat_score>0,3,0
1hhe1t7,bat_score>0,1,0
1hhdudw,bat_score>0,0,1
1hhdyoe,bat_score>0,1,0
1hks4dp,bat_score>0,11,0
1hl9plg,bat_score>0,10,0
1hplknw,bat_score>0,17,0
1hpsyyq,bat_score>0,5,0
1hspr2j,bat_score>0,93,0
1htb95l,bat_score>0,0,1
1hust2q,bat_score>0,0,1
1hv05yo,bat_score>0,0,1
1hvocp4,bat_score>0,1,0
1hvvfwf,bat_score>0,18,0
1hwh966,bat_score>0,26,0
1hwnxi0,bat_score>0,39,0
1hwwb6m,bat_score>0,1,0
1hxmc9q,bat_score>0,3,0
1hzu2wg,bat_score>0,17,0
1i1dy2m,bat_score>0,10,0
1i1ofif,bat_score>0,0,1
1i2m06v,bat_score>0,32,0
1i2bwel,bat_score>0,41,0
1i33xqd,bat_score>0,27,0
1i4f3pq,bat_score>0,30,0
1i6kp4y,bat_score>0,170,0
1i6uzjl,bat_score>0,0,1
1i76urs,bat_score>0,6,0
1i7l2xn,bat_score>0,90,0
1i7y1wq,bat_score>0,2,0
1i7rz3l,bat_score>0,2,0
1i8xzy6,bat_score>0,0,1
1iafd0g,bat_score>0,20,0
1iblq15,bat_score>0,19,0
1icgglx,bat_score>0,1,0
1iduu3x,bat_score>0,131,0
1ie71p8,bat_score>0,1,0
1ie48cu,bat_score>0,0,1
1igc1kd,bat_score>0,51,0
1igutka,bat_score>0,24,0
1igqo42,bat_score>0,4,0
1ihjodg,bat_score>0,12,0
1iie8sr,bat_score>0,2,0
1iiie28,bat_score>0,60,0
1iiekfo,bat_score>0,1,0
1ij4z8w,bat_score>0,4,0
1ijdwb5,bat_score>0,2,0
1ijpuiz,bat_score>0,2,0
1ijr0a6,bat_score>0,1,0
1ikrzjz,bat_score>0,56,0
1ilrx4f,bat_score>0,4,0
1imfags,bat_score>0,1,0
1imd7bx,bat_score>0,326,0
1imnevr,bat_score>0,1,0
1in1lcr,bat_score>0,0,1
1in9hsd,bat_score>0,14,0
1imy5j9,bat_score>0,17,0
1inktnk,bat_score>0,7,0
1iop5ew,bat_score>0,60,0
1iqmeme,bat_score>0,12,0
1is3mo2,bat_score>0,0,1
1is2zrd,bat_score>0,3,0
1itdenb,bat_score>0,4,0
1ituhr2,bat_score>0,53,0
1ity92c,bat_score>0,13,0
1ixbryt,bat_score>0,39,0
1iz4hjs,bat_score>0,0,1
1j06o5w,bat_score>0,0,1
1j0szdb,bat_score>0,7,0
1j1n5eb,bat_score>0,0,1
1j3qqwj,bat_score>0,10,0
1j3zy48,bat_score>0,1,0
1j44awo,bat_score>0,32,0
1j51jow,bat_score>0,1,0
1j82uki,bat_score>0,6,0
1j8axxa,bat_score>0,2,0
1j9mz71,bat_score>0,23,0
1jb6kho,bat_score>0,16,0
1jcdi9v,bat_score>0,15,0
1je0gpb,bat_score>0,0,1
1jeavex,bat_score>0,19,0
1jei9uz,bat_score>0,2,0
1jezst2,bat_score>0,1,0
1jf08i7,bat_score>0,8,0
1jia1of,bat_score>0,5,0
1jitf7b,bat_score>0,5,0
1jivrh3,bat_score>0,29,0
1jizga8,bat_score>0,1,0
1jj4cpx,bat_score>0,9,0
1jj7mi3,bat_score>0,49,0
1jjs9zt,bat_score>0,0,1
1jjt1t8,bat_score>0,1,0
1jk92uy,bat_score>0,12,0
1jkcgsr,bat_score>0,2,0
1jlv82g,bat_score>0,50,0
1jlb2yq,bat_score>0,160,0
1jmgby6,bat_score>0,0,1
1jnln1a,bat_score>0,1,0
1jny4e3,bat_score>0,2,0
1jo6u7a,bat_score>0,5,0
1joirdl,bat_score>0,2,0
1jps8gp,bat_score>0,3,0
1jqch46,bat_score>0,0,1
1jqjt8e,bat_score>0,0,1
1jraghg,bat_score>0,5,0
1jtjj6s,bat_score>0,20,0
1jubhlb,bat_score>0,2,0
1jup2s3,bat_score>0,2,0
1jx8s4s,bat_score>0,5,0
1jx7mgu,bat_score>0,0,1
1jxkuwq,bat_score>0,11,0
1jxr4jc,bat_score>0,17,0
1jympkv,bat_score>0,8,0
1jz3b8d,bat_score>0,2,0
1k0yww9,bat_score>0,1,0
1k0tff7,bat_score>0,1,0
1k4dmv1,bat_score>0,3,0
1k5i0x5,bat_score>0,79,0
1k5ufm7,bat_score>0,2,0
1k79uo0,bat_score>0,2,0
1k7f91e,bat_score>0,5,0
1k9x5d9,bat_score>0,49,0
1ka3w3o,bat_score>0,15,0
1kaushj,bat_score>0,12,0
1kau5hu,bat_score>0,44,0
1kbk4p8,bat_score>0,12,0
1kc7uab,bat_score>0,70,0
1kdbo69,bat_score>0,62,0
1kdq491,bat_score>0,55,0
1kehxoj,bat_score>0,7,0
1kfuoco,bat_score>0,26,0
1kg532c,bat_score>0,8,0
1kg65ec,bat_score>0,14,0
1kh3un0,bat_score>0,39,0
1kh6jt6,bat_score>0,21,0
1kkqq8i,bat_score>0,11,0
1kkvm27,bat_score>0,154,0
1km7sag,bat_score>0,2,0
1kmrgt3,bat_score>0,4,0
1knfutb,bat_score>0,5,0
1kq73x7,bat_score>0,39,0
1kqbno6,bat_score>0,2,0
1krsk00,bat_score>0,13,0
1ksco0f,bat_score>0,8,0
1kshlm5,bat_score>0,5,0
1ksk0b9,bat_score>0,2,0
1ktmy42,bat_score>0,5,0
1kw02j0,bat_score>0,2,0
1kxxwk1,bat_score>0,1,0
1kz4fy5,bat_score>0,1,0
1l0r9v9,bat_score>0,59,0
1l26jj8,bat_score>0,1,0
1l28c0f,bat_score>0,24,0
1l2e7ky,bat_score>0,0,1
1l3or23,bat_score>0,22,0
1l3pne3,bat_score>0,17,0
1l3yqp4,bat_score>0,13,0
1l4jgp1,bat_score>0,7,0
1l5fz3w,bat_score>0,3,0
1l51veo,bat_score>0,4,0
1l6jisy,bat_score>0,14,0
1l7no9y,bat_score>0,11,0
1l7pykn,bat_score>0,15,0
1l85a1e,bat_score>0,9,0
1l8aa3w,bat_score>0,141,0
1l8k5kk,bat_score>0,0,1
1l8k91z,bat_score>0,51,0
1l8mse5,bat_score>0,5,0
1l8ns4w,bat_score>0,18,0
1la9qpd,bat_score>0,4,0
1lb13xq,bat_score>0,16,0
1lctro8,bat_score>0,12,0
1ldaz5f,bat_score>0,1,0
1ldi6le,bat_score>0,6,0
1ldwx2y,bat_score>0,41,0
1le9d8w,bat_score>0,3,0
1lefu2t,bat_score>0,1,0
1lej5z5,bat_score>0,16,0
1lelzho,bat_score>0,58,0
1lfg1mc,bat_score>0,8,0
1lgkwo6,bat_score>0,3,0
1lgza4t,bat_score>0,27,0
1lgzhpy,bat_score>0,24,0
1li0s8y,bat_score>0,12,0
1lig3v3,bat_score>0,54,0
1linac1,bat_score>0,36,0
1lj2vve,bat_score>0,2,0
1ljoj0m,bat_score>0,2,0
1lkapxo,bat_score>0,3,0
1lkmzvn,bat_score>0,5,0
1lkn15k,bat_score>0,1,0
1ll9gm3,bat_score>0,42,0
1llu8qd,bat_score>0,11,0
1lly4hu,bat_score>0,1,0
1ln2trz,bat_score>0,15,0
1lo45mq,bat_score>0,15,0
1lp45ae,bat_score>0,17,0
1lpu0yq,bat_score>0,43,0
1lquawz,bat_score>0,38,0
1lquqy5,bat_score>0,4,0
1lqz51a,bat_score>0,17,0
1lsfnr3,bat_score>0,7,0
1lsx0nt,bat_score>0,93,0
1ltmegk,bat_score>0,5,0
1lunh18,bat_score>0,5,0
1lurkru,bat_score>0,30,0
1lupyvy,bat_score>0,64,0
1lutwyn,bat_score>0,74,0
1lw9zg4,bat_score>0,21,0
1lx7ewt,bat_score>0,46,0
1lzlaeg,bat_score>0,5,0
1lzlw7g,bat_score>0,8,0
1m0kf8h,bat_score>0,32,0
1m0rfb6,bat_score>0,13,0
1m1ytqz,bat_score>0,3,0
1m2bc44,bat_score>0,2,0
1m2ogv0,bat_score>0,11,0
1m32av5,bat_score>0,6,0
1m3oldz,bat_score>0,18,0
1m42ss7,bat_score>0,3,0
1m47tby,bat_score>0,8,0
1m4k33z,bat_score>0,35,0
1m4mdhb,bat_score>0,4,0
1m57w7h,bat_score>0,4,0
1m6u5hf,bat_score>0,4,0
1m82hdv,bat_score>0,8,0
1m90axx,bat_score>0,2,0
1ma8zwa,bat_score>0,45,0
1macy8p,bat_score>0,66,0
1maops4,bat_score>0,8,0
1marpuf,bat_score>0,12,0
1mbwp26,bat_score>0,192,0
1mbwnab,bat_score>0,1,0
1mcznhs,bat_score>0,13,0
1mdnaf6,bat_score>0,6,0
1mfkftx,bat_score>0,6,0
1mfuvzz,bat_score>0,9,0
1mhvhow,bat_score>0,9,0
1mhvj8p,bat_score>0,7,0
1mifzm1,bat_score>0,3,0
1mjrlba,bat_score>0,3,0
1ml2xvq,bat_score>0,26,0
1mlxbrq,bat_score>0,4,0
1mmi9jn,bat_score>0,27,0
1mo5pmc,bat_score>0,117,0
1mox0a1,bat_score>0,0,1
1mpvwzo,bat_score>0,1,0
1mukp21,bat_score>0,35,0
1mvq5up,bat_score>0,9,0
1mw5hjh,bat_score>0,25,0
1mwnmep,bat_score>0,8,0
1mx57uw,bat_score>0,3,0
1mx6sov,bat_score>0,22,0
1mygrbm,bat_score>0,2,0
1mzuvvp,bat_score>0,22,0
1n0x159,bat_score>0,19,0
1n1o9yh,bat_score>0,18,0
1n26v7q,bat_score>0,36,0
1n2okq3,bat_score>0,6,0
1n397uv,bat_score>0,3,0
1n3y8b8,bat_score>0,39,0
1n4ko4w,bat_score>0,4,0
1n4kmfz,bat_score>0,0,1
1n5mvxn,bat_score>0,5,0
1n707d5,bat_score>0,3,0
1n7ntvi,bat_score>0,145,0
1n7ovzw,bat_score>0,13,0
1n8jscu,bat_score>0,29,0
1namq3f,bat_score>0,43,0
1naug2w,bat_score>0,5,0
1naz9n7,bat_score>0,117,0
1nbu1i3,bat_score>0,2,0
1ndkxx3,bat_score>0,41,0
1ndutay,bat_score>0,11,0
1ndnq3s,bat_score>0,10,0
1ne8kcv,bat_score>0,27,0
1nezj7i,bat_score>0,5,0
1nehgpz,bat_score>0,1,0
1nhc80k,bat_score>0,29,0
1nixufi,bat_score>0,18,0
1niyzo0,bat_score>0,22,0
1njdyx7,bat_score>0,12,0
1nk03rs,bat_score>0,114,0
1nkcje5,bat_score>0,53,0
1nm9cjl,bat_score>0,2,0
1nnol0x,bat_score>0,8,0
1nozc7l,bat_score>0,1,0
1nppuse,bat_score>0,9,0
1nqbnow,bat_score>0,2,0
1nt46sm,bat_score>0,12,0
1ntlt1c,bat_score>0,77,0
1ntocfs,bat_score>0,4,0
1nulk5b,bat_score>0,35,0
1nued7s,bat_score>0,26,0
1nvoqkq,bat_score>0,3,0
1nwd58p,bat_score>0,65,0
1nwr4te,bat_score>0,90,0
1o0t81f,bat_score>0,6,0
1o110x7,bat_score>0,9,0
1o23xoe,bat_score>0,1,0
1o2vsdf,bat_score>0,2,0
1o2yzk9,bat_score>0,8,0
1o317y7,bat_score>0,40,0
1o5lhu7,bat_score>0,70,0
1o5shiy,bat_score>0,4,0
1o64rfr,bat_score>0,3,0
1o5vt1a,bat_score>0,1,0
1o6qml3,bat_score>0,0,1
1o8fc0b,bat_score>0,50,0
1o8impf,bat_score>0,29,0
1o8h0bl,bat_score>0,1,0
1o9ocp5,bat_score>0,19,0
1och2bi,bat_score>0,12,0
1ocq23r,bat_score>0,20,0
1ocw1vz,bat_score>0,6,0
1ocx6ge,bat_score>0,15,0
1odhoyt,bat_score>0,16,0
1odxzjg,bat_score>0,4,0
1oeaabi,bat_score>0,3,0
1oejnzi,bat_score>0,37,0
1oeg87d,bat_score>0,5,0
1ofmro0,bat_score>0,9,0
1og98bw,bat_score>0,7,0
1ohbbex,bat_score>0,5,0
1ojyed4,bat_score>0,1,0
1okopit,bat_score>0,31,0
1olxk6s,bat_score>0,8,0
1one6s5,bat_score>0,11,0
1on37mj,bat_score>0,5,0
1onp07j,bat_score>0,10,0
1oo72t3,bat_score>0,6,0
1op4qy2,bat_score>0,2,0
1op6w5m,bat_score>0,3,0
1op873t,bat_score>0,66,0
1oq358g,bat_score>0,8,0
1oq9ta8,bat_score>0,3,0
1oqiu17,bat_score>0,4,0
1oqw36j,bat_score>0,17,0
1ore825,bat_score>0,101,0
1or3lcr,bat_score>0,23,0
1orrf40,bat_score>0,6,0
1otccwx,bat_score>0,4,0
1otsy86,bat_score>0,63,0
1otwbco,bat_score>0,1,0
1ov4peo,bat_score>0,3,0
1ovf1ag,bat_score>0,4,0
1ow2g0r,bat_score>0,4,0
1ow1xt3,bat_score>0,8,0
1ow1m6k,bat_score>0,10,0
1oxhoro,bat_score>0,12,0
1oxli0y,bat_score>0,21,0
1ozbxqt,bat_score>0,50,0
1ozza4o,bat_score>0,2,0
1p0lne3,bat_score>0,300,0
1p11s6d,bat_score>0,4,0
1p1wq6a,bat_score>0,30,0
1p2nz9w,bat_score>0,2,0
1p337uu,bat_score>0,6,0
1p4nlaq,bat_score>0,31,0
1p66ugb,bat_score>0,10,0
1p5tmkc,bat_score>0,3,0
1p6p2wx,bat_score>0,1,0
1p77ded,bat_score>0,11,0
1p7zeny,bat_score>0,12,0
1p99dtf,bat_score>0,48,0
1p9oyhf,bat_score>0,6,0
1padlpx,bat_score>0,3,0
1pccptl,bat_score>0,19,0
1pcc2as,bat_score>0,27,0
1pfv33h,bat_score>0,15,0
1pgvu9m,bat_score>0,7,0
1pizgho,bat_score>0,56,0
1pjg9fo,bat_score>0,11,0
1pjaahe,bat_score>0,15,0
1pku5ie,bat_score>0,3,0
1pltq1c,bat_score>0,1,0
1pmpsk8,bat_score>0,6,0
1pnfg75,bat_score>0,205,0
1pnj3pb,bat_score>0,59,0
1ppbh4i,bat_score>0,39,0
1pp4hqx,bat_score>0,21,0
1ppg63m,bat_score>0,8,0
1pqv3z0,bat_score>0,10,0
1ps8odq,bat_score>0,53,0
1ptq9qz,bat_score>0,33,0
1pu0apn,bat_score>0,4,0
1pun3es,bat_score>0,27,0
1pvhoy4,bat_score>0,12,0
1pwykhc,bat_score>0,9,0
1pxvufp,bat_score>0,22,0
1pxj7i9,bat_score>0,18,0
1pynjc9,bat_score>0,38,0
1pz1tcf,bat_score>0,34,0
1pzos41,bat_score>0,7,0
1q068gz,bat_score>0,6,0
1q2l8sy,bat_score>0,4,0
1q3gidv,bat_score>0,1,0
1q3jmsm,bat_score>0,34,0
1q4bqxh,bat_score>0,7,0
1q4hbbg,bat_score>0,56,0
1q4lgkt,bat_score>0,8,0
1q5hk1n,bat_score>0,6,0
1q77q58,bat_score>0,51,0
1q7ct6w,bat_score>0,4,0
1q8obcy,bat_score>0,23,0
1qaji22,bat_score>0,162,0
1qaqrri,bat_score>0,31,0
1qb7g16,bat_score>0,3,0
1qcw7eg,bat_score>0,1,0
1qcvnym,bat_score>0,0,1
1qcxmx9,bat_score>0,19,0
1qcxqr8,bat_score>0,12,0
1qduekp,bat_score>0,11,0
1qdt6ft,bat_score>0,6,0
1qe43gd,bat_score>0,5,0
1qfm52a,bat_score>0,8,0
1qgqdbq,bat_score>0,15,0
1qhyure,bat_score>0,33,0
1qi1zez,bat_score>0,17,0
1qigs66,bat_score>0,0,1
1qjqydq,bat_score>0,26,0
1qjwoei,bat_score>0,27,0
1qk9y5o,bat_score>0,14,0
1qkiqhv,bat_score>0,0,1
1qkk135,bat_score>0,5,0
1qlbls8,bat_score>0,34,0
1qldxon,bat_score>0,9,0
1qn6t4k,bat_score>0,13,0
1qnalrd,bat_score>0,3,0
1qntnix,bat_score>0,6,0
1qo35j7,bat_score>0,48,0
1qo0acq,bat_score>0,8,0
1qo3c3j,bat_score>0,18,0
1qpc4iq,bat_score>0,25,0
1qphmky,bat_score>0,10,0
1qqhpwt,bat_score>0,29,0
1qqhvzm,bat_score>0,1,0
1qrgi2z,bat_score>0,22,0
1qryc22,bat_score>0,2,0
1qsln27,bat_score>0,3,0
1qt4cku,bat_score>0,4,0
1qtiytn,bat_score>0,12,0
1qux4zh,bat_score>0,18,0
1qvgy14,bat_score>0,6,0
1qwvb38,bat_score>0,1,0
1qxodbh,bat_score>0,13,0
1qyhkkz,bat_score>0,20,0
1r017p7,bat_score>0,15,0
1r0gzx3,bat_score>0,3,0
1r0ploc,bat_score>0,7,0
1r2wrl4,bat_score>0,18,0
1r37gl5,bat_score>0,71,0
1r61uvg,bat_score>0,2,0
1r673hy,bat_score>0,2,0
1r9gbte,bat_score>0,2,0
1r9r16g,bat_score>0,7,0
1ra6jrp,bat_score>0,16,0
1ramjur,bat_score>0,14,0
1rcihhc,bat_score>0,26,0
1rcpv5v,bat_score>0,9,0
1rcved5,bat_score>0,3,0
1rdj9at,bat_score>0,12,0
1rdo5g1,bat_score>0,11,0
1rdk5bk,bat_score>0,50,0
1req077,bat_score>0,2,0
1rferhn,bat_score>0,31,0
1rfyno0,bat_score>0,26,0
1rg83d0,bat_score>0,184,0
1rhmqxd,bat_score>0,12,0
1ri1mbl,bat_score>0,9,0
1rim2at,bat_score>0,3,0
1rit61q,bat_score>0,7,0
1rjswft,bat_score>0,28,0
1rkn6zc,bat_score>0,16,0
1rl4y46,bat_score>0,12,0
1rm6s1l,bat_score>0,15,0
1rmhv5l,bat_score>0,11,0
1rnvhy2,bat_score>0,2,0
1ro5bt0,bat_score>0,4,0
1roekar,bat_score>0,12,0
1rph0g9,bat_score>0,5,0
1rrx81j,bat_score>0,4,0
1rswl4d,bat_score>0,2,0
1rveozg,bat_score>0,3,0
1rvwy3g,bat_score>0,10,0
1rvyqw5,bat_score>0,18,0
1rxmcvu,bat_score>0,10,0
1ryesvt,bat_score>0,6,0
1s07tle,bat_score>0,16,0
1s0xjoh,bat_score>0,57,0
1s1c5i7,bat_score>0,0,1
1s29kqz,bat_score>0,11,0
1s3dbpa,bat_score>0,16,0
1s3eneq,bat_score>0,3,0
1s3f0p5,bat_score>0,1,0
1s3dwdq,bat_score>0,5,0
1s4d00h,bat_score>0,4,0
1s4q2l3,bat_score>0,20,0
1s5w9br,bat_score>0,5,0
1s862x0,bat_score>0,9,0
1s9txqr,bat_score>0,29,0
1sa26fg,bat_score>0,56,0
1safq3a,bat_score>0,39,0
1sappfl,bat_score>0,1,0
1saxg40,bat_score>0,18,0
1sczjz9,bat_score>0,3,0
1scw5f3,bat_score>0,5,0
1sd83kn,bat_score>0,2,0
1sdt12c,bat_score>0,22,0
1se1xr1,bat_score>0,3,0
1se7sf3,bat_score>0,17,0
1seof3m,bat_score>0,6,0
1sexzs6,bat_score>0,2,0
1sf6iup,bat_score>0,33,0
1sfq79q,bat_score>0,2,0
1sgbuw7,bat_score>0,76,0
1sgtxae,bat_score>0,12,0
1sh0vil,bat_score>0,2,0
1shihny,bat_score>0,2,0
1shhjqk,bat_score>0,20,0
1shm0p9,bat_score>0,69,0
1sibhjd,bat_score>0,62,0
1sme1p6,bat_score>0,15,0
1smuk2f,bat_score>0,4,0
1sn6bl5,bat_score>0,23,0
1snyavv,bat_score>0,14,0
1so3jml,bat_score>0,72,0
1spfzdg,bat_score>0,17,0
1sq1yj0,bat_score>0,31,0
1srli4x,bat_score>0,1,0
1ss4qln,bat_score>0,15,0
1ssioqs,bat_score>0,6,0
1sur7g0,bat_score>0,34,0
al5uqp,bat_score>0,9,0
bohsak,bat_score>0,2,0
c1c8g9,bat_score>0,4,0
dem6lv,bat_score>0,3,0
eqkrjw,bat_score>0,3,0
gtz5vq,bat_score>0,1,0
guxycv,bat_score>0,2,0
hus70r,bat_score>0,1,0
jgpjuq,bat_score>0,2,0
jmwvms,bat_score>0,8,0
jvgqmj,bat_score>0,1,0
jxjv4i,bat_score>0,10,0
kdzd66,bat_score>0,2,0
kd223r,bat_score>0,6,0
kwp814,bat_score>0,5,0
l2u00h,bat_score>0,4,0
lsrbc2,bat_score>0,2,0
lvia18,bat_score>0,3,0
m53cmf,bat_score>0,6,0
m0ox0y,bat_score>0,8,0
m5c6sf,bat_score>0,1,0
m9qa1v,bat_score>0,5,0
mchuoc,bat_score>0,7,0
mhdpwc,bat_score>0,2,0
mhgu90,bat_score>0,6,0
mz5qty,bat_score>0,2,0
n06wih,bat_score>0,5,0
n45gy8,bat_score>0,2,0
nbqdzi,bat_score>0,6,0
nfll59,bat_score>0,4,0
ngac2v,bat_score>0,4,0
nll054,bat_score>0,4,0
nr5k27,bat_score>0,4,0
o61t7z,bat_score>0,9,0
obm2vx,bat_score>0,8,0
onrmn5,bat_score>0,10,0
oy444s,bat_score>0,4,0
p45nbo,bat_score>0,3,0
pasz31,bat_score>0,2,0
pjmu65,bat_score>0,8,0
pm0ox5,bat_score>0,2,0
pqdxx3,bat_score>0,5,0
pynaq1,bat_score>0,4,0
q23mbv,bat_score>0,8,0
qb14bd,bat_score>0,2,0
qzyp2b,bat_score>0,1,0
t9ji2t,bat_score>0,3,0
tx86m3,bat_score>0,5,0
u7y56p,bat_score>0,4,0
ugp5wl,bat_score>0,5,0
va2qk8,bat_score>0,3,0
vbg4du,bat_score>0,10,0
vdv9el,bat_score>0,4,0
vdqrnl,bat_score>0,4,0
vj2z7u,bat_score>0,9,0
vhs66m,bat_score>0,9,0
vjt24u,bat_score>0,2,0
vkgwdc,bat_score>0,2,0
vrs421,bat_score>0,6,0
w4hhd9,bat_score>0,8,0
w6maro,bat_score>0,3,0
wdewz4,bat_score>0,2,0
wdcru3,bat_score>0,2,0
wgs63m,bat_score>0,9,0
wljhna,bat_score>0,2,0
wq5jyw,bat_score>0,3,0
xdaudq,bat_score>0,9,0
xp7ewm,bat_score>0,5,0
y8zthk,bat_score>0,5,0
yoe69h,bat_score>0,7,0
yve8ga,bat_score>0,3,0
zi1nmu,bat_score>0,7,0
zsmzy9,bat_score>0,1,0
zqrz5q,bat_score>0,16,0
zw2obv,bat_score>0,1,0
zygltc,bat_score>0,2,0
107x56f,bat_score>0,5,0
10d9k0z,bat_score>0,6,0
10iu7i2,bat_score>0,5,0
10kp26x,bat_score>0,28,0
10p9gbt,bat_score>0,4,0
10ppzr2,bat_score>0,15,0
10q4gzb,bat_score>0,7,0
10y8szd,bat_score>0,4,0
10uh2d5,bat_score>0,13,0
11cglpy,bat_score>0,6,0
11g9h3j,bat_score>0,3,0
11i8qzw,bat_score>0,1,0
11ekcnj,bat_score>0,9,0
11l7mkd,bat_score>0,3,0
127c71i,bat_score>0,4,0
129aitm,bat_score>0,5,0
127nuxl,bat_score>0,4,0
12d0ms4,bat_score>0,3,0
12eyway,bat_score>0,3,0
12xy4fh,bat_score>0,2,0
13bl1zq,bat_score>0,12,0
13ewpzp,bat_score>0,3,0
13jz2mc,bat_score>0,3,0
13pbak2,bat_score>0,1,0
149oz7f,bat_score>0,6,0
14evqg4,bat_score>0,3,0
14f0dty,bat_score>0,1,0
14gdxpn,bat_score>0,1,0
14h6y0e,bat_score>0,3,0
14r9ao7,bat_score>0,5,0
14w71c5,bat_score>0,4,0
1547kuq,bat_score>0,2,0
1547krh,bat_score>0,3,0
15a8j5f,bat_score>0,3,0
15ifftc,bat_score>0,1,0
15m22d5,bat_score>0,4,0
15strf8,bat_score>0,0,1
15t05jv,bat_score>0,3,0
15tsy3o,bat_score>0,5,0
15ycepi,bat_score>0,4,0
164df5m,bat_score>0,2,0
1652ja3,bat_score>0,10,0
169b7py,bat_score>0,5,0
16dh5p3,bat_score>0,9,0
16cxdja,bat_score>0,2,0
16uy7xz,bat_score>0,2,0
16yfopv,bat_score>0,0,1
16z0v6x,bat_score>0,1,0
17a3dvb,bat_score>0,0,1
1796oam,bat_score>0,0,1
17kv6yk,bat_score>0,8,0
17srbos,bat_score>0,1,0
186hv1z,bat_score>0,5,0
18grweg,bat_score>0,3,0
18kan1n,bat_score>0,2,0
18okxr1,bat_score>0,4,0
18vzojt,bat_score>0,4,0
191k12p,bat_score>0,6,0
192ju2m,bat_score>0,3,0
19bmpzj,bat_score>0,2,0
19dstnj,bat_score>0,7,0
1an5so3,bat_score>0,5,0
1apmcao,bat_score>0,19,0
1as49b1,bat_score>0,3,0
1at2z2s,bat_score>0,16,0
1asg5ec,bat_score>0,3,0
1avkhta,bat_score>0,2,0
1axczp1,bat_score>0,3,0
1ayajm0,bat_score>0,4,0
1bcz6td,bat_score>0,1,0
1bi2zb1,bat_score>0,4,0
1bpdn8q,bat_score>0,0,1
1bqu2yu,bat_score>0,0,1
1bud9we,bat_score>0,1,0
1c4ym6f,bat_score>0,2,0
1c5giop,bat_score>0,2,0
1c6ggh0,bat_score>0,1,0
1c6ptsu,bat_score>0,6,0
1c7mbbm,bat_score>0,2,0
1c88vxi,bat_score>0,1,0
1cbnywx,bat_score>0,3,0
1cc4kdf,bat_score>0,2,0
1civsth,bat_score>0,4,0
1ck4q4t,bat_score>0,3,0
1cjw8i2,bat_score>0,1,0
1coxf6d,bat_score>0,1,0
1copcqw,bat_score>0,6,0
1cpc9dx,bat_score>0,4,0
1cqmbsa,bat_score>0,4,0
1cvr2va,bat_score>0,4,0
1ctpmzg,bat_score>0,0,1
1d43uj4,bat_score>0,15,0
1d2mroi,bat_score>0,4,0
1dcpvwh,bat_score>0,4,0
1dh6gmw,bat_score>0,2,0
1dna5qr,bat_score>0,6,0
1drdq23,bat_score>0,1,0
1dsxhxo,bat_score>0,4,0
1du39td,bat_score>0,0,1
1dx7ia0,bat_score>0,6,0
1dz18ft,bat_score>0,0,1
1e1oq2d,bat_score>0,0,1
1e2ninq,bat_score>0,6,0
1e6vp22,bat_score>0,2,0
1e90rox,bat_score>0,3,0
1eaiplu,bat_score>0,0,1
1eb7h3i,bat_score>0,6,0
1ek7jef,bat_score>0,0,1
1ekwkvr,bat_score>0,4,0
1eki9bz,bat_score>0,0,1
1f1wk6m,bat_score>0,13,0
1f4drdr,bat_score>0,2,0
1f9w88a,bat_score>0,2,0
1fbhmbd,bat_score>0,4,0
1fbvynt,bat_score>0,0,1
1fgdoh6,bat_score>0,6,0
1fiaeeh,bat_score>0,4,0
1fl1eqk,bat_score>0,5,0
1fmimk5,bat_score>0,1,0
1fnu59t,bat_score>0,2,0
1fosbmy,bat_score>0,0,1
1ft1zjq,bat_score>0,3,0
1ftcia7,bat_score>0,1,0
1fu7qh2,bat_score>0,6,0
1fxw9b3,bat_score>0,4,0
1g0p8hp,bat_score>0,4,0
1g49yjw,bat_score>0,1,0
1g4r3v2,bat_score>0,3,0
1g6rol0,bat_score>0,10,0
1g8niw0,bat_score>0,3,0
1g8s6j3,bat_score>0,3,0
1gbe5u0,bat_score>0,4,0
1geiby9,bat_score>0,1,0
1gojmts,bat_score>0,3,0
1gq12km,bat_score>0,13,0
1gsqkud,bat_score>0,3,0
1gvqk94,bat_score>0,19,0
1h2morz,bat_score>0,4,0
1h6kwfk,bat_score>0,23,0
1h7pm6f,bat_score>0,4,0
1h8tc8i,bat_score>0,11,0
1hdl3a3,bat_score>0,1,0
1he3jvl,bat_score>0,1,0
1hjie0w,bat_score>0,19,0
1hop788,bat_score>0,6,0
1hsrsbl,bat_score>0,5,0
1hws8fg,bat_score>0,0,1
1hy9j0u,bat_score>0,1,0
1i0271u,bat_score>0,1,0
1i04gsu,bat_score>0,0,1
1i0zr66,bat_score>0,0,1
1i3f4db,bat_score>0,2,0
1i3l3cf,bat_score>0,2,0
1i3n9qc,bat_score>0,0,1
1i7ktyv,bat_score>0,3,0
1iblc42,bat_score>0,9,0
1ic3lfx,bat_score>0,7,0
1icxtr3,bat_score>0,12,0
1ie8tff,bat_score>0,0,1
1igoawe,bat_score>0,14,0
1ihq5rm,bat_score>0,3,0
1ij4i5u,bat_score>0,13,0
1ijyx2n,bat_score>0,1,0
1ikx6pm,bat_score>0,3,0
1ipeyb3,bat_score>0,10,0
1iqp3z7,bat_score>0,22,0
1irnnvk,bat_score>0,3,0
1is1t4t,bat_score>0,1,0
1iun0oa,bat_score>0,8,0
1ivfmzs,bat_score>0,10,0
1ix5tt6,bat_score>0,43,0
1ixfsr4,bat_score>0,2,0
1ixfv98,bat_score>0,3,0
1iy7puq,bat_score>0,9,0
1iz3smu,bat_score>0,13,0
1j035u0,bat_score>0,10,0
1j4gntv,bat_score>0,1,0
1j70qve,bat_score>0,6,0
1j84q51,bat_score>0,8,0
1j8d93t,bat_score>0,10,0
1j8ktnp,bat_score>0,5,0
1jdrp3q,bat_score>0,2,0
1jfdey5,bat_score>0,6,0
1jgpkop,bat_score>0,0,1
1jhsuwm,bat_score>0,2,0
1jj36gd,bat_score>0,1,0
1jn4hmo,bat_score>0,1,0
1jnwng8,bat_score>0,3,0
1jqcvck,bat_score>0,0,1
1jtxwc8,bat_score>0,19,0
1juw86d,bat_score>0,13,0
1juttev,bat_score>0,3,0
1jwcf6q,bat_score>0,1,0
1jwp0sq,bat_score>0,0,1
1jwlnrh,bat_score>0,0,1
1k00dqz,bat_score>0,10,0
1k2f4p4,bat_score>0,10,0
1k5tci0,bat_score>0,2,0
1k6c679,bat_score>0,2,0
1k6tx9t,bat_score>0,9,0
1k77u9a,bat_score>0,21,0
1k79vdm,bat_score>0,1,0
1kajw9z,bat_score>0,4,0
1katd17,bat_score>0,2,0
1kcncpr,bat_score>0,4,0
1kh1zqv,bat_score>0,4,0
1kmov1l,bat_score>0,5,0
1ko306w,bat_score>0,15,0
1krhmzn,bat_score>0,15,0
1kso42y,bat_score>0,13,0
1ktjann,bat_score>0,3,0
1kvj0rw,bat_score>0,18,0
1kvvw04,bat_score>0,3,0
1kwc2j8,bat_score>0,6,0
1kwu1id,bat_score>0,1,0
1l04fz4,bat_score>0,5,0
1l3bcsn,bat_score>0,2,0
1l6t6hg,bat_score>0,4,0
1l766f8,bat_score>0,2,0
1l7jop3,bat_score>0,18,0
1l7lj8m,bat_score>0,1,0
1l87hif,bat_score>0,1,0
1l99yp1,bat_score>0,1,0
1l9lkw3,bat_score>0,1,0
1lcw7r2,bat_score>0,2,0
1ldncj0,bat_score>0,3,0
1ldq429,bat_score>0,2,0
1leb417,bat_score>0,3,0
1lelahi,bat_score>0,5,0
1lg09qo,bat_score>0,0,1
1lin59b,bat_score>0,5,0
1liwtii,bat_score>0,5,0
1lkn8be,bat_score>0,2,0
1lknqt8,bat_score>0,6,0
1losndk,bat_score>0,6,0
1lov0kr,bat_score>0,2,0
1lpwuqq,bat_score>0,10,0
1lpuc93,bat_score>0,21,0
1ls437t,bat_score>0,0,1
1lvhblp,bat_score>0,8,0
1lvk6ki,bat_score>0,20,0
1lxlo7d,bat_score>0,0,1
1lzsood,bat_score>0,12,0
1lzjqjp,bat_score>0,9,0
1m000a8,bat_score>0,6,0
1m01d6x,bat_score>0,9,0
1m0dbze,bat_score>0,3,0
1m29zif,bat_score>0,0,1
1m5ajbh,bat_score>0,1,0
1m5fze0,bat_score>0,1,0
1m833zh,bat_score>0,0,1
1m9nocp,bat_score>0,14,0
1mak9mf,bat_score>0,2,0
1mclnb7,bat_score>0,2,0
1mct3zb,bat_score>0,5,0
1mdl82o,bat_score>0,11,0
1mdrm5v,bat_score>0,1,0
1mdw4z9,bat_score>0,5,0
1mde7kv,bat_score>0,2,0
1meamwa,bat_score>0,21,0
1mepy9g,bat_score>0,3,0
1mf046d,bat_score>0,28,0
1mhozah,bat_score>0,1,0
1mgzor0,bat_score>0,102,0
1mnpui4,bat_score>0,1,0
1mo4ezo,bat_score>0,2,0
1mosnvs,bat_score>0,1,0
1mocjuq,bat_score>0,31,0
1mqlp0f,bat_score>0,6,0
1mq14rq,bat_score>0,34,0
1mq1ayy,bat_score>0,0,1
1ms1h1b,bat_score>0,4,0
1msu4z4,bat_score>0,1,0
1mt3pcp,bat_score>0,11,0
1mtifjz,bat_score>0,2,0
1mtmgu9,bat_score>0,1,0
1muu4nu,bat_score>0,64,0
1mwt1kf,bat_score>0,7,0
1mwz78a,bat_score>0,3,0
1mwvb0h,bat_score>0,1,0
1mxy4ap,bat_score>0,7,0
1myv1nx,bat_score>0,10,0
1myvs5z,bat_score>0,1,0
1mzjjay,bat_score>0,4,0
1n0z3bi,bat_score>0,0,1
1n4brz6,bat_score>0,15,0
1n602g4,bat_score>0,12,0
1n5m9se,bat_score>0,0,1
1n60unb,bat_score>0,0,1
1n6dfdk,bat_score>0,5,0
1n6nori,bat_score>0,1,0
1n7rj82,bat_score>0,22,0
1n8apa6,bat_score>0,1,0
1n8a53d,bat_score>0,18,0
1n9n0ll,bat_score>0,1,0
1ndffse,bat_score>0,41,0
1ndfk0e,bat_score>0,17,0
1ngabrg,bat_score>0,3,0
1ng1jsi,bat_score>0,31,0
1ngtul5,bat_score>0,1,0
1ngmbau,bat_score>0,19,0
1nin202,bat_score>0,8,0
1nindbh,bat_score>0,9,0
1njk8ut,bat_score>0,1,0
1njakoy,bat_score>0,9,0
1nk75b8,bat_score>0,29,0
1nkgg7d,bat_score>0,3,0
1nlrtub,bat_score>0,1,0
1nmgrnp,bat_score>0,1,0
1nnd613,bat_score>0,2,0
1nnokcb,bat_score>0,3,0
1nnojox,bat_score>0,4,0
1nnvooi,bat_score>0,1,0
1nog78o,bat_score>0,63,0
1np1yab,bat_score>0,0,1
1nrzrxv,bat_score>0,9,0
1ntjb5v,bat_score>0,44,0
1ntv4pq,bat_score>0,89,0
1nu9aoq,bat_score>0,7,0
1nun42v,bat_score>0,7,0
1nv74rq,bat_score>0,4,0
1nw1v7e,bat_score>0,32,0
1nwa6ic,bat_score>0,13,0
1nxisuu,bat_score>0,2,0
1nyb7a3,bat_score>0,2,0
1nz2edi,bat_score>0,38,0
1nz1typ,bat_score>0,9,0
1nz0or7,bat_score>0,2,0
1nztc8d,bat_score>0,2,0
1o06pvy,bat_score>0,8,0
1o1r145,bat_score>0,1,0
1o1h71p,bat_score>0,3,0
1o2peo9,bat_score>0,17,0
1o5vypj,bat_score>0,2,0
1o65tna,bat_score>0,1,0
1o6jhcx,bat_score>0,4,0
1o8aujc,bat_score>0,0,1
1odg0cu,bat_score>0,19,0
1oe5fqe,bat_score>0,6,0
1oe80v3,bat_score>0,0,1
1og5nsq,bat_score>0,6,0
1oiu3ad,bat_score>0,1,0
1omda9d,bat_score>0,4,0
1on38pm,bat_score>0,5,0
1oofzah,bat_score>0,2,0
1opfav7,bat_score>0,8,0
1ou1hab,bat_score>0,1,0
1ou8cjs,bat_score>0,1,0
1ouflb7,bat_score>0,0,1
1oufrf9,bat_score>0,0,1
1oukajo,bat_score>0,4,0
1ovmgz3,bat_score>0,5,0
1ovhpf9,bat_score>0,4,0
1ox30hc,bat_score>0,2,0
1oyonyq,bat_score>0,5,0
1oyss4w,bat_score>0,5,0
1oysu6z,bat_score>0,8,0
1p27gii,bat_score>0,8,0
1p4eg4c,bat_score>0,5,0
1p60oft,bat_score>0,0,1
1p6u141,bat_score>0,3,0
1p7zfp4,bat_score>0,4,0
1p8prc6,bat_score>0,2,0
1p9xyzb,bat_score>0,7,0
1pbbple,bat_score>0,5,0
1peznt3,bat_score>0,3,0
1pfbr4c,bat_score>0,5,0
1pimlrl,bat_score>0,2,0
1piymr0,bat_score>0,4,0
1pk1al6,bat_score>0,6,0
1pkvyrt,bat_score>0,1,0
1pkz3ks,bat_score>0,4,0
1pkyyz0,bat_score>0,0,1
1pl54wy,bat_score>0,2,0
1pqsoko,bat_score>0,2,0
1ptqbl1,bat_score>0,11,0
1pz5ipn,bat_score>0,24,0
1pyl3jz,bat_score>0,5,0
1pztck5,bat_score>0,3,0
1q01e2v,bat_score>0,2,0
1q0eo61,bat_score>0,1,0
1q0js48,bat_score>0,3,0
1q1mmix,bat_score>0,2,0
1q5qmxq,bat_score>0,9,0
1q601fm,bat_score>0,2,0
1q6cpd9,bat_score>0,3,0
1q6ry4t,bat_score>0,20,0
1q6sro0,bat_score>0,1,0
1q7mv5v,bat_score>0,5,0
1qajrpr,bat_score>0,4,0
1qbru4n,bat_score>0,1,0
1qc4jmf,bat_score>0,7,0
1qe6s2c,bat_score>0,5,0
1qgsbfi,bat_score>0,2,0
1qhdw94,bat_score>0,9,0
1qihejw,bat_score>0,8,0
1qpdjx7,bat_score>0,2,0
1qpg6lu,bat_score>0,1,0
1qq7c83,bat_score>0,6,0
1qqt2ec,bat_score>0,2,0
1qrgc1t,bat_score>0,0,1
1qugc0q,bat_score>0,3,0
1qwtdt6,bat_score>0,1,0
1qwucbb,bat_score>0,1,0
1qysgex,bat_score>0,5,0
1qzro6n,bat_score>0,1,0
1qzqobp,bat_score>0,4,0
1r0kojv,bat_score>0,1,0
1r1b8t6,bat_score>0,2,0
1r3pa4j,bat_score>0,2,0
1r52nfq,bat_score>0,3,0
1r78fh1,bat_score>0,9,0
1r8hcl3,bat_score>0,0,1
1r8vhqv,bat_score>0,12,0
1ra1w5f,bat_score>0,10,0
1rc1j4z,bat_score>0,4,0
1rcitpf,bat_score>0,0,1
1reouyt,bat_score>0,11,0
1reljcf,bat_score>0,2,0
1rfdn5b,bat_score>0,0,1
1riztd8,bat_score>0,9,0
1rjttbe,bat_score>0,3,0
1rk066b,bat_score>0,16,0
1rkunu5,bat_score>0,4,0
1ro75q8,bat_score>0,11,0
1rnklaz,bat_score>0,4,0
1ro9ntr,bat_score>0,0,1
1rpju1t,bat_score>0,10,0
1rqesd3,bat_score>0,9,0
1rs7brn,bat_score>0,3,0
1rssj5z,bat_score>0,2,0
1rtopo4,bat_score>0,2,0
1rt1px1,bat_score>0,4,0
1rtl0x1,bat_score>0,5,0
1rut0ny,bat_score>0,6,0
1rwe5vf,bat_score>0,1,0
1rylr2l,bat_score>0,2,0
1ryj510,bat_score>0,2,0
1s0826o,bat_score>0,2,0
1s2m69q,bat_score>0,2,0
1s2xgyr,bat_score>0,11,0
1s4hmmm,bat_score>0,9,0
1s6lq91,bat_score>0,32,0
1s9ohxp,bat_score>0,17,0
1sahhnf,bat_score>0,8,0
1sdta06,bat_score>0,3,0
1sdo3d0,bat_score>0,10,0
1sem2pb,bat_score>0,3,0
1sfm5qj,bat_score>0,7,0
1sgziq4,bat_score>0,10,0
1skyoq1,bat_score>0,5,0
1ss2l5l,bat_score>0,9,0
1svg8ac,bat_score>0,2,0
7nnzzd,bat_score>0,13,0
7ny9wu,bat_score>0,6,0
7o44uo,bat_score>0,5,0
7o86fy,bat_score>0,15,0
7odlkl,bat_score>0,4,0
7oenzg,bat_score>0,11,0
7ohx29,bat_score>0,14,0
7okj43,bat_score>0,5,0
7ov75c,bat_score>0,9,0
7ovuxt,bat_score>0,4,0
7oya1b,bat_score>0,12,0
7p1k8o,bat_score>0,20,0
7p37ca,bat_score>0,7,0
7p5u0g,bat_score>0,7,0
7p7qci,bat_score>0,4,0
7phzy2,bat_score>0,2,0
7pl0ks,bat_score>0,7,0
7pl1ex,bat_score>0,24,0
7pky1u,bat_score>0,137,0
7pnbg1,bat_score>0,5,0
7poppk,bat_score>0,131,0
7ppp1w,bat_score>0,101,0
7pqhso,bat_score>0,2,0
7pwfbq,bat_score>0,31,0
7pwtbu,bat_score>0,37,0
7px57q,bat_score>0,15,0
7py1lc,bat_score>0,8,0
7pzuv1,bat_score>0,9,0
7q0m8c,bat_score>0,40,0
7q1w87,bat_score>0,12,0
7q6jev,bat_score>0,24,0
7qlj1y,bat_score>0,4,0
7qnfwg,bat_score>0,12,0
7qnljw,bat_score>0,10,0
7qoljv,bat_score>0,10,0
7qsc5i,bat_score>0,33,0
7quk69,bat_score>0,1,0
7quso7,bat_score>0,8,0
7r2rbn,bat_score>0,11,0
7r4euf,bat_score>0,4,0
7r4q5j,bat_score>0,17,0
7r86e2,bat_score>0,13,0
7r9uuk,bat_score>0,5,0
7ranwj,bat_score>0,9,0
7rbdcv,bat_score>0,5,0
7rfq6t,bat_score>0,1,0
7rmhjd,bat_score>0,9,0
7roema,bat_score>0,5,0
7rtlv3,bat_score>0,9,0
7s8zon,bat_score>0,11,0
7salsf,bat_score>0,7,0
7sb6lw,bat_score>0,2,0
7seh1b,bat_score>0,73,0
7siivz,bat_score>0,5,0
7sm4hq,bat_score>0,13,0
7sn23c,bat_score>0,55,0
7soreu,bat_score>0,7,0
7su98d,bat_score>0,2,0
7svrdi,bat_score>0,13,0
7sy64o,bat_score>0,8,0
7syjva,bat_score>0,4,0
7t0gr8,bat_score>0,2,0
7t0lm2,bat_score>0,2,0
7t6cwb,bat_score>0,3,0
7t7gtx,bat_score>0,11,0
7tdafy,bat_score>0,10,0
7tskh7,bat_score>0,4,0
7tsvj6,bat_score>0,13,0
7tyop2,bat_score>0,21,0
7u8n32,bat_score>0,32,0
7u9qsl,bat_score>0,20,0
7ubr0x,bat_score>0,31,0
7uf91t,bat_score>0,3,0
7uf1yl,bat_score>0,680,0
7ujdr7,bat_score>0,5,0
7uk1pt,bat_score>0,7,0
7ukxqy,bat_score>0,2,0
7uq6fc,bat_score>0,112,0
7usb3b,bat_score>0,162,0
7utj2b,bat_score>0,5,0
7utv55,bat_score>0,35,0
7uui3a,bat_score>0,12,0
7ux404,bat_score>0,3,0
7v3bj4,bat_score>0,10,0
7v8skl,bat_score>0,104,0
7vf9y5,bat_score>0,5,0
7voz20,bat_score>0,78,0
7vs0ax,bat_score>0,6,0
7vw7nm,bat_score>0,3,0
7vvvy8,bat_score>0,3,0
7vx8d3,bat_score>0,17,0
7vygat,bat_score>0,12,0
7vyvbq,bat_score>0,92,0
7w0ed2,bat_score>0,17,0
7w11gw,bat_score>0,10,0
7w3493,bat_score>0,2,0
7w5wb1,bat_score>0,52,0
7w70wg,bat_score>0,6,0
7w6q0b,bat_score>0,8,0
7w9g99,bat_score>0,1,0
7wfivk,bat_score>0,27,0
7wk9uz,bat_score>0,8,0
7wuk62,bat_score>0,109,0
7wyrjs,bat_score>0,7,0
7wxf2j,bat_score>0,6,0
7x3ewh,bat_score>0,16,0
7x5cly,bat_score>0,3,0
7xaf57,bat_score>0,3,0
7xagng,bat_score>0,11,0
7xc17p,bat_score>0,40,0
7xefus,bat_score>0,4,0
7xfidi,bat_score>0,7,0
7xhoyr,bat_score>0,0,1
7xj7bx,bat_score>0,0,1
7xmzuy,bat_score>0,11,0
7xrhf4,bat_score>0,11,0
7xrahy,bat_score>0,4,0
7xsexp,bat_score>0,13,0
7xsimw,bat_score>0,44,0
7xurm2,bat_score>0,4,0
7y0zpp,bat_score>0,31,0
7y4zqe,bat_score>0,124,0
7ykwr1,bat_score>0,3,0
7yhzru,bat_score>0,68,0
7yocaz,bat_score>0,1,0
7yps2c,bat_score>0,14,0
7yq44h,bat_score>0,7,0
7yr3aq,bat_score>0,10,0
7yyp06,bat_score>0,4,0
7yy8gl,bat_score>0,117,0
7yz5dx,bat_score>0,5,0
7yyusb,bat_score>0,8,0
7z1y1g,bat_score>0,57,0
7z58sd,bat_score>0,3,0
7z6mch,bat_score>0,3,0
7z749t,bat_score>0,1,0
7z7x9b,bat_score>0,3,0
7zchd6,bat_score>0,73,0
7zhfhz,bat_score>0,5,0
7zi5zy,bat_score>0,10,0
7zorl1,bat_score>0,2,0
7zpf77,bat_score>0,7,0
7zps03,bat_score>0,8,0
7zs19m,bat_score>0,2,0
7ztb41,bat_score>0,15,0
7zygsn,bat_score>0,11,0
802c4x,bat_score>0,7,0
80dx1t,bat_score>0,17,0
80h7p8,bat_score>0,2,0
80ihhm,bat_score>0,48,0
80ivhr,bat_score>0,5,0
80n9wy,bat_score>0,3,0
80okbo,bat_score>0,8,0
811eal,bat_score>0,5,0
818llv,bat_score>0,4,0
8183j5,bat_score>0,14,0
81c4jg,bat_score>0,16,0
81dl0x,bat_score>0,2,0
81fm0j,bat_score>0,24,0
81p7o8,bat_score>0,45,0
81v70i,bat_score>0,177,0
81r3xa,bat_score>0,10,0
820kj0,bat_score>0,10,0
824ryo,bat_score>0,5,0
827gc8,bat_score>0,5,0
82e7vh,bat_score>0,2,0
82hzse,bat_score>0,19,0
82ilx8,bat_score>0,19,0
82pdcv,bat_score>0,23,0
82qget,bat_score>0,9,0
82qwqe,bat_score>0,4,0
82rtz7,bat_score>0,7,0
82tbbl,bat_score>0,2,0
82ygmn,bat_score>0,20,0
82yqo5,bat_score>0,0,1
837gk1,bat_score>0,11,0
837lyv,bat_score>0,11,0
839oqr,bat_score>0,7,0
83dfgf,bat_score>0,34,0
83fn42,bat_score>0,4,0
83ixlg,bat_score>0,11,0
83uqcw,bat_score>0,61,0
83yg1w,bat_score>0,1,0
83xz4q,bat_score>0,10,0
841h25,bat_score>0,1,0
84170s,bat_score>0,4,0
843bqa,bat_score>0,92,0
845z2p,bat_score>0,27,0
84d8ig,bat_score>0,11,0
84dth5,bat_score>0,4,0
84efbe,bat_score>0,9,0
84ehrh,bat_score>0,9,0
84h3e7,bat_score>0,5,0
84haej,bat_score>0,3,0
84k85e,bat_score>0,32,0
84ojl1,bat_score>0,9,0
84ptms,bat_score>0,6,0
84w2f6,bat_score>0,24,0
84ybkm,bat_score>0,9,0
84yjup,bat_score>0,5,0
851tk4,bat_score>0,3,0
85eku2,bat_score>0,203,0
85h29e,bat_score>0,4,0
85h80g,bat_score>0,51,0
85o8ay,bat_score>0,28,0
85td98,bat_score>0,20,0
85tyez,bat_score>0,7,0
85tvgh,bat_score>0,7,0
85uu2x,bat_score>0,150,0
861zsf,bat_score>0,7,0
869zwk,bat_score>0,35,0
86adln,bat_score>0,3,0
86ba6y,bat_score>0,25,0
86bv70,bat_score>0,10,0
86c6jf,bat_score>0,44,0
86e0bf,bat_score>0,6,0
86ez6b,bat_score>0,20,0
86exy9,bat_score>0,5,0
86guyh,bat_score>0,2,0
86ob72,bat_score>0,11,0
86pdg8,bat_score>0,66,0
86xpyk,bat_score>0,4,0
870bsx,bat_score>0,24,0
8741qu,bat_score>0,263,0
875iur,bat_score>0,8,0
8790bi,bat_score>0,30,0
87jtyb,bat_score>0,33,0
87ly3x,bat_score>0,1,0
87qtq3,bat_score>0,41,0
87tqh3,bat_score>0,62,0
87xw7m,bat_score>0,0,1
87yhsz,bat_score>0,26,0
881lro,bat_score>0,3,0
8829rq,bat_score>0,5,0
884g5f,bat_score>0,49,0
884xh7,bat_score>0,8,0
88mh3z,bat_score>0,5,0
88sv98,bat_score>0,15,0
88zzvg,bat_score>0,27,0
89da2u,bat_score>0,16,0
89nf7o,bat_score>0,6,0
89puj9,bat_score>0,60,0
89pwej,bat_score>0,9,0
89wado,bat_score>0,27,0
89zyp6,bat_score>0,1,0
8azed2,bat_score>0,23,0
8az371,bat_score>0,54,0
8b315r,bat_score>0,19,0
8bagq1,bat_score>0,21,0
8b9ael,bat_score>0,10,0
8bby2e,bat_score>0,45,0
8bdgl2,bat_score>0,0,1
8bic5o,bat_score>0,33,0
8bjdel,bat_score>0,6,0
8bq8gm,bat_score>0,5,0
8c002v,bat_score>0,8,0
8c0kcx,bat_score>0,110,0
8c1efg,bat_score>0,10,0
8c5js5,bat_score>0,7,0
8c9s2g,bat_score>0,13,0
8ca8ef,bat_score>0,11,0
8cb3e9,bat_score>0,36,0
8cc4lt,bat_score>0,36,0
8cdxh1,bat_score>0,37,0
8cho65,bat_score>0,2,0
8clzzy,bat_score>0,25,0
8cq6qa,bat_score>0,10,0
8cqghj,bat_score>0,8,0
8crx8j,bat_score>0,7,0
8cqyet,bat_score>0,23,0
8crizi,bat_score>0,5,0
8ctd50,bat_score>0,30,0
8cxq9c,bat_score>0,7,0
8cys7m,bat_score>0,31,0
8cz07e,bat_score>0,14,0
8czlft,bat_score>0,7,0
8cznn9,bat_score>0,2,0
8d1hy3,bat_score>0,18,0
8d2e7e,bat_score>0,29,0
8d39yg,bat_score>0,16,0
8d723q,bat_score>0,7,0
8d9a3y,bat_score>0,3,0
8dbai3,bat_score>0,2,0
8deib6,bat_score>0,4,0
8del23,bat_score>0,4,0
8dge8h,bat_score>0,2,0
8dosjk,bat_score>0,39,0
8dpnou,bat_score>0,93,0
8dxfah,bat_score>0,3,0
8dz9wu,bat_score>0,14,0
8dxgzj,bat_score>0,5,0
8e8kwg,bat_score>0,20,0
8eda53,bat_score>0,3,0
8elsb8,bat_score>0,3,0
8embmc,bat_score>0,5,0
8eol1l,bat_score>0,29,0
8eum4d,bat_score>0,1,0
8ew3e1,bat_score>0,116,0
8evz22,bat_score>0,4,0
8exgat,bat_score>0,10,0
8f0ued,bat_score>0,59,0
8fadmw,bat_score>0,21,0
8fbynr,bat_score>0,87,0
8fcz4u,bat_score>0,13,0
8fdfxl,bat_score>0,6,0
8femsf,bat_score>0,20,0
8ffc9e,bat_score>0,3,0
8ffcg3,bat_score>0,17,0
8flcxu,bat_score>0,7,0
8fy4oa,bat_score>0,13,0
8g1fje,bat_score>0,4,0
8g1t55,bat_score>0,3,0
8g328g,bat_score>0,4,0
8g8prb,bat_score>0,28,0
8g99pz,bat_score>0,2,0
8gd5lh,bat_score>0,1,0
8gimf0,bat_score>0,74,0
8go2zu,bat_score>0,6,0
8gqe8v,bat_score>0,4,0
8gqzpb,bat_score>0,18,0
8grfom,bat_score>0,2,0
8gzimm,bat_score>0,5,0
8gzn3x,bat_score>0,158,0
8h0lgg,bat_score>0,16,0
8h4tej,bat_score>0,26,0
8h9slq,bat_score>0,9,0
8h8mjj,bat_score>0,24,0
8hb2u8,bat_score>0,38,0
8hj4vr,bat_score>0,80,0
8hqn3s,bat_score>0,9,0
8hr7bw,bat_score>0,8,0
8hr7yn,bat_score>0,5,0
8hs95s,bat_score>0,21,0
8hv6zo,bat_score>0,20,0
8hwqv1,bat_score>0,26,0
8i531j,bat_score>0,117,0
8i7sem,bat_score>0,1,0
8i7h4w,bat_score>0,74,0
8ia90l,bat_score>0,0,1
8iclwi,bat_score>0,6,0
8ifupj,bat_score>0,33,0
8iibnq,bat_score>0,14,0
8ioz3t,bat_score>0,13,0
8itst6,bat_score>0,3,0
8jasf5,bat_score>0,14,0
8jbxzh,bat_score>0,1,0
8jdkqi,bat_score>0,11,0
8jdg9r,bat_score>0,51,0
8je0we,bat_score>0,2,0
8je425,bat_score>0,4,0
8jeku0,bat_score>0,8,0
8jg4d0,bat_score>0,16,0
8ji0yj,bat_score>0,8,0
8jlnyj,bat_score>0,2,0
8jts4c,bat_score>0,51,0
8jvmj9,bat_score>0,74,0
8jzpv2,bat_score>0,8,0
8k2spl,bat_score>0,4,0
8k71ut,bat_score>0,15,0
8ka7qr,bat_score>0,57,0
8k9zmw,bat_score>0,31,0
8kc8p3,bat_score>0,4,0
8kiy30,bat_score>0,6,0
8kn6tv,bat_score>0,16,0
8knm5q,bat_score>0,19,0
8knqzo,bat_score>0,28,0
8ktv26,bat_score>0,21,0
8l1o67,bat_score>0,12,0
8l1cwm,bat_score>0,3,0
8l3bz2,bat_score>0,6,0
8l4zhj,bat_score>0,37,0
8l5bqw,bat_score>0,45,0
8l99fd,bat_score>0,24,0
8le1po,bat_score>0,5,0
8li4si,bat_score>0,4,0
8ll3gz,bat_score>0,46,0
8lmcog,bat_score>0,16,0
8lmb5x,bat_score>0,5,0
8lsjc7,bat_score>0,52,0
8lt812,bat_score>0,3,0
8lt994,bat_score>0,4,0
8lvh72,bat_score>0,5,0
8lvinn,bat_score>0,36,0
8lwqku,bat_score>0,6,0
8m1pzr,bat_score>0,8,0
8m281d,bat_score>0,54,0
8m3ahd,bat_score>0,24,0
8m5gyd,bat_score>0,7,0
8m6kdt,bat_score>0,24,0
8m9z01,bat_score>0,14,0
8mhp8u,bat_score>0,17,0
8mnxdq,bat_score>0,22,0
8mvkx8,bat_score>0,19,0
8my9r1,bat_score>0,6,0
8n44vm,bat_score>0,1,0
8nahu0,bat_score>0,4,0
8nc8cu,bat_score>0,4,0
8negaj,bat_score>0,9,0
8niby9,bat_score>0,239,0
8nntyr,bat_score>0,111,0
8npe5q,bat_score>0,10,0
8nray8,bat_score>0,8,0
8ns2vd,bat_score>0,4,0
8o78kd,bat_score>0,7,0
8o9dl4,bat_score>0,10,0
8ofxkz,bat_score>0,37,0
8ojvaq,bat_score>0,16,0
8ojbgr,bat_score>0,14,0
8omhxq,bat_score>0,4,0
8op13x,bat_score>0,76,0
8orfm2,bat_score>0,15,0
8orhz8,bat_score>0,7,0
8owh3h,bat_score>0,2,0
8p6tcy,bat_score>0,15,0
8p8tjn,bat_score>0,10,0
8p9176,bat_score>0,27,0
8pav4o,bat_score>0,24,0
8pci6x,bat_score>0,10,0
8pdmx7,bat_score>0,2,0
8pjwvp,bat_score>0,148,0
8pkcob,bat_score>0,24,0
8pko1o,bat_score>0,3,0
8pnc9v,bat_score>0,40,0
8pnpte,bat_score>0,3,0
8q0de6,bat_score>0,53,0
8qazad,bat_score>0,7,0
8qbhw4,bat_score>0,94,0
8qhk0m,bat_score>0,33,0
8qi5b5,bat_score>0,114,0
8qky4t,bat_score>0,1,0
8qlcp2,bat_score>0,4,0
8qp8jb,bat_score>0,1,0
8qs0v4,bat_score>0,9,0
8qts2u,bat_score>0,9,0
8qvyos,bat_score>0,1,0
8r5dev,bat_score>0,12,0
8r99hr,bat_score>0,21,0
8rank5,bat_score>0,10,0
8rc7vk,bat_score>0,11,0
8reob9,bat_score>0,3,0
8rkhfe,bat_score>0,37,0
8rkbs4,bat_score>0,22,0
8rmv0a,bat_score>0,4,0
8rowi2,bat_score>0,11,0
8rul7o,bat_score>0,63,0
8rxqtz,bat_score>0,34,0
8rzpah,bat_score>0,33,0
8s0ddd,bat_score>0,21,0
8s1xd6,bat_score>0,30,0
8s8obv,bat_score>0,30,0
8sbt8u,bat_score>0,9,0
8sg4rf,bat_score>0,9,0
8sfb43,bat_score>0,6,0
8sj79v,bat_score>0,2,0
8sjoj4,bat_score>0,8,0
8sjmfq,bat_score>0,20,0
8sldty,bat_score>0,35,0
8srpl5,bat_score>0,16,0
8svlnm,bat_score>0,3,0
8t1boj,bat_score>0,54,0
8t2jd9,bat_score>0,6,0
8t2vv5,bat_score>0,6,0
8t3wx5,bat_score>0,4,0
8tnva9,bat_score>0,115,0
8tteb5,bat_score>0,14,0
8tvh5t,bat_score>0,8,0
8tz1pb,bat_score>0,15,0
8tzroa,bat_score>0,17,0
8u0jec,bat_score>0,5,0
8u26iu,bat_score>0,3,0
8u3z9q,bat_score>0,16,0
8u94b0,bat_score>0,3,0
8uav6b,bat_score>0,17,0
8ucfyd,bat_score>0,10,0
8uf6rf,bat_score>0,29,0
8uk2yx,bat_score>0,4,0
8uk57p,bat_score>0,41,0
8utlo7,bat_score>0,5,0
8uth4d,bat_score>0,18,0
8uudqd,bat_score>0,20,0
8uw809,bat_score>0,5,0
8uvuyw,bat_score>0,10,0
8uwg2o,bat_score>0,10,0
8v43qd,bat_score>0,16,0
8v6koa,bat_score>0,11,0
8vcxpb,bat_score>0,23,0
8vge9q,bat_score>0,60,0
8vg2l0,bat_score>0,5,0
8vjc5o,bat_score>0,23,0
8vkvtk,bat_score>0,9,0
8vn0hd,bat_score>0,13,0
8vq7yg,bat_score>0,42,0
8vruza,bat_score>0,21,0
8vtzyq,bat_score>0,4,0
8vys84,bat_score>0,14,0
8w8z1w,bat_score>0,4,0
8wax35,bat_score>0,7,0
8wecni,bat_score>0,50,0
8wgebw,bat_score>0,18,0
8wgmh3,bat_score>0,8,0
8wm59s,bat_score>0,11,0
8wncoh,bat_score>0,11,0
8wmz3h,bat_score>0,12,0
8wo5ro,bat_score>0,20,0
8x42my,bat_score>0,39,0
8xbkhb,bat_score>0,46,0
8xbkmd,bat_score>0,2,0
8xctr8,bat_score>0,42,0
8xcb3s,bat_score>0,2,0
8xf9fb,bat_score>0,6,0
8xg4r5,bat_score>0,3,0
8xg6j6,bat_score>0,6,0
8xg8hi,bat_score>0,2,0
8xrlq4,bat_score>0,2,0
8y0ins,bat_score>0,2,0
8y0z2d,bat_score>0,13,0
8y2bit,bat_score>0,53,0
8y3b6f,bat_score>0,11,0
8y5jjk,bat_score>0,4,0
8ye9b9,bat_score>0,1,0
8yf55n,bat_score>0,6,0
8ygbn1,bat_score>0,49,0
8yiu4c,bat_score>0,32,0
8ylljt,bat_score>0,36,0
8ynzv4,bat_score>0,18,0
8yoh07,bat_score>0,5,0
8yp9b5,bat_score>0,28,0
8ytdpg,bat_score>0,25,0
8z38ul,bat_score>0,7,0
8zdha7,bat_score>0,7,0
8zdvf5,bat_score>0,14,0
8zfe9c,bat_score>0,2,0
8zghuy,bat_score>0,4,0
8zjaiv,bat_score>0,2,0
8zlsly,bat_score>0,7,0
8zltqz,bat_score>0,22,0
8zpeiw,bat_score>0,27,0
8zqwct,bat_score>0,63,0
8zwpwc,bat_score>0,6,0
8zwlij,bat_score>0,32,0
8zyd4t,bat_score>0,19,0
8zzado,bat_score>0,14,0
902oxt,bat_score>0,92,0
905ku5,bat_score>0,9,0
906kul,bat_score>0,11,0
906ngt,bat_score>0,1,0
906rmk,bat_score>0,7,0
906u0p,bat_score>0,9,0
909l7u,bat_score>0,4,0
90dvhg,bat_score>0,27,0
90etgc,bat_score>0,80,0
90ftzi,bat_score>0,7,0
90hxg6,bat_score>0,114,0
90t2tw,bat_score>0,5,0
90w1ss,bat_score>0,27,0
915hzo,bat_score>0,9,0
916tzi,bat_score>0,113,0
918gc7,bat_score>0,10,0
91fvba,bat_score>0,105,0
91hgok,bat_score>0,20,0
91iond,bat_score>0,4,0
91m2yp,bat_score>0,10,0
91mg9i,bat_score>0,5,0
91okyh,bat_score>0,67,0
91qsxz,bat_score>0,8,0
91stgj,bat_score>0,19,0
91tczv,bat_score>0,9,0
91zc36,bat_score>0,6,0
920dm7,bat_score>0,21,0
9268l4,bat_score>0,8,0
926wtw,bat_score>0,14,0
9275qo,bat_score>0,3,0
927zlc,bat_score>0,8,0
929p5r,bat_score>0,6,0
92etqz,bat_score>0,8,0
92eohn,bat_score>0,4,0
92h7ca,bat_score>0,10,0
92wkk5,bat_score>0,10,0
930lfv,bat_score>0,10,0
935zxc,bat_score>0,8,0
939tme,bat_score>0,4,0
939wz1,bat_score>0,18,0
93aab2,bat_score>0,10,0
93ap51,bat_score>0,25,0
93fp1m,bat_score>0,6,0
93g7hc,bat_score>0,11,0
93ktpv,bat_score>0,3,0
93poro,bat_score>0,28,0
93q9n4,bat_score>0,3,0
93qxk1,bat_score>0,8,0
93ucej,bat_score>0,4,0
93usp6,bat_score>0,3,0
93v365,bat_score>0,10,0
93y7nr,bat_score>0,7,0
9404fr,bat_score>0,5,0
941ssr,bat_score>0,5,0
9424dx,bat_score>0,17,0
942xgn,bat_score>0,19,0
944dxe,bat_score>0,5,0
948u5r,bat_score>0,11,0
94dks8,bat_score>0,6,0
94duyq,bat_score>0,21,0
94mge6,bat_score>0,5,0
955q2q,bat_score>0,0,1
95cg8q,bat_score>0,9,0
95dnx3,bat_score>0,19,0
95ieud,bat_score>0,25,0
95nl29,bat_score>0,3,0
95od7h,bat_score>0,26,0
95pf6o,bat_score>0,4,0
95pk08,bat_score>0,123,0
95r6mx,bat_score>0,3,0
95uuae,bat_score>0,13,0
95uo22,bat_score>0,61,0
95wbh8,bat_score>0,49,0
95yi9d,bat_score>0,1,0
95zogq,bat_score>0,17,0
9611gv,bat_score>0,2,0
961t5g,bat_score>0,110,0
962phe,bat_score>0,48,0
964163,bat_score>0,10,0
965cmd,bat_score>0,7,0
967zwt,bat_score>0,7,0
9689rp,bat_score>0,57,0
96fjf6,bat_score>0,4,0
96ydsm,bat_score>0,18,0
96ytqw,bat_score>0,30,0
9710eo,bat_score>0,23,0
970rdz,bat_score>0,11,0
97all2,bat_score>0,16,0
97cjmy,bat_score>0,19,0
97d3if,bat_score>0,15,0
97clf0,bat_score>0,27,0
97lhgl,bat_score>0,7,0
97lyio,bat_score>0,13,0
97mhbv,bat_score>0,6,0
97qjf7,bat_score>0,20,0
97rkxj,bat_score>0,121,0
97qwic,bat_score>0,4,0
97t7id,bat_score>0,14,0
97tl31,bat_score>0,2,0
97tsrq,bat_score>0,15,0
97u0bh,bat_score>0,5,0
97w4v0,bat_score>0,8,0
982n6i,bat_score>0,7,0
983ium,bat_score>0,1,0
983qpv,bat_score>0,6,0
984fwl,bat_score>0,4,0
985uyh,bat_score>0,40,0
985wnm,bat_score>0,10,0
986hgr,bat_score>0,13,0
9869rb,bat_score>0,2,0
98tpx9,bat_score>0,35,0
98uciw,bat_score>0,5,0
992j0c,bat_score>0,45,0
993xew,bat_score>0,6,0
993swc,bat_score>0,5,0
994118,bat_score>0,7,0
9947vg,bat_score>0,9,0
997ays,bat_score>0,10,0
997q1j,bat_score>0,1,0
99eo0p,bat_score>0,43,0
99ep15,bat_score>0,10,0
99lf7f,bat_score>0,6,0
99no6h,bat_score>0,23,0
99ntmn,bat_score>0,11,0
99nxtf,bat_score>0,65,0
99opt8,bat_score>0,4,0
99qjqy,bat_score>0,3,0
99si2b,bat_score>0,4,0
99se3z,bat_score>0,4,0
99wazj,bat_score>0,6,0
99wjcz,bat_score>0,85,0
9a168z,bat_score>0,10,0
9ahq27,bat_score>0,107,0
9aofyt,bat_score>0,13,0
9apna1,bat_score>0,152,0
9aq71k,bat_score>0,6,0
9bccwc,bat_score>0,43,0
9bhd8f,bat_score>0,7,0
9biqmr,bat_score>0,122,0
9bk9oj,bat_score>0,4,0
9bktlh,bat_score>0,5,0
9bnxcm,bat_score>0,2,0
9bsc8p,bat_score>0,23,0
9btpw4,bat_score>0,14,0
9bubqj,bat_score>0,1,0
9bu27j,bat_score>0,27,0
9bwqt8,bat_score>0,38,0
9by2sj,bat_score>0,11,0
9byncy,bat_score>0,13,0
9c16kc,bat_score>0,4,0
9c4k8v,bat_score>0,9,0
9c7yey,bat_score>0,7,0
9clexz,bat_score>0,168,0
9cm788,bat_score>0,16,0
9cmx2j,bat_score>0,3,0
9cuwk8,bat_score>0,19,0
9cvwxi,bat_score>0,32,0
9d8yrs,bat_score>0,65,0
9dctdf,bat_score>0,1,0
9dfymk,bat_score>0,8,0
9dv4ly,bat_score>0,164,0
9dtf3t,bat_score>0,31,0
9dy69f,bat_score>0,9,0
9e0paq,bat_score>0,13,0
9e4apo,bat_score>0,8,0
9e5re9,bat_score>0,4,0
9e6hmz,bat_score>0,8,0
9eblvs,bat_score>0,20,0
9einq1,bat_score>0,30,0
9elmqm,bat_score>0,20,0
9emt5m,bat_score>0,25,0
9enry7,bat_score>0,2,0
9eoc8w,bat_score>0,3,0
9eou0z,bat_score>0,27,0
9evllq,bat_score>0,5,0
9ews9r,bat_score>0,14,0
9eyh1o,bat_score>0,17,0
9f0vi8,bat_score>0,6,0
9f2jux,bat_score>0,4,0
9fcahj,bat_score>0,5,0
9fdiin,bat_score>0,37,0
9fkeg0,bat_score>0,42,0
9fkpo2,bat_score>0,13,0
9fmugx,bat_score>0,4,0
9fsnpt,bat_score>0,9,0
9fv4ef,bat_score>0,12,0
9fw792,bat_score>0,10,0
9g0lrj,bat_score>0,83,0
9g5ccq,bat_score>0,4,0
9g7nlp,bat_score>0,26,0
9g7m6v,bat_score>0,38,0
9gjlvq,bat_score>0,40,0
9gkhs4,bat_score>0,256,0
9gogfi,bat_score>0,28,0
9gojaf,bat_score>0,5,0
9gvoyj,bat_score>0,20,0
9h0mfh,bat_score>0,18,0
9h4r8r,bat_score>0,95,0
9h6lnu,bat_score>0,39,0
9h9ioi,bat_score>0,12,0
9hbcfi,bat_score>0,94,0
9hes17,bat_score>0,20,0
9hhhdf,bat_score>0,8,0
9hj194,bat_score>0,19,0
9hldlm,bat_score>0,21,0
9i0vm0,bat_score>0,16,0
9iepbw,bat_score>0,86,0
9im6ee,bat_score>0,3,0
9iqcqz,bat_score>0,11,0
9iqwbl,bat_score>0,28,0
9iuw0l,bat_score>0,10,0
9iu4zw,bat_score>0,13,0
9j64hr,bat_score>0,42,0
9j8gru,bat_score>0,11,0
9j8uqq,bat_score>0,9,0
9janho,bat_score>0,22,0
9jc2bt,bat_score>0,124,0
9jbwjp,bat_score>0,16,0
9jcypz,bat_score>0,4,0
9jh7q1,bat_score>0,4,0
9jny0p,bat_score>0,28,0
9jnx57,bat_score>0,33,0
9jqbch,bat_score>0,13,0
9k0bq6,bat_score>0,32,0
9jyx7f,bat_score>0,55,0
9k2mf2,bat_score>0,220,0
9k5akt,bat_score>0,5,0
9k7yd1,bat_score>0,3,0
9k95wm,bat_score>0,22,0
9kg5ln,bat_score>0,7,0
9kgjzl,bat_score>0,24,0
9khx8t,bat_score>0,6,0
9ki0qp,bat_score>0,13,0
9kp6b8,bat_score>0,31,0
9ksn2g,bat_score>0,3,0
9kyrtk,bat_score>0,38,0
9l0r8q,bat_score>0,24,0
9l17wk,bat_score>0,79,0
9l1hq1,bat_score>0,24,0
9l2a7f,bat_score>0,4,0
9l2sa5,bat_score>0,31,0
9l2n4t,bat_score>0,5,0
9l2wm9,bat_score>0,10,0
9l3v3h,bat_score>0,3,0
9lbk0y,bat_score>0,32,0
9ldk6y,bat_score>0,2,0
9lhkfu,bat_score>0,31,0
9lj6q0,bat_score>0,34,0
9ljn23,bat_score>0,10,0
9llwlj,bat_score>0,23,0
9lms6p,bat_score>0,2,0
9lzf2d,bat_score>0,4,0
9m5fds,bat_score>0,27,0
9lzgge,bat_score>0,24,0
9mfjrx,bat_score>0,9,0
9mfako,bat_score>0,49,0
9mfvbv,bat_score>0,13,0
9mjh51,bat_score>0,15,0
9mqb30,bat_score>0,24,0
9msi6l,bat_score>0,9,0
9mxnjd,bat_score>0,12,0
9mzq9x,bat_score>0,27,0
9n3ni4,bat_score>0,4,0
9n9v9s,bat_score>0,15,0
9na003,bat_score>0,12,0
9naihd,bat_score>0,12,0
9nb82m,bat_score>0,8,0
9nfdth,bat_score>0,5,0
9nfnzg,bat_score>0,4,0
9ngf2y,bat_score>0,18,0
9nm3bb,bat_score>0,25,0
9np6ja,bat_score>0,3,0
9ntu58,bat_score>0,63,0
9o6nxx,bat_score>0,210,0
9o83op,bat_score>0,23,0
9o8420,bat_score>0,5,0
9oaz9m,bat_score>0,46,0
9oc18w,bat_score>0,17,0
9ofoj8,bat_score>0,7,0
9oi7v5,bat_score>0,14,0
9ojbjl,bat_score>0,3,0
9omiy5,bat_score>0,4,0
9oq5dt,bat_score>0,24,0
9ovo6k,bat_score>0,1,0
9p142w,bat_score>0,3,0
9p2vg8,bat_score>0,25,0
9p8url,bat_score>0,9,0
9pbe91,bat_score>0,8,0
9pbu35,bat_score>0,38,0
9pdvts,bat_score>0,7,0
9pe7jg,bat_score>0,10,0
9pg8f4,bat_score>0,5,0
9pl2qd,bat_score>0,7,0
9pk2dt,bat_score>0,7,0
9plbzn,bat_score>0,4,0
9pn0mv,bat_score>0,5,0
9q0njz,bat_score>0,70,0
9q1t3y,bat_score>0,127,0
9qbdel,bat_score>0,17,0
9qem1c,bat_score>0,168,0
9qgcte,bat_score>0,10,0
9qhcqz,bat_score>0,2,0
9qi2za,bat_score>0,2,0
9qhmas,bat_score>0,20,0
9qlasy,bat_score>0,11,0
9qn8fq,bat_score>0,27,0
9qp7qs,bat_score>0,144,0
9qonao,bat_score>0,8,0
9qs1sb,bat_score>0,37,0
9qvb3y,bat_score>0,47,0
9qwjpf,bat_score>0,181,0
9r151s,bat_score>0,17,0
9r1wgp,bat_score>0,50,0
9r44mp,bat_score>0,7,0
9r9yn8,bat_score>0,1,0
9rdztk,bat_score>0,91,0
9re928,bat_score>0,5,0
9rft3t,bat_score>0,19,0
9riy9n,bat_score>0,2,0
9rhiw9,bat_score>0,13,0
9rheas,bat_score>0,7,0
9rk1w0,bat_score>0,8,0
9rl88u,bat_score>0,12,0
9rplmg,bat_score>0,8,0
9rr4z0,bat_score>0,16,0
9rui3y,bat_score>0,6,0
9rwjoq,bat_score>0,4,0
9rvu9n,bat_score>0,6,0
9s2ij8,bat_score>0,20,0
9s45vn,bat_score>0,11,0
9s6jta,bat_score>0,9,0
9sda47,bat_score>0,17,0
9sf1rm,bat_score>0,39,0
9so0io,bat_score>0,57,0
9snxfr,bat_score>0,1,0
9sp6xq,bat_score>0,14,0
9su5zt,bat_score>0,6,0
9syqqg,bat_score>0,28,0
9symhu,bat_score>0,44,0
9t0dq1,bat_score>0,7,0
9t8pwb,bat_score>0,68,0
9takh9,bat_score>0,14,0
9tbrp2,bat_score>0,1,0
9tcc4j,bat_score>0,2,0
9ticjc,bat_score>0,5,0
9tlk5a,bat_score>0,3,0
9tp6hu,bat_score>0,4,0
9u22vi,bat_score>0,18,0
9udep3,bat_score>0,61,0
9udstn,bat_score>0,8,0
9udwkk,bat_score>0,4,0
9uokmx,bat_score>0,54,0
9v4xkd,bat_score>0,5,0
9v75j4,bat_score>0,21,0
9v7nci,bat_score>0,1,0
9va7at,bat_score>0,90,0
9vcaw0,bat_score>0,1,0
9vcxno,bat_score>0,11,0
9veoh4,bat_score>0,13,0
9vgau9,bat_score>0,1,0
9vgdy4,bat_score>0,14,0
9vo16h,bat_score>0,20,0
9vojpt,bat_score>0,31,0
9vpoqu,bat_score>0,8,0
9vxfwe,bat_score>0,85,0
9w1a38,bat_score>0,8,0
9wedg4,bat_score>0,15,0
9wd3jv,bat_score>0,4,0
9why14,bat_score>0,11,0
9wp9op,bat_score>0,32,0
9wpvij,bat_score>0,0,1
9wso5e,bat_score>0,24,0
9wsovj,bat_score>0,3,0
9wtk0n,bat_score>0,13,0
9wvb46,bat_score>0,73,0
9wxj6p,bat_score>0,45,0
9wxlf4,bat_score>0,15,0
9wz01b,bat_score>0,12,0
9x4bl7,bat_score>0,2,0
9x7f7v,bat_score>0,9,0
9xcwzq,bat_score>0,386,0
9xpgxj,bat_score>0,4,0
9xq6sf,bat_score>0,17,0
9xr3qs,bat_score>0,0,1
9xu3hv,bat_score>0,6,0
9y1yc8,bat_score>0,41,0
9y19hi,bat_score>0,19,0
9yagxg,bat_score>0,111,0
9ybmn1,bat_score>0,1,0
9ygwu2,bat_score>0,4,0
9yk50n,bat_score>0,5,0
9yuc3u,bat_score>0,9,0
9yvds7,bat_score>0,5,0
9yw0ky,bat_score>0,3,0
9yw4lm,bat_score>0,40,0
9z4k1z,bat_score>0,29,0
9zadsv,bat_score>0,8,0
9zdoj1,bat_score>0,62,0
9zk4yv,bat_score>0,34,0
a03mjp,bat_score>0,39,0
a0qvmg,bat_score>0,3,0
a0pq7z,bat_score>0,13,0
a0w0do,bat_score>0,3,0
a0yxm8,bat_score>0,5,0
a14kod,bat_score>0,47,0
a14pix,bat_score>0,113,0
a179ej,bat_score>0,25,0
a1bv8m,bat_score>0,8,0
a1idrx,bat_score>0,7,0
a1mijv,bat_score>0,8,0
a1o8yn,bat_score>0,8,0
a23v78,bat_score>0,3,0
a2mq6x,bat_score>0,126,0
a2qz2c,bat_score>0,8,0
a2rc5i,bat_score>0,4,0
a2ucta,bat_score>0,6,0
a2y4qw,bat_score>0,3,0
a2y7bq,bat_score>0,44,0
a317vz,bat_score>0,27,0
a31piy,bat_score>0,11,0
a321lg,bat_score>0,11,0
a339bl,bat_score>0,6,0
a345x5,bat_score>0,10,0
a3a6ya,bat_score>0,7,0
a3ewor,bat_score>0,4,0
a3l3tq,bat_score>0,79,0
a3md4r,bat_score>0,6,0
a3upqu,bat_score>0,6,0
a3yll0,bat_score>0,2,0
a40b5r,bat_score>0,63,0
a41u5g,bat_score>0,12,0
a4bn2x,bat_score>0,9,0
a4kdia,bat_score>0,9,0
a4vkxo,bat_score>0,6,0
a53ftb,bat_score>0,11,0
a58ow0,bat_score>0,2,0
a5a6ev,bat_score>0,6,0
a5ao11,bat_score>0,4,0
a5b0c8,bat_score>0,8,0
a5b0fl,bat_score>0,12,0
a5dmnl,bat_score>0,15,0
a5jqzo,bat_score>0,5,0
a5lhvb,bat_score>0,7,0
a5mcb7,bat_score>0,6,0
a5m5rz,bat_score>0,7,0
a5mqr0,bat_score>0,0,1
a5nsuy,bat_score>0,10,0
a5ojjk,bat_score>0,13,0
a5ougb,bat_score>0,3,0
a5tjs4,bat_score>0,1,0
a5v2bf,bat_score>0,13,0
a61rl3,bat_score>0,21,0
a6d3za,bat_score>0,4,0
a6rwj0,bat_score>0,15,0
a7dy8z,bat_score>0,1,0
a7g87n,bat_score>0,1,0
a7n0s0,bat_score>0,62,0
a7nyrq,bat_score>0,1,0
a7odbf,bat_score>0,51,0
a7vc7i,bat_score>0,78,0
a7yoxh,bat_score>0,3,0
a7zjvr,bat_score>0,30,0
a7zn5k,bat_score>0,82,0
a81o18,bat_score>0,73,0
a88jlx,bat_score>0,4,0
a88zmc,bat_score>0,11,0
a8amp3,bat_score>0,8,0
a8bhhp,bat_score>0,3,0
a8qm6f,bat_score>0,86,0
a9159u,bat_score>0,6,0
a8wsx5,bat_score>0,7,0
a8vuwj,bat_score>0,672,0
a99966,bat_score>0,4,0
a9rj0g,bat_score>0,6,0
a9sffi,bat_score>0,31,0
a9sv8q,bat_score>0,7,0
a9td3s,bat_score>0,8,0
a9tp2f,bat_score>0,7,0
a9uqmn,bat_score>0,3,0
aa1hwb,bat_score>0,10,0
aa4fxh,bat_score>0,2,0
aa7s8b,bat_score>0,2,0
aabutm,bat_score>0,56,0
aamogu,bat_score>0,8,0
aazxnm,bat_score>0,34,0
ab4vwi,bat_score>0,9,0
abb5fz,bat_score>0,28,0
abt8cm,bat_score>0,3,0
ac9cu7,bat_score>0,171,0
ac8ssy,bat_score>0,44,0
acaqwp,bat_score>0,15,0
acc4hi,bat_score>0,36,0
acctbq,bat_score>0,10,0
ach099,bat_score>0,7,0
acgh0n,bat_score>0,28,0
acl2ub,bat_score>0,7,0
adetwl,bat_score>0,12,0
adjmdb,bat_score>0,29,0
adl595,bat_score>0,36,0
adov2i,bat_score>0,4,0
adpqx3,bat_score>0,5,0
adypnq,bat_score>0,3,0
adyvsj,bat_score>0,4,0
adz7rx,bat_score>0,6,0
ae259d,bat_score>0,7,0
ae22do,bat_score>0,30,0
ae615j,bat_score>0,0,1
ae968r,bat_score>0,3,0
aeb10l,bat_score>0,23,0
aec3rm,bat_score>0,1,0
aefmj3,bat_score>0,12,0
aepeyj,bat_score>0,4,0
aeoggf,bat_score>0,13,0
aeqel8,bat_score>0,7,0
aeup79,bat_score>0,45,0
aey8et,bat_score>0,6,0
aeyne2,bat_score>0,13,0
aez8mx,bat_score>0,14,0
af0rji,bat_score>0,3,0
af28lq,bat_score>0,9,0
af39rw,bat_score>0,12,0
af5605,bat_score>0,18,0
afpxax,bat_score>0,28,0
afty91,bat_score>0,35,0
afwjsj,bat_score>0,12,0
afyokf,bat_score>0,7,0
afyz9i,bat_score>0,6,0
afzzfi,bat_score>0,4,0
afzj9g,bat_score>0,3,0
ag0j0q,bat_score>0,2,0
ag7rk4,bat_score>0,10,0
ag8oqu,bat_score>0,4,0
ag8kb2,bat_score>0,10,0
agcg1m,bat_score>0,8,0
agg4gy,bat_score>0,23,0
agfugp,bat_score>0,3,0
aghe5g,bat_score>0,4,0
agrh67,bat_score>0,24,0
agvu21,bat_score>0,4,0
agxya0,bat_score>0,20,0
ah0n6c,bat_score>0,9,0
ah30vb,bat_score>0,6,0
ahcy4r,bat_score>0,1,0
ahe0kz,bat_score>0,4,0
ahha3i,bat_score>0,2,0
ahme8l,bat_score>0,460,0
ahp0uz,bat_score>0,11,0
aics49,bat_score>0,7,0
aiczm6,bat_score>0,3,0
aike67,bat_score>0,2,0
aij5rv,bat_score>0,97,0
ainkna,bat_score>0,51,0
ain8ct,bat_score>0,15,0
ain8rq,bat_score>0,40,0
aiof3h,bat_score>0,27,0
aio9jm,bat_score>0,8,0
aioar4,bat_score>0,73,0
aiojtg,bat_score>0,18,0
aiqzqx,bat_score>0,5,0
aj2bmp,bat_score>0,77,0
aj3867,bat_score>0,29,0
aj49eo,bat_score>0,2,0
aj6egj,bat_score>0,11,0
ajcro1,bat_score>0,4,0
aje1k5,bat_score>0,7,0
ajehpu,bat_score>0,7,0
ajg14x,bat_score>0,6,0
ajg9gv,bat_score>0,5,0
aji2iu,bat_score>0,13,0
ajpu88,bat_score>0,181,0
ajryh2,bat_score>0,6,0
ajw1tr,bat_score>0,0,1
ajz3ua,bat_score>0,74,0
ak22bf,bat_score>0,5,0
aktbjq,bat_score>0,44,0
al0xqt,bat_score>0,23,0
al1cej,bat_score>0,7,0
al3psr,bat_score>0,9,0
al705h,bat_score>0,13,0
al7qqv,bat_score>0,87,0
albfic,bat_score>0,41,0
algleq,bat_score>0,26,0
alltm2,bat_score>0,47,0
alpp62,bat_score>0,31,0
alswlt,bat_score>0,8,0
alv27e,bat_score>0,4,0
alxms6,bat_score>0,3,0
am055v,bat_score>0,12,0
am14nl,bat_score>0,280,0
am3vtt,bat_score>0,9,0
am4bfh,bat_score>0,9,0
am7b91,bat_score>0,10,0
amfgk6,bat_score>0,2,0
amsvn3,bat_score>0,9,0
anbnot,bat_score>0,13,0
aneise,bat_score>0,4,0
aniuwr,bat_score>0,2,0
ank7q3,bat_score>0,15,0
anko01,bat_score>0,96,0
ans5te,bat_score>0,120,0
anumc8,bat_score>0,1,0
anxaqd,bat_score>0,3,0
ao3lgn,bat_score>0,4,0
ao6659,bat_score>0,5,0
ao6h6g,bat_score>0,4,0
aodiva,bat_score>0,1,0
aoez7i,bat_score>0,40,0
aohy1f,bat_score>0,5,0
aolcdz,bat_score>0,5,0
apa4f7,bat_score>0,19,0
api49g,bat_score>0,11,0
aphy8f,bat_score>0,18,0
aprlsk,bat_score>0,88,0
apvi3e,bat_score>0,12,0
aq063a,bat_score>0,34,0
aq0nj4,bat_score>0,6,0
aq49kr,bat_score>0,3,0
aq3z0d,bat_score>0,15,0
aq5sk6,bat_score>0,10,0
aqhtr6,bat_score>0,5,0
aqjgem,bat_score>0,76,0
ar98bu,bat_score>0,2,0
ar9yep,bat_score>0,7,0
are0zq,bat_score>0,1,0
armaxl,bat_score>0,62,0
arvsoy,bat_score>0,95,0
ary0ys,bat_score>0,5,0
as1fcf,bat_score>0,4,0
ase2ic,bat_score>0,2,0
asdij1,bat_score>0,2,0
asfkm0,bat_score>0,1,0
asho96,bat_score>0,7,0
aspayz,bat_score>0,3,0
aspx45,bat_score>0,2,0
asr4wj,bat_score>0,5,0
aswg4z,bat_score>0,71,0
at5jef,bat_score>0,3,0
at6wqq,bat_score>0,41,0
at6zp0,bat_score>0,6,0
atftkb,bat_score>0,8,0
ati3eb,bat_score>0,5,0
atjl10,bat_score>0,16,0
atlis2,bat_score>0,6,0
atqfzr,bat_score>0,61,0
atuh1j,bat_score>0,21,0
au2n6n,bat_score>0,18,0
au42nu,bat_score>0,10,0
aueicp,bat_score>0,46,0
aultw1,bat_score>0,22,0
aum7ow,bat_score>0,15,0
aumm5x,bat_score>0,215,0
aunk64,bat_score>0,32,0
auyrar,bat_score>0,146,0
av39j5,bat_score>0,5,0
av3gqc,bat_score>0,25,0
av8eql,bat_score>0,3,0
avis0x,bat_score>0,4,0
avm740,bat_score>0,50,0
avm6nf,bat_score>0,2,0
avmehw,bat_score>0,22,0
avw620,bat_score>0,5,0
avwk8p,bat_score>0,1,0
aw7i4h,bat_score>0,6,0
aw9gs0,bat_score>0,2,0
awab2q,bat_score>0,86,0
awdac6,bat_score>0,3,0
aww6s1,bat_score>0,15,0
ax98sg,bat_score>0,152,0
ax9tx9,bat_score>0,17,0
axav0y,bat_score>0,27,0
axfr8d,bat_score>0,9,0
axk3y6,bat_score>0,21,0
axlcb9,bat_score>0,22,0
axrqic,bat_score>0,26,0
ay131k,bat_score>0,38,0
ay9csm,bat_score>0,5,0
aydpfl,bat_score>0,2,0
aygm1m,bat_score>0,2,0
ayiryy,bat_score>0,26,0
aysb77,bat_score>0,4,0
ayxpax,bat_score>0,7,0
azku96,bat_score>0,18,0
azvdnk,bat_score>0,19,0
azwxe4,bat_score>0,12,0
azxszf,bat_score>0,37,0
b08o3n,bat_score>0,3,0
b0m3sg,bat_score>0,127,0
b0mmy2,bat_score>0,22,0
b0pujw,bat_score>0,22,0
b0qrp8,bat_score>0,6,0
b0ps5a,bat_score>0,77,0
b0tm3x,bat_score>0,6,0
b0ult2,bat_score>0,8,0
b12b3p,bat_score>0,40,0
b14q54,bat_score>0,7,0
b148ip,bat_score>0,11,0
b16vvl,bat_score>0,24,0
b1fsfh,bat_score>0,9,0
b1h1tx,bat_score>0,10,0
b1kwws,bat_score>0,13,0
b1zcsv,bat_score>0,19,0
b1zl56,bat_score>0,15,0
b2i4cx,bat_score>0,3,0
b2je8j,bat_score>0,5,0
b2k9cr,bat_score>0,7,0
b2ysmv,bat_score>0,15,0
b32g2i,bat_score>0,112,0
b34tl5,bat_score>0,3,0
b386v2,bat_score>0,28,0
b3durx,bat_score>0,38,0
b3ghbi,bat_score>0,236,0
b3h67m,bat_score>0,1,0
b3kqxr,bat_score>0,3,0
b3myjb,bat_score>0,25,0
b3pgur,bat_score>0,6,0
b3uv1q,bat_score>0,13,0
b3w7ma,bat_score>0,9,0
b43jf2,bat_score>0,32,0
b45oyz,bat_score>0,15,0
b4ay25,bat_score>0,6,0
b4cdw2,bat_score>0,3,0
b4k2gx,bat_score>0,123,0
b4npw9,bat_score>0,12,0
b4nanb,bat_score>0,28,0
b4z9y2,bat_score>0,4,0
b549hi,bat_score>0,10,0
b5dh4q,bat_score>0,8,0
b5ej6y,bat_score>0,2,0
b5fg4f,bat_score>0,6,0
b5gfnp,bat_score>0,8,0
b5j63h,bat_score>0,4,0
b5qapj,bat_score>0,27,0
b5s0x4,bat_score>0,5,0
b64asl,bat_score>0,3,0
b65i7u,bat_score>0,14,0
b66rn8,bat_score>0,8,0
b6jtd8,bat_score>0,45,0
b6jvpa,bat_score>0,29,0
b6le8q,bat_score>0,3,0
b6musg,bat_score>0,8,0
b6n5te,bat_score>0,33,0
b6mrwr,bat_score>0,8,0
b6pr6o,bat_score>0,2,0
b6qcwk,bat_score>0,2,0
b6rbo9,bat_score>0,48,0
b6vw96,bat_score>0,38,0
b6x6km,bat_score>0,88,0
b705k3,bat_score>0,5,0
b7139x,bat_score>0,5,0
b71x40,bat_score>0,12,0
b7gtqs,bat_score>0,87,0
b7j10u,bat_score>0,3,0
b7k9u3,bat_score>0,11,0
b7p212,bat_score>0,66,0
b7lxwf,bat_score>0,114,0
b84i32,bat_score>0,15,0
b845pn,bat_score>0,5,0
b844j0,bat_score>0,4,0
b85ngw,bat_score>0,12,0
b87jpt,bat_score>0,8,0
b8addu,bat_score>0,16,0
b8b6ds,bat_score>0,4,0
b8bq77,bat_score>0,6,0
b8j8gj,bat_score>0,2,0
b8kaeg,bat_score>0,8,0
b8q0sl,bat_score>0,1,0
b8tpzk,bat_score>0,0,1
b8y98k,bat_score>0,0,1
b9dkfx,bat_score>0,0,1
b9diw8,bat_score>0,0,1
b9ewiq,bat_score>0,0,1
b9ji48,bat_score>0,0,1
b9kgzc,bat_score>0,0,1
b9rbzb,bat_score>0,0,1
b9vemp,bat_score>0,0,1
ba01gl,bat_score>0,0,1
ba5a4r,bat_score>0,0,1
baiu4j,bat_score>0,0,1
bal6wy,bat_score>0,0,1
barsn3,bat_score>0,0,1
battyv,bat_score>0,0,1
baxvpq,bat_score>0,0,1
bb1uw9,bat_score>0,0,1
bb8mqg,bat_score>0,0,1
bb7drs,bat_score>0,0,1
bb8y01,bat_score>0,0,1
bb9t8n,bat_score>0,0,1
bblou4,bat_score>0,0,1
bbqnr3,bat_score>0,0,1
bbq5uz,bat_score>0,0,1
bbvddb,bat_score>0,0,1
bbwse6,bat_score>0,0,1
bbxslz,bat_score>0,0,1
bc0kht,bat_score>0,0,1
bc10lq,bat_score>0,0,1
bc31xq,bat_score>0,0,1
bc4zt7,bat_score>0,0,1
bc77dq,bat_score>0,0,1
bcko95,bat_score>0,0,1
bcrfko,bat_score>0,0,1
bd2xg3,bat_score>0,0,1
bd3w0a,bat_score>0,0,1
bdjnp0,bat_score>0,0,1
bdvb2s,bat_score>0,0,1
bdz83a,bat_score>0,0,1
be6vwj,bat_score>0,0,1
be7u9n,bat_score>0,0,1
be7vb2,bat_score>0,0,1
beablg,bat_score>0,0,1
beaxn2,bat_score>0,0,1
bedrvt,bat_score>0,0,1
bem6nk,bat_score>0,0,1
beo6ra,bat_score>0,0,1
bepik2,bat_score>0,0,1
ber55q,bat_score>0,0,1
bf29gu,bat_score>0,0,1
bf334e,bat_score>0,0,1
bficbo,bat_score>0,0,1
bgk9kq,bat_score>0,0,1
bglwi3,bat_score>0,0,1
bgoddd,bat_score>0,0,1
bgqo48,bat_score>0,0,1
bgrh5j,bat_score>0,0,1
bgvap4,bat_score>0,0,1
bh3pi8,bat_score>0,0,1
bh9pgg,bat_score>0,0,1
bhbr65,bat_score>0,0,1
bhcepf,bat_score>0,0,1
bhkc2h,bat_score>0,0,1
bhn9vr,bat_score>0,0,1
bhoos6,bat_score>0,0,1
bhs546,bat_score>0,0,1
bhz3mv,bat_score>0,0,1
bi0rzo,bat_score>0,0,1
bi9463,bat_score>0,0,1
bitd6d,bat_score>0,0,1
bj0dra,bat_score>0,0,1
bj1pei,bat_score>0,0,1
bj38cb,bat_score>0,0,1
bjis44,bat_score>0,0,1
bjjoh5,bat_score>0,0,1
bjml0o,bat_score>0,0,1
bjttat,bat_score>0,0,1
bjxsoh,bat_score>0,0,1
bk1xr7,bat_score>0,0,1
bk6l9e,bat_score>0,0,1
bk73bk,bat_score>0,0,1
bkbdnq,bat_score>0,0,1
bkesfk,bat_score>0,0,1
bkqgqy,bat_score>0,0,1
blvwkd,bat_score>0,0,1
blx5n7,bat_score>0,0,1
bm07lr,bat_score>0,0,1
bmbcty,bat_score>0,0,1
bmbmsp,bat_score>0,0,1
bmk9lq,bat_score>0,0,1
bmmfgt,bat_score>0,0,1
bmq08p,bat_score>0,0,1
bmyk0s,bat_score>0,0,1
bmzbw6,bat_score>0,0,1
bn0z4u,bat_score>0,0,1
bn38pp,bat_score>0,0,1
bnf9bu,bat_score>0,0,1
bnppop,bat_score>0,0,1
bo4jsl,bat_score>0,0,1
bo5a6e,bat_score>0,0,1
bo9wm7,bat_score>0,0,1
bod6y6,bat_score>0,0,1
bogshq,bat_score>0,0,1
bogqwz,bat_score>0,0,1
boixky,bat_score>0,0,1
boit4k,bat_score>0,0,1
bonfnz,bat_score>0,0,1
bonpll,bat_score>0,0,1
bosv44,bat_score>0,0,1
boz0a6,bat_score>0,0,1
bp61pa,bat_score>0,0,1
bp6dn1,bat_score>0,0,1
bpawh7,bat_score>0,0,1
bphe9p,bat_score>0,0,1
bpi4aq,bat_score>0,0,1
bpx8gt,bat_score>0,0,1
bpxmra,bat_score>0,0,1
bq9bte,bat_score>0,0,1
bqvupc,bat_score>0,0,1
bqwdyv,bat_score>0,0,1
br9jjd,bat_score>0,0,1
brb0wj,bat_score>0,0,1
brciba,bat_score>0,0,1
brcwqn,bat_score>0,0,1
brrkwu,bat_score>0,0,1
brxm8v,bat_score>0,0,1
brvitx,bat_score>0,0,1
bs6q02,bat_score>0,0,1
bs6kig,bat_score>0,0,1
bse78o,bat_score>0,0,1
bshv4b,bat_score>0,0,1
bsi0js,bat_score>0,0,1
btjlv2,bat_score>0,0,1
btzvvc,bat_score>0,0,1
bu1awc,bat_score>0,0,1
bu2mqx,bat_score>0,0,1
bu46ay,bat_score>0,0,1
bu5613,bat_score>0,0,1
bu7znu,bat_score>0,0,1
bu9exh,bat_score>0,0,1
buf0u5,bat_score>0,0,1
buly2t,bat_score>0,0,1
butdhn,bat_score>0,0,1
butdey,bat_score>0,0,1
buujl6,bat_score>0,0,1
bux9fr,bat_score>0,0,1
buzj7r,bat_score>0,0,1
bv2no0,bat_score>0,0,1
bv5fq6,bat_score>0,0,1
bvr66a,bat_score>0,0,1
bvuqow,bat_score>0,0,1
bw9wft,bat_score>0,0,1
bwde4h,bat_score>0,0,1
bwhzre,bat_score>0,0,1
bwhzuz,bat_score>0,0,1
bwjrt3,bat_score>0,0,1
bwn40r,bat_score>0,0,1
bws0tg,bat_score>0,0,1
bwsubz,bat_score>0,0,1
bwvxfc,bat_score>0,0,1
bx1z5h,bat_score>0,0,1
bx4od6,bat_score>0,0,1
bxhv74,bat_score>0,0,1
bxntqn,bat_score>0,0,1
by1ojp,bat_score>0,0,1
by5n48,bat_score>0,0,1
byabgl,bat_score>0,0,1
byxy4y,bat_score>0,0,1
bykjm5,bat_score>0,0,1
bz423n,bat_score>0,0,1
bz7n9y,bat_score>0,0,1
bzcu6a,bat_score>0,0,1
bzg4ze,bat_score>0,0,1
bzj9ji,bat_score>0,0,1
bzi6vz,bat_score>0,0,1
bzm93d,bat_score>0,0,1
bzzked,bat_score>0,0,1
c0holj,bat_score>0,0,1
c0mjcf,bat_score>0,0,1
c0mxjv,bat_score>0,0,1
c0p34h,bat_score>0,0,1
c11ilv,bat_score>0,0,1
c18uu9,bat_score>0,0,1
c1peb1,bat_score>0,0,1
c1vx1u,bat_score>0,0,1
c2bn5v,bat_score>0,0,1
c2jdj1,bat_score>0,0,1
c2lqoy,bat_score>0,0,1
c2o4z4,bat_score>0,0,1
c2zw7x,bat_score>0,0,1
c315m4,bat_score>0,0,1
c36jhl,bat_score>0,0,1
c3a1bw,bat_score>0,0,1
c3av39,bat_score>0,0,1
c3d2ic,bat_score>0,0,1
c3g0m3,bat_score>0,0,1
c3ye9h,bat_score>0,0,1
c4h0ti,bat_score>0,0,1
c4ndk4,bat_score>0,0,1
c4q0ng,bat_score>0,0,1
c4r9ey,bat_score>0,0,1
c4t7cd,bat_score>0,0,1
c50toz,bat_score>0,0,1
c5bzq9,bat_score>0,0,1
c5l4ru,bat_score>0,0,1
c5nipc,bat_score>0,0,1
c5sjh2,bat_score>0,0,1
c5xdre,bat_score>0,0,1
c68hh3,bat_score>0,0,1
c6lnw4,bat_score>0,0,1
c7lack,bat_score>0,0,1
c7y30z,bat_score>0,0,1
c7zp3i,bat_score>0,0,1
c86y2f,bat_score>0,0,1
c88p4a,bat_score>0,0,1
c8cp90,bat_score>0,0,1
c8fizo,bat_score>0,0,1
c8ge29,bat_score>0,0,1
c8nb1o,bat_score>0,0,1
c8utx8,bat_score>0,0,1
c91z2g,bat_score>0,0,1
c9504t,bat_score>0,0,1
c96wv7,bat_score>0,0,1
c9gmbd,bat_score>0,0,1
c9j7u6,bat_score>0,0,1
c9lroi,bat_score>0,0,1
camo7o,bat_score>0,0,1
caprs3,bat_score>0,0,1
cap2kd,bat_score>0,0,1
cb03gc,bat_score>0,0,1
cb1248,bat_score>0,0,1
cb0wxe,bat_score>0,0,1
cb91ed,bat_score>0,0,1
cba960,bat_score>0,0,1
cbirqb,bat_score>0,0,1
cblgxa,bat_score>0,0,1
cbnick,bat_score>0,0,1
cbwl2m,bat_score>0,0,1
cc0u44,bat_score>0,0,1
cc5kkr,bat_score>0,0,1
ccax2l,bat_score>0,0,1
ccctk9,bat_score>0,0,1
cclzmh,bat_score>0,0,1
ccnj23,bat_score>0,0,1
ccnq72,bat_score>0,0,1
ccrg3g,bat_score>0,0,1
cd3bu4,bat_score>0,0,1
cdf1dp,bat_score>0,0,1
cdbak7,bat_score>0,0,1
cdh4jr,bat_score>0,0,1
cdicck,bat_score>0,0,1
cdj51a,bat_score>0,0,1
cdovy3,bat_score>0,0,1
cdprnh,bat_score>0,0,1
cdqtnu,bat_score>0,0,1
cdqu3h,bat_score>0,0,1
ce9w99,bat_score>0,0,1
cegurv,bat_score>0,0,1
cehd4u,bat_score>0,0,1
cehwfq,bat_score>0,0,1
cfccao,bat_score>0,0,1
cfflm0,bat_score>0,0,1
cfngtv,bat_score>0,0,1
cftdda,bat_score>0,0,1
cg6nk0,bat_score>0,0,1
cgb9n2,bat_score>0,0,1
cgd1ym,bat_score>0,0,1
cgxaxp,bat_score>0,0,1
ch1kno,bat_score>0,0,1
ch23qk,bat_score>0,0,1
ch7vqv,bat_score>0,0,1
chcn66,bat_score>0,0,1
chcuw7,bat_score>0,0,1
chdbhg,bat_score>0,0,1
cia2wj,bat_score>0,0,1
ci8iwp,bat_score>0,0,1
cicjdq,bat_score>0,0,1
cizs09,bat_score>0,0,1
cjbjrb,bat_score>0,0,1
cjc7g1,bat_score>0,0,1
cjc9jv,bat_score>0,0,1
cjqzr6,bat_score>0,0,1
cjsss6,bat_score>0,0,1
cjyto1,bat_score>0,0,1
cjzo3c,bat_score>0,0,1
ck3ujp,bat_score>0,0,1
ckj31o,bat_score>0,0,1
ckpoit,bat_score>0,0,1
ckr3zx,bat_score>0,0,1
cksu1e,bat_score>0,0,1
cky9eo,bat_score>0,0,1
cl3l2b,bat_score>0,0,1
cl8j4v,bat_score>0,0,1
clmwch,bat_score>0,0,1
clqmm5,bat_score>0,0,1
cm4285,bat_score>0,0,1
cmdhfu,bat_score>0,0,1
cmhitj,bat_score>0,0,1
cmmlzy,bat_score>0,0,1
cmo2il,bat_score>0,0,1
cmqd4c,bat_score>0,0,1
cmtqei,bat_score>0,0,1
cn0m77,bat_score>0,0,1
cn34qn,bat_score>0,0,1
cn76dv,bat_score>0,0,1
cncdyo,bat_score>0,0,1
co0uh9,bat_score>0,0,1
co66j7,bat_score>0,0,1
co5oy5,bat_score>0,0,1
co7ltf,bat_score>0,0,1
codk3g,bat_score>0,0,1
corj7d,bat_score>0,0,1
covfa8,bat_score>0,0,1
cp1mnp,bat_score>0,0,1
cozpd6,bat_score>0,0,1
cpcu75,bat_score>0,0,1
cpi12b,bat_score>0,0,1
cppcb2,bat_score>0,0,1
cprpxi,bat_score>0,0,1
cpsk3t,bat_score>0,0,1
cq1pma,bat_score>0,0,1
cq91l6,bat_score>0,0,1
cqet54,bat_score>0,0,1
cqg2yf,bat_score>0,0,1
cqk1jk,bat_score>0,0,1
cqmczg,bat_score>0,0,1
cqt8eg,bat_score>0,0,1
cr5wtb,bat_score>0,0,1
crdgeq,bat_score>0,0,1
crox2u,bat_score>0,0,1
csj9cu,bat_score>0,0,1
csk0n1,bat_score>0,0,1
csiyub,bat_score>0,0,1
cslgyk,bat_score>0,0,1
cso8vx,bat_score>0,0,1
csxef2,bat_score>0,0,1
ct0hdn,bat_score>0,0,1
ct0eag,bat_score>0,0,1
ct66x8,bat_score>0,0,1
ctenhj,bat_score>0,0,1
ctffq4,bat_score>0,0,1
cto7uh,bat_score>0,0,1
ctxpvw,bat_score>0,0,1
ctz5wx,bat_score>0,0,1
cu0uuj,bat_score>0,0,1
cu2ipg,bat_score>0,0,1
cu7fwl,bat_score>0,0,1
cug7vc,bat_score>0,0,1
cuh927,bat_score>0,0,1
cuk32q,bat_score>0,0,1
cuqfc8,bat_score>0,0,1
cuu4qb,bat_score>0,0,1
cv6xs3,bat_score>0,0,1
cvja7o,bat_score>0,0,1
cvpey3,bat_score>0,0,1
cvppz5,bat_score>0,0,1
cvrbfl,bat_score>0,0,1
cvr604,bat_score>0,0,1
cw13le,bat_score>0,0,1
cwbnwc,bat_score>0,0,1
cwaysp,bat_score>0,0,1
cwc9hf,bat_score>0,0,1
cwmz16,bat_score>0,0,1
cwnuch,bat_score>0,0,1
cwq45q,bat_score>0,0,1
cwvqui,bat_score>0,0,1
cwwxko,bat_score>0,0,1
cwzzeq,bat_score>0,0,1
cx3du7,bat_score>0,0,1
cx4hxd,bat_score>0,0,1
cxbxx3,bat_score>0,0,1
cxccky,bat_score>0,0,1
cxfw75,bat_score>0,0,1
cxmg0q,bat_score>0,0,1
cxuknt,bat_score>0,0,1
cyfkd4,bat_score>0,0,1
cz0man,bat_score>0,0,1
czczqs,bat_score>0,0,1
czd9pp,bat_score>0,0,1
czfq0n,bat_score>0,0,1
czisog,bat_score>0,0,1
czovlz,bat_score>0,0,1
czrm6o,bat_score>0,0,1
czv71f,bat_score>0,0,1
d02st1,bat_score>0,0,1
d0y8uq,bat_score>0,0,1
d133sa,bat_score>0,0,1
d167kd,bat_score>0,0,1
d1sjrl,bat_score>0,0,1
d1ss5w,bat_score>0,0,1
d1xo0k,bat_score>0,0,1
d2261q,bat_score>0,0,1
d28b5y,bat_score>0,0,1
d2myah,bat_score>0,0,1
d2qha2,bat_score>0,0,1
d2vicu,bat_score>0,0,1
d2wbsq,bat_score>0,0,1
d2xdkz,bat_score>0,0,1
d371ma,bat_score>0,0,1
d3a6iq,bat_score>0,0,1
d3idgg,bat_score>0,0,1
d3igki,bat_score>0,0,1
d3qnio,bat_score>0,0,1
d3s4mx,bat_score>0,0,1
d3rwzi,bat_score>0,0,1
d3t6j5,bat_score>0,0,1
d3u7ot,bat_score>0,0,1
d3wboc,bat_score>0,0,1
d408do,bat_score>0,0,1
d48s2e,bat_score>0,0,1
d4sqmm,bat_score>0,0,1
d4ukae,bat_score>0,0,1
d5hzql,bat_score>0,0,1
d5r6j5,bat_score>0,0,1
d5x3v5,bat_score>0,0,1
d6341y,bat_score>0,0,1
d6e3kr,bat_score>0,0,1
d6eyfa,bat_score>0,0,1
d6fn8x,bat_score>0,0,1
d6h3nm,bat_score>0,0,1
d6h662,bat_score>0,0,1
d6u5c2,bat_score>0,0,1
d6v8nb,bat_score>0,0,1
d6ykai,bat_score>0,0,1
d6ywk7,bat_score>0,0,1
d78fhi,bat_score>0,0,1
d7qxu3,bat_score>0,0,1
d7vucr,bat_score>0,0,1
d89lk1,bat_score>0,0,1
d8bbpf,bat_score>0,0,1
d8dbv2,bat_score>0,0,1
d8vvcg,bat_score>0,0,1
d8vizi,bat_score>0,0,1
d90pzh,bat_score>0,0,1
d94n3v,bat_score>0,0,1
d95u58,bat_score>0,0,1
d96gqg,bat_score>0,0,1
d96fxl,bat_score>0,0,1
d9p0xu,bat_score>0,0,1
da1q4f,bat_score>0,0,1
da3xza,bat_score>0,0,1
da48ga,bat_score>0,0,1
da8ihi,bat_score>0,0,1
da8ala,bat_score>0,0,1
dabuq8,bat_score>0,0,1
dbi9ab,bat_score>0,0,1
dbk6iv,bat_score>0,0,1
dbnfpc,bat_score>0,0,1
dbuxak,bat_score>0,0,1
dcfedd,bat_score>0,0,1
dclcn1,bat_score>0,0,1
dcm1rl,bat_score>0,0,1
dcky70,bat_score>0,0,1
dckq7k,bat_score>0,0,1
dcx76b,bat_score>0,0,1
dcz612,bat_score>0,0,1
dd67qv,bat_score>0,0,1
dd71hr,bat_score>0,0,1
dd882d,bat_score>0,0,1
dd8m8z,bat_score>0,0,1
dd8nvi,bat_score>0,0,1
ddced7,bat_score>0,0,1
ddg0w2,bat_score>0,0,1
ddi5yo,bat_score>0,0,1
dei2wf,bat_score>0,0,1
demcl4,bat_score>0,0,1
denvwd,bat_score>0,0,1
deo7lt,bat_score>0,0,1
dev6u4,bat_score>0,0,1
deu2xl,bat_score>0,0,1
df0dxh,bat_score>0,0,1
df2qc7,bat_score>0,0,1
df97rx,bat_score>0,0,1
dfgz6q,bat_score>0,0,1
dfi7w2,bat_score>0,0,1
dfjz1h,bat_score>0,0,1
dfkiif,bat_score>0,0,1
dgie7z,bat_score>0,0,1
dgnzpx,bat_score>0,0,1
dgyi56,bat_score>0,0,1
dh09i1,bat_score>0,0,1
dh9rq5,bat_score>0,0,1
dh74ua,bat_score>0,0,1
dhmdkg,bat_score>0,0,1
dhqkk7,bat_score>0,0,1
dhxrtn,bat_score>0,0,1
di2l80,bat_score>0,0,1
dijr1u,bat_score>0,0,1
dj7m31,bat_score>0,0,1
dj9jps,bat_score>0,0,1
djt21s,bat_score>0,0,1
dkzldw,bat_score>0,0,1
dlgjwo,bat_score>0,0,1
dm9lz0,bat_score>0,0,1
dmef6w,bat_score>0,0,1
dmit8i,bat_score>0,0,1
dmlbn5,bat_score>0,0,1
dmmwjx,bat_score>0,0,1
dmo8vl,bat_score>0,0,1
dmzfoh,bat_score>0,0,1
dn8jp1,bat_score>0,0,1
dnh2gq,bat_score>0,0,1
do1cm3,bat_score>0,0,1
dogvvz,bat_score>0,0,1
dokfau,bat_score>0,0,1
doqpgk,bat_score>0,0,1
dorem0,bat_score>0,0,1
dou61q,bat_score>0,0,1
doz6wm,bat_score>0,0,1
dp7bhl,bat_score>0,0,1
dpbt3t,bat_score>0,0,1
dpnwk7,bat_score>0,0,1
dpokcs,bat_score>0,0,1
dppsax,bat_score>0,0,1
dpq5yl,bat_score>0,0,1
dpqvmo,bat_score>0,0,1
dprefo,bat_score>0,0,1
dps72n,bat_score>0,0,1
dpsn8i,bat_score>0,0,1
dptr4x,bat_score>0,0,1
dq4g4k,bat_score>0,0,1
dq5h76,bat_score>0,0,1
dq5czh,bat_score>0,0,1
dq6hgi,bat_score>0,0,1
dqp35c,bat_score>0,0,1
dqubec,bat_score>0,0,1
dqyxjm,bat_score>0,0,1
ds6gw3,bat_score>0,0,1
dscswt,bat_score>0,0,1
dsf8pe,bat_score>0,0,1
dsj9jy,bat_score>0,0,1
dsnum2,bat_score>0,0,1
dszriw,bat_score>0,0,1
dt52mr,bat_score>0,0,1
dtcew4,bat_score>0,0,1
dtgua1,bat_score>0,0,1
dtjd7c,bat_score>0,0,1
dtjqh8,bat_score>0,0,1
duk57w,bat_score>0,0,1
duo4zt,bat_score>0,0,1
durvv0,bat_score>0,0,1
dv00t2,bat_score>0,0,1
dvu6nq,bat_score>0,0,1
dvvwku,bat_score>0,0,1
dw1fuc,bat_score>0,0,1
dw3enq,bat_score>0,0,1
dw94di,bat_score>0,0,1
dwasaf,bat_score>0,0,1
dwg64t,bat_score>0,0,1
dwqtd8,bat_score>0,0,1
dwtjvs,bat_score>0,0,1
dwufcu,bat_score>0,0,1
dwxeei,bat_score>0,0,1
dwxmrt,bat_score>0,0,1
dwxs6a,bat_score>0,0,1
dwy63k,bat_score>0,0,1
dx2o70,bat_score>0,0,1
dxku52,bat_score>0,0,1
dxko75,bat_score>0,0,1
dy4mnz,bat_score>0,0,1
dy7ga8,bat_score>0,0,1
dylrsm,bat_score>0,0,1
dypxcx,bat_score>0,0,1
dz6g0f,bat_score>0,0,1
dz6qh9,bat_score>0,0,1
dzbtt2,bat_score>0,0,1
dzleqo,bat_score>0,0,1
dzo7hh,bat_score>0,0,1
dzt5a8,bat_score>0,0,1
e03sh2,bat_score>0,0,1
e03iwm,bat_score>0,0,1
e16rmw,bat_score>0,0,1
e16ug1,bat_score>0,0,1
e1ex0z,bat_score>0,0,1
e1peti,bat_score>0,0,1
e230wb,bat_score>0,0,1
e2fv9w,bat_score>0,0,1
e2gtt0,bat_score>0,0,1
e2kf9d,bat_score>0,0,1
e2kh1j,bat_score>0,0,1
e2mvnr,bat_score>0,0,1
e2p4id,bat_score>0,0,1
e2veyt,bat_score>0,0,1
e3cjag,bat_score>0,0,1
e3tjrj,bat_score>0,0,1
e3vatu,bat_score>0,0,1
e509ce,bat_score>0,0,1
e5465y,bat_score>0,0,1
e5e93q,bat_score>0,0,1
e5fn1g,bat_score>0,0,1
e5jsqg,bat_score>0,0,1
e5kq1q,bat_score>0,0,1
e5n76i,bat_score>0,0,1
e5qbll,bat_score>0,0,1
e5w3qt,bat_score>0,0,1
e616bi,bat_score>0,0,1
e64c1b,bat_score>0,0,1
e67tg5,bat_score>0,0,1
e6insa,bat_score>0,0,1
e73kk7,bat_score>0,0,1
e772yu,bat_score>0,0,1
e7696b,bat_score>0,0,1
e7d1x3,bat_score>0,0,1
e7tqhc,bat_score>0,0,1
e8a3ej,bat_score>0,0,1
e8a04a,bat_score>0,0,1
e8br6d,bat_score>0,0,1
e8e8li,bat_score>0,0,1
e8k66z,bat_score>0,0,1
e8qypg,bat_score>0,0,1
e8r9qi,bat_score>0,0,1
e8rctu,bat_score>0,0,1
e939bt,bat_score>0,0,1
e97xr0,bat_score>0,0,1
e98el8,bat_score>0,0,1
e9bbyl,bat_score>0,0,1
e9h8bs,bat_score>0,0,1
e9rrsv,bat_score>0,0,1
ea9edg,bat_score>0,0,1
ealr2h,bat_score>0,0,1
ean6cj,bat_score>0,0,1
eanree,bat_score>0,0,1
eaphr8,bat_score>0,0,1
eayune,bat_score>0,0,1
eb3qts,bat_score>0,0,1
eb8vnd,bat_score>0,0,1
ebcqed,bat_score>0,0,1
ebjazp,bat_score>0,0,1
ebu6g7,bat_score>0,0,1
ec2gz0,bat_score>0,0,1
ec418o,bat_score>0,0,1
ec90w7,bat_score>0,0,1
ecnf0f,bat_score>0,0,1
ecxo27,bat_score>0,0,1
ecywpl,bat_score>0,0,1
edbmbr,bat_score>0,0,1
eddrsy,bat_score>0,0,1
ee8w5l,bat_score>0,0,1
eetanm,bat_score>0,0,1
eevmt5,bat_score>0,0,1
ef1hee,bat_score>0,0,1
efo9qs,bat_score>0,0,1
efkks4,bat_score>0,0,1
efwoh8,bat_score>0,0,1
efwwvi,bat_score>0,0,1
efzk6z,bat_score>0,0,1
eg61lw,bat_score>0,0,1
egbtj3,bat_score>0,0,1
egff61,bat_score>0,0,1
egu7n4,bat_score>0,0,1
ehylwe,bat_score>0,0,1
ei6lwe,bat_score>0,0,1
eic286,bat_score>0,0,1
eir6b9,bat_score>0,0,1
eiz7wx,bat_score>0,0,1
ej0tcl,bat_score>0,0,1
ej4v10,bat_score>0,0,1
eja7ce,bat_score>0,0,1
ejebrd,bat_score>0,0,1
ejkuhn,bat_score>0,0,1
ekoxje,bat_score>0,0,1
el6ehr,bat_score>0,0,1
el4adk,bat_score>0,0,1
elc001,bat_score>0,0,1
elnoih,bat_score>0,0,1
elvf2q,bat_score>0,0,1
elw0sg,bat_score>0,0,1
em8dbl,bat_score>0,0,1
emd95n,bat_score>0,0,1
emr408,bat_score>0,0,1
eno3by,bat_score>0,0,1
enyodv,bat_score>0,0,1
eo64wg,bat_score>0,0,1
eoarat,bat_score>0,0,1
eolqjv,bat_score>0,0,1
eomatr,bat_score>0,0,1
eor74b,bat_score>0,0,1
eovi7s,bat_score>0,0,1
ep5vqm,bat_score>0,0,1
eped0o,bat_score>0,0,1
epcd5j,bat_score>0,0,1
epjn1z,bat_score>0,0,1
epmax2,bat_score>0,0,1
epkz3p,bat_score>0,0,1
eppxg6,bat_score>0,0,1
epr8nh,bat_score>0,0,1
equb8c,bat_score>0,0,1
erc3l9,bat_score>0,0,1
erdbfl,bat_score>0,0,1
erv8ck,bat_score>0,0,1
erx8ch,bat_score>0,0,1
es0h07,bat_score>0,0,1
esjf00,bat_score>0,0,1
est1l6,bat_score>0,0,1
esuvzu,bat_score>0,0,1
esxr6d,bat_score>0,0,1
et1djo,bat_score>0,0,1
et4agr,bat_score>0,0,1
et53hl,bat_score>0,0,1
etaajb,bat_score>0,0,1
etbmba,bat_score>0,0,1
eterpm,bat_score>0,0,1
etf8pv,bat_score>0,0,1
eucpmj,bat_score>0,0,1
euusdw,bat_score>0,0,1
evix5x,bat_score>0,0,1
evluxx,bat_score>0,0,1
evm0kz,bat_score>0,0,1
evn2qp,bat_score>0,0,1
evo9c6,bat_score>0,0,1
evuygs,bat_score>0,0,1
ew693t,bat_score>0,0,1
ewc759,bat_score>0,0,1
ewdn6v,bat_score>0,0,1
ewnljc,bat_score>0,0,1
ewl2wr,bat_score>0,0,1
ewmwvx,bat_score>0,0,1
ewom6j,bat_score>0,0,1
ewqnnx,bat_score>0,0,1
ewr55a,bat_score>0,0,1
ewt8x4,bat_score>0,0,1
ewvbpn,bat_score>0,0,1
ewxrfd,bat_score>0,0,1
exw84h,bat_score>0,0,1
ey0gt9,bat_score>0,0,1
ey3pln,bat_score>0,0,1
eyagij,bat_score>0,0,1
eyc4fu,bat_score>0,0,1
eyx3d0,bat_score>0,0,1
eyzby4,bat_score>0,0,1
ez0y7l,bat_score>0,0,1
ez6ozs,bat_score>0,0,1
ez7vir,bat_score>0,0,1
ezyh7m,bat_score>0,0,1
f0d3j8,bat_score>0,0,1
f0gxw2,bat_score>0,0,1
f0h6fa,bat_score>0,0,1
f1ac3i,bat_score>0,0,1
f1bb4h,bat_score>0,0,1
f1lfs9,bat_score>0,0,1
f1lse8,bat_score>0,0,1
f1s7jx,bat_score>0,0,1
f20zfv,bat_score>0,0,1
f2amn3,bat_score>0,0,1
f2fmsy,bat_score>0,0,1
f2i1gp,bat_score>0,0,1
f2kl0l,bat_score>0,0,1
f2r5lh,bat_score>0,0,1
f2raox,bat_score>0,0,1
f2t78e,bat_score>0,0,1
f2t5fs,bat_score>0,0,1
f2vtp1,bat_score>0,0,1
f37ifm,bat_score>0,0,1
f3br0d,bat_score>0,0,1
f3cggd,bat_score>0,0,1
f3gipv,bat_score>0,0,1
f3fvol,bat_score>0,0,1
f3xy0s,bat_score>0,0,1
f3xt8u,bat_score>0,0,1
f3zg29,bat_score>0,0,1
f40u6q,bat_score>0,0,1
f4hsy4,bat_score>0,0,1
f4qok2,bat_score>0,0,1
f4vcoh,bat_score>0,0,1
f598i6,bat_score>0,0,1
f5fq0h,bat_score>0,0,1
f5lewk,bat_score>0,0,1
f5q0ns,bat_score>0,0,1
f5ruvp,bat_score>0,0,1
f5tws2,bat_score>0,0,1
f5vbdh,bat_score>0,0,1
f5x7eh,bat_score>0,0,1
f5yb7z,bat_score>0,0,1
f6ccjk,bat_score>0,0,1
f6dsz5,bat_score>0,0,1
f6hmib,bat_score>0,0,1
f6hirk,bat_score>0,0,1
f6i811,bat_score>0,0,1
f6vbv8,bat_score>0,0,1
f6w5c5,bat_score>0,0,1
f6zjeo,bat_score>0,0,1
f71rpx,bat_score>0,0,1
f710d2,bat_score>0,0,1
f71yg8,bat_score>0,0,1
f73rre,bat_score>0,0,1
f747ex,bat_score>0,0,1
f75wtp,bat_score>0,0,1
f7b75e,bat_score>0,0,1
f7cjfi,bat_score>0,0,1
f7dcy4,bat_score>0,0,1
f7goo0,bat_score>0,0,1
f7samu,bat_score>0,0,1
f7t3kc,bat_score>0,0,1
f80r5n,bat_score>0,0,1
f7zt93,bat_score>0,0,1
f87p8u,bat_score>0,0,1
f8uko6,bat_score>0,0,1
f8ygis,bat_score>0,0,1
f930mf,bat_score>0,0,1
f9wuuj,bat_score>0,0,1
fa5ona,bat_score>0,0,1
fa6kjk,bat_score>0,0,1
faeljn,bat_score>0,0,1
fai6i9,bat_score>0,0,1
fauzj3,bat_score>0,0,1
fax3uy,bat_score>0,0,1
faxcv9,bat_score>0,0,1
fazl4g,bat_score>0,0,1
fb9hta,bat_score>0,0,1
fc55yi,bat_score>0,0,1
fckp83,bat_score>0,0,1
fd9542,bat_score>0,0,1
fdg5bv,bat_score>0,0,1
fdgl2z,bat_score>0,0,1
fdkn1d,bat_score>0,0,1
fdnchk,bat_score>0,0,1
fdmv8j,bat_score>0,0,1
fdorvf,bat_score>0,0,1
fdsydo,bat_score>0,0,1
fdwmrc,bat_score>0,0,1
fdx22t,bat_score>0,0,1
fdzpsd,bat_score>0,0,1
feehqd,bat_score>0,0,1
fef1hf,bat_score>0,0,1
fenm5k,bat_score>0,0,1
ff0lkl,bat_score>0,0,1
fffgro,bat_score>0,0,1
ffhozb,bat_score>0,0,1
ffjjsc,bat_score>0,0,1
ffmwop,bat_score>0,0,1
fftk7z,bat_score>0,0,1
ffvlpg,bat_score>0,0,1
fg0npm,bat_score>0,0,1
fg5nte,bat_score>0,0,1
fgc30y,bat_score>0,0,1
fgi0sk,bat_score>0,0,1
fgjkjf,bat_score>0,0,1
fgj8p3,bat_score>0,0,1
fgpgkb,bat_score>0,0,1
fgr5xs,bat_score>0,0,1
fh1aql,bat_score>0,0,1
fh78be,bat_score>0,0,1
fh747o,bat_score>0,0,1
fh9yxs,bat_score>0,0,1
fheaz2,bat_score>0,0,1
fhh239,bat_score>0,0,1
fhm991,bat_score>0,0,1
fi9zkz,bat_score>0,0,1
fiip4o,bat_score>0,0,1
fiss9i,bat_score>0,0,1
fizew4,bat_score>0,0,1
fj2zm3,bat_score>0,0,1
fj7fl0,bat_score>0,0,1
fja3oq,bat_score>0,0,1
fjiphp,bat_score>0,0,1
fjklra,bat_score>0,0,1
fjl7cs,bat_score>0,0,1
fjn758,bat_score>0,0,1
fjol22,bat_score>0,0,1
fjsz6g,bat_score>0,0,1
fjtnoy,bat_score>0,0,1
fk4k4x,bat_score>0,0,1
fkbkdg,bat_score>0,0,1
fkm4fi,bat_score>0,0,1
fkpivd,bat_score>0,0,1
fkpwkq,bat_score>0,0,1
fkqdey,bat_score>0,0,1
fkrkjd,bat_score>0,0,1
fkvc19,bat_score>0,0,1
fkymwy,bat_score>0,0,1
fl1y5v,bat_score>0,0,1
fl47aa,bat_score>0,0,1
fl8ahb,bat_score>0,0,1
fl9nxk,bat_score>0,0,1
flcq27,bat_score>0,0,1
fld3qz,bat_score>0,0,1
fldcqj,bat_score>0,0,1
flg5ip,bat_score>0,0,1
flh8b1,bat_score>0,0,1
flh43p,bat_score>0,0,1
fligg3,bat_score>0,0,1
flmu9r,bat_score>0,0,1
flssqh,bat_score>0,0,1
flrgzo,bat_score>0,0,1
flvpe6,bat_score>0,0,1
fly4gm,bat_score>0,0,1
fm3hy0,bat_score>0,0,1
fm6orr,bat_score>0,0,1
fmbp6z,bat_score>0,0,1
fmehvg,bat_score>0,0,1
fmlgjw,bat_score>0,0,1
fmotmh,bat_score>0,0,1
fmvd12,bat_score>0,0,1
fn22n7,bat_score>0,0,1
fnbbfi,bat_score>0,0,1
fnipfx,bat_score>0,0,1
fnjgb1,bat_score>0,0,1
fnqhmo,bat_score>0,0,1
fnrin0,bat_score>0,0,1
fnugvt,bat_score>0,0,1
fnuv2b,bat_score>0,0,1
fo78u1,bat_score>0,0,1
fo7qdj,bat_score>0,0,1
fodzan,bat_score>0,0,1
fofanh,bat_score>0,0,1
fogq6s,bat_score>0,0,1
foit5o,bat_score>0,0,1
fos3j5,bat_score>0,0,1
forl57,bat_score>0,0,1
fov3fu,bat_score>0,0,1
foxews,bat_score>0,0,1
fp5j6v,bat_score>0,0,1
fp93fa,bat_score>0,0,1
fpbdsl,bat_score>0,0,1
fpbgwj,bat_score>0,0,1
fpbtdm,bat_score>0,0,1
fpfcnk,bat_score>0,0,1
fphpq6,bat_score>0,0,1
fpqhzk,bat_score>0,0,1
fpu4da,bat_score>0,0,1
fpx890,bat_score>0,0,1
fpxmy3,bat_score>0,0,1
fpy6m7,bat_score>0,0,1
fq025c,bat_score>0,0,1
fq0sg8,bat_score>0,0,1
fq2hv1,bat_score>0,0,1
fq1lho,bat_score>0,0,1
fq2uq0,bat_score>0,0,1
fq2oy4,bat_score>0,0,1
fq57jc,bat_score>0,0,1
fq7j8m,bat_score>0,0,1
fq732o,bat_score>0,0,1
fq96re,bat_score>0,0,1
fqjyev,bat_score>0,0,1
fql0m1,bat_score>0,0,1
fqrrpt,bat_score>0,0,1
frg2j6,bat_score>0,0,1
frrocz,bat_score>0,0,1
frvfrn,bat_score>0,0,1
frxody,bat_score>0,0,1
fs0pbw,bat_score>0,0,1
fs51by,bat_score>0,0,1
fs5tpo,bat_score>0,0,1
fshzf7,bat_score>0,0,1
fsld4r,bat_score>0,0,1
fslp9b,bat_score>0,0,1
fsurd9,bat_score>0,0,1
fsyhwm,bat_score>0,0,1
ft4ocb,bat_score>0,0,1
ft8zmo,bat_score>0,0,1
ft94ch,bat_score>0,0,1
ftko1o,bat_score>0,0,1
ftlfda,bat_score>0,0,1
ftll22,bat_score>0,0,1
ftpd84,bat_score>0,0,1
ftt0u9,bat_score>0,0,1
fttiw0,bat_score>0,0,1
ftvtih,bat_score>0,0,1
ftvuza,bat_score>0,0,1
ftxil2,bat_score>0,0,1
fu24s3,bat_score>0,0,1
fu86zr,bat_score>0,0,1
fuarp8,bat_score>0,0,1
fubobg,bat_score>0,0,1
fufi7p,bat_score>0,0,1
fugp4a,bat_score>0,0,1
fuifif,bat_score>0,0,1
fumsgj,bat_score>0,0,1
funt3f,bat_score>0,0,1
fv4yjs,bat_score>0,0,1
fvdj18,bat_score>0,0,1
fvpyrd,bat_score>0,0,1
fvrfjo,bat_score>0,0,1
fvslj6,bat_score>0,0,1
fvvj60,bat_score>0,0,1
fvwxd2,bat_score>0,0,1
fwazkm,bat_score>0,0,1
fwj6gg,bat_score>0,0,1
fwwgwc,bat_score>0,0,1
fx3niu,bat_score>0,0,1
fxab51,bat_score>0,0,1
fxe3kk,bat_score>0,0,1
fyjzod,bat_score>0,0,1
fyn17v,bat_score>0,0,1
fylsu0,bat_score>0,0,1
fzkeme,bat_score>0,0,1
fzg8ph,bat_score>0,0,1
g00ca4,bat_score>0,0,1
g06cyd,bat_score>0,0,1
g0kgvw,bat_score>0,0,1
g13nry,bat_score>0,0,1
g154cg,bat_score>0,0,1
g18a94,bat_score>0,0,1
g18d1g,bat_score>0,0,1
g1bbmb,bat_score>0,0,1
g1ffj8,bat_score>0,0,1
g1w8st,bat_score>0,0,1
g2d4id,bat_score>0,0,1
g2hsip,bat_score>0,0,1
g2nt8n,bat_score>0,0,1
g2mqss,bat_score>0,0,1
g2nv0z,bat_score>0,0,1
g2onhy,bat_score>0,0,1
g32gwa,bat_score>0,0,1
g38fko,bat_score>0,0,1
g3ekg4,bat_score>0,0,1
g4dk37,bat_score>0,0,1
g4hw0y,bat_score>0,0,1
g4pdx7,bat_score>0,0,1
g51sra,bat_score>0,0,1
g52skw,bat_score>0,0,1
g5ksil,bat_score>0,0,1
g5oo5n,bat_score>0,0,1
g68n84,bat_score>0,0,1
g6mu4e,bat_score>0,0,1
g6ow3f,bat_score>0,0,1
g6qw66,bat_score>0,0,1
g6ymsm,bat_score>0,0,1
g7360i,bat_score>0,0,1
g74l4b,bat_score>0,0,1
g7cl6t,bat_score>0,0,1
g7e9w3,bat_score>0,0,1
g7hft2,bat_score>0,0,1
g7vzk3,bat_score>0,0,1
g84mwx,bat_score>0,0,1
g90h96,bat_score>0,0,1
g92ro3,bat_score>0,0,1
g96lxz,bat_score>0,0,1
g9dv5w,bat_score>0,0,1
g9ibkf,bat_score>0,0,1
g9ljtt,bat_score>0,0,1
g9ov6y,bat_score>0,0,1
g9vacp,bat_score>0,0,1
g9yh09,bat_score>0,0,1
ga4cpj,bat_score>0,0,1
ga7mqz,bat_score>0,0,1
ga8hgl,bat_score>0,0,1
gaalbg,bat_score>0,0,1
gaf819,bat_score>0,0,1
gafh3y,bat_score>0,0,1
gafxn6,bat_score>0,0,1
gagguc,bat_score>0,0,1
gak6ku,bat_score>0,0,1
ganpfa,bat_score>0,0,1
gawgbx,bat_score>0,0,1
gaz1e9,bat_score>0,0,1
gb5cv3,bat_score>0,0,1
gbk1ze,bat_score>0,0,1
gbjh2v,bat_score>0,0,1
gboseb,bat_score>0,0,1
gcmd38,bat_score>0,0,1
gdbk1f,bat_score>0,0,1
gdc51s,bat_score>0,0,1
gdf6vx,bat_score>0,0,1
gdj6cr,bat_score>0,0,1
gduarx,bat_score>0,0,1
ge223j,bat_score>0,0,1
ge6yhu,bat_score>0,0,1
gela0b,bat_score>0,0,1
genbi2,bat_score>0,0,1
geq9wl,bat_score>0,0,1
gf04mn,bat_score>0,0,1
gf8day,bat_score>0,0,1
gf9rb0,bat_score>0,0,1
gfb188,bat_score>0,0,1
gfqrhd,bat_score>0,0,1
gg4ncd,bat_score>0,0,1
gg5bf5,bat_score>0,0,1
ghlu97,bat_score>0,0,1
ghp1gf,bat_score>0,0,1
gib65g,bat_score>0,0,1
gie1is,bat_score>0,0,1
giijsr,bat_score>0,0,1
gillfe,bat_score>0,0,1
gip87v,bat_score>0,0,1
gizqmz,bat_score>0,0,1
gj0tno,bat_score>0,0,1
gjczy9,bat_score>0,0,1
gjq9ay,bat_score>0,0,1
gjtsun,bat_score>0,0,1
gk9oe0,bat_score>0,0,1
gkfn4l,bat_score>0,0,1
gktudy,bat_score>0,0,1
gkp9f8,bat_score>0,0,1
glan8x,bat_score>0,0,1
glyulx,bat_score>0,0,1
gm13kd,bat_score>0,0,1
gm8kyh,bat_score>0,0,1
gmayut,bat_score>0,0,1
gmtmzf,bat_score>0,0,1
gmustk,bat_score>0,0,1
gngas3,bat_score>0,0,1
gnk6gw,bat_score>0,0,1
gnnl1t,bat_score>0,0,1
goiyv9,bat_score>0,0,1
gor2vj,bat_score>0,0,1
goswy7,bat_score>0,0,1
gqw29r,bat_score>0,0,1
gqwky2,bat_score>0,0,1
gqwqj4,bat_score>0,0,1
grba2t,bat_score>0,0,1
grpinb,bat_score>0,0,1
gs7lyi,bat_score>0,0,1
gs9c2f,bat_score>0,0,1
gsfjf1,bat_score>0,0,1
gsjfj9,bat_score>0,0,1
gsv5xv,bat_score>0,0,1
gsw5c3,bat_score>0,0,1
gswdhi,bat_score>0,0,1
gt4bqp,bat_score>0,0,1
gtqt45,bat_score>0,0,1
gus5r4,bat_score>0,0,1
gv8p54,bat_score>0,0,1
gvul59,bat_score>0,0,1
gw40wp,bat_score>0,0,1
gwmv1h,bat_score>0,0,1
gwqwh3,bat_score>0,0,1
gwuqdk,bat_score>0,0,1
gwycxy,bat_score>0,0,1
gxbwy2,bat_score>0,0,1
gxq3x6,bat_score>0,0,1
gy7asw,bat_score>0,0,1
gy5k2k,bat_score>0,0,1
gyh0bl,bat_score>0,0,1
gyih5a,bat_score>0,0,1
gypvtp,bat_score>0,0,1
gyzz12,bat_score>0,0,1
gz3tv5,bat_score>0,0,1
gz5qrl,bat_score>0,0,1
gzlney,bat_score>0,0,1
gzznt0,bat_score>0,0,1
h089ro,bat_score>0,0,1
h08k5z,bat_score>0,0,1
h0a4zq,bat_score>0,0,1
h0bvzs,bat_score>0,0,1
h0fb9t,bat_score>0,0,1
h14epa,bat_score>0,0,1
h7m3fa,bat_score>0,0,1
h89sh7,bat_score>0,0,1
h8tf3v,bat_score>0,0,1
h8zkgx,bat_score>0,0,1
h9cqmq,bat_score>0,0,1
h9ihcu,bat_score>0,0,1
h9o7bt,bat_score>0,0,1
ha3yk2,bat_score>0,0,1
haa3iw,bat_score>0,0,1
haalwg,bat_score>0,0,1
hac8vw,bat_score>0,0,1
hak54u,bat_score>0,0,1
hasjmp,bat_score>0,0,1
hays1h,bat_score>0,0,1
hazgjx,bat_score>0,0,1
hb0u7h,bat_score>0,0,1
hbwgv2,bat_score>0,0,1
hc0yhi,bat_score>0,0,1
hc1fum,bat_score>0,0,1
hcglvg,bat_score>0,0,1
hclc3o,bat_score>0,0,1
hctzov,bat_score>0,0,1
hdu72i,bat_score>0,0,1
hdq94f,bat_score>0,0,1
hdv0dn,bat_score>0,0,1
he9gd6,bat_score>0,0,1
hentby,bat_score>0,0,1
hepu56,bat_score>0,0,1
heps2p,bat_score>0,0,1
hf1wqv,bat_score>0,0,1
hfok90,bat_score>0,0,1
hfulqr,bat_score>0,0,1
hfxd2e,bat_score>0,0,1
hg70iy,bat_score>0,0,1
hgbl35,bat_score>0,0,1
hgc6kz,bat_score>0,0,1
hgg90r,bat_score>0,0,1
hgh0uq,bat_score>0,0,1
hgplp9,bat_score>0,0,1
hgtij7,bat_score>0,0,1
hh7fzf,bat_score>0,0,1
hi7rv7,bat_score>0,0,1
hig4cf,bat_score>0,0,1
hildmk,bat_score>0,0,1
hinniq,bat_score>0,0,1
hipzum,bat_score>0,0,1
hj0hgj,bat_score>0,0,1
hjaq9x,bat_score>0,0,1
hjekg0,bat_score>0,0,1
hjre2f,bat_score>0,0,1
hk1y38,bat_score>0,0,1
hkj331,bat_score>0,0,1
hlygsg,bat_score>0,0,1
hlz0wm,bat_score>0,0,1
hm3dqv,bat_score>0,0,1
hm90in,bat_score>0,0,1
hm9cgd,bat_score>0,0,1
hmek8g,bat_score>0,0,1
hmphwk,bat_score>0,0,1
hms8kv,bat_score>0,0,1
hmth7s,bat_score>0,0,1
hn6x02,bat_score>0,0,1
hnhe4s,bat_score>0,0,1
hnr06m,bat_score>0,0,1
hnx42y,bat_score>0,0,1
ho3vht,bat_score>0,0,1
hovi4l,bat_score>0,0,1
hq9kbn,bat_score>0,0,1
hqlbms,bat_score>0,0,1
hqq0pl,bat_score>0,0,1
hqvu3l,bat_score>0,0,1
hqz8k9,bat_score>0,0,1
hr1hyz,bat_score>0,0,1
hr20qj,bat_score>0,0,1
hr1x8p,bat_score>0,0,1
hr51bl,bat_score>0,0,1
hrn5i2,bat_score>0,0,1
hrmt43,bat_score>0,0,1
hrpoee,bat_score>0,0,1
hrr4i7,bat_score>0,0,1
hrumwn,bat_score>0,0,1
hrzze9,bat_score>0,0,1
hsdzho,bat_score>0,0,1
hsetz3,bat_score>0,0,1
hsvgso,bat_score>0,0,1
hsvu84,bat_score>0,0,1
ht181m,bat_score>0,0,1
htp231,bat_score>0,0,1
hu7oy3,bat_score>0,0,1
hugdi6,bat_score>0,0,1
hunnk5,bat_score>0,0,1
huu41x,bat_score>0,0,1
hv4ccn,bat_score>0,0,1
hvcf6w,bat_score>0,0,1
hvezdu,bat_score>0,0,1
hvgodk,bat_score>0,0,1
hvqjy2,bat_score>0,0,1
hw20xa,bat_score>0,0,1
hw1cvp,bat_score>0,0,1
hw6zp9,bat_score>0,0,1
hw8jjr,bat_score>0,0,1
hw7dix,bat_score>0,0,1
hwd1mn,bat_score>0,0,1
hwehs7,bat_score>0,0,1
hwf54o,bat_score>0,0,1
hwiax3,bat_score>0,0,1
hwktkx,bat_score>0,0,1
hwlozh,bat_score>0,0,1
hwqkqz,bat_score>0,0,1
hx1vdw,bat_score>0,0,1
hx4jj6,bat_score>0,0,1
hx8r4f,bat_score>0,0,1
hxb893,bat_score>0,0,1
hxclwv,bat_score>0,0,1
hxdo5q,bat_score>0,0,1
hxr1ub,bat_score>0,0,1
hxs5w2,bat_score>0,0,1
hyss9l,bat_score>0,0,1
hyt8s1,bat_score>0,0,1
hyzaqq,bat_score>0,0,1
hz0c2k,bat_score>0,0,1
hziyij,bat_score>0,0,1
hzmqo7,bat_score>0,0,1
i00xfm,bat_score>0,0,1
i0idqr,bat_score>0,0,1
i0l9bk,bat_score>0,0,1
i1spio,bat_score>0,0,1
i2pued,bat_score>0,0,1
i2zk0e,bat_score>0,0,1
i35cdf,bat_score>0,0,1
i3drh2,bat_score>0,0,1
i3aecm,bat_score>0,0,1
i3khyt,bat_score>0,0,1
i3m1qe,bat_score>0,0,1
i3mbmp,bat_score>0,0,1
i3t9mf,bat_score>0,0,1
i3za1t,bat_score>0,0,1
i45td4,bat_score>0,0,1
i46t3n,bat_score>0,0,1
i4kzvf,bat_score>0,0,1
i4o7zc,bat_score>0,0,1
i4mz7p,bat_score>0,0,1
i4oxj7,bat_score>0,0,1
i4pu4d,bat_score>0,0,1
i4s092,bat_score>0,0,1
i4shgq,bat_score>0,0,1
i5fz8d,bat_score>0,0,1
i5jmc7,bat_score>0,0,1
i5ijnl,bat_score>0,0,1
i5jo3x,bat_score>0,0,1
i5joof,bat_score>0,0,1
i5la4b,bat_score>0,0,1
i69ve3,bat_score>0,0,1
i74rdx,bat_score>0,0,1
i7789r,bat_score>0,0,1
i7tzda,bat_score>0,0,1
i7ykye,bat_score>0,0,1
i80gdd,bat_score>0,0,1
i816nx,bat_score>0,0,1
i8fdlo,bat_score>0,0,1
i8fl4s,bat_score>0,0,1
i8gol6,bat_score>0,0,1
i96oj5,bat_score>0,0,1
i99htc,bat_score>0,0,1
i9cj5k,bat_score>0,0,1
i9gz37,bat_score>0,0,1
i9fedi,bat_score>0,0,1
i9m4dn,bat_score>0,0,1
i9outh,bat_score>0,0,1
i9py99,bat_score>0,0,1
iaz5bc,bat_score>0,0,1
ibeq1u,bat_score>0,0,1
ibag5g,bat_score>0,0,1
ibfun2,bat_score>0,0,1
ibp021,bat_score>0,0,1
ic9hev,bat_score>0,0,1
icag8g,bat_score>0,0,1
icdbcz,bat_score>0,0,1
icmmyy,bat_score>0,0,1
ico09b,bat_score>0,0,1
icttnl,bat_score>0,0,1
ictgct,bat_score>0,0,1
icv2qv,bat_score>0,0,1
icw4tu,bat_score>0,0,1
id2j0v,bat_score>0,0,1
idcusk,bat_score>0,0,1
idhavt,bat_score>0,0,1
idhowe,bat_score>0,0,1
idoiqo,bat_score>0,0,1
idsazd,bat_score>0,0,1
ie48x8,bat_score>0,0,1
ie4a7b,bat_score>0,0,1
ie563p,bat_score>0,0,1
ie6xnx,bat_score>0,0,1
ie7sfc,bat_score>0,0,1
iefxap,bat_score>0,0,1
ielzod,bat_score>0,0,1
iesr8r,bat_score>0,0,1
iet97x,bat_score>0,0,1
ievmzt,bat_score>0,0,1
if553l,bat_score>0,0,1
ifp06m,bat_score>0,0,1
ifs4uo,bat_score>0,0,1
ig4nau,bat_score>0,0,1
igc4so,bat_score>0,0,1
igexhu,bat_score>0,0,1
iggk19,bat_score>0,0,1
igo2wg,bat_score>0,0,1
igktcn,bat_score>0,0,1
ih00ni,bat_score>0,0,1
ih1zx1,bat_score>0,0,1
ih57uv,bat_score>0,0,1
ih8hq4,bat_score>0,0,1
ihdghc,bat_score>0,0,1
ihodp2,bat_score>0,0,1
ihyitw,bat_score>0,0,1
ii60bp,bat_score>0,0,1
ij0bde,bat_score>0,0,1
ijxj60,bat_score>0,0,1
ikbyet,bat_score>0,0,1
ikrggk,bat_score>0,0,1
ikteji,bat_score>0,0,1
il8qlz,bat_score>0,0,1
ilfzh2,bat_score>0,0,1
ilj0gd,bat_score>0,0,1
iloc02,bat_score>0,0,1
ily6vz,bat_score>0,0,1
ilzvse,bat_score>0,0,1
im00bq,bat_score>0,0,1
im3qbr,bat_score>0,0,1
imm276,bat_score>0,0,1
imvdve,bat_score>0,0,1
in9cwr,bat_score>0,0,1
io5d56,bat_score>0,0,1
io6xk6,bat_score>0,0,1
io7xwn,bat_score>0,0,1
ioj8cc,bat_score>0,0,1
iovyso,bat_score>0,0,1
ioz5wp,bat_score>0,0,1
ip71o7,bat_score>0,0,1
ip7qcg,bat_score>0,0,1
iphlpa,bat_score>0,0,1
ipmtg0,bat_score>0,0,1
ipntug,bat_score>0,0,1
ipo9ip,bat_score>0,0,1
ipseit,bat_score>0,0,1
ipukga,bat_score>0,0,1
iq8cod,bat_score>0,0,1
iqpq8y,bat_score>0,0,1
iqmnb6,bat_score>0,0,1
iqwobj,bat_score>0,0,1
ir1qmc,bat_score>0,0,1
is2oyp,bat_score>0,0,1
isc5eh,bat_score>0,0,1
isgha3,bat_score>0,0,1
isynam,bat_score>0,0,1
isxwcz,bat_score>0,0,1
itam07,bat_score>0,0,1
itm274,bat_score>0,0,1
itrhmk,bat_score>0,0,1
itqqby,bat_score>0,0,1
iuia3r,bat_score>0,0,1
iuklru,bat_score>0,0,1
iuosnt,bat_score>0,0,1
iuqeou,bat_score>0,0,1
ivd42s,bat_score>0,0,1
ivffh6,bat_score>0,0,1
ivlxfz,bat_score>0,0,1
ivyz2z,bat_score>0,0,1
ix07r2,bat_score>0,0,1
ix5saa,bat_score>0,0,1
ix5aw1,bat_score>0,0,1
ixoaj6,bat_score>0,0,1
iy1w85,bat_score>0,0,1
iydeqa,bat_score>0,0,1
iyga2l,bat_score>0,0,1
iyslma,bat_score>0,0,1
iyn74z,bat_score>0,0,1
iz3i1w,bat_score>0,0,1
iz30wg,bat_score>0,0,1
iz547r,bat_score>0,0,1
izoqxr,bat_score>0,0,1
j08j49,bat_score>0,0,1
j1vzmr,bat_score>0,0,1
j1z7x6,bat_score>0,0,1
j21iug,bat_score>0,0,1
j24gy9,bat_score>0,0,1
j2661c,bat_score>0,0,1
j25yiq,bat_score>0,0,1
j2cff4,bat_score>0,0,1
j2osvd,bat_score>0,0,1
j2xmcv,bat_score>0,0,1
j38dok,bat_score>0,0,1
j38olb,bat_score>0,0,1
j3jlnt,bat_score>0,0,1
j3ixcr,bat_score>0,0,1
j46k3d,bat_score>0,0,1
j4frif,bat_score>0,0,1
j4qy89,bat_score>0,0,1
j4yff3,bat_score>0,0,1
j5ogcp,bat_score>0,0,1
j5qirb,bat_score>0,0,1
j5s2l4,bat_score>0,0,1
j5ss6w,bat_score>0,0,1
j5u3s5,bat_score>0,0,1
j5x5cb,bat_score>0,0,1
j6da9p,bat_score>0,0,1
j6gcb8,bat_score>0,0,1
j6n0vv,bat_score>0,0,1
j6p5x1,bat_score>0,0,1
j6rj37,bat_score>0,0,1
j7hevs,bat_score>0,0,1
j7hroa,bat_score>0,0,1
j7l1yz,bat_score>0,0,1
j7m08z,bat_score>0,0,1
j7qmm0,bat_score>0,0,1
j7pc3u,bat_score>0,0,1
j7tios,bat_score>0,0,1
j84c3r,bat_score>0,0,1
j82pvw,bat_score>0,0,1
j8dzwr,bat_score>0,0,1
j8b6yl,bat_score>0,0,1
j8o80t,bat_score>0,0,1
j96hqo,bat_score>0,0,1
j9e64f,bat_score>0,0,1
j9l894,bat_score>0,0,1
j9zsx0,bat_score>0,0,1
ja4epy,bat_score>0,0,1
ja6wy2,bat_score>0,0,1
ja8khx,bat_score>0,0,1
jacvof,bat_score>0,0,1
jak8n9,bat_score>0,0,1
jakgzj,bat_score>0,0,1
japvrq,bat_score>0,0,1
javhy7,bat_score>0,0,1
jb2aa0,bat_score>0,0,1
jb4uvh,bat_score>0,0,1
jb6sc4,bat_score>0,0,1
jb8f9e,bat_score>0,0,1
jbd00s,bat_score>0,0,1
jbbj2i,bat_score>0,0,1
jbltha,bat_score>0,0,1
jbpo0m,bat_score>0,0,1
jbtj6r,bat_score>0,0,1
jcais7,bat_score>0,0,1
jcarjj,bat_score>0,0,1
jckbb3,bat_score>0,0,1
jclsvk,bat_score>0,0,1
jdns85,bat_score>0,0,1
jdt9z2,bat_score>0,0,1
jdulgd,bat_score>0,0,1
je5mab,bat_score>0,0,1
jep8xk,bat_score>0,0,1
jexvif,bat_score>0,0,1
jfdosg,bat_score>0,0,1
jfhuqs,bat_score>0,0,1
jfqvkt,bat_score>0,0,1
jgmxik,bat_score>0,0,1
jh18ug,bat_score>0,0,1
jgrtfu,bat_score>0,0,1
jhtj9r,bat_score>0,0,1
jhvitq,bat_score>0,0,1
jhwuge,bat_score>0,0,1
ji90v5,bat_score>0,0,1
jiz3yz,bat_score>0,0,1
jj0q91,bat_score>0,0,1
jj4hsg,bat_score>0,0,1
jjimax,bat_score>0,0,1
jjjh3b,bat_score>0,0,1
jjqo9z,bat_score>0,0,1
jjuoxn,bat_score>0,0,1
jjuxee,bat_score>0,0,1
jk20oj,bat_score>0,0,1
jkc029,bat_score>0,0,1
jkjfyx,bat_score>0,0,1
jkx7s6,bat_score>0,0,1
jl4dy8,bat_score>0,0,1
jlx0od,bat_score>0,0,1
jlzp0j,bat_score>0,0,1
jmf0d5,bat_score>0,0,1
jmon2s,bat_score>0,0,1
jmmfsm,bat_score>0,0,1
jmqvke,bat_score>0,0,1
jmx3ci,bat_score>0,0,1
jn3yki,bat_score>0,0,1
jn7a9a,bat_score>0,0,1
jndew2,bat_score>0,0,1
jne0rr,bat_score>0,0,1
jnimpm,bat_score>0,0,1
jnta0i,bat_score>0,0,1
jo3prx,bat_score>0,0,1
jo7ljx,bat_score>0,0,1
jo9ogq,bat_score>0,0,1
jog9ze,bat_score>0,0,1
jojisz,bat_score>0,0,1
jokd58,bat_score>0,0,1
jokc1w,bat_score>0,0,1
jowcgh,bat_score>0,0,1
jphjvn,bat_score>0,0,1
jpo0fi,bat_score>0,0,1
jq6zhi,bat_score>0,0,1
jr3d2s,bat_score>0,0,1
jr9nee,bat_score>0,0,1
jrip4k,bat_score>0,0,1
jrml13,bat_score>0,0,1
jrn6pc,bat_score>0,0,1
jrt1ef,bat_score>0,0,1
jrt6we,bat_score>0,0,1
jrvxnn,bat_score>0,0,1
jsdagn,bat_score>0,0,1
jsi6st,bat_score>0,0,1
jsjuxw,bat_score>0,0,1
jso0ji,bat_score>0,0,1
jsx42d,bat_score>0,0,1
jt1sfh,bat_score>0,0,1
jt5u9v,bat_score>0,0,1
jtv5in,bat_score>0,0,1
jucp6w,bat_score>0,0,1
jvb6uc,bat_score>0,0,1
jv9al3,bat_score>0,0,1
jvlxl5,bat_score>0,0,1
jvunzs,bat_score>0,0,1
jwmrkl,bat_score>0,0,1
jx7v2z,bat_score>0,0,1
jxfl46,bat_score>0,0,1
jxvry2,bat_score>0,0,1
jy4ck5,bat_score>0,0,1
jyajzu,bat_score>0,0,1
jy6r27,bat_score>0,0,1
jychoz,bat_score>0,0,1
jyhfnl,bat_score>0,0,1
jyrz1p,bat_score>0,0,1
k0gbdp,bat_score>0,0,1
k0kx70,bat_score>0,0,1
k0vvh3,bat_score>0,0,1
k13iev,bat_score>0,0,1
k16tvm,bat_score>0,0,1
k1xbsr,bat_score>0,0,1
k22uo0,bat_score>0,0,1
k3lt0d,bat_score>0,0,1
k3nwt7,bat_score>0,0,1
k3pkk0,bat_score>0,0,1
k47h27,bat_score>0,0,1
k5bx13,bat_score>0,0,1
k5elp2,bat_score>0,0,1
k5g78t,bat_score>0,0,1
k5g0aj,bat_score>0,0,1
k5gr0d,bat_score>0,0,1
k5itua,bat_score>0,0,1
k5qr8f,bat_score>0,0,1
k61cs1,bat_score>0,0,1
k69y0j,bat_score>0,0,1
k6cr3e,bat_score>0,0,1
k6iawl,bat_score>0,0,1
k6odc6,bat_score>0,0,1
k6qb90,bat_score>0,0,1
k8iaqt,bat_score>0,0,1
k8j8b6,bat_score>0,0,1
k9ua16,bat_score>0,0,1
k9vg7n,bat_score>0,0,1
kafwna,bat_score>0,0,1
kakych,bat_score>0,0,1
kap7rr,bat_score>0,0,1
kb2f5x,bat_score>0,0,1
kbgpdt,bat_score>0,0,1
kd1suj,bat_score>0,0,1
kd4pkv,bat_score>0,0,1
kd7122,bat_score>0,0,1
kdajiy,bat_score>0,0,1
kdjfek,bat_score>0,0,1
kdhpuz,bat_score>0,0,1
kdo1zw,bat_score>0,0,1
kdmvxn,bat_score>0,0,1
kdqxf2,bat_score>0,0,1
ke522v,bat_score>0,0,1
ke6vb3,bat_score>0,0,1
kebfbe,bat_score>0,0,1
kedi6v,bat_score>0,0,1
kek7ca,bat_score>0,0,1
kenpw2,bat_score>0,0,1
kez8gd,bat_score>0,0,1
kezvrv,bat_score>0,0,1
kf7i5x,bat_score>0,0,1
kg0anf,bat_score>0,0,1
kg5yry,bat_score>0,0,1
kh9dzf,bat_score>0,0,1
khluyv,bat_score>0,0,1
ki2czf,bat_score>0,0,1
ki58wu,bat_score>0,0,1
ki888e,bat_score>0,0,1
kjdo8s,bat_score>0,0,1
kjike9,bat_score>0,0,1
kjte69,bat_score>0,0,1
kk34cg,bat_score>0,0,1
kmzgmn,bat_score>0,0,1
kmy94z,bat_score>0,0,1
kn58gz,bat_score>0,0,1
knqbjq,bat_score>0,0,1
knzqwg,bat_score>0,0,1
kogcr1,bat_score>0,0,1
kojudy,bat_score>0,0,1
kp4xxy,bat_score>0,0,1
kps5dv,bat_score>0,0,1
kptrcu,bat_score>0,0,1
kpv86u,bat_score>0,0,1
kqfihu,bat_score>0,0,1
kqkhjl,bat_score>0,0,1
kqmymu,bat_score>0,0,1
kqzla3,bat_score>0,0,1
kr0fra,bat_score>0,0,1
kr19wm,bat_score>0,0,1
kr2xt6,bat_score>0,0,1
kr7le1,bat_score>0,0,1
kr985i,bat_score>0,0,1
kr6b5c,bat_score>0,0,1
krg03t,bat_score>0,0,1
krn2zy,bat_score>0,0,1
krwuiq,bat_score>0,0,1
ks0auo,bat_score>0,0,1
kseqf1,bat_score>0,0,1
ksf92q,bat_score>0,0,1
ksnf70,bat_score>0,0,1
ksq6v8,bat_score>0,0,1
kt17vg,bat_score>0,0,1
kt2hzk,bat_score>0,0,1
kt97qi,bat_score>0,0,1
kt7i43,bat_score>0,0,1
ktbrx2,bat_score>0,0,1
ktgn1p,bat_score>0,0,1
ktrxw4,bat_score>0,0,1
kuihn3,bat_score>0,0,1
kutscm,bat_score>0,0,1
kvqegv,bat_score>0,0,1
kvr5gh,bat_score>0,0,1
kvur1w,bat_score>0,0,1
kw0xmm,bat_score>0,0,1
kw2n8n,bat_score>0,0,1
kw8bhc,bat_score>0,0,1
kwar8y,bat_score>0,0,1
kwisci,bat_score>0,0,1
kwjtnt,bat_score>0,0,1
kx8xlp,bat_score>0,0,1
kxa2zq,bat_score>0,0,1
kxclgs,bat_score>0,0,1
kxhih2,bat_score>0,0,1
kxkp7y,bat_score>0,0,1
kxlvui,bat_score>0,0,1
kxy6nu,bat_score>0,0,1
kyhrr7,bat_score>0,0,1
kyi2jk,bat_score>0,0,1
kyltgy,bat_score>0,0,1
kz62i7,bat_score>0,0,1
kzjmvm,bat_score>0,0,1
kzr5t9,bat_score>0,0,1
l00wtv,bat_score>0,0,1
l00x6v,bat_score>0,0,1
l0l88f,bat_score>0,0,1
l0pm6d,bat_score>0,0,1
l0ypk9,bat_score>0,0,1
l1797q,bat_score>0,0,1
l1a0k6,bat_score>0,0,1
l1tset,bat_score>0,0,1
l1ymv4,bat_score>0,0,1
l26u0u,bat_score>0,0,1
l2bhu8,bat_score>0,0,1
l2kpw1,bat_score>0,0,1
l2q70j,bat_score>0,0,1
l2vr6w,bat_score>0,0,1
l3f367,bat_score>0,0,1
l44kco,bat_score>0,0,1
l4o53g,bat_score>0,0,1
l4owoh,bat_score>0,0,1
l52ef2,bat_score>0,0,1
l5ggm6,bat_score>0,0,1
l5gv9l,bat_score>0,0,1
l5rukh,bat_score>0,0,1
l5xu5i,bat_score>0,0,1
l5wd87,bat_score>0,0,1
l6e7zv,bat_score>0,0,1
l6qurk,bat_score>0,0,1
l72ktl,bat_score>0,0,1
l7aqse,bat_score>0,0,1
l7av18,bat_score>0,0,1
l7h6fy,bat_score>0,0,1
l7yh5m,bat_score>0,0,1
l7ztpm,bat_score>0,0,1
l85mvj,bat_score>0,0,1
l8fpcj,bat_score>0,0,1
l8mbj9,bat_score>0,0,1
l8hlp7,bat_score>0,0,1
l8rn3y,bat_score>0,0,1
l8utt9,bat_score>0,0,1
l8xsew,bat_score>0,0,1
l8yvqz,bat_score>0,0,1
l9ld70,bat_score>0,0,1
l9w3hb,bat_score>0,0,1
lab69m,bat_score>0,0,1
laahl3,bat_score>0,0,1
ladoyy,bat_score>0,0,1
lafa79,bat_score>0,0,1
lahvxr,bat_score>0,0,1
lax1f2,bat_score>0,0,1
lb1qwy,bat_score>0,0,1
lbrjrz,bat_score>0,0,1
lbt571,bat_score>0,0,1
lbwa2c,bat_score>0,0,1
lc1efc,bat_score>0,0,1
lcg8kk,bat_score>0,0,1
lckwqm,bat_score>0,0,1
lco9dz,bat_score>0,0,1
ld0gic,bat_score>0,0,1
ld8ldl,bat_score>0,0,1
ldaon7,bat_score>0,0,1
ldfgu8,bat_score>0,0,1
ldpq8c,bat_score>0,0,1
le4077,bat_score>0,0,1
lf2i1f,bat_score>0,0,1
lf9fd3,bat_score>0,0,1
lfhiyc,bat_score>0,0,1
lfm4bp,bat_score>0,0,1
lfpldy,bat_score>0,0,1
lg74jy,bat_score>0,0,1
lg9rn5,bat_score>0,0,1
lgvwbt,bat_score>0,0,1
lhih0u,bat_score>0,0,1
lhink7,bat_score>0,0,1
lhlo3z,bat_score>0,0,1
lhnw5n,bat_score>0,0,1
lho8n3,bat_score>0,0,1
lhoj6y,bat_score>0,0,1
lhp4s8,bat_score>0,0,1
lhw834,bat_score>0,0,1
li2ytm,bat_score>0,0,1
liapa7,bat_score>0,0,1
lie97e,bat_score>0,0,1
lj3b61,bat_score>0,0,1
ljx300,bat_score>0,0,1
ljviql,bat_score>0,0,1
ljxu7g,bat_score>0,0,1
lkkeaw,bat_score>0,0,1
ll647z,bat_score>0,0,1
ll8ylh,bat_score>0,0,1
llf38v,bat_score>0,0,1
llk0sy,bat_score>0,0,1
lmb6dn,bat_score>0,0,1
lmjw4j,bat_score>0,0,1
lmrulp,bat_score>0,0,1
lmtbzq,bat_score>0,0,1
lnhbrl,bat_score>0,0,1
lno8z6,bat_score>0,0,1
lnr444,bat_score>0,0,1
lof9gh,bat_score>0,0,1
loh4ie,bat_score>0,0,1
lotev7,bat_score>0,0,1
lqi15l,bat_score>0,0,1
lqliv2,bat_score>0,0,1
lqsjfk,bat_score>0,0,1
lqx1jc,bat_score>0,0,1
lr2mul,bat_score>0,0,1
lr2grq,bat_score>0,0,1
lre47v,bat_score>0,0,1
lrfds4,bat_score>0,0,1
lrkqw6,bat_score>0,0,1
lsh90x,bat_score>0,0,1
lsfgk9,bat_score>0,0,1
lsnaiw,bat_score>0,0,1
lsux6n,bat_score>0,0,1
lt3shi,bat_score>0,0,1
lte8bw,bat_score>0,0,1
lty6wm,bat_score>0,0,1
lualr7,bat_score>0,0,1
luadyo,bat_score>0,0,1
luv3lv,bat_score>0,0,1
lv0lnv,bat_score>0,0,1
lv7rg0,bat_score>0,0,1
lvm9p7,bat_score>0,0,1
lvu3eq,bat_score>0,0,1
lw2gzj,bat_score>0,0,1
lwanx2,bat_score>0,0,1
lx0jf4,bat_score>0,0,1
lxb26j,bat_score>0,0,1
lxhhvf,bat_score>0,0,1
lxj4hi,bat_score>0,0,1
lxt75a,bat_score>0,0,1
lxy0ad,bat_score>0,0,1
ly3ub0,bat_score>0,0,1
lycokn,bat_score>0,0,1
lympk4,bat_score>0,0,1
lyna2m,bat_score>0,0,1
lyu8n2,bat_score>0,0,1
lzs4dg,bat_score>0,0,1
lzw0xz,bat_score>0,0,1
m0gsvt,bat_score>0,0,1
m0htd7,bat_score>0,0,1
m0qxrl,bat_score>0,0,1
m0yg4w,bat_score>0,0,1
m13u3o,bat_score>0,0,1
m26c6a,bat_score>0,0,1
m2cmjr,bat_score>0,0,1
m2tvtm,bat_score>0,0,1
m2x7o7,bat_score>0,0,1
m312v9,bat_score>0,0,1
m31tyu,bat_score>0,0,1
m32bsx,bat_score>0,0,1
m36tgw,bat_score>0,0,1
m38vie,bat_score>0,0,1
m3gjzs,bat_score>0,0,1
m3jwvk,bat_score>0,0,1
m3m0kq,bat_score>0,0,1
m3qhmp,bat_score>0,0,1
m59ooz,bat_score>0,0,1
m5ghpl,bat_score>0,0,1
m5m1va,bat_score>0,0,1
m5ob4a,bat_score>0,0,1
m5uhud,bat_score>0,0,1
m6a53z,bat_score>0,0,1
m6bxxo,bat_score>0,0,1
m6bcl6,bat_score>0,0,1
m6frpg,bat_score>0,0,1
m6h72m,bat_score>0,0,1
m6gjva,bat_score>0,0,1
m6kcei,bat_score>0,0,1
m729kw,bat_score>0,0,1
m70xci,bat_score>0,0,1
m79fxt,bat_score>0,0,1
m7dfep,bat_score>0,0,1
m7ek1z,bat_score>0,0,1
m7n53d,bat_score>0,0,1
m7ltg1,bat_score>0,0,1
m7vkio,bat_score>0,0,1
m8x4kc,bat_score>0,0,1
m8y9oo,bat_score>0,0,1
m97138,bat_score>0,0,1
m9kgus,bat_score>0,0,1
ma4mwl,bat_score>0,0,1
marrqo,bat_score>0,0,1
masflz,bat_score>0,0,1
mb6ysf,bat_score>0,0,1
mb98rm,bat_score>0,0,1
mbg1xi,bat_score>0,0,1
mbo2wi,bat_score>0,0,1
mc6vex,bat_score>0,0,1
mc84nf,bat_score>0,0,1
mddwzr,bat_score>0,0,1
mdouqc,bat_score>0,0,1
mdvl37,bat_score>0,0,1
mdwn1q,bat_score>0,0,1
mdxqdm,bat_score>0,0,1
mft4b2,bat_score>0,0,1
mg1dgl,bat_score>0,0,1
mgf63m,bat_score>0,0,1
mgkjac,bat_score>0,0,1
mgr49f,bat_score>0,0,1
mgtsf4,bat_score>0,0,1
mh49zr,bat_score>0,0,1
mhh8oc,bat_score>0,0,1
mhthcm,bat_score>0,0,1
mhj6zn,bat_score>0,0,1
mi6dfw,bat_score>0,0,1
miuivy,bat_score>0,0,1
mit9lh,bat_score>0,0,1
mj1p22,bat_score>0,0,1
mjvg7u,bat_score>0,0,1
mkkhkj,bat_score>0,0,1
mlda2r,bat_score>0,0,1
mlh8wt,bat_score>0,0,1
mlkgpk,bat_score>0,0,1
mloda0,bat_score>0,0,1
mm53jg,bat_score>0,0,1
mmdqnt,bat_score>0,0,1
mms8zf,bat_score>0,0,1
mn9z62,bat_score>0,0,1
mn85rr,bat_score>0,0,1
mn9h9s,bat_score>0,0,1
mnf0e2,bat_score>0,0,1
mnnv1s,bat_score>0,0,1
mnrr3v,bat_score>0,0,1
mns8ih,bat_score>0,0,1
mo8qex,bat_score>0,0,1
mp0qzx,bat_score>0,0,1
mphl07,bat_score>0,0,1
mpn6e4,bat_score>0,0,1
mplcfc,bat_score>0,0,1
mppmjo,bat_score>0,0,1
mq2zwy,bat_score>0,0,1
mqa9i5,bat_score>0,0,1
mr532t,bat_score>0,0,1
mrgbck,bat_score>0,0,1
mrgei9,bat_score>0,0,1
mrinb0,bat_score>0,0,1
mrii9i,bat_score>0,0,1
mrjgx4,bat_score>0,0,1
mrvqrw,bat_score>0,0,1
ms3krf,bat_score>0,0,1
msc41j,bat_score>0,0,1
msetjv,bat_score>0,0,1
mt938v,bat_score>0,0,1
mu1s8b,bat_score>0,0,1
mu4jl3,bat_score>0,0,1
muef9x,bat_score>0,0,1
mut8co,bat_score>0,0,1
mutx3l,bat_score>0,0,1
muvkuy,bat_score>0,0,1
mv66r3,bat_score>0,0,1
mvgz70,bat_score>0,0,1
mvih1x,bat_score>0,0,1
mvn8ep,bat_score>0,0,1
mvv9ug,bat_score>0,0,1
mw4r07,bat_score>0,0,1
mw9nik,bat_score>0,0,1
mwd6ck,bat_score>0,0,1
mwkzg2,bat_score>0,0,1
mws2xx,bat_score>0,0,1
mx04bv,bat_score>0,0,1
mx6eg5,bat_score>0,0,1
mx9ghy,bat_score>0,0,1
mxd15z,bat_score>0,0,1
mxjfoe,bat_score>0,0,1
mymie8,bat_score>0,0,1
mys6p5,bat_score>0,0,1
mz1099,bat_score>0,0,1
mzj1iu,bat_score>0,0,1
mzqc83,bat_score>0,0,1
mzyh71,bat_score>0,0,1
n0kpsv,bat_score>0,0,1
n0nxao,bat_score>0,0,1
n0r0fx,bat_score>0,0,1
n0zfou,bat_score>0,0,1
n1709t,bat_score>0,0,1
n1i56e,bat_score>0,0,1
n1ttgo,bat_score>0,0,1
n1uxq2,bat_score>0,0,1
n252h2,bat_score>0,0,1
n22v93,bat_score>0,0,1
n3vs49,bat_score>0,0,1
n4ehqv,bat_score>0,0,1
n4ng4s,bat_score>0,0,1
n52ukn,bat_score>0,0,1
n5eqz9,bat_score>0,0,1
n5jv5i,bat_score>0,0,1
n5q4rk,bat_score>0,0,1
n5spo1,bat_score>0,0,1
n6250k,bat_score>0,0,1
n65eqp,bat_score>0,0,1
n68iua,bat_score>0,0,1
n6dovw,bat_score>0,0,1
n6e4qw,bat_score>0,0,1
n6gdkc,bat_score>0,0,1
n6ieju,bat_score>0,0,1
n6ku0f,bat_score>0,0,1
n6oieo,bat_score>0,0,1
n6yhqa,bat_score>0,0,1
n72732,bat_score>0,0,1
n82dn9,bat_score>0,0,1
n8hzw6,bat_score>0,0,1
n8gdyb,bat_score>0,0,1
n8wf0a,bat_score>0,0,1
n92peu,bat_score>0,0,1
n96gzd,bat_score>0,0,1
n9cwn8,bat_score>0,0,1
n9ohuz,bat_score>0,0,1
n9yhe4,bat_score>0,0,1
naeu2f,bat_score>0,0,1
naftpz,bat_score>0,0,1
nag552,bat_score>0,0,1
najz6c,bat_score>0,0,1
nanxrl,bat_score>0,0,1
naqq8h,bat_score>0,0,1
narx4b,bat_score>0,0,1
nav0bo,bat_score>0,0,1
nb379s,bat_score>0,0,1
nbg122,bat_score>0,0,1
nbkkyv,bat_score>0,0,1
nbn135,bat_score>0,0,1
nbw9vl,bat_score>0,0,1
nca6aq,bat_score>0,0,1
ncjdqe,bat_score>0,0,1
nddmdw,bat_score>0,0,1
nds6pz,bat_score>0,0,1
neqlmk,bat_score>0,0,1
nf68a2,bat_score>0,0,1
nflenu,bat_score>0,0,1
nfuhkr,bat_score>0,0,1
ng5joy,bat_score>0,0,1
ng67ey,bat_score>0,0,1
ng623v,bat_score>0,0,1
ng97ok,bat_score>0,0,1
ngiboj,bat_score>0,0,1
ngsxmv,bat_score>0,0,1
ngt5iw,bat_score>0,0,1
ngtx2p,bat_score>0,0,1
ngzb46,bat_score>0,0,1
nh11b1,bat_score>0,0,1
nh31zk,bat_score>0,0,1
nh9py0,bat_score>0,0,1
nhqjix,bat_score>0,0,1
nhznye,bat_score>0,0,1
ni3dm2,bat_score>0,0,1
nio41d,bat_score>0,0,1
njovdn,bat_score>0,0,1
nk3kzo,bat_score>0,0,1
nk9fzc,bat_score>0,0,1
nkh5pf,bat_score>0,0,1
nktdve,bat_score>0,0,1
nktst3,bat_score>0,0,1
nkxzpy,bat_score>0,0,1
nky2ca,bat_score>0,0,1
nl0qoa,bat_score>0,0,1
nl24fx,bat_score>0,0,1
nlc4fh,bat_score>0,0,1
nljil4,bat_score>0,0,1
nltgef,bat_score>0,0,1
nlsv0i,bat_score>0,0,1
nm6x4l,bat_score>0,0,1
nml0s1,bat_score>0,0,1
nn7q39,bat_score>0,0,1
nndiug,bat_score>0,0,1
nnybb1,bat_score>0,0,1
nq7c2w,bat_score>0,0,1
nq668a,bat_score>0,0,1
nqg8gk,bat_score>0,0,1
nqwcs0,bat_score>0,0,1
nqvvht,bat_score>0,0,1
nr3tmk,bat_score>0,0,1
nrcuw9,bat_score>0,0,1
nrchmk,bat_score>0,0,1
nre82e,bat_score>0,0,1
nre0p0,bat_score>0,0,1
nrhfmx,bat_score>0,0,1
nrn74t,bat_score>0,0,1
nuhmsi,bat_score>0,0,1
nui2bp,bat_score>0,0,1
nuq9qh,bat_score>0,0,1
nv6dun,bat_score>0,0,1
nvfin5,bat_score>0,0,1
nvg4ue,bat_score>0,0,1
nvlk6x,bat_score>0,0,1
nvyw8c,bat_score>0,0,1
nwgwbm,bat_score>0,0,1
nwiob5,bat_score>0,0,1
nwibyg,bat_score>0,0,1
nwqved,bat_score>0,0,1
nwtk4i,bat_score>0,0,1
nwvqdk,bat_score>0,0,1
nww78d,bat_score>0,0,1
nwvv88,bat_score>0,0,1
nx2e8w,bat_score>0,0,1
nx80se,bat_score>0,0,1
nxdlkv,bat_score>0,0,1
nxd7l3,bat_score>0,0,1
nxgquy,bat_score>0,0,1
nxlpme,bat_score>0,0,1
ny1nm8,bat_score>0,0,1
ny240w,bat_score>0,0,1
ny4nqu,bat_score>0,0,1
ny4ecd,bat_score>0,0,1
nycmma,bat_score>0,0,1
nyla5g,bat_score>0,0,1
nzpkea,bat_score>0,0,1
nzptiz,bat_score>0,0,1
nzvnna,bat_score>0,0,1
nzvgbo,bat_score>0,0,1
o0drln,bat_score>0,0,1
o0leoe,bat_score>0,0,1
o0nxkn,bat_score>0,0,1
o1409a,bat_score>0,0,1
o16d69,bat_score>0,0,1
o14vds,bat_score>0,0,1
o16e9q,bat_score>0,0,1
o179ui,bat_score>0,0,1
o1b770,bat_score>0,0,1
o1hvbk,bat_score>0,0,1
o1j8z1,bat_score>0,0,1
o1lu2e,bat_score>0,0,1
o1xizd,bat_score>0,0,1
o1yieg,bat_score>0,0,1
o1z6ij,bat_score>0,0,1
o21djz,bat_score>0,0,1
o29zz3,bat_score>0,0,1
o2hbd8,bat_score>0,0,1
o32hho,bat_score>0,0,1
o38bl7,bat_score>0,0,1
o4j2zo,bat_score>0,0,1
o50vuh,bat_score>0,0,1
o5fmik,bat_score>0,0,1
o5o23u,bat_score>0,0,1
o676ng,bat_score>0,0,1
o63wue,bat_score>0,0,1
o68v87,bat_score>0,0,1
o6cdd3,bat_score>0,0,1
o6o5gr,bat_score>0,0,1
o6tsrt,bat_score>0,0,1
o7r5tv,bat_score>0,0,1
o7prxj,bat_score>0,0,1
o7smva,bat_score>0,0,1
o7y221,bat_score>0,0,1
o81x35,bat_score>0,0,1
o9srxd,bat_score>0,0,1
o9tw3p,bat_score>0,0,1
o9zrw0,bat_score>0,0,1
oa7lzn,bat_score>0,0,1
oaj2uq,bat_score>0,0,1
oamoml,bat_score>0,0,1
oav5mc,bat_score>0,0,1
oauo5g,bat_score>0,0,1
oawtay,bat_score>0,0,1
ob0v8i,bat_score>0,0,1
ob4pid,bat_score>0,0,1
ob88fp,bat_score>0,0,1
obir4h,bat_score>0,0,1
obv6tq,bat_score>0,0,1
obviy6,bat_score>0,0,1
obvjb1,bat_score>0,0,1
ocafrm,bat_score>0,0,1
oce9xl,bat_score>0,0,1
od1t9t,bat_score>0,0,1
od6va8,bat_score>0,0,1
ods2nw,bat_score>0,0,1
oebrc0,bat_score>0,0,1
oejf1w,bat_score>0,0,1
oelcqd,bat_score>0,0,1
oeva4s,bat_score>0,0,1
of19qz,bat_score>0,0,1
of2jbq,bat_score>0,0,1
of5qj6,bat_score>0,0,1
of6hg2,bat_score>0,0,1
ofjkiz,bat_score>0,0,1
ofnzrc,bat_score>0,0,1
ofmgi8,bat_score>0,0,1
ofwrbn,bat_score>0,0,1
ofx3n8,bat_score>0,0,1
og8m7b,bat_score>0,0,1
ogfw1g,bat_score>0,0,1
ogg5w1,bat_score>0,0,1
ogg6ga,bat_score>0,0,1
ogg2wj,bat_score>0,0,1
oghb9y,bat_score>0,0,1
ogm0v1,bat_score>0,0,1
ogicin,bat_score>0,0,1
ohmwgq,bat_score>0,0,1
oht1ig,bat_score>0,0,1
oiagwa,bat_score>0,0,1
oj1av9,bat_score>0,0,1
oj24wg,bat_score>0,0,1
ojhbuj,bat_score>0,0,1
oji2t2,bat_score>0,0,1
ojnkpp,bat_score>0,0,1
ojm9d5,bat_score>0,0,1
ojri42,bat_score>0,0,1
ojtdek,bat_score>0,0,1
ok0l2x,bat_score>0,0,1
ok7s12,bat_score>0,0,1
oko2rk,bat_score>0,0,1
okrf9v,bat_score>0,0,1
oktiwf,bat_score>0,0,1
ol2dtj,bat_score>0,0,1
ol56er,bat_score>0,0,1
ol5ubw,bat_score>0,0,1
olj5ob,bat_score>0,0,1
ollrwo,bat_score>0,0,1
olo40s,bat_score>0,0,1
olvmfp,bat_score>0,0,1
om34ww,bat_score>0,0,1
omhpmv,bat_score>0,0,1
omwlj5,bat_score>0,0,1
onc2z7,bat_score>0,0,1
ond8xy,bat_score>0,0,1
ongha0,bat_score>0,0,1
onnvjq,bat_score>0,0,1
onsvw7,bat_score>0,0,1
oo2a0x,bat_score>0,0,1
oo9n51,bat_score>0,0,1
oobuff,bat_score>0,0,1
ooz6zf,bat_score>0,0,1
ooxhck,bat_score>0,0,1
oox0jj,bat_score>0,0,1
oozgdb,bat_score>0,0,1
op0tgh,bat_score>0,0,1
op4s9z,bat_score>0,0,1
opeg96,bat_score>0,0,1
opgm3b,bat_score>0,0,1
opjyv5,bat_score>0,0,1
opl2m0,bat_score>0,0,1
opshmc,bat_score>0,0,1
opuwny,bat_score>0,0,1
oq5860,bat_score>0,0,1
oq82sw,bat_score>0,0,1
oq8brx,bat_score>0,0,1
oq99m2,bat_score>0,0,1
oqti2k,bat_score>0,0,1
oqpm7e,bat_score>0,0,1
orpmzx,bat_score>0,0,1
os41fc,bat_score>0,0,1
os6rp5,bat_score>0,0,1
os9y06,bat_score>0,0,1
oseho4,bat_score>0,0,1
osjnna,bat_score>0,0,1
osk632,bat_score>0,0,1
osqb2p,bat_score>0,0,1
ossexi,bat_score>0,0,1
ots9sq,bat_score>0,0,1
otontu,bat_score>0,0,1
otuxz3,bat_score>0,0,1
ou08fs,bat_score>0,0,1
ou2321,bat_score>0,0,1
ou61f5,bat_score>0,0,1
ou63fb,bat_score>0,0,1
ou7305,bat_score>0,0,1
oubk3x,bat_score>0,0,1
oun1us,bat_score>0,0,1
ouqgvr,bat_score>0,0,1
ovf6al,bat_score>0,0,1
ovetaw,bat_score>0,0,1
ovsxdr,bat_score>0,0,1
ow4atp,bat_score>0,0,1
ow44in,bat_score>0,0,1
ow6akt,bat_score>0,0,1
owwn3m,bat_score>0,0,1
ox0sol,bat_score>0,0,1
ox5a4q,bat_score>0,0,1
oxm2lw,bat_score>0,0,1
oxt0wt,bat_score>0,0,1
oxvjmx,bat_score>0,0,1
oxw220,bat_score>0,0,1
oxyd9q,bat_score>0,0,1
oyesmg,bat_score>0,0,1
oyiy7u,bat_score>0,0,1
oyo3ba,bat_score>0,0,1
oywsa6,bat_score>0,0,1
oz3e5v,bat_score>0,0,1
oz7nca,bat_score>0,0,1
p0x3q0,bat_score>0,0,1
p18vyr,bat_score>0,0,1
p1ow9h,bat_score>0,0,1
p1s57g,bat_score>0,0,1
p1xkxm,bat_score>0,0,1
p2bnkj,bat_score>0,0,1
p2odfr,bat_score>0,0,1
p2x0vu,bat_score>0,0,1
p38egb,bat_score>0,0,1
p3ao1k,bat_score>0,0,1
p3mvta,bat_score>0,0,1
p40lla,bat_score>0,0,1
p4bjrf,bat_score>0,0,1
p4f7nj,bat_score>0,0,1
p56y51,bat_score>0,0,1
p5g4hv,bat_score>0,0,1
p5lqcv,bat_score>0,0,1
p5n6er,bat_score>0,0,1
p5oc3n,bat_score>0,0,1
p60szg,bat_score>0,0,1
p648cd,bat_score>0,0,1
p6apvk,bat_score>0,0,1
p6bas4,bat_score>0,0,1
p6bgqr,bat_score>0,0,1
p6g6nb,bat_score>0,0,1
p6qza0,bat_score>0,0,1
p6zws5,bat_score>0,0,1
p7a3mc,bat_score>0,0,1
p7h5uq,bat_score>0,0,1
p7k3xv,bat_score>0,0,1
p7k9vb,bat_score>0,0,1
p7rwy6,bat_score>0,0,1
p849gz,bat_score>0,0,1
p8zcsx,bat_score>0,0,1
p92f7x,bat_score>0,0,1
p9ftgu,bat_score>0,0,1
p9t1bx,bat_score>0,0,1
pa4j87,bat_score>0,0,1
pabjv7,bat_score>0,0,1
panh95,bat_score>0,0,1
pamx4w,bat_score>0,0,1
pap07b,bat_score>0,0,1
paxh4b,bat_score>0,0,1
pbd0fw,bat_score>0,0,1
pbe72i,bat_score>0,0,1
pbncby,bat_score>0,0,1
pcf0ap,bat_score>0,0,1
pcl4t1,bat_score>0,0,1
pcmzu1,bat_score>0,0,1
pcp6bl,bat_score>0,0,1
pcq2wy,bat_score>0,0,1
pcrh1v,bat_score>0,0,1
pct8uj,bat_score>0,0,1
pcvie9,bat_score>0,0,1
pdkhei,bat_score>0,0,1
pdmeg8,bat_score>0,0,1
peeata,bat_score>0,0,1
peqtf5,bat_score>0,0,1
peqzo6,bat_score>0,0,1
pexcnh,bat_score>0,0,1
pew2j3,bat_score>0,0,1
pf9e4m,bat_score>0,0,1
pfeiu6,bat_score>0,0,1
pfw8cw,bat_score>0,0,1
pfyfhn,bat_score>0,0,1
pg6xve,bat_score>0,0,1
pg9yrt,bat_score>0,0,1
pgid9p,bat_score>0,0,1
pgm37d,bat_score>0,0,1
pgs5ev,bat_score>0,0,1
pgqgkr,bat_score>0,0,1
pgsne2,bat_score>0,0,1
pikzyk,bat_score>0,0,1
pjavl5,bat_score>0,0,1
pjzkpc,bat_score>0,0,1
pk8wvm,bat_score>0,0,1
pkesgs,bat_score>0,0,1
pkfl3e,bat_score>0,0,1
pkhip3,bat_score>0,0,1
pkirx6,bat_score>0,0,1
pkmvlt,bat_score>0,0,1
pkxdmq,bat_score>0,0,1
pkzkxi,bat_score>0,0,1
pl2ucq,bat_score>0,0,1
plop5p,bat_score>0,0,1
pmguky,bat_score>0,0,1
pnk2gj,bat_score>0,0,1
pnoodq,bat_score>0,0,1
po0uby,bat_score>0,0,1
po2swr,bat_score>0,0,1
po4r16,bat_score>0,0,1
po5wjc,bat_score>0,0,1
podt0t,bat_score>0,0,1
pog6up,bat_score>0,0,1
poif7i,bat_score>0,0,1
poij1i,bat_score>0,0,1
pooi2r,bat_score>0,0,1
pouoob,bat_score>0,0,1
povmy6,bat_score>0,0,1
povyh8,bat_score>0,0,1
pozr3z,bat_score>0,0,1
pphiqv,bat_score>0,0,1
pprctu,bat_score>0,0,1
ppsq9j,bat_score>0,0,1
ppuxc8,bat_score>0,0,1
pq0xtz,bat_score>0,0,1
pq5ky7,bat_score>0,0,1
pqfg89,bat_score>0,0,1
pr6ro6,bat_score>0,0,1
pr4aer,bat_score>0,0,1
prt3d2,bat_score>0,0,1
pryze9,bat_score>0,0,1
ps2vnp,bat_score>0,0,1
ps5up6,bat_score>0,0,1
ps9np1,bat_score>0,0,1
psxak2,bat_score>0,0,1
ptbogd,bat_score>0,0,1
pteipz,bat_score>0,0,1
ptjzt6,bat_score>0,0,1
ptlcef,bat_score>0,0,1
ptpggd,bat_score>0,0,1
ptv2jx,bat_score>0,0,1
ptxj6x,bat_score>0,0,1
ptyopn,bat_score>0,0,1
pu2c4h,bat_score>0,0,1
pujd86,bat_score>0,0,1
pule20,bat_score>0,0,1
purd3l,bat_score>0,0,1
puwb7t,bat_score>0,0,1
puyvhn,bat_score>0,0,1
pv7p31,bat_score>0,0,1
pvmf7b,bat_score>0,0,1
pvpcru,bat_score>0,0,1
pwl3nm,bat_score>0,0,1
pwm68v,bat_score>0,0,1
pwn4ud,bat_score>0,0,1
pwrfuc,bat_score>0,0,1
pwppgi,bat_score>0,0,1
px36q7,bat_score>0,0,1
pxb9af,bat_score>0,0,1
pxcw69,bat_score>0,0,1
pxf30s,bat_score>0,0,1
pxf320,bat_score>0,0,1
pxvcl3,bat_score>0,0,1
pxymid,bat_score>0,0,1
py0t32,bat_score>0,0,1
pxzdy0,bat_score>0,0,1
py2sjo,bat_score>0,0,1
py818w,bat_score>0,0,1
pyaunn,bat_score>0,0,1
pytaf5,bat_score>0,0,1
pytt3v,bat_score>0,0,1
pyv7az,bat_score>0,0,1
pywc77,bat_score>0,0,1
pyzzig,bat_score>0,0,1
pyy5s6,bat_score>0,0,1
pz9ynq,bat_score>0,0,1
pzi5vn,bat_score>0,0,1
q0dh4y,bat_score>0,0,1
q0hm9t,bat_score>0,0,1
q1ecko,bat_score>0,0,1
q1zjj9,bat_score>0,0,1
q2uiom,bat_score>0,0,1
q39z90,bat_score>0,0,1
q3broi,bat_score>0,0,1
q3buag,bat_score>0,0,1
q3h710,bat_score>0,0,1
q3hb6g,bat_score>0,0,1
q3y8uv,bat_score>0,0,1
q416xi,bat_score>0,0,1
q42j0a,bat_score>0,0,1
q459lu,bat_score>0,0,1
q572iy,bat_score>0,0,1
q599s8,bat_score>0,0,1
q5c5yb,bat_score>0,0,1
q59oes,bat_score>0,0,1
q5x9jg,bat_score>0,0,1
q613ah,bat_score>0,0,1
q61c6l,bat_score>0,0,1
q6oean,bat_score>0,0,1
q6ufjv,bat_score>0,0,1
q6yz99,bat_score>0,0,1
q70lej,bat_score>0,0,1
q72cyg,bat_score>0,0,1
q7572y,bat_score>0,0,1
q7akfa,bat_score>0,0,1
q7bgl4,bat_score>0,0,1
q7fn90,bat_score>0,0,1
q80lpb,bat_score>0,0,1
q80thr,bat_score>0,0,1
q81bl3,bat_score>0,0,1
q81n98,bat_score>0,0,1
q82265,bat_score>0,0,1
q81t98,bat_score>0,0,1
q86raq,bat_score>0,0,1
q8abre,bat_score>0,0,1
q8g6ee,bat_score>0,0,1
q8v0tj,bat_score>0,0,1
q8vgyy,bat_score>0,0,1
q8ydxs,bat_score>0,0,1
q8z4vk,bat_score>0,0,1
q8z7vu,bat_score>0,0,1
q92qe6,bat_score>0,0,1
q9l6hj,bat_score>0,0,1
q9xhxj,bat_score>0,0,1
qam796,bat_score>0,0,1
qaz9ma,bat_score>0,0,1
qazr3w,bat_score>0,0,1
qb2e8l,bat_score>0,0,1
qbb2e0,bat_score>0,0,1
qbdcgh,bat_score>0,0,1
qbkdw0,bat_score>0,0,1
qbohkj,bat_score>0,0,1
qbo579,bat_score>0,0,1
qbzzke,bat_score>0,0,1
qc5ktd,bat_score>0,0,1
qc610u,bat_score>0,0,1
qcf3c1,bat_score>0,0,1
qclz7b,bat_score>0,0,1
qcnoyq,bat_score>0,0,1
qcqr1d,bat_score>0,0,1
qctxtl,bat_score>0,0,1
qd0lfu,bat_score>0,0,1
qd33ji,bat_score>0,0,1
qdcnnd,bat_score>0,0,1
qdglkt,bat_score>0,0,1
qdgvv5,bat_score>0,0,1
qdn21u,bat_score>0,0,1
qdv68d,bat_score>0,0,1
qe0yts,bat_score>0,0,1
qe332s,bat_score>0,0,1
qe874h,bat_score>0,0,1
qeja95,bat_score>0,0,1
qehpc9,bat_score>0,0,1
qeon8j,bat_score>0,0,1
qevhpf,bat_score>0,0,1
qf4red,bat_score>0,0,1
qfbs4p,bat_score>0,0,1
qfcrj6,bat_score>0,0,1
qfngfx,bat_score>0,0,1
qfr8ap,bat_score>0,0,1
qfrep7,bat_score>0,0,1
qft1x1,bat_score>0,0,1
qfuru9,bat_score>0,0,1
qg7al4,bat_score>0,0,1
qgwoom,bat_score>0,0,1
qheg4s,bat_score>0,0,1
qhj5x4,bat_score>0,0,1
qi390c,bat_score>0,0,1
qicvv2,bat_score>0,0,1
qig3fh,bat_score>0,0,1
qiod00,bat_score>0,0,1
qise7a,bat_score>0,0,1
qjgf0q,bat_score>0,0,1
qjyd3s,bat_score>0,0,1
qknn6e,bat_score>0,0,1
qks2l0,bat_score>0,0,1
qku8gl,bat_score>0,0,1
ql4y2f,bat_score>0,0,1
qlavgz,bat_score>0,0,1
qldls1,bat_score>0,0,1
qldnfn,bat_score>0,0,1
qlfqbi,bat_score>0,0,1
qlsae5,bat_score>0,0,1
qltape,bat_score>0,0,1
qlu9o9,bat_score>0,0,1
qlxpo8,bat_score>0,0,1
qm106p,bat_score>0,0,1
qm6bxi,bat_score>0,0,1
qm6753,bat_score>0,0,1
qmkyto,bat_score>0,0,1
qmtl28,bat_score>0,0,1
qmxkfj,bat_score>0,0,1
qnanbd,bat_score>0,0,1
qnec0r,bat_score>0,0,1
qnf70h,bat_score>0,0,1
qneonj,bat_score>0,0,1
qngjq3,bat_score>0,0,1
qnmi5t,bat_score>0,0,1
qohaj4,bat_score>0,0,1
qon3ea,bat_score>0,0,1
qou4oc,bat_score>0,0,1
qp13oq,bat_score>0,0,1
qp1vrv,bat_score>0,0,1
qqaedr,bat_score>0,0,1
qqc2kg,bat_score>0,0,1
qqlk7n,bat_score>0,0,1
qqz6k7,bat_score>0,0,1
qr4gmq,bat_score>0,0,1
qragam,bat_score>0,0,1
qrd8lu,bat_score>0,0,1
qs71wb,bat_score>0,0,1
qsa93n,bat_score>0,0,1
qsex1p,bat_score>0,0,1
qsfftg,bat_score>0,0,1
qshrxf,bat_score>0,0,1
qsis3f,bat_score>0,0,1
qslv5z,bat_score>0,0,1
qsnqci,bat_score>0,0,1
qst83p,bat_score>0,0,1
qt5sua,bat_score>0,0,1
qtbc30,bat_score>0,0,1
quios1,bat_score>0,0,1
qukv02,bat_score>0,0,1
qunb6w,bat_score>0,0,1
qungs8,bat_score>0,0,1
qurrjv,bat_score>0,0,1
qvbuwq,bat_score>0,0,1
qvegh2,bat_score>0,0,1
qvmigy,bat_score>0,0,1
qvxge2,bat_score>0,0,1
qw5y98,bat_score>0,0,1
qwdzn6,bat_score>0,0,1
qwrv4a,bat_score>0,0,1
qx1ig0,bat_score>0,0,1
qx2k68,bat_score>0,0,1
qx52k2,bat_score>0,0,1
qxrej1,bat_score>0,0,1
qz9lg6,bat_score>0,0,1
qz81bl,bat_score>0,0,1
qzqldv,bat_score>0,0,1
r0elqh,bat_score>0,0,1
r0isoq,bat_score>0,0,1
r0ieeu,bat_score>0,0,1
r0t7ud,bat_score>0,0,1
r0zd03,bat_score>0,0,1
r17ipb,bat_score>0,0,1
r1gbfx,bat_score>0,0,1
r1gqwk,bat_score>0,0,1
r1sf17,bat_score>0,0,1
r1usaf,bat_score>0,0,1
r1ysgq,bat_score>0,0,1
r265bu,bat_score>0,0,1
r28i5m,bat_score>0,0,1
r2aijh,bat_score>0,0,1
r29wu6,bat_score>0,0,1
r2i7ue,bat_score>0,0,1
r2isgj,bat_score>0,0,1
r2q2fy,bat_score>0,0,1
r4f0o3,bat_score>0,0,1
r52emv,bat_score>0,0,1
r53559,bat_score>0,0,1
r5hl5q,bat_score>0,0,1
r608qq,bat_score>0,0,1
r6ddrc,bat_score>0,0,1
r6fcis,bat_score>0,0,1
r6hli2,bat_score>0,0,1
r6t84x,bat_score>0,0,1
r78362,bat_score>0,0,1
r7gfcm,bat_score>0,0,1
r7klxx,bat_score>0,0,1
r7jt2a,bat_score>0,0,1
r7mhwz,bat_score>0,0,1
r8fmbe,bat_score>0,0,1
r8nk9n,bat_score>0,0,1
r8g05i,bat_score>0,0,1
r8viy6,bat_score>0,0,1
r90fzb,bat_score>0,0,1
ra0geh,bat_score>0,0,1
rb0bp2,bat_score>0,0,1
rb0cjk,bat_score>0,0,1
rb47jr,bat_score>0,0,1
rb557w,bat_score>0,0,1
rbewtk,bat_score>0,0,1
rblioj,bat_score>0,0,1
rbo5ph,bat_score>0,0,1
rbpodd,bat_score>0,0,1
rbu6ra,bat_score>0,0,1
rc492y,bat_score>0,0,1
rc3zyp,bat_score>0,0,1
rc6w2s,bat_score>0,0,1
rcj7ad,bat_score>0,0,1
rclyp6,bat_score>0,0,1
rcnsel,bat_score>0,0,1
rcylcx,bat_score>0,0,1
rd164v,bat_score>0,0,1
rd9lqx,bat_score>0,0,1
rdg6tp,bat_score>0,0,1
rdgnpm,bat_score>0,0,1
rdz3ir,bat_score>0,0,1
re0tvl,bat_score>0,0,1
rfm220,bat_score>0,0,1
rfmqn3,bat_score>0,0,1
rfoagt,bat_score>0,0,1
rg0xdt,bat_score>0,0,1
rg5441,bat_score>0,0,1
rgcyro,bat_score>0,0,1
rgfa2s,bat_score>0,0,1
rgk6uv,bat_score>0,0,1
rgoej9,bat_score>0,0,1
rgodwg,bat_score>0,0,1
rgozse,bat_score>0,0,1
rgremf,bat_score>0,0,1
rgp5rb,bat_score>0,0,1
rh5zw2,bat_score>0,0,1
rhb99n,bat_score>0,0,1
rhnroj,bat_score>0,0,1
rhrguw,bat_score>0,0,1
rhydod,bat_score>0,0,1
rhzuou,bat_score>0,0,1
ri087o,bat_score>0,0,1
ri0xf4,bat_score>0,0,1
ridmbh,bat_score>0,0,1
rii4s0,bat_score>0,0,1
rim5d3,bat_score>0,0,1
riy8ga,bat_score>0,0,1
rjwspv,bat_score>0,0,1
rkouio,bat_score>0,0,1
rkpkkl,bat_score>0,0,1
rl32vz,bat_score>0,0,1
rl5e8l,bat_score>0,0,1
rlh0dg,bat_score>0,0,1
rlm9kb,bat_score>0,0,1
rm11q0,bat_score>0,0,1
rm4f8r,bat_score>0,0,1
rm9elm,bat_score>0,0,1
rm95fa,bat_score>0,0,1
rmr153,bat_score>0,0,1
rmxuuk,bat_score>0,0,1
rmy3yn,bat_score>0,0,1
rndo77,bat_score>0,0,1
rnryur,bat_score>0,0,1
rolkcv,bat_score>0,0,1
rpp7lp,bat_score>0,0,1
rq0jtj,bat_score>0,0,1
rq9d6t,bat_score>0,0,1
rqd1n0,bat_score>0,0,1
rqrw4j,bat_score>0,0,1
rrb67l,bat_score>0,0,1
rrfug9,bat_score>0,0,1
rsiq8u,bat_score>0,0,1
rsl218,bat_score>0,0,1
rssci1,bat_score>0,0,1
rsu7zn,bat_score>0,0,1
rtn6yz,bat_score>0,0,1
rtyp4u,bat_score>0,0,1
rubl9y,bat_score>0,0,1
ru5um2,bat_score>0,0,1
ruik39,bat_score>0,0,1
ruhn1v,bat_score>0,0,1
rut2wy,bat_score>0,0,1
rulpof,bat_score>0,0,1
rv67j4,bat_score>0,0,1
rv6jxq,bat_score>0,0,1
rvji5j,bat_score>0,0,1
rvgy85,bat_score>0,0,1
rw04mg,bat_score>0,0,1
rwrlhy,bat_score>0,0,1
rx1mio,bat_score>0,0,1
rx0twg,bat_score>0,0,1
rx96e6,bat_score>0,0,1
rxfk5y,bat_score>0,0,1
rxg34z,bat_score>0,0,1
rxhd71,bat_score>0,0,1
rxi9sv,bat_score>0,0,1
rxnn24,bat_score>0,0,1
rxrk60,bat_score>0,0,1
rxpgy2,bat_score>0,0,1
rxxj1x,bat_score>0,0,1
rxuzcn,bat_score>0,0,1
ry6ag4,bat_score>0,0,1
rxyuu1,bat_score>0,0,1
ryekh2,bat_score>0,0,1
ryf1op,bat_score>0,0,1
ryhefn,bat_score>0,0,1
ryjucg,bat_score>0,0,1
rzhygn,bat_score>0,0,1
rzvmkm,bat_score>0,0,1
rzwjt7,bat_score>0,0,1
s0a3a6,bat_score>0,0,1
s0e4rh,bat_score>0,0,1
s0ch29,bat_score>0,0,1
s0os6g,bat_score>0,0,1
s0pz7z,bat_score>0,0,1
s0r6fi,bat_score>0,0,1
s0urr5,bat_score>0,0,1
s1e0mr,bat_score>0,0,1
s1h8hh,bat_score>0,0,1
s1jnst,bat_score>0,0,1
s1lbnw,bat_score>0,0,1
s1nk8j,bat_score>0,0,1
s1oi76,bat_score>0,0,1
s1o3no,bat_score>0,0,1
s21xfz,bat_score>0,0,1
s2g3ow,bat_score>0,0,1
s2i2n0,bat_score>0,0,1
s348gs,bat_score>0,0,1
s38can,bat_score>0,0,1
s3a1qk,bat_score>0,0,1
s3lhrb,bat_score>0,0,1
s3i9nl,bat_score>0,0,1
s3nyfx,bat_score>0,0,1
s3s10e,bat_score>0,0,1
s3st6c,bat_score>0,0,1
s3xafv,bat_score>0,0,1
s44p6w,bat_score>0,0,1
s492gr,bat_score>0,0,1
s4vv8h,bat_score>0,0,1
s4z87k,bat_score>0,0,1
s5fc0k,bat_score>0,0,1
s5oglj,bat_score>0,0,1
s5omea,bat_score>0,0,1
s5wzk1,bat_score>0,0,1
s6331f,bat_score>0,0,1
s674oq,bat_score>0,0,1
s69xmi,bat_score>0,0,1
s76moe,bat_score>0,0,1
s7swc5,bat_score>0,0,1
s7u1gy,bat_score>0,0,1
s7yqk8,bat_score>0,0,1
s82jn0,bat_score>0,0,1
s84jqj,bat_score>0,0,1
s8gw5q,bat_score>0,0,1
s8kqbw,bat_score>0,0,1
s8rk38,bat_score>0,0,1
s8v9lv,bat_score>0,0,1
s90zr1,bat_score>0,0,1
s98ab7,bat_score>0,0,1
s9e5yf,bat_score>0,0,1
s9gzzw,bat_score>0,0,1
s9mzna,bat_score>0,0,1
saae1s,bat_score>0,0,1
sb0ih8,bat_score>0,0,1
sb3l6m,bat_score>0,0,1
sbo3r4,bat_score>0,0,1
scb93h,bat_score>0,0,1
scd29d,bat_score>0,0,1
scd91l,bat_score>0,0,1
scqj3b,bat_score>0,0,1
scslad,bat_score>0,0,1
sd2xau,bat_score>0,0,1
sd52se,bat_score>0,0,1
sdgmxr,bat_score>0,0,1
sdiboj,bat_score>0,0,1
sdl802,bat_score>0,0,1
sdo0j4,bat_score>0,0,1
sdmivh,bat_score>0,0,1
sdp652,bat_score>0,0,1
sdup5l,bat_score>0,0,1
sdyhka,bat_score>0,0,1
se1hm7,bat_score>0,0,1
sedth9,bat_score>0,0,1
sehp60,bat_score>0,0,1
sejsjk,bat_score>0,0,1
sewx2i,bat_score>0,0,1
sezwlk,bat_score>0,0,1
sf2c2j,bat_score>0,0,1
sf52c9,bat_score>0,0,1
sflp5s,bat_score>0,0,1
sgjaj8,bat_score>0,0,1
sgoq2c,bat_score>0,0,1
shiqoa,bat_score>0,0,1
shkbm8,bat_score>0,0,1
shsrs1,bat_score>0,0,1
sht55m,bat_score>0,0,1
shxw9w,bat_score>0,0,1
si2yd1,bat_score>0,0,1
si2fuq,bat_score>0,0,1
sijaqq,bat_score>0,0,1
silw4l,bat_score>0,0,1
sjjf41,bat_score>0,0,1
sjm2ut,bat_score>0,0,1
sjombq,bat_score>0,0,1
sjpzcz,bat_score>0,0,1
sjtmnp,bat_score>0,0,1
sjvtpl,bat_score>0,0,1
sjx96b,bat_score>0,0,1
sjxde2,bat_score>0,0,1
sk0wn3,bat_score>0,0,1
skmce4,bat_score>0,0,1
sljgbq,bat_score>0,0,1
slzeyv,bat_score>0,0,1
smhjyr,bat_score>0,0,1
smo9j9,bat_score>0,0,1
smotmm,bat_score>0,0,1
smq2nv,bat_score>0,0,1
smrfzk,bat_score>0,0,1
smvgpb,bat_score>0,0,1
sn8x5u,bat_score>0,0,1
snatt1,bat_score>0,0,1
snpufn,bat_score>0,0,1
snrht6,bat_score>0,0,1
so1k4e,bat_score>0,0,1
sobnyy,bat_score>0,0,1
sog2mj,bat_score>0,0,1
sokb1p,bat_score>0,0,1
solskm,bat_score>0,0,1
sor0cm,bat_score>0,0,1
soscrt,bat_score>0,0,1
soue3g,bat_score>0,0,1
sp7h1x,bat_score>0,0,1
sp9p7l,bat_score>0,0,1
spcgy3,bat_score>0,0,1
spcb49,bat_score>0,0,1
sppfuo,bat_score>0,0,1
spqdzf,bat_score>0,0,1
spy8es,bat_score>0,0,1
sq0za4,bat_score>0,0,1
sq3x94,bat_score>0,0,1
sq6ej1,bat_score>0,0,1
sq90p2,bat_score>0,0,1
sqd1bq,bat_score>0,0,1
sqctxq,bat_score>0,0,1
sqio94,bat_score>0,0,1
sr32jl,bat_score>0,0,1
srooh5,bat_score>0,0,1
ssftp1,bat_score>0,0,1
sskaht,bat_score>0,0,1
ssqsza,bat_score>0,0,1
ssswu7,bat_score>0,0,1
sstqru,bat_score>0,0,1
st4xhd,bat_score>0,0,1
st8hdd,bat_score>0,0,1
sth0k9,bat_score>0,0,1
stooc2,bat_score>0,0,1
su2cnu,bat_score>0,0,1
su2u4q,bat_score>0,0,1
su4fx1,bat_score>0,0,1
su505q,bat_score>0,0,1
sudu2n,bat_score>0,0,1
suepec,bat_score>0,0,1
sul4y2,bat_score>0,0,1
sukn99,bat_score>0,0,1
surtci,bat_score>0,0,1
sutrw2,bat_score>0,0,1
susutj,bat_score>0,0,1
sutwcw,bat_score>0,0,1
suu0ay,bat_score>0,0,1
suy930,bat_score>0,0,1
sv06gr,bat_score>0,0,1
sv6ews,bat_score>0,0,1
sv5v91,bat_score>0,0,1
sv3v5v,bat_score>0,0,1
sv7g7f,bat_score>0,0,1
svjzut,bat_score>0,0,1
svpg9m,bat_score>0,0,1
swboce,bat_score>0,0,1
swd2jw,bat_score>0,0,1
swmf95,bat_score>0,0,1
sx2tii,bat_score>0,0,1
sx7rpk,bat_score>0,0,1
sxvnaq,bat_score>0,0,1
syasjb,bat_score>0,0,1
syc2sa,bat_score>0,0,1
sypool,bat_score>0,0,1
syqnou,bat_score>0,0,1
sytk6o,bat_score>0,0,1
syw3rf,bat_score>0,0,1
sz0772,bat_score>0,0,1
szdc11,bat_score>0,0,1
szllr4,bat_score>0,0,1
sztbac,bat_score>0,0,1
t0o5kx,bat_score>0,0,1
t0n575,bat_score>0,0,1
t0umel,bat_score>0,0,1
t14owd,bat_score>0,0,1
t1c7dp,bat_score>0,0,1
t1wp2m,bat_score>0,0,1
t3ma3f,bat_score>0,0,1
t3sjij,bat_score>0,0,1
t3y2kg,bat_score>0,0,1
t4b3ml,bat_score>0,0,1
t4btu9,bat_score>0,0,1
t4evac,bat_score>0,0,1
t4iqih,bat_score>0,0,1
t4rako,bat_score>0,0,1
t4tf7d,bat_score>0,0,1
t51v5a,bat_score>0,0,1
t5442s,bat_score>0,0,1
t57i2u,bat_score>0,0,1
t58jw5,bat_score>0,0,1
t5boq2,bat_score>0,0,1
t5qbop,bat_score>0,0,1
t5uao7,bat_score>0,0,1
t5tk7e,bat_score>0,0,1
t60r60,bat_score>0,0,1
t66yef,bat_score>0,0,1
t6l3ll,bat_score>0,0,1
t6l6zp,bat_score>0,0,1
t6vs2q,bat_score>0,0,1
t7vzlt,bat_score>0,0,1
t84oj4,bat_score>0,0,1
t85wdb,bat_score>0,0,1
t85ht2,bat_score>0,0,1
t8n9y4,bat_score>0,0,1
t8rys0,bat_score>0,0,1
t8temx,bat_score>0,0,1
t8vz49,bat_score>0,0,1
t8vvem,bat_score>0,0,1
t929ir,bat_score>0,0,1
t92m99,bat_score>0,0,1
t9fltk,bat_score>0,0,1
t9ikfy,bat_score>0,0,1
t9imdo,bat_score>0,0,1
t9q4nt,bat_score>0,0,1
t9pbkc,bat_score>0,0,1
ta7fod,bat_score>0,0,1
tacig4,bat_score>0,0,1
tacsr0,bat_score>0,0,1
tay9bg,bat_score>0,0,1
tb94nz,bat_score>0,0,1
tbgyp2,bat_score>0,0,1
tbrjvf,bat_score>0,0,1
tbslh2,bat_score>0,0,1
tbupbw,bat_score>0,0,1
tbuopy,bat_score>0,0,1
tbywez,bat_score>0,0,1
tc0tfz,bat_score>0,0,1
tc1tyq,bat_score>0,0,1
te6s2a,bat_score>0,0,1
teac7l,bat_score>0,0,1
tef9no,bat_score>0,0,1
tej5a0,bat_score>0,0,1
tem1ol,bat_score>0,0,1
teock2,bat_score>0,0,1
teqsw7,bat_score>0,0,1
tes7oz,bat_score>0,0,1
teredt,bat_score>0,0,1
tf1jt5,bat_score>0,0,1
tfbzl6,bat_score>0,0,1
tfczbj,bat_score>0,0,1
tffolf,bat_score>0,0,1
tfgegq,bat_score>0,0,1
tfkzh3,bat_score>0,0,1
tfj3si,bat_score>0,0,1
tfo88p,bat_score>0,0,1
tfqdj5,bat_score>0,0,1
tft6e8,bat_score>0,0,1
tfvunb,bat_score>0,0,1
tfw96y,bat_score>0,0,1
tg1cp7,bat_score>0,0,1
tg91gc,bat_score>0,0,1
tglj6h,bat_score>0,0,1
tgrbdn,bat_score>0,0,1
th1js9,bat_score>0,0,1
th27h3,bat_score>0,0,1
th3z1c,bat_score>0,0,1
th4he7,bat_score>0,0,1
thb50z,bat_score>0,0,1
ti432n,bat_score>0,0,1
ti4i2s,bat_score>0,0,1
tjha40,bat_score>0,0,1
tjj7kp,bat_score>0,0,1
tjn2y4,bat_score>0,0,1
tjnv1c,bat_score>0,0,1
tjo86j,bat_score>0,0,1
tk5v70,bat_score>0,0,1
tk6gd3,bat_score>0,0,1
tkai7a,bat_score>0,0,1
tkfhv5,bat_score>0,0,1
tlcnyg,bat_score>0,0,1
tm1f2j,bat_score>0,0,1
tmgq33,bat_score>0,0,1
tmiqf7,bat_score>0,0,1
tmh4kq,bat_score>0,0,1
tmivuc,bat_score>0,0,1
tmlopw,bat_score>0,0,1
tmr0hz,bat_score>0,0,1
tn3pua,bat_score>0,0,1
tn6msn,bat_score>0,0,1
tnf0y9,bat_score>0,0,1
tnnmcp,bat_score>0,0,1
tnybuj,bat_score>0,0,1
todscc,bat_score>0,0,1
tog6a9,bat_score>0,0,1
tol4wm,bat_score>0,0,1
tp5zqh,bat_score>0,0,1
tpmmv6,bat_score>0,0,1
tqbjfy,bat_score>0,0,1
tqilti,bat_score>0,0,1
tqlbk9,bat_score>0,0,1
tqkh0b,bat_score>0,0,1
tqv3m3,bat_score>0,0,1
tqxxvl,bat_score>0,0,1
tr0qxq,bat_score>0,0,1
tr9z1t,bat_score>0,0,1
tr0zf2,bat_score>0,0,1
tre0hv,bat_score>0,0,1
ts1rfz,bat_score>0,0,1
tspi6n,bat_score>0,0,1
tssubp,bat_score>0,0,1
tt3zyz,bat_score>0,0,1
tt41pm,bat_score>0,0,1
tu6mdq,bat_score>0,0,1
tuqnfm,bat_score>0,0,1
tw7ujm,bat_score>0,0,1
twkich,bat_score>0,0,1
twqa1c,bat_score>0,0,1
twt86n,bat_score>0,0,1
twutup,bat_score>0,0,1
tww5fh,bat_score>0,0,1
tx4iar,bat_score>0,0,1
txnbw8,bat_score>0,0,1
txs8p2,bat_score>0,0,1
txrk5h,bat_score>0,0,1
txt7uy,bat_score>0,0,1
ty7x6k,bat_score>0,0,1
tyipvj,bat_score>0,0,1
tyjl9i,bat_score>0,0,1
tyj581,bat_score>0,0,1
tyl6zd,bat_score>0,0,1
tym2jf,bat_score>0,0,1
tyoyy1,bat_score>0,0,1
tytvpb,bat_score>0,0,1
tyxeoz,bat_score>0,0,1
tz31x8,bat_score>0,0,1
tz4sef,bat_score>0,0,1
tzjr04,bat_score>0,0,1
tzoawq,bat_score>0,0,1
u0e9zq,bat_score>0,0,1
u0n7ct,bat_score>0,0,1
u0qfsd,bat_score>0,0,1
u0u4uk,bat_score>0,0,1
u0xdxw,bat_score>0,0,1
u14qqq,bat_score>0,0,1
u1aob6,bat_score>0,0,1
u1didc,bat_score>0,0,1
u1gfpe,bat_score>0,0,1
u1lnhb,bat_score>0,0,1
u28prc,bat_score>0,0,1
u29kd5,bat_score>0,0,1
u2h5nv,bat_score>0,0,1
u2io20,bat_score>0,0,1
u2vxx1,bat_score>0,0,1
u2w6uj,bat_score>0,0,1
u33x1m,bat_score>0,0,1
u3524r,bat_score>0,0,1
u3g7ib,bat_score>0,0,1
u37od5,bat_score>0,0,1
u3j410,bat_score>0,0,1
u3t4kk,bat_score>0,0,1
u478u8,bat_score>0,0,1
u4hfni,bat_score>0,0,1
u4r4mf,bat_score>0,0,1
u568qv,bat_score>0,0,1
u5ift9,bat_score>0,0,1
u5pyil,bat_score>0,0,1
u60f2b,bat_score>0,0,1
u6grqv,bat_score>0,0,1
u6jou8,bat_score>0,0,1
u6vkpe,bat_score>0,0,1
u725ps,bat_score>0,0,1
u6zkok,bat_score>0,0,1
u763u6,bat_score>0,0,1
u78poz,bat_score>0,0,1
u7bg95,bat_score>0,0,1
u7hmfi,bat_score>0,0,1
u7hunl,bat_score>0,0,1
u7xjn4,bat_score>0,0,1
u8ouen,bat_score>0,0,1
u8rq8d,bat_score>0,0,1
u8qx48,bat_score>0,0,1
u8t3vw,bat_score>0,0,1
u8vb8d,bat_score>0,0,1
u9359h,bat_score>0,0,1
u93n37,bat_score>0,0,1
u93te7,bat_score>0,0,1
u96l92,bat_score>0,0,1
u9fbbo,bat_score>0,0,1
u9hixx,bat_score>0,0,1
u9n8m2,bat_score>0,0,1
u9scor,bat_score>0,0,1
u9wcd9,bat_score>0,0,1
uanldb,bat_score>0,0,1
ub1u0d,bat_score>0,0,1
ubmmud,bat_score>0,0,1
ubpa0s,bat_score>0,0,1
ubq5ng,bat_score>0,0,1
ubscen,bat_score>0,0,1
ubxgia,bat_score>0,0,1
uc17ks,bat_score>0,0,1
uccr4s,bat_score>0,0,1
ucavu8,bat_score>0,0,1
uciwpt,bat_score>0,0,1
uczvs3,bat_score>0,0,1
uczkyv,bat_score>0,0,1
ud6mlu,bat_score>0,0,1
ud7fk9,bat_score>0,0,1
udgs8o,bat_score>0,0,1
udp01j,bat_score>0,0,1
udva34,bat_score>0,0,1
ue6kp4,bat_score>0,0,1
uea8gw,bat_score>0,0,1
ueajvf,bat_score>0,0,1
uee63t,bat_score>0,0,1
ueonk3,bat_score>0,0,1
ueo4k8,bat_score>0,0,1
uh0a5f,bat_score>0,0,1
uhfppa,bat_score>0,0,1
uhj3h4,bat_score>0,0,1
uhmw0u,bat_score>0,0,1
uhpbpt,bat_score>0,0,1
uhp9i6,bat_score>0,0,1
ui788o,bat_score>0,0,1
uidihr,bat_score>0,0,1
uicz8p,bat_score>0,0,1
uihpvr,bat_score>0,0,1
uilej3,bat_score>0,0,1
uixcl2,bat_score>0,0,1
uixj4x,bat_score>0,0,1
uizb3p,bat_score>0,0,1
ujbld4,bat_score>0,0,1
ujz9lh,bat_score>0,0,1
uk5h4r,bat_score>0,0,1
uk3ypj,bat_score>0,0,1
ul7nzr,bat_score>0,0,1
ulpbf4,bat_score>0,0,1
ulvual,bat_score>0,0,1
um0p83,bat_score>0,0,1
um2bn1,bat_score>0,0,1
umckbo,bat_score>0,0,1
umlaob,bat_score>0,0,1
umrkfp,bat_score>0,0,1
umsbxx,bat_score>0,0,1
unby86,bat_score>0,0,1
ung0jg,bat_score>0,0,1
unkjjj,bat_score>0,0,1
uniyft,bat_score>0,0,1
untksu,bat_score>0,0,1
unz8gc,bat_score>0,0,1
uo347c,bat_score>0,0,1
uo8eg7,bat_score>0,0,1
uo9g8m,bat_score>0,0,1
uoa3qy,bat_score>0,0,1
uobw3g,bat_score>0,0,1
uopbp2,bat_score>0,0,1
uor494,bat_score>0,0,1
uos7e7,bat_score>0,0,1
uoucwo,bat_score>0,0,1
up8pgb,bat_score>0,0,1
upffmu,bat_score>0,0,1
upvnix,bat_score>0,0,1
uq4svf,bat_score>0,0,1
ur8pxx,bat_score>0,0,1
urpo4e,bat_score>0,0,1
urt249,bat_score>0,0,1
usd2hb,bat_score>0,0,1
usgice,bat_score>0,0,1
usjhye,bat_score>0,0,1
ut0o4u,bat_score>0,0,1
ut3y3g,bat_score>0,0,1
ut8mpu,bat_score>0,0,1
utbkrs,bat_score>0,0,1
utdar2,bat_score>0,0,1
utjy3e,bat_score>0,0,1
uu1q7x,bat_score>0,0,1
uu5l1q,bat_score>0,0,1
uuaz80,bat_score>0,0,1
uuz7ak,bat_score>0,0,1
uv7fb9,bat_score>0,0,1
uvenxi,bat_score>0,0,1
uvbvnu,bat_score>0,0,1
uvdrli,bat_score>0,0,1
uvehno,bat_score>0,0,1
uvl8mq,bat_score>0,0,1
uvxgti,bat_score>0,0,1
uvxqpz,bat_score>0,0,1
uwnd7r,bat_score>0,0,1
uwoi1i,bat_score>0,0,1
uwyxbk,bat_score>0,0,1
ux29b2,bat_score>0,0,1
ux3pqj,bat_score>0,0,1
ux28em,bat_score>0,0,1
ux8d64,bat_score>0,0,1
uxe4ke,bat_score>0,0,1
uxhr34,bat_score>0,0,1
uxkmw1,bat_score>0,0,1
uxoc69,bat_score>0,0,1
uxoinx,bat_score>0,0,1
uxqbu2,bat_score>0,0,1
uy7u5b,bat_score>0,0,1
uy7fju,bat_score>0,0,1
uybl5d,bat_score>0,0,1
uyh019,bat_score>0,0,1
uz3gbq,bat_score>0,0,1
uz5f0a,bat_score>0,0,1
uzadt1,bat_score>0,0,1
uzd6qq,bat_score>0,0,1
uzje8f,bat_score>0,0,1
v03tmd,bat_score>0,0,1
v0k06g,bat_score>0,0,1
v14wvn,bat_score>0,0,1
v1jkjg,bat_score>0,0,1
v1qx33,bat_score>0,0,1
v1lzf7,bat_score>0,0,1
v1p9xq,bat_score>0,0,1
v1v98t,bat_score>0,0,1
v205gx,bat_score>0,0,1
v1yjrv,bat_score>0,0,1
v22u0p,bat_score>0,0,1
v2irm9,bat_score>0,0,1
v2ocbv,bat_score>0,0,1
v2timm,bat_score>0,0,1
v35fbm,bat_score>0,0,1
v33sda,bat_score>0,0,1
v389un,bat_score>0,0,1
v3aa5f,bat_score>0,0,1
v4a8y3,bat_score>0,0,1
v4dplv,bat_score>0,0,1
v4g030,bat_score>0,0,1
v5es2f,bat_score>0,0,1
v5u024,bat_score>0,0,1
v69p08,bat_score>0,0,1
v6iza0,bat_score>0,0,1
v6ue9w,bat_score>0,0,1
v6x66d,bat_score>0,0,1
v6zbxx,bat_score>0,0,1
v7bbug,bat_score>0,0,1
v7femg,bat_score>0,0,1
v7xil5,bat_score>0,0,1
v83erw,bat_score>0,0,1
v839io,bat_score>0,0,1
v8bnd9,bat_score>0,0,1
v8jrge,bat_score>0,0,1
v8l4dy,bat_score>0,0,1
v8ooue,bat_score>0,0,1
v8o0sb,bat_score>0,0,1
v8wmyc,bat_score>0,0,1
v9mb5x,bat_score>0,0,1
vaejwu,bat_score>0,0,1
vbah6e,bat_score>0,0,1
vb9uo8,bat_score>0,0,1
vc27tx,bat_score>0,0,1
vc8vfh,bat_score>0,0,1
vcbjgy,bat_score>0,0,1
vce8v8,bat_score>0,0,1
vckl9a,bat_score>0,0,1
vcl2sj,bat_score>0,0,1
vcqh4r,bat_score>0,0,1
vctf3v,bat_score>0,0,1
vcztu3,bat_score>0,0,1
vd2hbh,bat_score>0,0,1
vd6qmy,bat_score>0,0,1
vd7ad9,bat_score>0,0,1
vdrv94,bat_score>0,0,1
vdxmre,bat_score>0,0,1
vees52,bat_score>0,0,1
vejhpc,bat_score>0,0,1
vfl14y,bat_score>0,0,1
vfnstn,bat_score>0,0,1
vg6jou,bat_score>0,0,1
vh1x4i,bat_score>0,0,1
vhh9c0,bat_score>0,0,1
vhht9d,bat_score>0,0,1
vi3f8c,bat_score>0,0,1
vi53th,bat_score>0,0,1
vi77oo,bat_score>0,0,1
vi7xw0,bat_score>0,0,1
vibiwe,bat_score>0,0,1
vibq0s,bat_score>0,0,1
vipqci,bat_score>0,0,1
vivp50,bat_score>0,0,1
viy8rn,bat_score>0,0,1
viy0om,bat_score>0,0,1
viyxwc,bat_score>0,0,1
vj4z1m,bat_score>0,0,1
vj5fyc,bat_score>0,0,1
vj6p9b,bat_score>0,0,1
vjmgf7,bat_score>0,0,1
vjmlvf,bat_score>0,0,1
vjn0hp,bat_score>0,0,1
vjyjlr,bat_score>0,0,1
vn1grj,bat_score>0,0,1
vn3rvz,bat_score>0,0,1
vnwqrb,bat_score>0,0,1
vo7mqc,bat_score>0,0,1
vo8gm9,bat_score>0,0,1
voir62,bat_score>0,0,1
vonxr5,bat_score>0,0,1
vojhkt,bat_score>0,0,1
vp6nvj,bat_score>0,0,1
vpi6j8,bat_score>0,0,1
vpem1m,bat_score>0,0,1
vrbwnr,bat_score>0,0,1
vrlxy8,bat_score>0,0,1
vrmuh6,bat_score>0,0,1
vrzgio,bat_score>0,0,1
vsr1dc,bat_score>0,0,1
vsx17j,bat_score>0,0,1
vt6d47,bat_score>0,0,1
vtkq57,bat_score>0,0,1
vtoxmw,bat_score>0,0,1
vtp8fr,bat_score>0,0,1
vtrylj,bat_score>0,0,1
vugk9w,bat_score>0,0,1
vviw06,bat_score>0,0,1
vwkllm,bat_score>0,0,1
vwzkm4,bat_score>0,0,1
vxeg5u,bat_score>0,0,1
vxg5g4,bat_score>0,0,1
vxiitg,bat_score>0,0,1
vxpnk4,bat_score>0,0,1
vxu0xv,bat_score>0,0,1
vy3oun,bat_score>0,0,1
vy85eh,bat_score>0,0,1
vybzoa,bat_score>0,0,1
vyn7l6,bat_score>0,0,1
vyi9dp,bat_score>0,0,1
vyubd2,bat_score>0,0,1
vyzgqp,bat_score>0,0,1
vz2x1t,bat_score>0,0,1
vzk318,bat_score>0,0,1
vzq0cd,bat_score>0,0,1
vzscam,bat_score>0,0,1
w03qr9,bat_score>0,0,1
w044i3,bat_score>0,0,1
w0725z,bat_score>0,0,1
w0ly49,bat_score>0,0,1
w0s8xw,bat_score>0,0,1
w1321f,bat_score>0,0,1
w13tem,bat_score>0,0,1
w1jwtg,bat_score>0,0,1
w1lz4e,bat_score>0,0,1
w1w6i8,bat_score>0,0,1
w20gj5,bat_score>0,0,1
w22bmz,bat_score>0,0,1
w25gy1,bat_score>0,0,1
w26lox,bat_score>0,0,1
w2oai8,bat_score>0,0,1
w2sfg8,bat_score>0,0,1
w2xsbq,bat_score>0,0,1
w2yc5k,bat_score>0,0,1
w2znge,bat_score>0,0,1
w38llz,bat_score>0,0,1
w3924f,bat_score>0,0,1
w3b47j,bat_score>0,0,1
w3p0hx,bat_score>0,0,1
w3w2u2,bat_score>0,0,1
w462vn,bat_score>0,0,1
w4ltbi,bat_score>0,0,1
w4m6es,bat_score>0,0,1
w4pqtd,bat_score>0,0,1
w4rrvy,bat_score>0,0,1
w4za3b,bat_score>0,0,1
w52lia,bat_score>0,0,1
w647yn,bat_score>0,0,1
w6iegg,bat_score>0,0,1
w6tvo0,bat_score>0,0,1
w6xwlj,bat_score>0,0,1
w79noh,bat_score>0,0,1
w7bb5f,bat_score>0,0,1
w7o9al,bat_score>0,0,1
w7qqi5,bat_score>0,0,1
w82dyi,bat_score>0,0,1
w84xms,bat_score>0,0,1
w889eu,bat_score>0,0,1
w8j0c6,bat_score>0,0,1
w8nyrr,bat_score>0,0,1
w8nqnq,bat_score>0,0,1
w8pm2k,bat_score>0,0,1
w8oklt,bat_score>0,0,1
w8pakw,bat_score>0,0,1
w8uewf,bat_score>0,0,1
w8sp51,bat_score>0,0,1
w8ui3s,bat_score>0,0,1
w8zjyt,bat_score>0,0,1
w97ae2,bat_score>0,0,1
w98y7h,bat_score>0,0,1
w9ggt1,bat_score>0,0,1
w9gy3k,bat_score>0,0,1
w9i82k,bat_score>0,0,1
w9tyot,bat_score>0,0,1
wai99h,bat_score>0,0,1
wakplt,bat_score>0,0,1
wanedh,bat_score>0,0,1
watgul,bat_score>0,0,1
wari2m,bat_score>0,0,1
wb2pce,bat_score>0,0,1
wba7cs,bat_score>0,0,1
wbavur,bat_score>0,0,1
wbb1z0,bat_score>0,0,1
wbenjz,bat_score>0,0,1
wc0k71,bat_score>0,0,1
wcihhn,bat_score>0,0,1
wdb1ke,bat_score>0,0,1
wdfvf8,bat_score>0,0,1
wdk375,bat_score>0,0,1
wds0zy,bat_score>0,0,1
wdsvfb,bat_score>0,0,1
we9ai1,bat_score>0,0,1
welkmg,bat_score>0,0,1
wegdoc,bat_score>0,0,1
wemsxb,bat_score>0,0,1
wetmgy,bat_score>0,0,1
wf5eax,bat_score>0,0,1
wflefx,bat_score>0,0,1
wfjkg5,bat_score>0,0,1
wfnsaf,bat_score>0,0,1
wfnu54,bat_score>0,0,1
wg07id,bat_score>0,0,1
wfyajy,bat_score>0,0,1
wfz65m,bat_score>0,0,1
wg1tx6,bat_score>0,0,1
wg0ppc,bat_score>0,0,1
wg37mh,bat_score>0,0,1
wg4vwc,bat_score>0,0,1
wg6w6n,bat_score>0,0,1
wg7o3f,bat_score>0,0,1
wgf6xo,bat_score>0,0,1
wgf0zg,bat_score>0,0,1
wgznx6,bat_score>0,0,1
wh21qg,bat_score>0,0,1
wii8xm,bat_score>0,0,1
wiymy4,bat_score>0,0,1
wj9j84,bat_score>0,0,1
wje9ht,bat_score>0,0,1
wjgevo,bat_score>0,0,1
wjgeam,bat_score>0,0,1
wjnyi8,bat_score>0,0,1
wjs94w,bat_score>0,0,1
wjz0hs,bat_score>0,0,1
wklflk,bat_score>0,0,1
wl1xu7,bat_score>0,0,1
wl34dp,bat_score>0,0,1
wl6ltb,bat_score>0,0,1
wla0mo,bat_score>0,0,1
wleing,bat_score>0,0,1
wlfzxb,bat_score>0,0,1
wlg8mv,bat_score>0,0,1
wlkoby,bat_score>0,0,1
wlqoo6,bat_score>0,0,1
wlqb46,bat_score>0,0,1
wlt6jg,bat_score>0,0,1
wluauh,bat_score>0,0,1
wmlncg,bat_score>0,0,1
wmnnjz,bat_score>0,0,1
wmmzp1,bat_score>0,0,1
wmvpv5,bat_score>0,0,1
wmxwxb,bat_score>0,0,1
wn6f1l,bat_score>0,0,1
wn8m8s,bat_score>0,0,1
wnml4v,bat_score>0,0,1
wo6yjv,bat_score>0,0,1
wnuuim,bat_score>0,0,1
wobm0m,bat_score>0,0,1
woihmm,bat_score>0,0,1
woz1v2,bat_score>0,0,1
wp69hp,bat_score>0,0,1
wp7691,bat_score>0,0,1
wp7b9r,bat_score>0,0,1
wp9c6c,bat_score>0,0,1
wp8bke,bat_score>0,0,1
wpb12k,bat_score>0,0,1
wpfbyy,bat_score>0,0,1
wpmi5a,bat_score>0,0,1
wpnro3,bat_score>0,0,1
wpus85,bat_score>0,0,1
wq28ny,bat_score>0,0,1
wq86lx,bat_score>0,0,1
wqits2,bat_score>0,0,1
wqq5uw,bat_score>0,0,1
wqu2am,bat_score>0,0,1
wqtaq4,bat_score>0,0,1
wqv8yt,bat_score>0,0,1
wqz4l1,bat_score>0,0,1
wqzzda,bat_score>0,0,1
wr58wz,bat_score>0,0,1
wr7ejl,bat_score>0,0,1
wr7lvk,bat_score>0,0,1
wra7nr,bat_score>0,0,1
wrcc0o,bat_score>0,0,1
wrigqz,bat_score>0,0,1
wrl964,bat_score>0,0,1
wrx9su,bat_score>0,0,1
ws2m1o,bat_score>0,0,1
wsezvy,bat_score>0,0,1
wsf7bh,bat_score>0,0,1
wsirr9,bat_score>0,0,1
wtfc10,bat_score>0,0,1
wunhs7,bat_score>0,0,1
wuo5o7,bat_score>0,0,1
wuvcwc,bat_score>0,0,1
wuw1t5,bat_score>0,0,1
wvb5q2,bat_score>0,0,1
wvk0zm,bat_score>0,0,1
wvpvla,bat_score>0,0,1
wvxce9,bat_score>0,0,1
wvxx2p,bat_score>0,0,1
wvz0rq,bat_score>0,0,1
wwi99w,bat_score>0,0,1
wwok1c,bat_score>0,0,1
wwsalz,bat_score>0,0,1
wwyqd3,bat_score>0,0,1
wx2ige,bat_score>0,0,1
wx0zcx,bat_score>0,0,1
wxj95x,bat_score>0,0,1
wxs7sg,bat_score>0,0,1
wxrfen,bat_score>0,0,1
wxz8yb,bat_score>0,0,1
wy5dy0,bat_score>0,0,1
wy73zc,bat_score>0,0,1
wyc6ta,bat_score>0,0,1
wydglp,bat_score>0,0,1
wygh6i,bat_score>0,0,1
wyfto9,bat_score>0,0,1
wyjej6,bat_score>0,0,1
wyjgv3,bat_score>0,0,1
wywu8j,bat_score>0,0,1
wz0d3z,bat_score>0,0,1
wzuhym,bat_score>0,0,1
x0j115,bat_score>0,0,1
x0ofhj,bat_score>0,0,1
x0phf4,bat_score>0,0,1
x0zmky,bat_score>0,0,1
x1vw1l,bat_score>0,0,1
x251nn,bat_score>0,0,1
x25lli,bat_score>0,0,1
x29ppk,bat_score>0,0,1
x2gcoi,bat_score>0,0,1
x2imhh,bat_score>0,0,1
x2iua2,bat_score>0,0,1
x2kjdt,bat_score>0,0,1
x2mndm,bat_score>0,0,1
x2oral,bat_score>0,0,1
x2ugk5,bat_score>0,0,1
x33ht1,bat_score>0,0,1
x3aays,bat_score>0,0,1
x3dz3m,bat_score>0,0,1
x3dpao,bat_score>0,0,1
x3fxza,bat_score>0,0,1
x3gx30,bat_score>0,0,1
x3lz8y,bat_score>0,0,1
x3l9i9,bat_score>0,0,1
x3n7pt,bat_score>0,0,1
x3rqsg,bat_score>0,0,1
x3p3cl,bat_score>0,0,1
x40i44,bat_score>0,0,1
x40lw9,bat_score>0,0,1
x45j5r,bat_score>0,0,1
x46b9o,bat_score>0,0,1
x4jx4g,bat_score>0,0,1
x5kpnz,bat_score>0,0,1
x6pmof,bat_score>0,0,1
x775w2,bat_score>0,0,1
x7e0qv,bat_score>0,0,1
x7toaf,bat_score>0,0,1
x7xz9o,bat_score>0,0,1
x85mh8,bat_score>0,0,1
x85u9n,bat_score>0,0,1
x881we,bat_score>0,0,1
x8dxj4,bat_score>0,0,1
x8rqhd,bat_score>0,0,1
x8ti69,bat_score>0,0,1
x8t60f,bat_score>0,0,1
x94imh,bat_score>0,0,1
x9d8pl,bat_score>0,0,1
x9lacv,bat_score>0,0,1
xa02ek,bat_score>0,0,1
xa580h,bat_score>0,0,1
xaug1u,bat_score>0,0,1
xb3qj1,bat_score>0,0,1
xc2wq5,bat_score>0,0,1
xceaqk,bat_score>0,0,1
xcg1gd,bat_score>0,0,1
xciaii,bat_score>0,0,1
xcixca,bat_score>0,0,1
xciy81,bat_score>0,0,1
xcj7zu,bat_score>0,0,1
xcjaz7,bat_score>0,0,1
xcl28f,bat_score>0,0,1
xcqz2r,bat_score>0,0,1
xd0ppu,bat_score>0,0,1
xd6che,bat_score>0,0,1
xdbb69,bat_score>0,0,1
xdf8i1,bat_score>0,0,1
xdkydl,bat_score>0,0,1
xdkx94,bat_score>0,0,1
xdwnmr,bat_score>0,0,1
xe043h,bat_score>0,0,1
xepm46,bat_score>0,0,1
xexdlp,bat_score>0,0,1
xf1eq7,bat_score>0,0,1
xfwtux,bat_score>0,0,1
xftewe,bat_score>0,0,1
xfzaoj,bat_score>0,0,1
xfz6w2,bat_score>0,0,1
xg7c98,bat_score>0,0,1
xgvsbz,bat_score>0,0,1
xhx209,bat_score>0,0,1
xiaexi,bat_score>0,0,1
xidrqs,bat_score>0,0,1
xihu1h,bat_score>0,0,1
xijl45,bat_score>0,0,1
xinnzk,bat_score>0,0,1
xisgud,bat_score>0,0,1
xj4uhj,bat_score>0,0,1
xj87kv,bat_score>0,0,1
xjcks9,bat_score>0,0,1
xjdfwy,bat_score>0,0,1
xjj2lu,bat_score>0,0,1
xjqzjt,bat_score>0,0,1
xjstog,bat_score>0,0,1
xk4cz0,bat_score>0,0,1
xk45mg,bat_score>0,0,1
xk8o3w,bat_score>0,0,1
xkcep9,bat_score>0,0,1
xko1jv,bat_score>0,0,1
xl1vpg,bat_score>0,0,1
xlb7t8,bat_score>0,0,1
xlva58,bat_score>0,0,1
xlvy5k,bat_score>0,0,1
xm6kta,bat_score>0,0,1
xnzlim,bat_score>0,0,1
xodynd,bat_score>0,0,1
xofnkh,bat_score>0,0,1
xok1e5,bat_score>0,0,1
xotr97,bat_score>0,0,1
xos8k5,bat_score>0,0,1
xoytj5,bat_score>0,0,1
xozomy,bat_score>0,0,1
xp26mh,bat_score>0,0,1
xplwmk,bat_score>0,0,1
xptp3p,bat_score>0,0,1
xps43b,bat_score>0,0,1
xqiqun,bat_score>0,0,1
xqy9os,bat_score>0,0,1
xr1lvz,bat_score>0,0,1
xr66l8,bat_score>0,0,1
xr8hnm,bat_score>0,0,1
xr9t72,bat_score>0,0,1
xrcz82,bat_score>0,0,1
xre44p,bat_score>0,0,1
xsa4c7,bat_score>0,0,1
xscaej,bat_score>0,0,1
xsfp8r,bat_score>0,0,1
xsg4qd,bat_score>0,0,1
xsqzlt,bat_score>0,0,1
xtr699,bat_score>0,0,1
xuh2e3,bat_score>0,0,1
xuj094,bat_score>0,0,1
xuoiaq,bat_score>0,0,1
xuy508,bat_score>0,0,1
xvdu48,bat_score>0,0,1
xvlobo,bat_score>0,0,1
xvpf0i,bat_score>0,0,1
xvwws5,bat_score>0,0,1
xvve55,bat_score>0,0,1
xvytsb,bat_score>0,0,1
xw7fh9,bat_score>0,0,1
xwc5y3,bat_score>0,0,1
xwglmj,bat_score>0,0,1
xwjmww,bat_score>0,0,1
xwopz9,bat_score>0,0,1
xwntlo,bat_score>0,0,1
xx2a2l,bat_score>0,0,1
xx3k0j,bat_score>0,0,1
xx50z0,bat_score>0,0,1
xxhd9t,bat_score>0,0,1
xxm461,bat_score>0,0,1
xxo679,bat_score>0,0,1
xxps4g,bat_score>0,0,1
xy2a41,bat_score>0,0,1
xyb0q9,bat_score>0,0,1
xyn5pc,bat_score>0,0,1
xyi4on,bat_score>0,0,1
y0kbis,bat_score>0,0,1
y0se3p,bat_score>0,0,1
y11wif,bat_score>0,0,1
y1c8z3,bat_score>0,0,1
y1cz02,bat_score>0,0,1
y1glxz,bat_score>0,0,1
y2cr6g,bat_score>0,0,1
y2jzwx,bat_score>0,0,1
y2j6fu,bat_score>0,0,1
y2niip,bat_score>0,0,1
y3emol,bat_score>0,0,1
y3m8rw,bat_score>0,0,1
y3r8cd,bat_score>0,0,1
y3rkiz,bat_score>0,0,1
y5pcd7,bat_score>0,0,1
y646hd,bat_score>0,0,1
y6hpe5,bat_score>0,0,1
y78zia,bat_score>0,0,1
y7cu8o,bat_score>0,0,1
y7j4t4,bat_score>0,0,1
y7om8o,bat_score>0,0,1
y7wt2z,bat_score>0,0,1
y80jqf,bat_score>0,0,1
y82tis,bat_score>0,0,1
y83z00,bat_score>0,0,1
y85uhg,bat_score>0,0,1
y8kdh3,bat_score>0,0,1
y8xy7w,bat_score>0,0,1
y98rqe,bat_score>0,0,1
y9ewqg,bat_score>0,0,1
y9h3bh,bat_score>0,0,1
y9ij43,bat_score>0,0,1
y9u0x9,bat_score>0,0,1
y9tnkz,bat_score>0,0,1
y9vr9j,bat_score>0,0,1
y9yufh,bat_score>0,0,1
ya4plk,bat_score>0,0,1
yaerph,bat_score>0,0,1
yb40zi,bat_score>0,0,1
ybh2qq,bat_score>0,0,1
ybqx7a,bat_score>0,0,1
yc7kp7,bat_score>0,0,1
ycqwbc,bat_score>0,0,1
ycyn16,bat_score>0,0,1
yczoeu,bat_score>0,0,1
yczx2p,bat_score>0,0,1
yd2tcg,bat_score>0,0,1
yd451l,bat_score>0,0,1
yd68m1,bat_score>0,0,1
ydb3mm,bat_score>0,0,1
ydc8tt,bat_score>0,0,1
ydc8wy,bat_score>0,0,1
ydgq3z,bat_score>0,0,1
ydh4zi,bat_score>0,0,1
ydwlyr,bat_score>0,0,1
ydywfb,bat_score>0,0,1
ydzdhx,bat_score>0,0,1
ye0hoh,bat_score>0,0,1
ye0jg6,bat_score>0,0,1
ye134c,bat_score>0,0,1
yepma1,bat_score>0,0,1
yffrne,bat_score>0,0,1
yfhqpp,bat_score>0,0,1
yffyb5,bat_score>0,0,1
yfnksm,bat_score>0,0,1
yfsh27,bat_score>0,0,1
ygno9e,bat_score>0,0,1
ygrnxt,bat_score>0,0,1
yhuiyf,bat_score>0,0,1
yiefqy,bat_score>0,0,1
yijjp8,bat_score>0,0,1
yik862,bat_score>0,0,1
yipokq,bat_score>0,0,1
yiqyza,bat_score>0,0,1
yiv6u0,bat_score>0,0,1
yj7xc2,bat_score>0,0,1
ykbm5n,bat_score>0,0,1
ykfad0,bat_score>0,0,1
ykv6xn,bat_score>0,0,1
yl3cz3,bat_score>0,0,1
yl3tze,bat_score>0,0,1
yl45cf,bat_score>0,0,1
yl48cu,bat_score>0,0,1
yl5alh,bat_score>0,0,1
yl697a,bat_score>0,0,1
ylfsp1,bat_score>0,0,1
ym2x8e,bat_score>0,0,1
ym7qkr,bat_score>0,0,1
ym8e1b,bat_score>0,0,1
ynhie9,bat_score>0,0,1
yogn0o,bat_score>0,0,1
yojgnf,bat_score>0,0,1
yoorfc,bat_score>0,0,1
yp7i3w,bat_score>0,0,1
ypttnv,bat_score>0,0,1
yq973c,bat_score>0,0,1
yqdafa,bat_score>0,0,1
yqjhw7,bat_score>0,0,1
yqkvqg,bat_score>0,0,1
yqo1x4,bat_score>0,0,1
yqsfku,bat_score>0,0,1
yqs4bk,bat_score>0,0,1
yr5dtu,bat_score>0,0,1
yr8dhy,bat_score>0,0,1
yrucdg,bat_score>0,0,1
ysfw0h,bat_score>0,0,1
yscc23,bat_score>0,0,1
ysicdh,bat_score>0,0,1
ysorof,bat_score>0,0,1
yst5kq,bat_score>0,0,1
yunbgt,bat_score>0,0,1
yv4sg7,bat_score>0,0,1
yv512s,bat_score>0,0,1
yv5ko1,bat_score>0,0,1
yvawai,bat_score>0,0,1
yvf698,bat_score>0,0,1
yvjh20,bat_score>0,0,1
yvlrea,bat_score>0,0,1
yvmhu1,bat_score>0,0,1
yvsp2a,bat_score>0,0,1
ywd39n,bat_score>0,0,1
ywkjb8,bat_score>0,0,1
ywq3al,bat_score>0,0,1
ywug6r,bat_score>0,0,1
ywx6p0,bat_score>0,0,1
yx54ew,bat_score>0,0,1
yx5wc4,bat_score>0,0,1
yxaygh,bat_score>0,0,1
yxj8bg,bat_score>0,0,1
yxxhao,bat_score>0,0,1
yxz8jz,bat_score>0,0,1
yy0kb5,bat_score>0,0,1
yy2z92,bat_score>0,0,1
yylmi7,bat_score>0,0,1
yyqrtg,bat_score>0,0,1
yyruqw,bat_score>0,0,1
yyso3u,bat_score>0,0,1
yyww3i,bat_score>0,0,1
yytzmy,bat_score>0,0,1
yzekmo,bat_score>0,0,1
yzegwl,bat_score>0,0,1
yzoyl2,bat_score>0,0,1
z0h3a6,bat_score>0,0,1
z0nais,bat_score>0,0,1
z15pqu,bat_score>0,0,1
z14i0s,bat_score>0,0,1
z16aw4,bat_score>0,0,1
z16pl6,bat_score>0,0,1
z1rz81,bat_score>0,0,1
z1y2rj,bat_score>0,0,1
z2xvo1,bat_score>0,0,1
z30325,bat_score>0,0,1
z319wh,bat_score>0,0,1
z3b64k,bat_score>0,0,1
z448tl,bat_score>0,0,1
z46ly4,bat_score>0,0,1
z60xig,bat_score>0,0,1
z5tnkx,bat_score>0,0,1
z6304t,bat_score>0,0,1
z70m4d,bat_score>0,0,1
z73p6x,bat_score>0,0,1
z7yw1g,bat_score>0,0,1
z80vja,bat_score>0,0,1
z82vih,bat_score>0,0,1
z8azk2,bat_score>0,0,1
z8em88,bat_score>0,0,1
z8cd46,bat_score>0,0,1
z8kdhs,bat_score>0,0,1
z8h2pg,bat_score>0,0,1
z8h9ls,bat_score>0,0,1
z8u3nf,bat_score>0,0,1
z8w6rm,bat_score>0,0,1
z9h60b,bat_score>0,0,1
z9ke8i,bat_score>0,0,1
z9xm5g,bat_score>0,0,1
z9wa0m,bat_score>0,0,1
z9z6m4,bat_score>0,0,1
za66xi,bat_score>0,0,1
za574l,bat_score>0,0,1
zaigth,bat_score>0,0,1
zapi6n,bat_score>0,0,1
zatrs7,bat_score>0,0,1
zb004y,bat_score>0,0,1
zb3er2,bat_score>0,0,1
zbf8fu,bat_score>0,0,1
zc7kjo,bat_score>0,0,1
zchc6u,bat_score>0,0,1
zdf0bk,bat_score>0,0,1
zdh23n,bat_score>0,0,1
zdy63k,bat_score>0,0,1
zdquou,bat_score>0,0,1
ze2ili,bat_score>0,0,1
zea9wz,bat_score>0,0,1
zee3jl,bat_score>0,0,1
zeejrt,bat_score>0,0,1
zeoixm,bat_score>0,0,1
zercbk,bat_score>0,0,1
zetv4o,bat_score>0,0,1
zf5pqm,bat_score>0,0,1
zfqa3k,bat_score>0,0,1
zfowq8,bat_score>0,0,1
zg9z3m,bat_score>0,0,1
zgapcl,bat_score>0,0,1
zgjnyh,bat_score>0,0,1
zghew1,bat_score>0,0,1
zgo8gj,bat_score>0,0,1
zh71fg,bat_score>0,0,1
zi8kel,bat_score>0,0,1
zipg5b,bat_score>0,0,1
zjiipr,bat_score>0,0,1
zjhn7j,bat_score>0,0,1
zk5zp9,bat_score>0,0,1
zkb6l2,bat_score>0,0,1
zkempc,bat_score>0,0,1
zkhir0,bat_score>0,0,1
zlkki4,bat_score>0,0,1
zln5ec,bat_score>0,0,1
zlnk9l,bat_score>0,0,1
zly4as,bat_score>0,0,1
zlxc4k,bat_score>0,0,1
zm4hv9,bat_score>0,0,1
zm5t5w,bat_score>0,0,1
zmd185,bat_score>0,0,1
zmeur4,bat_score>0,0,1
zmmc0k,bat_score>0,0,1
zmk360,bat_score>0,0,1
zmv9of,bat_score>0,0,1
zn4p2e,bat_score>0,0,1
zn9x8v,bat_score>0,0,1
zni8tn,bat_score>0,0,1
znk8z1,bat_score>0,0,1
znnyyk,bat_score>0,0,1
znt8qb,bat_score>0,0,1
znq5yx,bat_score>0,0,1
zoowce,bat_score>0,0,1
zpg1n7,bat_score>0,0,1
zpmvzh,bat_score>0,0,1
zpuolv,bat_score>0,0,1
zqfjob,bat_score>0,0,1
zqrwas,bat_score>0,0,1
zrcga1,bat_score>0,0,1
zrlchu,bat_score>0,0,1
zrmvob,bat_score>0,0,1
zs7dmr,bat_score>0,0,1
zseq93,bat_score>0,0,1
zsj1w7,bat_score>0,0,1
zslbkh,bat_score>0,0,1
zsqwtf,bat_score>0,0,1
zsxe0j,bat_score>0,0,1
ztklva,bat_score>0,0,1
ztkdit,bat_score>0,0,1
ztm426,bat_score>0,0,1
ztqmkt,bat_score>0,0,1
ztuwps,bat_score>0,0,1
ztwy9e,bat_score>0,0,1
zuhano,bat_score>0,0,1
zv3pq5,bat_score>0,0,1
zv4g9k,bat_score>0,0,1
zvcd0g,bat_score>0,0,1
zvj4sr,bat_score>0,0,1
zvxo74,bat_score>0,0,1
zvwn8a,bat_score>0,0,1
zw310x,bat_score>0,0,1
zvy042,bat_score>0,0,1
zw704j,bat_score>0,0,1
zw85ei,bat_score>0,0,1
zwnylt,bat_score>0,0,1
zx6fbr,bat_score>0,0,1
zxgnv2,bat_score>0,0,1
zxu92q,bat_score>0,0,1
zy9i6w,bat_score>0,0,1
zyetmo,bat_score>0,0,1
zyfg32,bat_score>0,0,1
zymmqw,bat_score>0,0,1
zyiudn,bat_score>0,0,1
zzciwc,bat_score>0,0,1
1009hti,bat_score>0,0,1
10295gb,bat_score>0,0,1
102ao1l,bat_score>0,0,1
102f295,bat_score>0,0,1
102k638,bat_score>0,0,1
102mqaf,bat_score>0,0,1
10346xc,bat_score>0,0,1
103856g,bat_score>0,0,1
1039zyl,bat_score>0,0,1
1042ygd,bat_score>0,0,1
1048381,bat_score>0,0,1
104fygs,bat_score>0,0,1
104k51n,bat_score>0,0,1
104t2g4,bat_score>0,0,1
104yoc1,bat_score>0,0,1
1057lom,bat_score>0,0,1
106puib,bat_score>0,0,1
106r9rl,bat_score>0,0,1
106zh6s,bat_score>0,0,1
1079ltd,bat_score>0,0,1
107chx3,bat_score>0,0,1
107gd8x,bat_score>0,0,1
107jfsh,bat_score>0,0,1
107px9j,bat_score>0,0,1
107s1e1,bat_score>0,0,1
1081j6f,bat_score>0,0,1
1087px5,bat_score>0,0,1
108d0u0,bat_score>0,0,1
108crhc,bat_score>0,0,1
1096b7g,bat_score>0,0,1
1096soi,bat_score>0,0,1
10a2tyk,bat_score>0,0,1
10ac86u,bat_score>0,0,1
10afgk7,bat_score>0,0,1
10apcl5,bat_score>0,0,1
10apk12,bat_score>0,0,1
10b0aw4,bat_score>0,0,1
10b55io,bat_score>0,0,1
10bd05w,bat_score>0,0,1
10btk2r,bat_score>0,0,1
10cba1f,bat_score>0,0,1
10crqle,bat_score>0,0,1
10crz46,bat_score>0,0,1
10d1xqs,bat_score>0,0,1
10cw5ta,bat_score>0,0,1
10dix6v,bat_score>0,0,1
10dhyy4,bat_score>0,0,1
10ee0y0,bat_score>0,0,1
10egd5v,bat_score>0,0,1
10eh4qf,bat_score>0,0,1
10eiirf,bat_score>0,0,1
10esb7o,bat_score>0,0,1
10eu49k,bat_score>0,0,1
10f1j7r,bat_score>0,0,1
10faq6y,bat_score>0,0,1
10fbw55,bat_score>0,0,1
10flhg1,bat_score>0,0,1
10fs11h,bat_score>0,0,1
10g1n7o,bat_score>0,0,1
10g2ypr,bat_score>0,0,1
10g3yws,bat_score>0,0,1
10g78c7,bat_score>0,0,1
10gmtlo,bat_score>0,0,1
10gvtho,bat_score>0,0,1
10gmu5e,bat_score>0,0,1
10gzhdt,bat_score>0,0,1
10gzizn,bat_score>0,0,1
10h0a0j,bat_score>0,0,1
10h4clv,bat_score>0,0,1
10h61gj,bat_score>0,0,1
10h6x2e,bat_score>0,0,1
10h7evd,bat_score>0,0,1
10hgdyo,bat_score>0,0,1
10hn2tb,bat_score>0,0,1
10i4czq,bat_score>0,0,1
10i2779,bat_score>0,0,1
10j7wev,bat_score>0,0,1
10j7y7i,bat_score>0,0,1
10jdo9n,bat_score>0,0,1
10jeq7w,bat_score>0,0,1
10jfpix,bat_score>0,0,1
10ji9co,bat_score>0,0,1
10jon9r,bat_score>0,0,1
10jpf6t,bat_score>0,0,1
10jwqew,bat_score>0,0,1
10k7wgu,bat_score>0,0,1
10kb07s,bat_score>0,0,1
10kotyc,bat_score>0,0,1
10kv2e2,bat_score>0,0,1
10kxtvq,bat_score>0,0,1
10kypl4,bat_score>0,0,1
10l1lzq,bat_score>0,0,1
10lk5b4,bat_score>0,0,1
10lsj0e,bat_score>0,0,1
10lw8f4,bat_score>0,0,1
10lxd1d,bat_score>0,0,1
10m83p8,bat_score>0,0,1
10mo9wt,bat_score>0,0,1
10mp6q4,bat_score>0,0,1
10mrf12,bat_score>0,0,1
10mvyxb,bat_score>0,0,1
10mvp4w,bat_score>0,0,1
10ndyas,bat_score>0,0,1
10nj52w,bat_score>0,0,1
10nvfc3,bat_score>0,0,1
10p29js,bat_score>0,0,1
10p3k4j,bat_score>0,0,1
10p7s1z,bat_score>0,0,1
10p8ppp,bat_score>0,0,1
10ptmb7,bat_score>0,0,1
10pvhdo,bat_score>0,0,1
10qb55f,bat_score>0,0,1
10qzt9t,bat_score>0,0,1
10r55ef,bat_score>0,0,1
10r5jqq,bat_score>0,0,1
10r8k4x,bat_score>0,0,1
10rqwyq,bat_score>0,0,1
10ruqzj,bat_score>0,0,1
10s2ck7,bat_score>0,0,1
10shu16,bat_score>0,0,1
10t1rl2,bat_score>0,0,1
10t9z0u,bat_score>0,0,1
10usz4o,bat_score>0,0,1
10vqd2a,bat_score>0,0,1
10vzhuo,bat_score>0,0,1
10w197w,bat_score>0,0,1
10w8vp2,bat_score>0,0,1
10wd5xd,bat_score>0,0,1
10weq0x,bat_score>0,0,1
10wkuyq,bat_score>0,0,1
10wi81e,bat_score>0,0,1
10wtje3,bat_score>0,0,1
10wx8ok,bat_score>0,0,1
10ww9zd,bat_score>0,0,1
10x1x5i,bat_score>0,0,1
10x2bxf,bat_score>0,0,1
10x546e,bat_score>0,0,1
10xaw0y,bat_score>0,0,1
10xc05l,bat_score>0,0,1
10xje9b,bat_score>0,0,1
10xjqrr,bat_score>0,0,1
10xjjix,bat_score>0,0,1
10xlp3h,bat_score>0,0,1
10xvtb4,bat_score>0,0,1
10y1ywl,bat_score>0,0,1
10y3sds,bat_score>0,0,1
10y449k,bat_score>0,0,1
10y8d8l,bat_score>0,0,1
10yeqpe,bat_score>0,0,1
10yxn3z,bat_score>0,0,1
10z0stp,bat_score>0,0,1
10yzyt5,bat_score>0,0,1
10z9xvt,bat_score>0,0,1
10zbfmv,bat_score>0,0,1
10zlt2i,bat_score>0,0,1
10ztkbb,bat_score>0,0,1
110jaz6,bat_score>0,0,1
110wy8b,bat_score>0,0,1
1119jhe,bat_score>0,0,1
111bm11,bat_score>0,0,1
111d1v9,bat_score>0,0,1
111fstp,bat_score>0,0,1
111h080,bat_score>0,0,1
111hsmp,bat_score>0,0,1
111nxif,bat_score>0,0,1
111wzw7,bat_score>0,0,1
1127k8r,bat_score>0,0,1
1128je9,bat_score>0,0,1
112dc8z,bat_score>0,0,1
112kbrt,bat_score>0,0,1
112vinc,bat_score>0,0,1
1132cpq,bat_score>0,0,1
113c60l,bat_score>0,0,1
113ihde,bat_score>0,0,1
113icyo,bat_score>0,0,1
113ml8g,bat_score>0,0,1
113qmim,bat_score>0,0,1
113rz7n,bat_score>0,0,1
113rvxn,bat_score>0,0,1
113t06n,bat_score>0,0,1
113v0gx,bat_score>0,0,1
113wuob,bat_score>0,0,1
113xnp9,bat_score>0,0,1
113z7ae,bat_score>0,0,1
1141uii,bat_score>0,0,1
11460qs,bat_score>0,0,1
1148pl2,bat_score>0,0,1
114bmba,bat_score>0,0,1
114rkcr,bat_score>0,0,1
114ryse,bat_score>0,0,1
114uouq,bat_score>0,0,1
114sssr,bat_score>0,0,1
114ygcr,bat_score>0,0,1
114zc3j,bat_score>0,0,1
1152q6r,bat_score>0,0,1
1152im4,bat_score>0,0,1
1150hcb,bat_score>0,0,1
115fu4z,bat_score>0,0,1
1160985,bat_score>0,0,1
1161clx,bat_score>0,0,1
116iqcc,bat_score>0,0,1
116i9pj,bat_score>0,0,1
116u6th,bat_score>0,0,1
11707wf,bat_score>0,0,1
1176e4p,bat_score>0,0,1
1178krm,bat_score>0,0,1
117904h,bat_score>0,0,1
117hc51,bat_score>0,0,1
117otfb,bat_score>0,0,1
1180cg8,bat_score>0,0,1
1182loi,bat_score>0,0,1
118l5aq,bat_score>0,0,1
118mif1,bat_score>0,0,1
118vj48,bat_score>0,0,1
118wqt1,bat_score>0,0,1
1190aii,bat_score>0,0,1
1190mej,bat_score>0,0,1
1193jyb,bat_score>0,0,1
119l15v,bat_score>0,0,1
119ym9c,bat_score>0,0,1
11a2im4,bat_score>0,0,1
11a6z1m,bat_score>0,0,1
11abvwd,bat_score>0,0,1
11aa7ua,bat_score>0,0,1
11ae4ge,bat_score>0,0,1
11av851,bat_score>0,0,1
11awzhv,bat_score>0,0,1
11ayyv3,bat_score>0,0,1
11b1xto,bat_score>0,0,1
11b6s6h,bat_score>0,0,1
11bduwg,bat_score>0,0,1
11bcyqe,bat_score>0,0,1
11bj9lr,bat_score>0,0,1
11bwzmm,bat_score>0,0,1
11bxorn,bat_score>0,0,1
11by6lg,bat_score>0,0,1
11c3d06,bat_score>0,0,1
11cmwug,bat_score>0,0,1
11dbzi8,bat_score>0,0,1
11dfa9t,bat_score>0,0,1
11dgfuc,bat_score>0,0,1
11dhf6b,bat_score>0,0,1
11di7cc,bat_score>0,0,1
11dn3n9,bat_score>0,0,1
11dt2hn,bat_score>0,0,1
11e7joj,bat_score>0,0,1
11ebmrp,bat_score>0,0,1
11ei57s,bat_score>0,0,1
11fi6ra,bat_score>0,0,1
11fp30w,bat_score>0,0,1
11fx1a1,bat_score>0,0,1
11fxqkc,bat_score>0,0,1
11g4yjv,bat_score>0,0,1
11g9inz,bat_score>0,0,1
11ga5uu,bat_score>0,0,1
11gapc4,bat_score>0,0,1
11gfso2,bat_score>0,0,1
11gndgl,bat_score>0,0,1
11gsv28,bat_score>0,0,1
11hxdb4,bat_score>0,0,1
11hk5ss,bat_score>0,0,1
11ia26y,bat_score>0,0,1
11idd0y,bat_score>0,0,1
11k0svg,bat_score>0,0,1
11k3mlh,bat_score>0,0,1
11k5wgg,bat_score>0,0,1
11k8bog,bat_score>0,0,1
11kkylo,bat_score>0,0,1
11l4kzf,bat_score>0,0,1
11l4wsv,bat_score>0,0,1
11la899,bat_score>0,0,1
11l92q7,bat_score>0,0,1
11lddw6,bat_score>0,0,1
11lipvr,bat_score>0,0,1
11lw8lj,bat_score>0,0,1
11m1cc6,bat_score>0,0,1
11m7083,bat_score>0,0,1
11mjw3x,bat_score>0,0,1
11mptwy,bat_score>0,0,1
11myjn7,bat_score>0,0,1
11n0ep4,bat_score>0,0,1
11n57ip,bat_score>0,0,1
11n7vlw,bat_score>0,0,1
11natkb,bat_score>0,0,1
11nt59o,bat_score>0,0,1
11nu3te,bat_score>0,0,1
11nu1sy,bat_score>0,0,1
11o1bas,bat_score>0,0,1
11o5iwa,bat_score>0,0,1
11oqxw6,bat_score>0,0,1
11qgkli,bat_score>0,0,1
11qjwlm,bat_score>0,0,1
11qlrl4,bat_score>0,0,1
11r5ikb,bat_score>0,0,1
11r5t50,bat_score>0,0,1
11r6v4l,bat_score>0,0,1
11rn70b,bat_score>0,0,1
11rme9d,bat_score>0,0,1
11rvca8,bat_score>0,0,1
11ruzkd,bat_score>0,0,1
11rx3n1,bat_score>0,0,1
11rzq2a,bat_score>0,0,1
11s0lcm,bat_score>0,0,1
11rzmqe,bat_score>0,0,1
11s4kzz,bat_score>0,0,1
11svtte,bat_score>0,0,1
11syd81,bat_score>0,0,1
11sxysw,bat_score>0,0,1
11t2phm,bat_score>0,0,1
11t5npt,bat_score>0,0,1
11th0jr,bat_score>0,0,1
11tthsh,bat_score>0,0,1
11tv922,bat_score>0,0,1
11tv9mj,bat_score>0,0,1
11u4g31,bat_score>0,0,1
11udo4x,bat_score>0,0,1
11uox4k,bat_score>0,0,1
11v1iv8,bat_score>0,0,1
11vf5gj,bat_score>0,0,1
11vs25r,bat_score>0,0,1
11w6k7a,bat_score>0,0,1
11w7eqg,bat_score>0,0,1
11wci89,bat_score>0,0,1
11wewz9,bat_score>0,0,1
11wfisg,bat_score>0,0,1
11wmbnn,bat_score>0,0,1
11wn3pd,bat_score>0,0,1
11wsvvm,bat_score>0,0,1
11xb7sc,bat_score>0,0,1
11xedl9,bat_score>0,0,1
11xfrdp,bat_score>0,0,1
11xi0x4,bat_score>0,0,1
11xnsho,bat_score>0,0,1
11xwqa5,bat_score>0,0,1
11xwzil,bat_score>0,0,1
11xx1ly,bat_score>0,0,1
11xzeq3,bat_score>0,0,1
11y1zby,bat_score>0,0,1
11y213u,bat_score>0,0,1
11y05vo,bat_score>0,0,1
11yd8uw,bat_score>0,0,1
11yhc9f,bat_score>0,0,1
11ymizd,bat_score>0,0,1
11z5i8s,bat_score>0,0,1
11z6l0c,bat_score>0,0,1
11z7rek,bat_score>0,0,1
120042c,bat_score>0,0,1
12068om,bat_score>0,0,1
12099i0,bat_score>0,0,1
1207arv,bat_score>0,0,1
120sjua,bat_score>0,0,1
120rt42,bat_score>0,0,1
121avm0,bat_score>0,0,1
12287tf,bat_score>0,0,1
122trz2,bat_score>0,0,1
123mgo8,bat_score>0,0,1
123xkjp,bat_score>0,0,1
123znzp,bat_score>0,0,1
1240exh,bat_score>0,0,1
124heg1,bat_score>0,0,1
124p90z,bat_score>0,0,1
124rp48,bat_score>0,0,1
124wash,bat_score>0,0,1
124zigg,bat_score>0,0,1
125i7vw,bat_score>0,0,1
125lccq,bat_score>0,0,1
125ot8p,bat_score>0,0,1
125qoj4,bat_score>0,0,1
126l4jl,bat_score>0,0,1
126sktb,bat_score>0,0,1
126xlqk,bat_score>0,0,1
127bkwg,bat_score>0,0,1
127ohxt,bat_score>0,0,1
127pjns,bat_score>0,0,1
1297uop,bat_score>0,0,1
12a6tyd,bat_score>0,0,1
12a6q4b,bat_score>0,0,1
12ad98c,bat_score>0,0,1
12an41e,bat_score>0,0,1
12aqxno,bat_score>0,0,1
12arwjz,bat_score>0,0,1
12b31ju,bat_score>0,0,1
12b6oxl,bat_score>0,0,1
12bs9cc,bat_score>0,0,1
12buxr9,bat_score>0,0,1
12by4lz,bat_score>0,0,1
12c42vb,bat_score>0,0,1
12cmj7f,bat_score>0,0,1
12d4yub,bat_score>0,0,1
12dlvbz,bat_score>0,0,1
12dzt56,bat_score>0,0,1
12dysrl,bat_score>0,0,1
12eivgh,bat_score>0,0,1
12f1i6e,bat_score>0,0,1
12f9sza,bat_score>0,0,1
12fx2rr,bat_score>0,0,1
12gv60z,bat_score>0,0,1
12htdl1,bat_score>0,0,1
12i3hcb,bat_score>0,0,1
12ig4fn,bat_score>0,0,1
12ipond,bat_score>0,0,1
12jbr74,bat_score>0,0,1
12jozeg,bat_score>0,0,1
12k56s3,bat_score>0,0,1
12khf44,bat_score>0,0,1
12kj8d4,bat_score>0,0,1
12l4c45,bat_score>0,0,1
12lia2v,bat_score>0,0,1
12mdard,bat_score>0,0,1
12mgsvc,bat_score>0,0,1
12o4jej,bat_score>0,0,1
12o7o86,bat_score>0,0,1
12omt6y,bat_score>0,0,1
12opfbd,bat_score>0,0,1
12oy20c,bat_score>0,0,1
12pl1vr,bat_score>0,0,1
12py4g1,bat_score>0,0,1
12qei14,bat_score>0,0,1
12qh3c3,bat_score>0,0,1
12qok83,bat_score>0,0,1
12qp8bi,bat_score>0,0,1
12qztfp,bat_score>0,0,1
12r9kdg,bat_score>0,0,1
12rbm43,bat_score>0,0,1
12rocel,bat_score>0,0,1
12rtevw,bat_score>0,0,1
12rsf7c,bat_score>0,0,1
12rxepn,bat_score>0,0,1
12s2169,bat_score>0,0,1
12s2a4n,bat_score>0,0,1
12sep28,bat_score>0,0,1
12sjgsj,bat_score>0,0,1
12sfw3j,bat_score>0,0,1
12tgbf4,bat_score>0,0,1
12tikqn,bat_score>0,0,1
12tln9v,bat_score>0,0,1
12tmmg7,bat_score>0,0,1
12ueijz,bat_score>0,0,1
12uj09b,bat_score>0,0,1
12v6o3h,bat_score>0,0,1
12v4j8u,bat_score>0,0,1
12wvj0l,bat_score>0,0,1
12xhyoc,bat_score>0,0,1
12xteid,bat_score>0,0,1
12xuset,bat_score>0,0,1
12ycb5c,bat_score>0,0,1
12yfhia,bat_score>0,0,1
12yi7aa,bat_score>0,0,1
12ykvnr,bat_score>0,0,1
12yn30t,bat_score>0,0,1
12yq7pu,bat_score>0,0,1
12ytahw,bat_score>0,0,1
12yxr44,bat_score>0,0,1
12z38vi,bat_score>0,0,1
12zawkn,bat_score>0,0,1
12zsdyj,bat_score>0,0,1
1301pwu,bat_score>0,0,1
1304iyt,bat_score>0,0,1
130912t,bat_score>0,0,1
130kx8x,bat_score>0,0,1
130hxvn,bat_score>0,0,1
131lsji,bat_score>0,0,1
13255xi,bat_score>0,0,1
1325arj,bat_score>0,0,1
132cdsk,bat_score>0,0,1
1338j4e,bat_score>0,0,1
133czj3,bat_score>0,0,1
133l559,bat_score>0,0,1
134q1qi,bat_score>0,0,1
134x41a,bat_score>0,0,1
1359s7r,bat_score>0,0,1
135gnbt,bat_score>0,0,1
135matv,bat_score>0,0,1
1360e31,bat_score>0,0,1
136npa0,bat_score>0,0,1
136qhr3,bat_score>0,0,1
136stnk,bat_score>0,0,1
136tnsf,bat_score>0,0,1
136ugeh,bat_score>0,0,1
1370z01,bat_score>0,0,1
137kppv,bat_score>0,0,1
137r5f5,bat_score>0,0,1
137pha1,bat_score>0,0,1
137rgc6,bat_score>0,0,1
137shmn,bat_score>0,0,1
138dbjs,bat_score>0,0,1
138xy52,bat_score>0,0,1
1391df9,bat_score>0,0,1
13983ua,bat_score>0,0,1
13a4868,bat_score>0,0,1
13abzem,bat_score>0,0,1
13bl1iu,bat_score>0,0,1
13boltm,bat_score>0,0,1
13buhhp,bat_score>0,0,1
13bwfii,bat_score>0,0,1
13bwdy3,bat_score>0,0,1
13c8250,bat_score>0,0,1
13c8iiy,bat_score>0,0,1
13cjymb,bat_score>0,0,1
13ck11z,bat_score>0,0,1
13ckun2,bat_score>0,0,1
13cw1gn,bat_score>0,0,1
13d509u,bat_score>0,0,1
13dqege,bat_score>0,0,1
13dxo3b,bat_score>0,0,1
13e3arv,bat_score>0,0,1
13ebcjy,bat_score>0,0,1
13eft0e,bat_score>0,0,1
13eq3jv,bat_score>0,0,1
13eudqq,bat_score>0,0,1
13f452v,bat_score>0,0,1
13f9cie,bat_score>0,0,1
13fisfd,bat_score>0,0,1
13fhwtr,bat_score>0,0,1
13fx327,bat_score>0,0,1
13fzpv4,bat_score>0,0,1
13fyqt6,bat_score>0,0,1
13gflgz,bat_score>0,0,1
13gy1zm,bat_score>0,0,1
13i3wos,bat_score>0,0,1
13i5cgq,bat_score>0,0,1
13ibat9,bat_score>0,0,1
13iex76,bat_score>0,0,1
13j89id,bat_score>0,0,1
13jd0m8,bat_score>0,0,1
13jdy4r,bat_score>0,0,1
13jimdx,bat_score>0,0,1
13jh1mj,bat_score>0,0,1
13jh1hi,bat_score>0,0,1
13jkrh8,bat_score>0,0,1
13jy6vc,bat_score>0,0,1
13jzex9,bat_score>0,0,1
13k2yci,bat_score>0,0,1
13k519h,bat_score>0,0,1
13k625a,bat_score>0,0,1
13kmid2,bat_score>0,0,1
13ku562,bat_score>0,0,1
13l54y9,bat_score>0,0,1
13l8nt6,bat_score>0,0,1
13l9srz,bat_score>0,0,1
13lay4h,bat_score>0,0,1
13lkjfa,bat_score>0,0,1
13lz9wc,bat_score>0,0,1
13m4h7n,bat_score>0,0,1
13ma3ij,bat_score>0,0,1
13mddtx,bat_score>0,0,1
13mcb3d,bat_score>0,0,1
13mo7jt,bat_score>0,0,1
13mqm81,bat_score>0,0,1
13mre84,bat_score>0,0,1
13mv5uy,bat_score>0,0,1
13n9m11,bat_score>0,0,1
13n3bgy,bat_score>0,0,1
13ni59a,bat_score>0,0,1
13nomxe,bat_score>0,0,1
13o6c03,bat_score>0,0,1
13otl4f,bat_score>0,0,1
13otu0l,bat_score>0,0,1
13p6a7m,bat_score>0,0,1
13pi3j4,bat_score>0,0,1
13pi867,bat_score>0,0,1
13pjrlm,bat_score>0,0,1
13plipb,bat_score>0,0,1
13q8yi3,bat_score>0,0,1
13qss57,bat_score>0,0,1
13qwuf5,bat_score>0,0,1
13qyx95,bat_score>0,0,1
13r728t,bat_score>0,0,1
13rgxbr,bat_score>0,0,1
13sbcuh,bat_score>0,0,1
13sn44l,bat_score>0,0,1
13symbu,bat_score>0,0,1
13tpv0n,bat_score>0,0,1
13ubp2p,bat_score>0,0,1
13uaiyt,bat_score>0,0,1
13uhgef,bat_score>0,0,1
13uqvsx,bat_score>0,0,1
13v328l,bat_score>0,0,1
13v27zk,bat_score>0,0,1
13vg4ta,bat_score>0,0,1
13vr2xf,bat_score>0,0,1
13vt1yq,bat_score>0,0,1
13vts7d,bat_score>0,0,1
13vwn1c,bat_score>0,0,1
13vuacy,bat_score>0,0,1
13w49ty,bat_score>0,0,1
13wjo1h,bat_score>0,0,1
13wkruf,bat_score>0,0,1
13wp2rv,bat_score>0,0,1
13wv4gm,bat_score>0,0,1
13wv3t6,bat_score>0,0,1
13wyb3r,bat_score>0,0,1
13x3635,bat_score>0,0,1
13xg8cm,bat_score>0,0,1
13xn359,bat_score>0,0,1
13xvjdp,bat_score>0,0,1
13xxpoy,bat_score>0,0,1
13xz3gx,bat_score>0,0,1
13ykm0o,bat_score>0,0,1
13ykqtg,bat_score>0,0,1
13yty4t,bat_score>0,0,1
13yp4c5,bat_score>0,0,1
13ywat7,bat_score>0,0,1
13zfudb,bat_score>0,0,1
13zjffk,bat_score>0,0,1
140rxgi,bat_score>0,0,1
1419pcv,bat_score>0,0,1
141hyet,bat_score>0,0,1
141j33d,bat_score>0,0,1
141kfky,bat_score>0,0,1
141kvt1,bat_score>0,0,1
141mnkr,bat_score>0,0,1
141pnb1,bat_score>0,0,1
141rxu7,bat_score>0,0,1
141zm5j,bat_score>0,0,1
1424ivy,bat_score>0,0,1
142e6gr,bat_score>0,0,1
142fnzf,bat_score>0,0,1
142fgj9,bat_score>0,0,1
142geaz,bat_score>0,0,1
142l6rn,bat_score>0,0,1
142kj9n,bat_score>0,0,1
142qw6y,bat_score>0,0,1
14332i7,bat_score>0,0,1
1446881,bat_score>0,0,1
145h6z0,bat_score>0,0,1
145pk81,bat_score>0,0,1
147xmz7,bat_score>0,0,1
148oezo,bat_score>0,0,1
1499fin,bat_score>0,0,1
149gcei,bat_score>0,0,1
149wsiy,bat_score>0,0,1
14a5s8k,bat_score>0,0,1
14a8px3,bat_score>0,0,1
14abbed,bat_score>0,0,1
14agous,bat_score>0,0,1
14ammb2,bat_score>0,0,1
14ayxhv,bat_score>0,0,1
14b53th,bat_score>0,0,1
14bcf46,bat_score>0,0,1
14bilg5,bat_score>0,0,1
14bz5px,bat_score>0,0,1
14cadx1,bat_score>0,0,1
14d3nnf,bat_score>0,0,1
14db3ep,bat_score>0,0,1
14dd2bm,bat_score>0,0,1
14di86t,bat_score>0,0,1
14dojmk,bat_score>0,0,1
14dqmmw,bat_score>0,0,1
14ec4rw,bat_score>0,0,1
14eirt6,bat_score>0,0,1
14eidww,bat_score>0,0,1
14eoyyx,bat_score>0,0,1
14f4zxi,bat_score>0,0,1
14f4mzn,bat_score>0,0,1
14fj4bo,bat_score>0,0,1
14flnf0,bat_score>0,0,1
14fqij2,bat_score>0,0,1
14fueaa,bat_score>0,0,1
14fxbip,bat_score>0,0,1
14g5jp8,bat_score>0,0,1
14g4jis,bat_score>0,0,1
14gkwyv,bat_score>0,0,1
14gggvz,bat_score>0,0,1
14hakia,bat_score>0,0,1
14hjycs,bat_score>0,0,1
14ijlo1,bat_score>0,0,1
14i3fmh,bat_score>0,0,1
14jiger,bat_score>0,0,1
14jmnqe,bat_score>0,0,1
14k7s8b,bat_score>0,0,1
14kagx1,bat_score>0,0,1
14kjksz,bat_score>0,0,1
14ki587,bat_score>0,0,1
14kmo55,bat_score>0,0,1
14kxezs,bat_score>0,0,1
14l1efd,bat_score>0,0,1
14l2gzm,bat_score>0,0,1
14l2lm9,bat_score>0,0,1
14kz58v,bat_score>0,0,1
14lfa3o,bat_score>0,0,1
14lil7d,bat_score>0,0,1
14ljiqm,bat_score>0,0,1
14ljlxz,bat_score>0,0,1
14llnnk,bat_score>0,0,1
14m9995,bat_score>0,0,1
14mardr,bat_score>0,0,1
14mg5qb,bat_score>0,0,1
14mxke2,bat_score>0,0,1
14n076m,bat_score>0,0,1
14n77tj,bat_score>0,0,1
14nobsd,bat_score>0,0,1
14nr2xb,bat_score>0,0,1
14nya4t,bat_score>0,0,1
14p8o2l,bat_score>0,0,1
14ppqqu,bat_score>0,0,1
14pu4f5,bat_score>0,0,1
14px8wt,bat_score>0,0,1
14pzpo4,bat_score>0,0,1
14qb1m9,bat_score>0,0,1
14ql3jg,bat_score>0,0,1
14qopme,bat_score>0,0,1
14r21p1,bat_score>0,0,1
14rd7pp,bat_score>0,0,1
14rdyqa,bat_score>0,0,1
14rm6md,bat_score>0,0,1
14rnrne,bat_score>0,0,1
14ry59g,bat_score>0,0,1
14s9us9,bat_score>0,0,1
14sahu5,bat_score>0,0,1
14saerr,bat_score>0,0,1
14sdfdq,bat_score>0,0,1
14t6nfj,bat_score>0,0,1
14t7fh9,bat_score>0,0,1
14tb8pu,bat_score>0,0,1
14tcvw8,bat_score>0,0,1
14tjn7t,bat_score>0,0,1
14v6jjp,bat_score>0,0,1
14w29ey,bat_score>0,0,1
14w1sl5,bat_score>0,0,1
14w4q3q,bat_score>0,0,1
14w57tk,bat_score>0,0,1
14w5rpp,bat_score>0,0,1
14w6tki,bat_score>0,0,1
14w60fw,bat_score>0,0,1
14w9ddg,bat_score>0,0,1
14wjmns,bat_score>0,0,1
14wujd0,bat_score>0,0,1
14wvejx,bat_score>0,0,1
14wvahb,bat_score>0,0,1
14wv6wa,bat_score>0,0,1
14wz6f7,bat_score>0,0,1
14x5vt9,bat_score>0,0,1
14xhys4,bat_score>0,0,1
14xy6ji,bat_score>0,0,1
14y00mt,bat_score>0,0,1
14y0te9,bat_score>0,0,1
14y0uw8,bat_score>0,0,1
14y7vmn,bat_score>0,0,1
14y8z0c,bat_score>0,0,1
14yfudk,bat_score>0,0,1
14yhhbj,bat_score>0,0,1
14yjvgo,bat_score>0,0,1
14ymqaa,bat_score>0,0,1
14yno4m,bat_score>0,0,1
14yrym4,bat_score>0,0,1
14yshfp,bat_score>0,0,1
14yw6d4,bat_score>0,0,1
14z0bdr,bat_score>0,0,1
14zfphe,bat_score>0,0,1
14zhm6v,bat_score>0,0,1
14zi4s2,bat_score>0,0,1
14zljs0,bat_score>0,0,1
150dfzz,bat_score>0,0,1
15026kw,bat_score>0,0,1
150gz7j,bat_score>0,0,1
150q0et,bat_score>0,0,1
150kuoo,bat_score>0,0,1
1514u8l,bat_score>0,0,1
151jrhr,bat_score>0,0,1
151qsyl,bat_score>0,0,1
1526dkf,bat_score>0,0,1
1525wd2,bat_score>0,0,1
152a90x,bat_score>0,0,1
152dq96,bat_score>0,0,1
152ez2d,bat_score>0,0,1
153a5nl,bat_score>0,0,1
153be9z,bat_score>0,0,1
153fvv3,bat_score>0,0,1
153kvgz,bat_score>0,0,1
153q36j,bat_score>0,0,1
1540zk5,bat_score>0,0,1
15410vv,bat_score>0,0,1
15414wg,bat_score>0,0,1
1543qk9,bat_score>0,0,1
154c4qi,bat_score>0,0,1
154dhgt,bat_score>0,0,1
154e6v5,bat_score>0,0,1
154ik7w,bat_score>0,0,1
154p6fv,bat_score>0,0,1
154vb3t,bat_score>0,0,1
154zsz2,bat_score>0,0,1
155bv2g,bat_score>0,0,1
155fko5,bat_score>0,0,1
155lcdz,bat_score>0,0,1
155r8iq,bat_score>0,0,1
155ssrp,bat_score>0,0,1
15623k3,bat_score>0,0,1
15611sb,bat_score>0,0,1
15642vr,bat_score>0,0,1
156r7di,bat_score>0,0,1
156j21g,bat_score>0,0,1
1571vwq,bat_score>0,0,1
157biqw,bat_score>0,0,1
157ofsf,bat_score>0,0,1
157w01f,bat_score>0,0,1
157xalu,bat_score>0,0,1
158ah0n,bat_score>0,0,1
158dp7m,bat_score>0,0,1
158knm5,bat_score>0,0,1
158z387,bat_score>0,0,1
158tvl6,bat_score>0,0,1
158znz0,bat_score>0,0,1
159164h,bat_score>0,0,1
1591jsi,bat_score>0,0,1
159j5m0,bat_score>0,0,1
159jcba,bat_score>0,0,1
159l3cq,bat_score>0,0,1
159k6st,bat_score>0,0,1
159lxbt,bat_score>0,0,1
15a4zeo,bat_score>0,0,1
15a8lmh,bat_score>0,0,1
15af03x,bat_score>0,0,1
15ahwd8,bat_score>0,0,1
15apbyw,bat_score>0,0,1
15b30cs,bat_score>0,0,1
15bo1v7,bat_score>0,0,1
15btu6p,bat_score>0,0,1
15bxdx4,bat_score>0,0,1
15bysde,bat_score>0,0,1
15c025z,bat_score>0,0,1
15c79yb,bat_score>0,0,1
15cddgg,bat_score>0,0,1
15cgm4p,bat_score>0,0,1
15cyqlc,bat_score>0,0,1
15d67hc,bat_score>0,0,1
15datq8,bat_score>0,0,1
15dbk6h,bat_score>0,0,1
15dg1gd,bat_score>0,0,1
15dn503,bat_score>0,0,1
15dn13d,bat_score>0,0,1
15dnfbw,bat_score>0,0,1
15e9jek,bat_score>0,0,1
15ejtyw,bat_score>0,0,1
15eo2qn,bat_score>0,0,1
15ezjlv,bat_score>0,0,1
15f7qgj,bat_score>0,0,1
15faecy,bat_score>0,0,1
15fcs3c,bat_score>0,0,1
15ff57p,bat_score>0,0,1
15foteg,bat_score>0,0,1
15flyzz,bat_score>0,0,1
15fwohf,bat_score>0,0,1
15g67ke,bat_score>0,0,1
15gdbxr,bat_score>0,0,1
15gsn4g,bat_score>0,0,1
15h0u3l,bat_score>0,0,1
15h29tp,bat_score>0,0,1
15h7duk,bat_score>0,0,1
15hdcql,bat_score>0,0,1
15hsdwn,bat_score>0,0,1
15hrgwv,bat_score>0,0,1
15hsr0c,bat_score>0,0,1
15hu3in,bat_score>0,0,1
15hz4si,bat_score>0,0,1
15ijp01,bat_score>0,0,1
15ixs71,bat_score>0,0,1
15jlkd6,bat_score>0,0,1
15jr2bm,bat_score>0,0,1
15jtccm,bat_score>0,0,1
15klp68,bat_score>0,0,1
15klk5w,bat_score>0,0,1
15kwc98,bat_score>0,0,1
15lflu5,bat_score>0,0,1
15ln1zy,bat_score>0,0,1
15los64,bat_score>0,0,1
15lo13b,bat_score>0,0,1
15lqvzg,bat_score>0,0,1
15m4z2f,bat_score>0,0,1
15mdtsf,bat_score>0,0,1
15mbhhj,bat_score>0,0,1
15mej7v,bat_score>0,0,1
15mn7q2,bat_score>0,0,1
15mp804,bat_score>0,0,1
15mwn8y,bat_score>0,0,1
15n5isc,bat_score>0,0,1
15ne6ky,bat_score>0,0,1
15neo32,bat_score>0,0,1
15nid37,bat_score>0,0,1
15nsok1,bat_score>0,0,1
15nuhmk,bat_score>0,0,1
15o3c6w,bat_score>0,0,1
15nzlc1,bat_score>0,0,1
15oaqkf,bat_score>0,0,1
15ogwqd,bat_score>0,0,1
15on2ib,bat_score>0,0,1
15oqu3t,bat_score>0,0,1
15osahw,bat_score>0,0,1
15os94a,bat_score>0,0,1
15pb6mn,bat_score>0,0,1
15q89gk,bat_score>0,0,1
15qzrgr,bat_score>0,0,1
15r192i,bat_score>0,0,1
15rnjq0,bat_score>0,0,1
15s0eb9,bat_score>0,0,1
15sqiwf,bat_score>0,0,1
15t5c8i,bat_score>0,0,1
15ta8pz,bat_score>0,0,1
15tgecc,bat_score>0,0,1
15tkv8l,bat_score>0,0,1
15tq1st,bat_score>0,0,1
15tsn6y,bat_score>0,0,1
15tuhgk,bat_score>0,0,1
15txr5a,bat_score>0,0,1
15u3hgz,bat_score>0,0,1
15udk7r,bat_score>0,0,1
15ukutq,bat_score>0,0,1
15umphl,bat_score>0,0,1
15up57g,bat_score>0,0,1
15uq293,bat_score>0,0,1
15urcim,bat_score>0,0,1
15uzp3q,bat_score>0,0,1
15uuu8d,bat_score>0,0,1
15vblsn,bat_score>0,0,1
15viai2,bat_score>0,0,1
15vk9r1,bat_score>0,0,1
15vmgg6,bat_score>0,0,1
15vouk2,bat_score>0,0,1
15wbszf,bat_score>0,0,1
15wdh3i,bat_score>0,0,1
15wjokw,bat_score>0,0,1
15wl1ub,bat_score>0,0,1
15wpk8e,bat_score>0,0,1
15wqggk,bat_score>0,0,1
15x9z2h,bat_score>0,0,1
15xihx5,bat_score>0,0,1
15y2ajt,bat_score>0,0,1
15y4pa2,bat_score>0,0,1
15y7s0g,bat_score>0,0,1
15yhlif,bat_score>0,0,1
15ynni0,bat_score>0,0,1
15yxsxf,bat_score>0,0,1
15z3k6c,bat_score>0,0,1
15z8ms0,bat_score>0,0,1
15zb9ql,bat_score>0,0,1
15zc12a,bat_score>0,0,1
15zdfok,bat_score>0,0,1
15zchhz,bat_score>0,0,1
15zdfp3,bat_score>0,0,1
15zfwyd,bat_score>0,0,1
15zhkz6,bat_score>0,0,1
15zjmrm,bat_score>0,0,1
16047ae,bat_score>0,0,1
1608suy,bat_score>0,0,1
160brm4,bat_score>0,0,1
160ctxh,bat_score>0,0,1
160yrt6,bat_score>0,0,1
1616cxa,bat_score>0,0,1
162tq0n,bat_score>0,0,1
162t78h,bat_score>0,0,1
162xfs5,bat_score>0,0,1
1638niu,bat_score>0,0,1
163nw86,bat_score>0,0,1
163oc01,bat_score>0,0,1
163pkeb,bat_score>0,0,1
164ldjv,bat_score>0,0,1
164k59x,bat_score>0,0,1
164o2z0,bat_score>0,0,1
164wqvl,bat_score>0,0,1
16529xy,bat_score>0,0,1
1653gbm,bat_score>0,0,1
1659ylz,bat_score>0,0,1
165ekf3,bat_score>0,0,1
165ewqq,bat_score>0,0,1
165kt42,bat_score>0,0,1
165n20o,bat_score>0,0,1
165rlue,bat_score>0,0,1
165rf1k,bat_score>0,0,1
1662g7a,bat_score>0,0,1
1663f38,bat_score>0,0,1
1666eud,bat_score>0,0,1
1664yif,bat_score>0,0,1
166aykk,bat_score>0,0,1
166g3ws,bat_score>0,0,1
166gb9s,bat_score>0,0,1
166kpz8,bat_score>0,0,1
166uk0p,bat_score>0,0,1
166x7fv,bat_score>0,0,1
1679gyb,bat_score>0,0,1
1679u7u,bat_score>0,0,1
167b19m,bat_score>0,0,1
167b43m,bat_score>0,0,1
167hmyn,bat_score>0,0,1
167ijtd,bat_score>0,0,1
167kt9z,bat_score>0,0,1
168wv51,bat_score>0,0,1
169200g,bat_score>0,0,1
169keza,bat_score>0,0,1
16a0iwm,bat_score>0,0,1
16a6s5k,bat_score>0,0,1
16b2lie,bat_score>0,0,1
16bb25p,bat_score>0,0,1
16bkr0p,bat_score>0,0,1
16bkjb8,bat_score>0,0,1
16bm3l5,bat_score>0,0,1
16boolv,bat_score>0,0,1
16brwc2,bat_score>0,0,1
16bzso6,bat_score>0,0,1
16cbz9x,bat_score>0,0,1
16ce1xz,bat_score>0,0,1
16chmxk,bat_score>0,0,1
16cik4i,bat_score>0,0,1
16cllt4,bat_score>0,0,1
16cslmn,bat_score>0,0,1
16cxke9,bat_score>0,0,1
16derqd,bat_score>0,0,1
16dibde,bat_score>0,0,1
16djwtn,bat_score>0,0,1
16dl4il,bat_score>0,0,1
16e0v8q,bat_score>0,0,1
16f4a0t,bat_score>0,0,1
16f4a0f,bat_score>0,0,1
16fj5k0,bat_score>0,0,1
16g3gtx,bat_score>0,0,1
16g7yrp,bat_score>0,0,1
16g7hnu,bat_score>0,0,1
16ganw3,bat_score>0,0,1
16ghv09,bat_score>0,0,1
16ggzdj,bat_score>0,0,1
16grxrn,bat_score>0,0,1
16hmwvp,bat_score>0,0,1
16hn8f3,bat_score>0,0,1
16huevz,bat_score>0,0,1
16ihu32,bat_score>0,0,1
16il0pr,bat_score>0,0,1
16ilavq,bat_score>0,0,1
16ilbkq,bat_score>0,0,1
16ipxlu,bat_score>0,0,1
16irus6,bat_score>0,0,1
16itg5a,bat_score>0,0,1
16j6cid,bat_score>0,0,1
16j9xy8,bat_score>0,0,1
16jde4s,bat_score>0,0,1
16je9l4,bat_score>0,0,1
16js27s,bat_score>0,0,1
16ju7bh,bat_score>0,0,1
16jukd0,bat_score>0,0,1
16jxvqt,bat_score>0,0,1
16kaim5,bat_score>0,0,1
16kehqh,bat_score>0,0,1
16kmu53,bat_score>0,0,1
16kv9yz,bat_score>0,0,1
16l5wgg,bat_score>0,0,1
16l81xf,bat_score>0,0,1
16lkiyi,bat_score>0,0,1
16lqo7s,bat_score>0,0,1
16m26f1,bat_score>0,0,1
16mcme2,bat_score>0,0,1
16mfr8h,bat_score>0,0,1
16mr2f6,bat_score>0,0,1
16n9jw1,bat_score>0,0,1
16naoy8,bat_score>0,0,1
16nm28p,bat_score>0,0,1
16oi4f2,bat_score>0,0,1
16op1i9,bat_score>0,0,1
16oq00f,bat_score>0,0,1
16oq2pz,bat_score>0,0,1
16ovihd,bat_score>0,0,1
16oz13m,bat_score>0,0,1
16p9hbb,bat_score>0,0,1
16pdeei,bat_score>0,0,1
16pku8r,bat_score>0,0,1
16pvxf2,bat_score>0,0,1
16q1gq0,bat_score>0,0,1
16r2r67,bat_score>0,0,1
16rdyoh,bat_score>0,0,1
16rtxn0,bat_score>0,0,1
16ry1vg,bat_score>0,0,1
16s38yj,bat_score>0,0,1
16s6g5y,bat_score>0,0,1
16smub7,bat_score>0,0,1
16smcq6,bat_score>0,0,1
16sprlu,bat_score>0,0,1
16sqg50,bat_score>0,0,1
16srnoq,bat_score>0,0,1
16tuzi1,bat_score>0,0,1
16u2cpv,bat_score>0,0,1
16u62fu,bat_score>0,0,1
16uezcm,bat_score>0,0,1
16uh618,bat_score>0,0,1
16uha32,bat_score>0,0,1
16umr5e,bat_score>0,0,1
16v1krw,bat_score>0,0,1
16vb1dx,bat_score>0,0,1
16vaf2h,bat_score>0,0,1
16vhv2b,bat_score>0,0,1
16vdcf8,bat_score>0,0,1
16vk3ut,bat_score>0,0,1
16vmvif,bat_score>0,0,1
16vsoqg,bat_score>0,0,1
16vv3dt,bat_score>0,0,1
16vvnhp,bat_score>0,0,1
16x3dpx,bat_score>0,0,1
16x9j8c,bat_score>0,0,1
16xdeyk,bat_score>0,0,1
16xpwvk,bat_score>0,0,1
16y7s34,bat_score>0,0,1
16y7hdl,bat_score>0,0,1
16y96uu,bat_score>0,0,1
16ysfm8,bat_score>0,0,1
16ysn2p,bat_score>0,0,1
16ytl0l,bat_score>0,0,1
16yte7e,bat_score>0,0,1
16z4pa0,bat_score>0,0,1
16zk94t,bat_score>0,0,1
16zof2j,bat_score>0,0,1
16zq5v8,bat_score>0,0,1
16zwly0,bat_score>0,0,1
17048t7,bat_score>0,0,1
1704dtw,bat_score>0,0,1
170m3qa,bat_score>0,0,1
170lnol,bat_score>0,0,1
170mtwe,bat_score>0,0,1
170ldls,bat_score>0,0,1
170ra44,bat_score>0,0,1
170ytcj,bat_score>0,0,1
171odjk,bat_score>0,0,1
171of4u,bat_score>0,0,1
171x8sz,bat_score>0,0,1
1726f47,bat_score>0,0,1
171vzum,bat_score>0,0,1
172s58k,bat_score>0,0,1
1731yy5,bat_score>0,0,1
173b8q6,bat_score>0,0,1
173fbm4,bat_score>0,0,1
173i8kr,bat_score>0,0,1
173pf2x,bat_score>0,0,1
173w9ib,bat_score>0,0,1
173xh94,bat_score>0,0,1
173zdb3,bat_score>0,0,1
174088c,bat_score>0,0,1
17468lp,bat_score>0,0,1
1744mvt,bat_score>0,0,1
174aoes,bat_score>0,0,1
174h6bv,bat_score>0,0,1
174ph1p,bat_score>0,0,1
174zzd8,bat_score>0,0,1
175sbud,bat_score>0,0,1
1766xsx,bat_score>0,0,1
176br8f,bat_score>0,0,1
176egqh,bat_score>0,0,1
176kq7d,bat_score>0,0,1
176riy3,bat_score>0,0,1
1789ini,bat_score>0,0,1
178cyj0,bat_score>0,0,1
17977b2,bat_score>0,0,1
1799h64,bat_score>0,0,1
1799tsc,bat_score>0,0,1
179n3t1,bat_score>0,0,1
179jqn5,bat_score>0,0,1
17a1vdb,bat_score>0,0,1
17aan5h,bat_score>0,0,1
17ab4ln,bat_score>0,0,1
17an4ne,bat_score>0,0,1
17ao2r3,bat_score>0,0,1
17arsio,bat_score>0,0,1
17arp4h,bat_score>0,0,1
17aryqr,bat_score>0,0,1
17axphl,bat_score>0,0,1
17ayf8u,bat_score>0,0,1
17az4kv,bat_score>0,0,1
17b5gnb,bat_score>0,0,1
17bh0em,bat_score>0,0,1
17bjrew,bat_score>0,0,1
17c113q,bat_score>0,0,1
17c1uye,bat_score>0,0,1
17cbq3j,bat_score>0,0,1
17ce7uj,bat_score>0,0,1
17cgaqx,bat_score>0,0,1
17cfpck,bat_score>0,0,1
17cnqlm,bat_score>0,0,1
17e6mmb,bat_score>0,0,1
17ejbpx,bat_score>0,0,1
17ekzv7,bat_score>0,0,1
17ekkxv,bat_score>0,0,1
17ewdlb,bat_score>0,0,1
17eyegk,bat_score>0,0,1
17f1uzk,bat_score>0,0,1
17f542a,bat_score>0,0,1
17fdq49,bat_score>0,0,1
17fh3u6,bat_score>0,0,1
17fr281,bat_score>0,0,1
17fnr46,bat_score>0,0,1
17fsv96,bat_score>0,0,1
17fy3sw,bat_score>0,0,1
17fzwgr,bat_score>0,0,1
17g3sth,bat_score>0,0,1
17g6e7x,bat_score>0,0,1
17gahr7,bat_score>0,0,1
17gekow,bat_score>0,0,1
17giiz9,bat_score>0,0,1
17gkouj,bat_score>0,0,1
17gjk4k,bat_score>0,0,1
17h0hm4,bat_score>0,0,1
17h6ifq,bat_score>0,0,1
17hae44,bat_score>0,0,1
17h8t7n,bat_score>0,0,1
17hmpks,bat_score>0,0,1
17hr075,bat_score>0,0,1
17hrgy8,bat_score>0,0,1
17hwlue,bat_score>0,0,1
17hwzjg,bat_score>0,0,1
17igr70,bat_score>0,0,1
17jfw5m,bat_score>0,0,1
17jqoil,bat_score>0,0,1
17jmcmn,bat_score>0,0,1
17k0shv,bat_score>0,0,1
17k803v,bat_score>0,0,1
17kazjk,bat_score>0,0,1
17kg6g6,bat_score>0,0,1
17kna6o,bat_score>0,0,1
17kvwgx,bat_score>0,0,1
17kxgyd,bat_score>0,0,1
17l25is,bat_score>0,0,1
17l96g0,bat_score>0,0,1
17lb3cr,bat_score>0,0,1
17lr78y,bat_score>0,0,1
17m4oho,bat_score>0,0,1
17m702j,bat_score>0,0,1
17mbn8r,bat_score>0,0,1
17mgqp5,bat_score>0,0,1
17miz88,bat_score>0,0,1
17mje14,bat_score>0,0,1
17mmyk4,bat_score>0,0,1
17mwx72,bat_score>0,0,1
17mzhoz,bat_score>0,0,1
17mzyq0,bat_score>0,0,1
17n5nrg,bat_score>0,0,1
17ngei1,bat_score>0,0,1
17o2vku,bat_score>0,0,1
17o3xa3,bat_score>0,0,1
17o6hv0,bat_score>0,0,1
17ob3p6,bat_score>0,0,1
17p13mh,bat_score>0,0,1
17oz9fb,bat_score>0,0,1
17p4360,bat_score>0,0,1
17pa7t7,bat_score>0,0,1
17pds8f,bat_score>0,0,1
17pfl03,bat_score>0,0,1
17pnnnh,bat_score>0,0,1
17pxz60,bat_score>0,0,1
17pwo75,bat_score>0,0,1
17py31s,bat_score>0,0,1
17pz2rw,bat_score>0,0,1
17q45ed,bat_score>0,0,1
17q89wi,bat_score>0,0,1
17qfbqk,bat_score>0,0,1
17qtzij,bat_score>0,0,1
17qut6b,bat_score>0,0,1
17qvh7k,bat_score>0,0,1
17r5w8r,bat_score>0,0,1
17r77mz,bat_score>0,0,1
17rb44d,bat_score>0,0,1
17rq3dk,bat_score>0,0,1
17s22xo,bat_score>0,0,1
17s63y9,bat_score>0,0,1
17s8jht,bat_score>0,0,1
17tjn1p,bat_score>0,0,1
17u1xyf,bat_score>0,0,1
17ud6ad,bat_score>0,0,1
17v1l4d,bat_score>0,0,1
17uznuz,bat_score>0,0,1
17v1osf,bat_score>0,0,1
17vauen,bat_score>0,0,1
17vhqnc,bat_score>0,0,1
17vv4w8,bat_score>0,0,1
17wjo64,bat_score>0,0,1
17wjp4l,bat_score>0,0,1
17wvfw3,bat_score>0,0,1
17wzc0e,bat_score>0,0,1
17x1nk9,bat_score>0,0,1
17x842e,bat_score>0,0,1
17xb90l,bat_score>0,0,1
17xgq0q,bat_score>0,0,1
17xhv72,bat_score>0,0,1
17xlwg6,bat_score>0,0,1
17xs47j,bat_score>0,0,1
17xzd01,bat_score>0,0,1
17yansg,bat_score>0,0,1
17yhg38,bat_score>0,0,1
17yoy55,bat_score>0,0,1
17yok9p,bat_score>0,0,1
17yznwq,bat_score>0,0,1
17zlp1e,bat_score>0,0,1
17zq32o,bat_score>0,0,1
17zvmri,bat_score>0,0,1
17zusk2,bat_score>0,0,1
180hjy2,bat_score>0,0,1
180mk5f,bat_score>0,0,1
180vyd9,bat_score>0,0,1
18101e5,bat_score>0,0,1
181b2hc,bat_score>0,0,1
181eg56,bat_score>0,0,1
181ghah,bat_score>0,0,1
182arj3,bat_score>0,0,1
182ginu,bat_score>0,0,1
182qb8x,bat_score>0,0,1
182xzho,bat_score>0,0,1
1831def,bat_score>0,0,1
1836z0s,bat_score>0,0,1
183l1mg,bat_score>0,0,1
183m1ug,bat_score>0,0,1
183tgu0,bat_score>0,0,1
183nqby,bat_score>0,0,1
185d8l1,bat_score>0,0,1
1862fuy,bat_score>0,0,1
18649dl,bat_score>0,0,1
1869fy2,bat_score>0,0,1
1879pkp,bat_score>0,0,1
187aw0t,bat_score>0,0,1
187ewjz,bat_score>0,0,1
187t7sq,bat_score>0,0,1
187xbqz,bat_score>0,0,1
187zurh,bat_score>0,0,1
188cte6,bat_score>0,0,1
188grvg,bat_score>0,0,1
188vtz8,bat_score>0,0,1
188ztbu,bat_score>0,0,1
18914or,bat_score>0,0,1
189ia8b,bat_score>0,0,1
18al7cs,bat_score>0,0,1
18bf581,bat_score>0,0,1
18c3vtt,bat_score>0,0,1
18cez23,bat_score>0,0,1
18ch64x,bat_score>0,0,1
18cq5rg,bat_score>0,0,1
18cx9tg,bat_score>0,0,1
18d60zn,bat_score>0,0,1
18d63a3,bat_score>0,0,1
18dgjwp,bat_score>0,0,1
18dnxzq,bat_score>0,0,1
18dq96d,bat_score>0,0,1
18drqq4,bat_score>0,0,1
18dtpib,bat_score>0,0,1
18ejcwl,bat_score>0,0,1
18fvp0m,bat_score>0,0,1
18g1m8u,bat_score>0,0,1
18g3b7s,bat_score>0,0,1
18gc8ax,bat_score>0,0,1
18gohor,bat_score>0,0,1
18gp1ff,bat_score>0,0,1
18gq3hj,bat_score>0,0,1
18h58z6,bat_score>0,0,1
18h6oy5,bat_score>0,0,1
18hav1b,bat_score>0,0,1
18hhgbm,bat_score>0,0,1
18hjy9c,bat_score>0,0,1
18hol0o,bat_score>0,0,1
18hryon,bat_score>0,0,1
18i9jhp,bat_score>0,0,1
18i9rfe,bat_score>0,0,1
18ifgxg,bat_score>0,0,1
18ink3c,bat_score>0,0,1
18iplgk,bat_score>0,0,1
18j4qdx,bat_score>0,0,1
18jberp,bat_score>0,0,1
18jvfj9,bat_score>0,0,1
18k9wgz,bat_score>0,0,1
18l0vyf,bat_score>0,0,1
18lbrml,bat_score>0,0,1
18labgj,bat_score>0,0,1
18ldn2k,bat_score>0,0,1
18ler62,bat_score>0,0,1
18m5gk9,bat_score>0,0,1
18mdv9u,bat_score>0,0,1
18mj2ts,bat_score>0,0,1
18mtebn,bat_score>0,0,1
18mtznt,bat_score>0,0,1
18mvvqp,bat_score>0,0,1
18mv49a,bat_score>0,0,1
18napy9,bat_score>0,0,1
18nct8t,bat_score>0,0,1
18nfxmo,bat_score>0,0,1
18nlljc,bat_score>0,0,1
18nozy0,bat_score>0,0,1
18ntd76,bat_score>0,0,1
18nx68b,bat_score>0,0,1
18o1d50,bat_score>0,0,1
18o1hmq,bat_score>0,0,1
18o2tei,bat_score>0,0,1
18o63ib,bat_score>0,0,1
18ouh7m,bat_score>0,0,1
18p67f0,bat_score>0,0,1
18pbhkc,bat_score>0,0,1
18qep8c,bat_score>0,0,1
18qhbam,bat_score>0,0,1
18qy3jh,bat_score>0,0,1
18rdb2a,bat_score>0,0,1
18re96w,bat_score>0,0,1
18rjsko,bat_score>0,0,1
18s3fos,bat_score>0,0,1
18s39v9,bat_score>0,0,1
18sfbcc,bat_score>0,0,1
18spu1y,bat_score>0,0,1
18sqmgl,bat_score>0,0,1
18sr1uc,bat_score>0,0,1
18t1k12,bat_score>0,0,1
18toduw,bat_score>0,0,1
18ubc0k,bat_score>0,0,1
18umrmc,bat_score>0,0,1
18vm10v,bat_score>0,0,1
18wf946,bat_score>0,0,1
18wye16,bat_score>0,0,1
18x8awo,bat_score>0,0,1
18x7793,bat_score>0,0,1
18xcsrk,bat_score>0,0,1
18xpcun,bat_score>0,0,1
18xvovh,bat_score>0,0,1
18y11uc,bat_score>0,0,1
18y75qy,bat_score>0,0,1
18yf6ae,bat_score>0,0,1
18yhumf,bat_score>0,0,1
18yl85p,bat_score>0,0,1
18ynppk,bat_score>0,0,1
18ymosn,bat_score>0,0,1
18zdxkk,bat_score>0,0,1
18zioek,bat_score>0,0,1
1914ur6,bat_score>0,0,1
1916pnk,bat_score>0,0,1
191momm,bat_score>0,0,1
191qw9q,bat_score>0,0,1
191tmhr,bat_score>0,0,1
192buzr,bat_score>0,0,1
192enjq,bat_score>0,0,1
192i338,bat_score>0,0,1
192pa8q,bat_score>0,0,1
192pbaq,bat_score>0,0,1
192tzqc,bat_score>0,0,1
193neqj,bat_score>0,0,1
193wqfq,bat_score>0,0,1
194026s,bat_score>0,0,1
1941wwu,bat_score>0,0,1
1945i1x,bat_score>0,0,1
1946sah,bat_score>0,0,1
194h5bx,bat_score>0,0,1
194mep4,bat_score>0,0,1
194yarm,bat_score>0,0,1
194y5bo,bat_score>0,0,1
194xwx2,bat_score>0,0,1
1952zyi,bat_score>0,0,1
195d1as,bat_score>0,0,1
195i9sp,bat_score>0,0,1
195xmlq,bat_score>0,0,1
195xm3b,bat_score>0,0,1
1974yzf,bat_score>0,0,1
197akbm,bat_score>0,0,1
197e70j,bat_score>0,0,1
197n461,bat_score>0,0,1
197o8zn,bat_score>0,0,1
197putu,bat_score>0,0,1
197qknb,bat_score>0,0,1
197okvd,bat_score>0,0,1
1988meg,bat_score>0,0,1
198rhag,bat_score>0,0,1
198u4mv,bat_score>0,0,1
198yn06,bat_score>0,0,1
1992af0,bat_score>0,0,1
19950md,bat_score>0,0,1
199hfxy,bat_score>0,0,1
199liis,bat_score>0,0,1
199qa1o,bat_score>0,0,1
19a10ri,bat_score>0,0,1
19aeycj,bat_score>0,0,1
19anf52,bat_score>0,0,1
19bpvfk,bat_score>0,0,1
19camvn,bat_score>0,0,1
19cbknq,bat_score>0,0,1
19cfb9w,bat_score>0,0,1
19cv2m5,bat_score>0,0,1
19cvprc,bat_score>0,0,1
19cx9ld,bat_score>0,0,1
19cy7jf,bat_score>0,0,1
19d4ed1,bat_score>0,0,1
19d696w,bat_score>0,0,1
19d6gow,bat_score>0,0,1
19d9z1l,bat_score>0,0,1
19e0g4t,bat_score>0,0,1
19e1nj3,bat_score>0,0,1
19e356c,bat_score>0,0,1
19edktq,bat_score>0,0,1
19en1tu,bat_score>0,0,1
19ex0yl,bat_score>0,0,1
19f4gfv,bat_score>0,0,1
19f7k2d,bat_score>0,0,1
19fksak,bat_score>0,0,1
19fncsl,bat_score>0,0,1
1abciuh,bat_score>0,0,1
1ab9lxo,bat_score>0,0,1
1abj9ds,bat_score>0,0,1
1abre6b,bat_score>0,0,1
1abs0k6,bat_score>0,0,1
1ac0j4q,bat_score>0,0,1
1abxdjk,bat_score>0,0,1
1ac3ts0,bat_score>0,0,1
1acdpkn,bat_score>0,0,1
1acxew9,bat_score>0,0,1
1adf1n9,bat_score>0,0,1
1adh7wf,bat_score>0,0,1
1ae3b4q,bat_score>0,0,1
1ae3d2e,bat_score>0,0,1
1ae5oew,bat_score>0,0,1
1ae5yap,bat_score>0,0,1
1ae8t1o,bat_score>0,0,1
1aeiu61,bat_score>0,0,1
1aekmxf,bat_score>0,0,1
1aeq2ax,bat_score>0,0,1
1aerk2h,bat_score>0,0,1
1aeptr1,bat_score>0,0,1
1aevycr,bat_score>0,0,1
1aexhfg,bat_score>0,0,1
1aexrt4,bat_score>0,0,1
1aeyb3v,bat_score>0,0,1
1aexx4f,bat_score>0,0,1
1aezc40,bat_score>0,0,1
1af0qyn,bat_score>0,0,1
1af1gin,bat_score>0,0,1
1aflm2c,bat_score>0,0,1
1afu4pi,bat_score>0,0,1
1afwrls,bat_score>0,0,1
1ag25bm,bat_score>0,0,1
1agj49k,bat_score>0,0,1
1agj068,bat_score>0,0,1
1aglcqn,bat_score>0,0,1
1agna2k,bat_score>0,0,1
1agosjv,bat_score>0,0,1
1agrnss,bat_score>0,0,1
1agttle,bat_score>0,0,1
1agv07c,bat_score>0,0,1
1ah035f,bat_score>0,0,1
1ah6jd7,bat_score>0,0,1
1ahgn42,bat_score>0,0,1
1ahsvj8,bat_score>0,0,1
1ai18wv,bat_score>0,0,1
1aibsxk,bat_score>0,0,1
1aits0v,bat_score>0,0,1
1ajcyy1,bat_score>0,0,1
1ajfw9s,bat_score>0,0,1
1ajjo64,bat_score>0,0,1
1ajlo15,bat_score>0,0,1
1ajt31w,bat_score>0,0,1
1ajx648,bat_score>0,0,1
1ak380y,bat_score>0,0,1
1ak933q,bat_score>0,0,1
1akgbco,bat_score>0,0,1
1akf6km,bat_score>0,0,1
1akjv6y,bat_score>0,0,1
1akss6t,bat_score>0,0,1
1akz46k,bat_score>0,0,1
1al3xt0,bat_score>0,0,1
1al58wz,bat_score>0,0,1
1al4ycf,bat_score>0,0,1
1al91k1,bat_score>0,0,1
1alb04r,bat_score>0,0,1
1alejy1,bat_score>0,0,1
1alduu0,bat_score>0,0,1
1alfoau,bat_score>0,0,1
1alfynn,bat_score>0,0,1
1alrouf,bat_score>0,0,1
1alwlqw,bat_score>0,0,1
1alywrv,bat_score>0,0,1
1am1w4h,bat_score>0,0,1
1am1trr,bat_score>0,0,1
1am3lzi,bat_score>0,0,1
1amdnzl,bat_score>0,0,1
1amvg2k,bat_score>0,0,1
1an3o6n,bat_score>0,0,1
1angl5y,bat_score>0,0,1
1angobm,bat_score>0,0,1
1ao3471,bat_score>0,0,1
1aod5ta,bat_score>0,0,1
1aosynr,bat_score>0,0,1
1aovnhu,bat_score>0,0,1
1ap344h,bat_score>0,0,1
1ap3ne5,bat_score>0,0,1
1apngw9,bat_score>0,0,1
1apou53,bat_score>0,0,1
1aprq2e,bat_score>0,0,1
1aq1hi3,bat_score>0,0,1
1aq802x,bat_score>0,0,1
1aqd7ri,bat_score>0,0,1
1aqf0fq,bat_score>0,0,1
1aqqath,bat_score>0,0,1
1aqqzay,bat_score>0,0,1
1aqxk51,bat_score>0,0,1
1aqzqwy,bat_score>0,0,1
1ar0k9i,bat_score>0,0,1
1ar5gz6,bat_score>0,0,1
1ar9g2d,bat_score>0,0,1
1ar9cup,bat_score>0,0,1
1ard27e,bat_score>0,0,1
1aricav,bat_score>0,0,1
1arkp07,bat_score>0,0,1
1arm4ma,bat_score>0,0,1
1arpkk4,bat_score>0,0,1
1ary9yt,bat_score>0,0,1
1as2649,bat_score>0,0,1
1as5azu,bat_score>0,0,1
1asapih,bat_score>0,0,1
1asciaw,bat_score>0,0,1
1asgbk2,bat_score>0,0,1
1asgsej,bat_score>0,0,1
1asksa2,bat_score>0,0,1
1asjbro,bat_score>0,0,1
1asvx4e,bat_score>0,0,1
1atev0f,bat_score>0,0,1
1athvos,bat_score>0,0,1
1aubyi0,bat_score>0,0,1
1auilpt,bat_score>0,0,1
1auo82u,bat_score>0,0,1
1aum2w5,bat_score>0,0,1
1auyp5i,bat_score>0,0,1
1auylb2,bat_score>0,0,1
1av0jcp,bat_score>0,0,1
1avd44s,bat_score>0,0,1
1avea9f,bat_score>0,0,1
1avsw8r,bat_score>0,0,1
1aw7v0c,bat_score>0,0,1
1aw8twf,bat_score>0,0,1
1awf7us,bat_score>0,0,1
1awf290,bat_score>0,0,1
1awt0bc,bat_score>0,0,1
1ax8b8c,bat_score>0,0,1
1ax9nv5,bat_score>0,0,1
1axgbrs,bat_score>0,0,1
1axhtdk,bat_score>0,0,1
1axjuaq,bat_score>0,0,1
1axl1k6,bat_score>0,0,1
1ay2chk,bat_score>0,0,1
1ay3vgx,bat_score>0,0,1
1ay5jcb,bat_score>0,0,1
1aycsi2,bat_score>0,0,1
1ayddqj,bat_score>0,0,1
1ayhrj8,bat_score>0,0,1
1ayoefm,bat_score>0,0,1
1ayrdwt,bat_score>0,0,1
1ayurte,bat_score>0,0,1
1az1w7w,bat_score>0,0,1
1azr5w5,bat_score>0,0,1
1b04uu2,bat_score>0,0,1
1b0c14s,bat_score>0,0,1
1b0gje6,bat_score>0,0,1
1b0iluq,bat_score>0,0,1
1b0kfa4,bat_score>0,0,1
1b0ur2u,bat_score>0,0,1
1b0w0sg,bat_score>0,0,1
1b0xqoc,bat_score>0,0,1
1b0zo5y,bat_score>0,0,1
1b12syq,bat_score>0,0,1
1b14eap,bat_score>0,0,1
1b1836e,bat_score>0,0,1
1b1dlct,bat_score>0,0,1
1b1jqck,bat_score>0,0,1
1b1i46t,bat_score>0,0,1
1b2bkv3,bat_score>0,0,1
1b2f8i5,bat_score>0,0,1
1b2hq6h,bat_score>0,0,1
1b30nia,bat_score>0,0,1
1b31psl,bat_score>0,0,1
1b3534d,bat_score>0,0,1
1b3fovu,bat_score>0,0,1
1b3rfnh,bat_score>0,0,1
1b3wdfh,bat_score>0,0,1
1b3yowv,bat_score>0,0,1
1b4633d,bat_score>0,0,1
1b469kh,bat_score>0,0,1
1b48bhj,bat_score>0,0,1
1b46ccq,bat_score>0,0,1
1b48xa0,bat_score>0,0,1
1b4wkjb,bat_score>0,0,1
1b4xl8j,bat_score>0,0,1
1b5181e,bat_score>0,0,1
1b5cl0o,bat_score>0,0,1
1b56zzo,bat_score>0,0,1
1b63fki,bat_score>0,0,1
1b6ao3n,bat_score>0,0,1
1b6g9qg,bat_score>0,0,1
1b6ll6m,bat_score>0,0,1
1b6gdki,bat_score>0,0,1
1b6vool,bat_score>0,0,1
1b757a8,bat_score>0,0,1
1b77z91,bat_score>0,0,1
1b78ppi,bat_score>0,0,1
1b7b9ik,bat_score>0,0,1
1b7cnma,bat_score>0,0,1
1b7csvq,bat_score>0,0,1
1b7gwfi,bat_score>0,0,1
1b7krrm,bat_score>0,0,1
1b7m7zo,bat_score>0,0,1
1b7uwii,bat_score>0,0,1
1b7uxi3,bat_score>0,0,1
1b7v7s8,bat_score>0,0,1
1b8acf0,bat_score>0,0,1
1b8de04,bat_score>0,0,1
1b8o7li,bat_score>0,0,1
1b8xi4z,bat_score>0,0,1
1b910xx,bat_score>0,0,1
1b97fnm,bat_score>0,0,1
1b98p6k,bat_score>0,0,1
1b9f0zu,bat_score>0,0,1
1ba1sao,bat_score>0,0,1
1bagj7o,bat_score>0,0,1
1bbfq6s,bat_score>0,0,1
1bbhcc1,bat_score>0,0,1
1bbucw6,bat_score>0,0,1
1bc16op,bat_score>0,0,1
1bc8yzu,bat_score>0,0,1
1bcdkgw,bat_score>0,0,1
1bcehzh,bat_score>0,0,1
1bdgcpx,bat_score>0,0,1
1bdhdh3,bat_score>0,0,1
1bdh1y9,bat_score>0,0,1
1bdo46w,bat_score>0,0,1
1bdqe80,bat_score>0,0,1
1bdrrf3,bat_score>0,0,1
1bdsf0l,bat_score>0,0,1
1bdt9uh,bat_score>0,0,1
1bdus15,bat_score>0,0,1
1be2fc0,bat_score>0,0,1
1bem6zy,bat_score>0,0,1
1beqg5o,bat_score>0,0,1
1bexd8y,bat_score>0,0,1
1bf2d7y,bat_score>0,0,1
1bf5bdj,bat_score>0,0,1
1bf9g6h,bat_score>0,0,1
1bfbesa,bat_score>0,0,1
1bfb2no,bat_score>0,0,1
1bfbpv6,bat_score>0,0,1
1bfibd8,bat_score>0,0,1
1bfje7w,bat_score>0,0,1
1bfkqni,bat_score>0,0,1
1bfnsyg,bat_score>0,0,1
1bfn72r,bat_score>0,0,1
1bg12nv,bat_score>0,0,1
1bgeb6g,bat_score>0,0,1
1bgs2o0,bat_score>0,0,1
1bggv0l,bat_score>0,0,1
1bhpz1m,bat_score>0,0,1
1bhquke,bat_score>0,0,1
1bhudfb,bat_score>0,0,1
1bhvzuc,bat_score>0,0,1
1bhxufm,bat_score>0,0,1
1bi65d8,bat_score>0,0,1
1bih4um,bat_score>0,0,1
1bim98z,bat_score>0,0,1
1bisye3,bat_score>0,0,1
1biws49,bat_score>0,0,1
1bj5k0v,bat_score>0,0,1
1bj8uvh,bat_score>0,0,1
1bjdt8y,bat_score>0,0,1
1bje2x6,bat_score>0,0,1
1bjfjoa,bat_score>0,0,1
1bjgw1a,bat_score>0,0,1
1bjgjop,bat_score>0,0,1
1bjp00k,bat_score>0,0,1
1bjw3sl,bat_score>0,0,1
1bk1we6,bat_score>0,0,1
1bk7jig,bat_score>0,0,1
1bkgbzl,bat_score>0,0,1
1bkjog3,bat_score>0,0,1
1bkyk2g,bat_score>0,0,1
1bkyztr,bat_score>0,0,1
1bl1js0,bat_score>0,0,1
1bl30n4,bat_score>0,0,1
1bl4gxo,bat_score>0,0,1
1blhse9,bat_score>0,0,1
1blvf9l,bat_score>0,0,1
1bm2lse,bat_score>0,0,1
1bm8dii,bat_score>0,0,1
1bm90u1,bat_score>0,0,1
1bmedsk,bat_score>0,0,1
1bnce3m,bat_score>0,0,1
1bnbu7k,bat_score>0,0,1
1bnfh6y,bat_score>0,0,1
1bnh4k8,bat_score>0,0,1
1bnknle,bat_score>0,0,1
1bnlgnn,bat_score>0,0,1
1bnnvmn,bat_score>0,0,1
1bnqedc,bat_score>0,0,1
1bobq1z,bat_score>0,0,1
1bofkud,bat_score>0,0,1
1bofrmg,bat_score>0,0,1
1bomazm,bat_score>0,0,1
1boomrz,bat_score>0,0,1
1boqnqg,bat_score>0,0,1
1bowupc,bat_score>0,0,1
1bp28ey,bat_score>0,0,1
1bp9vss,bat_score>0,0,1
1bpabgj,bat_score>0,0,1
1bp9czf,bat_score>0,0,1
1bpavdo,bat_score>0,0,1
1bpulq3,bat_score>0,0,1
1bpxw8r,bat_score>0,0,1
1bpz98x,bat_score>0,0,1
1bpyzc4,bat_score>0,0,1
1bq2ijh,bat_score>0,0,1
1bq2rlr,bat_score>0,0,1
1bqeori,bat_score>0,0,1
1bqsi3z,bat_score>0,0,1
1bregzk,bat_score>0,0,1
1brkjwp,bat_score>0,0,1
1bsil2n,bat_score>0,0,1
1bt44w7,bat_score>0,0,1
1bt878q,bat_score>0,0,1
1btgg9h,bat_score>0,0,1
1btvo3n,bat_score>0,0,1
1btz8m7,bat_score>0,0,1
1bu1fz9,bat_score>0,0,1
1bu3fq2,bat_score>0,0,1
1bu2tb9,bat_score>0,0,1
1bu7ah0,bat_score>0,0,1
1bud11q,bat_score>0,0,1
1buhgo9,bat_score>0,0,1
1budymc,bat_score>0,0,1
1bupunz,bat_score>0,0,1
1bupzlz,bat_score>0,0,1
1busqux,bat_score>0,0,1
1buu7re,bat_score>0,0,1
1bus1z5,bat_score>0,0,1
1buv4m4,bat_score>0,0,1
1buv771,bat_score>0,0,1
1buwe9k,bat_score>0,0,1
1bv05s2,bat_score>0,0,1
1buz7uk,bat_score>0,0,1
1bv3fq9,bat_score>0,0,1
1bvblu0,bat_score>0,0,1
1bvp8zg,bat_score>0,0,1
1bvpl7z,bat_score>0,0,1
1bvs8e8,bat_score>0,0,1
1bvu0nf,bat_score>0,0,1
1bvu7s1,bat_score>0,0,1
1bvxr15,bat_score>0,0,1
1bw9jbn,bat_score>0,0,1
1bwk74n,bat_score>0,0,1
1bwxftz,bat_score>0,0,1
1bwscu4,bat_score>0,0,1
1bx0z8a,bat_score>0,0,1
1bx61x7,bat_score>0,0,1
1bxludz,bat_score>0,0,1
1bxxb8x,bat_score>0,0,1
1by2nck,bat_score>0,0,1
1byb2wm,bat_score>0,0,1
1bydvtg,bat_score>0,0,1
1byp7id,bat_score>0,0,1
1bz103i,bat_score>0,0,1
1bzemvb,bat_score>0,0,1
1bzsqew,bat_score>0,0,1
1bzuso1,bat_score>0,0,1
1bzvpuh,bat_score>0,0,1
1bzx6js,bat_score>0,0,1
1c0jbke,bat_score>0,0,1
1c0k7ts,bat_score>0,0,1
1c0jy3w,bat_score>0,0,1
1c0nwxr,bat_score>0,0,1
1c0tv1l,bat_score>0,0,1
1c0t8gz,bat_score>0,0,1
1c0w40r,bat_score>0,0,1
1c0x3nv,bat_score>0,0,1
1c110xt,bat_score>0,0,1
1c0z5vy,bat_score>0,0,1
1c1831n,bat_score>0,0,1
1c1cbno,bat_score>0,0,1
1c1cule,bat_score>0,0,1
1c1ey61,bat_score>0,0,1
1c1foz4,bat_score>0,0,1
1c1jpqt,bat_score>0,0,1
1c1h7fm,bat_score>0,0,1
1c1lbrz,bat_score>0,0,1
1c1zevf,bat_score>0,0,1
1c24iv5,bat_score>0,0,1
1c2ared,bat_score>0,0,1
1c2k54f,bat_score>0,0,1
1c2vx3c,bat_score>0,0,1
1c2zozm,bat_score>0,0,1
1c30v8u,bat_score>0,0,1
1c2zky3,bat_score>0,0,1
1c31ibp,bat_score>0,0,1
1c4j4q4,bat_score>0,0,1
1c4lmmh,bat_score>0,0,1
1c4pwkm,bat_score>0,0,1
1c4uhrc,bat_score>0,0,1
1c5hr58,bat_score>0,0,1
1c5k43d,bat_score>0,0,1
1c5yb2o,bat_score>0,0,1
1c6e7ve,bat_score>0,0,1
1c6e44y,bat_score>0,0,1
1c6k1gs,bat_score>0,0,1
1c6likb,bat_score>0,0,1
1c6onf5,bat_score>0,0,1
1c6t8p8,bat_score>0,0,1
1c6t8tk,bat_score>0,0,1
1c76i6l,bat_score>0,0,1
1c7apgr,bat_score>0,0,1
1c7c5gb,bat_score>0,0,1
1c7hbau,bat_score>0,0,1
1c7uoqu,bat_score>0,0,1
1c7wbvy,bat_score>0,0,1
1c7ynsz,bat_score>0,0,1
1c7y7wj,bat_score>0,0,1
1c88kba,bat_score>0,0,1
1c8svm0,bat_score>0,0,1
1c8ptrn,bat_score>0,0,1
1c8uxbi,bat_score>0,0,1
1c9ohxd,bat_score>0,0,1
1c9xk3k,bat_score>0,0,1
1caa72c,bat_score>0,0,1
1cabip1,bat_score>0,0,1
1cagwhu,bat_score>0,0,1
1cajd7i,bat_score>0,0,1
1cb1qo0,bat_score>0,0,1
1cb1885,bat_score>0,0,1
1cb47sv,bat_score>0,0,1
1cb47zg,bat_score>0,0,1
1cb6t0r,bat_score>0,0,1
1cb7f2s,bat_score>0,0,1
1cb9ahr,bat_score>0,0,1
1cbkvv8,bat_score>0,0,1
1cbyyha,bat_score>0,0,1
1cc42ey,bat_score>0,0,1
1cc3u78,bat_score>0,0,1
1ccuice,bat_score>0,0,1
1cd0051,bat_score>0,0,1
1cd0f83,bat_score>0,0,1
1cd9qv3,bat_score>0,0,1
1cdlkwm,bat_score>0,0,1
1cdp36o,bat_score>0,0,1
1cdsivi,bat_score>0,0,1
1cefz1i,bat_score>0,0,1
1cehwc2,bat_score>0,0,1
1cemtuh,bat_score>0,0,1
1cftb99,bat_score>0,0,1
1cg9b2m,bat_score>0,0,1
1cgbfv5,bat_score>0,0,1
1cgeqe7,bat_score>0,0,1
1cghbyd,bat_score>0,0,1
1cgmaot,bat_score>0,0,1
1cgqgok,bat_score>0,0,1
1cgrygn,bat_score>0,0,1
1cgs0vs,bat_score>0,0,1
1cgsj8b,bat_score>0,0,1
1cgsuzf,bat_score>0,0,1
1cgx5bc,bat_score>0,0,1
1cgzwxr,bat_score>0,0,1
1ch06li,bat_score>0,0,1
1ch5kvv,bat_score>0,0,1
1ch8zf9,bat_score>0,0,1
1chab4q,bat_score>0,0,1
1chbkes,bat_score>0,0,1
1chrt4x,bat_score>0,0,1
1chrv28,bat_score>0,0,1
1ci1fel,bat_score>0,0,1
1cimagz,bat_score>0,0,1
1cirieb,bat_score>0,0,1
1cit495,bat_score>0,0,1
1cixqz2,bat_score>0,0,1
1cja9na,bat_score>0,0,1
1cjea6m,bat_score>0,0,1
1cjl5bg,bat_score>0,0,1
1ck49y1,bat_score>0,0,1
1ck4loe,bat_score>0,0,1
1ckkwgu,bat_score>0,0,1
1ckr6dp,bat_score>0,0,1
1clzvss,bat_score>0,0,1
1clzpsw,bat_score>0,0,1
1cm0mra,bat_score>0,0,1
1cm5wbu,bat_score>0,0,1
1cmfica,bat_score>0,0,1
1cmhrzl,bat_score>0,0,1
1cmm7lw,bat_score>0,0,1
1cmohlb,bat_score>0,0,1
1cmxf0z,bat_score>0,0,1
1cn0e0d,bat_score>0,0,1
1cn7gsf,bat_score>0,0,1
1cn8jeu,bat_score>0,0,1
1cnbm1f,bat_score>0,0,1
1cnk4oy,bat_score>0,0,1
1cnncnb,bat_score>0,0,1
1co2nmm,bat_score>0,0,1
1co5wg7,bat_score>0,0,1
1cocikw,bat_score>0,0,1
1codvhw,bat_score>0,0,1
1coktg3,bat_score>0,0,1
1copnq4,bat_score>0,0,1
1cozs2b,bat_score>0,0,1
1cp98q6,bat_score>0,0,1
1cpd6n1,bat_score>0,0,1
1cprcan,bat_score>0,0,1
1cqlgqz,bat_score>0,0,1
1crhgxz,bat_score>0,0,1
1crijuf,bat_score>0,0,1
1crpzl9,bat_score>0,0,1
1cru2fz,bat_score>0,0,1
1crx8ts,bat_score>0,0,1
1crztpp,bat_score>0,0,1
1cs1tv0,bat_score>0,0,1
1cs7um5,bat_score>0,0,1
1csbhy3,bat_score>0,0,1
1csawoi,bat_score>0,0,1
1csfqdn,bat_score>0,0,1
1cshv27,bat_score>0,0,1
1csmgng,bat_score>0,0,1
1csp8sa,bat_score>0,0,1
1cspl6r,bat_score>0,0,1
1csyikr,bat_score>0,0,1
1ct0cfw,bat_score>0,0,1
1ctg329,bat_score>0,0,1
1ctisy8,bat_score>0,0,1
1ctivf7,bat_score>0,0,1
1ctn2pa,bat_score>0,0,1
1cts398,bat_score>0,0,1
1ctzbt9,bat_score>0,0,1
1cu09b3,bat_score>0,0,1
1cu378o,bat_score>0,0,1
1cu9dd6,bat_score>0,0,1
1cucwqm,bat_score>0,0,1
1custoq,bat_score>0,0,1
1cv6ecw,bat_score>0,0,1
1cvtr9x,bat_score>0,0,1
1cwjmae,bat_score>0,0,1
1cwl8oz,bat_score>0,0,1
1cwvhdj,bat_score>0,0,1
1cxae6n,bat_score>0,0,1
1cxc512,bat_score>0,0,1
1cxfrnv,bat_score>0,0,1
1cxguu2,bat_score>0,0,1
1cxhcgq,bat_score>0,0,1
1cxngh6,bat_score>0,0,1
1cxq1wf,bat_score>0,0,1
1cxub7g,bat_score>0,0,1
1cy3qtf,bat_score>0,0,1
1cy57i6,bat_score>0,0,1
1cy7nkn,bat_score>0,0,1
1cy62d9,bat_score>0,0,1
1cy990m,bat_score>0,0,1
1cycj9i,bat_score>0,0,1
1cyojdj,bat_score>0,0,1
1cynf4u,bat_score>0,0,1
1cyqhjp,bat_score>0,0,1
1cyu1s0,bat_score>0,0,1
1cze7zq,bat_score>0,0,1
1czppf6,bat_score>0,0,1
1d12jw7,bat_score>0,0,1
1d1rkgg,bat_score>0,0,1
1d1tdrh,bat_score>0,0,1
1d2649k,bat_score>0,0,1
1d2cllh,bat_score>0,0,1
1d2lgme,bat_score>0,0,1
1d2mr6l,bat_score>0,0,1
1d2nt5t,bat_score>0,0,1
1d2mz67,bat_score>0,0,1
1d2up5u,bat_score>0,0,1
1d2xejd,bat_score>0,0,1
1d3eqz4,bat_score>0,0,1
1d38riv,bat_score>0,0,1
1d3gpw4,bat_score>0,0,1
1d3h2db,bat_score>0,0,1
1d3ky64,bat_score>0,0,1
1d3msvg,bat_score>0,0,1
1d3sfuu,bat_score>0,0,1
1d3uewd,bat_score>0,0,1
1d3vuqr,bat_score>0,0,1
1d3w9gl,bat_score>0,0,1
1d44ml2,bat_score>0,0,1
1d4axfe,bat_score>0,0,1
1d4g28g,bat_score>0,0,1
1d4fnop,bat_score>0,0,1
1d4ktdn,bat_score>0,0,1
1d4mvc1,bat_score>0,0,1
1d4y8o1,bat_score>0,0,1
1d50pmt,bat_score>0,0,1
1d5gckw,bat_score>0,0,1
1d5hv1e,bat_score>0,0,1
1d5umz7,bat_score>0,0,1
1d5oxbl,bat_score>0,0,1
1d5upmt,bat_score>0,0,1
1d6yhs6,bat_score>0,0,1
1d73544,bat_score>0,0,1
1d74taq,bat_score>0,0,1
1d75f9o,bat_score>0,0,1
1d77tbs,bat_score>0,0,1
1d77x1a,bat_score>0,0,1
1d78h6p,bat_score>0,0,1
1d7f76v,bat_score>0,0,1
1d7mkxq,bat_score>0,0,1
1d7z5jp,bat_score>0,0,1
1d7yoh7,bat_score>0,0,1
1d81yy6,bat_score>0,0,1
1d8el8g,bat_score>0,0,1
1d8pyyv,bat_score>0,0,1
1d91788,bat_score>0,0,1
1d92o52,bat_score>0,0,1
1d931fc,bat_score>0,0,1
1d97t6t,bat_score>0,0,1
1d9asn0,bat_score>0,0,1
1d9extt,bat_score>0,0,1
1d9ihmg,bat_score>0,0,1
1d9j1eb,bat_score>0,0,1
1d9p4gt,bat_score>0,0,1
1d9ritx,bat_score>0,0,1
1d9se5s,bat_score>0,0,1
1d9sso9,bat_score>0,0,1
1dacp5x,bat_score>0,0,1
1dajqpd,bat_score>0,0,1
1datflf,bat_score>0,0,1
1dbakjj,bat_score>0,0,1
1dc81s1,bat_score>0,0,1
1dc8zfu,bat_score>0,0,1
1dcwki9,bat_score>0,0,1
1dd4v83,bat_score>0,0,1
1ddaugh,bat_score>0,0,1
1ddbjo7,bat_score>0,0,1
1ddib4c,bat_score>0,0,1
1ddoao9,bat_score>0,0,1
1de15m2,bat_score>0,0,1
1de5lrf,bat_score>0,0,1
1de6vbu,bat_score>0,0,1
1de7evi,bat_score>0,0,1
1de8y5n,bat_score>0,0,1
1depe5b,bat_score>0,0,1
1detaun,bat_score>0,0,1
1deuwxt,bat_score>0,0,1
1df0te3,bat_score>0,0,1
1df8jv2,bat_score>0,0,1
1df92kt,bat_score>0,0,1
1df9e0j,bat_score>0,0,1
1dfa04k,bat_score>0,0,1
1dfaa19,bat_score>0,0,1
1dfgpey,bat_score>0,0,1
1dfmuu2,bat_score>0,0,1
1dfybba,bat_score>0,0,1
1dfzse5,bat_score>0,0,1
1dg0j4r,bat_score>0,0,1
1dg8vb6,bat_score>0,0,1
1dgewko,bat_score>0,0,1
1dhfy8m,bat_score>0,0,1
1dhfsfk,bat_score>0,0,1
1di1rx9,bat_score>0,0,1
1di1ufx,bat_score>0,0,1
1diuq3c,bat_score>0,0,1
1dj15xi,bat_score>0,0,1
1dj4tys,bat_score>0,0,1
1dj77ka,bat_score>0,0,1
1djf26u,bat_score>0,0,1
1djij3z,bat_score>0,0,1
1djowad,bat_score>0,0,1
1djttpg,bat_score>0,0,1
1djyycm,bat_score>0,0,1
1dk9a18,bat_score>0,0,1
1dkn4u3,bat_score>0,0,1
1dleup3,bat_score>0,0,1
1dlk1tm,bat_score>0,0,1
1dllnsb,bat_score>0,0,1
1dlvrf4,bat_score>0,0,1
1dm3mfr,bat_score>0,0,1
1dmvgnv,bat_score>0,0,1
1dn4a1d,bat_score>0,0,1
1dnlfbk,bat_score>0,0,1
1dnr9l4,bat_score>0,0,1
1dnowvn,bat_score>0,0,1
1dnqsrg,bat_score>0,0,1
1dnrodh,bat_score>0,0,1
1dnsxs7,bat_score>0,0,1
1dnv8sv,bat_score>0,0,1
1do22q9,bat_score>0,0,1
1dodj7w,bat_score>0,0,1
1dox71r,bat_score>0,0,1
1dp1274,bat_score>0,0,1
1dp3mhp,bat_score>0,0,1
1dp56c9,bat_score>0,0,1
1dp8j0o,bat_score>0,0,1
1dpbz18,bat_score>0,0,1
1dq6bfu,bat_score>0,0,1
1dqfqyk,bat_score>0,0,1
1dqmdpx,bat_score>0,0,1
1dqpvp5,bat_score>0,0,1
1dqrdoo,bat_score>0,0,1
1dqt48s,bat_score>0,0,1
1dqwp7v,bat_score>0,0,1
1dqxwu5,bat_score>0,0,1
1dqxcv8,bat_score>0,0,1
1drcy3t,bat_score>0,0,1
1drhsfg,bat_score>0,0,1
1drit1n,bat_score>0,0,1
1ds6qad,bat_score>0,0,1
1dsihsq,bat_score>0,0,1
1dso9pb,bat_score>0,0,1
1dsp2mm,bat_score>0,0,1
1dsr0pb,bat_score>0,0,1
1dsr056,bat_score>0,0,1
1dswbhw,bat_score>0,0,1
1dt3rme,bat_score>0,0,1
1dt5ghj,bat_score>0,0,1
1dthuw1,bat_score>0,0,1
1dtqu7w,bat_score>0,0,1
1dty3wv,bat_score>0,0,1
1du2o43,bat_score>0,0,1
1dulpq6,bat_score>0,0,1
1dunw4n,bat_score>0,0,1
1duq8pj,bat_score>0,0,1
1dutsz1,bat_score>0,0,1
1dusfr9,bat_score>0,0,1
1dvk9ao,bat_score>0,0,1
1dvxcz7,bat_score>0,0,1
1dwl0i1,bat_score>0,0,1
1dwvl2r,bat_score>0,0,1
1dy1zlm,bat_score>0,0,1
1dy4kez,bat_score>0,0,1
1dybidm,bat_score>0,0,1
1dz0mzw,bat_score>0,0,1
1dz2aos,bat_score>0,0,1
1dz75rn,bat_score>0,0,1
1dz9abr,bat_score>0,0,1
1dzgxu5,bat_score>0,0,1
1dzxauu,bat_score>0,0,1
1dzxu2v,bat_score>0,0,1
1dzvpeb,bat_score>0,0,1
1e0484d,bat_score>0,0,1
1e05xjk,bat_score>0,0,1
1e09jyc,bat_score>0,0,1
1e0flr2,bat_score>0,0,1
1e0d9ht,bat_score>0,0,1
1e0fmuk,bat_score>0,0,1
1e0fv6v,bat_score>0,0,1
1e0p0um,bat_score>0,0,1
1e0s3s4,bat_score>0,0,1
1e0zoyx,bat_score>0,0,1
1e16l5e,bat_score>0,0,1
1e19a7g,bat_score>0,0,1
1e1awxq,bat_score>0,0,1
1e1aeuf,bat_score>0,0,1
1e18dl4,bat_score>0,0,1
1e1g26r,bat_score>0,0,1
1e1j75r,bat_score>0,0,1
1e1qn7n,bat_score>0,0,1
1e1sp2w,bat_score>0,0,1
1e22tl1,bat_score>0,0,1
1e22rxx,bat_score>0,0,1
1e2kn9t,bat_score>0,0,1
1e2t377,bat_score>0,0,1
1e3ifds,bat_score>0,0,1
1e3xzls,bat_score>0,0,1
1e420et,bat_score>0,0,1
1e4gtei,bat_score>0,0,1
1e4iblj,bat_score>0,0,1
1e4n4bx,bat_score>0,0,1
1e4squm,bat_score>0,0,1
1e4tpf0,bat_score>0,0,1
1e4uuos,bat_score>0,0,1
1e4wkc6,bat_score>0,0,1
1e4ykjr,bat_score>0,0,1
1e53yh3,bat_score>0,0,1
1e5c733,bat_score>0,0,1
1e5emnq,bat_score>0,0,1
1e5jqd6,bat_score>0,0,1
1e5q55q,bat_score>0,0,1
1e5qqbh,bat_score>0,0,1
1e5zvli,bat_score>0,0,1
1e62tj3,bat_score>0,0,1
1e6jlu0,bat_score>0,0,1
1e6heb2,bat_score>0,0,1
1e6n2pd,bat_score>0,0,1
1e6mwac,bat_score>0,0,1
1e6pbf5,bat_score>0,0,1
1e70nvx,bat_score>0,0,1
1e6z7xf,bat_score>0,0,1
1e7gngj,bat_score>0,0,1
1e7j5i8,bat_score>0,0,1
1e7mo45,bat_score>0,0,1
1e7o2zo,bat_score>0,0,1
1e7rchi,bat_score>0,0,1
1e7r0f9,bat_score>0,0,1
1e7unt9,bat_score>0,0,1
1e7t7wv,bat_score>0,0,1
1e80k5t,bat_score>0,0,1
1e817wb,bat_score>0,0,1
1e85zn6,bat_score>0,0,1
1e8ikgv,bat_score>0,0,1
1e8da8m,bat_score>0,0,1
1e8lkad,bat_score>0,0,1
1e8r4iv,bat_score>0,0,1
1e9eo9g,bat_score>0,0,1
1e9n6in,bat_score>0,0,1
1ea4zev,bat_score>0,0,1
1ea9lpr,bat_score>0,0,1
1eabpru,bat_score>0,0,1
1eag7fi,bat_score>0,0,1
1eaib9l,bat_score>0,0,1
1eav00n,bat_score>0,0,1
1eb0irw,bat_score>0,0,1
1eb6qvl,bat_score>0,0,1
1eb6h5g,bat_score>0,0,1
1ebc3tw,bat_score>0,0,1
1ebev9j,bat_score>0,0,1
1ebu4eq,bat_score>0,0,1
1ebtfl9,bat_score>0,0,1
1ebu5ey,bat_score>0,0,1
1ec4s0u,bat_score>0,0,1
1ecnzax,bat_score>0,0,1
1eclp2x,bat_score>0,0,1
1ecnl2z,bat_score>0,0,1
1econvx,bat_score>0,0,1
1ecpe86,bat_score>0,0,1
1ecrh5p,bat_score>0,0,1
1ecuktz,bat_score>0,0,1
1ecvl3g,bat_score>0,0,1
1ed2tvc,bat_score>0,0,1
1ed9ug3,bat_score>0,0,1
1edob0y,bat_score>0,0,1
1edstah,bat_score>0,0,1
1edxrzn,bat_score>0,0,1
1eea2ud,bat_score>0,0,1
1eecvrk,bat_score>0,0,1
1eenr77,bat_score>0,0,1
1eelzqr,bat_score>0,0,1
1eep7eq,bat_score>0,0,1
1eet26i,bat_score>0,0,1
1ef055b,bat_score>0,0,1
1ef37d5,bat_score>0,0,1
1ef3g4x,bat_score>0,0,1
1ef7juh,bat_score>0,0,1
1ef8i6i,bat_score>0,0,1
1efdp1t,bat_score>0,0,1
1efemux,bat_score>0,0,1
1efg2ya,bat_score>0,0,1
1efmu6u,bat_score>0,0,1
1efue55,bat_score>0,0,1
1efvx67,bat_score>0,0,1
1eg1sy6,bat_score>0,0,1
1eg7q3u,bat_score>0,0,1
1eg960h,bat_score>0,0,1
1egc2kf,bat_score>0,0,1
1egn141,bat_score>0,0,1
1egpgis,bat_score>0,0,1
1egpzyk,bat_score>0,0,1
1egvl3r,bat_score>0,0,1
1eh6hh2,bat_score>0,0,1
1ehg6yz,bat_score>0,0,1
1ehiun3,bat_score>0,0,1
1ehkgqo,bat_score>0,0,1
1ehlz9o,bat_score>0,0,1
1ehmfsp,bat_score>0,0,1
1ehtcj0,bat_score>0,0,1
1ehtvlk,bat_score>0,0,1
1ehuhiy,bat_score>0,0,1
1ehuk4e,bat_score>0,0,1
1ehwpg1,bat_score>0,0,1
1ehxco2,bat_score>0,0,1
1ej2n26,bat_score>0,0,1
1ej96j1,bat_score>0,0,1
1ejngog,bat_score>0,0,1
1ek95db,bat_score>0,0,1
1eklrly,bat_score>0,0,1
1elh4cq,bat_score>0,0,1
1elikwk,bat_score>0,0,1
1elnolo,bat_score>0,0,1
1elqq23,bat_score>0,0,1
1em385m,bat_score>0,0,1
1em7fqw,bat_score>0,0,1
1emdavb,bat_score>0,0,1
1emftuv,bat_score>0,0,1
1emgygu,bat_score>0,0,1
1emyzky,bat_score>0,0,1
1en5ook,bat_score>0,0,1
1enenii,bat_score>0,0,1
1enhl5e,bat_score>0,0,1
1enl3g2,bat_score>0,0,1
1eo856w,bat_score>0,0,1
1eoc2hc,bat_score>0,0,1
1eofpj7,bat_score>0,0,1
1epbd0a,bat_score>0,0,1
1epmr44,bat_score>0,0,1
1eqonau,bat_score>0,0,1
1eqvmyq,bat_score>0,0,1
1er0qtq,bat_score>0,0,1
1er7qxl,bat_score>0,0,1
1er8jjq,bat_score>0,0,1
1era1tm,bat_score>0,0,1
1erb17v,bat_score>0,0,1
1eraysd,bat_score>0,0,1
1erf549,bat_score>0,0,1
1erikwg,bat_score>0,0,1
1eri82m,bat_score>0,0,1
1ert442,bat_score>0,0,1
1eryc6i,bat_score>0,0,1
1erzmbq,bat_score>0,0,1
1es3p2y,bat_score>0,0,1
1es3q5u,bat_score>0,0,1
1es6th5,bat_score>0,0,1
1esfmx1,bat_score>0,0,1
1esmiqg,bat_score>0,0,1
1esk4ea,bat_score>0,0,1
1et1e3o,bat_score>0,0,1
1et865w,bat_score>0,0,1
1etavxx,bat_score>0,0,1
1etaxa5,bat_score>0,0,1
1etp6l6,bat_score>0,0,1
1etride,bat_score>0,0,1
1etswfr,bat_score>0,0,1
1etsspb,bat_score>0,0,1
1etx63o,bat_score>0,0,1
1eu7gdc,bat_score>0,0,1
1euen67,bat_score>0,0,1
1ev3set,bat_score>0,0,1
1ev3ahe,bat_score>0,0,1
1evbgso,bat_score>0,0,1
1eve2jb,bat_score>0,0,1
1evmxl6,bat_score>0,0,1
1evkdsi,bat_score>0,0,1
1ew58ca,bat_score>0,0,1
1ew9kjj,bat_score>0,0,1
1ewayxn,bat_score>0,0,1
1ex2i6w,bat_score>0,0,1
1ex64kr,bat_score>0,0,1
1ex6zsm,bat_score>0,0,1
1exnnz2,bat_score>0,0,1
1exsyil,bat_score>0,0,1
1exx6rg,bat_score>0,0,1
1ey0iqv,bat_score>0,0,1
1ey4zul,bat_score>0,0,1
1eyksxh,bat_score>0,0,1
1eypkx4,bat_score>0,0,1
1eyvpeu,bat_score>0,0,1
1eza80o,bat_score>0,0,1
1ezaviv,bat_score>0,0,1
1ezglgq,bat_score>0,0,1
1ezw0qt,bat_score>0,0,1
1f025go,bat_score>0,0,1
1f0f3ut,bat_score>0,0,1
1f0l6jk,bat_score>0,0,1
1f0trp9,bat_score>0,0,1
1f0r06a,bat_score>0,0,1
1f0ylqt,bat_score>0,0,1
1f14pto,bat_score>0,0,1
1f16upd,bat_score>0,0,1
1f17vg6,bat_score>0,0,1
1f1x1mi,bat_score>0,0,1
1f22iiz,bat_score>0,0,1
1f26dxm,bat_score>0,0,1
1f2kbeo,bat_score>0,0,1
1f2njoh,bat_score>0,0,1
1f2nmck,bat_score>0,0,1
1f2qfb9,bat_score>0,0,1
1f2tifb,bat_score>0,0,1
1f2w4l2,bat_score>0,0,1
1f30c6w,bat_score>0,0,1
1f33t5p,bat_score>0,0,1
1f390zw,bat_score>0,0,1
1f3b17i,bat_score>0,0,1
1f3c2gd,bat_score>0,0,1
1f3cy26,bat_score>0,0,1
1f3ghyx,bat_score>0,0,1
1f3j3ze,bat_score>0,0,1
1f3tfgv,bat_score>0,0,1
1f3ufn6,bat_score>0,0,1
1f44air,bat_score>0,0,1
1f48b4w,bat_score>0,0,1
1f48tm1,bat_score>0,0,1
1f4bmkl,bat_score>0,0,1
1f4exn0,bat_score>0,0,1
1f4j1z3,bat_score>0,0,1
1f5057n,bat_score>0,0,1
1f6ips4,bat_score>0,0,1
1f6c5oa,bat_score>0,0,1
1f7kug3,bat_score>0,0,1
1f7x6oj,bat_score>0,0,1
1f7yhy4,bat_score>0,0,1
1f874t6,bat_score>0,0,1
1f8amyc,bat_score>0,0,1
1f8omnj,bat_score>0,0,1
1f8w57g,bat_score>0,0,1
1f97ko9,bat_score>0,0,1
1f9al9y,bat_score>0,0,1
1f9bk8y,bat_score>0,0,1
1f9n5xh,bat_score>0,0,1
1f9q6vq,bat_score>0,0,1
1f9qnhy,bat_score>0,0,1
1fa7vqv,bat_score>0,0,1
1faihjp,bat_score>0,0,1
1famzir,bat_score>0,0,1
1fant0h,bat_score>0,0,1
1fanvpe,bat_score>0,0,1
1fao8l0,bat_score>0,0,1
1faw1rd,bat_score>0,0,1
1fawyso,bat_score>0,0,1
1fb7643,bat_score>0,0,1
1fbgdxy,bat_score>0,0,1
1fc0tga,bat_score>0,0,1
1fcarou,bat_score>0,0,1
1fcahgz,bat_score>0,0,1
1fcjkjr,bat_score>0,0,1
1fdanmr,bat_score>0,0,1
1fdflb4,bat_score>0,0,1
1fdm18z,bat_score>0,0,1
1fds1wm,bat_score>0,0,1
1fe43ou,bat_score>0,0,1
1fe4s27,bat_score>0,0,1
1fem7j6,bat_score>0,0,1
1fejx18,bat_score>0,0,1
1fey3jo,bat_score>0,0,1
1ffg4bi,bat_score>0,0,1
1ffj53z,bat_score>0,0,1
1ffpxr5,bat_score>0,0,1
1fftxv3,bat_score>0,0,1
1ffsmqa,bat_score>0,0,1
1ffu6mm,bat_score>0,0,1
1fg3lwb,bat_score>0,0,1
1fg31fg,bat_score>0,0,1
1fg5vfn,bat_score>0,0,1
1fgxt7e,bat_score>0,0,1
1fgjmuc,bat_score>0,0,1
1fhyusp,bat_score>0,0,1
1fi3c7z,bat_score>0,0,1
1fi77ak,bat_score>0,0,1
1fie8yj,bat_score>0,0,1
1fieeih,bat_score>0,0,1
1fj5kip,bat_score>0,0,1
1fj85fd,bat_score>0,0,1
1fj6xsb,bat_score>0,0,1
1fj9rxf,bat_score>0,0,1
1fj8vnl,bat_score>0,0,1
1fja3it,bat_score>0,0,1
1fjgkjs,bat_score>0,0,1
1fjti7q,bat_score>0,0,1
1fjuwik,bat_score>0,0,1
1fjv8rl,bat_score>0,0,1
1fk4ofd,bat_score>0,0,1
1fk9spn,bat_score>0,0,1
1fl2q8l,bat_score>0,0,1
1flzmin,bat_score>0,0,1
1fm2hvv,bat_score>0,0,1
1fmcj3x,bat_score>0,0,1
1fmcpr4,bat_score>0,0,1
1fmsbxc,bat_score>0,0,1
1fmxhe6,bat_score>0,0,1
1fnm6rt,bat_score>0,0,1
1fnp4fk,bat_score>0,0,1
1fnslut,bat_score>0,0,1
1fo0g7v,bat_score>0,0,1
1foeaki,bat_score>0,0,1
1fohxeh,bat_score>0,0,1
1fonm9d,bat_score>0,0,1
1fot3hk,bat_score>0,0,1
1fp890y,bat_score>0,0,1
1fpankh,bat_score>0,0,1
1fp9pnp,bat_score>0,0,1
1fpf05z,bat_score>0,0,1
1fpgn0y,bat_score>0,0,1
1fpo9s2,bat_score>0,0,1
1fqboyy,bat_score>0,0,1
1fqjepd,bat_score>0,0,1
1fqoq5b,bat_score>0,0,1
1fqpxdj,bat_score>0,0,1
1fqv1u0,bat_score>0,0,1
1fqxnhn,bat_score>0,0,1
1fs9d4c,bat_score>0,0,1
1fsh35y,bat_score>0,0,1
1fsnmt8,bat_score>0,0,1
1fstq94,bat_score>0,0,1
1ft0fx7,bat_score>0,0,1
1fsyxti,bat_score>0,0,1
1ft7cwa,bat_score>0,0,1
1ft7km2,bat_score>0,0,1
1ft8v30,bat_score>0,0,1
1ft9mfv,bat_score>0,0,1
1ftbpp0,bat_score>0,0,1
1ftjsq6,bat_score>0,0,1
1ftwbpg,bat_score>0,0,1
1fu1ctn,bat_score>0,0,1
1fu137u,bat_score>0,0,1
1fu4rdv,bat_score>0,0,1
1fu94d2,bat_score>0,0,1
1fudi19,bat_score>0,0,1
1fuhpiw,bat_score>0,0,1
1furelo,bat_score>0,0,1
1fusy3y,bat_score>0,0,1
1fut7fn,bat_score>0,0,1
1fuu035,bat_score>0,0,1
1fuziet,bat_score>0,0,1
1fvkgx5,bat_score>0,0,1
1fw2psy,bat_score>0,0,1
1fw3ogr,bat_score>0,0,1
1fw5ykm,bat_score>0,0,1
1fxe7cq,bat_score>0,0,1
1fxz7il,bat_score>0,0,1
1fxzs4i,bat_score>0,0,1
1fyanbt,bat_score>0,0,1
1fyceco,bat_score>0,0,1
1fyd8ff,bat_score>0,0,1
1fyfew8,bat_score>0,0,1
1fyjgdo,bat_score>0,0,1
1fyrfae,bat_score>0,0,1
1fyqid4,bat_score>0,0,1
1fyu802,bat_score>0,0,1
1fyx2pv,bat_score>0,0,1
1fz2iwx,bat_score>0,0,1
1fz56ei,bat_score>0,0,1
1fz7u12,bat_score>0,0,1
1fz8b1w,bat_score>0,0,1
1fzg6cg,bat_score>0,0,1
1fzpouv,bat_score>0,0,1
1fzqhkn,bat_score>0,0,1
1fzu3vv,bat_score>0,0,1
1g011cn,bat_score>0,0,1
1fzyki2,bat_score>0,0,1
1g0cm7u,bat_score>0,0,1
1g0mfxr,bat_score>0,0,1
1g0mi6p,bat_score>0,0,1
1g0nicu,bat_score>0,0,1
1g0oa35,bat_score>0,0,1
1g0qs7d,bat_score>0,0,1
1g0ty6y,bat_score>0,0,1
1g0xwod,bat_score>0,0,1
1g10aij,bat_score>0,0,1
1g0y3de,bat_score>0,0,1
1g11ov0,bat_score>0,0,1
1g107jr,bat_score>0,0,1
1g151lq,bat_score>0,0,1
1g1g44c,bat_score>0,0,1
1g1stg2,bat_score>0,0,1
1g1w8l9,bat_score>0,0,1
1g246vs,bat_score>0,0,1
1g2fw0j,bat_score>0,0,1
1g35bxl,bat_score>0,0,1
1g3ef0l,bat_score>0,0,1
1g3mkji,bat_score>0,0,1
1g3mrmz,bat_score>0,0,1
1g3pioe,bat_score>0,0,1
1g3r35x,bat_score>0,0,1
1g422t4,bat_score>0,0,1
1g48sou,bat_score>0,0,1
1g4gw7l,bat_score>0,0,1
1g4o9y6,bat_score>0,0,1
1g4po17,bat_score>0,0,1
1g57876,bat_score>0,0,1
1g5gih8,bat_score>0,0,1
1g5laxd,bat_score>0,0,1
1g5m40x,bat_score>0,0,1
1g5obkb,bat_score>0,0,1
1g5qs8y,bat_score>0,0,1
1g5rz87,bat_score>0,0,1
1g5zqj6,bat_score>0,0,1
1g5znr9,bat_score>0,0,1
1g61e7i,bat_score>0,0,1
1g61izz,bat_score>0,0,1
1g647ve,bat_score>0,0,1
1g677u5,bat_score>0,0,1
1g6dgug,bat_score>0,0,1
1g6h0kl,bat_score>0,0,1
1g6ic9g,bat_score>0,0,1
1g6levz,bat_score>0,0,1
1g6nf7o,bat_score>0,0,1
1g6oa2t,bat_score>0,0,1
1g6td91,bat_score>0,0,1
1g6ybjh,bat_score>0,0,1
1g7ysi5,bat_score>0,0,1
1g86291,bat_score>0,0,1
1g7y2dv,bat_score>0,0,1
1g8cv9d,bat_score>0,0,1
1g8ph57,bat_score>0,0,1
1g8zhmj,bat_score>0,0,1
1g973ub,bat_score>0,0,1
1g99mcy,bat_score>0,0,1
1g9n91s,bat_score>0,0,1
1g9onc1,bat_score>0,0,1
1g9yf78,bat_score>0,0,1
1ga0ynb,bat_score>0,0,1
1gac3l1,bat_score>0,0,1
1gac59l,bat_score>0,0,1
1gai170,bat_score>0,0,1
1galapo,bat_score>0,0,1
1gay5qo,bat_score>0,0,1
1gb9rco,bat_score>0,0,1
1gbfjrb,bat_score>0,0,1
1gbgu3j,bat_score>0,0,1
1gbn8dd,bat_score>0,0,1
1gbt4lt,bat_score>0,0,1
1gbxztp,bat_score>0,0,1
1gc0cuj,bat_score>0,0,1
1gc7xwv,bat_score>0,0,1
1gd9vvn,bat_score>0,0,1
1gcvtj4,bat_score>0,0,1
1gdlu3b,bat_score>0,0,1
1ge158t,bat_score>0,0,1
1ge3lf2,bat_score>0,0,1
1geqa2r,bat_score>0,0,1
1gew5bx,bat_score>0,0,1
1geyywn,bat_score>0,0,1
1gf2za0,bat_score>0,0,1
1gf8e71,bat_score>0,0,1
1gf96ro,bat_score>0,0,1
1gf616j,bat_score>0,0,1
1gfe40n,bat_score>0,0,1
1gfgc95,bat_score>0,0,1
1gfo63t,bat_score>0,0,1
1ggag59,bat_score>0,0,1
1ggbxz3,bat_score>0,0,1
1ggcef2,bat_score>0,0,1
1ggeh8v,bat_score>0,0,1
1ggest5,bat_score>0,0,1
1ggnm3a,bat_score>0,0,1
1ggmp4u,bat_score>0,0,1
1ggu5kq,bat_score>0,0,1
1gh19u7,bat_score>0,0,1
1ghc63e,bat_score>0,0,1
1ghdynx,bat_score>0,0,1
1gi937r,bat_score>0,0,1
1gi7bxf,bat_score>0,0,1
1gid1ca,bat_score>0,0,1
1gioc0w,bat_score>0,0,1
1gj1jeu,bat_score>0,0,1
1gjn6qi,bat_score>0,0,1
1gjq5zi,bat_score>0,0,1
1gju7jv,bat_score>0,0,1
1gjuo0g,bat_score>0,0,1
1gk45ul,bat_score>0,0,1
1gksqwh,bat_score>0,0,1
1gknlli,bat_score>0,0,1
1gkwmar,bat_score>0,0,1
1gl0xqy,bat_score>0,0,1
1gl1j63,bat_score>0,0,1
1gl4rhf,bat_score>0,0,1
1gl414k,bat_score>0,0,1
1gl68gj,bat_score>0,0,1
1gl7yei,bat_score>0,0,1
1gm03hq,bat_score>0,0,1
1gm27xs,bat_score>0,0,1
1gm6tl1,bat_score>0,0,1
1gmcrak,bat_score>0,0,1
1gmid75,bat_score>0,0,1
1gmkd6t,bat_score>0,0,1
1gmmhx8,bat_score>0,0,1
1gn17vy,bat_score>0,0,1
1gndgl8,bat_score>0,0,1
1gofbqf,bat_score>0,0,1
1gog9o2,bat_score>0,0,1
1gopnza,bat_score>0,0,1
1gpjtxo,bat_score>0,0,1
1gpsxkt,bat_score>0,0,1
1gpt2xa,bat_score>0,0,1
1gq2bwq,bat_score>0,0,1
1gq4z9j,bat_score>0,0,1
1gqn7df,bat_score>0,0,1
1gr5ukx,bat_score>0,0,1
1gr67y0,bat_score>0,0,1
1gr1cv5,bat_score>0,0,1
1gr8k8c,bat_score>0,0,1
1graj42,bat_score>0,0,1
1grkkgl,bat_score>0,0,1
1grqjgs,bat_score>0,0,1
1grvulv,bat_score>0,0,1
1gs86tj,bat_score>0,0,1
1gs89kj,bat_score>0,0,1
1gssdr1,bat_score>0,0,1
1gt9bke,bat_score>0,0,1
1gtvcy0,bat_score>0,0,1
1gu0fs2,bat_score>0,0,1
1guax2e,bat_score>0,0,1
1gucfg8,bat_score>0,0,1
1gui141,bat_score>0,0,1
1gv1e7n,bat_score>0,0,1
1gv4ph0,bat_score>0,0,1
1gv5pwj,bat_score>0,0,1
1gvc05a,bat_score>0,0,1
1gvblma,bat_score>0,0,1
1gvhwvy,bat_score>0,0,1
1gvkgjh,bat_score>0,0,1
1gvqnez,bat_score>0,0,1
1gvrvwy,bat_score>0,0,1
1gvvqlk,bat_score>0,0,1
1gvvyge,bat_score>0,0,1
1gw0uzg,bat_score>0,0,1
1gvvo4q,bat_score>0,0,1
1gw5ejf,bat_score>0,0,1
1gwhlsa,bat_score>0,0,1
1gwghl2,bat_score>0,0,1
1gwlzhd,bat_score>0,0,1
1gwmre3,bat_score>0,0,1
1gxiy9r,bat_score>0,0,1
1gxjkzq,bat_score>0,0,1
1gxld2y,bat_score>0,0,1
1gxsjtd,bat_score>0,0,1
1gy2jie,bat_score>0,0,1
1gz1ozt,bat_score>0,0,1
1gz9orm,bat_score>0,0,1
1gzh9hb,bat_score>0,0,1
1gzppk5,bat_score>0,0,1
1gzr82f,bat_score>0,0,1
1gzxfo2,bat_score>0,0,1
1h0gnmg,bat_score>0,0,1
1h0k7aa,bat_score>0,0,1
1h0p88x,bat_score>0,0,1
1h0pf12,bat_score>0,0,1
1h1btn3,bat_score>0,0,1
1h1glck,bat_score>0,0,1
1h1knen,bat_score>0,0,1
1h1vdzu,bat_score>0,0,1
1h28zfw,bat_score>0,0,1
1h2d82s,bat_score>0,0,1
1h2nkjj,bat_score>0,0,1
1h2vk6d,bat_score>0,0,1
1h4qomi,bat_score>0,0,1
1h4w273,bat_score>0,0,1
1h4za5a,bat_score>0,0,1
1h4yj9f,bat_score>0,0,1
1h51d2b,bat_score>0,0,1
1h5gkmx,bat_score>0,0,1
1h5i416,bat_score>0,0,1
1h5vp18,bat_score>0,0,1
1h5wjnw,bat_score>0,0,1
1h5yrtq,bat_score>0,0,1
1h5zcs5,bat_score>0,0,1
1h60f02,bat_score>0,0,1
1h61d1b,bat_score>0,0,1
1h63cvh,bat_score>0,0,1
1h6p6gg,bat_score>0,0,1
1h6ygt4,bat_score>0,0,1
1h6yynl,bat_score>0,0,1
1h6ys8o,bat_score>0,0,1
1h7ct7o,bat_score>0,0,1
1h7da3d,bat_score>0,0,1
1h7iu0l,bat_score>0,0,1
1h7nbu8,bat_score>0,0,1
1h7t7ei,bat_score>0,0,1
1h8b1mx,bat_score>0,0,1
1h8gro3,bat_score>0,0,1
1h8tl4n,bat_score>0,0,1
1h8yrec,bat_score>0,0,1
1h93uyr,bat_score>0,0,1
1h94h3i,bat_score>0,0,1
1h99iok,bat_score>0,0,1
1h9gfax,bat_score>0,0,1
1h9p7n4,bat_score>0,0,1
1ha10cx,bat_score>0,0,1
1ha42y8,bat_score>0,0,1
1hadklq,bat_score>0,0,1
1hae3v2,bat_score>0,0,1
1hal2bq,bat_score>0,0,1
1hasy6j,bat_score>0,0,1
1hay0vs,bat_score>0,0,1
1hb3urv,bat_score>0,0,1
1hbfxcf,bat_score>0,0,1
1hc6sws,bat_score>0,0,1
1hcdcit,bat_score>0,0,1
1hcc6qm,bat_score>0,0,1
1hcr8ti,bat_score>0,0,1
1hcwmos,bat_score>0,0,1
1hcxqgs,bat_score>0,0,1
1hdf3qh,bat_score>0,0,1
1hdlmg0,bat_score>0,0,1
1hdopsf,bat_score>0,0,1
1hdpqvu,bat_score>0,0,1
1hdy1n7,bat_score>0,0,1
1hdse4n,bat_score>0,0,1
1hedm96,bat_score>0,0,1
1hf93ju,bat_score>0,0,1
1hfi7u3,bat_score>0,0,1
1hfi5cm,bat_score>0,0,1
1hfkt8c,bat_score>0,0,1
1hfmmpb,bat_score>0,0,1
1hfnfl9,bat_score>0,0,1
1hfnn76,bat_score>0,0,1
1hfpzrf,bat_score>0,0,1
1hft4fp,bat_score>0,0,1
1hfsjtg,bat_score>0,0,1
1hfy0zu,bat_score>0,0,1
1hgdw3q,bat_score>0,0,1
1hglvuf,bat_score>0,0,1
1hgo3i4,bat_score>0,0,1
1hh2oz6,bat_score>0,0,1
1hh37tx,bat_score>0,0,1
1hh6mhq,bat_score>0,0,1
1hhc7l9,bat_score>0,0,1
1hhku9a,bat_score>0,0,1
1hhogn0,bat_score>0,0,1
1hhv6m1,bat_score>0,0,1
1hhvcu7,bat_score>0,0,1
1hhz5v1,bat_score>0,0,1
1hig2ly,bat_score>0,0,1
1hih0wl,bat_score>0,0,1
1hiiw95,bat_score>0,0,1
1hilcx0,bat_score>0,0,1
1him07i,bat_score>0,0,1
1hioxil,bat_score>0,0,1
1hiosmx,bat_score>0,0,1
1hixwvm,bat_score>0,0,1
1hjyh4g,bat_score>0,0,1
1hkb1a7,bat_score>0,0,1
1hkptmw,bat_score>0,0,1
1hkwh0k,bat_score>0,0,1
1hlckug,bat_score>0,0,1
1hno5cn,bat_score>0,0,1
1hoa9gp,bat_score>0,0,1
1hoi09i,bat_score>0,0,1
1hokuyl,bat_score>0,0,1
1hp5i3e,bat_score>0,0,1
1hq56m5,bat_score>0,0,1
1hrsf7a,bat_score>0,0,1
1hsa8um,bat_score>0,0,1
1hsgtdh,bat_score>0,0,1
1hsriz4,bat_score>0,0,1
1hssw80,bat_score>0,0,1
1hsvqqz,bat_score>0,0,1
1hsvgoe,bat_score>0,0,1
1htdj9m,bat_score>0,0,1
1huvm9e,bat_score>0,0,1
1hv0sqx,bat_score>0,0,1
1hv7g5s,bat_score>0,0,1
1hv79my,bat_score>0,0,1
1hv51kj,bat_score>0,0,1
1hv8cqa,bat_score>0,0,1
1hve7zm,bat_score>0,0,1
1hvouie,bat_score>0,0,1
1hvpkou,bat_score>0,0,1
1hvtabf,bat_score>0,0,1
1hvtjeg,bat_score>0,0,1
1hvxuwz,bat_score>0,0,1
1hw5y43,bat_score>0,0,1
1hw4ie1,bat_score>0,0,1
1hwkkkj,bat_score>0,0,1
1hwlhvk,bat_score>0,0,1
1hwmmj0,bat_score>0,0,1
1hxay0m,bat_score>0,0,1
1hxcuw6,bat_score>0,0,1
1hxfccm,bat_score>0,0,1
1hxfnhb,bat_score>0,0,1
1hxh7db,bat_score>0,0,1
1hxjr03,bat_score>0,0,1
1hxnhi2,bat_score>0,0,1
1hxrrxi,bat_score>0,0,1
1hxwrob,bat_score>0,0,1
1hy8g47,bat_score>0,0,1
1hyb87h,bat_score>0,0,1
1hyeb07,bat_score>0,0,1
1hyfhx9,bat_score>0,0,1
1hyijaq,bat_score>0,0,1
1hyil3q,bat_score>0,0,1
1hz0lns,bat_score>0,0,1
1hz5cog,bat_score>0,0,1
1hzbrjj,bat_score>0,0,1
1i07lhq,bat_score>0,0,1
1i0fbf6,bat_score>0,0,1
1i0i85v,bat_score>0,0,1
1i0k041,bat_score>0,0,1
1i134wy,bat_score>0,0,1
1i198dl,bat_score>0,0,1
1i1afoe,bat_score>0,0,1
1i1i2yy,bat_score>0,0,1
1i1v6no,bat_score>0,0,1
1i2326g,bat_score>0,0,1
1i27ka5,bat_score>0,0,1
1i2bojc,bat_score>0,0,1
1i2folf,bat_score>0,0,1
1i2g8iw,bat_score>0,0,1
1i2h6l1,bat_score>0,0,1
1i2qrck,bat_score>0,0,1
1i2wn6k,bat_score>0,0,1
1i3643i,bat_score>0,0,1
1i38f2u,bat_score>0,0,1
1i3de2k,bat_score>0,0,1
1i3ivln,bat_score>0,0,1
1i3kiz4,bat_score>0,0,1
1i3mk92,bat_score>0,0,1
1i3sfe0,bat_score>0,0,1
1i3qhqo,bat_score>0,0,1
1i4a2k2,bat_score>0,0,1
1i4b9th,bat_score>0,0,1
1i5ez9c,bat_score>0,0,1
1i5pfs8,bat_score>0,0,1
1i60vky,bat_score>0,0,1
1i6g14a,bat_score>0,0,1
1i6iw63,bat_score>0,0,1
1i6u4o6,bat_score>0,0,1
1i75q8t,bat_score>0,0,1
1i7b68q,bat_score>0,0,1
1i7d4mw,bat_score>0,0,1
1i7ph50,bat_score>0,0,1
1i7vgbb,bat_score>0,0,1
1i8r832,bat_score>0,0,1
1i8pr2r,bat_score>0,0,1
1i8vfb4,bat_score>0,0,1
1i8whet,bat_score>0,0,1
1i8ztad,bat_score>0,0,1
1i9c4vp,bat_score>0,0,1
1i9g8fs,bat_score>0,0,1
1i9fe89,bat_score>0,0,1
1ian605,bat_score>0,0,1
1ib0xif,bat_score>0,0,1
1ib0pta,bat_score>0,0,1
1ibbjhc,bat_score>0,0,1
1ibeaen,bat_score>0,0,1
1ibe4p4,bat_score>0,0,1
1ibmc1c,bat_score>0,0,1
1ibpc7l,bat_score>0,0,1
1ibujwn,bat_score>0,0,1
1ic402k,bat_score>0,0,1
1ic5jrd,bat_score>0,0,1
1ica2ww,bat_score>0,0,1
1icb624,bat_score>0,0,1
1icvo2n,bat_score>0,0,1
1icz9u0,bat_score>0,0,1
1ida0xb,bat_score>0,0,1
1idi05x,bat_score>0,0,1
1idm9ea,bat_score>0,0,1
1ie20b4,bat_score>0,0,1
1ie3eoq,bat_score>0,0,1
1ie4d1e,bat_score>0,0,1
1ie3iwz,bat_score>0,0,1
1ie8xiz,bat_score>0,0,1
1iee7ds,bat_score>0,0,1
1ifbx60,bat_score>0,0,1
1ifby21,bat_score>0,0,1
1ifq5ch,bat_score>0,0,1
1ig9lqo,bat_score>0,0,1
1ig7h5r,bat_score>0,0,1
1igxbgu,bat_score>0,0,1
1igyvup,bat_score>0,0,1
1ih83t9,bat_score>0,0,1
1ihanyk,bat_score>0,0,1
1ihp77x,bat_score>0,0,1
1ihqcu0,bat_score>0,0,1
1ihu652,bat_score>0,0,1
1ihxrti,bat_score>0,0,1
1ihvjic,bat_score>0,0,1
1ihujj8,bat_score>0,0,1
1ii9n6k,bat_score>0,0,1
1iiczml,bat_score>0,0,1
1iifsvn,bat_score>0,0,1
1ij4fl9,bat_score>0,0,1
1ij53fo,bat_score>0,0,1
1ijj9xm,bat_score>0,0,1
1ijv2n0,bat_score>0,0,1
1ijzgva,bat_score>0,0,1
1ijzrr6,bat_score>0,0,1
1ik2pcr,bat_score>0,0,1
1ik2vdm,bat_score>0,0,1
1ik6g9i,bat_score>0,0,1
1ik7avg,bat_score>0,0,1
1ik970d,bat_score>0,0,1
1iklj0r,bat_score>0,0,1
1ikhzlj,bat_score>0,0,1
1il4ebg,bat_score>0,0,1
1ilmvjr,bat_score>0,0,1
1il0w5u,bat_score>0,0,1
1imn8de,bat_score>0,0,1
1imtiea,bat_score>0,0,1
1imwfb5,bat_score>0,0,1
1imz6o8,bat_score>0,0,1
1in0274,bat_score>0,0,1
1in18sa,bat_score>0,0,1
1in6g1n,bat_score>0,0,1
1in9sob,bat_score>0,0,1
1inegka,bat_score>0,0,1
1intehh,bat_score>0,0,1
1inv9no,bat_score>0,0,1
1io6ny0,bat_score>0,0,1
1ioky6b,bat_score>0,0,1
1ionxlt,bat_score>0,0,1
1iopfs3,bat_score>0,0,1
1iotwui,bat_score>0,0,1
1ip0xk9,bat_score>0,0,1
1ip1xzu,bat_score>0,0,1
1ip8ln1,bat_score>0,0,1
1ipblnm,bat_score>0,0,1
1ipng3g,bat_score>0,0,1
1iq26gc,bat_score>0,0,1
1iqrnii,bat_score>0,0,1
1ir0gca,bat_score>0,0,1
1iqxnzr,bat_score>0,0,1
1ir1cvw,bat_score>0,0,1
1irj4l3,bat_score>0,0,1
1irjadl,bat_score>0,0,1
1irmroz,bat_score>0,0,1
1irp7p6,bat_score>0,0,1
1irwgw1,bat_score>0,0,1
1isdxga,bat_score>0,0,1
1ise1y1,bat_score>0,0,1
1isk6o5,bat_score>0,0,1
1ismsxu,bat_score>0,0,1
1isns0g,bat_score>0,0,1
1it8oae,bat_score>0,0,1
1it7z16,bat_score>0,0,1
1ita65h,bat_score>0,0,1
1itps5z,bat_score>0,0,1
1itqgwt,bat_score>0,0,1
1iu5u7t,bat_score>0,0,1
1iudnc6,bat_score>0,0,1
1iufvc9,bat_score>0,0,1
1iuq5o0,bat_score>0,0,1
1iuo9s5,bat_score>0,0,1
1iuqfwp,bat_score>0,0,1
1iurck7,bat_score>0,0,1
1iutruu,bat_score>0,0,1
1iuzxcd,bat_score>0,0,1
1iv1zs1,bat_score>0,0,1
1iv4kp8,bat_score>0,0,1
1iv81zk,bat_score>0,0,1
1ivtcfu,bat_score>0,0,1
1ivvnwi,bat_score>0,0,1
1iw3gkh,bat_score>0,0,1
1iw6aeh,bat_score>0,0,1
1iwwmat,bat_score>0,0,1
1ixmf0n,bat_score>0,0,1
1iyav5m,bat_score>0,0,1
1iyeil5,bat_score>0,0,1
1iykhsd,bat_score>0,0,1
1iyko1b,bat_score>0,0,1
1iz3l9f,bat_score>0,0,1
1izc9x1,bat_score>0,0,1
1izetwa,bat_score>0,0,1
1izja87,bat_score>0,0,1
1izoal0,bat_score>0,0,1
1j046ht,bat_score>0,0,1
1j048df,bat_score>0,0,1
1j0a268,bat_score>0,0,1
1j0bg9l,bat_score>0,0,1
1j0bukz,bat_score>0,0,1
1j0djxb,bat_score>0,0,1
1j0cknc,bat_score>0,0,1
1j0dq7z,bat_score>0,0,1
1j0dvgu,bat_score>0,0,1
1j0fa8k,bat_score>0,0,1
1j0gkdb,bat_score>0,0,1
1j15lvt,bat_score>0,0,1
1j1bj9l,bat_score>0,0,1
1j1plm1,bat_score>0,0,1
1j1r5dq,bat_score>0,0,1
1j2ets8,bat_score>0,0,1
1j2kdkf,bat_score>0,0,1
1j2kj3w,bat_score>0,0,1
1j2l1dt,bat_score>0,0,1
1j2m10e,bat_score>0,0,1
1j2y0pk,bat_score>0,0,1
1j368hw,bat_score>0,0,1
1j3lbgj,bat_score>0,0,1
1j3mwha,bat_score>0,0,1
1j3z8c9,bat_score>0,0,1
1j4audi,bat_score>0,0,1
1j4asuo,bat_score>0,0,1
1j4km3o,bat_score>0,0,1
1j4t6on,bat_score>0,0,1
1j53vbi,bat_score>0,0,1
1j5c3dc,bat_score>0,0,1
1j5q2be,bat_score>0,0,1
1j5yo2r,bat_score>0,0,1
1j5ybum,bat_score>0,0,1
1j7flfa,bat_score>0,0,1
1j87sd2,bat_score>0,0,1
1j89vwy,bat_score>0,0,1
1j8lgx7,bat_score>0,0,1
1j8rrtd,bat_score>0,0,1
1j92exb,bat_score>0,0,1
1j9fxi5,bat_score>0,0,1
1j9ksk5,bat_score>0,0,1
1j9lya5,bat_score>0,0,1
1j9mg5v,bat_score>0,0,1
1j9nxgq,bat_score>0,0,1
1j9r2j1,bat_score>0,0,1
1j9rue8,bat_score>0,0,1
1j9udy4,bat_score>0,0,1
1j9xa31,bat_score>0,0,1
1j9ygdz,bat_score>0,0,1
1j9znf6,bat_score>0,0,1
1ja4k6f,bat_score>0,0,1
1jam4je,bat_score>0,0,1
1jane1s,bat_score>0,0,1
1jb3j2v,bat_score>0,0,1
1jbeedo,bat_score>0,0,1
1jbsujl,bat_score>0,0,1
1jcfm0o,bat_score>0,0,1
1jcju2w,bat_score>0,0,1
1jczay9,bat_score>0,0,1
1jd2mx0,bat_score>0,0,1
1jd783r,bat_score>0,0,1
1jd869h,bat_score>0,0,1
1jd8rq6,bat_score>0,0,1
1jdc8tv,bat_score>0,0,1
1jdme8f,bat_score>0,0,1
1jdqw9o,bat_score>0,0,1
1jdxsfy,bat_score>0,0,1
1je0jzc,bat_score>0,0,1
1je3s7b,bat_score>0,0,1
1jederd,bat_score>0,0,1
1jedfrr,bat_score>0,0,1
1jeh7zy,bat_score>0,0,1
1jf2mrv,bat_score>0,0,1
1jf7t9i,bat_score>0,0,1
1jf90du,bat_score>0,0,1
1jf9f2p,bat_score>0,0,1
1jfkpad,bat_score>0,0,1
1jfdhh5,bat_score>0,0,1
1jfmhi3,bat_score>0,0,1
1jfozo0,bat_score>0,0,1
1jfqrda,bat_score>0,0,1
1jfumvw,bat_score>0,0,1
1jfxen0,bat_score>0,0,1
1jg0tvx,bat_score>0,0,1
1jfzh1w,bat_score>0,0,1
1jg4haq,bat_score>0,0,1
1jgw3ab,bat_score>0,0,1
1jgug0n,bat_score>0,0,1
1jh9v4w,bat_score>0,0,1
1ji8zi1,bat_score>0,0,1
1jinqlz,bat_score>0,0,1
1jim6zz,bat_score>0,0,1
1jiqzit,bat_score>0,0,1
1jit24e,bat_score>0,0,1
1jiza0r,bat_score>0,0,1
1jjaczt,bat_score>0,0,1
1jjlxle,bat_score>0,0,1
1jjsmvo,bat_score>0,0,1
1jk8ub5,bat_score>0,0,1
1jk93z6,bat_score>0,0,1
1jk992i,bat_score>0,0,1
1jkedco,bat_score>0,0,1
1jkkc8p,bat_score>0,0,1
1jkmyxi,bat_score>0,0,1
1jl224b,bat_score>0,0,1
1jl4m52,bat_score>0,0,1
1jl88hk,bat_score>0,0,1
1jl9if2,bat_score>0,0,1
1jla35q,bat_score>0,0,1
1jldnow,bat_score>0,0,1
1jm2ire,bat_score>0,0,1
1jm2vuk,bat_score>0,0,1
1jm5rx4,bat_score>0,0,1
1jmc4u0,bat_score>0,0,1
1jnq20n,bat_score>0,0,1
1jnx4px,bat_score>0,0,1
1jobzct,bat_score>0,0,1
1jobaff,bat_score>0,0,1
1joh86d,bat_score>0,0,1
1jombe0,bat_score>0,0,1
1joyun2,bat_score>0,0,1
1jp5s70,bat_score>0,0,1
1jp4eu5,bat_score>0,0,1
1jpnljd,bat_score>0,0,1
1jppp6x,bat_score>0,0,1
1jps17q,bat_score>0,0,1
1jpvwdt,bat_score>0,0,1
1jpzdnu,bat_score>0,0,1
1jq3p9o,bat_score>0,0,1
1jqcadb,bat_score>0,0,1
1jqrpdu,bat_score>0,0,1
1jqtzp1,bat_score>0,0,1
1jqusap,bat_score>0,0,1
1jqyrdw,bat_score>0,0,1
1jr4k06,bat_score>0,0,1
1jrb8wp,bat_score>0,0,1
1jreowh,bat_score>0,0,1
1jrka7n,bat_score>0,0,1
1jrv81d,bat_score>0,0,1
1jrzwf7,bat_score>0,0,1
1js8bed,bat_score>0,0,1
1jsoiwu,bat_score>0,0,1
1jssqqk,bat_score>0,0,1
1jtj81f,bat_score>0,0,1
1jtqw7c,bat_score>0,0,1
1jtse8z,bat_score>0,0,1
1jtsn50,bat_score>0,0,1
1jtyrr9,bat_score>0,0,1
1jtyxgs,bat_score>0,0,1
1juevli,bat_score>0,0,1
1juglsu,bat_score>0,0,1
1julg0u,bat_score>0,0,1
1jumhzi,bat_score>0,0,1
1jup1e2,bat_score>0,0,1
1jup4e5,bat_score>0,0,1
1juxk0d,bat_score>0,0,1
1jv15gy,bat_score>0,0,1
1jv28sf,bat_score>0,0,1
1jv2f9y,bat_score>0,0,1
1jv9lkq,bat_score>0,0,1
1jvmsrv,bat_score>0,0,1
1jvpuk8,bat_score>0,0,1
1jvmsni,bat_score>0,0,1
1jvtpub,bat_score>0,0,1
1jvvdr2,bat_score>0,0,1
1jvzw4u,bat_score>0,0,1
1jw0j72,bat_score>0,0,1
1jw1eqi,bat_score>0,0,1
1jw2ss8,bat_score>0,0,1
1jw8lrq,bat_score>0,0,1
1jw9sl6,bat_score>0,0,1
1jwe2cl,bat_score>0,0,1
1jwc3ml,bat_score>0,0,1
1jweqa0,bat_score>0,0,1
1jwjwhp,bat_score>0,0,1
1jwknec,bat_score>0,0,1
1jwp3t7,bat_score>0,0,1
1jx00g2,bat_score>0,0,1
1jx0fqb,bat_score>0,0,1
1jx4adh,bat_score>0,0,1
1jx621z,bat_score>0,0,1
1jxoybu,bat_score>0,0,1
1jy65t6,bat_score>0,0,1
1jyl69k,bat_score>0,0,1
1jyq5jx,bat_score>0,0,1
1jz4aby,bat_score>0,0,1
1jz52na,bat_score>0,0,1
1jz5opb,bat_score>0,0,1
1jzphbi,bat_score>0,0,1
1jzx3rx,bat_score>0,0,1
1k02ou1,bat_score>0,0,1
1k08xl0,bat_score>0,0,1
1k0k18l,bat_score>0,0,1
1k0mf0t,bat_score>0,0,1
1k0nddo,bat_score>0,0,1
1k0xxf7,bat_score>0,0,1
1k13as2,bat_score>0,0,1
1k108tg,bat_score>0,0,1
1k1e1vb,bat_score>0,0,1
1k1mqf0,bat_score>0,0,1
1k3mtj0,bat_score>0,0,1
1k442ub,bat_score>0,0,1
1k40gpu,bat_score>0,0,1
1k4bnyk,bat_score>0,0,1
1k4eldh,bat_score>0,0,1
1k4iof8,bat_score>0,0,1
1k4m29i,bat_score>0,0,1
1k5ajhx,bat_score>0,0,1
1k5e45u,bat_score>0,0,1
1k5janp,bat_score>0,0,1
1k5jfnz,bat_score>0,0,1
1k5ogmp,bat_score>0,0,1
1k5pk71,bat_score>0,0,1
1k5rvao,bat_score>0,0,1
1k5rauq,bat_score>0,0,1
1k60vaw,bat_score>0,0,1
1k67d1y,bat_score>0,0,1
1k6d1uj,bat_score>0,0,1
1k6e7aw,bat_score>0,0,1
1k6f81y,bat_score>0,0,1
1k6dnkg,bat_score>0,0,1
1k6fzgj,bat_score>0,0,1
1k6r09b,bat_score>0,0,1
1k6zovy,bat_score>0,0,1
1k7777d,bat_score>0,0,1
1k7iq82,bat_score>0,0,1
1k7mehb,bat_score>0,0,1
1k7ph1b,bat_score>0,0,1
1k8hr7f,bat_score>0,0,1
1k93hq2,bat_score>0,0,1
1k9dhkf,bat_score>0,0,1
1k9opcg,bat_score>0,0,1
1k9tzxp,bat_score>0,0,1
1ka1rf9,bat_score>0,0,1
1ka4opo,bat_score>0,0,1
1ka5h6d,bat_score>0,0,1
1kaaxc7,bat_score>0,0,1
1kaaif6,bat_score>0,0,1
1kae213,bat_score>0,0,1
1kajphn,bat_score>0,0,1
1kahdq9,bat_score>0,0,1
1kawklm,bat_score>0,0,1
1kayvhi,bat_score>0,0,1
1kb04q5,bat_score>0,0,1
1kb4tsu,bat_score>0,0,1
1kbaqs6,bat_score>0,0,1
1kbbwj6,bat_score>0,0,1
1kbhnva,bat_score>0,0,1
1kc02u4,bat_score>0,0,1
1kc30qw,bat_score>0,0,1
1kc5fh1,bat_score>0,0,1
1kcjgld,bat_score>0,0,1
1kcn336,bat_score>0,0,1
1kcoumr,bat_score>0,0,1
1kd2k9t,bat_score>0,0,1
1kd60l1,bat_score>0,0,1
1kd6hd2,bat_score>0,0,1
1kdc6mi,bat_score>0,0,1
1kdmyxm,bat_score>0,0,1
1kefrm5,bat_score>0,0,1
1kf74rr,bat_score>0,0,1
1kfcz3f,bat_score>0,0,1
1kfakqc,bat_score>0,0,1
1kfg4df,bat_score>0,0,1
1kfh0j0,bat_score>0,0,1
1kfooln,bat_score>0,0,1
1kfqco4,bat_score>0,0,1
1kfmcj2,bat_score>0,0,1
1kfsxmq,bat_score>0,0,1
1kft0q4,bat_score>0,0,1
1kg3lte,bat_score>0,0,1
1kgd9u8,bat_score>0,0,1
1kgggww,bat_score>0,0,1
1kgj3nn,bat_score>0,0,1
1kgool8,bat_score>0,0,1
1kgkfrp,bat_score>0,0,1
1kgu0x1,bat_score>0,0,1
1kgwu0w,bat_score>0,0,1
1kh0url,bat_score>0,0,1
1khdxt1,bat_score>0,0,1
1khwsc3,bat_score>0,0,1
1khyvt7,bat_score>0,0,1
1ki6x33,bat_score>0,0,1
1kid805,bat_score>0,0,1
1kig0fp,bat_score>0,0,1
1kihhmx,bat_score>0,0,1
1kijefb,bat_score>0,0,1
1kithim,bat_score>0,0,1
1kj6259,bat_score>0,0,1
1kjd9dp,bat_score>0,0,1
1kjigjc,bat_score>0,0,1
1kjn61c,bat_score>0,0,1
1kk3kkn,bat_score>0,0,1
1kkhegm,bat_score>0,0,1
1kk3mlr,bat_score>0,0,1
1kkh1nv,bat_score>0,0,1
1klpguj,bat_score>0,0,1
1klwmmf,bat_score>0,0,1
1klz4sw,bat_score>0,0,1
1kmdrkh,bat_score>0,0,1
1kmfn4n,bat_score>0,0,1
1kmhg56,bat_score>0,0,1
1kmlo45,bat_score>0,0,1
1kmqo75,bat_score>0,0,1
1knahmj,bat_score>0,0,1
1knbdkj,bat_score>0,0,1
1knc23q,bat_score>0,0,1
1knexsx,bat_score>0,0,1
1knhceg,bat_score>0,0,1
1kno59s,bat_score>0,0,1
1ko02bd,bat_score>0,0,1
1ko4fs2,bat_score>0,0,1
1ko7aj7,bat_score>0,0,1
1ko76zg,bat_score>0,0,1
1ko99xc,bat_score>0,0,1
1koacrf,bat_score>0,0,1
1komnmm,bat_score>0,0,1
1kof55r,bat_score>0,0,1
1kpx5e5,bat_score>0,0,1
1kpqb7r,bat_score>0,0,1
1kq2215,bat_score>0,0,1
1kq8tdo,bat_score>0,0,1
1kqi57g,bat_score>0,0,1
1kqmwpt,bat_score>0,0,1
1kqtv2n,bat_score>0,0,1
1kr3t1p,bat_score>0,0,1
1kr62as,bat_score>0,0,1
1kr89ns,bat_score>0,0,1
1krf7j6,bat_score>0,0,1
1krkbzd,bat_score>0,0,1
1krqje0,bat_score>0,0,1
1krrm1h,bat_score>0,0,1
1ks62rp,bat_score>0,0,1
1ks4wya,bat_score>0,0,1
1ks92ek,bat_score>0,0,1
1ksau3n,bat_score>0,0,1
1kt9iam,bat_score>0,0,1
1ktmyfq,bat_score>0,0,1
1kujywc,bat_score>0,0,1
1kv9juv,bat_score>0,0,1
1kvbow2,bat_score>0,0,1
1kvfdsa,bat_score>0,0,1
1kvuzs8,bat_score>0,0,1
1kw1y5p,bat_score>0,0,1
1kw37xg,bat_score>0,0,1
1kwdute,bat_score>0,0,1
1kwmf2m,bat_score>0,0,1
1kwp2gs,bat_score>0,0,1
1kwp4fl,bat_score>0,0,1
1kws6yx,bat_score>0,0,1
1kwtavg,bat_score>0,0,1
1kwxlzf,bat_score>0,0,1
1kx27jm,bat_score>0,0,1
1kx4xsz,bat_score>0,0,1
1kx82tn,bat_score>0,0,1
1kx7vj1,bat_score>0,0,1
1kxmpc2,bat_score>0,0,1
1kxmywp,bat_score>0,0,1
1kxpt21,bat_score>0,0,1
1kxuama,bat_score>0,0,1
1kxwt4p,bat_score>0,0,1
1kxyunp,bat_score>0,0,1
1kxwjtn,bat_score>0,0,1
1kyd43v,bat_score>0,0,1
1kydsex,bat_score>0,0,1
1kyk9vm,bat_score>0,0,1
1kyl0ku,bat_score>0,0,1
1kyttmx,bat_score>0,0,1
1kzir1a,bat_score>0,0,1
1kzcp3q,bat_score>0,0,1
1kzenf2,bat_score>0,0,1
1kzypvo,bat_score>0,0,1
1kzp2v9,bat_score>0,0,1
1l0st0i,bat_score>0,0,1
1l1oyzd,bat_score>0,0,1
1l1vr8v,bat_score>0,0,1
1l1yt8y,bat_score>0,0,1
1l23ulc,bat_score>0,0,1
1l24a24,bat_score>0,0,1
1l2jj91,bat_score>0,0,1
1l2st8j,bat_score>0,0,1
1l36qww,bat_score>0,0,1
1l3brv6,bat_score>0,0,1
1l3e6t0,bat_score>0,0,1
1l3cw6t,bat_score>0,0,1
1l3hqk6,bat_score>0,0,1
1l3jif9,bat_score>0,0,1
1l3o3xp,bat_score>0,0,1
1l3t4bm,bat_score>0,0,1
1l3tmnu,bat_score>0,0,1
1l3uzxv,bat_score>0,0,1
1l401y8,bat_score>0,0,1
1l42bvj,bat_score>0,0,1
1l44n27,bat_score>0,0,1
1l4602r,bat_score>0,0,1
1l4dbsf,bat_score>0,0,1
1l4jmdy,bat_score>0,0,1
1l4jpc1,bat_score>0,0,1
1l4qhdn,bat_score>0,0,1
1l4x22x,bat_score>0,0,1
1l548mf,bat_score>0,0,1
1l539bb,bat_score>0,0,1
1l59tt3,bat_score>0,0,1
1l55stg,bat_score>0,0,1
1l5esri,bat_score>0,0,1
1l5ai4q,bat_score>0,0,1
1l5dk8p,bat_score>0,0,1
1l5udzy,bat_score>0,0,1
1l68dx9,bat_score>0,0,1
1l6cfrh,bat_score>0,0,1
1l6hgwv,bat_score>0,0,1
1l6pduk,bat_score>0,0,1
1l77tms,bat_score>0,0,1
1l7f6c2,bat_score>0,0,1
1l7gea4,bat_score>0,0,1
1l7momk,bat_score>0,0,1
1l8hkjy,bat_score>0,0,1
1l8hly3,bat_score>0,0,1
1l8nivi,bat_score>0,0,1
1l8wgla,bat_score>0,0,1
1l8vx76,bat_score>0,0,1
1l97cra,bat_score>0,0,1
1l9qiag,bat_score>0,0,1
1l9qp73,bat_score>0,0,1
1la18fi,bat_score>0,0,1
1la1wy9,bat_score>0,0,1
1lagtsw,bat_score>0,0,1
1laqvx7,bat_score>0,0,1
1laxxmc,bat_score>0,0,1
1lb51xf,bat_score>0,0,1
1lb687y,bat_score>0,0,1
1lbbg41,bat_score>0,0,1
1lbm316,bat_score>0,0,1
1lbsw4c,bat_score>0,0,1
1lbwzcx,bat_score>0,0,1
1lc5ui7,bat_score>0,0,1
1lcoqba,bat_score>0,0,1
1lcu4h8,bat_score>0,0,1
1lcx8n3,bat_score>0,0,1
1ld2h42,bat_score>0,0,1
1ld834t,bat_score>0,0,1
1ldi7md,bat_score>0,0,1
1ldogpd,bat_score>0,0,1
1ldp297,bat_score>0,0,1
1ldu2uw,bat_score>0,0,1
1le3zno,bat_score>0,0,1
1le46za,bat_score>0,0,1
1le3guy,bat_score>0,0,1
1lee914,bat_score>0,0,1
1lei40y,bat_score>0,0,1
1lem3zc,bat_score>0,0,1
1lepfxr,bat_score>0,0,1
1ley7oo,bat_score>0,0,1
1lf4j2k,bat_score>0,0,1
1lg5fk8,bat_score>0,0,1
1lg6eg1,bat_score>0,0,1
1lgr4j8,bat_score>0,0,1
1lh6b29,bat_score>0,0,1
1lietnw,bat_score>0,0,1
1liol4d,bat_score>0,0,1
1linr33,bat_score>0,0,1
1lizyk6,bat_score>0,0,1
1lja077,bat_score>0,0,1
1ljgkbx,bat_score>0,0,1
1ljrfu3,bat_score>0,0,1
1lk7iuv,bat_score>0,0,1
1lke9cr,bat_score>0,0,1
1lksk8e,bat_score>0,0,1
1ll2lnr,bat_score>0,0,1
1llfu7y,bat_score>0,0,1
1llm8gu,bat_score>0,0,1
1llqs8k,bat_score>0,0,1
1llt3bs,bat_score>0,0,1
1llt1n3,bat_score>0,0,1
1ln2mp4,bat_score>0,0,1
1lnyq5u,bat_score>0,0,1
1lntz6p,bat_score>0,0,1
1lo89k9,bat_score>0,0,1
1lo8z2s,bat_score>0,0,1
1lp2fbp,bat_score>0,0,1
1lp6w4d,bat_score>0,0,1
1lp92t1,bat_score>0,0,1
1lpgmnq,bat_score>0,0,1
1lpwpt6,bat_score>0,0,1
1lpxb14,bat_score>0,0,1
1lq3d68,bat_score>0,0,1
1lqdb4e,bat_score>0,0,1
1lqlcwg,bat_score>0,0,1
1lqro5l,bat_score>0,0,1
1lqy8c4,bat_score>0,0,1
1lt9p2m,bat_score>0,0,1
1ltpd4i,bat_score>0,0,1
1lu1gcl,bat_score>0,0,1
1lv3ww6,bat_score>0,0,1
1lvashz,bat_score>0,0,1
1lvgn33,bat_score>0,0,1
1lvjgt3,bat_score>0,0,1
1lvlt1a,bat_score>0,0,1
1lvn2z0,bat_score>0,0,1
1lvsthf,bat_score>0,0,1
1lvxfy8,bat_score>0,0,1
1lw81et,bat_score>0,0,1
1lwmnwi,bat_score>0,0,1
1lwk74d,bat_score>0,0,1
1lwz2ci,bat_score>0,0,1
1lx4fx1,bat_score>0,0,1
1lxcmoo,bat_score>0,0,1
1lxc11c,bat_score>0,0,1
1lxupcf,bat_score>0,0,1
1ly99ml,bat_score>0,0,1
1lyfgvf,bat_score>0,0,1
1lzn9hc,bat_score>0,0,1
1lztvc8,bat_score>0,0,1
1lzu8k1,bat_score>0,0,1
1lzwh5v,bat_score>0,0,1
1lzxj59,bat_score>0,0,1
1m0gbex,bat_score>0,0,1
1m0el30,bat_score>0,0,1
1m0ui21,bat_score>0,0,1
1m0x3ao,bat_score>0,0,1
1m0zmcc,bat_score>0,0,1
1m1gtfu,bat_score>0,0,1
1m1ijsy,bat_score>0,0,1
1m1ird6,bat_score>0,0,1
1m1omi6,bat_score>0,0,1
1m1lont,bat_score>0,0,1
1m1pctu,bat_score>0,0,1
1m1xyb8,bat_score>0,0,1
1m22uej,bat_score>0,0,1
1m24dsk,bat_score>0,0,1
1m2iyfe,bat_score>0,0,1
1m2ifpi,bat_score>0,0,1
1m2j73u,bat_score>0,0,1
1m2ngem,bat_score>0,0,1
1m2mg43,bat_score>0,0,1
1m2wlu6,bat_score>0,0,1
1m3npkd,bat_score>0,0,1
1m3x6cj,bat_score>0,0,1
1m4fdis,bat_score>0,0,1
1m4hpss,bat_score>0,0,1
1m5jg93,bat_score>0,0,1
1m5rtye,bat_score>0,0,1
1m66ywu,bat_score>0,0,1
1m6a6u0,bat_score>0,0,1
1m6nhfq,bat_score>0,0,1
1m6rbbn,bat_score>0,0,1
1m6wqn2,bat_score>0,0,1
1m6xuf0,bat_score>0,0,1
1m73ppy,bat_score>0,0,1
1m741t6,bat_score>0,0,1
1m7e6lt,bat_score>0,0,1
1m7cg21,bat_score>0,0,1
1m7fk20,bat_score>0,0,1
1m7nruz,bat_score>0,0,1
1m7oeof,bat_score>0,0,1
1m85yin,bat_score>0,0,1
1m8idga,bat_score>0,0,1
1m8lyiu,bat_score>0,0,1
1m8xdwe,bat_score>0,0,1
1m9154k,bat_score>0,0,1
1ma29iv,bat_score>0,0,1
1ma8wn4,bat_score>0,0,1
1maul5f,bat_score>0,0,1
1mawvkg,bat_score>0,0,1
1max1h3,bat_score>0,0,1
1mb487a,bat_score>0,0,1
1mazrds,bat_score>0,0,1
1mbjzg7,bat_score>0,0,1
1mc0o81,bat_score>0,0,1
1mcl1ek,bat_score>0,0,1
1mch2mu,bat_score>0,0,1
1mclrow,bat_score>0,0,1
1mcow8g,bat_score>0,0,1
1mcz2yb,bat_score>0,0,1
1mdgdxo,bat_score>0,0,1
1mdg6zn,bat_score>0,0,1
1mdmqid,bat_score>0,0,1
1mdrrrz,bat_score>0,0,1
1mdrl14,bat_score>0,0,1
1me20q0,bat_score>0,0,1
1me3xub,bat_score>0,0,1
1me841y,bat_score>0,0,1
1medrmv,bat_score>0,0,1
1mexxpv,bat_score>0,0,1
1mfix37,bat_score>0,0,1
1mfm1ff,bat_score>0,0,1
1mfs8hi,bat_score>0,0,1
1mgksnu,bat_score>0,0,1
1mhonek,bat_score>0,0,1
1mhngje,bat_score>0,0,1
1mhj2d9,bat_score>0,0,1
1mhwrmr,bat_score>0,0,1
1mi583x,bat_score>0,0,1
1mi5xad,bat_score>0,0,1
1mic8y7,bat_score>0,0,1
1mi9mur,bat_score>0,0,1
1mi9g7d,bat_score>0,0,1
1micneb,bat_score>0,0,1
1mih39w,bat_score>0,0,1
1mj3qub,bat_score>0,0,1
1mjd3af,bat_score>0,0,1
1mjlvca,bat_score>0,0,1
1mjqwzc,bat_score>0,0,1
1mk2ni4,bat_score>0,0,1
1mk8m03,bat_score>0,0,1
1mkg8uo,bat_score>0,0,1
1mkh86t,bat_score>0,0,1
1mkz9tv,bat_score>0,0,1
1ml22cg,bat_score>0,0,1
1mlfoli,bat_score>0,0,1
1mmyqtf,bat_score>0,0,1
1mn7a0r,bat_score>0,0,1
1mnwn7u,bat_score>0,0,1
1mnus5e,bat_score>0,0,1
1mnyycv,bat_score>0,0,1
1mo3m55,bat_score>0,0,1
1mo8f14,bat_score>0,0,1
1moidm1,bat_score>0,0,1
1mox8v8,bat_score>0,0,1
1moxfr1,bat_score>0,0,1
1mp24yi,bat_score>0,0,1
1mp9col,bat_score>0,0,1
1mpcn6k,bat_score>0,0,1
1mpdtao,bat_score>0,0,1
1mpkcm0,bat_score>0,0,1
1mpnhpj,bat_score>0,0,1
1mpyhy3,bat_score>0,0,1
1mqebnz,bat_score>0,0,1
1mqivp0,bat_score>0,0,1
1mqfa96,bat_score>0,0,1
1mqxsul,bat_score>0,0,1
1mqkdu3,bat_score>0,0,1
1mqzu36,bat_score>0,0,1
1mr2e9d,bat_score>0,0,1
1mrywav,bat_score>0,0,1
1msk17y,bat_score>0,0,1
1mte3ja,bat_score>0,0,1
1mtybgt,bat_score>0,0,1
1mu10b4,bat_score>0,0,1
1mu4yjx,bat_score>0,0,1
1mucf83,bat_score>0,0,1
1muequ0,bat_score>0,0,1
1mv6s39,bat_score>0,0,1
1mvlpez,bat_score>0,0,1
1mvpvyo,bat_score>0,0,1
1mvs6hg,bat_score>0,0,1
1mw4n7g,bat_score>0,0,1
1mvzka3,bat_score>0,0,1
1mw5922,bat_score>0,0,1
1mw94o7,bat_score>0,0,1
1mw9hhp,bat_score>0,0,1
1mwhj35,bat_score>0,0,1
1mwhji0,bat_score>0,0,1
1mwkv1e,bat_score>0,0,1
1mwtarq,bat_score>0,0,1
1mwvmxd,bat_score>0,0,1
1mx0vze,bat_score>0,0,1
1my1wqr,bat_score>0,0,1
1myoabu,bat_score>0,0,1
1mz41ko,bat_score>0,0,1
1mzigfp,bat_score>0,0,1
1mzv9ek,bat_score>0,0,1
1n07vbv,bat_score>0,0,1
1n09o3m,bat_score>0,0,1
1n0if1d,bat_score>0,0,1
1n0p34x,bat_score>0,0,1
1n0qg5e,bat_score>0,0,1
1n0uqq8,bat_score>0,0,1
1n14xnq,bat_score>0,0,1
1n15xfq,bat_score>0,0,1
1n1d57k,bat_score>0,0,1
1n1eel5,bat_score>0,0,1
1n1lulh,bat_score>0,0,1
1n1v48t,bat_score>0,0,1
1n20aof,bat_score>0,0,1
1n24bu3,bat_score>0,0,1
1n2jk0n,bat_score>0,0,1
1n2os5w,bat_score>0,0,1
1n2tflr,bat_score>0,0,1
1n2xifc,bat_score>0,0,1
1n312ks,bat_score>0,0,1
1n31f4n,bat_score>0,0,1
1n3eox0,bat_score>0,0,1
1n3havn,bat_score>0,0,1
1n44hii,bat_score>0,0,1
1n4a5o1,bat_score>0,0,1
1n4qkjm,bat_score>0,0,1
1n4zok6,bat_score>0,0,1
1n4xr9v,bat_score>0,0,1
1n5115i,bat_score>0,0,1
1n509vv,bat_score>0,0,1
1n5l4sm,bat_score>0,0,1
1n5wwjd,bat_score>0,0,1
1n6jp6b,bat_score>0,0,1
1n6sq6u,bat_score>0,0,1
1n6sz4c,bat_score>0,0,1
1n6tvzc,bat_score>0,0,1
1n6wdk4,bat_score>0,0,1
1n7479y,bat_score>0,0,1
1n7c6t3,bat_score>0,0,1
1n7jsvz,bat_score>0,0,1
1n7pl1b,bat_score>0,0,1
1n7x093,bat_score>0,0,1
1n7xtlr,bat_score>0,0,1
1n8eryb,bat_score>0,0,1
1n8ib7d,bat_score>0,0,1
1n8io04,bat_score>0,0,1
1n8ozf8,bat_score>0,0,1
1n8q55k,bat_score>0,0,1
1n92jmr,bat_score>0,0,1
1n9a33x,bat_score>0,0,1
1n9hkmr,bat_score>0,0,1
1na1cip,bat_score>0,0,1
1nakvka,bat_score>0,0,1
1nbam0k,bat_score>0,0,1
1nbq51r,bat_score>0,0,1
1nbyxw7,bat_score>0,0,1
1nbzbak,bat_score>0,0,1
1nbzmrh,bat_score>0,0,1
1nc717a,bat_score>0,0,1
1ncb4nn,bat_score>0,0,1
1nccgdc,bat_score>0,0,1
1nclrjc,bat_score>0,0,1
1nd5vdr,bat_score>0,0,1
1ndk9do,bat_score>0,0,1
1nds08g,bat_score>0,0,1
1ndom51,bat_score>0,0,1
1ne1532,bat_score>0,0,1
1neay9h,bat_score>0,0,1
1neabwo,bat_score>0,0,1
1nel5if,bat_score>0,0,1
1neixob,bat_score>0,0,1
1nesbza,bat_score>0,0,1
1neseds,bat_score>0,0,1
1nesw3j,bat_score>0,0,1
1nf57a2,bat_score>0,0,1
1nfbdtu,bat_score>0,0,1
1nfdlct,bat_score>0,0,1
1nfo3io,bat_score>0,0,1
1ng44rj,bat_score>0,0,1
1nh0g7z,bat_score>0,0,1
1nh4i80,bat_score>0,0,1
1nh9dty,bat_score>0,0,1
1nhnfru,bat_score>0,0,1
1nhxsi4,bat_score>0,0,1
1ni1dlh,bat_score>0,0,1
1nijegx,bat_score>0,0,1
1nj1eo6,bat_score>0,0,1
1njbezx,bat_score>0,0,1
1njcpcn,bat_score>0,0,1
1njdawl,bat_score>0,0,1
1njwqje,bat_score>0,0,1
1nk7jpr,bat_score>0,0,1
1nkcn1t,bat_score>0,0,1
1nkh52x,bat_score>0,0,1
1nko0gb,bat_score>0,0,1
1nl25ff,bat_score>0,0,1
1nl2obg,bat_score>0,0,1
1nld6bf,bat_score>0,0,1
1nlej0j,bat_score>0,0,1
1nniy6j,bat_score>0,0,1
1nocs17,bat_score>0,0,1
1noy5t2,bat_score>0,0,1
1npmxrm,bat_score>0,0,1
1npta1z,bat_score>0,0,1
1npt7k4,bat_score>0,0,1
1nq1o7u,bat_score>0,0,1
1nq63z2,bat_score>0,0,1
1nq943g,bat_score>0,0,1
1nq96vh,bat_score>0,0,1
1nqwr9b,bat_score>0,0,1
1nr3mg5,bat_score>0,0,1
1nrcd0r,bat_score>0,0,1
1nrg6id,bat_score>0,0,1
1nsqsis,bat_score>0,0,1
1nswkfk,bat_score>0,0,1
1ntgtup,bat_score>0,0,1
1ntq5w6,bat_score>0,0,1
1ntqjx6,bat_score>0,0,1
1nu83ur,bat_score>0,0,1
1nuacyi,bat_score>0,0,1
1nul0mb,bat_score>0,0,1
1nv277v,bat_score>0,0,1
1nvcird,bat_score>0,0,1
1nvdis8,bat_score>0,0,1
1nvo1q7,bat_score>0,0,1
1nw3145,bat_score>0,0,1
1nwadq2,bat_score>0,0,1
1nw9naf,bat_score>0,0,1
1nwgl9k,bat_score>0,0,1
1nwi1ct,bat_score>0,0,1
1nwvft7,bat_score>0,0,1
1nwyjss,bat_score>0,0,1
1nx0k02,bat_score>0,0,1
1nx0cn5,bat_score>0,0,1
1nx4355,bat_score>0,0,1
1nx9z1k,bat_score>0,0,1
1nxso2s,bat_score>0,0,1
1nzaoko,bat_score>0,0,1
1nzmhkm,bat_score>0,0,1
1nzmpqz,bat_score>0,0,1
1nznkho,bat_score>0,0,1
1nzu835,bat_score>0,0,1
1o0dsoq,bat_score>0,0,1
1o0f8lo,bat_score>0,0,1
1o0oou2,bat_score>0,0,1
1o15s25,bat_score>0,0,1
1o1bbbx,bat_score>0,0,1
1o209mi,bat_score>0,0,1
1o1sllt,bat_score>0,0,1
1o28hs6,bat_score>0,0,1
1o2keq0,bat_score>0,0,1
1o303ty,bat_score>0,0,1
1o3047s,bat_score>0,0,1
1o42j9x,bat_score>0,0,1
1o43ic1,bat_score>0,0,1
1o4l259,bat_score>0,0,1
1o4e84f,bat_score>0,0,1
1o4kqhu,bat_score>0,0,1
1o5vx9t,bat_score>0,0,1
1o6i39g,bat_score>0,0,1
1o6t07s,bat_score>0,0,1
1o7f0uw,bat_score>0,0,1
1o7eda9,bat_score>0,0,1
1o7udiw,bat_score>0,0,1
1o7soak,bat_score>0,0,1
1o7y2jg,bat_score>0,0,1
1o895hd,bat_score>0,0,1
1o8qtne,bat_score>0,0,1
1o8hkv3,bat_score>0,0,1
1o8uo3z,bat_score>0,0,1
1o98sln,bat_score>0,0,1
1obirve,bat_score>0,0,1
1obq7x2,bat_score>0,0,1
1obro67,bat_score>0,0,1
1obs3ub,bat_score>0,0,1
1obzfpg,bat_score>0,0,1
1ocevcu,bat_score>0,0,1
1ocmthh,bat_score>0,0,1
1ocozxu,bat_score>0,0,1
1ocmyr9,bat_score>0,0,1
1ocq1oh,bat_score>0,0,1
1od7paa,bat_score>0,0,1
1odirup,bat_score>0,0,1
1odxee5,bat_score>0,0,1
1odxk0c,bat_score>0,0,1
1oe0fax,bat_score>0,0,1
1oe47bx,bat_score>0,0,1
1oe7bqa,bat_score>0,0,1
1oe7hb6,bat_score>0,0,1
1oeqooo,bat_score>0,0,1
1of0rg6,bat_score>0,0,1
1of15vb,bat_score>0,0,1
1ofpbd4,bat_score>0,0,1
1ogas2q,bat_score>0,0,1
1og7rj1,bat_score>0,0,1
1oggda1,bat_score>0,0,1
1ogs4z5,bat_score>0,0,1
1ogjnva,bat_score>0,0,1
1oh8fd8,bat_score>0,0,1
1ohg2lv,bat_score>0,0,1
1ohim8x,bat_score>0,0,1
1oiih1s,bat_score>0,0,1
1oiox1b,bat_score>0,0,1
1oit15b,bat_score>0,0,1
1oixgow,bat_score>0,0,1
1oiyzwo,bat_score>0,0,1
1oiyvpt,bat_score>0,0,1
1oj8b4a,bat_score>0,0,1
1ojf26k,bat_score>0,0,1
1ojhqng,bat_score>0,0,1
1ojm9ob,bat_score>0,0,1
1ojwdyf,bat_score>0,0,1
1okdec2,bat_score>0,0,1
1okw5m5,bat_score>0,0,1
1oky7j1,bat_score>0,0,1
1okzlom,bat_score>0,0,1
1ol7xw1,bat_score>0,0,1
1omd495,bat_score>0,0,1
1omjtu7,bat_score>0,0,1
1onauk7,bat_score>0,0,1
1ono277,bat_score>0,0,1
1ont8nu,bat_score>0,0,1
1oofxua,bat_score>0,0,1
1ookzd9,bat_score>0,0,1
1ootjxy,bat_score>0,0,1
1ooz097,bat_score>0,0,1
1opa5mv,bat_score>0,0,1
1opcct6,bat_score>0,0,1
1opcqc3,bat_score>0,0,1
1opxcko,bat_score>0,0,1
1oq7l5v,bat_score>0,0,1
1oqclod,bat_score>0,0,1
1oqeky6,bat_score>0,0,1
1oqg91j,bat_score>0,0,1
1oqzy87,bat_score>0,0,1
1os9mzn,bat_score>0,0,1
1osxln3,bat_score>0,0,1
1otaay1,bat_score>0,0,1
1otbth3,bat_score>0,0,1
1oti0g9,bat_score>0,0,1
1otjwgp,bat_score>0,0,1
1otr3r2,bat_score>0,0,1
1otu448,bat_score>0,0,1
1otxqzt,bat_score>0,0,1
1ou9p3k,bat_score>0,0,1
1oua0wq,bat_score>0,0,1
1ou675v,bat_score>0,0,1
1ouc5i5,bat_score>0,0,1
1ouc6g5,bat_score>0,0,1
1oul65j,bat_score>0,0,1
1ouvz5j,bat_score>0,0,1
1ouyhvd,bat_score>0,0,1
1ov1vrm,bat_score>0,0,1
1ov69xh,bat_score>0,0,1
1ow4b9f,bat_score>0,0,1
1ow1wnh,bat_score>0,0,1
1owxc9b,bat_score>0,0,1
1owwsd5,bat_score>0,0,1
1owzord,bat_score>0,0,1
1ox7jc2,bat_score>0,0,1
1ozib9d,bat_score>0,0,1
1p05vv8,bat_score>0,0,1
1p0s7x3,bat_score>0,0,1
1p0tluf,bat_score>0,0,1
1p0xyoi,bat_score>0,0,1
1p0zefp,bat_score>0,0,1
1p10euo,bat_score>0,0,1
1p14r49,bat_score>0,0,1
1p10mv9,bat_score>0,0,1
1p15n03,bat_score>0,0,1
1p19ln5,bat_score>0,0,1
1p1gml8,bat_score>0,0,1
1p1dmn8,bat_score>0,0,1
1p1wcgy,bat_score>0,0,1
1p22r37,bat_score>0,0,1
1p22zj7,bat_score>0,0,1
1p2cduq,bat_score>0,0,1
1p2dcmj,bat_score>0,0,1
1p2cgng,bat_score>0,0,1
1p2jy3m,bat_score>0,0,1
1p2qo0f,bat_score>0,0,1
1p2w52o,bat_score>0,0,1
1p38x55,bat_score>0,0,1
1p3eq35,bat_score>0,0,1
1p3rlkq,bat_score>0,0,1
1p4d5ev,bat_score>0,0,1
1p4e45f,bat_score>0,0,1
1p4ko0z,bat_score>0,0,1
1p5qs01,bat_score>0,0,1
1p64vqo,bat_score>0,0,1
1p6ony0,bat_score>0,0,1
1p73k01,bat_score>0,0,1
1p7qu7g,bat_score>0,0,1
1p8728z,bat_score>0,0,1
1p8ijs5,bat_score>0,0,1
1p8lzu4,bat_score>0,0,1
1p8swgg,bat_score>0,0,1
1p8seee,bat_score>0,0,1
1pan2u4,bat_score>0,0,1
1paya84,bat_score>0,0,1
1pb69pk,bat_score>0,0,1
1pb5r2s,bat_score>0,0,1
1pbihw5,bat_score>0,0,1
1pbnjcj,bat_score>0,0,1
1pbo3u4,bat_score>0,0,1
1pbvaxz,bat_score>0,0,1
1pbyx33,bat_score>0,0,1
1pc8o07,bat_score>0,0,1
1pcwdaz,bat_score>0,0,1
1pd2ful,bat_score>0,0,1
1pcz542,bat_score>0,0,1
1pdgk1c,bat_score>0,0,1
1pdke2t,bat_score>0,0,1
1pdok7q,bat_score>0,0,1
1pdlv9w,bat_score>0,0,1
1pdz65u,bat_score>0,0,1
1pe3zl0,bat_score>0,0,1
1pe6291,bat_score>0,0,1
1pepjmc,bat_score>0,0,1
1pfaqvn,bat_score>0,0,1
1pg2mnl,bat_score>0,0,1
1pge29t,bat_score>0,0,1
1pgq68v,bat_score>0,0,1
1phh3v9,bat_score>0,0,1
1phhrzb,bat_score>0,0,1
1phjib3,bat_score>0,0,1
1phis6n,bat_score>0,0,1
1phjsq1,bat_score>0,0,1
1phko0i,bat_score>0,0,1
1phomqz,bat_score>0,0,1
1pib3rh,bat_score>0,0,1
1pih10y,bat_score>0,0,1
1piiqxl,bat_score>0,0,1
1pim1de,bat_score>0,0,1
1pirnfi,bat_score>0,0,1
1pioxb2,bat_score>0,0,1
1pimm4d,bat_score>0,0,1
1pixq7w,bat_score>0,0,1
1pjn20e,bat_score>0,0,1
1pjvi56,bat_score>0,0,1
1pjzlno,bat_score>0,0,1
1pk1buu,bat_score>0,0,1
1pkd55q,bat_score>0,0,1
1pkljub,bat_score>0,0,1
1pkufsf,bat_score>0,0,1
1pkwpur,bat_score>0,0,1
1pkwswa,bat_score>0,0,1
1pl2ydk,bat_score>0,0,1
1plbvdk,bat_score>0,0,1
1pllgpi,bat_score>0,0,1
1pn3omb,bat_score>0,0,1
1pn5q0i,bat_score>0,0,1
1pn9bna,bat_score>0,0,1
1png22c,bat_score>0,0,1
1pnkq7w,bat_score>0,0,1
1pny175,bat_score>0,0,1
1po3az2,bat_score>0,0,1
1po7bsn,bat_score>0,0,1
1po78d9,bat_score>0,0,1
1pod2gq,bat_score>0,0,1
1po97b7,bat_score>0,0,1
1pos3xh,bat_score>0,0,1
1pot38e,bat_score>0,0,1
1ppi42x,bat_score>0,0,1
1pps18u,bat_score>0,0,1
1pppkwv,bat_score>0,0,1
1ppvnch,bat_score>0,0,1
1ppzm76,bat_score>0,0,1
1ppzytp,bat_score>0,0,1
1pq7ush,bat_score>0,0,1
1pqomk3,bat_score>0,0,1
1pqwo9f,bat_score>0,0,1
1praux7,bat_score>0,0,1
1psov0v,bat_score>0,0,1
1psup84,bat_score>0,0,1
1pt01km,bat_score>0,0,1
1ptahvv,bat_score>0,0,1
1ptc96h,bat_score>0,0,1
1ptaq2f,bat_score>0,0,1
1ptnc81,bat_score>0,0,1
1pu79cx,bat_score>0,0,1
1pue3n4,bat_score>0,0,1
1puu8qr,bat_score>0,0,1
1px1x19,bat_score>0,0,1
1pxcgyd,bat_score>0,0,1
1px6y3n,bat_score>0,0,1
1pxud9r,bat_score>0,0,1
1pyjgfr,bat_score>0,0,1
1pyldq1,bat_score>0,0,1
1pym339,bat_score>0,0,1
1pyquju,bat_score>0,0,1
1pzv04v,bat_score>0,0,1
1pzvxy6,bat_score>0,0,1
1q03x8e,bat_score>0,0,1
1q0gxoo,bat_score>0,0,1
1q0g1vb,bat_score>0,0,1
1q23z0b,bat_score>0,0,1
1q26dkw,bat_score>0,0,1
1q2e9kp,bat_score>0,0,1
1q2wo09,bat_score>0,0,1
1q3bvbd,bat_score>0,0,1
1q3eshf,bat_score>0,0,1
1q4fpl9,bat_score>0,0,1
1q4mhyy,bat_score>0,0,1
1q51t1i,bat_score>0,0,1
1q57acl,bat_score>0,0,1
1q5rxyv,bat_score>0,0,1
1q5xg1j,bat_score>0,0,1
1q61xbp,bat_score>0,0,1
1q5t3di,bat_score>0,0,1
1q692ew,bat_score>0,0,1
1q6hl7a,bat_score>0,0,1
1q6tsvz,bat_score>0,0,1
1q6zwot,bat_score>0,0,1
1q787sp,bat_score>0,0,1
1q7agrj,bat_score>0,0,1
1q7ge1w,bat_score>0,0,1
1q7vavs,bat_score>0,0,1
1q8febg,bat_score>0,0,1
1q8n24w,bat_score>0,0,1
1q8i6xj,bat_score>0,0,1
1q9ai9n,bat_score>0,0,1
1qajhia,bat_score>0,0,1
1qals7c,bat_score>0,0,1
1qarewi,bat_score>0,0,1
1qaw1ng,bat_score>0,0,1
1qb9wi7,bat_score>0,0,1
1qbe99n,bat_score>0,0,1
1qbmk3x,bat_score>0,0,1
1qbtz9q,bat_score>0,0,1
1qbwhtb,bat_score>0,0,1
1qbxmgg,bat_score>0,0,1
1qcf42r,bat_score>0,0,1
1qcg899,bat_score>0,0,1
1qcj31q,bat_score>0,0,1
1qclrm2,bat_score>0,0,1
1qcrbjy,bat_score>0,0,1
1qcv4c3,bat_score>0,0,1
1qdmrkm,bat_score>0,0,1
1qdmxjc,bat_score>0,0,1
1qdn61p,bat_score>0,0,1
1qdy6w1,bat_score>0,0,1
1qebuuq,bat_score>0,0,1
1qec0j6,bat_score>0,0,1
1qfkbp2,bat_score>0,0,1
1qgv6rn,bat_score>0,0,1
1qh2ytr,bat_score>0,0,1
1qh8u10,bat_score>0,0,1
1qhb3ly,bat_score>0,0,1
1qhmciw,bat_score>0,0,1
1qi5993,bat_score>0,0,1
1qiweo0,bat_score>0,0,1
1qiw6js,bat_score>0,0,1
1qj0a91,bat_score>0,0,1
1qj68rg,bat_score>0,0,1
1qj5hqm,bat_score>0,0,1
1qj6yn8,bat_score>0,0,1
1qj7v3n,bat_score>0,0,1
1qje78g,bat_score>0,0,1
1qjmyng,bat_score>0,0,1
1qjzx1e,bat_score>0,0,1
1qk8t77,bat_score>0,0,1
1qkapwx,bat_score>0,0,1
1qk84n0,bat_score>0,0,1
1qkd64f,bat_score>0,0,1
1qkv5ou,bat_score>0,0,1
1qkxcv6,bat_score>0,0,1
1ql31sa,bat_score>0,0,1
1ql7mg5,bat_score>0,0,1
1qmuy2g,bat_score>0,0,1
1qmza99,bat_score>0,0,1
1qmss2t,bat_score>0,0,1
1qnsl09,bat_score>0,0,1
1qoid33,bat_score>0,0,1
1qoknt9,bat_score>0,0,1
1qokhzp,bat_score>0,0,1
1qopquc,bat_score>0,0,1
1qoxs9h,bat_score>0,0,1
1qp239j,bat_score>0,0,1
1qp7ezl,bat_score>0,0,1
1qph42k,bat_score>0,0,1
1qpp6un,bat_score>0,0,1
1qpul3b,bat_score>0,0,1
1qq5q8r,bat_score>0,0,1
1qq910f,bat_score>0,0,1
1qqfvai,bat_score>0,0,1
1qriz2y,bat_score>0,0,1
1qrj1gd,bat_score>0,0,1
1qsh80q,bat_score>0,0,1
1qte1y5,bat_score>0,0,1
1qtc4r2,bat_score>0,0,1
1qtjcwx,bat_score>0,0,1
1qtxji8,bat_score>0,0,1
1qu8b2l,bat_score>0,0,1
1qup7oi,bat_score>0,0,1
1quwnki,bat_score>0,0,1
1qv1bnf,bat_score>0,0,1
1quxcr4,bat_score>0,0,1
1qvcdjm,bat_score>0,0,1
1qvpz4m,bat_score>0,0,1
1qw9o0v,bat_score>0,0,1
1qw8fyq,bat_score>0,0,1
1qwoyus,bat_score>0,0,1
1qx4cni,bat_score>0,0,1
1qxk3nn,bat_score>0,0,1
1qxn57o,bat_score>0,0,1
1qxm4lm,bat_score>0,0,1
1qxnz93,bat_score>0,0,1
1qxrs6p,bat_score>0,0,1
1r044xx,bat_score>0,0,1
1r0sas6,bat_score>0,0,1
1r0ns89,bat_score>0,0,1
1r13950,bat_score>0,0,1
1r13xch,bat_score>0,0,1
1r1b3vg,bat_score>0,0,1
1r1umdw,bat_score>0,0,1
1r2kzbd,bat_score>0,0,1
1r2pdgv,bat_score>0,0,1
1r2ux9i,bat_score>0,0,1
1r30u4i,bat_score>0,0,1
1r33pvs,bat_score>0,0,1
1r357wx,bat_score>0,0,1
1r33j3w,bat_score>0,0,1
1r3gylt,bat_score>0,0,1
1r3jvud,bat_score>0,0,1
1r3v2p0,bat_score>0,0,1
1r3uybx,bat_score>0,0,1
1r43r8v,bat_score>0,0,1
1r4b9qe,bat_score>0,0,1
1r4ttqo,bat_score>0,0,1
1r63olu,bat_score>0,0,1
1r657a1,bat_score>0,0,1
1r691da,bat_score>0,0,1
1r69ku6,bat_score>0,0,1
1r6c317,bat_score>0,0,1
1r6gg3m,bat_score>0,0,1
1r6x5tc,bat_score>0,0,1
1r79i70,bat_score>0,0,1
1r79o1a,bat_score>0,0,1
1r7k4k4,bat_score>0,0,1
1r829ah,bat_score>0,0,1
1r8ee5u,bat_score>0,0,1
1r8x2h0,bat_score>0,0,1
1r92uvt,bat_score>0,0,1
1r946ia,bat_score>0,0,1
1r968ai,bat_score>0,0,1
1r9f64v,bat_score>0,0,1
1raptfx,bat_score>0,0,1
1rayis7,bat_score>0,0,1
1rbzm3d,bat_score>0,0,1
1rcdpil,bat_score>0,0,1
1rcg7vk,bat_score>0,0,1
1rcfvcx,bat_score>0,0,1
1rcvo5z,bat_score>0,0,1
1rcvpah,bat_score>0,0,1
1rd8mps,bat_score>0,0,1
1rdd58c,bat_score>0,0,1
1rdgvgj,bat_score>0,0,1
1rdjduv,bat_score>0,0,1
1rdzovx,bat_score>0,0,1
1re6n5r,bat_score>0,0,1
1reaubn,bat_score>0,0,1
1reduhb,bat_score>0,0,1
1redz97,bat_score>0,0,1
1renteq,bat_score>0,0,1
1reo29k,bat_score>0,0,1
1rete7r,bat_score>0,0,1
1rf2nmn,bat_score>0,0,1
1rfgjtr,bat_score>0,0,1
1rfr7zu,bat_score>0,0,1
1rfxj7w,bat_score>0,0,1
1rgcoad,bat_score>0,0,1
1rgdh7f,bat_score>0,0,1
1rgdr96,bat_score>0,0,1
1rgezrt,bat_score>0,0,1
1rgj5qj,bat_score>0,0,1
1rgs26b,bat_score>0,0,1
1rh1nfv,bat_score>0,0,1
1rh121p,bat_score>0,0,1
1rh15si,bat_score>0,0,1
1rh810e,bat_score>0,0,1
1rhaevx,bat_score>0,0,1
1rhpifn,bat_score>0,0,1
1rihyxd,bat_score>0,0,1
1riju2u,bat_score>0,0,1
1riow57,bat_score>0,0,1
1riwbio,bat_score>0,0,1
1riuccf,bat_score>0,0,1
1riwvyv,bat_score>0,0,1
1rj2rwr,bat_score>0,0,1
1rj6p39,bat_score>0,0,1
1rjeiyg,bat_score>0,0,1
1rjbe59,bat_score>0,0,1
1rjspyz,bat_score>0,0,1
1rkap57,bat_score>0,0,1
1rkkcea,bat_score>0,0,1
1rkt9zz,bat_score>0,0,1
1rkwxpt,bat_score>0,0,1
1rl9tcf,bat_score>0,0,1
1rlkb1e,bat_score>0,0,1
1rlwo2n,bat_score>0,0,1
1rlr93h,bat_score>0,0,1
1rm660l,bat_score>0,0,1
1rme37n,bat_score>0,0,1
1rmjycz,bat_score>0,0,1
1rmz061,bat_score>0,0,1
1rn77ic,bat_score>0,0,1
1rnyve9,bat_score>0,0,1
1roi3ne,bat_score>0,0,1
1rp0nvw,bat_score>0,0,1
1rp3nlz,bat_score>0,0,1
1rpeze2,bat_score>0,0,1
1rpjt3p,bat_score>0,0,1
1rpztny,bat_score>0,0,1
1rqga85,bat_score>0,0,1
1rql1vb,bat_score>0,0,1
1rqq54y,bat_score>0,0,1
1rqvpzy,bat_score>0,0,1
1rqvijp,bat_score>0,0,1
1rraj4d,bat_score>0,0,1
1rrpewq,bat_score>0,0,1
1rrt9wi,bat_score>0,0,1
1rrx7uq,bat_score>0,0,1
1rrz59h,bat_score>0,0,1
1rs1854,bat_score>0,0,1
1rs55je,bat_score>0,0,1
1rsoido,bat_score>0,0,1
1rsv30q,bat_score>0,0,1
1rtl83o,bat_score>0,0,1
1rtnmxc,bat_score>0,0,1
1rtykbp,bat_score>0,0,1
1rutpbz,bat_score>0,0,1
1rv3ai9,bat_score>0,0,1
1rvahxa,bat_score>0,0,1
1rvghx7,bat_score>0,0,1
1rvo041,bat_score>0,0,1
1rvsewj,bat_score>0,0,1
1rvyrr1,bat_score>0,0,1
1rw0jk2,bat_score>0,0,1
1rw6nk9,bat_score>0,0,1
1rwa8sa,bat_score>0,0,1
1rwcsoq,bat_score>0,0,1
1rwl5aq,bat_score>0,0,1
1rwmq12,bat_score>0,0,1
1rwogba,bat_score>0,0,1
1rwuv7a,bat_score>0,0,1
1rx59dx,bat_score>0,0,1
1rx71sb,bat_score>0,0,1
1rxbpxp,bat_score>0,0,1
1ry28mf,bat_score>0,0,1
1ry5u9b,bat_score>0,0,1
1ryipfs,bat_score>0,0,1
1ryscmb,bat_score>0,0,1
1ryusri,bat_score>0,0,1
1rz1xzq,bat_score>0,0,1
1rzirkz,bat_score>0,0,1
1s038zp,bat_score>0,0,1
1s03a8g,bat_score>0,0,1
1s0a9ql,bat_score>0,0,1
1s0o627,bat_score>0,0,1
1s1kj7r,bat_score>0,0,1
1s1p2xm,bat_score>0,0,1
1s1vysz,bat_score>0,0,1
1s1wjmt,bat_score>0,0,1
1s1zxqm,bat_score>0,0,1
1s22w3f,bat_score>0,0,1
1s2ix7r,bat_score>0,0,1
1s2h2q5,bat_score>0,0,1
1s35ady,bat_score>0,0,1
1s2zwgd,bat_score>0,0,1
1s3f58d,bat_score>0,0,1
1s3j191,bat_score>0,0,1
1s3iqnh,bat_score>0,0,1
1s3vmbm,bat_score>0,0,1
1s3owll,bat_score>0,0,1
1s3yadb,bat_score>0,0,1
1s49mx2,bat_score>0,0,1
1s4b3cv,bat_score>0,0,1
1s42pd4,bat_score>0,0,1
1s4r51h,bat_score>0,0,1
1s52oxr,bat_score>0,0,1
1s53m9j,bat_score>0,0,1
1s58qwj,bat_score>0,0,1
1s5pqvd,bat_score>0,0,1
1s5vxza,bat_score>0,0,1
1s62xjq,bat_score>0,0,1
1s6ezq1,bat_score>0,0,1
1s6kksm,bat_score>0,0,1
1s6oml9,bat_score>0,0,1
1s6z8mg,bat_score>0,0,1
1s791jr,bat_score>0,0,1
1s7ig2c,bat_score>0,0,1
1s7mei0,bat_score>0,0,1
1s7oemc,bat_score>0,0,1
1s7uxbf,bat_score>0,0,1
1s7w7kc,bat_score>0,0,1
1s81ytx,bat_score>0,0,1
1s85ag9,bat_score>0,0,1
1s86tz2,bat_score>0,0,1
1s87ybf,bat_score>0,0,1
1s8hym4,bat_score>0,0,1
1s8o1ru,bat_score>0,0,1
1s8qa8p,bat_score>0,0,1
1s8qrz2,bat_score>0,0,1
1s8usbd,bat_score>0,0,1
1s99w60,bat_score>0,0,1
1s9nlff,bat_score>0,0,1
1s9n2on,bat_score>0,0,1
1s9cfq4,bat_score>0,0,1
1s9pdi4,bat_score>0,0,1
1sah6gk,bat_score>0,0,1
1sb8y19,bat_score>0,0,1
1sbfya3,bat_score>0,0,1
1sbmsrz,bat_score>0,0,1
1scvcf0,bat_score>0,0,1
1sddsn9,bat_score>0,0,1
1sd8sff,bat_score>0,0,1
1sdk87n,bat_score>0,0,1
1sduxnk,bat_score>0,0,1
1sdyqqe,bat_score>0,0,1
1seryef,bat_score>0,0,1
1seqgsa,bat_score>0,0,1
1sew33p,bat_score>0,0,1
1seus3p,bat_score>0,0,1
1sf0hkj,bat_score>0,0,1
1sf64cj,bat_score>0,0,1
1sf5jje,bat_score>0,0,1
1sfdd2y,bat_score>0,0,1
1sfs9p6,bat_score>0,0,1
1sfpu1v,bat_score>0,0,1
1sg2iau,bat_score>0,0,1
1sg4ttu,bat_score>0,0,1
1sg1ixf,bat_score>0,0,1
1sg8hus,bat_score>0,0,1
1sgcgak,bat_score>0,0,1
1sgbpmd,bat_score>0,0,1
1sgrcyg,bat_score>0,0,1
1sgu2kc,bat_score>0,0,1
1sha0f0,bat_score>0,0,1
1siw622,bat_score>0,0,1
1skdurg,bat_score>0,0,1
1skl903,bat_score>0,0,1
1skz66z,bat_score>0,0,1
1skzg25,bat_score>0,0,1
1sl3yy7,bat_score>0,0,1
1sl3i2g,bat_score>0,0,1
1sl6o39,bat_score>0,0,1
1slbr82,bat_score>0,0,1
1sldslf,bat_score>0,0,1
1slk2h2,bat_score>0,0,1
1slifyw,bat_score>0,0,1
1sljy88,bat_score>0,0,1
1sll3k8,bat_score>0,0,1
1slyzaz,bat_score>0,0,1
1sm5oyj,bat_score>0,0,1
1smak2f,bat_score>0,0,1
1smiao5,bat_score>0,0,1
1smki1f,bat_score>0,0,1
1sms9gy,bat_score>0,0,1
1sn3hky,bat_score>0,0,1
1sn6usi,bat_score>0,0,1
1snamsf,bat_score>0,0,1
1snhlmx,bat_score>0,0,1
1snnsri,bat_score>0,0,1
1sod3gc,bat_score>0,0,1
1soo24v,bat_score>0,0,1
1son557,bat_score>0,0,1
1spby5g,bat_score>0,0,1
1sqhczt,bat_score>0,0,1
1sqlm6n,bat_score>0,0,1
1sql1oh,bat_score>0,0,1
1sqmri5,bat_score>0,0,1
1sqoejd,bat_score>0,0,1
1sqqyl6,bat_score>0,0,1
1sranu5,bat_score>0,0,1
1srl9ns,bat_score>0,0,1
1srmc9j,bat_score>0,0,1
1srrpo9,bat_score>0,0,1
1sru0cn,bat_score>0,0,1
1ssq6bh,bat_score>0,0,1
1stj94g,bat_score>0,0,1
1stjg2b,bat_score>0,0,1
1stm2b8,bat_score>0,0,1
1str7lk,bat_score>0,0,1
1sucuh6,bat_score>0,0,1
1suj5di,bat_score>0,0,1
1suj3fw,bat_score>0,0,1
1sujkb2,bat_score>0,0,1
1suklsj,bat_score>0,0,1
1suv41y,bat_score>0,0,1
1svq9vw,bat_score>0,0,1
1svr79j,bat_score>0,0,1
7owg7p,bat_score>0,3,0
7qiul5,bat_score>0,2,0
7r2l56,bat_score>0,11,0
7wt4lu,bat_score>0,22,0
7x9uqo,bat_score>0,5,0
7xlgqf,bat_score>0,16,0
7yq5ai,bat_score>0,13,0
80a5wn,bat_score>0,13,0
827y3n,bat_score>0,24,0
83qf0n,bat_score>0,14,0
86pwx6,bat_score>0,2,0
876k45,bat_score>0,3,0
8a5mhu,bat_score>0,8,0
8a09g7,bat_score>0,4,0
8bn4ir,bat_score>0,6,0
8c7ers,bat_score>0,6,0
8c81a0,bat_score>0,23,0
8ckwp2,bat_score>0,6,0
8dcmb4,bat_score>0,9,0
8dzof7,bat_score>0,3,0
8ld1v5,bat_score>0,10,0
8nwdq2,bat_score>0,8,0
8ppvqo,bat_score>0,11,0
8qij7e,bat_score>0,19,0
8srtpw,bat_score>0,7,0
8w2972,bat_score>0,2,0
8w94mf,bat_score>0,4,0
8xzqnl,bat_score>0,11,0
8yn5hs,bat_score>0,9,0
8zb40i,bat_score>0,10,0
909t84,bat_score>0,4,0
91vel8,bat_score>0,3,0
9298b8,bat_score>0,21,0
93q3ty,bat_score>0,1,0
93xfpr,bat_score>0,11,0
9dlgn0,bat_score>0,12,0
9j6i28,bat_score>0,6,0
9lh94n,bat_score>0,1,0
9no6zx,bat_score>0,4,0
9o82pn,bat_score>0,6,0
9pyi2x,bat_score>0,5,0
9sca79,bat_score>0,6,0
9tv4sg,bat_score>0,47,0
9ygpof,bat_score>0,3,0
a672md,bat_score>0,5,0
ajx1cw,bat_score>0,3,0
al7bwk,bat_score>0,2,0
annmzu,bat_score>0,13,0
aszxrw,bat_score>0,6,0
asma3t,bat_score>0,38,0
atea6t,bat_score>0,6,0
b0ndav,bat_score>0,6,0
b4du2t,bat_score>0,14,0
bb5pyr,bat_score>0,3,0
bb9rwg,bat_score>0,5,0
bcrg6a,bat_score>0,11,0
bdyjel,bat_score>0,3,0
berxjx,bat_score>0,7,0
bl56f3,bat_score>0,5,0
bq5xkh,bat_score>0,15,0
bsire0,bat_score>0,9,0
bswi02,bat_score>0,11,0
bv1m2p,bat_score>0,10,0
bx0p6c,bat_score>0,2,0
bzqijf,bat_score>0,2,0
c0a323,bat_score>0,5,0
c9ipeo,bat_score>0,21,0
cbmy1k,bat_score>0,6,0
cdd28q,bat_score>0,18,0
cey3of,bat_score>0,16,0
cgq099,bat_score>0,7,0
cm0614,bat_score>0,3,0
cmgnxz,bat_score>0,15,0
craf4t,bat_score>0,14,0
ctmldn,bat_score>0,32,0
cw7cpe,bat_score>0,18,0
czej1x,bat_score>0,3,0
d0jgqk,bat_score>0,2,0
d391e7,bat_score>0,7,0
d6njn2,bat_score>0,21,0
dbdr11,bat_score>0,4,0
dbpn9h,bat_score>0,2,0
dfhp3c,bat_score>0,11,0
dfyy2z,bat_score>0,2,0
dgppdg,bat_score>0,6,0
dnafvk,bat_score>0,20,0
du0z8z,bat_score>0,2,0
dy02k8,bat_score>0,6,0
e7ks7o,bat_score>0,9,0
e7tfjq,bat_score>0,3,0
e9279g,bat_score>0,12,0
e9o041,bat_score>0,1,0
e9wztg,bat_score>0,5,0
eiyn1k,bat_score>0,10,0
ekehbz,bat_score>0,11,0
elqgol,bat_score>0,3,0
f2ut9g,bat_score>0,3,0
f7h3kq,bat_score>0,18,0
fsjjod,bat_score>0,26,0
gmmdzl,bat_score>0,0,1
gmhu2o,bat_score>0,3,0
hjvmnz,bat_score>0,1,0
iwdzc3,bat_score>0,11,0
lwhdt1,bat_score>0,4,0
lliqx3,bat_score>0,11,0
pbl468,bat_score>0,52,0
ppcvt5,bat_score>0,7,0
pru5bm,bat_score>0,10,0
q7eey1,bat_score>0,22,0
q9w4r0,bat_score>0,1,0
qnpavy,bat_score>0,10,0
qz12qq,bat_score>0,22,0
rn1gs5,bat_score>0,0,1
rx2t74,bat_score>0,5,0
sbl1b2,bat_score>0,35,0
scwy8l,bat_score>0,10,0
t6mnja,bat_score>0,13,0
t4dh32,bat_score>0,30,0
t9qml7,bat_score>0,17,0
tcvu5a,bat_score>0,3,0
tfp5n7,bat_score>0,24,0
tr6lfm,bat_score>0,3,0
tyy04c,bat_score>0,9,0
u4ld1g,bat_score>0,7,0
vmjlep,bat_score>0,9,0
vxzmm3,bat_score>0,8,0
vywb92,bat_score>0,12,0
wdj2p1,bat_score>0,11,0
xkw4mb,bat_score>0,0,1
ykriuh,bat_score>0,24,0
10i94pw,bat_score>0,16,0
10iu8oi,bat_score>0,36,0
10q3l3j,bat_score>0,3,0
114xmcy,bat_score>0,1,0
11auo4z,bat_score>0,16,0
11eskv7,bat_score>0,4,0
12wujoc,bat_score>0,20,0
13dnxex,bat_score>0,4,0
15fim2r,bat_score>0,1,0
15sy6su,bat_score>0,1,0
161hgje,bat_score>0,4,0
16lto6u,bat_score>0,2,0
17fak37,bat_score>0,11,0
17qo5sg,bat_score>0,4,0
188y0b3,bat_score>0,4,0
18pock9,bat_score>0,0,1
18s2so3,bat_score>0,9,0
18v7wn5,bat_score>0,4,0
1awwx11,bat_score>0,8,0
1bud3de,bat_score>0,2,0
1bxlh3p,bat_score>0,5,0
1c4ypfx,bat_score>0,2,0
1c5js14,bat_score>0,22,0
1cktr4a,bat_score>0,0,1
1dqchds,bat_score>0,1,0
1dtk41x,bat_score>0,1,0
1efxijm,bat_score>0,1,0
1epetbs,bat_score>0,1,0
1f6k10p,bat_score>0,3,0
1ggtvxx,bat_score>0,32,0
1gz0qbr,bat_score>0,3,0
1h8zbin,bat_score>0,2,0
1hfjdme,bat_score>0,8,0
1hutbua,bat_score>0,3,0
1igcmhx,bat_score>0,1,0
1icxgtb,bat_score>0,2,0
1izlkqn,bat_score>0,19,0
1j6jd91,bat_score>0,22,0
1jd8y5c,bat_score>0,5,0
1jupde3,bat_score>0,2,0
1kvsvo4,bat_score>0,1,0
1l083ev,bat_score>0,4,0
1licqlp,bat_score>0,2,0
1lgzsmj,bat_score>0,1,0
1lkn3ap,bat_score>0,1,0
1lrz79s,bat_score>0,7,0
1mkaqtj,bat_score>0,1,0
1mpc8tu,bat_score>0,5,0
1mr84aa,bat_score>0,4,0
1nqs1lh,bat_score>0,2,0
1o2w92g,bat_score>0,2,0
1ojkl57,bat_score>0,4,0
1p5e4p9,bat_score>0,2,0
1p3w4rc,bat_score>0,2,0
1pt887q,bat_score>0,5,0
1q8q3l0,bat_score>0,3,0
1qnvgkg,bat_score>0,2,0
1qr9fm0,bat_score>0,5,0
1qwjpwh,bat_score>0,17,0
1rbl7zg,bat_score>0,8,0
1rl503x,bat_score>0,16,0
1rrxh7q,bat_score>0,16,0
1rw0pc5,bat_score>0,23,0
1rwxsdf,bat_score>0,3,0
1s5cksi,bat_score>0,1,0
1sfq683,bat_score>0,3,0
1sgmqat,bat_score>0,29,0
1sih1ro,bat_score>0,12,0
1sjzq9s,bat_score>0,18,0
995mcf,bat_score=0 (matched),7,0
7s3yo5,bat_score=0 (matched),5,0
9p9sgl,bat_score=0 (matched),4,0
9sn77p,bat_score=0 (matched),5,0
9d9mzu,bat_score=0 (matched),6,0
7usigv,bat_score=0 (matched),5,0
9nkpsg,bat_score=0 (matched),9,0
9wvhy5,bat_score=0 (matched),8,0
99ya2p,bat_score=0 (matched),5,0
8g1n66,bat_score=0 (matched),7,0
8kid7k,bat_score=0 (matched),3,0
7z2s4c,bat_score=0 (matched),9,0
8r0s0w,bat_score=0 (matched),10,0
9wq97p,bat_score=0 (matched),1,0
93ohzq,bat_score=0 (matched),6,0
a0z86v,bat_score=0 (matched),1,0
7vxri9,bat_score=0 (matched),1,0
8s3ltz,bat_score=0 (matched),5,0
85l7na,bat_score=0 (matched),3,0
8gm8bh,bat_score=0 (matched),8,0
93pdzr,bat_score=0 (matched),4,0
8hycvy,bat_score=0 (matched),8,0
8hpitm,bat_score=0 (matched),4,0
8fot67,bat_score=0 (matched),11,0
8aeeva,bat_score=0 (matched),2,0
9gl3f9,bat_score=0 (matched),3,0
7uoupq,bat_score=0 (matched),3,0
9ewsb0,bat_score=0 (matched),6,0
7tq4eo,bat_score=0 (matched),2,0
9cjw70,bat_score=0 (matched),2,0
a0lufe,bat_score=0 (matched),3,0
a4snai,bat_score=0 (matched),4,0
8d04dl,bat_score=0 (matched),4,0
a9jck6,bat_score=0 (matched),4,0
8tgx2o,bat_score=0 (matched),11,0
7rwtua,bat_score=0 (matched),6,0
9xe2wx,bat_score=0 (matched),3,0
9h4gik,bat_score=0 (matched),10,0
a8egx3,bat_score=0 (matched),5,0
900lhz,bat_score=0 (matched),6,0
9kovr8,bat_score=0 (matched),5,0
7w9a8h,bat_score=0 (matched),7,0
94peug,bat_score=0 (matched),1,0
9ddjn1,bat_score=0 (matched),26,0
8rrluz,bat_score=0 (matched),0,1
bwqf2t,bat_score=0 (matched),6,0
aoaxxo,bat_score=0 (matched),7,0
ak83nz,bat_score=0 (matched),3,0
d84c9q,bat_score=0 (matched),6,0
dw2hsk,bat_score=0 (matched),1,0
e6bqqt,bat_score=0 (matched),4,0
b6iz78,bat_score=0 (matched),4,0
c7egk8,bat_score=0 (matched),6,0
egnct4,bat_score=0 (matched),2,0
cmzyhx,bat_score=0 (matched),4,0
dl8w6m,bat_score=0 (matched),0,1
doo8bv,bat_score=0 (matched),7,0
dy64x0,bat_score=0 (matched),4,0
c73dfx,bat_score=0 (matched),6,0
c1abuu,bat_score=0 (matched),0,1
chrg86,bat_score=0 (matched),3,0
bxtenv,bat_score=0 (matched),17,0
bw452z,bat_score=0 (matched),7,0
ctps3l,bat_score=0 (matched),0,1
cuhvyd,bat_score=0 (matched),1,0
afwqza,bat_score=0 (matched),3,0
avll32,bat_score=0 (matched),7,0
apk425,bat_score=0 (matched),3,0
airiut,bat_score=0 (matched),5,0
auo6pv,bat_score=0 (matched),6,0
cngro4,bat_score=0 (matched),4,0
b9almp,bat_score=0 (matched),8,0
bgd0rh,bat_score=0 (matched),2,0
akkx0m,bat_score=0 (matched),4,0
ak348u,bat_score=0 (matched),4,0
bc2zjk,bat_score=0 (matched),4,0
bmb2tf,bat_score=0 (matched),4,0
c30b58,bat_score=0 (matched),7,0
agnh9m,bat_score=0 (matched),2,0
b0c3nb,bat_score=0 (matched),1,0
ap59ok,bat_score=0 (matched),6,0
cszhnl,bat_score=0 (matched),4,0
bsd3l6,bat_score=0 (matched),1,0
b6mgu1,bat_score=0 (matched),3,0
bu7g71,bat_score=0 (matched),1,0
agslsc,bat_score=0 (matched),6,0
e55tle,bat_score=0 (matched),3,0
bgzgmj,bat_score=0 (matched),10,0
dbwssl,bat_score=0 (matched),0,1
c1yazg,bat_score=0 (matched),3,0
ar3fo5,bat_score=0 (matched),7,0
ck81m8,bat_score=0 (matched),5,0
c0ngp5,bat_score=0 (matched),4,0
gyfzc9,bat_score=0 (matched),25,0
erys1w,bat_score=0 (matched),3,0
hr2sln,bat_score=0 (matched),23,0
ip1a67,bat_score=0 (matched),2,0
ey6wo8,bat_score=0 (matched),6,0
imfwir,bat_score=0 (matched),3,0
emd3dw,bat_score=0 (matched),1,0
ex8h5e,bat_score=0 (matched),11,0
hl76rp,bat_score=0 (matched),5,0
fixkop,bat_score=0 (matched),3,0
m9f3g5,bat_score=0 (matched),5,0
l5k2v4,bat_score=0 (matched),15,0
qid015,bat_score=0 (matched),6,0
rbdcmr,bat_score=0 (matched),9,0
rqo0aj,bat_score=0 (matched),17,0
r87f0o,bat_score=0 (matched),3,0
r59587,bat_score=0 (matched),2,0
qjbtjn,bat_score=0 (matched),7,0
kukb8a,bat_score=0 (matched),6,0
pz80uu,bat_score=0 (matched),8,0
wbnq23,bat_score=0 (matched),4,0
sc3w6q,bat_score=0 (matched),4,0
y8vghi,bat_score=0 (matched),3,0
yk337b,bat_score=0 (matched),21,0
sq4zm1,bat_score=0 (matched),10,0
zik0ue,bat_score=0 (matched),6,0
s1x14t,bat_score=0 (matched),2,0
sokqr6,bat_score=0 (matched),17,0
wxnqo2,bat_score=0 (matched),11,0
twtwcg,bat_score=0 (matched),5,0
t8zxyd,bat_score=0 (matched),8,0
zmf4qa,bat_score=0 (matched),3,0
vxfplp,bat_score=0 (matched),8,0
xxz0sj,bat_score=0 (matched),8,0
tt7a8t,bat_score=0 (matched),4,0
tyeh8i,bat_score=0 (matched),3,0
yg1xb6,bat_score=0 (matched),12,0
16fgkbr,bat_score=0 (matched),2,0
17qnyl2,bat_score=0 (matched),0,1
12zws3p,bat_score=0 (matched),2,0
17w6kzp,bat_score=0 (matched),0,1
11kpeh8,bat_score=0 (matched),2,0
10pftxp,bat_score=0 (matched),1,0
154ey0v,bat_score=0 (matched),3,0
11s9otk,bat_score=0 (matched),0,1
17k09gc,bat_score=0 (matched),0,1
17bgdvf,bat_score=0 (matched),0,1
118r97f,bat_score=0 (matched),3,0
13rqeoi,bat_score=0 (matched),2,0
17m0crd,bat_score=0 (matched),13,0
16rw6hl,bat_score=0 (matched),3,0
180za7b,bat_score=0 (matched),4,0
186mb4m,bat_score=0 (matched),2,0
11sa5uw,bat_score=0 (matched),2,0
15u9e0x,bat_score=0 (matched),2,0
1hgu9ld,bat_score=0 (matched),0,1
190wehb,bat_score=0 (matched),1,0
1ehcqip,bat_score=0 (matched),13,0
1fo6elt,bat_score=0 (matched),3,0
1h3afte,bat_score=0 (matched),6,0
1ci39ik,bat_score=0 (matched),10,0
1aqioqz,bat_score=0 (matched),2,0
1bavh24,bat_score=0 (matched),2,0
1cfy1pz,bat_score=0 (matched),0,1
1ff4pt5,bat_score=0 (matched),4,0
1hqp3ve,bat_score=0 (matched),3,0
1gfpxl5,bat_score=0 (matched),4,0
192wrc6,bat_score=0 (matched),6,0
1dam7xo,bat_score=0 (matched),3,0
1anhygn,bat_score=0 (matched),0,1
1kgnmjv,bat_score=0 (matched),4,0
1irueo1,bat_score=0 (matched),0,1
1oeb5q6,bat_score=0 (matched),1,0
1j3jij0,bat_score=0 (matched),5,0
1oca4ib,bat_score=0 (matched),7,0
1oncqvy,bat_score=0 (matched),1,0
1iuhz4v,bat_score=0 (matched),2,0
1moyyfd,bat_score=0 (matched),1,0
1jfvkuo,bat_score=0 (matched),1,0
1mlq1nl,bat_score=0 (matched),4,0
1k93tcr,bat_score=0 (matched),1,0
1hww5sq,bat_score=0 (matched),2,0
1iqvgbn,bat_score=0 (matched),1,0
1ks51pq,bat_score=0 (matched),0,1
1lgz6w8,bat_score=0 (matched),1,0
1iuhxoe,bat_score=0 (matched),0,1
1mwudcp,bat_score=0 (matched),6,0
1htxoxu,bat_score=0 (matched),3,0
1kpw13c,bat_score=0 (matched),1,0
1ntukmz,bat_score=0 (matched),5,0
1n2ogx0,bat_score=0 (matched),2,0
1jxdy5p,bat_score=0 (matched),2,0
1s43tlx,bat_score=0 (matched),4,0
1qcrwk6,bat_score=0 (matched),2,0
1sdzega,bat_score=0 (matched),2,0
1rncsqu,bat_score=0 (matched),6,0
1rc69f7,bat_score=0 (matched),1,0
1sdes86,bat_score=0 (matched),1,0
1r69824,bat_score=0 (matched),1,0
1qdszki,bat_score=0 (matched),1,0
1rw2fv2,bat_score=0 (matched),19,0
1rw0hte,bat_score=0 (matched),4,0
1stn8iw,bat_score=0 (matched),20,0
1qhfn4y,bat_score=0 (matched),1,0
1rfxb43,bat_score=0 (matched),0,1
1q983kc,bat_score=0 (matched),1,0
bky1vo,bat_score=0 (matched),3,0
b5qg7l,bat_score=0 (matched),1,0
akzits,bat_score=0 (matched),3,0
at4mya,bat_score=0 (matched),3,0
j3msb5,bat_score=0 (matched),0,1
h9jypy,bat_score=0 (matched),5,0
h9ygc5,bat_score=0 (matched),8,0
jv4buf,bat_score=0 (matched),2,0
kdlvgg,bat_score=0 (matched),4,0
ibezuw,bat_score=0 (matched),1,0
jszc9o,bat_score=0 (matched),3,0
iww1kc,bat_score=0 (matched),5,0
j65gq0,bat_score=0 (matched),7,0
j4hh3h,bat_score=0 (matched),1,0
opkm12,bat_score=0 (matched),1,0
o67t9e,bat_score=0 (matched),5,0
n7c4ty,bat_score=0 (matched),2,0
q0hxy7,bat_score=0 (matched),0,1
m55atr,bat_score=0 (matched),5,0
l173kb,bat_score=0 (matched),5,0
ncf99h,bat_score=0 (matched),7,0
o78uct,bat_score=0 (matched),1,0
ofib5i,bat_score=0 (matched),5,0
ljo9hi,bat_score=0 (matched),3,0
kvxsi4,bat_score=0 (matched),10,0
mz8sn9,bat_score=0 (matched),3,0
lsdqxq,bat_score=0 (matched),1,0
omb23p,bat_score=0 (matched),3,0
nemi69,bat_score=0 (matched),3,0
lu6jqo,bat_score=0 (matched),2,0
nhjo0r,bat_score=0 (matched),2,0
oxl6xa,bat_score=0 (matched),9,0
przalx,bat_score=0 (matched),9,0
nv7mfz,bat_score=0 (matched),4,0
pivd58,bat_score=0 (matched),2,0
r100rt,bat_score=0 (matched),1,0
px6upd,bat_score=0 (matched),4,0
le1c6u,bat_score=0 (matched),4,0
nwusu2,bat_score=0 (matched),1,0
pbgdw5,bat_score=0 (matched),2,0
qevgpb,bat_score=0 (matched),8,0
md5d66,bat_score=0 (matched),0,1
plrjye,bat_score=0 (matched),3,0
n4ppb2,bat_score=0 (matched),8,0
nsdkkt,bat_score=0 (matched),3,0
r60cd0,bat_score=0 (matched),4,0
ypq8sk,bat_score=0 (matched),2,0
slnf7m,bat_score=0 (matched),3,0
s8pf21,bat_score=0 (matched),3,0
ygmt1n,bat_score=0 (matched),7,0
tcl5fq,bat_score=0 (matched),3,0
ws8ptq,bat_score=0 (matched),3,0
ttcgpe,bat_score=0 (matched),4,0
uk7egd,bat_score=0 (matched),5,0
yqxaiz,bat_score=0 (matched),4,0
upqhla,bat_score=0 (matched),2,0
wqe4t7,bat_score=0 (matched),2,0
ss2lvy,bat_score=0 (matched),1,0
vhes0r,bat_score=0 (matched),8,0
ta5f44,bat_score=0 (matched),3,0
vidkfa,bat_score=0 (matched),4,0
xg32gq,bat_score=0 (matched),1,0
rv77kg,bat_score=0 (matched),9,0
wq82g4,bat_score=0 (matched),4,0
yw8zd7,bat_score=0 (matched),7,0
u7ro70,bat_score=0 (matched),4,0
s54iov,bat_score=0 (matched),0,1
vwohba,bat_score=0 (matched),6,0
tpvs8w,bat_score=0 (matched),4,0
wqv34j,bat_score=0 (matched),4,0
x4506w,bat_score=0 (matched),5,0
uvq7yi,bat_score=0 (matched),3,0
wlwnm3,bat_score=0 (matched),2,0
w4ousw,bat_score=0 (matched),7,0
w221w7,bat_score=0 (matched),6,0
zwd9a7,bat_score=0 (matched),10,0
183rk5x,bat_score=0 (matched),3,0
11qbazs,bat_score=0 (matched),4,0
134d76h,bat_score=0 (matched),3,0
1841dpa,bat_score=0 (matched),1,0
18fte3d,bat_score=0 (matched),8,0
15wh1xs,bat_score=0 (matched),2,0
14ed1kd,bat_score=0 (matched),5,0
10p347n,bat_score=0 (matched),10,0
11so610,bat_score=0 (matched),3,0
15uj4k0,bat_score=0 (matched),6,0
17zzdtv,bat_score=0 (matched),3,0
18inawn,bat_score=0 (matched),5,0
18bu4d1,bat_score=0 (matched),2,0
16ojfk6,bat_score=0 (matched),1,0
18ambbs,bat_score=0 (matched),2,0
11sxlja,bat_score=0 (matched),6,0
18kt50m,bat_score=0 (matched),8,0
13zfqkr,bat_score=0 (matched),4,0
1251hhl,bat_score=0 (matched),1,0
15cf18d,bat_score=0 (matched),1,0
11qljwp,bat_score=0 (matched),6,0
15iaogs,bat_score=0 (matched),1,0
18us7vc,bat_score=0 (matched),1,0
155we0c,bat_score=0 (matched),3,0
158dgmw,bat_score=0 (matched),3,0
11rhwp8,bat_score=0 (matched),6,0
14y9t4p,bat_score=0 (matched),4,0
18nj7rv,bat_score=0 (matched),4,0
14t7gq3,bat_score=0 (matched),1,0
11pvlqr,bat_score=0 (matched),3,0
15me9hb,bat_score=0 (matched),0,1
184juo0,bat_score=0 (matched),0,1
171iwmi,bat_score=0 (matched),1,0
18byrlw,bat_score=0 (matched),7,0
14skuo5,bat_score=0 (matched),9,0
11bfl6z,bat_score=0 (matched),5,0
10a6xqu,bat_score=0 (matched),3,0
14ehhbw,bat_score=0 (matched),4,0
106lnux,bat_score=0 (matched),4,0
11x0c4x,bat_score=0 (matched),2,0
125ri39,bat_score=0 (matched),10,0
16djg52,bat_score=0 (matched),4,0
16gt7iu,bat_score=0 (matched),6,0
14g33z2,bat_score=0 (matched),4,0
13z7iac,bat_score=0 (matched),5,0
12dtaay,bat_score=0 (matched),3,0
15cfjol,bat_score=0 (matched),1,0
18ont38,bat_score=0 (matched),3,0
142l6k3,bat_score=0 (matched),3,0
15f3q08,bat_score=0 (matched),1,0
15zugn6,bat_score=0 (matched),3,0
10pdc0s,bat_score=0 (matched),2,0
13knwyd,bat_score=0 (matched),1,0
13i3tqi,bat_score=0 (matched),4,0
1557g94,bat_score=0 (matched),8,0
16r2uxm,bat_score=0 (matched),6,0
1am4v2x,bat_score=0 (matched),2,0
1egj3a7,bat_score=0 (matched),4,0
1bvbd3o,bat_score=0 (matched),3,0
1c1nbjg,bat_score=0 (matched),4,0
1g1ylhx,bat_score=0 (matched),1,0
1f82q3z,bat_score=0 (matched),7,0
1cx94uc,bat_score=0 (matched),2,0
1d4laag,bat_score=0 (matched),10,0
1dwoku4,bat_score=0 (matched),1,0
1g8gi1j,bat_score=0 (matched),5,0
1ghv5up,bat_score=0 (matched),3,0
1fzgfts,bat_score=0 (matched),5,0
1gfmt6n,bat_score=0 (matched),3,0
1dbjput,bat_score=0 (matched),1,0
1d8v09z,bat_score=0 (matched),9,0
1f1xktw,bat_score=0 (matched),1,0
1eigo5w,bat_score=0 (matched),2,0
1femfnz,bat_score=0 (matched),5,0
1eagh1r,bat_score=0 (matched),1,0
1hkow9x,bat_score=0 (matched),5,0
1am68zw,bat_score=0 (matched),1,0
1fb0zui,bat_score=0 (matched),2,0
1cw6644,bat_score=0 (matched),1,0
1gw6qwu,bat_score=0 (matched),2,0
1h882gf,bat_score=0 (matched),4,0
1hbkozn,bat_score=0 (matched),0,1
1h123bg,bat_score=0 (matched),7,0
1g5r3po,bat_score=0 (matched),1,0
1dfxt7l,bat_score=0 (matched),2,0
1fug92i,bat_score=0 (matched),7,0
1f0ycp9,bat_score=0 (matched),2,0
1enj4m7,bat_score=0 (matched),3,0
1eak87y,bat_score=0 (matched),1,0
1fifzfm,bat_score=0 (matched),2,0
1f337ye,bat_score=0 (matched),0,1
1gm67ht,bat_score=0 (matched),9,0
1c0tq2n,bat_score=0 (matched),1,0
1ezl46a,bat_score=0 (matched),1,0
19d17e4,bat_score=0 (matched),2,0
1gzvnej,bat_score=0 (matched),4,0
1bkrlmi,bat_score=0 (matched),0,1
1ehrgak,bat_score=0 (matched),16,0
1enqyae,bat_score=0 (matched),1,0
199ehaa,bat_score=0 (matched),4,0
1dktaam,bat_score=0 (matched),2,0
1bxwgtu,bat_score=0 (matched),4,0
1banj5h,bat_score=0 (matched),3,0
1hikeyz,bat_score=0 (matched),4,0
1ekcpsm,bat_score=0 (matched),6,0
1fhvqi2,bat_score=0 (matched),2,0
1erwc9v,bat_score=0 (matched),1,0
1fmtqn9,bat_score=0 (matched),5,0
1cpb6oq,bat_score=0 (matched),1,0
1gtf2p5,bat_score=0 (matched),2,0
1eenzxo,bat_score=0 (matched),3,0
1g4cp6l,bat_score=0 (matched),15,0
196gvt9,bat_score=0 (matched),0,1
1c03g0q,bat_score=0 (matched),4,0
1buzhmq,bat_score=0 (matched),1,0
1grfa0v,bat_score=0 (matched),3,0
1azx1wt,bat_score=0 (matched),19,0
1e4j7s8,bat_score=0 (matched),4,0
1c6o922,bat_score=0 (matched),3,0
1f090s1,bat_score=0 (matched),3,0
1g2k6wk,bat_score=0 (matched),5,0
1ar4jis,bat_score=0 (matched),4,0
1aunjkl,bat_score=0 (matched),1,0
1gv230f,bat_score=0 (matched),2,0
1f7snjb,bat_score=0 (matched),7,0
1d3k0qo,bat_score=0 (matched),1,0
1b95v72,bat_score=0 (matched),6,0
1azblgn,bat_score=0 (matched),2,0
1bxtjpm,bat_score=0 (matched),1,0
1g3a3u0,bat_score=0 (matched),2,0
1gbzfwe,bat_score=0 (matched),2,0
1am4qaj,bat_score=0 (matched),1,0
1fav3p7,bat_score=0 (matched),0,1
1hppyff,bat_score=0 (matched),2,0
1dfoi90,bat_score=0 (matched),10,0
1aln4fd,bat_score=0 (matched),8,0
1hd9b0b,bat_score=0 (matched),1,0
1ap8fjr,bat_score=0 (matched),6,0
1d5ecd1,bat_score=0 (matched),0,1
1g30ac7,bat_score=0 (matched),5,0
1g9xj0b,bat_score=0 (matched),3,0
1dnr2yb,bat_score=0 (matched),2,0
1fupo71,bat_score=0 (matched),0,1
1ekhyp3,bat_score=0 (matched),4,0
1f8l48r,bat_score=0 (matched),1,0
1k0mdj9,bat_score=0 (matched),6,0
1nbednh,bat_score=0 (matched),5,0
1jf63jv,bat_score=0 (matched),5,0
1k8lhq4,bat_score=0 (matched),4,0
1oxzw6k,bat_score=0 (matched),15,0
1p4f01i,bat_score=0 (matched),2,0
1itruuh,bat_score=0 (matched),0,1
1oq0a12,bat_score=0 (matched),14,0
1l8jplw,bat_score=0 (matched),0,1
1hzk5oe,bat_score=0 (matched),0,1
1l109h5,bat_score=0 (matched),2,0
1lw5gr4,bat_score=0 (matched),1,0
1luzfwn,bat_score=0 (matched),0,1
1ibl3fc,bat_score=0 (matched),0,1
1pqm0rc,bat_score=0 (matched),6,0
1ocapey,bat_score=0 (matched),2,0
1m74gw1,bat_score=0 (matched),3,0
1nvfw8p,bat_score=0 (matched),19,0
1mdhmy8,bat_score=0 (matched),8,0
1n8c29z,bat_score=0 (matched),3,0
1piaock,bat_score=0 (matched),4,0
1jjnuh8,bat_score=0 (matched),7,0
1j1yfan,bat_score=0 (matched),2,0
1nnxzn2,bat_score=0 (matched),1,0
1pv54bv,bat_score=0 (matched),1,0
1mstqkm,bat_score=0 (matched),6,0
1of5zql,bat_score=0 (matched),0,1
1k6ufn5,bat_score=0 (matched),0,1
1k23rn7,bat_score=0 (matched),3,0
1mujaok,bat_score=0 (matched),1,0
1hwhqwe,bat_score=0 (matched),9,0
1lm77hl,bat_score=0 (matched),8,0
1jv94ef,bat_score=0 (matched),3,0
1plx4zx,bat_score=0 (matched),2,0
1m7cgpz,bat_score=0 (matched),1,0
1onbc1s,bat_score=0 (matched),8,0
1isu7nt,bat_score=0 (matched),3,0
1inqf4k,bat_score=0 (matched),9,0
1nnyn3n,bat_score=0 (matched),1,0
1jfuxpd,bat_score=0 (matched),1,0
1jq0i55,bat_score=0 (matched),41,0
1mj7qxa,bat_score=0 (matched),10,0
1p1co3n,bat_score=0 (matched),1,0
1mkfy11,bat_score=0 (matched),2,0
1iui8e0,bat_score=0 (matched),7,0
1mvrt64,bat_score=0 (matched),18,0
1oagjxw,bat_score=0 (matched),8,0
1kdw20a,bat_score=0 (matched),8,0
1ifx63y,bat_score=0 (matched),9,0
1q017px,bat_score=0 (matched),7,0
1pexg0o,bat_score=0 (matched),0,1
1my5ocd,bat_score=0 (matched),1,0
1p4yo4m,bat_score=0 (matched),5,0
1nclpxh,bat_score=0 (matched),4,0
1ous05w,bat_score=0 (matched),8,0
1mw7kel,bat_score=0 (matched),0,1
1jz8beu,bat_score=0 (matched),8,0
1ip4hcd,bat_score=0 (matched),1,0
1k3hvox,bat_score=0 (matched),7,0
1mngs43,bat_score=0 (matched),2,0
1nod6lh,bat_score=0 (matched),1,0
1p9awwn,bat_score=0 (matched),8,0
1j17n1z,bat_score=0 (matched),6,0
1k9h55a,bat_score=0 (matched),3,0
1iqv6ic,bat_score=0 (matched),2,0
1ld8u6t,bat_score=0 (matched),2,0
1m15wey,bat_score=0 (matched),0,1
1jtfobu,bat_score=0 (matched),3,0
1i2pj6o,bat_score=0 (matched),8,0
1nxg9w3,bat_score=0 (matched),11,0
1p9x04z,bat_score=0 (matched),2,0
1jlhzoi,bat_score=0 (matched),6,0
1nbbt6r,bat_score=0 (matched),4,0
1i0f3go,bat_score=0 (matched),2,0
1n60yci,bat_score=0 (matched),2,0
1j724st,bat_score=0 (matched),1,0
1n63qys,bat_score=0 (matched),6,0
1mp8nl3,bat_score=0 (matched),0,1
1kv00kw,bat_score=0 (matched),10,0
1p16w8z,bat_score=0 (matched),9,0
1nkaxc1,bat_score=0 (matched),1,0
1pzgn7u,bat_score=0 (matched),5,0
1n9uv69,bat_score=0 (matched),6,0
1meen5g,bat_score=0 (matched),11,0
1ixe7ey,bat_score=0 (matched),3,0
1kvhv8f,bat_score=0 (matched),8,0
1m96ilj,bat_score=0 (matched),1,0
1p8g8q9,bat_score=0 (matched),20,0
1j3qaui,bat_score=0 (matched),9,0
1m26hns,bat_score=0 (matched),1,0
1m08hgj,bat_score=0 (matched),2,0
1og3mdc,bat_score=0 (matched),5,0
1n3ikbp,bat_score=0 (matched),2,0
1q01s6d,bat_score=0 (matched),1,0
1n32pp3,bat_score=0 (matched),4,0
1k4kn2d,bat_score=0 (matched),3,0
1kfd7bc,bat_score=0 (matched),0,1
1plqyey,bat_score=0 (matched),14,0
1mabjgj,bat_score=0 (matched),3,0
1ovu5pl,bat_score=0 (matched),3,0
1isv1v5,bat_score=0 (matched),1,0
1q0jpb6,bat_score=0 (matched),5,0
1iv333a,bat_score=0 (matched),0,1
1lyh3xh,bat_score=0 (matched),6,0
1i2f2vp,bat_score=0 (matched),1,0
1icvijg,bat_score=0 (matched),0,1
1ie7ws7,bat_score=0 (matched),9,0
1ivsd42,bat_score=0 (matched),7,0
1l4xo3q,bat_score=0 (matched),5,0
1jf0506,bat_score=0 (matched),9,0
1jnlyym,bat_score=0 (matched),3,0
1o0ebyc,bat_score=0 (matched),3,0
1n80ua6,bat_score=0 (matched),20,0
1jzj9so,bat_score=0 (matched),6,0
1k3e6ni,bat_score=0 (matched),16,0
1lo5iu0,bat_score=0 (matched),1,0
1nnb4nd,bat_score=0 (matched),1,0
1mdrsx2,bat_score=0 (matched),6,0
1j14cbb,bat_score=0 (matched),1,0
1mtpxjd,bat_score=0 (matched),22,0
1o8avwv,bat_score=0 (matched),1,0
1p53vrh,bat_score=0 (matched),1,0
1n1hrn3,bat_score=0 (matched),2,0
1lokol3,bat_score=0 (matched),4,0
1oza9gv,bat_score=0 (matched),0,1
1nvr034,bat_score=0 (matched),0,1
1nc04t6,bat_score=0 (matched),7,0
1id3oix,bat_score=0 (matched),2,0
1ok1vpl,bat_score=0 (matched),21,0
1iqr5by,bat_score=0 (matched),0,1
1paavu7,bat_score=0 (matched),2,0
1k3hvl8,bat_score=0 (matched),6,0
1m1dykq,bat_score=0 (matched),5,0
1lgx20f,bat_score=0 (matched),3,0
1oihz1j,bat_score=0 (matched),3,0
1oljlwv,bat_score=0 (matched),3,0
1k1vnzr,bat_score=0 (matched),4,0
1if8dq3,bat_score=0 (matched),1,0
1l2v52q,bat_score=0 (matched),4,0
1krxpk1,bat_score=0 (matched),7,0
1l5ikvh,bat_score=0 (matched),1,0
1j25fvf,bat_score=0 (matched),1,0
1i1s17i,bat_score=0 (matched),2,0
1juvjg9,bat_score=0 (matched),1,0
1lhv41l,bat_score=0 (matched),2,0
1jn50ys,bat_score=0 (matched),0,1
1oa420r,bat_score=0 (matched),41,0
1lqlakk,bat_score=0 (matched),4,0
1jxlaj6,bat_score=0 (matched),2,0
1ntl10x,bat_score=0 (matched),2,0
1og8inx,bat_score=0 (matched),3,0
1obdb09,bat_score=0 (matched),4,0
1lwe942,bat_score=0 (matched),0,1
1l3d0ad,bat_score=0 (matched),6,0
1mw4nmb,bat_score=0 (matched),2,0
1nmuj2s,bat_score=0 (matched),131,0
1ppnnk2,bat_score=0 (matched),6,0
1oitcix,bat_score=0 (matched),12,0
1pfmy4u,bat_score=0 (matched),15,0
1n1is83,bat_score=0 (matched),5,0
1jpxw0u,bat_score=0 (matched),1,0
1nhrbxz,bat_score=0 (matched),0,1
1nx4f9h,bat_score=0 (matched),1,0
1k9oxmc,bat_score=0 (matched),5,0
1m6yykm,bat_score=0 (matched),5,0
1nj4wqf,bat_score=0 (matched),18,0
1joiodr,bat_score=0 (matched),15,0
1lj44au,bat_score=0 (matched),23,0
1jckobl,bat_score=0 (matched),2,0
1itve50,bat_score=0 (matched),2,0
1p7qgtw,bat_score=0 (matched),4,0
1lsgkw2,bat_score=0 (matched),3,0
1oub6do,bat_score=0 (matched),5,0
1my4kkb,bat_score=0 (matched),2,0
1luj5mv,bat_score=0 (matched),4,0
1npvjwb,bat_score=0 (matched),3,0
1kio6my,bat_score=0 (matched),1,0
1igknig,bat_score=0 (matched),4,0
1msllwf,bat_score=0 (matched),3,0
1iaifzq,bat_score=0 (matched),2,0
1mx5hdi,bat_score=0 (matched),4,0
1j4yrby,bat_score=0 (matched),2,0
1nnt80x,bat_score=0 (matched),5,0
1p32x6y,bat_score=0 (matched),2,0
1o82g7r,bat_score=0 (matched),4,0
1k54kmw,bat_score=0 (matched),4,0
1io6zkg,bat_score=0 (matched),13,0
1obtuz4,bat_score=0 (matched),1,0
1lgytlo,bat_score=0 (matched),0,1
1htt1ul,bat_score=0 (matched),6,0
1o9tot3,bat_score=0 (matched),4,0
1n18ket,bat_score=0 (matched),15,0
1mnp0ar,bat_score=0 (matched),5,0
1jc3c1r,bat_score=0 (matched),10,0
1jw9y71,bat_score=0 (matched),1,0
1iqybxc,bat_score=0 (matched),1,0
1lmp2n4,bat_score=0 (matched),3,0
1o6jfvb,bat_score=0 (matched),4,0
1no3hfr,bat_score=0 (matched),23,0
1is23tk,bat_score=0 (matched),0,1
1lxe4ex,bat_score=0 (matched),2,0
1panjgc,bat_score=0 (matched),5,0
1lieyji,bat_score=0 (matched),1,0
1mb3bjg,bat_score=0 (matched),1,0
1m8ik3x,bat_score=0 (matched),9,0
1jad882,bat_score=0 (matched),8,0
1nk0jo0,bat_score=0 (matched),3,0
1odhcwp,bat_score=0 (matched),1,0
1kzdcxd,bat_score=0 (matched),4,0
1kluehb,bat_score=0 (matched),2,0
1izmc1v,bat_score=0 (matched),5,0
1j2a4bb,bat_score=0 (matched),3,0
1ok2q2k,bat_score=0 (matched),10,0
1nu924x,bat_score=0 (matched),18,0
1l4tgex,bat_score=0 (matched),4,0
1o493ty,bat_score=0 (matched),1,0
1nocgls,bat_score=0 (matched),2,0
1p01fnl,bat_score=0 (matched),3,0
1m60e01,bat_score=0 (matched),3,0
1k6efli,bat_score=0 (matched),0,1
1j8fn8g,bat_score=0 (matched),3,0
1ju3gcc,bat_score=0 (matched),0,1
1k8ksvm,bat_score=0 (matched),4,0
1n1g9yp,bat_score=0 (matched),17,0
1mzpx5t,bat_score=0 (matched),5,0
1po7owb,bat_score=0 (matched),0,1
1nk04l9,bat_score=0 (matched),1,0
1o3ufuh,bat_score=0 (matched),2,0
1m8ej94,bat_score=0 (matched),1,0
1m07y5d,bat_score=0 (matched),22,0
1kfm7rq,bat_score=0 (matched),5,0
1pv75bx,bat_score=0 (matched),5,0
1iep2q0,bat_score=0 (matched),2,0
1py8tk9,bat_score=0 (matched),2,0
1pjxnna,bat_score=0 (matched),8,0
1oha0i2,bat_score=0 (matched),1,0
1kszckh,bat_score=0 (matched),31,0
1qekdb2,bat_score=0 (matched),1,0
1r3zbbg,bat_score=0 (matched),3,0
1q9ivue,bat_score=0 (matched),7,0
1stxlq0,bat_score=0 (matched),2,0
1rb4pq7,bat_score=0 (matched),4,0
1qrmskd,bat_score=0 (matched),4,0
1sd53m7,bat_score=0 (matched),5,0
1rlzfqu,bat_score=0 (matched),5,0
1ss97jz,bat_score=0 (matched),4,0
1rgw6n6,bat_score=0 (matched),8,0
1r701kq,bat_score=0 (matched),2,0
1r9d1gl,bat_score=0 (matched),14,0
1qycwz0,bat_score=0 (matched),6,0
1rzzbwr,bat_score=0 (matched),9,0
1rfwbg6,bat_score=0 (matched),10,0
1rmfdmt,bat_score=0 (matched),48,0
1slm7b3,bat_score=0 (matched),2,0
1shooy5,bat_score=0 (matched),5,0
1q3388o,bat_score=0 (matched),2,0
1q18rd7,bat_score=0 (matched),4,0
1qxu4k0,bat_score=0 (matched),3,0
1r5d2t4,bat_score=0 (matched),15,0
1s3vyqs,bat_score=0 (matched),1,0
1quzqln,bat_score=0 (matched),4,0
1qo4c7b,bat_score=0 (matched),1,0
1rxjpj1,bat_score=0 (matched),6,0
1sa8e2c,bat_score=0 (matched),1,0
1qt2cxo,bat_score=0 (matched),0,1
1rivsa9,bat_score=0 (matched),0,1
1ratwvo,bat_score=0 (matched),8,0
1qijm72,bat_score=0 (matched),1,0
1r2g98f,bat_score=0 (matched),0,1
1qchap6,bat_score=0 (matched),7,0
1rx8sqv,bat_score=0 (matched),1,0
1sliqds,bat_score=0 (matched),4,0
1s36cjl,bat_score=0 (matched),2,0
1sslzzn,bat_score=0 (matched),3,0
1r037pg,bat_score=0 (matched),2,0
1rvadzd,bat_score=0 (matched),3,0
1q5jvwe,bat_score=0 (matched),0,1
1soe5zt,bat_score=0 (matched),7,0
1s7f7xw,bat_score=0 (matched),1,0
1rxivii,bat_score=0 (matched),6,0
1ru00vy,bat_score=0 (matched),2,0
1qi0of5,bat_score=0 (matched),1,0
1svjsir,bat_score=0 (matched),3,0
1qye18g,bat_score=0 (matched),3,0
1r86c03,bat_score=0 (matched),4,0
1qc5aws,bat_score=0 (matched),1,0
1r6kanc,bat_score=0 (matched),1,0
1sfg0jl,bat_score=0 (matched),4,0
1qrhqow,bat_score=0 (matched),5,0
1qq5cf4,bat_score=0 (matched),5,0
1qe9kd9,bat_score=0 (matched),0,1
1se2rig,bat_score=0 (matched),2,0
1r5p0ry,bat_score=0 (matched),7,0
1svhfoi,bat_score=0 (matched),13,0
1rc9lwn,bat_score=0 (matched),0,1
1q59mn4,bat_score=0 (matched),1,0
1sgz7kb,bat_score=0 (matched),5,0
1r1tlv1,bat_score=0 (matched),3,0
1q4vaay,bat_score=0 (matched),9,0
1qt90q7,bat_score=0 (matched),6,0
1sqirhh,bat_score=0 (matched),1,0
1sfcxbc,bat_score=0 (matched),3,0
1qpalhj,bat_score=0 (matched),2,0
1rdmxrp,bat_score=0 (matched),18,0
1qws5e8,bat_score=0 (matched),3,0
1r5wlok,bat_score=0 (matched),6,0
1s1npi6,bat_score=0 (matched),2,0
1qdhkk0,bat_score=0 (matched),3,0
13dxc25,bat_score=0 (matched),2,0
1dzoiib,bat_score=0 (matched),1,0
1g1qoiw,bat_score=0 (matched),4,0
1mwhv2e,bat_score=0 (matched),15,0
1j03x2l,bat_score=0 (matched),3,0
1mwpbq6,bat_score=0 (matched),12,0
1k0nhb3,bat_score=0 (matched),5,0
1kob891,bat_score=0 (matched),3,0
1pig13p,bat_score=0 (matched),14,0
1scx48s,bat_score=0 (matched),8,0
1rjpb4i,bat_score=0 (matched),4,0
1s35tej,bat_score=0 (matched),11,0
7zo0qa,bat_score=0 (matched),5,0
9vkmby,bat_score=0 (matched),4,0
9q9ppq,bat_score=0 (matched),4,0
91pm7l,bat_score=0 (matched),17,0
9r83rh,bat_score=0 (matched),6,0
8gckit,bat_score=0 (matched),5,0
8zdhqm,bat_score=0 (matched),5,0
9mv48u,bat_score=0 (matched),3,0
81qkda,bat_score=0 (matched),3,0
a11b69,bat_score=0 (matched),1,0
7ovohs,bat_score=0 (matched),3,0
92w20p,bat_score=0 (matched),4,0
9z1709,bat_score=0 (matched),4,0
97bxcg,bat_score=0 (matched),4,0
7stcol,bat_score=0 (matched),5,0
83oono,bat_score=0 (matched),8,0
7x6z7p,bat_score=0 (matched),3,0
9x8cto,bat_score=0 (matched),3,0
7t7tg0,bat_score=0 (matched),1,0
8kzah9,bat_score=0 (matched),2,0
bshq93,bat_score=0 (matched),1,0
cw2aca,bat_score=0 (matched),2,0
c15pg7,bat_score=0 (matched),10,0
d82w5t,bat_score=0 (matched),5,0
begst8,bat_score=0 (matched),4,0
d4m75l,bat_score=0 (matched),2,0
apuqfv,bat_score=0 (matched),2,0
cm1h40,bat_score=0 (matched),6,0
d12jdj,bat_score=0 (matched),6,0
aq5uxk,bat_score=0 (matched),0,1
ehs2n0,bat_score=0 (matched),6,0
alvwk6,bat_score=0 (matched),2,0
bswzoz,bat_score=0 (matched),0,1
c5d18x,bat_score=0 (matched),4,0
ay4s2d,bat_score=0 (matched),3,0
cgblet,bat_score=0 (matched),13,0
bldiim,bat_score=0 (matched),6,0
bzmu9s,bat_score=0 (matched),3,0
d4x4vq,bat_score=0 (matched),3,0
c8rq3s,bat_score=0 (matched),1,0
ceeafc,bat_score=0 (matched),1,0
cg95h9,bat_score=0 (matched),4,0
dt4kwv,bat_score=0 (matched),2,0
dkafv7,bat_score=0 (matched),3,0
e41k80,bat_score=0 (matched),3,0
cth9zm,bat_score=0 (matched),6,0
bb5och,bat_score=0 (matched),3,0
ebr61f,bat_score=0 (matched),9,0
cwde37,bat_score=0 (matched),4,0
c40j2h,bat_score=0 (matched),13,0
ei24pt,bat_score=0 (matched),1,0
b9dn1g,bat_score=0 (matched),4,0
birwpm,bat_score=0 (matched),2,0
c2noma,bat_score=0 (matched),0,1
cw6mbu,bat_score=0 (matched),0,1
c0uplt,bat_score=0 (matched),13,0
eeb48y,bat_score=0 (matched),9,0
cgqtue,bat_score=0 (matched),1,0
aiu00o,bat_score=0 (matched),3,0
e9avom,bat_score=0 (matched),3,0
ina0l5,bat_score=0 (matched),6,0
i4ozkp,bat_score=0 (matched),8,0
hnbc2y,bat_score=0 (matched),2,0
i8ui59,bat_score=0 (matched),1,0
k5904r,bat_score=0 (matched),5,0
hcu6r9,bat_score=0 (matched),0,1
eyj5pf,bat_score=0 (matched),3,0
fv3y9d,bat_score=0 (matched),0,1
iikwtw,bat_score=0 (matched),4,0
ezo7ac,bat_score=0 (matched),2,0
giwc8n,bat_score=0 (matched),4,0
ieycyt,bat_score=0 (matched),3,0
hji7gz,bat_score=0 (matched),3,0
jjx228,bat_score=0 (matched),17,0
kd22t3,bat_score=0 (matched),5,0
jbwwqr,bat_score=0 (matched),1,0
k4b5u6,bat_score=0 (matched),1,0
h9uc4b,bat_score=0 (matched),2,0
kmm9vm,bat_score=0 (matched),0,1
emtyx4,bat_score=0 (matched),7,0
esvq05,bat_score=0 (matched),5,0
enwybb,bat_score=0 (matched),6,0
eypp4k,bat_score=0 (matched),4,0
ips3gc,bat_score=0 (matched),2,0
id5zuw,bat_score=0 (matched),1,0
jnbi6y,bat_score=0 (matched),2,0
ibfl8t,bat_score=0 (matched),1,0
fvbvu5,bat_score=0 (matched),0,1
gozyu4,bat_score=0 (matched),3,0
g1y71c,bat_score=0 (matched),16,0
ih5ijn,bat_score=0 (matched),0,1
gm5vf7,bat_score=0 (matched),7,0
i4v659,bat_score=0 (matched),2,0
iyj39y,bat_score=0 (matched),5,0
i8wqpz,bat_score=0 (matched),2,0
kjt3oh,bat_score=0 (matched),3,0
hy6mkr,bat_score=0 (matched),2,0
fpccgd,bat_score=0 (matched),0,1
gvzoyp,bat_score=0 (matched),2,0
iallgn,bat_score=0 (matched),0,1
ji6zi1,bat_score=0 (matched),15,0
f6qyob,bat_score=0 (matched),5,0
hv7uph,bat_score=0 (matched),2,0
kmydt1,bat_score=0 (matched),3,0
erkw6f,bat_score=0 (matched),1,0
gydrkd,bat_score=0 (matched),1,0
kclwej,bat_score=0 (matched),3,0
jtbxmf,bat_score=0 (matched),2,0
ifxf00,bat_score=0 (matched),3,0
i0ogx3,bat_score=0 (matched),5,0
j63lgz,bat_score=0 (matched),10,0
gfxo1l,bat_score=0 (matched),4,0
gd92wf,bat_score=0 (matched),1,0
iozxui,bat_score=0 (matched),5,0
k1lwyy,bat_score=0 (matched),3,0
jeuuxw,bat_score=0 (matched),4,0
g7psti,bat_score=0 (matched),3,0
fwichl,bat_score=0 (matched),3,0
fzbln5,bat_score=0 (matched),1,0
ibxk69,bat_score=0 (matched),3,0
js647m,bat_score=0 (matched),6,0
gb52gl,bat_score=0 (matched),2,0
klkag0,bat_score=0 (matched),3,0
f4wlz3,bat_score=0 (matched),5,0
grpm44,bat_score=0 (matched),1,0
jmt6xj,bat_score=0 (matched),5,0
jkl7io,bat_score=0 (matched),2,0
k6s2r7,bat_score=0 (matched),2,0
ka683c,bat_score=0 (matched),4,0
hwtmii,bat_score=0 (matched),2,0
i9pjsq,bat_score=0 (matched),0,1
hjc67m,bat_score=0 (matched),1,0
mjpnpm,bat_score=0 (matched),1,0
mpuyzi,bat_score=0 (matched),3,0
p2qrbz,bat_score=0 (matched),6,0
mzqt4b,bat_score=0 (matched),2,0
nkthfg,bat_score=0 (matched),2,0
mczsp6,bat_score=0 (matched),1,0
pl5q6k,bat_score=0 (matched),4,0
md2b48,bat_score=0 (matched),10,0
l5vj8m,bat_score=0 (matched),1,0
mlpaed,bat_score=0 (matched),1,0
o8j12n,bat_score=0 (matched),3,0
o6pa8n,bat_score=0 (matched),6,0
ljzu5h,bat_score=0 (matched),4,0
lx4di0,bat_score=0 (matched),1,0
n9eo55,bat_score=0 (matched),2,0
lg6t7k,bat_score=0 (matched),0,1
oh23vh,bat_score=0 (matched),2,0
nvf6tf,bat_score=0 (matched),1,0
r5fyuw,bat_score=0 (matched),5,0
m8qab3,bat_score=0 (matched),7,0
pkfd9o,bat_score=0 (matched),25,0
p4jqoh,bat_score=0 (matched),6,0
p3ly9w,bat_score=0 (matched),21,0
m6ui3h,bat_score=0 (matched),1,0
pq5zjd,bat_score=0 (matched),62,0
nz9ls9,bat_score=0 (matched),24,0
mhddec,bat_score=0 (matched),4,0
rheg2d,bat_score=0 (matched),37,0
o6hlhe,bat_score=0 (matched),4,0
nt6bbi,bat_score=0 (matched),2,0
mc2j0n,bat_score=0 (matched),19,0
qwth7w,bat_score=0 (matched),4,0
qzmum5,bat_score=0 (matched),0,1
m1cqla,bat_score=0 (matched),0,1
qkuiin,bat_score=0 (matched),1,0
q4qtu8,bat_score=0 (matched),13,0
ne1kkl,bat_score=0 (matched),30,0
omzy2l,bat_score=0 (matched),4,0
qqd73k,bat_score=0 (matched),0,1
qaj6o2,bat_score=0 (matched),0,1
ophtfq,bat_score=0 (matched),10,0
oq1rqb,bat_score=0 (matched),2,0
ptnz6l,bat_score=0 (matched),5,0
mvjo4w,bat_score=0 (matched),2,0
oegq2s,bat_score=0 (matched),4,0
r0qrif,bat_score=0 (matched),18,0
pyqvyi,bat_score=0 (matched),2,0
rde589,bat_score=0 (matched),5,0
kxo24j,bat_score=0 (matched),3,0
m6kh6u,bat_score=0 (matched),8,0
pq6p0w,bat_score=0 (matched),4,0
r4ahhi,bat_score=0 (matched),2,0
ksg7gc,bat_score=0 (matched),5,0
kr5n90,bat_score=0 (matched),1,0
mq22zo,bat_score=0 (matched),0,1
r54rgc,bat_score=0 (matched),3,0
qju095,bat_score=0 (matched),5,0
lxr0pw,bat_score=0 (matched),4,0
lrxaal,bat_score=0 (matched),1,0
qeo6bx,bat_score=0 (matched),4,0
ppm5ki,bat_score=0 (matched),1,0
pynpys,bat_score=0 (matched),2,0
l6pm2k,bat_score=0 (matched),5,0
kwh63x,bat_score=0 (matched),2,0
rg0su7,bat_score=0 (matched),1,0
odbqx4,bat_score=0 (matched),80,0
kvjc51,bat_score=0 (matched),3,0
qan3q8,bat_score=0 (matched),4,0
ojc3mp,bat_score=0 (matched),3,0
l0afrn,bat_score=0 (matched),23,0
p2z2qx,bat_score=0 (matched),42,0
oakq9b,bat_score=0 (matched),4,0
ldt6eg,bat_score=0 (matched),2,0
ql5ei1,bat_score=0 (matched),3,0
mbdo5j,bat_score=0 (matched),2,0
og8cqw,bat_score=0 (matched),1,0
o1nhr0,bat_score=0 (matched),2,0
q60uym,bat_score=0 (matched),14,0
pwseua,bat_score=0 (matched),21,0
r225b7,bat_score=0 (matched),22,0
rinmre,bat_score=0 (matched),5,0
lm64tb,bat_score=0 (matched),10,0
r9t7gu,bat_score=0 (matched),43,0
msx7n2,bat_score=0 (matched),6,0
q77orq,bat_score=0 (matched),6,0
kvu7ex,bat_score=0 (matched),3,0
ohp1vt,bat_score=0 (matched),1,0
p66h1g,bat_score=0 (matched),3,0
qs5ki5,bat_score=0 (matched),0,1
pxdr5z,bat_score=0 (matched),1,0
qw2rsz,bat_score=0 (matched),25,0
ngc1lz,bat_score=0 (matched),5,0
l9ia53,bat_score=0 (matched),3,0
qlv58d,bat_score=0 (matched),4,0
lkdbja,bat_score=0 (matched),2,0
lj3awf,bat_score=0 (matched),3,0
omjblt,bat_score=0 (matched),2,0
lhalyx,bat_score=0 (matched),1,0
new446,bat_score=0 (matched),7,0
p26t3t,bat_score=0 (matched),7,0
rl4mni,bat_score=0 (matched),1,0
m7t0jn,bat_score=0 (matched),1,0
osa6s6,bat_score=0 (matched),9,0
l13q47,bat_score=0 (matched),6,0
rrxtrb,bat_score=0 (matched),13,0
o0x7b0,bat_score=0 (matched),16,0
ph74eb,bat_score=0 (matched),4,0
nmhl17,bat_score=0 (matched),4,0
r4i4fr,bat_score=0 (matched),40,0
ph9cmt,bat_score=0 (matched),13,0
ph2ytj,bat_score=0 (matched),31,0
msfurw,bat_score=0 (matched),6,0
q6mqgw,bat_score=0 (matched),0,1
qh5jb6,bat_score=0 (matched),2,0
rejq6f,bat_score=0 (matched),2,0
qot26r,bat_score=0 (matched),1,0
ll5bic,bat_score=0 (matched),3,0
lwwfv6,bat_score=0 (matched),4,0
pguoxo,bat_score=0 (matched),3,0
l75kw6,bat_score=0 (matched),1,0
m7kvxg,bat_score=0 (matched),10,0
rofaxk,bat_score=0 (matched),19,0
qtp0rn,bat_score=0 (matched),40,0
nf8ms9,bat_score=0 (matched),3,0
n6bqp9,bat_score=0 (matched),2,0
oo5261,bat_score=0 (matched),10,0
r7khc0,bat_score=0 (matched),11,0
ox467q,bat_score=0 (matched),6,0
q15e3p,bat_score=0 (matched),11,0
oiyz9b,bat_score=0 (matched),7,0
ldc0uz,bat_score=0 (matched),3,0
mz5fak,bat_score=0 (matched),5,0
r55wpf,bat_score=0 (matched),13,0
l5xqge,bat_score=0 (matched),3,0
pe0yp1,bat_score=0 (matched),1,0
o7olgq,bat_score=0 (matched),3,0
mnmd2g,bat_score=0 (matched),3,0
p4vdj1,bat_score=0 (matched),5,0
l6tdjx,bat_score=0 (matched),3,0
p88wwg,bat_score=0 (matched),4,0
n7pw2q,bat_score=0 (matched),1,0
mut626,bat_score=0 (matched),9,0
nkk9u6,bat_score=0 (matched),3,0
o98q24,bat_score=0 (matched),30,0
og6k9o,bat_score=0 (matched),5,0
mr0os4,bat_score=0 (matched),4,0
yaljxb,bat_score=0 (matched),1,0
s1n7ov,bat_score=0 (matched),3,0
zxmug3,bat_score=0 (matched),3,0
varlpa,bat_score=0 (matched),9,0
wdpkz2,bat_score=0 (matched),12,0
u1s9de,bat_score=0 (matched),4,0
sdkffe,bat_score=0 (matched),1,0
uboqcd,bat_score=0 (matched),0,1
ufdqz0,bat_score=0 (matched),5,0
u2yyh0,bat_score=0 (matched),16,0
w1bh4l,bat_score=0 (matched),8,0
tscgsk,bat_score=0 (matched),9,0
sj7vp0,bat_score=0 (matched),3,0
skdum4,bat_score=0 (matched),4,0
to4y0l,bat_score=0 (matched),5,0
xwnh7y,bat_score=0 (matched),1,0
wslcrj,bat_score=0 (matched),18,0
zay8ws,bat_score=0 (matched),2,0
y030ss,bat_score=0 (matched),20,0
zynbva,bat_score=0 (matched),1,0
uv9dp0,bat_score=0 (matched),4,0
szpzxd,bat_score=0 (matched),17,0
vb98kl,bat_score=0 (matched),8,0
wajivq,bat_score=0 (matched),5,0
v94e2g,bat_score=0 (matched),4,0
y5dxe5,bat_score=0 (matched),7,0
t6iwar,bat_score=0 (matched),9,0
u5ffs0,bat_score=0 (matched),3,0
xejdve,bat_score=0 (matched),2,0
tg5oxh,bat_score=0 (matched),1,0
v1ufut,bat_score=0 (matched),22,0
yy2ge3,bat_score=0 (matched),5,0
vgzfap,bat_score=0 (matched),5,0
wlpxl0,bat_score=0 (matched),12,0
x1gm9g,bat_score=0 (matched),5,0
ww9yhf,bat_score=0 (matched),8,0
vuq020,bat_score=0 (matched),4,0
trbhdl,bat_score=0 (matched),1,0
x1cik7,bat_score=0 (matched),3,0
u31pqa,bat_score=0 (matched),0,1
urk2e0,bat_score=0 (matched),0,1
se5hfz,bat_score=0 (matched),9,0
vl3p0r,bat_score=0 (matched),9,0
ydb7ir,bat_score=0 (matched),9,0
ulfcw7,bat_score=0 (matched),6,0
si2i90,bat_score=0 (matched),29,0
v49hrn,bat_score=0 (matched),82,0
uxp038,bat_score=0 (matched),22,0
urwqwd,bat_score=0 (matched),4,0
u5u093,bat_score=0 (matched),9,0
xzgm59,bat_score=0 (matched),5,0
umo241,bat_score=0 (matched),4,0
x9o32k,bat_score=0 (matched),17,0
x37ffl,bat_score=0 (matched),2,0
xf4ncw,bat_score=0 (matched),13,0
vhcvco,bat_score=0 (matched),81,0
urn6j7,bat_score=0 (matched),11,0
xg188i,bat_score=0 (matched),4,0
taa7fg,bat_score=0 (matched),7,0
wu00yd,bat_score=0 (matched),3,0
y89aoy,bat_score=0 (matched),160,0
x5n5lb,bat_score=0 (matched),25,0
y0eyh5,bat_score=0 (matched),17,0
wbfcq9,bat_score=0 (matched),3,0
ubsa21,bat_score=0 (matched),2,0
u3o9bj,bat_score=0 (matched),6,0
tn2go3,bat_score=0 (matched),16,0
ypty2i,bat_score=0 (matched),1,0
yeksvu,bat_score=0 (matched),8,0
s5syhf,bat_score=0 (matched),4,0
seqwrf,bat_score=0 (matched),0,1
ugcuyx,bat_score=0 (matched),61,0
wxfmui,bat_score=0 (matched),6,0
vdql2x,bat_score=0 (matched),9,0
xvj4u7,bat_score=0 (matched),3,0
t96frd,bat_score=0 (matched),2,0
vw4q5w,bat_score=0 (matched),70,0
upantj,bat_score=0 (matched),4,0
y3tran,bat_score=0 (matched),2,0
tjz0tk,bat_score=0 (matched),4,0
sp8r8a,bat_score=0 (matched),4,0
yrmn8c,bat_score=0 (matched),1,0
sr0v0u,bat_score=0 (matched),12,0
sgcvsd,bat_score=0 (matched),6,0
wg0ej4,bat_score=0 (matched),4,0
skwuco,bat_score=0 (matched),5,0
xwnk02,bat_score=0 (matched),2,0
t9omcm,bat_score=0 (matched),4,0
ua5o9q,bat_score=0 (matched),0,1
z8y8m0,bat_score=0 (matched),1,0
swlhuz,bat_score=0 (matched),13,0
v1cx1w,bat_score=0 (matched),21,0
zoxh8r,bat_score=0 (matched),9,0
vlhydv,bat_score=0 (matched),61,0
t0w5lz,bat_score=0 (matched),0,1
v77wjq,bat_score=0 (matched),4,0
s0lfer,bat_score=0 (matched),5,0
w75gs0,bat_score=0 (matched),16,0
tnq8yn,bat_score=0 (matched),10,0
z971ri,bat_score=0 (matched),3,0
rzdivm,bat_score=0 (matched),7,0
u0czsn,bat_score=0 (matched),19,0
tw6a47,bat_score=0 (matched),4,0
shabys,bat_score=0 (matched),108,0
tlw34i,bat_score=0 (matched),34,0
xphjrt,bat_score=0 (matched),5,0
t0d9l1,bat_score=0 (matched),1,0
vjcjqs,bat_score=0 (matched),47,0
yqk3l7,bat_score=0 (matched),2,0
vub7b2,bat_score=0 (matched),2,0
zden5t,bat_score=0 (matched),5,0
umi2ri,bat_score=0 (matched),0,1
wrngm2,bat_score=0 (matched),0,1
zdg7jm,bat_score=0 (matched),5,0
wwa32a,bat_score=0 (matched),5,0
sqiecx,bat_score=0 (matched),11,0
tlmrby,bat_score=0 (matched),1,0
u3qbfs,bat_score=0 (matched),0,1
yz55t2,bat_score=0 (matched),4,0
sgc5wz,bat_score=0 (matched),23,0
wf5e2y,bat_score=0 (matched),1,0
u8ix5s,bat_score=0 (matched),13,0
wq6y63,bat_score=0 (matched),0,1
wpk66j,bat_score=0 (matched),14,0
wpafr5,bat_score=0 (matched),10,0
u3hs6u,bat_score=0 (matched),15,0
xokzu8,bat_score=0 (matched),4,0
t1a1n6,bat_score=0 (matched),1,0
vj1nty,bat_score=0 (matched),2,0
v39u7s,bat_score=0 (matched),6,0
xwvsk2,bat_score=0 (matched),9,0
ump9gw,bat_score=0 (matched),7,0
s9j5s0,bat_score=0 (matched),3,0
w062zg,bat_score=0 (matched),4,0
ujfiah,bat_score=0 (matched),11,0
v7rdsh,bat_score=0 (matched),2,0
s7sili,bat_score=0 (matched),1,0
vsn898,bat_score=0 (matched),14,0
v4z15n,bat_score=0 (matched),12,0
ufkdlh,bat_score=0 (matched),4,0
suwhtg,bat_score=0 (matched),48,0
w2ugi8,bat_score=0 (matched),2,0
w9huvu,bat_score=0 (matched),3,0
zf5b23,bat_score=0 (matched),6,0
xmympu,bat_score=0 (matched),8,0
vgeysu,bat_score=0 (matched),6,0
wki9xp,bat_score=0 (matched),6,0
yi6p20,bat_score=0 (matched),7,0
srycpk,bat_score=0 (matched),16,0
wmlwsc,bat_score=0 (matched),7,0
u51v3p,bat_score=0 (matched),5,0
x95myf,bat_score=0 (matched),2,0
umeiun,bat_score=0 (matched),7,0
vgs1jn,bat_score=0 (matched),1,0
11oxszd,bat_score=0 (matched),4,0
15zp9dj,bat_score=0 (matched),2,0
17v8mag,bat_score=0 (matched),1,0
16c9cvj,bat_score=0 (matched),9,0
14xgwwk,bat_score=0 (matched),19,0
15fyyie,bat_score=0 (matched),7,0
1523yh7,bat_score=0 (matched),1,0
17nuvme,bat_score=0 (matched),20,0
13x4igr,bat_score=0 (matched),4,0
16q2lxc,bat_score=0 (matched),5,0
18kzqqi,bat_score=0 (matched),0,1
18i6wbr,bat_score=0 (matched),2,0
11aymjv,bat_score=0 (matched),9,0
16nmhhp,bat_score=0 (matched),3,0
13d4lsz,bat_score=0 (matched),2,0
137h59e,bat_score=0 (matched),0,1
11s1hq8,bat_score=0 (matched),1,0
10urcd6,bat_score=0 (matched),21,0
115s2uw,bat_score=0 (matched),7,0
13fr04t,bat_score=0 (matched),6,0
13xr789,bat_score=0 (matched),0,1
15bkg13,bat_score=0 (matched),2,0
15gyahs,bat_score=0 (matched),10,0
17v728i,bat_score=0 (matched),0,1
16oov7f,bat_score=0 (matched),1,0
165es1u,bat_score=0 (matched),6,0
176d21h,bat_score=0 (matched),11,0
14q0poy,bat_score=0 (matched),3,0
16muxq3,bat_score=0 (matched),5,0
16zi3vq,bat_score=0 (matched),6,0
15xqoyj,bat_score=0 (matched),1,0
168gdr7,bat_score=0 (matched),4,0
17v2nry,bat_score=0 (matched),4,0
1871c7e,bat_score=0 (matched),10,0
171si8f,bat_score=0 (matched),3,0
13j0q1f,bat_score=0 (matched),0,1
17qa8qm,bat_score=0 (matched),9,0
10h6cj3,bat_score=0 (matched),6,0
17ox2px,bat_score=0 (matched),11,0
18kqqis,bat_score=0 (matched),19,0
18dk29x,bat_score=0 (matched),4,0
1616ypr,bat_score=0 (matched),15,0
15lsmfm,bat_score=0 (matched),31,0
17v1mdw,bat_score=0 (matched),10,0
15ulzk7,bat_score=0 (matched),0,1
178ssf6,bat_score=0 (matched),101,0
16qbpcn,bat_score=0 (matched),8,0
111jt53,bat_score=0 (matched),6,0
18m4l6r,bat_score=0 (matched),0,1
15b2all,bat_score=0 (matched),2,0
16unukd,bat_score=0 (matched),15,0
18dj0lu,bat_score=0 (matched),2,0
16ao2zz,bat_score=0 (matched),3,0
18gsjiz,bat_score=0 (matched),19,0
18738vv,bat_score=0 (matched),3,0
13s2tic,bat_score=0 (matched),2,0
124kwmp,bat_score=0 (matched),11,0
17zpz56,bat_score=0 (matched),1,0
15td9xi,bat_score=0 (matched),19,0
14p3ba8,bat_score=0 (matched),126,0
11pu7dc,bat_score=0 (matched),65,0
187u9d2,bat_score=0 (matched),1,0
15reg3x,bat_score=0 (matched),24,0
134ykz1,bat_score=0 (matched),12,0
12zdtn2,bat_score=0 (matched),5,0
10kw0jj,bat_score=0 (matched),5,0
17qfpmh,bat_score=0 (matched),0,1
17wuq1y,bat_score=0 (matched),5,0
16zaxmb,bat_score=0 (matched),0,1
18pbt8c,bat_score=0 (matched),18,0
138wbaj,bat_score=0 (matched),0,1
10pngxf,bat_score=0 (matched),5,0
17gl7hi,bat_score=0 (matched),2,0
17vsvhj,bat_score=0 (matched),4,0
16izcp5,bat_score=0 (matched),2,0
1131tsq,bat_score=0 (matched),5,0
17c017i,bat_score=0 (matched),3,0
16lvg6t,bat_score=0 (matched),1,0
1326j2h,bat_score=0 (matched),5,0
11k0ylz,bat_score=0 (matched),1,0
18losie,bat_score=0 (matched),0,1
14nme5p,bat_score=0 (matched),2,0
161pbe2,bat_score=0 (matched),9,0
11jyhf3,bat_score=0 (matched),23,0
18v9o93,bat_score=0 (matched),16,0
18scae5,bat_score=0 (matched),6,0
10mvrh8,bat_score=0 (matched),4,0
12xc1yk,bat_score=0 (matched),22,0
17pgw05,bat_score=0 (matched),2,0
114hjv4,bat_score=0 (matched),4,0
134g9zs,bat_score=0 (matched),25,0
161390r,bat_score=0 (matched),4,0
16ksxes,bat_score=0 (matched),2,0
12rso4e,bat_score=0 (matched),20,0
17wqc1b,bat_score=0 (matched),48,0
16zo5fv,bat_score=0 (matched),4,0
1234ik3,bat_score=0 (matched),76,0
15a4398,bat_score=0 (matched),3,0
16mnlv8,bat_score=0 (matched),15,0
16k7bhm,bat_score=0 (matched),67,0
12a3avw,bat_score=0 (matched),2,0
16u40t9,bat_score=0 (matched),2,0
188n95f,bat_score=0 (matched),10,0
16ytxaa,bat_score=0 (matched),40,0
17tepun,bat_score=0 (matched),55,0
15dw5rh,bat_score=0 (matched),2,0
17vrx7w,bat_score=0 (matched),1,0
10522kp,bat_score=0 (matched),8,0
11fa88h,bat_score=0 (matched),17,0
10a1izx,bat_score=0 (matched),11,0
168cq1i,bat_score=0 (matched),5,0
17jxaj2,bat_score=0 (matched),1,0
10pbgur,bat_score=0 (matched),51,0
16kl8nr,bat_score=0 (matched),5,0
13wgbtr,bat_score=0 (matched),16,0
15obmmx,bat_score=0 (matched),0,1
187srwh,bat_score=0 (matched),6,0
17yz77d,bat_score=0 (matched),10,0
14oejki,bat_score=0 (matched),25,0
13514v7,bat_score=0 (matched),5,0
18jvgvu,bat_score=0 (matched),3,0
10j1oh1,bat_score=0 (matched),3,0
12u1x7a,bat_score=0 (matched),6,0
16aawnp,bat_score=0 (matched),1,0
18s5tsn,bat_score=0 (matched),27,0
16pdnnx,bat_score=0 (matched),1,0
188jnzi,bat_score=0 (matched),17,0
15zowur,bat_score=0 (matched),2,0
16lbno6,bat_score=0 (matched),12,0
161cpoe,bat_score=0 (matched),0,1
17p7lzb,bat_score=0 (matched),1,0
174jrx4,bat_score=0 (matched),35,0
139lfat,bat_score=0 (matched),25,0
128l516,bat_score=0 (matched),4,0
18lbgvx,bat_score=0 (matched),7,0
180z2ed,bat_score=0 (matched),0,1
104wxqt,bat_score=0 (matched),4,0
13cz6h7,bat_score=0 (matched),4,0
111nmkm,bat_score=0 (matched),49,0
15ro0nk,bat_score=0 (matched),5,0
16cnlbq,bat_score=0 (matched),6,0
14tdkwl,bat_score=0 (matched),29,0
17xutn0,bat_score=0 (matched),5,0
17i8ynh,bat_score=0 (matched),20,0
163ucn8,bat_score=0 (matched),17,0
11ntm0u,bat_score=0 (matched),3,0
1657nqz,bat_score=0 (matched),70,0
161mqf0,bat_score=0 (matched),140,0
16hy4z8,bat_score=0 (matched),2,0
16pbuso,bat_score=0 (matched),1,0
13h727h,bat_score=0 (matched),9,0
12qowl3,bat_score=0 (matched),2,0
174q2vg,bat_score=0 (matched),38,0
10ao7h3,bat_score=0 (matched),1,0
17efdpv,bat_score=0 (matched),12,0
140vcnf,bat_score=0 (matched),107,0
109hnnp,bat_score=0 (matched),5,0
17rj2p1,bat_score=0 (matched),34,0
16b0t3s,bat_score=0 (matched),2,0
17npk9y,bat_score=0 (matched),22,0
106yoan,bat_score=0 (matched),70,0
16rnluo,bat_score=0 (matched),18,0
12mj29w,bat_score=0 (matched),89,0
11jrf8w,bat_score=0 (matched),16,0
10r1q4f,bat_score=0 (matched),13,0
10ax9au,bat_score=0 (matched),1,0
13hrkhr,bat_score=0 (matched),117,0
17983iq,bat_score=0 (matched),2,0
15morok,bat_score=0 (matched),1,0
16p6nzs,bat_score=0 (matched),6,0
114061i,bat_score=0 (matched),2,0
11g09nq,bat_score=0 (matched),2,0
11ejf0y,bat_score=0 (matched),4,0
16kwt5m,bat_score=0 (matched),1,0
18dn4bw,bat_score=0 (matched),26,0
11zqgke,bat_score=0 (matched),10,0
11fxwmo,bat_score=0 (matched),4,0
17hl00t,bat_score=0 (matched),4,0
15y47kx,bat_score=0 (matched),1,0
14qns5h,bat_score=0 (matched),2,0
15jg9u5,bat_score=0 (matched),10,0
18on7xv,bat_score=0 (matched),2,0
15q4lcn,bat_score=0 (matched),8,0
14v25pa,bat_score=0 (matched),64,0
17sj4rs,bat_score=0 (matched),1,0
11gt4qa,bat_score=0 (matched),4,0
18iol90,bat_score=0 (matched),22,0
13s3zmu,bat_score=0 (matched),2,0
18abw5q,bat_score=0 (matched),3,0
106mt5f,bat_score=0 (matched),7,0
162voor,bat_score=0 (matched),16,0
13iuv1c,bat_score=0 (matched),30,0
17cn0l4,bat_score=0 (matched),9,0
159c4y3,bat_score=0 (matched),5,0
180qm9a,bat_score=0 (matched),1,0
15xhnwm,bat_score=0 (matched),23,0
12xen3w,bat_score=0 (matched),1,0
11hxxs5,bat_score=0 (matched),9,0
127jmu0,bat_score=0 (matched),4,0
1198la1,bat_score=0 (matched),0,1
10cn66r,bat_score=0 (matched),7,0
113nj69,bat_score=0 (matched),11,0
10mqxyp,bat_score=0 (matched),11,0
17742ry,bat_score=0 (matched),6,0
13j584f,bat_score=0 (matched),30,0
18htegu,bat_score=0 (matched),5,0
161qqzo,bat_score=0 (matched),5,0
16o789w,bat_score=0 (matched),15,0
16dcbs3,bat_score=0 (matched),0,1
14r9h94,bat_score=0 (matched),11,0
18dy2z3,bat_score=0 (matched),9,0
17qroe3,bat_score=0 (matched),159,0
11h43qg,bat_score=0 (matched),4,0
113veuk,bat_score=0 (matched),5,0
16lkqsn,bat_score=0 (matched),1,0
125peju,bat_score=0 (matched),7,0
159j2xf,bat_score=0 (matched),2,0
1511hyb,bat_score=0 (matched),3,0
127stxo,bat_score=0 (matched),16,0
15hwmi0,bat_score=0 (matched),1,0
15xyed4,bat_score=0 (matched),5,0
17wzg5s,bat_score=0 (matched),0,1
13qm6ij,bat_score=0 (matched),1,0
1856mw0,bat_score=0 (matched),5,0
17jx0pi,bat_score=0 (matched),5,0
18i833l,bat_score=0 (matched),10,0
13f736r,bat_score=0 (matched),52,0
17rk8vj,bat_score=0 (matched),7,0
15moz5o,bat_score=0 (matched),6,0
15sy0wz,bat_score=0 (matched),46,0
16npk8w,bat_score=0 (matched),1,0
18jxtnh,bat_score=0 (matched),47,0
18nlh24,bat_score=0 (matched),1,0
18caasq,bat_score=0 (matched),5,0
16vm9je,bat_score=0 (matched),0,1
164mso9,bat_score=0 (matched),1,0
13m56b7,bat_score=0 (matched),0,1
11tcwaf,bat_score=0 (matched),2,0
10a8u0a,bat_score=0 (matched),6,0
15wymcb,bat_score=0 (matched),1,0
178k8qt,bat_score=0 (matched),27,0
11vxv8s,bat_score=0 (matched),16,0
17llo5e,bat_score=0 (matched),4,0
1084sj6,bat_score=0 (matched),7,0
15g9rnw,bat_score=0 (matched),3,0
16dgdzi,bat_score=0 (matched),3,0
11zsy5y,bat_score=0 (matched),1,0
15ejdy8,bat_score=0 (matched),20,0
16qv5y4,bat_score=0 (matched),1,0
11nbcce,bat_score=0 (matched),4,0
10eqqsi,bat_score=0 (matched),7,0
14zsowf,bat_score=0 (matched),1,0
13zgvgo,bat_score=0 (matched),18,0
1280prp,bat_score=0 (matched),6,0
11tb6ew,bat_score=0 (matched),9,0
15gi7bg,bat_score=0 (matched),39,0
173nafn,bat_score=0 (matched),35,0
15yob87,bat_score=0 (matched),20,0
14vrix7,bat_score=0 (matched),17,0
17ydfkw,bat_score=0 (matched),17,0
178an1v,bat_score=0 (matched),26,0
17fi8k0,bat_score=0 (matched),2,0
180juh3,bat_score=0 (matched),2,0
15yzbz6,bat_score=0 (matched),3,0
11ijvto,bat_score=0 (matched),4,0
16jf1rs,bat_score=0 (matched),0,1
12o3j86,bat_score=0 (matched),36,0
11dilkf,bat_score=0 (matched),4,0
17bz0d1,bat_score=0 (matched),6,0
16cwvf5,bat_score=0 (matched),7,0
14ypnmy,bat_score=0 (matched),6,0
179s7jx,bat_score=0 (matched),6,0
14s81ho,bat_score=0 (matched),8,0
18cx3m0,bat_score=0 (matched),24,0
17zrdmo,bat_score=0 (matched),37,0
15rsl0u,bat_score=0 (matched),156,0
18kdfti,bat_score=0 (matched),0,1
10tfsl4,bat_score=0 (matched),8,0
15annt7,bat_score=0 (matched),1,0
13h9xn8,bat_score=0 (matched),13,0
17221sl,bat_score=0 (matched),13,0
15ecta2,bat_score=0 (matched),64,0
17b49x3,bat_score=0 (matched),46,0
14y07y9,bat_score=0 (matched),2,0
15xd6wb,bat_score=0 (matched),4,0
16npnp8,bat_score=0 (matched),6,0
151me84,bat_score=0 (matched),2,0
17tu8ad,bat_score=0 (matched),1,0
11pxn9u,bat_score=0 (matched),18,0
13fgov8,bat_score=0 (matched),14,0
1gwbovn,bat_score=0 (matched),8,0
1e4yqif,bat_score=0 (matched),14,0
1ea34gv,bat_score=0 (matched),6,0
1hh9ejk,bat_score=0 (matched),8,0
1cuggf3,bat_score=0 (matched),1,0
1e4rjqr,bat_score=0 (matched),0,1
1e62xlu,bat_score=0 (matched),5,0
1aei0yv,bat_score=0 (matched),3,0
19bcdts,bat_score=0 (matched),66,0
1amo9jo,bat_score=0 (matched),2,0
1ay9b59,bat_score=0 (matched),16,0
198v2e8,bat_score=0 (matched),3,0
1evefuz,bat_score=0 (matched),0,1
1axhiyt,bat_score=0 (matched),0,1
1bq48ev,bat_score=0 (matched),19,0
1dpq45j,bat_score=0 (matched),14,0
19a3ayg,bat_score=0 (matched),11,0
1dl9kg1,bat_score=0 (matched),1,0
1cylh9y,bat_score=0 (matched),0,1
1ckqbv1,bat_score=0 (matched),84,0
1b7xc2c,bat_score=0 (matched),3,0
1amuzmm,bat_score=0 (matched),1,0
1e4906b,bat_score=0 (matched),3,0
1ansbia,bat_score=0 (matched),21,0
1fuk4fx,bat_score=0 (matched),5,0
1f9xzqh,bat_score=0 (matched),1,0
1allwnd,bat_score=0 (matched),2,0
1d84mzj,bat_score=0 (matched),3,0
1gqtg4r,bat_score=0 (matched),2,0
1fbr4o9,bat_score=0 (matched),7,0
1b7u3k6,bat_score=0 (matched),5,0
1ab9634,bat_score=0 (matched),11,0
192xp8f,bat_score=0 (matched),3,0
1gq0tjp,bat_score=0 (matched),0,1
1bttbhm,bat_score=0 (matched),1,0
1g4zahl,bat_score=0 (matched),3,0
1abkk9q,bat_score=0 (matched),4,0
1cxixb5,bat_score=0 (matched),14,0
1d9aiq9,bat_score=0 (matched),1,0
199lvkd,bat_score=0 (matched),23,0
1dkcub7,bat_score=0 (matched),3,0
1gsqpw9,bat_score=0 (matched),4,0
1gvwma0,bat_score=0 (matched),2,0
1d44me3,bat_score=0 (matched),3,0
1hnxyi1,bat_score=0 (matched),2,0
1977svr,bat_score=0 (matched),17,0
1aseren,bat_score=0 (matched),2,0
1dyyr4p,bat_score=0 (matched),0,1
1anu67s,bat_score=0 (matched),10,0
1gv8iur,bat_score=0 (matched),1,0
1dntbv4,bat_score=0 (matched),1,0
1d4ven8,bat_score=0 (matched),3,0
1c3k1py,bat_score=0 (matched),25,0
1gl5jrk,bat_score=0 (matched),21,0
1guvojd,bat_score=0 (matched),1,0
1c03yww,bat_score=0 (matched),1,0
1bi7nzw,bat_score=0 (matched),1,0
1dhzkli,bat_score=0 (matched),0,1
19alpet,bat_score=0 (matched),68,0
1h4cb9x,bat_score=0 (matched),5,0
1alcrro,bat_score=0 (matched),2,0
1dyaayw,bat_score=0 (matched),10,0
1fgwl7p,bat_score=0 (matched),8,0
1dlkhyu,bat_score=0 (matched),4,0
1hhbup7,bat_score=0 (matched),0,1
1cyjsow,bat_score=0 (matched),0,1
1eojbq7,bat_score=0 (matched),29,0
1exp3io,bat_score=0 (matched),7,0
1gv4uxw,bat_score=0 (matched),3,0
1fz4hu2,bat_score=0 (matched),10,0
1hlk1v6,bat_score=0 (matched),96,0
1cql10v,bat_score=0 (matched),0,1
19cun7q,bat_score=0 (matched),1,0
1dml7wf,bat_score=0 (matched),0,1
1d3k7ku,bat_score=0 (matched),5,0
1gkgx6d,bat_score=0 (matched),4,0
1cgkyir,bat_score=0 (matched),4,0
1d2uiwa,bat_score=0 (matched),2,0
1geeu8b,bat_score=0 (matched),0,1
197gyov,bat_score=0 (matched),0,1
192fsxq,bat_score=0 (matched),11,0
1b4n1rd,bat_score=0 (matched),6,0
1ehcb3r,bat_score=0 (matched),19,0
1cnguun,bat_score=0 (matched),2,0
1e1bjg5,bat_score=0 (matched),4,0
1ci48dp,bat_score=0 (matched),43,0
1e6kmay,bat_score=0 (matched),1,0
1cmbj1d,bat_score=0 (matched),2,0
1bnc3xd,bat_score=0 (matched),7,0
1bwiii7,bat_score=0 (matched),4,0
1bh1kp4,bat_score=0 (matched),13,0
1fe7fud,bat_score=0 (matched),13,0
1abhudu,bat_score=0 (matched),29,0
1dohfrh,bat_score=0 (matched),0,1
1au3ku1,bat_score=0 (matched),5,0
199t7kq,bat_score=0 (matched),35,0
1gwegmy,bat_score=0 (matched),2,0
1dtqivw,bat_score=0 (matched),5,0
1f2goun,bat_score=0 (matched),13,0
1eqcru1,bat_score=0 (matched),8,0
1drqe3x,bat_score=0 (matched),1,0
1eyhsnk,bat_score=0 (matched),1,0
1e9iwvs,bat_score=0 (matched),9,0
1b80zza,bat_score=0 (matched),62,0
1bwrpiq,bat_score=0 (matched),2,0
1arfk33,bat_score=0 (matched),0,1
1e8mu1h,bat_score=0 (matched),57,0
1fldfcq,bat_score=0 (matched),2,0
19817o9,bat_score=0 (matched),1,0
1eexvdh,bat_score=0 (matched),2,0
1biyjd1,bat_score=0 (matched),1,0
1au7265,bat_score=0 (matched),54,0
1dyk125,bat_score=0 (matched),6,0
1hjxkna,bat_score=0 (matched),4,0
1942any,bat_score=0 (matched),2,0
1abzchn,bat_score=0 (matched),1,0
1fj9qrz,bat_score=0 (matched),1,0
1c98hw4,bat_score=0 (matched),3,0
1c6pudc,bat_score=0 (matched),3,0
1e8htiy,bat_score=0 (matched),2,0
1e6b68c,bat_score=0 (matched),3,0
1ec4nks,bat_score=0 (matched),28,0
19efgvw,bat_score=0 (matched),75,0
1b7x4l4,bat_score=0 (matched),0,1
1eid6o0,bat_score=0 (matched),0,1
1g0nvje,bat_score=0 (matched),9,0
1f5vgh1,bat_score=0 (matched),1,0
1g9ipw6,bat_score=0 (matched),0,1
1dqiog2,bat_score=0 (matched),5,0
1fpupih,bat_score=0 (matched),0,1
1bogdb5,bat_score=0 (matched),10,0
1bz47ii,bat_score=0 (matched),0,1
1ao0hwr,bat_score=0 (matched),8,0
1abb3aj,bat_score=0 (matched),3,0
1ena3ts,bat_score=0 (matched),4,0
1akw79v,bat_score=0 (matched),1,0
1evkqyn,bat_score=0 (matched),1,0
1e3gu5d,bat_score=0 (matched),99,0
1bnr6ec,bat_score=0 (matched),7,0
1gbiglv,bat_score=0 (matched),0,1
1d1pbi9,bat_score=0 (matched),5,0
199fhbr,bat_score=0 (matched),37,0
1cnk1xr,bat_score=0 (matched),1,0
1f43exc,bat_score=0 (matched),25,0
196pz4y,bat_score=0 (matched),0,1
1b0rqir,bat_score=0 (matched),3,0
1e4gaks,bat_score=0 (matched),3,0
1cbpbb1,bat_score=0 (matched),3,0
1al86lu,bat_score=0 (matched),3,0
1g5a8ky,bat_score=0 (matched),1,0
1elfz97,bat_score=0 (matched),2,0
1glxxun,bat_score=0 (matched),4,0
1dninj2,bat_score=0 (matched),74,0
1fo4got,bat_score=0 (matched),1,0
1firioh,bat_score=0 (matched),2,0
1bcjew3,bat_score=0 (matched),2,0
1esuhkb,bat_score=0 (matched),6,0
1c4nzkt,bat_score=0 (matched),13,0
1gn96if,bat_score=0 (matched),2,0
1d0ufv7,bat_score=0 (matched),1,0
1dextjh,bat_score=0 (matched),6,0
1dosqxk,bat_score=0 (matched),7,0
1czgo7w,bat_score=0 (matched),2,0
1e5r042,bat_score=0 (matched),10,0
1gxwahe,bat_score=0 (matched),0,1
1hc61xo,bat_score=0 (matched),6,0
1ca5z91,bat_score=0 (matched),5,0
1gjmgti,bat_score=0 (matched),41,0
1c7hww4,bat_score=0 (matched),12,0
1av1635,bat_score=0 (matched),3,0
1elqd9r,bat_score=0 (matched),2,0
1fz7ele,bat_score=0 (matched),18,0
1emxs6q,bat_score=0 (matched),2,0
1b0jrk5,bat_score=0 (matched),4,0
1gffm8v,bat_score=0 (matched),3,0
1fpfyeq,bat_score=0 (matched),1,0
191ukaz,bat_score=0 (matched),2,0
1fxjzdu,bat_score=0 (matched),0,1
1btfynn,bat_score=0 (matched),5,0
1bl2nw4,bat_score=0 (matched),2,0
1ch54o3,bat_score=0 (matched),0,1
18yizqf,bat_score=0 (matched),15,0
1crxcwi,bat_score=0 (matched),114,0
1b0qxch,bat_score=0 (matched),6,0
18wuwv6,bat_score=0 (matched),19,0
1e4ertu,bat_score=0 (matched),0,1
1d0v3xw,bat_score=0 (matched),6,0
1gso6lt,bat_score=0 (matched),47,0
1ck0ujj,bat_score=0 (matched),0,1
1gk43o0,bat_score=0 (matched),3,0
194oerx,bat_score=0 (matched),1,0
1et75ap,bat_score=0 (matched),3,0
1doy4w6,bat_score=0 (matched),43,0
1apkirx,bat_score=0 (matched),4,0
1b0lafr,bat_score=0 (matched),2,0
1996waf,bat_score=0 (matched),8,0
1cml3fz,bat_score=0 (matched),2,0
1g1v4bu,bat_score=0 (matched),11,0
1c2btpm,bat_score=0 (matched),5,0
1c6du3a,bat_score=0 (matched),6,0
1dv31f5,bat_score=0 (matched),4,0
1c9sh96,bat_score=0 (matched),13,0
1f82qqi,bat_score=0 (matched),1,0
1bz5mme,bat_score=0 (matched),39,0
1g6fqv2,bat_score=0 (matched),2,0
1bulka1,bat_score=0 (matched),18,0
1c4xodw,bat_score=0 (matched),1,0
1c5jejt,bat_score=0 (matched),4,0
1hgaubm,bat_score=0 (matched),7,0
19auduu,bat_score=0 (matched),3,0
1b5l9iw,bat_score=0 (matched),39,0
1gevr9y,bat_score=0 (matched),1,0
1ff57e5,bat_score=0 (matched),4,0
1gmrmrb,bat_score=0 (matched),15,0
19dmgec,bat_score=0 (matched),2,0
1hgynj2,bat_score=0 (matched),73,0
1fksu9k,bat_score=0 (matched),1,0
1fcb095,bat_score=0 (matched),2,0
1c4xb7t,bat_score=0 (matched),8,0
1hdp0zn,bat_score=0 (matched),12,0
1eknkk1,bat_score=0 (matched),2,0
1amtcqi,bat_score=0 (matched),2,0
1dl9nmk,bat_score=0 (matched),1,0
1be752v,bat_score=0 (matched),0,1
19ebx1o,bat_score=0 (matched),4,0
1bf641e,bat_score=0 (matched),3,0
1g4mkqe,bat_score=0 (matched),1,0
1g3v9vp,bat_score=0 (matched),55,0
1cm32yh,bat_score=0 (matched),8,0
1fhqa1n,bat_score=0 (matched),1,0
1bcypbo,bat_score=0 (matched),12,0
1grmz84,bat_score=0 (matched),4,0
1ey2d7m,bat_score=0 (matched),7,0
1abo1ti,bat_score=0 (matched),6,0
1b05s8c,bat_score=0 (matched),3,0
1hhhve5,bat_score=0 (matched),18,0
1bwqev2,bat_score=0 (matched),18,0
1ezwtsu,bat_score=0 (matched),6,0
1b51t9j,bat_score=0 (matched),4,0
1ccy25o,bat_score=0 (matched),18,0
1b9inkt,bat_score=0 (matched),8,0
1at558v,bat_score=0 (matched),4,0
1ahofff,bat_score=0 (matched),22,0
1di1hdw,bat_score=0 (matched),18,0
1c1w3fe,bat_score=0 (matched),7,0
1avkilr,bat_score=0 (matched),0,1
18xl05v,bat_score=0 (matched),2,0
1chq0wp,bat_score=0 (matched),3,0
1ecy7lj,bat_score=0 (matched),85,0
1bik5kb,bat_score=0 (matched),19,0
1dndgri,bat_score=0 (matched),2,0
1frg9gn,bat_score=0 (matched),3,0
1hi86r3,bat_score=0 (matched),2,0
1epeobo,bat_score=0 (matched),0,1
1dhejkg,bat_score=0 (matched),3,0
1e1d9ld,bat_score=0 (matched),59,0
1dyejen,bat_score=0 (matched),4,0
1fj9kwe,bat_score=0 (matched),1,0
1bojad7,bat_score=0 (matched),6,0
1gjn71j,bat_score=0 (matched),0,1
1d9ct3t,bat_score=0 (matched),1,0
191s55j,bat_score=0 (matched),4,0
1bc5cwd,bat_score=0 (matched),10,0
1chvfhw,bat_score=0 (matched),2,0
1fqq579,bat_score=0 (matched),2,0
1dih43h,bat_score=0 (matched),3,0
1clzhm3,bat_score=0 (matched),35,0
1cy3j0o,bat_score=0 (matched),10,0
1cicr7w,bat_score=0 (matched),8,0
1clno3j,bat_score=0 (matched),22,0
1ewijqr,bat_score=0 (matched),3,0
1e90f5d,bat_score=0 (matched),90,0
1fhonu8,bat_score=0 (matched),0,1
1hmdrcd,bat_score=0 (matched),12,0
1hhcpm5,bat_score=0 (matched),2,0
1ffgm5i,bat_score=0 (matched),0,1
1cx8o2e,bat_score=0 (matched),14,0
1cald9l,bat_score=0 (matched),0,1
1ctvlx1,bat_score=0 (matched),2,0
1fyi9se,bat_score=0 (matched),0,1
19189zp,bat_score=0 (matched),2,0
1ddmfjz,bat_score=0 (matched),13,0
1gzq9wa,bat_score=0 (matched),20,0
1b3zq6l,bat_score=0 (matched),53,0
1er3q07,bat_score=0 (matched),3,0
1bnehzh,bat_score=0 (matched),1,0
18xem06,bat_score=0 (matched),3,0
1fhtv95,bat_score=0 (matched),14,0
1cx0v7x,bat_score=0 (matched),3,0
1ekjiaq,bat_score=0 (matched),1,0
1gq20vt,bat_score=0 (matched),4,0
1bksuwx,bat_score=0 (matched),1,0
1gohj49,bat_score=0 (matched),7,0
1bmrr7x,bat_score=0 (matched),6,0
1du6qfq,bat_score=0 (matched),17,0
1cqziup,bat_score=0 (matched),1,0
1gkixhc,bat_score=0 (matched),0,1
1cce4zw,bat_score=0 (matched),8,0
1fioyx1,bat_score=0 (matched),0,1
1cmhd9m,bat_score=0 (matched),5,0
1beotdm,bat_score=0 (matched),7,0
1cc6y00,bat_score=0 (matched),7,0
1ctgsq9,bat_score=0 (matched),15,0
190fjw2,bat_score=0 (matched),8,0
1af84v0,bat_score=0 (matched),1,0
1ai7uqp,bat_score=0 (matched),3,0
1e9ugkr,bat_score=0 (matched),3,0
1ewue7p,bat_score=0 (matched),0,1
1ekoccd,bat_score=0 (matched),0,1
1ef2xzh,bat_score=0 (matched),10,0
1b7pjid,bat_score=0 (matched),22,0
1cy1j2i,bat_score=0 (matched),5,0
1c6x9y8,bat_score=0 (matched),22,0
1gejxdj,bat_score=0 (matched),28,0
1epqjg1,bat_score=0 (matched),0,1
1g9cecv,bat_score=0 (matched),6,0
1ay0cpg,bat_score=0 (matched),0,1
1dzvq17,bat_score=0 (matched),7,0
1ch4zcv,bat_score=0 (matched),3,0
1de1bay,bat_score=0 (matched),0,1
1d0udwz,bat_score=0 (matched),1,0
1gqs2i5,bat_score=0 (matched),0,1
1e0ymy6,bat_score=0 (matched),10,0
195pjuh,bat_score=0 (matched),1,0
1atdkih,bat_score=0 (matched),1,0
1cxm6vb,bat_score=0 (matched),4,0
1e4oya7,bat_score=0 (matched),4,0
1fhiblw,bat_score=0 (matched),0,1
1ani5tt,bat_score=0 (matched),12,0
1c92j4x,bat_score=0 (matched),1,0
1c2gepl,bat_score=0 (matched),3,0
1e7w00o,bat_score=0 (matched),0,1
1ejtmup,bat_score=0 (matched),0,1
1c4d40t,bat_score=0 (matched),2,0
1fw1qz1,bat_score=0 (matched),0,1
1b8b2sj,bat_score=0 (matched),14,0
1gecmge,bat_score=0 (matched),0,1
1bpipxi,bat_score=0 (matched),8,0
1au0enr,bat_score=0 (matched),1,0
1bnv643,bat_score=0 (matched),2,0
1cd078r,bat_score=0 (matched),1,0
1dp4w6k,bat_score=0 (matched),10,0
1ff8kkr,bat_score=0 (matched),2,0
1ajcah1,bat_score=0 (matched),5,0
1adrkf1,bat_score=0 (matched),0,1
1apzc7b,bat_score=0 (matched),6,0
1f183m4,bat_score=0 (matched),0,1
1ek8itd,bat_score=0 (matched),2,0
1ey312t,bat_score=0 (matched),8,0
195s1gs,bat_score=0 (matched),1,0
1dzdm5v,bat_score=0 (matched),24,0
1d8qltd,bat_score=0 (matched),33,0
1c1yktm,bat_score=0 (matched),1,0
1g9ii77,bat_score=0 (matched),1,0
1dh54ci,bat_score=0 (matched),0,1
1gb362i,bat_score=0 (matched),2,0
1f7tbnf,bat_score=0 (matched),4,0
1d2js9r,bat_score=0 (matched),11,0
1ho2l11,bat_score=0 (matched),5,0
18yk2v2,bat_score=0 (matched),10,0
1dioxsp,bat_score=0 (matched),2,0
1fy5p2w,bat_score=0 (matched),1,0
1d9n4zs,bat_score=0 (matched),14,0
1cib6fr,bat_score=0 (matched),1,0
1ar4cu1,bat_score=0 (matched),7,0
1fzi1ll,bat_score=0 (matched),2,0
1f84dd3,bat_score=0 (matched),5,0
1hf7pas,bat_score=0 (matched),5,0
1c2o8dw,bat_score=0 (matched),7,0
1gujcs8,bat_score=0 (matched),26,0
1eep5gk,bat_score=0 (matched),3,0
1dt2bch,bat_score=0 (matched),1,0
1dw0qux,bat_score=0 (matched),11,0
1atlveo,bat_score=0 (matched),6,0
1f7tb8h,bat_score=0 (matched),0,1
1hdi6cx,bat_score=0 (matched),4,0
1fh94ra,bat_score=0 (matched),1,0
1gfnw82,bat_score=0 (matched),1,0
1anfk48,bat_score=0 (matched),2,0
1kxnqc0,bat_score=0 (matched),2,0
1kmj44v,bat_score=0 (matched),2,0
1p7x7d8,bat_score=0 (matched),4,0
1l3ivev,bat_score=0 (matched),5,0
1i1aq9k,bat_score=0 (matched),18,0
1l5kvqb,bat_score=0 (matched),37,0
1ofas93,bat_score=0 (matched),1,0
1mk7kus,bat_score=0 (matched),1,0
1p35vo5,bat_score=0 (matched),1,0
1ot10y4,bat_score=0 (matched),1,0
1pbv5lm,bat_score=0 (matched),10,0
1pb2klz,bat_score=0 (matched),8,0
1nxr4ub,bat_score=0 (matched),3,0
1jq5drl,bat_score=0 (matched),1,0
1phlvk2,bat_score=0 (matched),12,0
1l8sena,bat_score=0 (matched),6,0
1me9wu4,bat_score=0 (matched),2,0
1pgv25d,bat_score=0 (matched),3,0
1ibvniv,bat_score=0 (matched),0,1
1l6ofep,bat_score=0 (matched),4,0
1kqucig,bat_score=0 (matched),3,0
1od7gky,bat_score=0 (matched),0,1
1hzv95b,bat_score=0 (matched),2,0
1kmp2kq,bat_score=0 (matched),2,0
1ih5hok,bat_score=0 (matched),17,0
1oja2f4,bat_score=0 (matched),8,0
1i9g3go,bat_score=0 (matched),7,0
1oclbtl,bat_score=0 (matched),1,0
1pk8fiy,bat_score=0 (matched),15,0
1mpxmgp,bat_score=0 (matched),80,0
1njm1kp,bat_score=0 (matched),3,0
1ov95et,bat_score=0 (matched),9,0
1mic2q5,bat_score=0 (matched),4,0
1iygq5d,bat_score=0 (matched),1,0
1j4dlsd,bat_score=0 (matched),12,0
1m8afxn,bat_score=0 (matched),17,0
1oijgbu,bat_score=0 (matched),11,0
1paofu8,bat_score=0 (matched),11,0
1n8ahbp,bat_score=0 (matched),1,0
1pu6tls,bat_score=0 (matched),12,0
1n1i7di,bat_score=0 (matched),53,0
1mysaih,bat_score=0 (matched),10,0
1klgt0o,bat_score=0 (matched),2,0
1lernxd,bat_score=0 (matched),2,0
1navrlf,bat_score=0 (matched),11,0
1iwzyf0,bat_score=0 (matched),4,0
1jffse1,bat_score=0 (matched),0,1
1opfzx5,bat_score=0 (matched),2,0
1nq6wgc,bat_score=0 (matched),3,0
1pfxyk1,bat_score=0 (matched),4,0
1o5vrcu,bat_score=0 (matched),1,0
1jqihpf,bat_score=0 (matched),0,1
1iogcak,bat_score=0 (matched),8,0
1noci1p,bat_score=0 (matched),1,0
1nu95i2,bat_score=0 (matched),33,0
1ot9b9k,bat_score=0 (matched),7,0
1jz2iv5,bat_score=0 (matched),6,0
1owgoq9,bat_score=0 (matched),43,0
1mqzbzr,bat_score=0 (matched),1,0
1nhlpdz,bat_score=0 (matched),1,0
1icewdc,bat_score=0 (matched),29,0
1ohzihv,bat_score=0 (matched),3,0
1hsey81,bat_score=0 (matched),0,1
1kijbr2,bat_score=0 (matched),0,1
1n6gbnr,bat_score=0 (matched),39,0
1m7729v,bat_score=0 (matched),3,0
1khplsm,bat_score=0 (matched),9,0
1l25mlc,bat_score=0 (matched),7,0
1ooh6ny,bat_score=0 (matched),1,0
1nyf01o,bat_score=0 (matched),10,0
1pi1txa,bat_score=0 (matched),5,0
1j2tmuj,bat_score=0 (matched),2,0
1mxc2ev,bat_score=0 (matched),5,0
1jwr2wp,bat_score=0 (matched),10,0
1kmoiex,bat_score=0 (matched),2,0
1nwfwtk,bat_score=0 (matched),10,0
1i1qj25,bat_score=0 (matched),18,0
1m5ldcf,bat_score=0 (matched),4,0
1pmtvsz,bat_score=0 (matched),10,0
1n902ld,bat_score=0 (matched),6,0
1pkindx,bat_score=0 (matched),1,0
1mc0rne,bat_score=0 (matched),2,0
1loabaz,bat_score=0 (matched),4,0
1ptt4hk,bat_score=0 (matched),9,0
1l76ye4,bat_score=0 (matched),1,0
1ojevay,bat_score=0 (matched),13,0
1opwu6d,bat_score=0 (matched),1,0
1osle71,bat_score=0 (matched),35,0
1kkn28r,bat_score=0 (matched),1,0
1mab0p6,bat_score=0 (matched),4,0
1jg03wq,bat_score=0 (matched),17,0
1nk24jz,bat_score=0 (matched),1,0
1p111o4,bat_score=0 (matched),6,0
1kmn6df,bat_score=0 (matched),81,0
1kd3zxh,bat_score=0 (matched),10,0
1nchc90,bat_score=0 (matched),5,0
1i0a6c3,bat_score=0 (matched),0,1
1ojhr42,bat_score=0 (matched),7,0
1leenim,bat_score=0 (matched),8,0
1j7vr2x,bat_score=0 (matched),0,1
1pyfqos,bat_score=0 (matched),2,0
1hvr1bz,bat_score=0 (matched),4,0
1lf6q0a,bat_score=0 (matched),3,0
1p9rxqq,bat_score=0 (matched),3,0
1pd3wm6,bat_score=0 (matched),49,0
1ij43av,bat_score=0 (matched),1,0
1i426ks,bat_score=0 (matched),3,0
1lfmew2,bat_score=0 (matched),0,1
1omx051,bat_score=0 (matched),63,0
1kky17n,bat_score=0 (matched),0,1
1mq0t1c,bat_score=0 (matched),10,0
1ibz708,bat_score=0 (matched),33,0
1ltyrkc,bat_score=0 (matched),18,0
1idfbs9,bat_score=0 (matched),5,0
1jq98s6,bat_score=0 (matched),1,0
1lv6k0x,bat_score=0 (matched),10,0
1j58cry,bat_score=0 (matched),9,0
1luanls,bat_score=0 (matched),5,0
1mohssf,bat_score=0 (matched),30,0
1iuv7wi,bat_score=0 (matched),3,0
1lu21ko,bat_score=0 (matched),5,0
1m42l6k,bat_score=0 (matched),16,0
1l8z8gw,bat_score=0 (matched),10,0
1m8wtu1,bat_score=0 (matched),0,1
1ox3au4,bat_score=0 (matched),2,0
1o0d6oy,bat_score=0 (matched),2,0
1jb9gys,bat_score=0 (matched),0,1
1p7crv9,bat_score=0 (matched),13,0
1pzwtly,bat_score=0 (matched),8,0
1peki98,bat_score=0 (matched),4,0
1kr54qw,bat_score=0 (matched),3,0
1mv23be,bat_score=0 (matched),14,0
1o2awur,bat_score=0 (matched),3,0
1n5njme,bat_score=0 (matched),0,1
1m6ms8y,bat_score=0 (matched),1,0
1l9106s,bat_score=0 (matched),34,0
1lkvvg2,bat_score=0 (matched),2,0
1j13d1t,bat_score=0 (matched),0,1
1jnwnec,bat_score=0 (matched),1,0
1irjeti,bat_score=0 (matched),4,0
1icy5tu,bat_score=0 (matched),1,0
1ib4gc6,bat_score=0 (matched),1,0
1jqlbag,bat_score=0 (matched),0,1
1jzqdwl,bat_score=0 (matched),12,0
1q0j4xa,bat_score=0 (matched),9,0
1p5gcq4,bat_score=0 (matched),7,0
1lsv5vf,bat_score=0 (matched),77,0
1ojtcyu,bat_score=0 (matched),5,0
1l30im0,bat_score=0 (matched),11,0
1nl7rf3,bat_score=0 (matched),10,0
1pd3sjo,bat_score=0 (matched),1,0
1nustga,bat_score=0 (matched),3,0
1m8wdee,bat_score=0 (matched),10,0
1kqst7c,bat_score=0 (matched),3,0
1ojejtl,bat_score=0 (matched),24,0
1imb9dw,bat_score=0 (matched),0,1
1i3bhgi,bat_score=0 (matched),10,0
1ok0pno,bat_score=0 (matched),2,0
1nh8jb1,bat_score=0 (matched),0,1
1p89l8c,bat_score=0 (matched),2,0
1kecjcv,bat_score=0 (matched),0,1
1jieq41,bat_score=0 (matched),3,0
1lzlqfw,bat_score=0 (matched),3,0
1nf43ct,bat_score=0 (matched),1,0
1os7ysz,bat_score=0 (matched),7,0
1jfy8tj,bat_score=0 (matched),56,0
1o5fusp,bat_score=0 (matched),12,0
1n5o3bx,bat_score=0 (matched),5,0
1l4594i,bat_score=0 (matched),99,0
1miz6vh,bat_score=0 (matched),4,0
1l3ap6k,bat_score=0 (matched),3,0
1j1nt2e,bat_score=0 (matched),3,0
1m0o6rw,bat_score=0 (matched),26,0
1i1o9ml,bat_score=0 (matched),3,0
1hu3uf6,bat_score=0 (matched),9,0
1js2cvr,bat_score=0 (matched),23,0
1i1z00b,bat_score=0 (matched),10,0
1od0cbi,bat_score=0 (matched),6,0
1m6aq7i,bat_score=0 (matched),7,0
1psyom9,bat_score=0 (matched),3,0
1khy8rt,bat_score=0 (matched),4,0
1ocf5n2,bat_score=0 (matched),3,0
1od8o17,bat_score=0 (matched),6,0
1ihhf15,bat_score=0 (matched),37,0
1ijvzia,bat_score=0 (matched),2,0
1hsi0ou,bat_score=0 (matched),1,0
1m9nwp1,bat_score=0 (matched),6,0
1kmy51v,bat_score=0 (matched),1,0
1px52f9,bat_score=0 (matched),1,0
1j3e19u,bat_score=0 (matched),1,0
1il48bl,bat_score=0 (matched),6,0
1p215il,bat_score=0 (matched),2,0
1py7hh5,bat_score=0 (matched),8,0
1iyj722,bat_score=0 (matched),5,0
1p3pu1c,bat_score=0 (matched),0,1
1m9a97x,bat_score=0 (matched),16,0
1jqau3b,bat_score=0 (matched),4,0
1mmh1o9,bat_score=0 (matched),6,0
1omnc7h,bat_score=0 (matched),1,0
1ngxr9d,bat_score=0 (matched),2,0
1k5osgk,bat_score=0 (matched),3,0
1kk90no,bat_score=0 (matched),0,1
1hwtl62,bat_score=0 (matched),1,0
1jq2ec0,bat_score=0 (matched),1,0
1jadace,bat_score=0 (matched),22,0
1jbceu4,bat_score=0 (matched),15,0
1mkbay6,bat_score=0 (matched),5,0
1l6o7av,bat_score=0 (matched),11,0
1jdh4fo,bat_score=0 (matched),2,0
1nyxkaf,bat_score=0 (matched),3,0
1l7u6da,bat_score=0 (matched),3,0
1o5s5ol,bat_score=0 (matched),3,0
1mc0c2d,bat_score=0 (matched),6,0
1od42yr,bat_score=0 (matched),5,0
1kgbhi2,bat_score=0 (matched),17,0
1phf7bs,bat_score=0 (matched),5,0
1ot286k,bat_score=0 (matched),4,0
1ou6ybj,bat_score=0 (matched),19,0
1lgarzi,bat_score=0 (matched),12,0
1no464q,bat_score=0 (matched),3,0
1l7o56t,bat_score=0 (matched),1,0
1keuxfq,bat_score=0 (matched),0,1
1oau5pe,bat_score=0 (matched),0,1
1kk2sas,bat_score=0 (matched),4,0
1iowmyt,bat_score=0 (matched),9,0
1otvb0g,bat_score=0 (matched),2,0
1iiyxry,bat_score=0 (matched),52,0
1pb4ham,bat_score=0 (matched),12,0
1m38gap,bat_score=0 (matched),23,0
1kaai63,bat_score=0 (matched),2,0
1pfzqum,bat_score=0 (matched),0,1
1icez0v,bat_score=0 (matched),1,0
1n0iir1,bat_score=0 (matched),18,0
1mo0zta,bat_score=0 (matched),4,0
1je1btl,bat_score=0 (matched),6,0
1oetl9h,bat_score=0 (matched),2,0
1iz8tkp,bat_score=0 (matched),8,0
1i0tkjn,bat_score=0 (matched),5,0
1jk79q8,bat_score=0 (matched),34,0
1kg9383,bat_score=0 (matched),2,0
1idcvh4,bat_score=0 (matched),0,1
1mo9c4h,bat_score=0 (matched),0,1
1kjvzlo,bat_score=0 (matched),2,0
1j2uwpj,bat_score=0 (matched),3,0
1oynwjn,bat_score=0 (matched),10,0
1l7brl3,bat_score=0 (matched),3,0
1my8zb5,bat_score=0 (matched),6,0
1ngcivu,bat_score=0 (matched),4,0
1mpbb2c,bat_score=0 (matched),7,0
1mc4ltx,bat_score=0 (matched),0,1
1jb5taj,bat_score=0 (matched),1,0
1nrtsk4,bat_score=0 (matched),189,0
1nvjj58,bat_score=0 (matched),6,0
1jfl4wr,bat_score=0 (matched),0,1
1hw8ivn,bat_score=0 (matched),4,0
1kq25xr,bat_score=0 (matched),2,0
1mk3smq,bat_score=0 (matched),1,0
1pn5ouq,bat_score=0 (matched),2,0
1pqs3up,bat_score=0 (matched),2,0
1nxs2z1,bat_score=0 (matched),17,0
1ivsqd5,bat_score=0 (matched),15,0
1hy8ry2,bat_score=0 (matched),74,0
1i17kyq,bat_score=0 (matched),8,0
1oqvxp5,bat_score=0 (matched),12,0
1ms8tm4,bat_score=0 (matched),1,0
1jf5hw5,bat_score=0 (matched),7,0
1pep9mg,bat_score=0 (matched),0,1
1n1j4y0,bat_score=0 (matched),15,0
1p1e5ok,bat_score=0 (matched),8,0
1nxb1dh,bat_score=0 (matched),6,0
1oeplwj,bat_score=0 (matched),4,0
1j4bzu1,bat_score=0 (matched),1,0
1paeut5,bat_score=0 (matched),2,0
1nxpf00,bat_score=0 (matched),59,0
1jwdvd5,bat_score=0 (matched),2,0
1ivofw7,bat_score=0 (matched),0,1
1n8qfvh,bat_score=0 (matched),1,0
1i1kx3f,bat_score=0 (matched),2,0
1ptnm23,bat_score=0 (matched),6,0
1pzxgy9,bat_score=0 (matched),2,0
1lx622m,bat_score=0 (matched),2,0
1ic3qj4,bat_score=0 (matched),4,0
1pmi5nv,bat_score=0 (matched),21,0
1n6x6k2,bat_score=0 (matched),7,0
1nl460c,bat_score=0 (matched),16,0
1i86dgj,bat_score=0 (matched),9,0
1ncq5s2,bat_score=0 (matched),10,0
1ij939u,bat_score=0 (matched),9,0
1iwoggh,bat_score=0 (matched),105,0
1ihox43,bat_score=0 (matched),4,0
1j21dci,bat_score=0 (matched),22,0
1mhkeiw,bat_score=0 (matched),3,0
1ji8q89,bat_score=0 (matched),0,1
1lufyax,bat_score=0 (matched),132,0
1ozjno0,bat_score=0 (matched),40,0
1m02ozk,bat_score=0 (matched),9,0
1kz3z0j,bat_score=0 (matched),3,0
1ksfm7g,bat_score=0 (matched),8,0
1nj6w7o,bat_score=0 (matched),1,0
1irwken,bat_score=0 (matched),1,0
1lskufn,bat_score=0 (matched),1,0
1p4jhti,bat_score=0 (matched),9,0
1ow5f2p,bat_score=0 (matched),4,0
1os0c19,bat_score=0 (matched),37,0
1mb1j2q,bat_score=0 (matched),86,0
1ik18v2,bat_score=0 (matched),1,0
1ksklfr,bat_score=0 (matched),2,0
1iua3gv,bat_score=0 (matched),1,0
1mtjc99,bat_score=0 (matched),29,0
1nx109j,bat_score=0 (matched),11,0
1pjzeg7,bat_score=0 (matched),35,0
1ky8a3x,bat_score=0 (matched),4,0
1lntgmh,bat_score=0 (matched),104,0
1m2g1vh,bat_score=0 (matched),4,0
1hwp3h9,bat_score=0 (matched),11,0
1ltm0cj,bat_score=0 (matched),4,0
1jy75c2,bat_score=0 (matched),6,0
1kqle1h,bat_score=0 (matched),1,0
1mpg296,bat_score=0 (matched),4,0
1j1dbvh,bat_score=0 (matched),5,0
1iskzzb,bat_score=0 (matched),0,1
1k0zqsa,bat_score=0 (matched),1,0
1i2r0wl,bat_score=0 (matched),1,0
1jvmtqh,bat_score=0 (matched),10,0
1jeylox,bat_score=0 (matched),0,1
1jc7w38,bat_score=0 (matched),10,0
1pudk7s,bat_score=0 (matched),4,0
1mgcxc9,bat_score=0 (matched),5,0
1jiqzv7,bat_score=0 (matched),1,0
1p6gnq1,bat_score=0 (matched),3,0
1hxfare,bat_score=0 (matched),9,0
1jx4gmk,bat_score=0 (matched),35,0
1oncx9d,bat_score=0 (matched),25,0
1or43k7,bat_score=0 (matched),12,0
1kfdpxf,bat_score=0 (matched),5,0
1mduwfn,bat_score=0 (matched),8,0
1nzpl3k,bat_score=0 (matched),0,1
1o5z7e1,bat_score=0 (matched),2,0
1kgl6j8,bat_score=0 (matched),3,0
1i1pi1z,bat_score=0 (matched),3,0
1p4ztfc,bat_score=0 (matched),15,0
1ot4ug8,bat_score=0 (matched),1,0
1mkcpov,bat_score=0 (matched),6,0
1l7i4l8,bat_score=0 (matched),2,0
1ov11em,bat_score=0 (matched),7,0
1li78zx,bat_score=0 (matched),3,0
1im20su,bat_score=0 (matched),5,0
1hrubdf,bat_score=0 (matched),17,0
1o1bbhp,bat_score=0 (matched),1,0
1mko0ka,bat_score=0 (matched),0,1
1jqu95h,bat_score=0 (matched),13,0
1npbjqg,bat_score=0 (matched),3,0
1jzh7id,bat_score=0 (matched),0,1
1jlion9,bat_score=0 (matched),0,1
1p0owr5,bat_score=0 (matched),20,0
1l2gr6h,bat_score=0 (matched),6,0
1p7t9hf,bat_score=0 (matched),13,0
1p8g7bh,bat_score=0 (matched),6,0
1icxu9s,bat_score=0 (matched),8,0
1kqjsqi,bat_score=0 (matched),3,0
1jdrgw2,bat_score=0 (matched),7,0
1ne9tzm,bat_score=0 (matched),16,0
1pjkdr0,bat_score=0 (matched),13,0
1m64tgq,bat_score=0 (matched),22,0
1nhltx8,bat_score=0 (matched),0,1
1i4wf2t,bat_score=0 (matched),2,0
1pi0ztq,bat_score=0 (matched),0,1
1olkv7v,bat_score=0 (matched),14,0
1m5tblp,bat_score=0 (matched),8,0
1nbzij7,bat_score=0 (matched),0,1
1nng2n0,bat_score=0 (matched),16,0
1jv7vvp,bat_score=0 (matched),8,0
1icw2mg,bat_score=0 (matched),5,0
1nvhx62,bat_score=0 (matched),3,0
1jqdks1,bat_score=0 (matched),33,0
1j79fob,bat_score=0 (matched),3,0
1i89std,bat_score=0 (matched),2,0
1l3b2i4,bat_score=0 (matched),9,0
1koq2g2,bat_score=0 (matched),4,0
1it5s74,bat_score=0 (matched),3,0
1mocyvd,bat_score=0 (matched),10,0
1png1eh,bat_score=0 (matched),8,0
1otcomn,bat_score=0 (matched),5,0
1i6rm8m,bat_score=0 (matched),7,0
1mpy6py,bat_score=0 (matched),18,0
1hxgyx6,bat_score=0 (matched),5,0
1n45spu,bat_score=0 (matched),9,0
1s1bg5q,bat_score=0 (matched),0,1
1qdhpjc,bat_score=0 (matched),8,0
1sgt00r,bat_score=0 (matched),13,0
1qq08hy,bat_score=0 (matched),7,0
1s26t89,bat_score=0 (matched),20,0
1redt59,bat_score=0 (matched),8,0
1r6bvn9,bat_score=0 (matched),2,0
1s51h4s,bat_score=0 (matched),1,0
1ru4yz8,bat_score=0 (matched),16,0
1sh1ufq,bat_score=0 (matched),5,0
1rcmg7i,bat_score=0 (matched),27,0
1r4jcov,bat_score=0 (matched),96,0
1r025bc,bat_score=0 (matched),1,0
1shj6ov,bat_score=0 (matched),1,0
1sl7b90,bat_score=0 (matched),0,1
1rxraax,bat_score=0 (matched),9,0
1qjqyg9,bat_score=0 (matched),84,0
1qb7ei2,bat_score=0 (matched),34,0
1sbk0ep,bat_score=0 (matched),0,1
1sfm4qz,bat_score=0 (matched),7,0
1qugq2f,bat_score=0 (matched),11,0
1surfl0,bat_score=0 (matched),0,1
1qc8lcp,bat_score=0 (matched),12,0
1s9ldre,bat_score=0 (matched),0,1
1snl1px,bat_score=0 (matched),21,0
1qcz9bk,bat_score=0 (matched),3,0
1r1cug5,bat_score=0 (matched),12,0
1qajttq,bat_score=0 (matched),41,0
1s48ohl,bat_score=0 (matched),7,0
1s7ijfv,bat_score=0 (matched),11,0
1s0v02k,bat_score=0 (matched),0,1
1qoqosf,bat_score=0 (matched),10,0
1romnyk,bat_score=0 (matched),2,0
1qkx0kd,bat_score=0 (matched),17,0
1sff2un,bat_score=0 (matched),5,0
1r14l0x,bat_score=0 (matched),4,0
1s827uk,bat_score=0 (matched),1,0
1sezakj,bat_score=0 (matched),8,0
1rvb415,bat_score=0 (matched),0,1
1q4m8lq,bat_score=0 (matched),11,0
1s0kuzv,bat_score=0 (matched),3,0
1qdztnx,bat_score=0 (matched),4,0
1qhw7pf,bat_score=0 (matched),0,1
1sa4l1b,bat_score=0 (matched),9,0
1srkm6p,bat_score=0 (matched),5,0
1qteadb,bat_score=0 (matched),2,0
1rg8u81,bat_score=0 (matched),0,1
1qp5zg5,bat_score=0 (matched),1,0
1ried3c,bat_score=0 (matched),2,0
1s6zqk6,bat_score=0 (matched),0,1
1qpkpvb,bat_score=0 (matched),9,0
1s2fu7d,bat_score=0 (matched),1,0
1rdmu57,bat_score=0 (matched),3,0
1q77fgh,bat_score=0 (matched),9,0
1qwgeyx,bat_score=0 (matched),0,1
1qhyl25,bat_score=0 (matched),1,0
1q2hq5k,bat_score=0 (matched),17,0
1sdjzyp,bat_score=0 (matched),11,0
1rk0kjm,bat_score=0 (matched),8,0
1q4reyb,bat_score=0 (matched),3,0
1s37lkw,bat_score=0 (matched),2,0
1sdqx3q,bat_score=0 (matched),0,1
1roby5o,bat_score=0 (matched),8,0
1qoa4ly,bat_score=0 (matched),9,0
1riok6h,bat_score=0 (matched),4,0
1sdf8mw,bat_score=0 (matched),15,0
1s54cfo,bat_score=0 (matched),12,0
1ry6dxp,bat_score=0 (matched),33,0
1s3wgfh,bat_score=0 (matched),9,0
1sutbtf,bat_score=0 (matched),10,0
1qep06d,bat_score=0 (matched),4,0
1rgccw9,bat_score=0 (matched),7,0
1s7z0ez,bat_score=0 (matched),0,1
1qweeq4,bat_score=0 (matched),17,0
1rvggi3,bat_score=0 (matched),2,0
1sr1d2f,bat_score=0 (matched),14,0
1rwssna,bat_score=0 (matched),23,0
1qe1fpz,bat_score=0 (matched),8,0
1r1cctp,bat_score=0 (matched),28,0
1sf7bf6,bat_score=0 (matched),4,0
1qv1sjb,bat_score=0 (matched),2,0
1r03ia9,bat_score=0 (matched),14,0
1sfbqrk,bat_score=0 (matched),0,1
1q2c0ce,bat_score=0 (matched),14,0
1qj5oxt,bat_score=0 (matched),3,0
1qs18d9,bat_score=0 (matched),64,0
1sexomu,bat_score=0 (matched),0,1
1qg4182,bat_score=0 (matched),9,0
1qkvfpd,bat_score=0 (matched),5,0
1sucppo,bat_score=0 (matched),11,0
1rfcklu,bat_score=0 (matched),20,0
1qz71p1,bat_score=0 (matched),9,0
1r2m2o9,bat_score=0 (matched),9,0
1qii7wh,bat_score=0 (matched),18,0
1ryvkjj,bat_score=0 (matched),35,0
1qnd3rk,bat_score=0 (matched),7,0
1r0gg8q,bat_score=0 (matched),9,0
1r73k76,bat_score=0 (matched),1,0
1q78jmk,bat_score=0 (matched),3,0
1r2a5na,bat_score=0 (matched),31,0
1qedn7n,bat_score=0 (matched),3,0
1sobccp,bat_score=0 (matched),22,0
1srzo0h,bat_score=0 (matched),1,0
1sjcy5i,bat_score=0 (matched),0,1
1qcqppt,bat_score=0 (matched),8,0
1srkl9u,bat_score=0 (matched),9,0
1r4r02a,bat_score=0 (matched),3,0
1rc5p1x,bat_score=0 (matched),18,0
1qtfg2n,bat_score=0 (matched),0,1
1r0c99w,bat_score=0 (matched),1,0
1qwrwsh,bat_score=0 (matched),34,0
1r13d86,bat_score=0 (matched),10,0
1qxr9z8,bat_score=0 (matched),15,0
1rf1ijx,bat_score=0 (matched),2,0
1qsogjf,bat_score=0 (matched),9,0
1sqgg8z,bat_score=0 (matched),12,0
1q7yr4n,bat_score=0 (matched),2,0
1sf04s0,bat_score=0 (matched),1,0
1qtf7kz,bat_score=0 (matched),100,0
1rak6rp,bat_score=0 (matched),9,0
1r20x2w,bat_score=0 (matched),1,0
1stq84j,bat_score=0 (matched),11,0
1s3f7dt,bat_score=0 (matched),2,0
1rmju97,bat_score=0 (matched),7,0
1s7thee,bat_score=0 (matched),3,0
1skn5hp,bat_score=0 (matched),2,0
1r8z6wa,bat_score=0 (matched),4,0
1qjv8pl,bat_score=0 (matched),1,0
1q94lip,bat_score=0 (matched),6,0
1qxmbds,bat_score=0 (matched),10,0
1snfkw2,bat_score=0 (matched),9,0
1rg3w70,bat_score=0 (matched),10,0
1sbj51g,bat_score=0 (matched),5,0
1qtev2z,bat_score=0 (matched),1,0
1rxonkb,bat_score=0 (matched),2,0
1qiuokx,bat_score=0 (matched),0,1
1qbvsjv,bat_score=0 (matched),10,0
1q8b75l,bat_score=0 (matched),29,0
8n2bk5,bat_score=0 (matched),0,1
9rpg0d,bat_score=0 (matched),7,0
8m445d,bat_score=0 (matched),5,0
8slrq5,bat_score=0 (matched),3,0
9uf21t,bat_score=0 (matched),5,0
a1aeyx,bat_score=0 (matched),3,0
a349xi,bat_score=0 (matched),6,0
8c17dn,bat_score=0 (matched),7,0
95kamu,bat_score=0 (matched),9,0
8yfa1j,bat_score=0 (matched),4,0
7xpic7,bat_score=0 (matched),3,0
93st7v,bat_score=0 (matched),4,0
9ckke1,bat_score=0 (matched),1,0
9ykgdu,bat_score=0 (matched),1,0
9veisu,bat_score=0 (matched),1,0
7rbdna,bat_score=0 (matched),8,0
8usxdz,bat_score=0 (matched),7,0
7xizcf,bat_score=0 (matched),7,0
984hj2,bat_score=0 (matched),19,0
8e3u4u,bat_score=0 (matched),3,0
847rrb,bat_score=0 (matched),6,0
8m8dco,bat_score=0 (matched),12,0
84wk0b,bat_score=0 (matched),5,0
8cd07g,bat_score=0 (matched),6,0
a5d713,bat_score=0 (matched),11,0
8mmmxq,bat_score=0 (matched),4,0
9n2q0d,bat_score=0 (matched),2,0
9ja0jm,bat_score=0 (matched),4,0
95alfh,bat_score=0 (matched),11,0
9058s5,bat_score=0 (matched),0,1
845mbp,bat_score=0 (matched),13,0
8rc793,bat_score=0 (matched),2,0
8yvjwh,bat_score=0 (matched),5,0
89pgwg,bat_score=0 (matched),5,0
8pnnyu,bat_score=0 (matched),8,0
8cr9lo,bat_score=0 (matched),5,0
9udfmd,bat_score=0 (matched),26,0
8brjeg,bat_score=0 (matched),5,0
7v30la,bat_score=0 (matched),5,0
92yo46,bat_score=0 (matched),5,0
8g26ah,bat_score=0 (matched),3,0
80o7as,bat_score=0 (matched),17,0
a339ie,bat_score=0 (matched),2,0
7pa4mk,bat_score=0 (matched),13,0
8clkv4,bat_score=0 (matched),94,0
7xjpxe,bat_score=0 (matched),8,0
9l96ic,bat_score=0 (matched),5,0
7voqp3,bat_score=0 (matched),2,0
7vynw9,bat_score=0 (matched),2,0
7ts6q4,bat_score=0 (matched),4,0
9f4n4s,bat_score=0 (matched),2,0
8zvr8d,bat_score=0 (matched),0,1
8hp2y7,bat_score=0 (matched),2,0
7os9ym,bat_score=0 (matched),3,0
83wfzd,bat_score=0 (matched),16,0
7qk5y4,bat_score=0 (matched),3,0
8q4kwy,bat_score=0 (matched),12,0
8dfzbk,bat_score=0 (matched),19,0
80dxbl,bat_score=0 (matched),1,0
97vlwg,bat_score=0 (matched),3,0
85rba4,bat_score=0 (matched),471,0
9oc1xs,bat_score=0 (matched),23,0
96t7nm,bat_score=0 (matched),9,0
8e79sg,bat_score=0 (matched),2,0
979k1d,bat_score=0 (matched),23,0
93i8xs,bat_score=0 (matched),1,0
9cyzp1,bat_score=0 (matched),2,0
a0y7wt,bat_score=0 (matched),0,1
7qt09i,bat_score=0 (matched),18,0
7ojucg,bat_score=0 (matched),11,0
8d5fsd,bat_score=0 (matched),4,0
95sscw,bat_score=0 (matched),1,0
89hre7,bat_score=0 (matched),5,0
9cst3b,bat_score=0 (matched),3,0
9syydn,bat_score=0 (matched),4,0
95mlpb,bat_score=0 (matched),1,0
9twsbi,bat_score=0 (matched),2,0
8g56ef,bat_score=0 (matched),3,0
82ud35,bat_score=0 (matched),5,0
7ua5yt,bat_score=0 (matched),1,0
8i4xpu,bat_score=0 (matched),14,0
a1mx56,bat_score=0 (matched),1,0
9wpafy,bat_score=0 (matched),39,0
9olvfy,bat_score=0 (matched),4,0
9kz2hz,bat_score=0 (matched),2,0
90hkb0,bat_score=0 (matched),3,0
7w2b4i,bat_score=0 (matched),6,0
9t45bu,bat_score=0 (matched),15,0
87jcco,bat_score=0 (matched),3,0
99axfi,bat_score=0 (matched),6,0
7xll02,bat_score=0 (matched),2,0
8um6ia,bat_score=0 (matched),4,0
9xty6j,bat_score=0 (matched),15,0
9sz0b0,bat_score=0 (matched),3,0
a2rn6s,bat_score=0 (matched),6,0
9kqbo6,bat_score=0 (matched),2,0
8s5naw,bat_score=0 (matched),4,0
7rcnv2,bat_score=0 (matched),4,0
a1l0ih,bat_score=0 (matched),1,0
8ih1th,bat_score=0 (matched),8,0
8joh91,bat_score=0 (matched),3,0
86f73l,bat_score=0 (matched),2,0
8cg6t0,bat_score=0 (matched),9,0
9lnenf,bat_score=0 (matched),3,0
8la24v,bat_score=0 (matched),16,0
889bgh,bat_score=0 (matched),14,0
9wtug6,bat_score=0 (matched),2,0
7q9htr,bat_score=0 (matched),3,0
8ethbw,bat_score=0 (matched),25,0
8z72t1,bat_score=0 (matched),8,0
862qhg,bat_score=0 (matched),2,0
8gi7ab,bat_score=0 (matched),3,0
85c2z6,bat_score=0 (matched),14,0
8pdps7,bat_score=0 (matched),2,0
86mny1,bat_score=0 (matched),17,0
9ds9w0,bat_score=0 (matched),1,0
8sj4jw,bat_score=0 (matched),10,0
7sx0d0,bat_score=0 (matched),9,0
8n8f11,bat_score=0 (matched),16,0
9uibjm,bat_score=0 (matched),7,0
7xtuon,bat_score=0 (matched),4,0
96eyes,bat_score=0 (matched),22,0
9ox1zh,bat_score=0 (matched),8,0
8jl1ik,bat_score=0 (matched),0,1
934g2u,bat_score=0 (matched),3,0
8k5ucs,bat_score=0 (matched),20,0
7o2fym,bat_score=0 (matched),6,0
8re8fm,bat_score=0 (matched),2,0
9shceu,bat_score=0 (matched),3,0
9heiis,bat_score=0 (matched),5,0
97c8be,bat_score=0 (matched),4,0
7s5mb9,bat_score=0 (matched),15,0
8n073y,bat_score=0 (matched),8,0
9l4124,bat_score=0 (matched),20,0
8vxv83,bat_score=0 (matched),6,0
9faavr,bat_score=0 (matched),0,1
7z5nps,bat_score=0 (matched),5,0
9ox6ir,bat_score=0 (matched),1,0
7p796o,bat_score=0 (matched),3,0
99snkd,bat_score=0 (matched),3,0
8tsv75,bat_score=0 (matched),3,0
9els0y,bat_score=0 (matched),7,0
9sucw3,bat_score=0 (matched),9,0
7zgfoc,bat_score=0 (matched),34,0
9jfgfv,bat_score=0 (matched),8,0
7rhdi5,bat_score=0 (matched),17,0
7zekpm,bat_score=0 (matched),16,0
8k55zt,bat_score=0 (matched),2,0
80nsdu,bat_score=0 (matched),21,0
99duiv,bat_score=0 (matched),5,0
84asi3,bat_score=0 (matched),4,0
8i65vi,bat_score=0 (matched),1,0
98zqf6,bat_score=0 (matched),2,0
9cz44u,bat_score=0 (matched),4,0
8620lg,bat_score=0 (matched),17,0
8cikuc,bat_score=0 (matched),6,0
97jay3,bat_score=0 (matched),22,0
9urz9m,bat_score=0 (matched),3,0
935ute,bat_score=0 (matched),3,0
a81nzy,bat_score=0 (matched),3,0
8grk26,bat_score=0 (matched),10,0
8sejhl,bat_score=0 (matched),4,0
9xvua6,bat_score=0 (matched),10,0
985aq0,bat_score=0 (matched),2,0
9lyrv5,bat_score=0 (matched),17,0
9796z1,bat_score=0 (matched),1,0
9lafyx,bat_score=0 (matched),1,0
84uel3,bat_score=0 (matched),3,0
972t1s,bat_score=0 (matched),3,0
9r5t70,bat_score=0 (matched),2,0
9d9xff,bat_score=0 (matched),0,1
8n8pib,bat_score=0 (matched),4,0
8bie9m,bat_score=0 (matched),22,0
817iio,bat_score=0 (matched),7,0
8nj2wx,bat_score=0 (matched),4,0
9cmgrt,bat_score=0 (matched),9,0
a5lo6f,bat_score=0 (matched),12,0
a7oiod,bat_score=0 (matched),1,0
a0m96j,bat_score=0 (matched),55,0
9z6s1q,bat_score=0 (matched),0,1
9tag1a,bat_score=0 (matched),6,0
8qlbjg,bat_score=0 (matched),8,0
8ezg0z,bat_score=0 (matched),30,0
9ba4xk,bat_score=0 (matched),5,0
900g8r,bat_score=0 (matched),4,0
a7s0rk,bat_score=0 (matched),14,0
7prsdc,bat_score=0 (matched),4,0
85srvo,bat_score=0 (matched),6,0
a1hrs1,bat_score=0 (matched),18,0
a3ja9x,bat_score=0 (matched),1,0
7r5497,bat_score=0 (matched),0,1
a8kvio,bat_score=0 (matched),3,0
7noury,bat_score=0 (matched),24,0
a6ym6i,bat_score=0 (matched),4,0
9nacc7,bat_score=0 (matched),1,0
8154gr,bat_score=0 (matched),0,1
8zug6k,bat_score=0 (matched),4,0
9uob7j,bat_score=0 (matched),11,0
81gbxu,bat_score=0 (matched),1,0
9brh6z,bat_score=0 (matched),7,0
9ijvgk,bat_score=0 (matched),3,0
9v06db,bat_score=0 (matched),4,0
7shtil,bat_score=0 (matched),1,0
9s4yi1,bat_score=0 (matched),2,0
91h75n,bat_score=0 (matched),1,0
9hr83p,bat_score=0 (matched),20,0
9zx4e3,bat_score=0 (matched),1,0
a3vl58,bat_score=0 (matched),26,0
a1n3f9,bat_score=0 (matched),1,0
9uzsan,bat_score=0 (matched),1,0
8j89gz,bat_score=0 (matched),7,0
9lszjp,bat_score=0 (matched),4,0
8j5hza,bat_score=0 (matched),2,0
8hdu0c,bat_score=0 (matched),3,0
82c23o,bat_score=0 (matched),3,0
8pkohw,bat_score=0 (matched),8,0
80dmmh,bat_score=0 (matched),3,0
a17an8,bat_score=0 (matched),2,0
83smfh,bat_score=0 (matched),13,0
7xa0cx,bat_score=0 (matched),4,0
98lxtq,bat_score=0 (matched),18,0
97fbma,bat_score=0 (matched),7,0
a518ol,bat_score=0 (matched),2,0
7ueymi,bat_score=0 (matched),2,0
abbgdi,bat_score=0 (matched),2,0
9xbyhf,bat_score=0 (matched),2,0
a16eui,bat_score=0 (matched),7,0
8d1rqz,bat_score=0 (matched),17,0
a1vifc,bat_score=0 (matched),7,0
7vpx1u,bat_score=0 (matched),1,0
a17ela,bat_score=0 (matched),3,0
8sgqka,bat_score=0 (matched),0,1
8n97sb,bat_score=0 (matched),5,0
83ma4b,bat_score=0 (matched),22,0
7z8019,bat_score=0 (matched),2,0
99nos1,bat_score=0 (matched),11,0
9xazbl,bat_score=0 (matched),26,0
aa1lzn,bat_score=0 (matched),5,0
8ay7lk,bat_score=0 (matched),4,0
9oize9,bat_score=0 (matched),5,0
8i8vhb,bat_score=0 (matched),7,0
9r0y87,bat_score=0 (matched),6,0
8zo54r,bat_score=0 (matched),2,0
a2349h,bat_score=0 (matched),17,0
9t5f2s,bat_score=0 (matched),7,0
a79jry,bat_score=0 (matched),12,0
95o2yo,bat_score=0 (matched),7,0
aac5ez,bat_score=0 (matched),5,0
9gbpfh,bat_score=0 (matched),16,0
90drxw,bat_score=0 (matched),11,0
8p038x,bat_score=0 (matched),7,0
8qy2fb,bat_score=0 (matched),8,0
819k2e,bat_score=0 (matched),9,0
8rdiwb,bat_score=0 (matched),5,0
7qu2oz,bat_score=0 (matched),30,0
7xitht,bat_score=0 (matched),16,0
9f1djk,bat_score=0 (matched),12,0
9lb4bn,bat_score=0 (matched),2,0
9ohm2g,bat_score=0 (matched),2,0
8zx4mh,bat_score=0 (matched),2,0
8g1o7q,bat_score=0 (matched),4,0
9ihn7u,bat_score=0 (matched),91,0
8l52lp,bat_score=0 (matched),1,0
9oclix,bat_score=0 (matched),9,0
7unzmu,bat_score=0 (matched),2,0
9h7ika,bat_score=0 (matched),5,0
7ulsrl,bat_score=0 (matched),8,0
7v8brn,bat_score=0 (matched),2,0
7ul3n2,bat_score=0 (matched),3,0
8da12f,bat_score=0 (matched),3,0
86pk1r,bat_score=0 (matched),20,0
7s77xz,bat_score=0 (matched),37,0
8vda2k,bat_score=0 (matched),43,0
abamsm,bat_score=0 (matched),16,0
8keku9,bat_score=0 (matched),5,0
86nvt7,bat_score=0 (matched),1,0
8ih17y,bat_score=0 (matched),17,0
8gq3vf,bat_score=0 (matched),5,0
7o53ov,bat_score=0 (matched),8,0
7qmrxj,bat_score=0 (matched),5,0
8b7pu9,bat_score=0 (matched),1,0
82i1r7,bat_score=0 (matched),3,0
9c3e5i,bat_score=0 (matched),8,0
8nrvi2,bat_score=0 (matched),4,0
a7gpcr,bat_score=0 (matched),11,0
8waxuz,bat_score=0 (matched),1,0
a4uirs,bat_score=0 (matched),4,0
9cgrf2,bat_score=0 (matched),3,0
9d2cgi,bat_score=0 (matched),14,0
9gm4nb,bat_score=0 (matched),4,0
7w0wdo,bat_score=0 (matched),4,0
9osp6o,bat_score=0 (matched),3,0
7sxsvd,bat_score=0 (matched),4,0
a7d6eu,bat_score=0 (matched),0,1
9404jg,bat_score=0 (matched),20,0
82r33d,bat_score=0 (matched),3,0
9ve0bl,bat_score=0 (matched),8,0
9v1661,bat_score=0 (matched),0,1
934mjz,bat_score=0 (matched),5,0
8n7ixq,bat_score=0 (matched),3,0
7vla1r,bat_score=0 (matched),3,0
88mo49,bat_score=0 (matched),6,0
9dfb6t,bat_score=0 (matched),8,0
9m2wne,bat_score=0 (matched),7,0
7usemt,bat_score=0 (matched),2,0
8m1sdt,bat_score=0 (matched),3,0
936l59,bat_score=0 (matched),54,0
85jjn5,bat_score=0 (matched),3,0
89ocrd,bat_score=0 (matched),11,0
7xicd2,bat_score=0 (matched),27,0
8pjjp4,bat_score=0 (matched),2,0
860cx3,bat_score=0 (matched),1,0
8jljdc,bat_score=0 (matched),5,0
92e0ix,bat_score=0 (matched),1,0
8bzedt,bat_score=0 (matched),4,0
949w75,bat_score=0 (matched),0,1
82nijj,bat_score=0 (matched),0,1
8r3jbb,bat_score=0 (matched),8,0
7q7i44,bat_score=0 (matched),4,0
7o8e3l,bat_score=0 (matched),27,0
a0xbkq,bat_score=0 (matched),1,0
992vkq,bat_score=0 (matched),3,0
883ub7,bat_score=0 (matched),3,0
9lhrg7,bat_score=0 (matched),5,0
7qjhaq,bat_score=0 (matched),4,0
87un2w,bat_score=0 (matched),11,0
92o8br,bat_score=0 (matched),12,0
9svt7a,bat_score=0 (matched),3,0
8813a9,bat_score=0 (matched),2,0
7x9chu,bat_score=0 (matched),119,0
84fqpi,bat_score=0 (matched),1,0
8nbxbc,bat_score=0 (matched),6,0
99cy0n,bat_score=0 (matched),0,1
7o85kb,bat_score=0 (matched),3,0
996flt,bat_score=0 (matched),2,0
8zl5fv,bat_score=0 (matched),14,0
8zl07f,bat_score=0 (matched),10,0
8ev7qu,bat_score=0 (matched),6,0
8ahzu1,bat_score=0 (matched),10,0
a363n3,bat_score=0 (matched),2,0
8637pp,bat_score=0 (matched),5,0
8hy6ye,bat_score=0 (matched),3,0
a1dnpa,bat_score=0 (matched),1,0
838vme,bat_score=0 (matched),2,0
8cty7p,bat_score=0 (matched),10,0
8ql6j0,bat_score=0 (matched),3,0
8y0mwy,bat_score=0 (matched),1,0
9lr9kl,bat_score=0 (matched),6,0
8oiuu8,bat_score=0 (matched),2,0
9cd813,bat_score=0 (matched),6,0
8jxhwd,bat_score=0 (matched),6,0
9wt28m,bat_score=0 (matched),2,0
86cv3w,bat_score=0 (matched),2,0
8u0gnt,bat_score=0 (matched),5,0
9bwyjb,bat_score=0 (matched),5,0
9j5hal,bat_score=0 (matched),1,0
8b27uh,bat_score=0 (matched),8,0
8owih0,bat_score=0 (matched),1,0
8nn4sp,bat_score=0 (matched),3,0
aa4phu,bat_score=0 (matched),5,0
9wdc06,bat_score=0 (matched),3,0
7odf4e,bat_score=0 (matched),7,0
a3qq45,bat_score=0 (matched),3,0
8ex8mk,bat_score=0 (matched),1,0
abbwi9,bat_score=0 (matched),4,0
7qkun9,bat_score=0 (matched),1,0
955xdx,bat_score=0 (matched),1,0
a1x6bx,bat_score=0 (matched),2,0
89owhf,bat_score=0 (matched),7,0
8p4cyt,bat_score=0 (matched),0,1
8ue8mg,bat_score=0 (matched),9,0
9da2sd,bat_score=0 (matched),4,0
9tobub,bat_score=0 (matched),1,0
9d4q8g,bat_score=0 (matched),2,0
8ehg7b,bat_score=0 (matched),4,0
8jnz29,bat_score=0 (matched),2,0
8m38gt,bat_score=0 (matched),1,0
8ujw8k,bat_score=0 (matched),12,0
9w5dct,bat_score=0 (matched),10,0
9lo2k7,bat_score=0 (matched),5,0
89gcow,bat_score=0 (matched),20,0
7xx5rx,bat_score=0 (matched),1,0
8lbj7t,bat_score=0 (matched),2,0
a5mm7d,bat_score=0 (matched),5,0
9p0p82,bat_score=0 (matched),1,0
8fdjx8,bat_score=0 (matched),2,0
9qpyb7,bat_score=0 (matched),0,1
9nl8fr,bat_score=0 (matched),8,0
8dfe0b,bat_score=0 (matched),94,0
9mp3l2,bat_score=0 (matched),5,0
8ue1tc,bat_score=0 (matched),0,1
9pav9q,bat_score=0 (matched),21,0
83w1kf,bat_score=0 (matched),6,0
9lhyy1,bat_score=0 (matched),2,0
a3ha20,bat_score=0 (matched),10,0
7zqlbj,bat_score=0 (matched),2,0
8s2r6h,bat_score=0 (matched),4,0
7ytmfd,bat_score=0 (matched),3,0
93afmo,bat_score=0 (matched),3,0
8xcfq1,bat_score=0 (matched),6,0
9z41k2,bat_score=0 (matched),8,0
9jralj,bat_score=0 (matched),2,0
7xuxwz,bat_score=0 (matched),5,0
97j9u9,bat_score=0 (matched),1,0
8xbf64,bat_score=0 (matched),4,0
9b8lba,bat_score=0 (matched),7,0
85sk8o,bat_score=0 (matched),55,0
7r1olo,bat_score=0 (matched),2,0
a19lkk,bat_score=0 (matched),2,0
a3tpwk,bat_score=0 (matched),2,0
7xfdrg,bat_score=0 (matched),8,0
8esuji,bat_score=0 (matched),3,0
8gxj4n,bat_score=0 (matched),2,0
9bjold,bat_score=0 (matched),3,0
86baxf,bat_score=0 (matched),81,0
84mftg,bat_score=0 (matched),2,0
87twsi,bat_score=0 (matched),1,0
8rmfiu,bat_score=0 (matched),6,0
84xete,bat_score=0 (matched),7,0
96d91j,bat_score=0 (matched),1,0
82ss28,bat_score=0 (matched),1,0
8q799g,bat_score=0 (matched),30,0
7t896s,bat_score=0 (matched),6,0
7xaflc,bat_score=0 (matched),13,0
9hqnus,bat_score=0 (matched),3,0
85jdko,bat_score=0 (matched),4,0
8mzj8d,bat_score=0 (matched),0,1
9p16rx,bat_score=0 (matched),13,0
7vqytw,bat_score=0 (matched),4,0
7nw9yv,bat_score=0 (matched),4,0
8tzwhv,bat_score=0 (matched),162,0
7ssnjz,bat_score=0 (matched),6,0
a3d6dj,bat_score=0 (matched),2,0
7yuewl,bat_score=0 (matched),12,0
a8i27h,bat_score=0 (matched),9,0
9v3fty,bat_score=0 (matched),0,1
8js2q0,bat_score=0 (matched),1,0
99mdk8,bat_score=0 (matched),0,1
a2tfeg,bat_score=0 (matched),2,0
9qflgl,bat_score=0 (matched),4,0
829a6o,bat_score=0 (matched),16,0
9aoh3i,bat_score=0 (matched),7,0
9390s8,bat_score=0 (matched),5,0
8fdw5z,bat_score=0 (matched),3,0
8bku9u,bat_score=0 (matched),4,0
9aow6l,bat_score=0 (matched),2,0
7tu1iz,bat_score=0 (matched),4,0
a441km,bat_score=0 (matched),0,1
7w3nd3,bat_score=0 (matched),4,0
8lw3s1,bat_score=0 (matched),2,0
9p578t,bat_score=0 (matched),7,0
7pgcek,bat_score=0 (matched),1,0
93z0w6,bat_score=0 (matched),24,0
7sxg86,bat_score=0 (matched),7,0
99fbt0,bat_score=0 (matched),3,0
a6kuyj,bat_score=0 (matched),4,0
88cpgc,bat_score=0 (matched),1,0
a8bovx,bat_score=0 (matched),24,0
7sa5wc,bat_score=0 (matched),5,0
96713x,bat_score=0 (matched),8,0
825lag,bat_score=0 (matched),5,0
9jh9a3,bat_score=0 (matched),3,0
a50tk8,bat_score=0 (matched),3,0
8oql5t,bat_score=0 (matched),3,0
8n87z7,bat_score=0 (matched),1,0
8is9a3,bat_score=0 (matched),1,0
9rd201,bat_score=0 (matched),2,0
7u3xwo,bat_score=0 (matched),1,0
7r9tof,bat_score=0 (matched),5,0
9qs2b4,bat_score=0 (matched),7,0
7y1h8c,bat_score=0 (matched),11,0
7ulhk4,bat_score=0 (matched),15,0
8r2g25,bat_score=0 (matched),8,0
7snx90,bat_score=0 (matched),0,1
8yejvr,bat_score=0 (matched),2,0
9jf6y0,bat_score=0 (matched),11,0
7r19j1,bat_score=0 (matched),2,0
86ml7h,bat_score=0 (matched),0,1
8uhyvd,bat_score=0 (matched),3,0
8kspgp,bat_score=0 (matched),2,0
92d630,bat_score=0 (matched),6,0
8yn2yb,bat_score=0 (matched),6,0
944p02,bat_score=0 (matched),5,0
8btlv5,bat_score=0 (matched),5,0
7nnwbs,bat_score=0 (matched),4,0
a8kkb4,bat_score=0 (matched),7,0
7zoox6,bat_score=0 (matched),6,0
8qt62v,bat_score=0 (matched),1,0
8gibrz,bat_score=0 (matched),3,0
9io5qs,bat_score=0 (matched),11,0
8k7993,bat_score=0 (matched),6,0
8qtcik,bat_score=0 (matched),3,0
9yjrho,bat_score=0 (matched),8,0
9sem7n,bat_score=0 (matched),9,0
8e6xdu,bat_score=0 (matched),5,0
85kk20,bat_score=0 (matched),1,0
9pla4p,bat_score=0 (matched),8,0
9bkrqm,bat_score=0 (matched),1,0
7u9al3,bat_score=0 (matched),6,0
8xs77y,bat_score=0 (matched),7,0
8dc87y,bat_score=0 (matched),2,0
8p7kkd,bat_score=0 (matched),1,0
8njjxe,bat_score=0 (matched),8,0
87tzcw,bat_score=0 (matched),2,0
7uut24,bat_score=0 (matched),1,0
9lbcyr,bat_score=0 (matched),3,0
8331uu,bat_score=0 (matched),3,0
7xfxlq,bat_score=0 (matched),2,0
8ncbdj,bat_score=0 (matched),5,0
819kch,bat_score=0 (matched),4,0
8c02gt,bat_score=0 (matched),0,1
9d1rlq,bat_score=0 (matched),2,0
7uacc0,bat_score=0 (matched),3,0
8okc0m,bat_score=0 (matched),2,0
847zm2,bat_score=0 (matched),1,0
8bpyor,bat_score=0 (matched),4,0
84lyu8,bat_score=0 (matched),3,0
8ban1j,bat_score=0 (matched),9,0
9yt7ug,bat_score=0 (matched),3,0
8b96wb,bat_score=0 (matched),1,0
9f5wbd,bat_score=0 (matched),2,0
7p9fej,bat_score=0 (matched),38,0
8wv4se,bat_score=0 (matched),8,0
88bsty,bat_score=0 (matched),27,0
9tl718,bat_score=0 (matched),2,0
8kpyrt,bat_score=0 (matched),4,0
9rcavv,bat_score=0 (matched),0,1
91k20e,bat_score=0 (matched),0,1
7ug1pr,bat_score=0 (matched),13,0
86ble9,bat_score=0 (matched),7,0
83ffou,bat_score=0 (matched),9,0
8zjz6s,bat_score=0 (matched),121,0
915pj5,bat_score=0 (matched),2,0
8bwd1i,bat_score=0 (matched),5,0
99k5pz,bat_score=0 (matched),2,0
8ze352,bat_score=0 (matched),5,0
9grvl7,bat_score=0 (matched),2,0
8yb7xl,bat_score=0 (matched),2,0
9tqqum,bat_score=0 (matched),2,0
910f92,bat_score=0 (matched),3,0
89o22q,bat_score=0 (matched),21,0
a1011a,bat_score=0 (matched),3,0
7xdtd0,bat_score=0 (matched),5,0
8k4z78,bat_score=0 (matched),1,0
aaaz7m,bat_score=0 (matched),3,0
9b9cb6,bat_score=0 (matched),26,0
a7l6yv,bat_score=0 (matched),2,0
9qdu5m,bat_score=0 (matched),1,0
7ntl0g,bat_score=0 (matched),2,0
8qjq5y,bat_score=0 (matched),32,0
8opf2b,bat_score=0 (matched),0,1
9l4abk,bat_score=0 (matched),13,0
8bovmd,bat_score=0 (matched),3,0
7wgcci,bat_score=0 (matched),1,0
83k6u1,bat_score=0 (matched),10,0
960bed,bat_score=0 (matched),3,0
8c4rpi,bat_score=0 (matched),1,0
7nxhh9,bat_score=0 (matched),2,0
7r48d0,bat_score=0 (matched),1,0
827ug6,bat_score=0 (matched),1,0
a5ts6z,bat_score=0 (matched),11,0
8q89hp,bat_score=0 (matched),1,0
9vgjwx,bat_score=0 (matched),78,0
8r1gvq,bat_score=0 (matched),18,0
9hz0wl,bat_score=0 (matched),5,0
7x120i,bat_score=0 (matched),6,0
8436yq,bat_score=0 (matched),3,0
ab8jom,bat_score=0 (matched),157,0
8hpw5n,bat_score=0 (matched),3,0
a0cxk0,bat_score=0 (matched),4,0
83d2gz,bat_score=0 (matched),19,0
8q9ziy,bat_score=0 (matched),2,0
8i7afk,bat_score=0 (matched),1,0
8pl12r,bat_score=0 (matched),2,0
8qd2lm,bat_score=0 (matched),6,0
8uazsk,bat_score=0 (matched),2,0
9q9b2c,bat_score=0 (matched),2,0
89gsz6,bat_score=0 (matched),4,0
8d6sg1,bat_score=0 (matched),11,0
9rbkhw,bat_score=0 (matched),2,0
9tn3zm,bat_score=0 (matched),5,0
95413f,bat_score=0 (matched),5,0
7sg2ee,bat_score=0 (matched),3,0
9m056y,bat_score=0 (matched),6,0
9cxeku,bat_score=0 (matched),12,0
8em2u1,bat_score=0 (matched),5,0
9do8w2,bat_score=0 (matched),1,0
9r09rh,bat_score=0 (matched),16,0
898x3j,bat_score=0 (matched),5,0
9a6e2h,bat_score=0 (matched),5,0
7sxaef,bat_score=0 (matched),1,0
9lracl,bat_score=0 (matched),3,0
9en36n,bat_score=0 (matched),89,0
9rcpa6,bat_score=0 (matched),43,0
9fltpv,bat_score=0 (matched),8,0
8qbneb,bat_score=0 (matched),3,0
9bal5i,bat_score=0 (matched),5,0
85wxl8,bat_score=0 (matched),1,0
7zqctg,bat_score=0 (matched),3,0
88oz6l,bat_score=0 (matched),11,0
9j1gf6,bat_score=0 (matched),8,0
8ihllf,bat_score=0 (matched),28,0
8axqql,bat_score=0 (matched),54,0
8nrpdk,bat_score=0 (matched),4,0
8ll6td,bat_score=0 (matched),0,1
98zzjp,bat_score=0 (matched),2,0
97tx7h,bat_score=0 (matched),2,0
9vy76r,bat_score=0 (matched),5,0
8bjmm6,bat_score=0 (matched),5,0
8zncm8,bat_score=0 (matched),4,0
a7ckz3,bat_score=0 (matched),2,0
9cap5a,bat_score=0 (matched),64,0
8wc6g9,bat_score=0 (matched),1,0
7w09a9,bat_score=0 (matched),7,0
8n8y9e,bat_score=0 (matched),3,0
8k214n,bat_score=0 (matched),3,0
9786eb,bat_score=0 (matched),6,0
8u8b3e,bat_score=0 (matched),7,0
9cwsuy,bat_score=0 (matched),1,0
84vhl3,bat_score=0 (matched),2,0
7qvk46,bat_score=0 (matched),2,0
8rfq64,bat_score=0 (matched),8,0
8bkqp0,bat_score=0 (matched),1,0
9bd6re,bat_score=0 (matched),0,1
97c8t2,bat_score=0 (matched),5,0
9yrpm5,bat_score=0 (matched),9,0
9rw3g4,bat_score=0 (matched),37,0
916s7w,bat_score=0 (matched),1,0
9p0l2b,bat_score=0 (matched),8,0
8c21li,bat_score=0 (matched),4,0
914vfo,bat_score=0 (matched),10,0
8ia8gi,bat_score=0 (matched),1,0
8cwvp1,bat_score=0 (matched),3,0
9n9lex,bat_score=0 (matched),31,0
9t1x8p,bat_score=0 (matched),13,0
9uobt7,bat_score=0 (matched),5,0
8qtvzj,bat_score=0 (matched),8,0
8pax2g,bat_score=0 (matched),3,0
9qr2ks,bat_score=0 (matched),48,0
8scuox,bat_score=0 (matched),2,0
98arn5,bat_score=0 (matched),4,0
9r5ba4,bat_score=0 (matched),9,0
9yd59y,bat_score=0 (matched),6,0
7t8erj,bat_score=0 (matched),8,0
8lmbpb,bat_score=0 (matched),1,0
85k321,bat_score=0 (matched),6,0
7xzjgu,bat_score=0 (matched),3,0
7xipf0,bat_score=0 (matched),1,0
8k7z7x,bat_score=0 (matched),2,0
9xnv2k,bat_score=0 (matched),3,0
7obhtl,bat_score=0 (matched),4,0
8vihre,bat_score=0 (matched),3,0
8ln0yl,bat_score=0 (matched),4,0
8picye,bat_score=0 (matched),0,1
8xbqax,bat_score=0 (matched),5,0
8bkc1h,bat_score=0 (matched),2,0
9b2ycd,bat_score=0 (matched),5,0
a36d7p,bat_score=0 (matched),1,0
8g9xrx,bat_score=0 (matched),5,0
9qdqfo,bat_score=0 (matched),1,0
7pa1rn,bat_score=0 (matched),1,0
88zxfd,bat_score=0 (matched),2,0
a70hxc,bat_score=0 (matched),11,0
a0n4qc,bat_score=0 (matched),8,0
9nd1z7,bat_score=0 (matched),13,0
86kaat,bat_score=0 (matched),5,0
9btpqj,bat_score=0 (matched),14,0
7r90ol,bat_score=0 (matched),4,0
8k7e30,bat_score=0 (matched),1,0
8o0rgq,bat_score=0 (matched),6,0
91c81b,bat_score=0 (matched),4,0
8pv03y,bat_score=0 (matched),16,0
7rlafb,bat_score=0 (matched),7,0
89gx3t,bat_score=0 (matched),3,0
7nvqp3,bat_score=0 (matched),4,0
8193jv,bat_score=0 (matched),4,0
84n2bo,bat_score=0 (matched),5,0
800zar,bat_score=0 (matched),6,0
8892wr,bat_score=0 (matched),9,0
9gpdom,bat_score=0 (matched),3,0
93q6cz,bat_score=0 (matched),8,0
91nj46,bat_score=0 (matched),3,0
a8u7r5,bat_score=0 (matched),4,0
9axvak,bat_score=0 (matched),10,0
82iaf0,bat_score=0 (matched),3,0
8wtrb5,bat_score=0 (matched),37,0
7x5qh8,bat_score=0 (matched),5,0
8n0iu8,bat_score=0 (matched),5,0
8a62vv,bat_score=0 (matched),3,0
7q0euo,bat_score=0 (matched),2,0
8l23d2,bat_score=0 (matched),14,0
8eevc6,bat_score=0 (matched),1,0
98lphb,bat_score=0 (matched),20,0
7zpybx,bat_score=0 (matched),2,0
9wqjs5,bat_score=0 (matched),5,0
8ktfst,bat_score=0 (matched),8,0
9p0ulf,bat_score=0 (matched),4,0
9uro3i,bat_score=0 (matched),5,0
95d2nl,bat_score=0 (matched),1,0
8gp6qf,bat_score=0 (matched),31,0
8y9fn4,bat_score=0 (matched),7,0
8p1n2j,bat_score=0 (matched),0,1
9d475t,bat_score=0 (matched),4,0
8zopno,bat_score=0 (matched),4,0
8p0zor,bat_score=0 (matched),14,0
8t313h,bat_score=0 (matched),8,0
9r0531,bat_score=0 (matched),9,0
9qqhk7,bat_score=0 (matched),3,0
9neod8,bat_score=0 (matched),3,0
88wglv,bat_score=0 (matched),5,0
84py25,bat_score=0 (matched),10,0
99x602,bat_score=0 (matched),9,0
8myisr,bat_score=0 (matched),33,0
8uja9y,bat_score=0 (matched),3,0
89qvm8,bat_score=0 (matched),5,0
7tut59,bat_score=0 (matched),3,0
8ubyzu,bat_score=0 (matched),3,0
8cnea3,bat_score=0 (matched),13,0
8dalmt,bat_score=0 (matched),4,0
7p13y6,bat_score=0 (matched),4,0
8795o4,bat_score=0 (matched),13,0
8g3d6z,bat_score=0 (matched),7,0
9bbfyo,bat_score=0 (matched),6,0
9iyoha,bat_score=0 (matched),3,0
9dko9j,bat_score=0 (matched),2,0
7wcor3,bat_score=0 (matched),8,0
9ihqee,bat_score=0 (matched),3,0
922c5c,bat_score=0 (matched),3,0
8eb9zj,bat_score=0 (matched),27,0
97ikf3,bat_score=0 (matched),7,0
7r1824,bat_score=0 (matched),86,0
86cuw9,bat_score=0 (matched),4,0
9xeyl7,bat_score=0 (matched),18,0
96fv7u,bat_score=0 (matched),28,0
83ally,bat_score=0 (matched),1,0
865mx7,bat_score=0 (matched),8,0
8qke8h,bat_score=0 (matched),4,0
8em9jr,bat_score=0 (matched),1,0
88iysc,bat_score=0 (matched),7,0
8q3bic,bat_score=0 (matched),5,0
a3oxko,bat_score=0 (matched),0,1
951fdj,bat_score=0 (matched),1,0
85t06w,bat_score=0 (matched),2,0
98dh1q,bat_score=0 (matched),19,0
8qs8cg,bat_score=0 (matched),54,0
8w8ukd,bat_score=0 (matched),7,0
7xrla7,bat_score=0 (matched),5,0
85n45c,bat_score=0 (matched),3,0
9qf6h4,bat_score=0 (matched),1,0
8wvnwf,bat_score=0 (matched),2,0
8zmuqi,bat_score=0 (matched),18,0
8ew7zg,bat_score=0 (matched),2,0
9mfp4y,bat_score=0 (matched),7,0
7xljeo,bat_score=0 (matched),8,0
81dtcq,bat_score=0 (matched),24,0
861dzs,bat_score=0 (matched),34,0
86fynt,bat_score=0 (matched),2,0
93ymz8,bat_score=0 (matched),3,0
9dl7am,bat_score=0 (matched),3,0
8jbud9,bat_score=0 (matched),3,0
8rd4pu,bat_score=0 (matched),8,0
7prmdt,bat_score=0 (matched),0,1
8ujvnm,bat_score=0 (matched),2,0
9jqlhx,bat_score=0 (matched),3,0
9pvups,bat_score=0 (matched),5,0
821hy8,bat_score=0 (matched),61,0
8w9w7y,bat_score=0 (matched),41,0
7p98f6,bat_score=0 (matched),4,0
8wgka1,bat_score=0 (matched),2,0
8pbt5s,bat_score=0 (matched),1,0
7sbabj,bat_score=0 (matched),11,0
9wcizn,bat_score=0 (matched),59,0
95binr,bat_score=0 (matched),7,0
9s77yc,bat_score=0 (matched),8,0
a5cdf0,bat_score=0 (matched),3,0
a7or11,bat_score=0 (matched),5,0
8qao6n,bat_score=0 (matched),3,0
a5v19m,bat_score=0 (matched),2,0
8bqsn5,bat_score=0 (matched),53,0
915xwn,bat_score=0 (matched),5,0
a3ogfh,bat_score=0 (matched),4,0
9212iy,bat_score=0 (matched),2,0
8p0guq,bat_score=0 (matched),9,0
a4y5fs,bat_score=0 (matched),5,0
84r5mq,bat_score=0 (matched),6,0
8kdmk6,bat_score=0 (matched),3,0
85cysi,bat_score=0 (matched),10,0
7z4csh,bat_score=0 (matched),2,0
9amr0x,bat_score=0 (matched),1,0
9s38i5,bat_score=0 (matched),11,0
9nxbi4,bat_score=0 (matched),5,0
8jkyih,bat_score=0 (matched),5,0
9tb663,bat_score=0 (matched),3,0
9aaguq,bat_score=0 (matched),15,0
92j44p,bat_score=0 (matched),9,0
7qmslc,bat_score=0 (matched),3,0
8cqnew,bat_score=0 (matched),21,0
9qoam1,bat_score=0 (matched),1,0
7pwj4z,bat_score=0 (matched),5,0
8d9qnm,bat_score=0 (matched),3,0
821d43,bat_score=0 (matched),2,0
9x3r45,bat_score=0 (matched),3,0
8viq32,bat_score=0 (matched),2,0
9it5b2,bat_score=0 (matched),8,0
95arp4,bat_score=0 (matched),2,0
82qlmn,bat_score=0 (matched),1,0
a6zik8,bat_score=0 (matched),6,0
8bhtog,bat_score=0 (matched),3,0
9qbuue,bat_score=0 (matched),10,0
9vb5hj,bat_score=0 (matched),2,0
8s9ict,bat_score=0 (matched),5,0
8zgzmn,bat_score=0 (matched),2,0
86bt1d,bat_score=0 (matched),12,0
8m9gye,bat_score=0 (matched),1,0
89itd0,bat_score=0 (matched),8,0
7t118j,bat_score=0 (matched),10,0
a5rxd0,bat_score=0 (matched),35,0
7u2zi4,bat_score=0 (matched),0,1
845e3s,bat_score=0 (matched),2,0
8zjrcj,bat_score=0 (matched),16,0
99ejhs,bat_score=0 (matched),9,0
9bi8qt,bat_score=0 (matched),3,0
835xnc,bat_score=0 (matched),2,0
7xboxy,bat_score=0 (matched),5,0
9th6w5,bat_score=0 (matched),59,0
9z9xlr,bat_score=0 (matched),2,0
8mzsai,bat_score=0 (matched),4,0
9upj17,bat_score=0 (matched),12,0
8x0lv2,bat_score=0 (matched),7,0
7r2njg,bat_score=0 (matched),2,0
95f3x0,bat_score=0 (matched),1,0
8zp2n3,bat_score=0 (matched),46,0
9t692s,bat_score=0 (matched),4,0
8ctgfj,bat_score=0 (matched),2,0
9nety3,bat_score=0 (matched),4,0
9itfhw,bat_score=0 (matched),4,0
8m2gml,bat_score=0 (matched),4,0
8pb68u,bat_score=0 (matched),2,0
9d9csk,bat_score=0 (matched),0,1
85y3yl,bat_score=0 (matched),3,0
895xfp,bat_score=0 (matched),2,0
9jg1de,bat_score=0 (matched),12,0
9dlcaa,bat_score=0 (matched),6,0
8fc9ax,bat_score=0 (matched),8,0
aaksuv,bat_score=0 (matched),21,0
9psyxz,bat_score=0 (matched),9,0
9hftxo,bat_score=0 (matched),4,0
89015p,bat_score=0 (matched),6,0
9tkc2s,bat_score=0 (matched),3,0
7phyqc,bat_score=0 (matched),4,0
96s789,bat_score=0 (matched),3,0
a17931,bat_score=0 (matched),3,0
9ljcjh,bat_score=0 (matched),131,0
7xprv6,bat_score=0 (matched),3,0
a8bdlp,bat_score=0 (matched),1,0
8o29n5,bat_score=0 (matched),4,0
a67d9t,bat_score=0 (matched),11,0
95mtee,bat_score=0 (matched),4,0
93r32e,bat_score=0 (matched),15,0
8ffe3l,bat_score=0 (matched),4,0
9b9io3,bat_score=0 (matched),5,0
9dj4as,bat_score=0 (matched),7,0
88z4ea,bat_score=0 (matched),11,0
9jqmyf,bat_score=0 (matched),30,0
9yuwse,bat_score=0 (matched),2,0
9nf53h,bat_score=0 (matched),5,0
8q9q43,bat_score=0 (matched),10,0
9iyhwk,bat_score=0 (matched),18,0
8rzpuf,bat_score=0 (matched),4,0
8gt2lj,bat_score=0 (matched),1,0
8n8k15,bat_score=0 (matched),2,0
7wfay1,bat_score=0 (matched),4,0
9dd8aq,bat_score=0 (matched),12,0
8kj3eh,bat_score=0 (matched),10,0
8jdhhy,bat_score=0 (matched),3,0
a7iph9,bat_score=0 (matched),6,0
8grd45,bat_score=0 (matched),0,1
7x5gax,bat_score=0 (matched),2,0
9mozi8,bat_score=0 (matched),8,0
842p7h,bat_score=0 (matched),4,0
a36y3k,bat_score=0 (matched),4,0
8gtegw,bat_score=0 (matched),6,0
9fibtm,bat_score=0 (matched),10,0
9l0bck,bat_score=0 (matched),9,0
a319rq,bat_score=0 (matched),0,1
8tj3yx,bat_score=0 (matched),2,0
7vw66l,bat_score=0 (matched),2,0
7voigu,bat_score=0 (matched),4,0
9xm4w3,bat_score=0 (matched),9,0
98wtl1,bat_score=0 (matched),5,0
9oq9d9,bat_score=0 (matched),6,0
7zovuo,bat_score=0 (matched),7,0
82kwa9,bat_score=0 (matched),3,0
8i1x5l,bat_score=0 (matched),2,0
8d0b6n,bat_score=0 (matched),5,0
9lc0oo,bat_score=0 (matched),1,0
89di7l,bat_score=0 (matched),14,0
9emoji,bat_score=0 (matched),3,0
983n00,bat_score=0 (matched),3,0
8bt5xf,bat_score=0 (matched),2,0
8hwq7b,bat_score=0 (matched),8,0
7zhba3,bat_score=0 (matched),2,0
a5u8sn,bat_score=0 (matched),1,0
8aaoyk,bat_score=0 (matched),18,0
84dzjv,bat_score=0 (matched),2,0
7pgzlt,bat_score=0 (matched),2,0
8gq8au,bat_score=0 (matched),3,0
9jdkny,bat_score=0 (matched),5,0
8lbyac,bat_score=0 (matched),2,0
a1bau4,bat_score=0 (matched),67,0
8gzc9f,bat_score=0 (matched),9,0
8g92y8,bat_score=0 (matched),4,0
9h2meu,bat_score=0 (matched),13,0
7rizc9,bat_score=0 (matched),1,0
7vsmqa,bat_score=0 (matched),9,0
a5lti2,bat_score=0 (matched),1,0
9yhbrk,bat_score=0 (matched),6,0
80db8i,bat_score=0 (matched),5,0
9dtw59,bat_score=0 (matched),17,0
9vbkii,bat_score=0 (matched),7,0
7u4nz6,bat_score=0 (matched),3,0
90itet,bat_score=0 (matched),2,0
aa9cxe,bat_score=0 (matched),4,0
9h86p9,bat_score=0 (matched),3,0
8g33jd,bat_score=0 (matched),10,0
8vzirj,bat_score=0 (matched),4,0
9vy6t0,bat_score=0 (matched),18,0
92nvmp,bat_score=0 (matched),8,0
844azd,bat_score=0 (matched),0,1
aar4fl,bat_score=0 (matched),7,0
8o6qbx,bat_score=0 (matched),18,0
82it3q,bat_score=0 (matched),1,0
7tvtgc,bat_score=0 (matched),2,0
96ai4t,bat_score=0 (matched),2,0
96z5hz,bat_score=0 (matched),8,0
9x0li6,bat_score=0 (matched),1,0
8hx1nz,bat_score=0 (matched),5,0
883gt9,bat_score=0 (matched),18,0
7rtj1i,bat_score=0 (matched),1,0
7vu3vm,bat_score=0 (matched),8,0
91sy02,bat_score=0 (matched),6,0
7wfoic,bat_score=0 (matched),4,0
92fksl,bat_score=0 (matched),6,0
7z9dcw,bat_score=0 (matched),3,0
9bkrd9,bat_score=0 (matched),6,0
7p1had,bat_score=0 (matched),2,0
8ed2zo,bat_score=0 (matched),43,0
a5tqj2,bat_score=0 (matched),4,0
9pyv2y,bat_score=0 (matched),5,0
8q1ygz,bat_score=0 (matched),3,0
925cp9,bat_score=0 (matched),5,0
9r3i4t,bat_score=0 (matched),6,0
7ntpg7,bat_score=0 (matched),1,0
8g1evl,bat_score=0 (matched),2,0
a3fv1m,bat_score=0 (matched),16,0
8y77js,bat_score=0 (matched),22,0
a33h0a,bat_score=0 (matched),6,0
9mxrwi,bat_score=0 (matched),2,0
7wzl5s,bat_score=0 (matched),4,0
82bzk2,bat_score=0 (matched),10,0
9r0r3z,bat_score=0 (matched),7,0
8abst2,bat_score=0 (matched),13,0
8b8ojm,bat_score=0 (matched),2,0
7zbdxi,bat_score=0 (matched),9,0
9n2368,bat_score=0 (matched),0,1
87wn33,bat_score=0 (matched),10,0
940jhs,bat_score=0 (matched),3,0
8gleij,bat_score=0 (matched),2,0
9mhoe3,bat_score=0 (matched),4,0
9z0czm,bat_score=0 (matched),1,0
8vldli,bat_score=0 (matched),1,0
7zdu6q,bat_score=0 (matched),3,0
90jgf9,bat_score=0 (matched),12,0
9sj54k,bat_score=0 (matched),3,0
9bbk76,bat_score=0 (matched),1,0
7u3ddq,bat_score=0 (matched),0,1
a7am9r,bat_score=0 (matched),23,0
8zd680,bat_score=0 (matched),1,0
8i84ov,bat_score=0 (matched),3,0
85y5ul,bat_score=0 (matched),5,0
8dg8cv,bat_score=0 (matched),2,0
9kuupb,bat_score=0 (matched),2,0
9h4yrc,bat_score=0 (matched),5,0
7zptc3,bat_score=0 (matched),6,0
9vigdp,bat_score=0 (matched),16,0
9qmzow,bat_score=0 (matched),7,0
90615o,bat_score=0 (matched),10,0
8z94o5,bat_score=0 (matched),14,0
7o5zek,bat_score=0 (matched),1,0
8qaesu,bat_score=0 (matched),2,0
91d83l,bat_score=0 (matched),1,0
8d6lsh,bat_score=0 (matched),3,0
8nbbsp,bat_score=0 (matched),10,0
9afld5,bat_score=0 (matched),17,0
7z4swk,bat_score=0 (matched),12,0
8lwzaf,bat_score=0 (matched),3,0
9361lm,bat_score=0 (matched),10,0
874ycy,bat_score=0 (matched),4,0
a3zi5c,bat_score=0 (matched),7,0
7ymm8y,bat_score=0 (matched),5,0
8my984,bat_score=0 (matched),8,0
7zmyf3,bat_score=0 (matched),3,0
7zc0lt,bat_score=0 (matched),3,0
8bohqy,bat_score=0 (matched),22,0
9h60wq,bat_score=0 (matched),15,0
aa01g7,bat_score=0 (matched),2,0
9h4tye,bat_score=0 (matched),8,0
a4wonw,bat_score=0 (matched),18,0
8d1gw9,bat_score=0 (matched),4,0
97ifo7,bat_score=0 (matched),5,0
9ncgwr,bat_score=0 (matched),2,0
8lldwt,bat_score=0 (matched),4,0
9poio1,bat_score=0 (matched),17,0
8lm69g,bat_score=0 (matched),4,0
8cob7n,bat_score=0 (matched),2,0
9epanz,bat_score=0 (matched),1,0
8kg2li,bat_score=0 (matched),36,0
8brphl,bat_score=0 (matched),1,0
95fnt5,bat_score=0 (matched),2,0
93q2ue,bat_score=0 (matched),3,0
88k9jg,bat_score=0 (matched),6,0
9c3y8r,bat_score=0 (matched),2,0
83t3tk,bat_score=0 (matched),2,0
9tbc1y,bat_score=0 (matched),27,0
7qoo5e,bat_score=0 (matched),3,0
8yhvcn,bat_score=0 (matched),4,0
8l0ily,bat_score=0 (matched),10,0
8wvlxk,bat_score=0 (matched),12,0
9424se,bat_score=0 (matched),4,0
bm8r98,bat_score=0 (matched),0,1
dumgw5,bat_score=0 (matched),0,1
buss97,bat_score=0 (matched),0,1
b107to,bat_score=0 (matched),3,0
aqbz59,bat_score=0 (matched),10,0
cflemc,bat_score=0 (matched),0,1
agow1t,bat_score=0 (matched),0,1
bx4qn9,bat_score=0 (matched),0,1
cugnc5,bat_score=0 (matched),0,1
dcrnjh,bat_score=0 (matched),0,1
aw2b7p,bat_score=0 (matched),3,0
adyobx,bat_score=0 (matched),4,0
apap2u,bat_score=0 (matched),10,0
bwa1uz,bat_score=0 (matched),0,1
dtyots,bat_score=0 (matched),0,1
bozgqv,bat_score=0 (matched),0,1
bbck0x,bat_score=0 (matched),0,1
bgwfju,bat_score=0 (matched),0,1
anebec,bat_score=0 (matched),4,0
bpd2oo,bat_score=0 (matched),0,1
czumhi,bat_score=0 (matched),0,1
avfi4m,bat_score=0 (matched),2,0
dpmfqp,bat_score=0 (matched),0,1
cnd1ah,bat_score=0 (matched),0,1
c2srbh,bat_score=0 (matched),0,1
ebi5hb,bat_score=0 (matched),0,1
aisog2,bat_score=0 (matched),5,0
bfmded,bat_score=0 (matched),0,1
ccard8,bat_score=0 (matched),0,1
ar55vp,bat_score=0 (matched),2,0
b6g6y6,bat_score=0 (matched),4,0
dbtr7k,bat_score=0 (matched),0,1
aqzb2h,bat_score=0 (matched),2,0
e6ijw4,bat_score=0 (matched),0,1
e9amfp,bat_score=0 (matched),0,1
bk8c19,bat_score=0 (matched),0,1
d61hor,bat_score=0 (matched),0,1
d38gvc,bat_score=0 (matched),0,1
bbl4ye,bat_score=0 (matched),0,1
bhtqld,bat_score=0 (matched),0,1
d51da1,bat_score=0 (matched),0,1
aoma0i,bat_score=0 (matched),3,0
bbvtv4,bat_score=0 (matched),0,1
eazi8p,bat_score=0 (matched),0,1
d87gwp,bat_score=0 (matched),0,1
e4gs87,bat_score=0 (matched),0,1
b9gjni,bat_score=0 (matched),0,1
bdveve,bat_score=0 (matched),0,1
aohfrf,bat_score=0 (matched),3,0
drzz8o,bat_score=0 (matched),0,1
bawecj,bat_score=0 (matched),0,1
dfnldg,bat_score=0 (matched),0,1
c3iy40,bat_score=0 (matched),0,1
al49zv,bat_score=0 (matched),3,0
c80gs2,bat_score=0 (matched),0,1
brr5c2,bat_score=0 (matched),0,1
cty7pl,bat_score=0 (matched),0,1
dcdwsq,bat_score=0 (matched),0,1
b3eeek,bat_score=0 (matched),5,0
axdv9j,bat_score=0 (matched),4,0
e14jwp,bat_score=0 (matched),0,1
aez611,bat_score=0 (matched),1,0
e566l5,bat_score=0 (matched),0,1
b6yglf,bat_score=0 (matched),5,0
e1r0u5,bat_score=0 (matched),0,1
d4yacq,bat_score=0 (matched),0,1
akydrl,bat_score=0 (matched),7,0
ckcizk,bat_score=0 (matched),0,1
bdx62p,bat_score=0 (matched),0,1
bg9yd7,bat_score=0 (matched),0,1
aw7lvh,bat_score=0 (matched),4,0
csm4f4,bat_score=0 (matched),0,1
deoxzj,bat_score=0 (matched),0,1
bjtg2s,bat_score=0 (matched),0,1
bq93g4,bat_score=0 (matched),0,1
aieej2,bat_score=0 (matched),6,0
c37naf,bat_score=0 (matched),0,1
bgfhg7,bat_score=0 (matched),0,1
bv1iu1,bat_score=0 (matched),0,1
czkruo,bat_score=0 (matched),0,1
bn1mmb,bat_score=0 (matched),0,1
cu99ah,bat_score=0 (matched),0,1
ebck9i,bat_score=0 (matched),0,1
bref9s,bat_score=0 (matched),0,1
d3lkmj,bat_score=0 (matched),0,1
dgfitr,bat_score=0 (matched),0,1
bfxh7y,bat_score=0 (matched),0,1
e9hdnb,bat_score=0 (matched),0,1
af5q3c,bat_score=0 (matched),5,0
akrcul,bat_score=0 (matched),5,0
deyvjl,bat_score=0 (matched),0,1
bcgq4s,bat_score=0 (matched),0,1
bjmjbv,bat_score=0 (matched),0,1
bflw1x,bat_score=0 (matched),0,1
ayegaf,bat_score=0 (matched),1,0
an638x,bat_score=0 (matched),10,0
adblh7,bat_score=0 (matched),17,0
d1rayn,bat_score=0 (matched),0,1
boylg7,bat_score=0 (matched),0,1
ahgsmq,bat_score=0 (matched),3,0
c647rl,bat_score=0 (matched),0,1
e9pw8s,bat_score=0 (matched),0,1
b2mvu3,bat_score=0 (matched),112,0
dvud4h,bat_score=0 (matched),0,1
beowa9,bat_score=0 (matched),0,1
au8fwx,bat_score=0 (matched),5,0
cuefep,bat_score=0 (matched),0,1
b8z06x,bat_score=0 (matched),0,1
dl6ukm,bat_score=0 (matched),0,1
auv9uc,bat_score=0 (matched),2,0
crso12,bat_score=0 (matched),0,1
bjp24s,bat_score=0 (matched),0,1
egrqij,bat_score=0 (matched),0,1
e1ghsv,bat_score=0 (matched),0,1
chqcks,bat_score=0 (matched),0,1
bu14ku,bat_score=0 (matched),0,1
d61v5z,bat_score=0 (matched),0,1
e9zfcw,bat_score=0 (matched),0,1
aintk1,bat_score=0 (matched),4,0
d3r3us,bat_score=0 (matched),0,1
csh8s6,bat_score=0 (matched),0,1
accdos,bat_score=0 (matched),1,0
c4s0ct,bat_score=0 (matched),0,1
b07wzk,bat_score=0 (matched),156,0
cvye1m,bat_score=0 (matched),0,1
d3owr0,bat_score=0 (matched),0,1
e9d96i,bat_score=0 (matched),0,1
cwj15g,bat_score=0 (matched),0,1
c4w313,bat_score=0 (matched),0,1
eiahfb,bat_score=0 (matched),0,1
dth4uh,bat_score=0 (matched),0,1
beorx6,bat_score=0 (matched),0,1
e71u9e,bat_score=0 (matched),0,1
asczdn,bat_score=0 (matched),20,0
e6itkl,bat_score=0 (matched),0,1
adhnht,bat_score=0 (matched),11,0
b0rauv,bat_score=0 (matched),16,0
az2633,bat_score=0 (matched),87,0
dt5fga,bat_score=0 (matched),0,1
aqv3mc,bat_score=0 (matched),7,0
c2rbcs,bat_score=0 (matched),0,1
brydkg,bat_score=0 (matched),0,1
ccbq04,bat_score=0 (matched),0,1
c2jv6h,bat_score=0 (matched),0,1
avc64p,bat_score=0 (matched),5,0
ebewnt,bat_score=0 (matched),0,1
bjlczs,bat_score=0 (matched),0,1
cgtonf,bat_score=0 (matched),0,1
bwt63z,bat_score=0 (matched),0,1
bzufkw,bat_score=0 (matched),0,1
bqxds6,bat_score=0 (matched),0,1
ds6mb6,bat_score=0 (matched),0,1
bzcywr,bat_score=0 (matched),0,1
bj9ndi,bat_score=0 (matched),0,1
bmb407,bat_score=0 (matched),0,1
cdi8xa,bat_score=0 (matched),0,1
e57rwb,bat_score=0 (matched),0,1
cu22sb,bat_score=0 (matched),0,1
brsuak,bat_score=0 (matched),0,1
bwoxxv,bat_score=0 (matched),0,1
bx6afl,bat_score=0 (matched),0,1
aqlvva,bat_score=0 (matched),2,0
c0nqi1,bat_score=0 (matched),0,1
dbkwjc,bat_score=0 (matched),0,1
b9xsqc,bat_score=0 (matched),0,1
cencwg,bat_score=0 (matched),0,1
bz4h3v,bat_score=0 (matched),0,1
apfz1o,bat_score=0 (matched),7,0
asbnty,bat_score=0 (matched),5,0
bdng0i,bat_score=0 (matched),0,1
afxutd,bat_score=0 (matched),1,0
dtfrpz,bat_score=0 (matched),0,1
eeodx6,bat_score=0 (matched),0,1
bpdfic,bat_score=0 (matched),0,1
dowwsf,bat_score=0 (matched),0,1
cw0qal,bat_score=0 (matched),0,1
bo0xn5,bat_score=0 (matched),0,1
bsa30o,bat_score=0 (matched),0,1
asrwtl,bat_score=0 (matched),3,0
bwuwiz,bat_score=0 (matched),0,1
d24ii1,bat_score=0 (matched),0,1
b8moyn,bat_score=0 (matched),18,0
b5t2n9,bat_score=0 (matched),4,0
b2yb56,bat_score=0 (matched),0,1
c27b4h,bat_score=0 (matched),0,1
c2h4ib,bat_score=0 (matched),0,1
cmrcxs,bat_score=0 (matched),0,1
cbk70b,bat_score=0 (matched),0,1
abu9nr,bat_score=0 (matched),26,0
aysp6b,bat_score=0 (matched),12,0
dgfmed,bat_score=0 (matched),0,1
d8u37n,bat_score=0 (matched),0,1
e5x375,bat_score=0 (matched),0,1
bgwomg,bat_score=0 (matched),0,1
cj874c,bat_score=0 (matched),0,1
axiynu,bat_score=0 (matched),0,1
am4uet,bat_score=0 (matched),3,0
axo0ji,bat_score=0 (matched),5,0
coonwp,bat_score=0 (matched),0,1
b9d0n6,bat_score=0 (matched),0,1
c2k5g8,bat_score=0 (matched),0,1
d301qi,bat_score=0 (matched),0,1
amuv7u,bat_score=0 (matched),2,0
cn2z6x,bat_score=0 (matched),0,1
cza411,bat_score=0 (matched),0,1
cqrvr4,bat_score=0 (matched),0,1
dgrawe,bat_score=0 (matched),0,1
cr1o1l,bat_score=0 (matched),0,1
cwkkv2,bat_score=0 (matched),0,1
afp1vo,bat_score=0 (matched),21,0
dci8pt,bat_score=0 (matched),0,1
dwdni2,bat_score=0 (matched),0,1
cjmjn8,bat_score=0 (matched),0,1
di93rp,bat_score=0 (matched),0,1
c9xxtf,bat_score=0 (matched),0,1
doc7pg,bat_score=0 (matched),0,1
cnoagh,bat_score=0 (matched),0,1
doyxa0,bat_score=0 (matched),0,1
clt22v,bat_score=0 (matched),0,1
dg5gil,bat_score=0 (matched),0,1
c1oybp,bat_score=0 (matched),0,1
awtvw0,bat_score=0 (matched),36,0
egqcxs,bat_score=0 (matched),0,1
dli0ng,bat_score=0 (matched),0,1
aycpdi,bat_score=0 (matched),2,0
aog5v5,bat_score=0 (matched),2,0
ckpdvu,bat_score=0 (matched),0,1
cpxjqx,bat_score=0 (matched),0,1
bjif9b,bat_score=0 (matched),0,1
ascyh9,bat_score=0 (matched),5,0
bgug15,bat_score=0 (matched),0,1
b32igc,bat_score=0 (matched),1,0
d03h68,bat_score=0 (matched),0,1
cqnga0,bat_score=0 (matched),0,1
dcings,bat_score=0 (matched),0,1
cpxn1o,bat_score=0 (matched),0,1
d7tcnb,bat_score=0 (matched),0,1
c6agsu,bat_score=0 (matched),0,1
e8v7ro,bat_score=0 (matched),0,1
bbln55,bat_score=0 (matched),0,1
ancpop,bat_score=0 (matched),1,0
dgiqdr,bat_score=0 (matched),0,1
d99fcp,bat_score=0 (matched),0,1
dp8hq7,bat_score=0 (matched),0,1
batq2y,bat_score=0 (matched),0,1
alrgfs,bat_score=0 (matched),2,0
cqt7kh,bat_score=0 (matched),0,1
dk7t98,bat_score=0 (matched),0,1
c8l40a,bat_score=0 (matched),0,1
bdbf4j,bat_score=0 (matched),0,1
dflhyb,bat_score=0 (matched),0,1
aum4vi,bat_score=0 (matched),3,0
avxz3p,bat_score=0 (matched),1,0
adw08q,bat_score=0 (matched),6,0
azu3lv,bat_score=0 (matched),4,0
buy78o,bat_score=0 (matched),0,1
dq3l78,bat_score=0 (matched),0,1
b968cs,bat_score=0 (matched),0,1
bubs99,bat_score=0 (matched),0,1
e04ej1,bat_score=0 (matched),0,1
b5vpln,bat_score=0 (matched),6,0
af1tb9,bat_score=0 (matched),5,0
afyiqt,bat_score=0 (matched),12,0
atiix4,bat_score=0 (matched),5,0
ce2c1d,bat_score=0 (matched),0,1
avmxcy,bat_score=0 (matched),1,0
d49tab,bat_score=0 (matched),0,1
bk113u,bat_score=0 (matched),0,1
c8auoh,bat_score=0 (matched),0,1
cszdo1,bat_score=0 (matched),0,1
agjmki,bat_score=0 (matched),19,0
cvwpnv,bat_score=0 (matched),0,1
d63fan,bat_score=0 (matched),0,1
aclj06,bat_score=0 (matched),13,0
d1xomr,bat_score=0 (matched),0,1
e89gvq,bat_score=0 (matched),0,1
aeyzsh,bat_score=0 (matched),2,0
cmpczr,bat_score=0 (matched),0,1
broi92,bat_score=0 (matched),0,1
egd9ms,bat_score=0 (matched),0,1
c3gw6i,bat_score=0 (matched),0,1
dvps87,bat_score=0 (matched),0,1
bchii8,bat_score=0 (matched),0,1
bdyhus,bat_score=0 (matched),0,1
c0kflz,bat_score=0 (matched),0,1
bhdlli,bat_score=0 (matched),0,1
drp9yn,bat_score=0 (matched),0,1
bzvrh8,bat_score=0 (matched),0,1
b8oshy,bat_score=0 (matched),1,0
d0bxsl,bat_score=0 (matched),0,1
as2h0b,bat_score=0 (matched),15,0
b13mvr,bat_score=0 (matched),2,0
apa8kg,bat_score=0 (matched),8,0
aqc7vn,bat_score=0 (matched),13,0
eftai5,bat_score=0 (matched),0,1
c86zr2,bat_score=0 (matched),0,1
bdibej,bat_score=0 (matched),0,1
b5rsxm,bat_score=0 (matched),1,0
cktnvs,bat_score=0 (matched),0,1
cl8em0,bat_score=0 (matched),0,1
d0hyro,bat_score=0 (matched),0,1
csqp26,bat_score=0 (matched),0,1
aem89l,bat_score=0 (matched),7,0
eczzla,bat_score=0 (matched),0,1
d652wg,bat_score=0 (matched),0,1
bb9bls,bat_score=0 (matched),0,1
e2hi7r,bat_score=0 (matched),0,1
cjcha9,bat_score=0 (matched),0,1
cuejcu,bat_score=0 (matched),0,1
cjkrvd,bat_score=0 (matched),0,1
dtifmd,bat_score=0 (matched),0,1
at1d6u,bat_score=0 (matched),69,0
bugqsg,bat_score=0 (matched),0,1
bbd96a,bat_score=0 (matched),0,1
acp8jh,bat_score=0 (matched),3,0
agsow6,bat_score=0 (matched),3,0
bs8wiv,bat_score=0 (matched),0,1
df6xrl,bat_score=0 (matched),0,1
bdv0b1,bat_score=0 (matched),0,1
bulcbe,bat_score=0 (matched),0,1
akv9ug,bat_score=0 (matched),7,0
az784f,bat_score=0 (matched),4,0
e3yeed,bat_score=0 (matched),0,1
co44mi,bat_score=0 (matched),0,1
bu5k3z,bat_score=0 (matched),0,1
brch4o,bat_score=0 (matched),0,1
c2tvvt,bat_score=0 (matched),0,1
aco0g6,bat_score=0 (matched),2,0
e5qp4m,bat_score=0 (matched),0,1
ar9bxq,bat_score=0 (matched),13,0
apf89f,bat_score=0 (matched),6,0
ee85se,bat_score=0 (matched),0,1
chwiqi,bat_score=0 (matched),0,1
cesdcz,bat_score=0 (matched),0,1
df6uby,bat_score=0 (matched),0,1
cwagdv,bat_score=0 (matched),0,1
bf2ywd,bat_score=0 (matched),0,1
b5cwmf,bat_score=0 (matched),3,0
bjqv72,bat_score=0 (matched),0,1
d0672e,bat_score=0 (matched),0,1
ckfjm9,bat_score=0 (matched),0,1
bzux3s,bat_score=0 (matched),0,1
dz8jjn,bat_score=0 (matched),0,1
cmqwg9,bat_score=0 (matched),0,1
d5c18x,bat_score=0 (matched),0,1
ckriym,bat_score=0 (matched),0,1
czck02,bat_score=0 (matched),0,1
b1ephd,bat_score=0 (matched),11,0
afdz4q,bat_score=0 (matched),3,0
bdsh0e,bat_score=0 (matched),0,1
d98tp5,bat_score=0 (matched),0,1
bihiuw,bat_score=0 (matched),0,1
cpd1cl,bat_score=0 (matched),0,1
ad2bba,bat_score=0 (matched),8,0
b35pif,bat_score=0 (matched),3,0
ci4ccs,bat_score=0 (matched),0,1
e6zozv,bat_score=0 (matched),0,1
ayjh4p,bat_score=0 (matched),5,0
asue7j,bat_score=0 (matched),4,0
av6vjq,bat_score=0 (matched),4,0
bz9ehx,bat_score=0 (matched),0,1
dcvew5,bat_score=0 (matched),0,1
arvj15,bat_score=0 (matched),2,0
d29p1e,bat_score=0 (matched),0,1
aqy9aj,bat_score=0 (matched),3,0
e1vjrt,bat_score=0 (matched),0,1
b64eii,bat_score=0 (matched),19,0
dppjg6,bat_score=0 (matched),0,1
bpdvxf,bat_score=0 (matched),0,1
ays82y,bat_score=0 (matched),1,0
ee8b0k,bat_score=0 (matched),0,1
bx2u4m,bat_score=0 (matched),0,1
akp00i,bat_score=0 (matched),11,0
bwt6ie,bat_score=0 (matched),0,1
d6cwsb,bat_score=0 (matched),0,1
b4zcd8,bat_score=0 (matched),5,0
e9qdil,bat_score=0 (matched),0,1
btsl9g,bat_score=0 (matched),0,1
duvbjg,bat_score=0 (matched),0,1
dc24zu,bat_score=0 (matched),0,1
bzi1iq,bat_score=0 (matched),0,1
dj6ju1,bat_score=0 (matched),0,1
bggd6t,bat_score=0 (matched),0,1
brx4ca,bat_score=0 (matched),0,1
c0wocd,bat_score=0 (matched),0,1
dep4pz,bat_score=0 (matched),0,1
anubpo,bat_score=0 (matched),4,0
c0ls04,bat_score=0 (matched),0,1
dcroq5,bat_score=0 (matched),0,1
bhgij8,bat_score=0 (matched),0,1
cpd052,bat_score=0 (matched),0,1
d3r8an,bat_score=0 (matched),0,1
bpj321,bat_score=0 (matched),0,1
auspew,bat_score=0 (matched),3,0
cej1z2,bat_score=0 (matched),0,1
cpm8ew,bat_score=0 (matched),0,1
d5jypx,bat_score=0 (matched),0,1
cztogr,bat_score=0 (matched),0,1
aj1wdh,bat_score=0 (matched),8,0
d1sn34,bat_score=0 (matched),0,1
aod9ft,bat_score=0 (matched),24,0
bxijlm,bat_score=0 (matched),0,1
be93hi,bat_score=0 (matched),0,1
bipnf0,bat_score=0 (matched),0,1
d6edg0,bat_score=0 (matched),0,1
dmxa6b,bat_score=0 (matched),0,1
dp2cep,bat_score=0 (matched),0,1
clbq5n,bat_score=0 (matched),0,1
ee5fkf,bat_score=0 (matched),0,1
alsxyl,bat_score=0 (matched),1,0
ehoer9,bat_score=0 (matched),0,1
dq52m9,bat_score=0 (matched),0,1
ds4f0a,bat_score=0 (matched),0,1
dkoj1n,bat_score=0 (matched),0,1
dq5mi4,bat_score=0 (matched),0,1
ct3ned,bat_score=0 (matched),0,1
csbla0,bat_score=0 (matched),0,1
b28rx1,bat_score=0 (matched),53,0
cnbi2i,bat_score=0 (matched),0,1
cmx91t,bat_score=0 (matched),0,1
ac69ry,bat_score=0 (matched),6,0
dozlv7,bat_score=0 (matched),0,1
cbjgcc,bat_score=0 (matched),0,1
dm4vhu,bat_score=0 (matched),0,1
c4r0ll,bat_score=0 (matched),0,1
agb8jq,bat_score=0 (matched),3,0
eaowij,bat_score=0 (matched),0,1
b8t22i,bat_score=0 (matched),0,1
ehmpzf,bat_score=0 (matched),0,1
cqecgm,bat_score=0 (matched),0,1
dsc9gg,bat_score=0 (matched),0,1
doutyc,bat_score=0 (matched),0,1
aswgnf,bat_score=0 (matched),15,0
cpc0lt,bat_score=0 (matched),0,1
bgw4rv,bat_score=0 (matched),0,1
cw4b8f,bat_score=0 (matched),0,1
c58du9,bat_score=0 (matched),0,1
c29ksd,bat_score=0 (matched),0,1
dwyzun,bat_score=0 (matched),0,1
b87bwe,bat_score=0 (matched),59,0
bm8a7d,bat_score=0 (matched),0,1
dyytpg,bat_score=0 (matched),0,1
ae6za2,bat_score=0 (matched),3,0
edfyh2,bat_score=0 (matched),0,1
c89h90,bat_score=0 (matched),0,1
blqsgl,bat_score=0 (matched),0,1
droe4u,bat_score=0 (matched),0,1
bo15rn,bat_score=0 (matched),0,1
dps4tp,bat_score=0 (matched),0,1
dmrwut,bat_score=0 (matched),0,1
cu23oz,bat_score=0 (matched),0,1
d2pt2f,bat_score=0 (matched),0,1
aljiu0,bat_score=0 (matched),6,0
bxe36v,bat_score=0 (matched),0,1
dvec2a,bat_score=0 (matched),0,1
csmr3w,bat_score=0 (matched),0,1
c65oin,bat_score=0 (matched),0,1
btq33s,bat_score=0 (matched),0,1
aifhnm,bat_score=0 (matched),8,0
bhlct7,bat_score=0 (matched),0,1
bl2lfo,bat_score=0 (matched),0,1
bbboe0,bat_score=0 (matched),0,1
biwee5,bat_score=0 (matched),0,1
aji3k7,bat_score=0 (matched),4,0
d3cb4d,bat_score=0 (matched),0,1
bb8ses,bat_score=0 (matched),0,1
ag9ogx,bat_score=0 (matched),2,0
ea8bgl,bat_score=0 (matched),0,1
bid6c6,bat_score=0 (matched),0,1
ccax9e,bat_score=0 (matched),0,1
drjm69,bat_score=0 (matched),0,1
aqtfud,bat_score=0 (matched),2,0
bw8hs3,bat_score=0 (matched),0,1
ckpf2x,bat_score=0 (matched),0,1
abtmrn,bat_score=0 (matched),9,0
e2ka1s,bat_score=0 (matched),0,1
e9lxpu,bat_score=0 (matched),0,1
bc1ial,bat_score=0 (matched),0,1
e5xnye,bat_score=0 (matched),0,1
bzgyk9,bat_score=0 (matched),0,1
cgbz35,bat_score=0 (matched),0,1
b0atd9,bat_score=0 (matched),1,0
bslfbp,bat_score=0 (matched),0,1
d8yxk5,bat_score=0 (matched),0,1
ai8ov4,bat_score=0 (matched),8,0
cben76,bat_score=0 (matched),0,1
ajhzke,bat_score=0 (matched),18,0
coiydh,bat_score=0 (matched),0,1
br7k1d,bat_score=0 (matched),0,1
ar0eep,bat_score=0 (matched),2,0
bxgdkq,bat_score=0 (matched),0,1
dfaza3,bat_score=0 (matched),0,1
bxn2wr,bat_score=0 (matched),0,1
cne05y,bat_score=0 (matched),0,1
cqzjvf,bat_score=0 (matched),0,1
bemtr5,bat_score=0 (matched),0,1
aok3ng,bat_score=0 (matched),0,1
aw93v6,bat_score=0 (matched),0,1
efxgnz,bat_score=0 (matched),0,1
d3aeqy,bat_score=0 (matched),0,1
dyi2br,bat_score=0 (matched),0,1
cf6sg8,bat_score=0 (matched),0,1
cm09sk,bat_score=0 (matched),0,1
bg84cd,bat_score=0 (matched),0,1
bapi5w,bat_score=0 (matched),0,1
e05bt2,bat_score=0 (matched),0,1
an2204,bat_score=0 (matched),1,0
alf91t,bat_score=0 (matched),3,0
d8rh42,bat_score=0 (matched),0,1
ayudwd,bat_score=0 (matched),18,0
bmzoos,bat_score=0 (matched),0,1
aj0fzb,bat_score=0 (matched),5,0
ans2m9,bat_score=0 (matched),2,0
ady7ll,bat_score=0 (matched),10,0
bulknq,bat_score=0 (matched),0,1
ap78w6,bat_score=0 (matched),6,0
b7d2rh,bat_score=0 (matched),1,0
bqx22d,bat_score=0 (matched),0,1
c0c4cq,bat_score=0 (matched),0,1
cfdyyb,bat_score=0 (matched),0,1
b6kkjg,bat_score=0 (matched),6,0
bdxxfa,bat_score=0 (matched),0,1
cwpc2d,bat_score=0 (matched),0,1
dzz61l,bat_score=0 (matched),0,1
bb33l9,bat_score=0 (matched),0,1
e518p1,bat_score=0 (matched),0,1
e6jw17,bat_score=0 (matched),0,1
by347z,bat_score=0 (matched),0,1
bq5fis,bat_score=0 (matched),0,1
c96naz,bat_score=0 (matched),0,1
ehnwvd,bat_score=0 (matched),0,1
apl8t9,bat_score=0 (matched),5,0
bbtnzy,bat_score=0 (matched),0,1
bd9gk6,bat_score=0 (matched),0,1
buf6vw,bat_score=0 (matched),0,1
cej2s8,bat_score=0 (matched),0,1
df6f44,bat_score=0 (matched),0,1
b9yovn,bat_score=0 (matched),0,1
abx24r,bat_score=0 (matched),1,0
cjw9ae,bat_score=0 (matched),0,1
agzdbz,bat_score=0 (matched),24,0
dal19i,bat_score=0 (matched),0,1
cc0gd3,bat_score=0 (matched),0,1
c1ptoz,bat_score=0 (matched),0,1
cn5jzh,bat_score=0 (matched),0,1
bhmhqr,bat_score=0 (matched),0,1
c6sv08,bat_score=0 (matched),0,1
ac6fj7,bat_score=0 (matched),9,0
agg4dp,bat_score=0 (matched),22,0
cn4vnj,bat_score=0 (matched),0,1
e2qyj9,bat_score=0 (matched),0,1
b59p6v,bat_score=0 (matched),27,0
dvezwk,bat_score=0 (matched),0,1
biqt69,bat_score=0 (matched),0,1
akm5ao,bat_score=0 (matched),3,0
aorw17,bat_score=0 (matched),24,0
dg0b5e,bat_score=0 (matched),0,1
cdh09m,bat_score=0 (matched),0,1
b3i3hi,bat_score=0 (matched),2,0
czccrw,bat_score=0 (matched),0,1
b2b8yi,bat_score=0 (matched),4,0
d61ruo,bat_score=0 (matched),0,1
cfjcmb,bat_score=0 (matched),0,1
cjsioc,bat_score=0 (matched),0,1
cqnmnj,bat_score=0 (matched),0,1
claxwj,bat_score=0 (matched),0,1
doiufi,bat_score=0 (matched),0,1
cakza9,bat_score=0 (matched),0,1
b486uj,bat_score=0 (matched),1,0
dlvkkm,bat_score=0 (matched),0,1
cz668n,bat_score=0 (matched),0,1
e3dacx,bat_score=0 (matched),0,1
att2gv,bat_score=0 (matched),11,0
b6bah4,bat_score=0 (matched),10,0
bo1dhg,bat_score=0 (matched),0,1
aj1vgz,bat_score=0 (matched),10,0
b0pbxv,bat_score=0 (matched),2,0
cajskj,bat_score=0 (matched),0,1
c8buxj,bat_score=0 (matched),0,1
e5mail,bat_score=0 (matched),0,1
anc28k,bat_score=0 (matched),2,0
b9u19d,bat_score=0 (matched),0,1
cbvbdc,bat_score=0 (matched),0,1
bitmyd,bat_score=0 (matched),0,1
apwllv,bat_score=0 (matched),5,0
axi3zv,bat_score=0 (matched),4,0
bm5kc5,bat_score=0 (matched),0,1
arza7p,bat_score=0 (matched),2,0
dylh75,bat_score=0 (matched),0,1
dqlx21,bat_score=0 (matched),0,1
bm5aqx,bat_score=0 (matched),0,1
c6kuen,bat_score=0 (matched),0,1
dcdy0s,bat_score=0 (matched),0,1
bs460e,bat_score=0 (matched),0,1
amowxt,bat_score=0 (matched),5,0
d5wcno,bat_score=0 (matched),0,1
aztwob,bat_score=0 (matched),14,0
bveywv,bat_score=0 (matched),0,1
cj4knp,bat_score=0 (matched),0,1
c4me37,bat_score=0 (matched),0,1
diuahr,bat_score=0 (matched),0,1
ctw0j4,bat_score=0 (matched),0,1
bvmklq,bat_score=0 (matched),0,1
d9ljom,bat_score=0 (matched),0,1
cqs3do,bat_score=0 (matched),0,1
dqnpwr,bat_score=0 (matched),0,1
avqhcx,bat_score=0 (matched),8,0
brey5m,bat_score=0 (matched),0,1
ag08l8,bat_score=0 (matched),18,0
bz371m,bat_score=0 (matched),0,1
ci2o92,bat_score=0 (matched),0,1
ahcr4b,bat_score=0 (matched),13,0
b3fymt,bat_score=0 (matched),5,0
bbdcry,bat_score=0 (matched),0,1
b699ti,bat_score=0 (matched),5,0
ebehhm,bat_score=0 (matched),0,1
dy9i6a,bat_score=0 (matched),0,1
b15d06,bat_score=0 (matched),6,0
b6p2lg,bat_score=0 (matched),9,0
bboadk,bat_score=0 (matched),0,1
d1v0k2,bat_score=0 (matched),0,1
bpwp5g,bat_score=0 (matched),0,1
e2hat3,bat_score=0 (matched),0,1
ar5etq,bat_score=0 (matched),11,0
bxwqsc,bat_score=0 (matched),0,1
cos623,bat_score=0 (matched),0,1
amc4az,bat_score=0 (matched),7,0
aqp0et,bat_score=0 (matched),7,0
bpb8fv,bat_score=0 (matched),0,1
ar9o57,bat_score=0 (matched),0,1
dv2j1h,bat_score=0 (matched),0,1
c38x8t,bat_score=0 (matched),0,1
b93t64,bat_score=0 (matched),0,1
e18c2o,bat_score=0 (matched),0,1
benlhb,bat_score=0 (matched),0,1
brocyy,bat_score=0 (matched),0,1
bpsasz,bat_score=0 (matched),0,1
c1c0dm,bat_score=0 (matched),0,1
actd8h,bat_score=0 (matched),5,0
c89y8b,bat_score=0 (matched),0,1
bzxlig,bat_score=0 (matched),0,1
eacwhn,bat_score=0 (matched),0,1
dslm09,bat_score=0 (matched),0,1
avuytd,bat_score=0 (matched),1,0
aw2hc1,bat_score=0 (matched),1,0
eekt4x,bat_score=0 (matched),0,1
b0ac2l,bat_score=0 (matched),1,0
adyo95,bat_score=0 (matched),16,0
b615ti,bat_score=0 (matched),6,0
dt4u00,bat_score=0 (matched),0,1
e22h0l,bat_score=0 (matched),0,1
awfmwo,bat_score=0 (matched),1,0
cznr3r,bat_score=0 (matched),0,1
ddgnp7,bat_score=0 (matched),0,1
agmssl,bat_score=0 (matched),3,0
cqirvh,bat_score=0 (matched),0,1
d9nljn,bat_score=0 (matched),0,1
e8su7g,bat_score=0 (matched),0,1
axfytn,bat_score=0 (matched),5,0
ah2lju,bat_score=0 (matched),0,1
c9a005,bat_score=0 (matched),0,1
abydzn,bat_score=0 (matched),16,0
d8cf7y,bat_score=0 (matched),0,1
d1tzku,bat_score=0 (matched),0,1
cn5u46,bat_score=0 (matched),0,1
c9f5m7,bat_score=0 (matched),0,1
aq03ni,bat_score=0 (matched),9,0
dqa2lc,bat_score=0 (matched),0,1
dfkffh,bat_score=0 (matched),0,1
dglwpv,bat_score=0 (matched),0,1
dgf8u4,bat_score=0 (matched),0,1
dcusgw,bat_score=0 (matched),0,1
ce4yop,bat_score=0 (matched),0,1
bblyc5,bat_score=0 (matched),0,1
e1uez7,bat_score=0 (matched),0,1
dut1bg,bat_score=0 (matched),0,1
aexjnr,bat_score=0 (matched),0,1
ayr82r,bat_score=0 (matched),0,1
ckdfl4,bat_score=0 (matched),0,1
asm5mb,bat_score=0 (matched),6,0
d9z5wk,bat_score=0 (matched),0,1
cs8gpb,bat_score=0 (matched),0,1
av3fzy,bat_score=0 (matched),2,0
da2szl,bat_score=0 (matched),0,1
dg2z6d,bat_score=0 (matched),0,1
bb94ec,bat_score=0 (matched),0,1
ayfak0,bat_score=0 (matched),1,0
c25znv,bat_score=0 (matched),0,1
b55l5m,bat_score=0 (matched),8,0
bwqc7x,bat_score=0 (matched),0,1
cid0uh,bat_score=0 (matched),0,1
bl2iu0,bat_score=0 (matched),0,1
dirtrn,bat_score=0 (matched),0,1
dco2ng,bat_score=0 (matched),0,1
b2jm3y,bat_score=0 (matched),16,0
b10sur,bat_score=0 (matched),83,0
ds7wny,bat_score=0 (matched),0,1
b8jrh5,bat_score=0 (matched),0,1
cao3yo,bat_score=0 (matched),0,1
dfz9kw,bat_score=0 (matched),0,1
awrgtp,bat_score=0 (matched),4,0
ajqrdj,bat_score=0 (matched),9,0
an1xph,bat_score=0 (matched),10,0
d6eoz2,bat_score=0 (matched),0,1
difwo8,bat_score=0 (matched),0,1
adqicv,bat_score=0 (matched),0,1
aq4iau,bat_score=0 (matched),4,0
c525ot,bat_score=0 (matched),0,1
ei4vip,bat_score=0 (matched),0,1
b3jszb,bat_score=0 (matched),6,0
c0hkqa,bat_score=0 (matched),0,1
coqusl,bat_score=0 (matched),0,1
ec23tp,bat_score=0 (matched),0,1
azvkoj,bat_score=0 (matched),1,0
ckel0b,bat_score=0 (matched),0,1
dcwfta,bat_score=0 (matched),0,1
ag8xc8,bat_score=0 (matched),4,0
bs412q,bat_score=0 (matched),0,1
ar15cl,bat_score=0 (matched),7,0
ajt140,bat_score=0 (matched),6,0
cjrp3u,bat_score=0 (matched),0,1
am9le2,bat_score=0 (matched),2,0
dcigct,bat_score=0 (matched),0,1
dolkn4,bat_score=0 (matched),0,1
b2yy3t,bat_score=0 (matched),0,1
d94uu3,bat_score=0 (matched),0,1
aqskew,bat_score=0 (matched),1,0
axscsn,bat_score=0 (matched),30,0
dzr36x,bat_score=0 (matched),0,1
dc9ltz,bat_score=0 (matched),0,1
dwrefd,bat_score=0 (matched),0,1
eew0fj,bat_score=0 (matched),0,1
c1txm1,bat_score=0 (matched),0,1
aoh50p,bat_score=0 (matched),3,0
cgg2i7,bat_score=0 (matched),0,1
cg22cw,bat_score=0 (matched),0,1
cqs47r,bat_score=0 (matched),0,1
c0p5lm,bat_score=0 (matched),0,1
cty6dj,bat_score=0 (matched),0,1
biipxy,bat_score=0 (matched),0,1
d0pc6s,bat_score=0 (matched),0,1
e5h073,bat_score=0 (matched),0,1
bfclw9,bat_score=0 (matched),0,1
at83ej,bat_score=0 (matched),4,0
cuh0bc,bat_score=0 (matched),0,1
bq6szl,bat_score=0 (matched),0,1
d8vc2r,bat_score=0 (matched),0,1
ael6wk,bat_score=0 (matched),1,0
dck98h,bat_score=0 (matched),0,1
e9nuzb,bat_score=0 (matched),0,1
cxmkc4,bat_score=0 (matched),0,1
aut84d,bat_score=0 (matched),1,0
d5hplm,bat_score=0 (matched),0,1
adxzxo,bat_score=0 (matched),14,0
aw6c6b,bat_score=0 (matched),4,0
boyg49,bat_score=0 (matched),0,1
aia3m3,bat_score=0 (matched),9,0
axmcs7,bat_score=0 (matched),5,0
csgj89,bat_score=0 (matched),0,1
dporil,bat_score=0 (matched),0,1
ea08fj,bat_score=0 (matched),0,1
dn6wbu,bat_score=0 (matched),0,1
cy1fau,bat_score=0 (matched),0,1
ebjd37,bat_score=0 (matched),0,1
baxv3t,bat_score=0 (matched),0,1
dtlmjb,bat_score=0 (matched),0,1
b91e7r,bat_score=0 (matched),0,1
d9aqxj,bat_score=0 (matched),0,1
dgiw0q,bat_score=0 (matched),0,1
cms4k0,bat_score=0 (matched),0,1
anuvya,bat_score=0 (matched),7,0
dkpsc6,bat_score=0 (matched),0,1
e8svn9,bat_score=0 (matched),0,1
cqnwtu,bat_score=0 (matched),0,1
ccx53c,bat_score=0 (matched),0,1
ce1v8o,bat_score=0 (matched),0,1
avee35,bat_score=0 (matched),3,0
ajv4nl,bat_score=0 (matched),12,0
atm4x9,bat_score=0 (matched),7,0
dbhd40,bat_score=0 (matched),0,1
afpagv,bat_score=0 (matched),11,0
e75dnu,bat_score=0 (matched),0,1
axc1bn,bat_score=0 (matched),7,0
aeq1k5,bat_score=0 (matched),4,0
aw6ije,bat_score=0 (matched),5,0
bgbz42,bat_score=0 (matched),0,1
bwrvzn,bat_score=0 (matched),0,1
ckdw7y,bat_score=0 (matched),0,1
ccglr1,bat_score=0 (matched),0,1
blaxhq,bat_score=0 (matched),0,1
d35yrn,bat_score=0 (matched),0,1
asd7mu,bat_score=0 (matched),4,0
aqk0k1,bat_score=0 (matched),9,0
dojhcp,bat_score=0 (matched),0,1
d959lh,bat_score=0 (matched),0,1
e8dvu7,bat_score=0 (matched),0,1
clifb4,bat_score=0 (matched),0,1
b6loyq,bat_score=0 (matched),28,0
aj3xrs,bat_score=0 (matched),3,0
aydsfu,bat_score=0 (matched),5,0
b2008x,bat_score=0 (matched),6,0
dw4ec7,bat_score=0 (matched),0,1
ehldl1,bat_score=0 (matched),0,1
arx3c6,bat_score=0 (matched),5,0
d2kdjk,bat_score=0 (matched),0,1
aop3c0,bat_score=0 (matched),5,0
bmmbp4,bat_score=0 (matched),0,1
e5wafp,bat_score=0 (matched),0,1
bpc26f,bat_score=0 (matched),0,1
b03k74,bat_score=0 (matched),4,0
eeitvn,bat_score=0 (matched),0,1
dlzwl4,bat_score=0 (matched),0,1
agbm15,bat_score=0 (matched),21,0
dmiwtq,bat_score=0 (matched),0,1
axjk3y,bat_score=0 (matched),3,0
bum0ra,bat_score=0 (matched),0,1
dwd6as,bat_score=0 (matched),0,1
b2zedo,bat_score=0 (matched),4,0
bpmpk4,bat_score=0 (matched),0,1
c8qc2q,bat_score=0 (matched),0,1
b6xfr6,bat_score=0 (matched),3,0
ao5wno,bat_score=0 (matched),1,0
egfwin,bat_score=0 (matched),0,1
b66owz,bat_score=0 (matched),2,0
buwvsj,bat_score=0 (matched),0,1
br4f3o,bat_score=0 (matched),0,1
alcg9p,bat_score=0 (matched),1,0
an3usn,bat_score=0 (matched),5,0
d2xe7x,bat_score=0 (matched),0,1
cgif8n,bat_score=0 (matched),0,1
b62dzp,bat_score=0 (matched),12,0
ao5i7c,bat_score=0 (matched),2,0
ae83j3,bat_score=0 (matched),5,0
b4py7q,bat_score=0 (matched),4,0
c2jse4,bat_score=0 (matched),0,1
cex9mr,bat_score=0 (matched),0,1
anegj6,bat_score=0 (matched),6,0
c8rmom,bat_score=0 (matched),0,1
dobu1m,bat_score=0 (matched),0,1
awrkeh,bat_score=0 (matched),7,0
d1j7ue,bat_score=0 (matched),0,1
akvy8d,bat_score=0 (matched),3,0
bhuk4l,bat_score=0 (matched),0,1
alpo2g,bat_score=0 (matched),4,0
aup9re,bat_score=0 (matched),14,0
b5z2z5,bat_score=0 (matched),4,0
bqf7oq,bat_score=0 (matched),0,1
dzjmef,bat_score=0 (matched),0,1
e3hmg8,bat_score=0 (matched),0,1
b72e4q,bat_score=0 (matched),0,1
bmz06k,bat_score=0 (matched),0,1
dmdfis,bat_score=0 (matched),0,1
aohfri,bat_score=0 (matched),12,0
cknmw2,bat_score=0 (matched),0,1
d37iae,bat_score=0 (matched),0,1
c8rq5c,bat_score=0 (matched),0,1
aoxxv7,bat_score=0 (matched),8,0
b766n7,bat_score=0 (matched),19,0
d6j8kq,bat_score=0 (matched),0,1
ay0ozo,bat_score=0 (matched),1,0
d9ylwq,bat_score=0 (matched),0,1
anubvi,bat_score=0 (matched),3,0
dp9dxn,bat_score=0 (matched),0,1
c88uhg,bat_score=0 (matched),0,1
bjjczv,bat_score=0 (matched),0,1
doag4j,bat_score=0 (matched),0,1
cvyuyy,bat_score=0 (matched),0,1
b6ar9i,bat_score=0 (matched),22,0
cdfdg7,bat_score=0 (matched),0,1
dtauxq,bat_score=0 (matched),0,1
cbvrew,bat_score=0 (matched),0,1
cankkp,bat_score=0 (matched),0,1
e62ohk,bat_score=0 (matched),0,1
dqbmao,bat_score=0 (matched),0,1
e8vn3d,bat_score=0 (matched),0,1
bz5jfl,bat_score=0 (matched),0,1
b4eo16,bat_score=0 (matched),12,0
as9m4c,bat_score=0 (matched),6,0
cpu1yj,bat_score=0 (matched),0,1
cvpl3a,bat_score=0 (matched),0,1
avg56g,bat_score=0 (matched),1,0
baxst0,bat_score=0 (matched),0,1
dl2sao,bat_score=0 (matched),0,1
al3kw2,bat_score=0 (matched),6,0
byzhgk,bat_score=0 (matched),0,1
cp5bqe,bat_score=0 (matched),0,1
ae7fvf,bat_score=0 (matched),4,0
bj7v7m,bat_score=0 (matched),0,1
bjq0ry,bat_score=0 (matched),0,1
dq8w0r,bat_score=0 (matched),0,1
dym1ib,bat_score=0 (matched),0,1
bprsb4,bat_score=0 (matched),0,1
cb2fok,bat_score=0 (matched),0,1
dvaa0u,bat_score=0 (matched),0,1
ah08tl,bat_score=0 (matched),1,0
b6utk4,bat_score=0 (matched),2,0
asrxwn,bat_score=0 (matched),1,0
ckrb92,bat_score=0 (matched),0,1
bav7l0,bat_score=0 (matched),0,1
dq5t48,bat_score=0 (matched),0,1
cznlb6,bat_score=0 (matched),0,1
d90k6f,bat_score=0 (matched),0,1
doqyog,bat_score=0 (matched),0,1
d9ydql,bat_score=0 (matched),0,1
cx3wu8,bat_score=0 (matched),0,1
bbhkcl,bat_score=0 (matched),0,1
co0nrg,bat_score=0 (matched),0,1
bvg5gn,bat_score=0 (matched),0,1
cmhu54,bat_score=0 (matched),0,1
c6mf6n,bat_score=0 (matched),0,1
dgeyxt,bat_score=0 (matched),0,1
ald8dh,bat_score=0 (matched),5,0
ak1lyv,bat_score=0 (matched),1,0
aptzya,bat_score=0 (matched),14,0
cuue0z,bat_score=0 (matched),0,1
dbycr6,bat_score=0 (matched),0,1
bgeulz,bat_score=0 (matched),0,1
bcb01c,bat_score=0 (matched),0,1
ah9st5,bat_score=0 (matched),33,0
dlm9j9,bat_score=0 (matched),0,1
b9f8pa,bat_score=0 (matched),0,1
e1g5l2,bat_score=0 (matched),0,1
e7gss5,bat_score=0 (matched),0,1
d1n5tb,bat_score=0 (matched),0,1
aldorg,bat_score=0 (matched),1,0
adrzb0,bat_score=0 (matched),2,0
bek90m,bat_score=0 (matched),0,1
bbxm30,bat_score=0 (matched),0,1
cbk9fr,bat_score=0 (matched),0,1
c1ks81,bat_score=0 (matched),0,1
donvxe,bat_score=0 (matched),0,1
i8e7g5,bat_score=0 (matched),0,1
epjyf0,bat_score=0 (matched),0,1
h7k42s,bat_score=0 (matched),0,1
ezie0l,bat_score=0 (matched),0,1
gm2sfv,bat_score=0 (matched),0,1
k9rrjc,bat_score=0 (matched),0,1
erdche,bat_score=0 (matched),0,1
jndxih,bat_score=0 (matched),0,1
jfpz0n,bat_score=0 (matched),0,1
gjr1v7,bat_score=0 (matched),0,1
gggqno,bat_score=0 (matched),0,1
iibohp,bat_score=0 (matched),0,1
g625n6,bat_score=0 (matched),0,1
hnjsqc,bat_score=0 (matched),0,1
im36w4,bat_score=0 (matched),0,1
hrfw9h,bat_score=0 (matched),0,1
f4x89y,bat_score=0 (matched),0,1
fp53qu,bat_score=0 (matched),0,1
g3k5ja,bat_score=0 (matched),0,1
fi0r4x,bat_score=0 (matched),0,1
j2us4b,bat_score=0 (matched),0,1
hfhhb0,bat_score=0 (matched),0,1
g7anrp,bat_score=0 (matched),0,1
jnvxee,bat_score=0 (matched),0,1
je2n61,bat_score=0 (matched),0,1
eud759,bat_score=0 (matched),0,1
hkea1g,bat_score=0 (matched),0,1
jwgd24,bat_score=0 (matched),0,1
fdh9hh,bat_score=0 (matched),0,1
g9hfjz,bat_score=0 (matched),0,1
fahcn5,bat_score=0 (matched),0,1
jg033w,bat_score=0 (matched),0,1
fkabj6,bat_score=0 (matched),0,1
f9vobj,bat_score=0 (matched),0,1
fumr37,bat_score=0 (matched),0,1
jr3qrr,bat_score=0 (matched),0,1
gmy1af,bat_score=0 (matched),0,1
hc5k1q,bat_score=0 (matched),0,1
gb1rqh,bat_score=0 (matched),0,1
f3ym9f,bat_score=0 (matched),0,1
fh4l1c,bat_score=0 (matched),0,1
j2anhq,bat_score=0 (matched),0,1
jq1p3x,bat_score=0 (matched),0,1
jsbdu8,bat_score=0 (matched),0,1
jnhx5w,bat_score=0 (matched),0,1
hrvnje,bat_score=0 (matched),0,1
jxzwvm,bat_score=0 (matched),0,1
gd3s3l,bat_score=0 (matched),0,1
ix1x4k,bat_score=0 (matched),0,1
frsqam,bat_score=0 (matched),0,1
feqt0b,bat_score=0 (matched),0,1
f3r3si,bat_score=0 (matched),0,1
hes3t6,bat_score=0 (matched),0,1
gfa8pm,bat_score=0 (matched),0,1
j0kvpz,bat_score=0 (matched),0,1
flnxhq,bat_score=0 (matched),0,1
i54n66,bat_score=0 (matched),0,1
ep2e8f,bat_score=0 (matched),0,1
g5eb3j,bat_score=0 (matched),0,1
et3aut,bat_score=0 (matched),0,1
ke4vir,bat_score=0 (matched),0,1
j2bnvr,bat_score=0 (matched),0,1
ggiau9,bat_score=0 (matched),0,1
j4exs9,bat_score=0 (matched),0,1
fzvtup,bat_score=0 (matched),0,1
jex73z,bat_score=0 (matched),0,1
kcylqv,bat_score=0 (matched),0,1
jcsj7t,bat_score=0 (matched),0,1
f9bhxx,bat_score=0 (matched),0,1
hvxijo,bat_score=0 (matched),0,1
gk9m27,bat_score=0 (matched),0,1
fw75jv,bat_score=0 (matched),0,1
kd96pd,bat_score=0 (matched),0,1
k6mhq3,bat_score=0 (matched),0,1
fpgex2,bat_score=0 (matched),0,1
kfxklj,bat_score=0 (matched),0,1
fmtsg5,bat_score=0 (matched),0,1
fz6r4c,bat_score=0 (matched),0,1
go185v,bat_score=0 (matched),0,1
f3lwcb,bat_score=0 (matched),0,1
ezwhqu,bat_score=0 (matched),0,1
f0em38,bat_score=0 (matched),0,1
hf1s67,bat_score=0 (matched),0,1
fhhjf7,bat_score=0 (matched),0,1
jieyl7,bat_score=0 (matched),0,1
hnknf6,bat_score=0 (matched),0,1
jt3zn2,bat_score=0 (matched),0,1
hbyfc6,bat_score=0 (matched),0,1
i136xn,bat_score=0 (matched),0,1
etoyb4,bat_score=0 (matched),0,1
el1j80,bat_score=0 (matched),0,1
i5jzro,bat_score=0 (matched),0,1
gmrvpj,bat_score=0 (matched),0,1
g1d3fa,bat_score=0 (matched),0,1
jfh0xc,bat_score=0 (matched),0,1
hlly2a,bat_score=0 (matched),0,1
i49brp,bat_score=0 (matched),0,1
k7bzop,bat_score=0 (matched),0,1
hrvc7q,bat_score=0 (matched),0,1
f6fe80,bat_score=0 (matched),0,1
fs2l88,bat_score=0 (matched),0,1
ig88t0,bat_score=0 (matched),0,1
hmt604,bat_score=0 (matched),0,1
gcjn7w,bat_score=0 (matched),0,1
gicdj8,bat_score=0 (matched),0,1
hin09q,bat_score=0 (matched),0,1
j7abns,bat_score=0 (matched),0,1
jcgqq0,bat_score=0 (matched),0,1
i6uump,bat_score=0 (matched),0,1
f9z36u,bat_score=0 (matched),0,1
g17a5l,bat_score=0 (matched),0,1
etiyqd,bat_score=0 (matched),0,1
ka6m7w,bat_score=0 (matched),0,1
eml8l2,bat_score=0 (matched),0,1
i4i713,bat_score=0 (matched),0,1
je31iq,bat_score=0 (matched),0,1
kg7yof,bat_score=0 (matched),0,1
itpjaz,bat_score=0 (matched),0,1
eizfir,bat_score=0 (matched),0,1
hg5dco,bat_score=0 (matched),0,1
i8oxub,bat_score=0 (matched),0,1
gfdtjy,bat_score=0 (matched),0,1
jwssfy,bat_score=0 (matched),0,1
jybbzi,bat_score=0 (matched),0,1
h06mwv,bat_score=0 (matched),0,1
hj0ilm,bat_score=0 (matched),0,1
ga5olr,bat_score=0 (matched),0,1
i8lh0x,bat_score=0 (matched),0,1
i023va,bat_score=0 (matched),0,1
k1htx9,bat_score=0 (matched),0,1
fvfdp2,bat_score=0 (matched),0,1
g6jnga,bat_score=0 (matched),0,1
jmsns4,bat_score=0 (matched),0,1
ic6jtq,bat_score=0 (matched),0,1
eorf18,bat_score=0 (matched),0,1
fp2ve9,bat_score=0 (matched),0,1
fk97bx,bat_score=0 (matched),0,1
f6iuk8,bat_score=0 (matched),0,1
ft7viv,bat_score=0 (matched),0,1
iyuyqy,bat_score=0 (matched),0,1
geube1,bat_score=0 (matched),0,1
guxoz9,bat_score=0 (matched),0,1
ek5uep,bat_score=0 (matched),0,1
i4lmc2,bat_score=0 (matched),0,1
fd1q39,bat_score=0 (matched),0,1
epppdc,bat_score=0 (matched),0,1
fsf4gf,bat_score=0 (matched),0,1
f8fnfc,bat_score=0 (matched),0,1
hzhahq,bat_score=0 (matched),0,1
eut46o,bat_score=0 (matched),0,1
ho1wqh,bat_score=0 (matched),0,1
gzpip0,bat_score=0 (matched),0,1
fnplhu,bat_score=0 (matched),0,1
frpue3,bat_score=0 (matched),0,1
ffasv1,bat_score=0 (matched),0,1
ek3mtd,bat_score=0 (matched),0,1
j9n6og,bat_score=0 (matched),0,1
fdb32c,bat_score=0 (matched),0,1
eztdlj,bat_score=0 (matched),0,1
kghpx9,bat_score=0 (matched),0,1
j1h7fg,bat_score=0 (matched),0,1
gabhfd,bat_score=0 (matched),0,1
j7cwrs,bat_score=0 (matched),0,1
geop7b,bat_score=0 (matched),0,1
eta0e4,bat_score=0 (matched),0,1
fsg1re,bat_score=0 (matched),0,1
fkj1nm,bat_score=0 (matched),0,1
gm18g0,bat_score=0 (matched),0,1
if858b,bat_score=0 (matched),0,1
ep1zkp,bat_score=0 (matched),0,1
eyq58h,bat_score=0 (matched),0,1
ese41q,bat_score=0 (matched),0,1
fem14d,bat_score=0 (matched),0,1
etfzak,bat_score=0 (matched),0,1
guq2xg,bat_score=0 (matched),0,1
epzrfo,bat_score=0 (matched),0,1
goy4if,bat_score=0 (matched),0,1
ixmgt3,bat_score=0 (matched),0,1
gno9fj,bat_score=0 (matched),0,1
ekul5p,bat_score=0 (matched),0,1
hyr23v,bat_score=0 (matched),0,1
h9fg9u,bat_score=0 (matched),0,1
gm3e60,bat_score=0 (matched),0,1
erjisl,bat_score=0 (matched),0,1
gm24df,bat_score=0 (matched),0,1
hirfy4,bat_score=0 (matched),0,1
gxc19z,bat_score=0 (matched),0,1
hd6spr,bat_score=0 (matched),0,1
fd9z1k,bat_score=0 (matched),0,1
igidam,bat_score=0 (matched),0,1
il70zt,bat_score=0 (matched),0,1
fkmjmz,bat_score=0 (matched),0,1
igcy0s,bat_score=0 (matched),0,1
ezw1x4,bat_score=0 (matched),0,1
jkvqiy,bat_score=0 (matched),0,1
gmpqv6,bat_score=0 (matched),0,1
jk2y8w,bat_score=0 (matched),0,1
iyt5fl,bat_score=0 (matched),0,1
f14b99,bat_score=0 (matched),0,1
f9l20z,bat_score=0 (matched),0,1
evr8em,bat_score=0 (matched),0,1
ffx3u8,bat_score=0 (matched),0,1
glee98,bat_score=0 (matched),0,1
k9xmmt,bat_score=0 (matched),0,1
fdxhgt,bat_score=0 (matched),0,1
fws0f1,bat_score=0 (matched),0,1
g2epod,bat_score=0 (matched),0,1
fubxbs,bat_score=0 (matched),0,1
iusi0d,bat_score=0 (matched),0,1
iu0x5m,bat_score=0 (matched),0,1
g6oobs,bat_score=0 (matched),0,1
gl3kz5,bat_score=0 (matched),0,1
ie2xab,bat_score=0 (matched),0,1
jjx8ka,bat_score=0 (matched),0,1
k3qipd,bat_score=0 (matched),0,1
icfjxr,bat_score=0 (matched),0,1
fpeteh,bat_score=0 (matched),0,1
j296py,bat_score=0 (matched),0,1
keglua,bat_score=0 (matched),0,1
gauz1h,bat_score=0 (matched),0,1
gz8ohf,bat_score=0 (matched),0,1
fdykel,bat_score=0 (matched),0,1
erj92j,bat_score=0 (matched),0,1
flnhr7,bat_score=0 (matched),0,1
ewrefq,bat_score=0 (matched),0,1
gt5qxv,bat_score=0 (matched),0,1
i7ydhi,bat_score=0 (matched),0,1
fcfqlk,bat_score=0 (matched),0,1
fytpox,bat_score=0 (matched),0,1
kejw0v,bat_score=0 (matched),0,1
ihkt31,bat_score=0 (matched),0,1
g0nrn1,bat_score=0 (matched),0,1
huukre,bat_score=0 (matched),0,1
klj3ea,bat_score=0 (matched),0,1
hefm7q,bat_score=0 (matched),0,1
gmuoi3,bat_score=0 (matched),0,1
g6rg6s,bat_score=0 (matched),0,1
gahd9h,bat_score=0 (matched),0,1
flfae4,bat_score=0 (matched),0,1
eliabc,bat_score=0 (matched),0,1
i4vyk1,bat_score=0 (matched),0,1
khtp49,bat_score=0 (matched),0,1
jxte3u,bat_score=0 (matched),0,1
idd4ph,bat_score=0 (matched),0,1
k6nysu,bat_score=0 (matched),0,1
fc2nw5,bat_score=0 (matched),0,1
ilft8m,bat_score=0 (matched),0,1
fdesjh,bat_score=0 (matched),0,1
g8hix5,bat_score=0 (matched),0,1
g26e8l,bat_score=0 (matched),0,1
epb640,bat_score=0 (matched),0,1
hds9qf,bat_score=0 (matched),0,1
jc2g3z,bat_score=0 (matched),0,1
jxkdgf,bat_score=0 (matched),0,1
je25hj,bat_score=0 (matched),0,1
f2ofmg,bat_score=0 (matched),0,1
ezdiwj,bat_score=0 (matched),0,1
fxwp3j,bat_score=0 (matched),0,1
ej7x41,bat_score=0 (matched),0,1
hzkcoj,bat_score=0 (matched),0,1
f8u49n,bat_score=0 (matched),0,1
khukvn,bat_score=0 (matched),0,1
k6pt06,bat_score=0 (matched),0,1
f3951n,bat_score=0 (matched),0,1
gnd5t8,bat_score=0 (matched),0,1
g0pzua,bat_score=0 (matched),0,1
iyxh2h,bat_score=0 (matched),0,1
fs9pbv,bat_score=0 (matched),0,1
hbfe1u,bat_score=0 (matched),0,1
hop9hi,bat_score=0 (matched),0,1
ftb39z,bat_score=0 (matched),0,1
hqfgep,bat_score=0 (matched),0,1
elxje2,bat_score=0 (matched),0,1
gsnhi8,bat_score=0 (matched),0,1
kmgznv,bat_score=0 (matched),0,1
jchzc8,bat_score=0 (matched),0,1
ftxdbm,bat_score=0 (matched),0,1
hyre2z,bat_score=0 (matched),0,1
hks8r4,bat_score=0 (matched),0,1
ibj91u,bat_score=0 (matched),0,1
h11fbv,bat_score=0 (matched),0,1
jn8id4,bat_score=0 (matched),0,1
fe340r,bat_score=0 (matched),0,1
i0di13,bat_score=0 (matched),0,1
fk4vux,bat_score=0 (matched),0,1
hiv2mi,bat_score=0 (matched),0,1
icft5r,bat_score=0 (matched),0,1
fres1g,bat_score=0 (matched),0,1
f9av8e,bat_score=0 (matched),0,1
esgcko,bat_score=0 (matched),0,1
hh6bjo,bat_score=0 (matched),0,1
k9fxi9,bat_score=0 (matched),0,1
f0qfju,bat_score=0 (matched),0,1
f9fy22,bat_score=0 (matched),0,1
jgk470,bat_score=0 (matched),0,1
f9z689,bat_score=0 (matched),0,1
j5kt37,bat_score=0 (matched),0,1
gfwbvh,bat_score=0 (matched),0,1
ibdmu8,bat_score=0 (matched),0,1
gonsf1,bat_score=0 (matched),0,1
iv8u3v,bat_score=0 (matched),0,1
iladoi,bat_score=0 (matched),0,1
kecpkh,bat_score=0 (matched),0,1
fkcq5n,bat_score=0 (matched),0,1
go6dkv,bat_score=0 (matched),0,1
f83gd0,bat_score=0 (matched),0,1
fnakmd,bat_score=0 (matched),0,1
fh2nkz,bat_score=0 (matched),0,1
gnbyq4,bat_score=0 (matched),0,1
i9m9t8,bat_score=0 (matched),0,1
hr0o1a,bat_score=0 (matched),0,1
gexf3t,bat_score=0 (matched),0,1
jmq6l3,bat_score=0 (matched),0,1
kagdr6,bat_score=0 (matched),0,1
fov34o,bat_score=0 (matched),0,1
eo1fkw,bat_score=0 (matched),0,1
gpmpj4,bat_score=0 (matched),0,1
f07yyu,bat_score=0 (matched),0,1
fq6nqm,bat_score=0 (matched),0,1
jid8ns,bat_score=0 (matched),0,1
fywq0t,bat_score=0 (matched),0,1
idvsp5,bat_score=0 (matched),0,1
eixmnm,bat_score=0 (matched),0,1
jk86oe,bat_score=0 (matched),0,1
kbqejp,bat_score=0 (matched),0,1
j6gk3x,bat_score=0 (matched),0,1
ipgcn8,bat_score=0 (matched),0,1
je2u4b,bat_score=0 (matched),0,1
erw3j4,bat_score=0 (matched),0,1
eosrsj,bat_score=0 (matched),0,1
j3afy9,bat_score=0 (matched),0,1
ki9x7t,bat_score=0 (matched),0,1
iufunc,bat_score=0 (matched),0,1
kdu35y,bat_score=0 (matched),0,1
f5g37t,bat_score=0 (matched),0,1
i8ffkn,bat_score=0 (matched),0,1
gres2q,bat_score=0 (matched),0,1
exadl4,bat_score=0 (matched),0,1
gruf7z,bat_score=0 (matched),0,1
ikygd6,bat_score=0 (matched),0,1
ftv9sy,bat_score=0 (matched),0,1
frywxv,bat_score=0 (matched),0,1
gzoy2v,bat_score=0 (matched),0,1
iybuoa,bat_score=0 (matched),0,1
fnn5na,bat_score=0 (matched),0,1
hjdo9o,bat_score=0 (matched),0,1
f2g581,bat_score=0 (matched),0,1
irile6,bat_score=0 (matched),0,1
fw1vux,bat_score=0 (matched),0,1
hbhbqu,bat_score=0 (matched),0,1
jl00br,bat_score=0 (matched),0,1
j06atv,bat_score=0 (matched),0,1
i4upty,bat_score=0 (matched),0,1
jfqv17,bat_score=0 (matched),0,1
jyzg0x,bat_score=0 (matched),0,1
enyupa,bat_score=0 (matched),0,1
f9y0uc,bat_score=0 (matched),0,1
hpx705,bat_score=0 (matched),0,1
grvx7r,bat_score=0 (matched),0,1
fc8rn4,bat_score=0 (matched),0,1
ffel94,bat_score=0 (matched),0,1
ii3kxq,bat_score=0 (matched),0,1
eohq0r,bat_score=0 (matched),0,1
giajua,bat_score=0 (matched),0,1
ejac3z,bat_score=0 (matched),0,1
f3h3ui,bat_score=0 (matched),0,1
g6fhwz,bat_score=0 (matched),0,1
jbmm5e,bat_score=0 (matched),0,1
grsms5,bat_score=0 (matched),0,1
jxrvmv,bat_score=0 (matched),0,1
ejzb71,bat_score=0 (matched),0,1
fkpabz,bat_score=0 (matched),0,1
hvkejv,bat_score=0 (matched),0,1
imedsx,bat_score=0 (matched),0,1
fl73do,bat_score=0 (matched),0,1
joqq1t,bat_score=0 (matched),0,1
fljg0h,bat_score=0 (matched),0,1
fljlbf,bat_score=0 (matched),0,1
ft23cy,bat_score=0 (matched),0,1
iwr6zu,bat_score=0 (matched),0,1
ev61gw,bat_score=0 (matched),0,1
fbcavx,bat_score=0 (matched),0,1
kbcl8x,bat_score=0 (matched),0,1
kaed2f,bat_score=0 (matched),0,1
els91y,bat_score=0 (matched),0,1
elr5sy,bat_score=0 (matched),0,1
j99mtw,bat_score=0 (matched),0,1
isnyx7,bat_score=0 (matched),0,1
g2xu4s,bat_score=0 (matched),0,1
klq79n,bat_score=0 (matched),0,1
ex9e0e,bat_score=0 (matched),0,1
jb4zl5,bat_score=0 (matched),0,1
ju6uqt,bat_score=0 (matched),0,1
fxjuot,bat_score=0 (matched),0,1
i7tun7,bat_score=0 (matched),0,1
hv97nn,bat_score=0 (matched),0,1
h14wuz,bat_score=0 (matched),0,1
f6e0rh,bat_score=0 (matched),0,1
fawy9t,bat_score=0 (matched),0,1
hiau46,bat_score=0 (matched),0,1
k5joh0,bat_score=0 (matched),0,1
g9q1mj,bat_score=0 (matched),0,1
he9n51,bat_score=0 (matched),0,1
ip0dwz,bat_score=0 (matched),0,1
f5h7lk,bat_score=0 (matched),0,1
ih0dfu,bat_score=0 (matched),0,1
exbwc0,bat_score=0 (matched),0,1
j9slvn,bat_score=0 (matched),0,1
g5inqk,bat_score=0 (matched),0,1
fe1nce,bat_score=0 (matched),0,1
iyfws6,bat_score=0 (matched),0,1
frwc43,bat_score=0 (matched),0,1
en2r9b,bat_score=0 (matched),0,1
i2xg1v,bat_score=0 (matched),0,1
j6nbpt,bat_score=0 (matched),0,1
fgkl6i,bat_score=0 (matched),0,1
ikzmhl,bat_score=0 (matched),0,1
ffghht,bat_score=0 (matched),0,1
g78r58,bat_score=0 (matched),0,1
g1syw0,bat_score=0 (matched),0,1
fdu0ra,bat_score=0 (matched),0,1
hhz2q1,bat_score=0 (matched),0,1
eqo54b,bat_score=0 (matched),0,1
k5d7fa,bat_score=0 (matched),0,1
k682hv,bat_score=0 (matched),0,1
g255xe,bat_score=0 (matched),0,1
fo3pqu,bat_score=0 (matched),0,1
giipsk,bat_score=0 (matched),0,1
i95tv2,bat_score=0 (matched),0,1
gikxr4,bat_score=0 (matched),0,1
ivxxbl,bat_score=0 (matched),0,1
gmz89w,bat_score=0 (matched),0,1
evmwqa,bat_score=0 (matched),0,1
hcaoko,bat_score=0 (matched),0,1
gc0ko8,bat_score=0 (matched),0,1
f3byfo,bat_score=0 (matched),0,1
gddwr1,bat_score=0 (matched),0,1
i0z8wy,bat_score=0 (matched),0,1
fq5mgy,bat_score=0 (matched),0,1
f9uqc3,bat_score=0 (matched),0,1
fyelxq,bat_score=0 (matched),0,1
jdtbbs,bat_score=0 (matched),0,1
esu12b,bat_score=0 (matched),0,1
gswu0h,bat_score=0 (matched),0,1
hytvyu,bat_score=0 (matched),0,1
ijo4f2,bat_score=0 (matched),0,1
i91ovg,bat_score=0 (matched),0,1
gi0u1l,bat_score=0 (matched),0,1
isvw5b,bat_score=0 (matched),0,1
ixtpoa,bat_score=0 (matched),0,1
fly9df,bat_score=0 (matched),0,1
jb8lin,bat_score=0 (matched),0,1
jo4m6m,bat_score=0 (matched),0,1
jwth15,bat_score=0 (matched),0,1
j79yvr,bat_score=0 (matched),0,1
k0hy1d,bat_score=0 (matched),0,1
f7v1cu,bat_score=0 (matched),0,1
jb1ke4,bat_score=0 (matched),0,1
imcxk1,bat_score=0 (matched),0,1
jj1943,bat_score=0 (matched),0,1
fu0nzt,bat_score=0 (matched),0,1
fmvu0i,bat_score=0 (matched),0,1
hk6s2t,bat_score=0 (matched),0,1
f7jyy0,bat_score=0 (matched),0,1
ffuq6b,bat_score=0 (matched),0,1
i59dkj,bat_score=0 (matched),0,1
fnsxvt,bat_score=0 (matched),0,1
gfdqtc,bat_score=0 (matched),0,1
eoe8xp,bat_score=0 (matched),0,1
i9muy3,bat_score=0 (matched),0,1
gepizk,bat_score=0 (matched),0,1
eq5ic8,bat_score=0 (matched),0,1
ijqv79,bat_score=0 (matched),0,1
g0v0dr,bat_score=0 (matched),0,1
gyzcf9,bat_score=0 (matched),0,1
erd5ip,bat_score=0 (matched),0,1
fqupe1,bat_score=0 (matched),0,1
f3gsoe,bat_score=0 (matched),0,1
i9acys,bat_score=0 (matched),0,1
fw432n,bat_score=0 (matched),0,1
ewqc5t,bat_score=0 (matched),0,1
g377ck,bat_score=0 (matched),0,1
ijwbd5,bat_score=0 (matched),0,1
g7jdzm,bat_score=0 (matched),0,1
hw0k0d,bat_score=0 (matched),0,1
gizj5y,bat_score=0 (matched),0,1
fa6lz1,bat_score=0 (matched),0,1
fiuv31,bat_score=0 (matched),0,1
jw1ui1,bat_score=0 (matched),0,1
i0nazp,bat_score=0 (matched),0,1
fpxkbz,bat_score=0 (matched),0,1
hnodsw,bat_score=0 (matched),0,1
eyjl98,bat_score=0 (matched),0,1
jyrxcs,bat_score=0 (matched),0,1
klqbs0,bat_score=0 (matched),0,1
iauvsf,bat_score=0 (matched),0,1
kj2jy3,bat_score=0 (matched),0,1
h14q7k,bat_score=0 (matched),0,1
ft42f6,bat_score=0 (matched),0,1
ie5jjf,bat_score=0 (matched),0,1
icmyjn,bat_score=0 (matched),0,1
kdnpvf,bat_score=0 (matched),0,1
fsbtdt,bat_score=0 (matched),0,1
i83nuc,bat_score=0 (matched),0,1
ezbvnq,bat_score=0 (matched),0,1
jfx7ew,bat_score=0 (matched),0,1
ekixgn,bat_score=0 (matched),0,1
ix7rf2,bat_score=0 (matched),0,1
iwsrxq,bat_score=0 (matched),0,1
i7y6qm,bat_score=0 (matched),0,1
gk9i83,bat_score=0 (matched),0,1
gerik8,bat_score=0 (matched),0,1
gg02sv,bat_score=0 (matched),0,1
f6e4er,bat_score=0 (matched),0,1
gjucxe,bat_score=0 (matched),0,1
elriqd,bat_score=0 (matched),0,1
g0lihs,bat_score=0 (matched),0,1
j3hp83,bat_score=0 (matched),0,1
iez9nr,bat_score=0 (matched),0,1
keazfc,bat_score=0 (matched),0,1
ep84pa,bat_score=0 (matched),0,1
jg7tbg,bat_score=0 (matched),0,1
f2v13q,bat_score=0 (matched),0,1
kdy95p,bat_score=0 (matched),0,1
i1vsoq,bat_score=0 (matched),0,1
ej38fc,bat_score=0 (matched),0,1
hr25sa,bat_score=0 (matched),0,1
eurohx,bat_score=0 (matched),0,1
klgo03,bat_score=0 (matched),0,1
it4cpu,bat_score=0 (matched),0,1
f9vd4y,bat_score=0 (matched),0,1
fcwdo0,bat_score=0 (matched),0,1
gvjiwx,bat_score=0 (matched),0,1
ggs4oy,bat_score=0 (matched),0,1
idzpba,bat_score=0 (matched),0,1
hcr8nb,bat_score=0 (matched),0,1
h095ul,bat_score=0 (matched),0,1
fnljeb,bat_score=0 (matched),0,1
guamua,bat_score=0 (matched),0,1
emyq7j,bat_score=0 (matched),0,1
gbrb8r,bat_score=0 (matched),0,1
iv4ylg,bat_score=0 (matched),0,1
isuyfz,bat_score=0 (matched),0,1
hzczgn,bat_score=0 (matched),0,1
f87w4w,bat_score=0 (matched),0,1
k0owtl,bat_score=0 (matched),0,1
g1vd5f,bat_score=0 (matched),0,1
fnamk0,bat_score=0 (matched),0,1
geqvdo,bat_score=0 (matched),0,1
i4z73h,bat_score=0 (matched),0,1
hjgdeg,bat_score=0 (matched),0,1
h09kir,bat_score=0 (matched),0,1
klrpqg,bat_score=0 (matched),0,1
gjqpt6,bat_score=0 (matched),0,1
evdkys,bat_score=0 (matched),0,1
hn2gfy,bat_score=0 (matched),0,1
eld3oe,bat_score=0 (matched),0,1
igsl45,bat_score=0 (matched),0,1
ffvg7s,bat_score=0 (matched),0,1
gzbney,bat_score=0 (matched),0,1
hqgri3,bat_score=0 (matched),0,1
i50d69,bat_score=0 (matched),0,1
eoqsn7,bat_score=0 (matched),0,1
i4dhgx,bat_score=0 (matched),0,1
fs03fm,bat_score=0 (matched),0,1
fcfc90,bat_score=0 (matched),0,1
fr2obr,bat_score=0 (matched),0,1
kjvqy0,bat_score=0 (matched),0,1
idzct1,bat_score=0 (matched),0,1
esd6h0,bat_score=0 (matched),0,1
f9gg2b,bat_score=0 (matched),0,1
jcaw7x,bat_score=0 (matched),0,1
hbl3ej,bat_score=0 (matched),0,1
hmxpac,bat_score=0 (matched),0,1
g65oyo,bat_score=0 (matched),0,1
j3civ1,bat_score=0 (matched),0,1
i7myac,bat_score=0 (matched),0,1
jsnpdv,bat_score=0 (matched),0,1
gaz1ba,bat_score=0 (matched),0,1
it4by8,bat_score=0 (matched),0,1
emkd2a,bat_score=0 (matched),0,1
goo4iy,bat_score=0 (matched),0,1
izl20r,bat_score=0 (matched),0,1
ezwwh1,bat_score=0 (matched),0,1
k5ccak,bat_score=0 (matched),0,1
eljkdz,bat_score=0 (matched),0,1
fnhni5,bat_score=0 (matched),0,1
ezsjpc,bat_score=0 (matched),0,1
i08vx0,bat_score=0 (matched),0,1
jifipt,bat_score=0 (matched),0,1
ijchgg,bat_score=0 (matched),0,1
i65kzi,bat_score=0 (matched),0,1
gn1kt0,bat_score=0 (matched),0,1
g9l4gf,bat_score=0 (matched),0,1
feqf1o,bat_score=0 (matched),0,1
hrtbgy,bat_score=0 (matched),0,1
fqxp0f,bat_score=0 (matched),0,1
govxe6,bat_score=0 (matched),0,1
i50gkq,bat_score=0 (matched),0,1
fsqmko,bat_score=0 (matched),0,1
ft4r1w,bat_score=0 (matched),0,1
f9tb0d,bat_score=0 (matched),0,1
icoedh,bat_score=0 (matched),0,1
ilzc5e,bat_score=0 (matched),0,1
jks6ps,bat_score=0 (matched),0,1
eo51rm,bat_score=0 (matched),0,1
ezqu14,bat_score=0 (matched),0,1
gwk9un,bat_score=0 (matched),0,1
emsn8r,bat_score=0 (matched),0,1
gz0232,bat_score=0 (matched),0,1
hzui5p,bat_score=0 (matched),0,1
j9el2w,bat_score=0 (matched),0,1
j251gk,bat_score=0 (matched),0,1
gz624p,bat_score=0 (matched),0,1
gba7n9,bat_score=0 (matched),0,1
jxjipd,bat_score=0 (matched),0,1
kmlbtq,bat_score=0 (matched),0,1
f2rmrd,bat_score=0 (matched),0,1
hwhqoz,bat_score=0 (matched),0,1
jzjyrv,bat_score=0 (matched),0,1
f2o9e6,bat_score=0 (matched),0,1
gf2j7p,bat_score=0 (matched),0,1
fggzw4,bat_score=0 (matched),0,1
esdyw1,bat_score=0 (matched),0,1
jxzbgz,bat_score=0 (matched),0,1
f2z2kr,bat_score=0 (matched),0,1
fxagl3,bat_score=0 (matched),0,1
gyu6t0,bat_score=0 (matched),0,1
i99ycb,bat_score=0 (matched),0,1
fk1m47,bat_score=0 (matched),0,1
eouaw0,bat_score=0 (matched),0,1
fpydfp,bat_score=0 (matched),0,1
j4wvw9,bat_score=0 (matched),0,1
jxsfip,bat_score=0 (matched),0,1
jepudk,bat_score=0 (matched),0,1
if6it1,bat_score=0 (matched),0,1
gdaq1m,bat_score=0 (matched),0,1
fde616,bat_score=0 (matched),0,1
g63fpc,bat_score=0 (matched),0,1
g9co31,bat_score=0 (matched),0,1
fuba05,bat_score=0 (matched),0,1
j4b13j,bat_score=0 (matched),0,1
jzoudc,bat_score=0 (matched),0,1
fi2alo,bat_score=0 (matched),0,1
j30mja,bat_score=0 (matched),0,1
elz9ah,bat_score=0 (matched),0,1
hp178g,bat_score=0 (matched),0,1
hzgot6,bat_score=0 (matched),0,1
f7bjuq,bat_score=0 (matched),0,1
ie3cjv,bat_score=0 (matched),0,1
gok0oe,bat_score=0 (matched),0,1
hiquvr,bat_score=0 (matched),0,1
evk7ty,bat_score=0 (matched),0,1
j1mx3x,bat_score=0 (matched),0,1
ibn33y,bat_score=0 (matched),0,1
iz0xxj,bat_score=0 (matched),0,1
jvswob,bat_score=0 (matched),0,1
gwhfmu,bat_score=0 (matched),0,1
gih44t,bat_score=0 (matched),0,1
eyyjsl,bat_score=0 (matched),0,1
kiesut,bat_score=0 (matched),0,1
i1zff8,bat_score=0 (matched),0,1
gzj7bl,bat_score=0 (matched),0,1
f2zg6v,bat_score=0 (matched),0,1
j5sjvw,bat_score=0 (matched),0,1
k1b6fd,bat_score=0 (matched),0,1
fmd2ik,bat_score=0 (matched),0,1
gv7ni8,bat_score=0 (matched),0,1
iqb37m,bat_score=0 (matched),0,1
exghms,bat_score=0 (matched),0,1
f6nt33,bat_score=0 (matched),0,1
fayrqu,bat_score=0 (matched),0,1
evad1k,bat_score=0 (matched),0,1
ewm2tp,bat_score=0 (matched),0,1
fpy9pz,bat_score=0 (matched),0,1
f2fqr8,bat_score=0 (matched),0,1
fipfe5,bat_score=0 (matched),0,1
jzpv4y,bat_score=0 (matched),0,1
g32wyl,bat_score=0 (matched),0,1
ft6xf5,bat_score=0 (matched),0,1
gbwju8,bat_score=0 (matched),0,1
jvhkyj,bat_score=0 (matched),0,1
hrhh2t,bat_score=0 (matched),0,1
k5jhe3,bat_score=0 (matched),0,1
f2yd2a,bat_score=0 (matched),0,1
ibfcb7,bat_score=0 (matched),0,1
ewe6wz,bat_score=0 (matched),0,1
ept3du,bat_score=0 (matched),0,1
hlvozz,bat_score=0 (matched),0,1
evuro3,bat_score=0 (matched),0,1
h7kel6,bat_score=0 (matched),0,1
imjy9e,bat_score=0 (matched),0,1
hnq0au,bat_score=0 (matched),0,1
jg4jci,bat_score=0 (matched),0,1
fsfjhm,bat_score=0 (matched),0,1
gwkv58,bat_score=0 (matched),0,1
fskvju,bat_score=0 (matched),0,1
f2e8qd,bat_score=0 (matched),0,1
i02f0i,bat_score=0 (matched),0,1
i9e1dy,bat_score=0 (matched),0,1
i41mw4,bat_score=0 (matched),0,1
i43qh9,bat_score=0 (matched),0,1
fjmnm8,bat_score=0 (matched),0,1
ga1ib9,bat_score=0 (matched),0,1
et76c6,bat_score=0 (matched),0,1
eq30bp,bat_score=0 (matched),0,1
ha9tje,bat_score=0 (matched),0,1
fk3rmd,bat_score=0 (matched),0,1
kjtxjx,bat_score=0 (matched),0,1
ezydc6,bat_score=0 (matched),0,1
fm3iib,bat_score=0 (matched),0,1
eldgk3,bat_score=0 (matched),0,1
fqg2d7,bat_score=0 (matched),0,1
hefobs,bat_score=0 (matched),0,1
j3fyad,bat_score=0 (matched),0,1
fxwsk8,bat_score=0 (matched),0,1
ej2g1t,bat_score=0 (matched),0,1
kf0hh4,bat_score=0 (matched),0,1
igcoue,bat_score=0 (matched),0,1
gjfpa9,bat_score=0 (matched),0,1
gm37zh,bat_score=0 (matched),0,1
jom6gr,bat_score=0 (matched),0,1
f6aed9,bat_score=0 (matched),0,1
jen4sr,bat_score=0 (matched),0,1
i4eha9,bat_score=0 (matched),0,1
flhs5f,bat_score=0 (matched),0,1
fpg81a,bat_score=0 (matched),0,1
ioi4ee,bat_score=0 (matched),0,1
ixyjhw,bat_score=0 (matched),0,1
ixr67n,bat_score=0 (matched),0,1
jvx42d,bat_score=0 (matched),0,1
gf9mtc,bat_score=0 (matched),0,1
igztxm,bat_score=0 (matched),0,1
k81sxx,bat_score=0 (matched),0,1
ezcr6p,bat_score=0 (matched),0,1
gv5cgr,bat_score=0 (matched),0,1
k1zxhr,bat_score=0 (matched),0,1
f2thwi,bat_score=0 (matched),0,1
i82kd7,bat_score=0 (matched),0,1
esu0f5,bat_score=0 (matched),0,1
frjia1,bat_score=0 (matched),0,1
ezf33a,bat_score=0 (matched),0,1
f5yhnh,bat_score=0 (matched),0,1
hm8f7y,bat_score=0 (matched),0,1
ikxuxv,bat_score=0 (matched),0,1
fw4kxp,bat_score=0 (matched),0,1
hum8ge,bat_score=0 (matched),0,1
imkbwy,bat_score=0 (matched),0,1
iu882p,bat_score=0 (matched),0,1
f9bjdu,bat_score=0 (matched),0,1
jrsnuy,bat_score=0 (matched),0,1
fen7r2,bat_score=0 (matched),0,1
i0o8x4,bat_score=0 (matched),0,1
ezat7r,bat_score=0 (matched),0,1
ezt2ry,bat_score=0 (matched),0,1
ffvaen,bat_score=0 (matched),0,1
gvbgwe,bat_score=0 (matched),0,1
k5aizi,bat_score=0 (matched),0,1
fur1jw,bat_score=0 (matched),0,1
ft7gti,bat_score=0 (matched),0,1
j2v5gf,bat_score=0 (matched),0,1
j2n8a1,bat_score=0 (matched),0,1
k92y91,bat_score=0 (matched),0,1
f78rvw,bat_score=0 (matched),0,1
gayec0,bat_score=0 (matched),0,1
iqqsm7,bat_score=0 (matched),0,1
ghn5ne,bat_score=0 (matched),0,1
fd7qja,bat_score=0 (matched),0,1
hukk8h,bat_score=0 (matched),0,1
ffq3jn,bat_score=0 (matched),0,1
ioj2gv,bat_score=0 (matched),0,1
fpjkxg,bat_score=0 (matched),0,1
hv5wcf,bat_score=0 (matched),0,1
f5w55o,bat_score=0 (matched),0,1
eo6l2i,bat_score=0 (matched),0,1
ghwwfy,bat_score=0 (matched),0,1
hovr6t,bat_score=0 (matched),0,1
gvsae5,bat_score=0 (matched),0,1
gjmb2d,bat_score=0 (matched),0,1
gz28qt,bat_score=0 (matched),0,1
jwjfhm,bat_score=0 (matched),0,1
ifrr5b,bat_score=0 (matched),0,1
j1ytuh,bat_score=0 (matched),0,1
ildrz2,bat_score=0 (matched),0,1
ibi40t,bat_score=0 (matched),0,1
grvdn0,bat_score=0 (matched),0,1
jht9u5,bat_score=0 (matched),0,1
fckeqh,bat_score=0 (matched),0,1
g0wogu,bat_score=0 (matched),0,1
g0umha,bat_score=0 (matched),0,1
gdbv63,bat_score=0 (matched),0,1
fxdlj0,bat_score=0 (matched),0,1
gb23s9,bat_score=0 (matched),0,1
klrxyh,bat_score=0 (matched),0,1
j670fz,bat_score=0 (matched),0,1
ghs28y,bat_score=0 (matched),0,1
gi3mr3,bat_score=0 (matched),0,1
ftf6fu,bat_score=0 (matched),0,1
gesj0p,bat_score=0 (matched),0,1
ez9khn,bat_score=0 (matched),0,1
ioa29s,bat_score=0 (matched),0,1
k23ihj,bat_score=0 (matched),0,1
et0ij8,bat_score=0 (matched),0,1
jz6g7r,bat_score=0 (matched),0,1
iwpox4,bat_score=0 (matched),0,1
ft7c28,bat_score=0 (matched),0,1
emv8zn,bat_score=0 (matched),0,1
htiw2p,bat_score=0 (matched),0,1
juguo7,bat_score=0 (matched),0,1
j6hod1,bat_score=0 (matched),0,1
i3kn15,bat_score=0 (matched),0,1
f1bhro,bat_score=0 (matched),0,1
jkikrt,bat_score=0 (matched),0,1
fpcfe4,bat_score=0 (matched),0,1
jsthiv,bat_score=0 (matched),0,1
g6xezw,bat_score=0 (matched),0,1
jpbo8g,bat_score=0 (matched),0,1
g1icj0,bat_score=0 (matched),0,1
gxxuu0,bat_score=0 (matched),0,1
f9h52x,bat_score=0 (matched),0,1
g3oj7y,bat_score=0 (matched),0,1
k0l3gb,bat_score=0 (matched),0,1
g1jb6e,bat_score=0 (matched),0,1
f9cdvy,bat_score=0 (matched),0,1
gwzkqd,bat_score=0 (matched),0,1
f5cdrp,bat_score=0 (matched),0,1
jl4f6r,bat_score=0 (matched),0,1
ih4lha,bat_score=0 (matched),0,1
hcil5l,bat_score=0 (matched),0,1
i1g82o,bat_score=0 (matched),0,1
fhf0le,bat_score=0 (matched),0,1
ejtpsr,bat_score=0 (matched),0,1
ej4sfz,bat_score=0 (matched),0,1
g2q448,bat_score=0 (matched),0,1
jzq6eo,bat_score=0 (matched),0,1
haqvmt,bat_score=0 (matched),0,1
f6xxvm,bat_score=0 (matched),0,1
h9nr1q,bat_score=0 (matched),0,1
eusy27,bat_score=0 (matched),0,1
int376,bat_score=0 (matched),0,1
hc7019,bat_score=0 (matched),0,1
g90rft,bat_score=0 (matched),0,1
idccyt,bat_score=0 (matched),0,1
j94wo9,bat_score=0 (matched),0,1
gb4qwr,bat_score=0 (matched),0,1
j3fo5y,bat_score=0 (matched),0,1
gz9qbw,bat_score=0 (matched),0,1
kf7nut,bat_score=0 (matched),0,1
gkknsx,bat_score=0 (matched),0,1
igk36p,bat_score=0 (matched),0,1
eyeuot,bat_score=0 (matched),0,1
i7ahm8,bat_score=0 (matched),0,1
jfzy8u,bat_score=0 (matched),0,1
f9uxl8,bat_score=0 (matched),0,1
hbcdj3,bat_score=0 (matched),0,1
kmh2ke,bat_score=0 (matched),0,1
inrk4g,bat_score=0 (matched),0,1
f59tds,bat_score=0 (matched),0,1
f7nyfz,bat_score=0 (matched),0,1
i08su3,bat_score=0 (matched),0,1
fa24n6,bat_score=0 (matched),0,1
eugsmi,bat_score=0 (matched),0,1
hbxi2k,bat_score=0 (matched),0,1
eyj54m,bat_score=0 (matched),0,1
ejn085,bat_score=0 (matched),0,1
jj6rdu,bat_score=0 (matched),0,1
fkso77,bat_score=0 (matched),0,1
ekxe9f,bat_score=0 (matched),0,1
gk961f,bat_score=0 (matched),0,1
i2xs04,bat_score=0 (matched),0,1
g0sawm,bat_score=0 (matched),0,1
j7q5y1,bat_score=0 (matched),0,1
h0zkck,bat_score=0 (matched),0,1
emrpw6,bat_score=0 (matched),0,1
g00lyj,bat_score=0 (matched),0,1
j4rtng,bat_score=0 (matched),0,1
gzca9g,bat_score=0 (matched),0,1
fdc722,bat_score=0 (matched),0,1
ewtbwf,bat_score=0 (matched),0,1
jypvtg,bat_score=0 (matched),0,1
fl8fr9,bat_score=0 (matched),0,1
idz49p,bat_score=0 (matched),0,1
g1ivkl,bat_score=0 (matched),0,1
hflnyq,bat_score=0 (matched),0,1
j1l49k,bat_score=0 (matched),0,1
gyfl09,bat_score=0 (matched),0,1
j1byti,bat_score=0 (matched),0,1
fopkko,bat_score=0 (matched),0,1
jmeft2,bat_score=0 (matched),0,1
flg231,bat_score=0 (matched),0,1
gos1yd,bat_score=0 (matched),0,1
fthzro,bat_score=0 (matched),0,1
kfpdzs,bat_score=0 (matched),0,1
i0byl3,bat_score=0 (matched),0,1
imifoi,bat_score=0 (matched),0,1
i74v19,bat_score=0 (matched),0,1
hfmgde,bat_score=0 (matched),0,1
f16h35,bat_score=0 (matched),0,1
iydaap,bat_score=0 (matched),0,1
fky2q5,bat_score=0 (matched),0,1
h9k8jo,bat_score=0 (matched),0,1
ihx5jq,bat_score=0 (matched),0,1
g22yyj,bat_score=0 (matched),0,1
ew9zhr,bat_score=0 (matched),0,1
ixqy2z,bat_score=0 (matched),0,1
gszqwv,bat_score=0 (matched),0,1
juzpus,bat_score=0 (matched),0,1
fdst06,bat_score=0 (matched),0,1
i2zcuv,bat_score=0 (matched),0,1
hfrxhp,bat_score=0 (matched),0,1
f2hbtx,bat_score=0 (matched),0,1
khl8ru,bat_score=0 (matched),0,1
jb88p3,bat_score=0 (matched),0,1
ji7om8,bat_score=0 (matched),0,1
fe2x0o,bat_score=0 (matched),0,1
j5k9gd,bat_score=0 (matched),0,1
hmx4ls,bat_score=0 (matched),0,1
fpv5gt,bat_score=0 (matched),0,1
eji63p,bat_score=0 (matched),0,1
iu3dxk,bat_score=0 (matched),0,1
knzk3v,bat_score=0 (matched),0,1
ev7rlb,bat_score=0 (matched),0,1
fctl8v,bat_score=0 (matched),0,1
etbgem,bat_score=0 (matched),0,1
g6h9kh,bat_score=0 (matched),0,1
gndzjw,bat_score=0 (matched),0,1
fghshm,bat_score=0 (matched),0,1
enedpl,bat_score=0 (matched),0,1
fo9f9s,bat_score=0 (matched),0,1
i04qio,bat_score=0 (matched),0,1
ewpbso,bat_score=0 (matched),0,1
ffuvmi,bat_score=0 (matched),0,1
ich3ie,bat_score=0 (matched),0,1
iz5wix,bat_score=0 (matched),0,1
flmmfl,bat_score=0 (matched),0,1
fru0ug,bat_score=0 (matched),0,1
f4doqx,bat_score=0 (matched),0,1
ioy9p0,bat_score=0 (matched),0,1
i5pzf6,bat_score=0 (matched),0,1
fazo5e,bat_score=0 (matched),0,1
ilamnv,bat_score=0 (matched),0,1
hn7v6b,bat_score=0 (matched),0,1
jikjeh,bat_score=0 (matched),0,1
klpvrk,bat_score=0 (matched),0,1
igf3dx,bat_score=0 (matched),0,1
hcb2ya,bat_score=0 (matched),0,1
im2ybn,bat_score=0 (matched),0,1
gvzegy,bat_score=0 (matched),0,1
f3fdsb,bat_score=0 (matched),0,1
fodm8j,bat_score=0 (matched),0,1
jq4fzt,bat_score=0 (matched),0,1
i69cz7,bat_score=0 (matched),0,1
gfttb5,bat_score=0 (matched),0,1
fyocib,bat_score=0 (matched),0,1
g3aees,bat_score=0 (matched),0,1
jrvk8n,bat_score=0 (matched),0,1
gox2fw,bat_score=0 (matched),0,1
huiqxm,bat_score=0 (matched),0,1
jpcnm0,bat_score=0 (matched),0,1
gax7vd,bat_score=0 (matched),0,1
ixiqv0,bat_score=0 (matched),0,1
ik33cc,bat_score=0 (matched),0,1
f7brml,bat_score=0 (matched),0,1
j6mv57,bat_score=0 (matched),0,1
f0twxh,bat_score=0 (matched),0,1
ihowv0,bat_score=0 (matched),0,1
i0q17b,bat_score=0 (matched),0,1
fk73mf,bat_score=0 (matched),0,1
eos8zz,bat_score=0 (matched),0,1
iyzlmw,bat_score=0 (matched),0,1
flmh4f,bat_score=0 (matched),0,1
jae4rt,bat_score=0 (matched),0,1
jsfvzt,bat_score=0 (matched),0,1
ely370,bat_score=0 (matched),0,1
kg0rn6,bat_score=0 (matched),0,1
i9nlxd,bat_score=0 (matched),0,1
eokgn5,bat_score=0 (matched),0,1
jds5a5,bat_score=0 (matched),0,1
jyzkq8,bat_score=0 (matched),0,1
g2p48b,bat_score=0 (matched),0,1
geprvm,bat_score=0 (matched),0,1
k0ex04,bat_score=0 (matched),0,1
hqx4ai,bat_score=0 (matched),0,1
hfmqu4,bat_score=0 (matched),0,1
m8kdto,bat_score=0 (matched),0,1
lnclme,bat_score=0 (matched),0,1
o5u13z,bat_score=0 (matched),0,1
pbztpx,bat_score=0 (matched),0,1
qap58d,bat_score=0 (matched),0,1
mljcuv,bat_score=0 (matched),0,1
m3vj1c,bat_score=0 (matched),0,1
r1gtna,bat_score=0 (matched),0,1
nobqy9,bat_score=0 (matched),0,1
ld7vs2,bat_score=0 (matched),0,1
pfh2pi,bat_score=0 (matched),0,1
rb5a2l,bat_score=0 (matched),0,1
nmffjn,bat_score=0 (matched),0,1
o340l4,bat_score=0 (matched),0,1
o7mbxm,bat_score=0 (matched),0,1
m70kt3,bat_score=0 (matched),0,1
ng5mkf,bat_score=0 (matched),0,1
mik7ms,bat_score=0 (matched),0,1
n4xzi1,bat_score=0 (matched),0,1
pki00n,bat_score=0 (matched),0,1
o54g85,bat_score=0 (matched),0,1
nzjpnd,bat_score=0 (matched),0,1
p7i7ff,bat_score=0 (matched),0,1
lnmzjz,bat_score=0 (matched),0,1
qtkpke,bat_score=0 (matched),0,1
liamnq,bat_score=0 (matched),0,1
rmiwy0,bat_score=0 (matched),0,1
olllsb,bat_score=0 (matched),0,1
kvzdre,bat_score=0 (matched),0,1
pcws2s,bat_score=0 (matched),0,1
pepzl1,bat_score=0 (matched),0,1
oil70u,bat_score=0 (matched),0,1
pgjbu3,bat_score=0 (matched),0,1
ocabx4,bat_score=0 (matched),0,1
n50obu,bat_score=0 (matched),0,1
qeewb6,bat_score=0 (matched),0,1
pi293b,bat_score=0 (matched),0,1
mpmo26,bat_score=0 (matched),0,1
rg1e3d,bat_score=0 (matched),0,1
ptqnmy,bat_score=0 (matched),0,1
lf6whz,bat_score=0 (matched),0,1
muf75w,bat_score=0 (matched),0,1
lwv88u,bat_score=0 (matched),0,1
nmxp24,bat_score=0 (matched),0,1
ra1ia9,bat_score=0 (matched),0,1
lfs5uk,bat_score=0 (matched),0,1
mlgv6c,bat_score=0 (matched),0,1
nawlae,bat_score=0 (matched),0,1
opd9kk,bat_score=0 (matched),0,1
oo20ra,bat_score=0 (matched),0,1
kwtc1n,bat_score=0 (matched),0,1
p9zo1p,bat_score=0 (matched),0,1
povcds,bat_score=0 (matched),0,1
mvfzuv,bat_score=0 (matched),0,1
p4fffi,bat_score=0 (matched),0,1
p5e8om,bat_score=0 (matched),0,1
kzjn8l,bat_score=0 (matched),0,1
nqx4gt,bat_score=0 (matched),0,1
lh13dk,bat_score=0 (matched),0,1
oz0gmm,bat_score=0 (matched),0,1
m6vwr2,bat_score=0 (matched),0,1
l8xxty,bat_score=0 (matched),0,1
nuf77w,bat_score=0 (matched),0,1
ojjmb7,bat_score=0 (matched),0,1
lmzvj9,bat_score=0 (matched),0,1
qvzo8y,bat_score=0 (matched),0,1
rddh51,bat_score=0 (matched),0,1
lrpygy,bat_score=0 (matched),0,1
m7yyo6,bat_score=0 (matched),0,1
llqobb,bat_score=0 (matched),0,1
okvb44,bat_score=0 (matched),0,1
krpf3d,bat_score=0 (matched),0,1
rrkz0w,bat_score=0 (matched),0,1
nqqo6b,bat_score=0 (matched),0,1
r09he3,bat_score=0 (matched),0,1
qhuq6v,bat_score=0 (matched),0,1
lt9exo,bat_score=0 (matched),0,1
l8rdj7,bat_score=0 (matched),0,1
qai74u,bat_score=0 (matched),0,1
nr2fsc,bat_score=0 (matched),0,1
lfpgr5,bat_score=0 (matched),0,1
lgjdj0,bat_score=0 (matched),0,1
kwts97,bat_score=0 (matched),0,1
poauf5,bat_score=0 (matched),0,1
m78ikf,bat_score=0 (matched),0,1
qmuj5a,bat_score=0 (matched),0,1
m1zns1,bat_score=0 (matched),0,1
r58f1w,bat_score=0 (matched),0,1
l7pfvd,bat_score=0 (matched),0,1
pbowlx,bat_score=0 (matched),0,1
m0ggbz,bat_score=0 (matched),0,1
mq34yf,bat_score=0 (matched),0,1
kz7298,bat_score=0 (matched),0,1
qacx14,bat_score=0 (matched),0,1
nn995t,bat_score=0 (matched),0,1
lwhiha,bat_score=0 (matched),0,1
n16yj9,bat_score=0 (matched),0,1
ll59pe,bat_score=0 (matched),0,1
ospa72,bat_score=0 (matched),0,1
kqcfup,bat_score=0 (matched),0,1
nbuq34,bat_score=0 (matched),0,1
q6qpdd,bat_score=0 (matched),0,1
rcr581,bat_score=0 (matched),0,1
n6zvek,bat_score=0 (matched),0,1
nqtzs5,bat_score=0 (matched),0,1
o97qsz,bat_score=0 (matched),0,1
pwoclp,bat_score=0 (matched),0,1
ksxo37,bat_score=0 (matched),0,1
rqr48j,bat_score=0 (matched),0,1
o2saho,bat_score=0 (matched),0,1
nfhqwq,bat_score=0 (matched),0,1
q7hee4,bat_score=0 (matched),0,1
poimyd,bat_score=0 (matched),0,1
nqe825,bat_score=0 (matched),0,1
mnjiht,bat_score=0 (matched),0,1
n4vzum,bat_score=0 (matched),0,1
qqqe1e,bat_score=0 (matched),0,1
ocev3y,bat_score=0 (matched),0,1
ojg37t,bat_score=0 (matched),0,1
ncdtjb,bat_score=0 (matched),0,1
px829q,bat_score=0 (matched),0,1
r868sk,bat_score=0 (matched),0,1
pa0mem,bat_score=0 (matched),0,1
nerlvk,bat_score=0 (matched),0,1
nfk4ma,bat_score=0 (matched),0,1
lk692p,bat_score=0 (matched),0,1
pmigoq,bat_score=0 (matched),0,1
osq9o7,bat_score=0 (matched),0,1
pc743i,bat_score=0 (matched),0,1
pjpe36,bat_score=0 (matched),0,1
pgn49b,bat_score=0 (matched),0,1
q8ncpo,bat_score=0 (matched),0,1
mweeg4,bat_score=0 (matched),0,1
rhyzmd,bat_score=0 (matched),0,1
qctkzx,bat_score=0 (matched),0,1
oispfk,bat_score=0 (matched),0,1
rbdnc0,bat_score=0 (matched),0,1
na04r6,bat_score=0 (matched),0,1
qqmbkz,bat_score=0 (matched),0,1
qjmab1,bat_score=0 (matched),0,1
ldne1l,bat_score=0 (matched),0,1
mks6u3,bat_score=0 (matched),0,1
p614n1,bat_score=0 (matched),0,1
m2390v,bat_score=0 (matched),0,1
mz0mx5,bat_score=0 (matched),0,1
lmj6tu,bat_score=0 (matched),0,1
nbpbcu,bat_score=0 (matched),0,1
l2uky1,bat_score=0 (matched),0,1
nusb1p,bat_score=0 (matched),0,1
nxqec6,bat_score=0 (matched),0,1
mc0iqr,bat_score=0 (matched),0,1
mqosi0,bat_score=0 (matched),0,1
qce8um,bat_score=0 (matched),0,1
nyz3vj,bat_score=0 (matched),0,1
pc4xie,bat_score=0 (matched),0,1
lwqmpz,bat_score=0 (matched),0,1
ocn8zq,bat_score=0 (matched),0,1
krs1oq,bat_score=0 (matched),0,1
q8uud5,bat_score=0 (matched),0,1
lvmp25,bat_score=0 (matched),0,1
m1u99p,bat_score=0 (matched),0,1
pjxulb,bat_score=0 (matched),0,1
rd0aj5,bat_score=0 (matched),0,1
ngo9pv,bat_score=0 (matched),0,1
qlcij5,bat_score=0 (matched),0,1
o7k2x9,bat_score=0 (matched),0,1
qihn9o,bat_score=0 (matched),0,1
pz1ohl,bat_score=0 (matched),0,1
pkcjh1,bat_score=0 (matched),0,1
r9p9ay,bat_score=0 (matched),0,1
m0jgi6,bat_score=0 (matched),0,1
qkkj8l,bat_score=0 (matched),0,1
p3oaob,bat_score=0 (matched),0,1
moxj5z,bat_score=0 (matched),0,1
mbhogi,bat_score=0 (matched),0,1
nh4ank,bat_score=0 (matched),0,1
oll5wd,bat_score=0 (matched),0,1
pxrgso,bat_score=0 (matched),0,1
qoi541,bat_score=0 (matched),0,1
r8offv,bat_score=0 (matched),0,1
nlquk7,bat_score=0 (matched),0,1
qbbcno,bat_score=0 (matched),0,1
ojqok7,bat_score=0 (matched),0,1
mq3wxg,bat_score=0 (matched),0,1
n87k6r,bat_score=0 (matched),0,1
ocmo5c,bat_score=0 (matched),0,1
mrfxlq,bat_score=0 (matched),0,1
qjadf6,bat_score=0 (matched),0,1
q87m7y,bat_score=0 (matched),0,1
q7blof,bat_score=0 (matched),0,1
m3adbg,bat_score=0 (matched),0,1
m2px5m,bat_score=0 (matched),0,1
mi92s6,bat_score=0 (matched),0,1
neev8p,bat_score=0 (matched),0,1
povxpl,bat_score=0 (matched),0,1
kx209a,bat_score=0 (matched),0,1
mg7ty3,bat_score=0 (matched),0,1
l5cvex,bat_score=0 (matched),0,1
pgiznn,bat_score=0 (matched),0,1
qb77yf,bat_score=0 (matched),0,1
o7px9c,bat_score=0 (matched),0,1
p6j7hb,bat_score=0 (matched),0,1
og0bqo,bat_score=0 (matched),0,1
qv1vgd,bat_score=0 (matched),0,1
mz8ro5,bat_score=0 (matched),0,1
qdzguz,bat_score=0 (matched),0,1
m7uavi,bat_score=0 (matched),0,1
oyiqx9,bat_score=0 (matched),0,1
qro2t3,bat_score=0 (matched),0,1
lvkhpo,bat_score=0 (matched),0,1
pwp4ev,bat_score=0 (matched),0,1
m1an4i,bat_score=0 (matched),0,1
mxmt90,bat_score=0 (matched),0,1
llwgcp,bat_score=0 (matched),0,1
p3fqfh,bat_score=0 (matched),0,1
qrvyxe,bat_score=0 (matched),0,1
pbj9hd,bat_score=0 (matched),0,1
pfvwoj,bat_score=0 (matched),0,1
qnaiwi,bat_score=0 (matched),0,1
m6gjen,bat_score=0 (matched),0,1
l3z6gs,bat_score=0 (matched),0,1
nb3x1t,bat_score=0 (matched),0,1
nlvav7,bat_score=0 (matched),0,1
nemuwq,bat_score=0 (matched),0,1
mhzu0k,bat_score=0 (matched),0,1
qw8xf4,bat_score=0 (matched),0,1
qsh500,bat_score=0 (matched),0,1
ngyw98,bat_score=0 (matched),0,1
qvzvh1,bat_score=0 (matched),0,1
ojqkpa,bat_score=0 (matched),0,1
qz7lny,bat_score=0 (matched),0,1
qrmzg7,bat_score=0 (matched),0,1
o5jjcf,bat_score=0 (matched),0,1
q9f75w,bat_score=0 (matched),0,1
rrk9re,bat_score=0 (matched),0,1
qle8js,bat_score=0 (matched),0,1
mn0vhd,bat_score=0 (matched),0,1
la6wyl,bat_score=0 (matched),0,1
okaoh5,bat_score=0 (matched),0,1
rkmrmh,bat_score=0 (matched),0,1
p5he78,bat_score=0 (matched),0,1
oafls4,bat_score=0 (matched),0,1
pjgom7,bat_score=0 (matched),0,1
mfqntd,bat_score=0 (matched),0,1
rg5cam,bat_score=0 (matched),0,1
r1b0nj,bat_score=0 (matched),0,1
ngynho,bat_score=0 (matched),0,1
p175n2,bat_score=0 (matched),0,1
r52r3p,bat_score=0 (matched),0,1
nh7qgh,bat_score=0 (matched),0,1
kv8z3a,bat_score=0 (matched),0,1
nwtk2q,bat_score=0 (matched),0,1
pgqq5s,bat_score=0 (matched),0,1
lgh0k7,bat_score=0 (matched),0,1
qgimc7,bat_score=0 (matched),0,1
p7nneo,bat_score=0 (matched),0,1
lctg4y,bat_score=0 (matched),0,1
qbei54,bat_score=0 (matched),0,1
nhli0n,bat_score=0 (matched),0,1
mq2ear,bat_score=0 (matched),0,1
qnhx9a,bat_score=0 (matched),0,1
lgxvo5,bat_score=0 (matched),0,1
rgh8ih,bat_score=0 (matched),0,1
qagiee,bat_score=0 (matched),0,1
qg9v02,bat_score=0 (matched),0,1
rrqkbb,bat_score=0 (matched),0,1
mlkqmv,bat_score=0 (matched),0,1
liai38,bat_score=0 (matched),0,1
pcuqpi,bat_score=0 (matched),0,1
r18jfs,bat_score=0 (matched),0,1
qpez5a,bat_score=0 (matched),0,1
oyltgu,bat_score=0 (matched),0,1
l28gbj,bat_score=0 (matched),0,1
m5tew7,bat_score=0 (matched),0,1
p1ktuf,bat_score=0 (matched),0,1
kz4o3h,bat_score=0 (matched),0,1
okcqj0,bat_score=0 (matched),0,1
rcz82w,bat_score=0 (matched),0,1
mq4qrf,bat_score=0 (matched),0,1
onnw31,bat_score=0 (matched),0,1
mbfin2,bat_score=0 (matched),0,1
pftow6,bat_score=0 (matched),0,1
qkvzvu,bat_score=0 (matched),0,1
n55ssb,bat_score=0 (matched),0,1
nccpq0,bat_score=0 (matched),0,1
n9zovk,bat_score=0 (matched),0,1
r8gi97,bat_score=0 (matched),0,1
o72ual,bat_score=0 (matched),0,1
n4ig26,bat_score=0 (matched),0,1
ouoexq,bat_score=0 (matched),0,1
lqews8,bat_score=0 (matched),0,1
pryl99,bat_score=0 (matched),0,1
qlvorb,bat_score=0 (matched),0,1
osq3iu,bat_score=0 (matched),0,1
pawsaq,bat_score=0 (matched),0,1
qn58d2,bat_score=0 (matched),0,1
mf11jr,bat_score=0 (matched),0,1
oxc5pi,bat_score=0 (matched),0,1
m14zcj,bat_score=0 (matched),0,1
r4q92f,bat_score=0 (matched),0,1
o23opi,bat_score=0 (matched),0,1
pylccc,bat_score=0 (matched),0,1
ok6t35,bat_score=0 (matched),0,1
n1xdt5,bat_score=0 (matched),0,1
kqbrak,bat_score=0 (matched),0,1
mvvcrp,bat_score=0 (matched),0,1
kqvtk7,bat_score=0 (matched),0,1
qquqrg,bat_score=0 (matched),0,1
kx49xd,bat_score=0 (matched),0,1
mohgtp,bat_score=0 (matched),0,1
nhvgws,bat_score=0 (matched),0,1
krlcfz,bat_score=0 (matched),0,1
pu2p5h,bat_score=0 (matched),0,1
mqankt,bat_score=0 (matched),0,1
lyhb4v,bat_score=0 (matched),0,1
ms7ya0,bat_score=0 (matched),0,1
llfarw,bat_score=0 (matched),0,1
oiz891,bat_score=0 (matched),0,1
rfxgej,bat_score=0 (matched),0,1
o0dgz4,bat_score=0 (matched),0,1
ne2jbg,bat_score=0 (matched),0,1
oltgni,bat_score=0 (matched),0,1
qg3fq7,bat_score=0 (matched),0,1
lx7tx6,bat_score=0 (matched),0,1
kv6xsj,bat_score=0 (matched),0,1
li7suf,bat_score=0 (matched),0,1
n0gbqq,bat_score=0 (matched),0,1
n1hqyk,bat_score=0 (matched),0,1
mnv96w,bat_score=0 (matched),0,1
ngchzm,bat_score=0 (matched),0,1
n5lvcs,bat_score=0 (matched),0,1
mile2i,bat_score=0 (matched),0,1
pyrg53,bat_score=0 (matched),0,1
q40rb9,bat_score=0 (matched),0,1
nbk59i,bat_score=0 (matched),0,1
lwgh43,bat_score=0 (matched),0,1
oyo7u9,bat_score=0 (matched),0,1
q75jk0,bat_score=0 (matched),0,1
pq92kg,bat_score=0 (matched),0,1
lfnr9c,bat_score=0 (matched),0,1
nhll0b,bat_score=0 (matched),0,1
oz5zrl,bat_score=0 (matched),0,1
ojd59j,bat_score=0 (matched),0,1
p7hlbg,bat_score=0 (matched),0,1
ltmb5c,bat_score=0 (matched),0,1
q049vu,bat_score=0 (matched),0,1
o2005p,bat_score=0 (matched),0,1
l0t1g9,bat_score=0 (matched),0,1
o42beb,bat_score=0 (matched),0,1
llydap,bat_score=0 (matched),0,1
mm8gnp,bat_score=0 (matched),0,1
qgf02h,bat_score=0 (matched),0,1
l01jt1,bat_score=0 (matched),0,1
mm2151,bat_score=0 (matched),0,1
qqe7i6,bat_score=0 (matched),0,1
ncbk7x,bat_score=0 (matched),0,1
lqhh4w,bat_score=0 (matched),0,1
lnhf6o,bat_score=0 (matched),0,1
qlrh2y,bat_score=0 (matched),0,1
pv09f9,bat_score=0 (matched),0,1
l55p7r,bat_score=0 (matched),0,1
pa82dp,bat_score=0 (matched),0,1
lqpkru,bat_score=0 (matched),0,1
nhuatq,bat_score=0 (matched),0,1
l1px5j,bat_score=0 (matched),0,1
p483bx,bat_score=0 (matched),0,1
nwnfg3,bat_score=0 (matched),0,1
p8y7z7,bat_score=0 (matched),0,1
mwcgy0,bat_score=0 (matched),0,1
qznnfl,bat_score=0 (matched),0,1
p4zzg7,bat_score=0 (matched),0,1
rrg2p3,bat_score=0 (matched),0,1
l1yds9,bat_score=0 (matched),0,1
p4m4dw,bat_score=0 (matched),0,1
mu7r53,bat_score=0 (matched),0,1
ppm2qe,bat_score=0 (matched),0,1
muh3nj,bat_score=0 (matched),0,1
otbwnn,bat_score=0 (matched),0,1
o5pl95,bat_score=0 (matched),0,1
pi3yep,bat_score=0 (matched),0,1
rirk1u,bat_score=0 (matched),0,1
m2an38,bat_score=0 (matched),0,1
kxtee1,bat_score=0 (matched),0,1
qdk1bw,bat_score=0 (matched),0,1
l1afme,bat_score=0 (matched),0,1
r51m80,bat_score=0 (matched),0,1
mv6qbt,bat_score=0 (matched),0,1
l2bsf8,bat_score=0 (matched),0,1
qsawcj,bat_score=0 (matched),0,1
mlbwxd,bat_score=0 (matched),0,1
mmntmf,bat_score=0 (matched),0,1
nvk3yf,bat_score=0 (matched),0,1
o7bael,bat_score=0 (matched),0,1
qxownv,bat_score=0 (matched),0,1
npw2aw,bat_score=0 (matched),0,1
lq4zag,bat_score=0 (matched),0,1
qhjpq0,bat_score=0 (matched),0,1
qlw00i,bat_score=0 (matched),0,1
l9ob9v,bat_score=0 (matched),0,1
pgdl7b,bat_score=0 (matched),0,1
lhoq6n,bat_score=0 (matched),0,1
ojjpfc,bat_score=0 (matched),0,1
qncbdf,bat_score=0 (matched),0,1
rkhk3f,bat_score=0 (matched),0,1
np6mnb,bat_score=0 (matched),0,1
qqhjre,bat_score=0 (matched),0,1
q8u8k1,bat_score=0 (matched),0,1
lpqwd8,bat_score=0 (matched),0,1
l0qatg,bat_score=0 (matched),0,1
oewjks,bat_score=0 (matched),0,1
m3au4a,bat_score=0 (matched),0,1
lro7jg,bat_score=0 (matched),0,1
pvahm8,bat_score=0 (matched),0,1
ojr08f,bat_score=0 (matched),0,1
qbyyui,bat_score=0 (matched),0,1
llgxrv,bat_score=0 (matched),0,1
oykm1j,bat_score=0 (matched),0,1
q4s4r4,bat_score=0 (matched),0,1
p29q4l,bat_score=0 (matched),0,1
okcnpc,bat_score=0 (matched),0,1
q87fr2,bat_score=0 (matched),0,1
mq8o02,bat_score=0 (matched),0,1
nhpun4,bat_score=0 (matched),0,1
q83f2a,bat_score=0 (matched),0,1
o9vhv9,bat_score=0 (matched),0,1
riguak,bat_score=0 (matched),0,1
mqyqfd,bat_score=0 (matched),0,1
mixq8g,bat_score=0 (matched),0,1
lcdvsu,bat_score=0 (matched),0,1
o6wzs7,bat_score=0 (matched),0,1
q6gz14,bat_score=0 (matched),0,1
mmdiey,bat_score=0 (matched),0,1
qqxt2u,bat_score=0 (matched),0,1
pynmps,bat_score=0 (matched),0,1
l6rety,bat_score=0 (matched),0,1
pg5seu,bat_score=0 (matched),0,1
nxihua,bat_score=0 (matched),0,1
o1hj0u,bat_score=0 (matched),0,1
nle1gn,bat_score=0 (matched),0,1
r0t4z3,bat_score=0 (matched),0,1
q9rjzj,bat_score=0 (matched),0,1
murc7m,bat_score=0 (matched),0,1
rctdy1,bat_score=0 (matched),0,1
p612ug,bat_score=0 (matched),0,1
qmlp9w,bat_score=0 (matched),0,1
q2yyai,bat_score=0 (matched),0,1
kr55xv,bat_score=0 (matched),0,1
oxsxit,bat_score=0 (matched),0,1
ot2pvc,bat_score=0 (matched),0,1
m2x2g9,bat_score=0 (matched),0,1
llx5hy,bat_score=0 (matched),0,1
nqt2tc,bat_score=0 (matched),0,1
n9sx1t,bat_score=0 (matched),0,1
pwuq77,bat_score=0 (matched),0,1
nw6zcg,bat_score=0 (matched),0,1
rh1lxf,bat_score=0 (matched),0,1
qml3fv,bat_score=0 (matched),0,1
mzp5ta,bat_score=0 (matched),0,1
ngdu4o,bat_score=0 (matched),0,1
o481hi,bat_score=0 (matched),0,1
qpqdix,bat_score=0 (matched),0,1
o9mxla,bat_score=0 (matched),0,1
mkhnuk,bat_score=0 (matched),0,1
kv8q2j,bat_score=0 (matched),0,1
p8bx89,bat_score=0 (matched),0,1
lo0gew,bat_score=0 (matched),0,1
l2ymd0,bat_score=0 (matched),0,1
mrdy78,bat_score=0 (matched),0,1
mvp2o7,bat_score=0 (matched),0,1
lspmxe,bat_score=0 (matched),0,1
mnpaab,bat_score=0 (matched),0,1
mwku21,bat_score=0 (matched),0,1
rlrxhu,bat_score=0 (matched),0,1
o7ahi1,bat_score=0 (matched),0,1
mw90xl,bat_score=0 (matched),0,1
oz8aud,bat_score=0 (matched),0,1
m3oatv,bat_score=0 (matched),0,1
m9fq7k,bat_score=0 (matched),0,1
lvrssg,bat_score=0 (matched),0,1
qwx58p,bat_score=0 (matched),0,1
nedxan,bat_score=0 (matched),0,1
pn48rk,bat_score=0 (matched),0,1
pbh0bg,bat_score=0 (matched),0,1
l4sbqn,bat_score=0 (matched),0,1
p656b8,bat_score=0 (matched),0,1
lygrn7,bat_score=0 (matched),0,1
nmm3d6,bat_score=0 (matched),0,1
qr0cqk,bat_score=0 (matched),0,1
mmre2y,bat_score=0 (matched),0,1
phm9qa,bat_score=0 (matched),0,1
nhs6xx,bat_score=0 (matched),0,1
lvxjva,bat_score=0 (matched),0,1
lgu1jg,bat_score=0 (matched),0,1
pfz474,bat_score=0 (matched),0,1
lumar4,bat_score=0 (matched),0,1
qwfjeu,bat_score=0 (matched),0,1
nglvcf,bat_score=0 (matched),0,1
o9vpur,bat_score=0 (matched),0,1
puah3x,bat_score=0 (matched),0,1
riplls,bat_score=0 (matched),0,1
o7p8jf,bat_score=0 (matched),0,1
kxgvom,bat_score=0 (matched),0,1
qpty9m,bat_score=0 (matched),0,1
qusbay,bat_score=0 (matched),0,1
o71pyd,bat_score=0 (matched),0,1
pig8e1,bat_score=0 (matched),0,1
plwdgz,bat_score=0 (matched),0,1
rq0kux,bat_score=0 (matched),0,1
q7b280,bat_score=0 (matched),0,1
pwfgh8,bat_score=0 (matched),0,1
nfirk8,bat_score=0 (matched),0,1
nlf066,bat_score=0 (matched),0,1
pc7kmq,bat_score=0 (matched),0,1
nr4l4d,bat_score=0 (matched),0,1
qine4k,bat_score=0 (matched),0,1
qsegv3,bat_score=0 (matched),0,1
nen1l9,bat_score=0 (matched),0,1
kqcho2,bat_score=0 (matched),0,1
qg5cyh,bat_score=0 (matched),0,1
okzer1,bat_score=0 (matched),0,1
q6lnqr,bat_score=0 (matched),0,1
o16y1d,bat_score=0 (matched),0,1
otx2ju,bat_score=0 (matched),0,1
p94v53,bat_score=0 (matched),0,1
lb2uo1,bat_score=0 (matched),0,1
q7prwu,bat_score=0 (matched),0,1
l3d99o,bat_score=0 (matched),0,1
pppzvt,bat_score=0 (matched),0,1
muv9cf,bat_score=0 (matched),0,1
pco4p5,bat_score=0 (matched),0,1
qjaqoq,bat_score=0 (matched),0,1
ofiawt,bat_score=0 (matched),0,1
mboyo5,bat_score=0 (matched),0,1
nks3x5,bat_score=0 (matched),0,1
o1av92,bat_score=0 (matched),0,1
qqclx0,bat_score=0 (matched),0,1
lrxifz,bat_score=0 (matched),0,1
mr1b9s,bat_score=0 (matched),0,1
ot9a5x,bat_score=0 (matched),0,1
o73yqu,bat_score=0 (matched),0,1
p78w4n,bat_score=0 (matched),0,1
miso0n,bat_score=0 (matched),0,1
rljfps,bat_score=0 (matched),0,1
ra6hv2,bat_score=0 (matched),0,1
p6m5mo,bat_score=0 (matched),0,1
o0h6wc,bat_score=0 (matched),0,1
kt5wzo,bat_score=0 (matched),0,1
n75s81,bat_score=0 (matched),0,1
kt4rb0,bat_score=0 (matched),0,1
r4gjo4,bat_score=0 (matched),0,1
pwc3sb,bat_score=0 (matched),0,1
nkolwe,bat_score=0 (matched),0,1
ob3ovq,bat_score=0 (matched),0,1
opxiht,bat_score=0 (matched),0,1
nec7xr,bat_score=0 (matched),0,1
qh2082,bat_score=0 (matched),0,1
rli59b,bat_score=0 (matched),0,1
pgce21,bat_score=0 (matched),0,1
qm1kv7,bat_score=0 (matched),0,1
nlvg98,bat_score=0 (matched),0,1
p6srt5,bat_score=0 (matched),0,1
m8nb1o,bat_score=0 (matched),0,1
lau78j,bat_score=0 (matched),0,1
nzwxgw,bat_score=0 (matched),0,1
oe3gin,bat_score=0 (matched),0,1
ohj0y2,bat_score=0 (matched),0,1
mbni23,bat_score=0 (matched),0,1
natwti,bat_score=0 (matched),0,1
ofs7kl,bat_score=0 (matched),0,1
mljbq2,bat_score=0 (matched),0,1
lhsetx,bat_score=0 (matched),0,1
lnm7um,bat_score=0 (matched),0,1
px9t34,bat_score=0 (matched),0,1
nlsl45,bat_score=0 (matched),0,1
l05bfd,bat_score=0 (matched),0,1
n4r24r,bat_score=0 (matched),0,1
kqhj0d,bat_score=0 (matched),0,1
mwqiig,bat_score=0 (matched),0,1
m5skrf,bat_score=0 (matched),0,1
rkjxbx,bat_score=0 (matched),0,1
oz9yzz,bat_score=0 (matched),0,1
qsl9uo,bat_score=0 (matched),0,1
p5aow9,bat_score=0 (matched),0,1
otsqlk,bat_score=0 (matched),0,1
lrmsn4,bat_score=0 (matched),0,1
qkqe15,bat_score=0 (matched),0,1
obrfju,bat_score=0 (matched),0,1
lblrfk,bat_score=0 (matched),0,1
qbz9r7,bat_score=0 (matched),0,1
nle89o,bat_score=0 (matched),0,1
p8x46i,bat_score=0 (matched),0,1
mi5rn0,bat_score=0 (matched),0,1
nvyhnz,bat_score=0 (matched),0,1
rn37jz,bat_score=0 (matched),0,1
onnl09,bat_score=0 (matched),0,1
oxzabn,bat_score=0 (matched),0,1
lyk1sb,bat_score=0 (matched),0,1
lt0q8l,bat_score=0 (matched),0,1
rcnpa7,bat_score=0 (matched),0,1
qcx1md,bat_score=0 (matched),0,1
qpb41z,bat_score=0 (matched),0,1
m0rznc,bat_score=0 (matched),0,1
mzpury,bat_score=0 (matched),0,1
q3bioe,bat_score=0 (matched),0,1
qq206u,bat_score=0 (matched),0,1
olgzhs,bat_score=0 (matched),0,1
qmozng,bat_score=0 (matched),0,1
p21u6o,bat_score=0 (matched),0,1
r8zxq4,bat_score=0 (matched),0,1
pwpm6a,bat_score=0 (matched),0,1
qakoo2,bat_score=0 (matched),0,1
nsjszs,bat_score=0 (matched),0,1
r5tpdc,bat_score=0 (matched),0,1
m7zhgo,bat_score=0 (matched),0,1
m983ck,bat_score=0 (matched),0,1
pfy11q,bat_score=0 (matched),0,1
kwn81z,bat_score=0 (matched),0,1
npwkwn,bat_score=0 (matched),0,1
q40ure,bat_score=0 (matched),0,1
nkt3zh,bat_score=0 (matched),0,1
lg5x5x,bat_score=0 (matched),0,1
n1sof0,bat_score=0 (matched),0,1
p40dhs,bat_score=0 (matched),0,1
mqfc5k,bat_score=0 (matched),0,1
nmgvpj,bat_score=0 (matched),0,1
kx7ixd,bat_score=0 (matched),0,1
m3uyl2,bat_score=0 (matched),0,1
pyv6z1,bat_score=0 (matched),0,1
ogbenb,bat_score=0 (matched),0,1
r9kjl8,bat_score=0 (matched),0,1
kp5vd3,bat_score=0 (matched),0,1
pqboy3,bat_score=0 (matched),0,1
otcjnn,bat_score=0 (matched),0,1
lpyx8l,bat_score=0 (matched),0,1
opkfjc,bat_score=0 (matched),0,1
l1anvs,bat_score=0 (matched),0,1
plxaoc,bat_score=0 (matched),0,1
r38osh,bat_score=0 (matched),0,1
qxcfcn,bat_score=0 (matched),0,1
m3qwp6,bat_score=0 (matched),0,1
qwanqv,bat_score=0 (matched),0,1
q50goq,bat_score=0 (matched),0,1
qmr7gl,bat_score=0 (matched),0,1
lg5eek,bat_score=0 (matched),0,1
m6nzc9,bat_score=0 (matched),0,1
po6b8e,bat_score=0 (matched),0,1
pad6s7,bat_score=0 (matched),0,1
l3wr2w,bat_score=0 (matched),0,1
m1sg25,bat_score=0 (matched),0,1
p1c05w,bat_score=0 (matched),0,1
lsb46x,bat_score=0 (matched),0,1
mjaqhm,bat_score=0 (matched),0,1
ptyalj,bat_score=0 (matched),0,1
pjmkw8,bat_score=0 (matched),0,1
kw7li2,bat_score=0 (matched),0,1
mfj5i2,bat_score=0 (matched),0,1
ma85zc,bat_score=0 (matched),0,1
r7mhcr,bat_score=0 (matched),0,1
n1ugok,bat_score=0 (matched),0,1
otgnmd,bat_score=0 (matched),0,1
nptx7u,bat_score=0 (matched),0,1
n6hz6y,bat_score=0 (matched),0,1
mwxegd,bat_score=0 (matched),0,1
mqiahi,bat_score=0 (matched),0,1
l1iegm,bat_score=0 (matched),0,1
qq7jgx,bat_score=0 (matched),0,1
ns5x9o,bat_score=0 (matched),0,1
otf4sc,bat_score=0 (matched),0,1
rga2sn,bat_score=0 (matched),0,1
nlle8n,bat_score=0 (matched),0,1
l6f7h0,bat_score=0 (matched),0,1
pogb1a,bat_score=0 (matched),0,1
kw3710,bat_score=0 (matched),0,1
qqiys8,bat_score=0 (matched),0,1
lmdojv,bat_score=0 (matched),0,1
nv94p4,bat_score=0 (matched),0,1
ld82l2,bat_score=0 (matched),0,1
q6sesu,bat_score=0 (matched),0,1
l70jy1,bat_score=0 (matched),0,1
ovbrdl,bat_score=0 (matched),0,1
oxb426,bat_score=0 (matched),0,1
nc7r5z,bat_score=0 (matched),0,1
pt9ty6,bat_score=0 (matched),0,1
msbruk,bat_score=0 (matched),0,1
m78o8v,bat_score=0 (matched),0,1
mr93yp,bat_score=0 (matched),0,1
ll7xj8,bat_score=0 (matched),0,1
p1c09h,bat_score=0 (matched),0,1
m4cdua,bat_score=0 (matched),0,1
ox7ajx,bat_score=0 (matched),0,1
m1hkiw,bat_score=0 (matched),0,1
qzv4eo,bat_score=0 (matched),0,1
mc3wnm,bat_score=0 (matched),0,1
qmk0q0,bat_score=0 (matched),0,1
pt86bp,bat_score=0 (matched),0,1
r9zo0h,bat_score=0 (matched),0,1
nv7ztj,bat_score=0 (matched),0,1
n16xuk,bat_score=0 (matched),0,1
pups2x,bat_score=0 (matched),0,1
lyog3d,bat_score=0 (matched),0,1
md5lxr,bat_score=0 (matched),0,1
rt26xn,bat_score=0 (matched),0,1
q7wohc,bat_score=0 (matched),0,1
n0fiij,bat_score=0 (matched),0,1
puf19q,bat_score=0 (matched),0,1
pzg33r,bat_score=0 (matched),0,1
ldesk5,bat_score=0 (matched),0,1
mk6j4l,bat_score=0 (matched),0,1
nrps72,bat_score=0 (matched),0,1
n4j7wb,bat_score=0 (matched),0,1
r108co,bat_score=0 (matched),0,1
ri1xcc,bat_score=0 (matched),0,1
nto8c5,bat_score=0 (matched),0,1
oan3ly,bat_score=0 (matched),0,1
qaql68,bat_score=0 (matched),0,1
qfibdy,bat_score=0 (matched),0,1
lyofa0,bat_score=0 (matched),0,1
pr3yfe,bat_score=0 (matched),0,1
ptxm2p,bat_score=0 (matched),0,1
ogd84e,bat_score=0 (matched),0,1
onk00f,bat_score=0 (matched),0,1
ql29lk,bat_score=0 (matched),0,1
qmuxrr,bat_score=0 (matched),0,1
ndgzm5,bat_score=0 (matched),0,1
lbqdbl,bat_score=0 (matched),0,1
pw5krl,bat_score=0 (matched),0,1
rhrtvg,bat_score=0 (matched),0,1
ocr5h0,bat_score=0 (matched),0,1
pr3o4y,bat_score=0 (matched),0,1
oqu38u,bat_score=0 (matched),0,1
kxzaey,bat_score=0 (matched),0,1
r816kp,bat_score=0 (matched),0,1
lfchsi,bat_score=0 (matched),0,1
l00eww,bat_score=0 (matched),0,1
o9qmno,bat_score=0 (matched),0,1
mt347y,bat_score=0 (matched),0,1
p78oi0,bat_score=0 (matched),0,1
qlx006,bat_score=0 (matched),0,1
ml444x,bat_score=0 (matched),0,1
lnnfu1,bat_score=0 (matched),0,1
r0geqv,bat_score=0 (matched),0,1
qpfk3b,bat_score=0 (matched),0,1
lpyht5,bat_score=0 (matched),0,1
rkxbqa,bat_score=0 (matched),0,1
l5la0w,bat_score=0 (matched),0,1
md0mmm,bat_score=0 (matched),0,1
p70kqb,bat_score=0 (matched),0,1
llgde8,bat_score=0 (matched),0,1
pkj9zy,bat_score=0 (matched),0,1
ksfwhd,bat_score=0 (matched),0,1
lw6ywp,bat_score=0 (matched),0,1
oc8uxn,bat_score=0 (matched),0,1
qtzyok,bat_score=0 (matched),0,1
r2yt4g,bat_score=0 (matched),0,1
n19y8g,bat_score=0 (matched),0,1
nbn8ba,bat_score=0 (matched),0,1
n1tr05,bat_score=0 (matched),0,1
rnjblq,bat_score=0 (matched),0,1
pa56cx,bat_score=0 (matched),0,1
qo4wjb,bat_score=0 (matched),0,1
mveypl,bat_score=0 (matched),0,1
r4ygtl,bat_score=0 (matched),0,1
opfuho,bat_score=0 (matched),0,1
r74gyz,bat_score=0 (matched),0,1
rbi7bs,bat_score=0 (matched),0,1
q27bhp,bat_score=0 (matched),0,1
l9bp6h,bat_score=0 (matched),0,1
ly9gmo,bat_score=0 (matched),0,1
o9xywl,bat_score=0 (matched),0,1
qrm4tp,bat_score=0 (matched),0,1
mdms4h,bat_score=0 (matched),0,1
pm2zg1,bat_score=0 (matched),0,1
o34lyn,bat_score=0 (matched),0,1
lsdvhs,bat_score=0 (matched),0,1
ocdts0,bat_score=0 (matched),0,1
l00f3y,bat_score=0 (matched),0,1
qz602w,bat_score=0 (matched),0,1
rhqswl,bat_score=0 (matched),0,1
pfpcdu,bat_score=0 (matched),0,1
lsxuh8,bat_score=0 (matched),0,1
otahj7,bat_score=0 (matched),0,1
ljw5dy,bat_score=0 (matched),0,1
lxrm5j,bat_score=0 (matched),0,1
pxyg9j,bat_score=0 (matched),0,1
n0fqfh,bat_score=0 (matched),0,1
nk0wru,bat_score=0 (matched),0,1
nkpgi9,bat_score=0 (matched),0,1
ox2uk6,bat_score=0 (matched),0,1
o107an,bat_score=0 (matched),0,1
laghdh,bat_score=0 (matched),0,1
pctboj,bat_score=0 (matched),0,1
p739de,bat_score=0 (matched),0,1
posjmr,bat_score=0 (matched),0,1
lmtzlq,bat_score=0 (matched),0,1
l227in,bat_score=0 (matched),0,1
q3yl2z,bat_score=0 (matched),0,1
qyzuo9,bat_score=0 (matched),0,1
rigpim,bat_score=0 (matched),0,1
p2n9g5,bat_score=0 (matched),0,1
qxp7ok,bat_score=0 (matched),0,1
l2t1jd,bat_score=0 (matched),0,1
pks8p6,bat_score=0 (matched),0,1
lxzydt,bat_score=0 (matched),0,1
q3nfyu,bat_score=0 (matched),0,1
rik3bl,bat_score=0 (matched),0,1
koegqj,bat_score=0 (matched),0,1
o70gwa,bat_score=0 (matched),0,1
oj2l1c,bat_score=0 (matched),0,1
qlz2rk,bat_score=0 (matched),0,1
p82no5,bat_score=0 (matched),0,1
nmwcc9,bat_score=0 (matched),0,1
qi3dw9,bat_score=0 (matched),0,1
rjdi26,bat_score=0 (matched),0,1
r818yu,bat_score=0 (matched),0,1
l0bsv3,bat_score=0 (matched),0,1
nilsdr,bat_score=0 (matched),0,1
pin5wh,bat_score=0 (matched),0,1
li78g0,bat_score=0 (matched),0,1
nt73fz,bat_score=0 (matched),0,1
rmxyde,bat_score=0 (matched),0,1
mldsy8,bat_score=0 (matched),0,1
q82hio,bat_score=0 (matched),0,1
pf5lqw,bat_score=0 (matched),0,1
krd80g,bat_score=0 (matched),0,1
p0yec4,bat_score=0 (matched),0,1
m43nms,bat_score=0 (matched),0,1
okxp7w,bat_score=0 (matched),0,1
lqzoct,bat_score=0 (matched),0,1
l6rzai,bat_score=0 (matched),0,1
m2a1re,bat_score=0 (matched),0,1
n73xwp,bat_score=0 (matched),0,1
nsfgjp,bat_score=0 (matched),0,1
p6s2jf,bat_score=0 (matched),0,1
o5xk1t,bat_score=0 (matched),0,1
lfdbrh,bat_score=0 (matched),0,1
r11gd7,bat_score=0 (matched),0,1
pbe4gt,bat_score=0 (matched),0,1
ok257i,bat_score=0 (matched),0,1
pmjs40,bat_score=0 (matched),0,1
nqa7gb,bat_score=0 (matched),0,1
pyl3la,bat_score=0 (matched),0,1
onz8jv,bat_score=0 (matched),0,1
lvg80j,bat_score=0 (matched),0,1
qczrey,bat_score=0 (matched),0,1
nr4q5a,bat_score=0 (matched),0,1
lvffv2,bat_score=0 (matched),0,1
rpxptb,bat_score=0 (matched),0,1
ol6xv7,bat_score=0 (matched),0,1
r0cqd3,bat_score=0 (matched),0,1
otg6vn,bat_score=0 (matched),0,1
mh78aw,bat_score=0 (matched),0,1
ovcubv,bat_score=0 (matched),0,1
lyc9lx,bat_score=0 (matched),0,1
nzzeoo,bat_score=0 (matched),0,1
l5x7xy,bat_score=0 (matched),0,1
mrlnlo,bat_score=0 (matched),0,1
rrm8ny,bat_score=0 (matched),0,1
kzjcnp,bat_score=0 (matched),0,1
rn07w6,bat_score=0 (matched),0,1
m3rp37,bat_score=0 (matched),0,1
pta7hi,bat_score=0 (matched),0,1
n68aua,bat_score=0 (matched),0,1
mdq9o1,bat_score=0 (matched),0,1
qfxoly,bat_score=0 (matched),0,1
nazpus,bat_score=0 (matched),0,1
pnp5y6,bat_score=0 (matched),0,1
q6qum2,bat_score=0 (matched),0,1
nj0d2g,bat_score=0 (matched),0,1
ng9s70,bat_score=0 (matched),0,1
ngbf1z,bat_score=0 (matched),0,1
lezf0a,bat_score=0 (matched),0,1
lciylj,bat_score=0 (matched),0,1
n6aru6,bat_score=0 (matched),0,1
owgugv,bat_score=0 (matched),0,1
lzz4ib,bat_score=0 (matched),0,1
nok0sk,bat_score=0 (matched),0,1
kqeeql,bat_score=0 (matched),0,1
qwxbz2,bat_score=0 (matched),0,1
rlkamb,bat_score=0 (matched),0,1
qqt8bx,bat_score=0 (matched),0,1
pmqbc6,bat_score=0 (matched),0,1
n0oi84,bat_score=0 (matched),0,1
n482vy,bat_score=0 (matched),0,1
mh33p8,bat_score=0 (matched),0,1
lb152g,bat_score=0 (matched),0,1
m72goq,bat_score=0 (matched),0,1
mh1idv,bat_score=0 (matched),0,1
mhb9e3,bat_score=0 (matched),0,1
mwk6cu,bat_score=0 (matched),0,1
omrjlp,bat_score=0 (matched),0,1
r7a4fy,bat_score=0 (matched),0,1
py5ht3,bat_score=0 (matched),0,1
o18w6x,bat_score=0 (matched),0,1
oskaic,bat_score=0 (matched),0,1
m698xk,bat_score=0 (matched),0,1
onnny7,bat_score=0 (matched),0,1
mzurcy,bat_score=0 (matched),0,1
o5mz20,bat_score=0 (matched),0,1
mdd58m,bat_score=0 (matched),0,1
l49wy1,bat_score=0 (matched),0,1
n21nlc,bat_score=0 (matched),0,1
qctngg,bat_score=0 (matched),0,1
qwuc5i,bat_score=0 (matched),0,1
mm1zl3,bat_score=0 (matched),0,1
ksdm63,bat_score=0 (matched),0,1
qjrv3w,bat_score=0 (matched),0,1
q1k0xc,bat_score=0 (matched),0,1
lfmnwt,bat_score=0 (matched),0,1
rm8m1r,bat_score=0 (matched),0,1
krm0lq,bat_score=0 (matched),0,1
l740yw,bat_score=0 (matched),0,1
oaju8r,bat_score=0 (matched),0,1
kwy1fh,bat_score=0 (matched),0,1
qf3ng2,bat_score=0 (matched),0,1
o7aawp,bat_score=0 (matched),0,1
ro3pte,bat_score=0 (matched),0,1
r16a3j,bat_score=0 (matched),0,1
l5mfiu,bat_score=0 (matched),0,1
n8f0q6,bat_score=0 (matched),0,1
l0xi7r,bat_score=0 (matched),0,1
rj62mz,bat_score=0 (matched),0,1
mtdjxa,bat_score=0 (matched),0,1
lt0pnm,bat_score=0 (matched),0,1
mdu5ox,bat_score=0 (matched),0,1
rqmoqq,bat_score=0 (matched),0,1
ks0fxm,bat_score=0 (matched),0,1
qg2esz,bat_score=0 (matched),0,1
owasxq,bat_score=0 (matched),0,1
lmeilc,bat_score=0 (matched),0,1
pa23y5,bat_score=0 (matched),0,1
o5t91k,bat_score=0 (matched),0,1
m72anf,bat_score=0 (matched),0,1
nxpe80,bat_score=0 (matched),0,1
mpcro9,bat_score=0 (matched),0,1
qxa025,bat_score=0 (matched),0,1
q3bsy8,bat_score=0 (matched),0,1
n9x8ox,bat_score=0 (matched),0,1
rhtsfv,bat_score=0 (matched),0,1
qg6udf,bat_score=0 (matched),0,1
ofx1ym,bat_score=0 (matched),0,1
rb7l9t,bat_score=0 (matched),0,1
mhi5wy,bat_score=0 (matched),0,1
pnlbuy,bat_score=0 (matched),0,1
n56hs6,bat_score=0 (matched),0,1
q0xo36,bat_score=0 (matched),0,1
oq8erz,bat_score=0 (matched),0,1
l2fdeu,bat_score=0 (matched),0,1
lrxlor,bat_score=0 (matched),0,1
lgs40b,bat_score=0 (matched),0,1
lfeoy9,bat_score=0 (matched),0,1
nvty2i,bat_score=0 (matched),0,1
r0uyt1,bat_score=0 (matched),0,1
kr8knm,bat_score=0 (matched),0,1
qh8rqy,bat_score=0 (matched),0,1
q3b7zp,bat_score=0 (matched),0,1
rpr3bs,bat_score=0 (matched),0,1
ph912u,bat_score=0 (matched),0,1
qlpvrk,bat_score=0 (matched),0,1
pbpzqe,bat_score=0 (matched),0,1
n90f16,bat_score=0 (matched),0,1
rlgz42,bat_score=0 (matched),0,1
qtwp0e,bat_score=0 (matched),0,1
qxgqfi,bat_score=0 (matched),0,1
mn73ea,bat_score=0 (matched),0,1
lmp2pe,bat_score=0 (matched),0,1
n0ll31,bat_score=0 (matched),0,1
mscl0r,bat_score=0 (matched),0,1
ln0lng,bat_score=0 (matched),0,1
qukudz,bat_score=0 (matched),0,1
lrwr2q,bat_score=0 (matched),0,1
otm0fo,bat_score=0 (matched),0,1
lbgtdo,bat_score=0 (matched),0,1
pbt6ti,bat_score=0 (matched),0,1
kx9t1o,bat_score=0 (matched),0,1
mk1e6p,bat_score=0 (matched),0,1
osnw17,bat_score=0 (matched),0,1
q7qv39,bat_score=0 (matched),0,1
n74rdy,bat_score=0 (matched),0,1
mwd8c9,bat_score=0 (matched),0,1
ox846e,bat_score=0 (matched),0,1
nffxjs,bat_score=0 (matched),0,1
lrearp,bat_score=0 (matched),0,1
l0mlht,bat_score=0 (matched),0,1
mlj8li,bat_score=0 (matched),0,1
lyp0dw,bat_score=0 (matched),0,1
okcz1z,bat_score=0 (matched),0,1
pae6hs,bat_score=0 (matched),0,1
n699ul,bat_score=0 (matched),0,1
kwp7xb,bat_score=0 (matched),0,1
n2ny6c,bat_score=0 (matched),0,1
qdgavm,bat_score=0 (matched),0,1
mgnyk2,bat_score=0 (matched),0,1
qklyms,bat_score=0 (matched),0,1
ly99sk,bat_score=0 (matched),0,1
qktk0j,bat_score=0 (matched),0,1
os1swv,bat_score=0 (matched),0,1
n9iovs,bat_score=0 (matched),0,1
m7f39b,bat_score=0 (matched),0,1
qqx3gu,bat_score=0 (matched),0,1
pyn3dl,bat_score=0 (matched),0,1
m8nra6,bat_score=0 (matched),0,1
l97pv4,bat_score=0 (matched),0,1
qd0b8p,bat_score=0 (matched),0,1
nff91g,bat_score=0 (matched),0,1
mryao1,bat_score=0 (matched),0,1
nfidfa,bat_score=0 (matched),0,1
n8l59r,bat_score=0 (matched),0,1
pteydx,bat_score=0 (matched),0,1
naegrs,bat_score=0 (matched),0,1
nmwhyu,bat_score=0 (matched),0,1
muoa6g,bat_score=0 (matched),0,1
oky0cc,bat_score=0 (matched),0,1
ps1tni,bat_score=0 (matched),0,1
qgk49a,bat_score=0 (matched),0,1
oisor8,bat_score=0 (matched),0,1
mrmoia,bat_score=0 (matched),0,1
qzt7j5,bat_score=0 (matched),0,1
pc7o58,bat_score=0 (matched),0,1
obuwu7,bat_score=0 (matched),0,1
rspb08,bat_score=0 (matched),0,1
qqwmbb,bat_score=0 (matched),0,1
qxr69l,bat_score=0 (matched),0,1
p5b3tg,bat_score=0 (matched),0,1
qlvv7h,bat_score=0 (matched),0,1
pc3u90,bat_score=0 (matched),0,1
ota49b,bat_score=0 (matched),0,1
mbd2c0,bat_score=0 (matched),0,1
l1ha3j,bat_score=0 (matched),0,1
nczay3,bat_score=0 (matched),0,1
mlzu1o,bat_score=0 (matched),0,1
o7u5o6,bat_score=0 (matched),0,1
qm37ie,bat_score=0 (matched),0,1
n5e693,bat_score=0 (matched),0,1
ph9x2u,bat_score=0 (matched),0,1
r1zub5,bat_score=0 (matched),0,1
mimngo,bat_score=0 (matched),0,1
oz5t51,bat_score=0 (matched),0,1
nvvfgc,bat_score=0 (matched),0,1
pq1o37,bat_score=0 (matched),0,1
p2vnx3,bat_score=0 (matched),0,1
qhyx26,bat_score=0 (matched),0,1
qrp486,bat_score=0 (matched),0,1
kwrqhk,bat_score=0 (matched),0,1
nzfnrv,bat_score=0 (matched),0,1
lmaln0,bat_score=0 (matched),0,1
pal8jk,bat_score=0 (matched),0,1
lbqwjv,bat_score=0 (matched),0,1
q5h5sp,bat_score=0 (matched),0,1
m1fz83,bat_score=0 (matched),0,1
no9cla,bat_score=0 (matched),0,1
rl42oi,bat_score=0 (matched),0,1
m2r1w3,bat_score=0 (matched),0,1
ls8i4b,bat_score=0 (matched),0,1
m5t87h,bat_score=0 (matched),0,1
n1xz1h,bat_score=0 (matched),0,1
nigy89,bat_score=0 (matched),0,1
qd0v3l,bat_score=0 (matched),0,1
p6u54o,bat_score=0 (matched),0,1
omsp57,bat_score=0 (matched),0,1
ri125n,bat_score=0 (matched),0,1
n4egwk,bat_score=0 (matched),0,1
pxusv4,bat_score=0 (matched),0,1
p6241y,bat_score=0 (matched),0,1
q9v37v,bat_score=0 (matched),0,1
ouqwpe,bat_score=0 (matched),0,1
pzrncp,bat_score=0 (matched),0,1
u9d6qg,bat_score=0 (matched),0,1
ta8wmu,bat_score=0 (matched),0,1
talx18,bat_score=0 (matched),0,1
vmhngr,bat_score=0 (matched),0,1
u7wfn2,bat_score=0 (matched),0,1
v3qpha,bat_score=0 (matched),0,1
vsz5p5,bat_score=0 (matched),0,1
vz637n,bat_score=0 (matched),0,1
t88fyo,bat_score=0 (matched),0,1
s3yrtp,bat_score=0 (matched),0,1
wjfbh2,bat_score=0 (matched),0,1
vcu608,bat_score=0 (matched),0,1
z3a7v1,bat_score=0 (matched),0,1
tyat4y,bat_score=0 (matched),0,1
v2u9t5,bat_score=0 (matched),0,1
xl9cvr,bat_score=0 (matched),0,1
sjop64,bat_score=0 (matched),0,1
uvr1ym,bat_score=0 (matched),0,1
vj5tbw,bat_score=0 (matched),0,1
y2ndl0,bat_score=0 (matched),0,1
s50c34,bat_score=0 (matched),0,1
s2j4m4,bat_score=0 (matched),0,1
tfvvqm,bat_score=0 (matched),0,1
v7jxoz,bat_score=0 (matched),0,1
s0c9dn,bat_score=0 (matched),0,1
v7rhoa,bat_score=0 (matched),0,1
xkgltz,bat_score=0 (matched),0,1
vmqx40,bat_score=0 (matched),0,1
u7wjxw,bat_score=0 (matched),0,1
vbi5jg,bat_score=0 (matched),0,1
worzc5,bat_score=0 (matched),0,1
x7r14i,bat_score=0 (matched),0,1
u79e85,bat_score=0 (matched),0,1
uix5m5,bat_score=0 (matched),0,1
spwwj8,bat_score=0 (matched),0,1
vuovy0,bat_score=0 (matched),0,1
v9gxuo,bat_score=0 (matched),0,1
x9k5f3,bat_score=0 (matched),0,1
t6lss5,bat_score=0 (matched),0,1
s1l8uw,bat_score=0 (matched),0,1
y07m6j,bat_score=0 (matched),0,1
yqokmo,bat_score=0 (matched),0,1
yx7lql,bat_score=0 (matched),0,1
zrpj4f,bat_score=0 (matched),0,1
v9emsi,bat_score=0 (matched),0,1
t9dwgp,bat_score=0 (matched),0,1
ycrghs,bat_score=0 (matched),0,1
xqp2ri,bat_score=0 (matched),0,1
x3t9ap,bat_score=0 (matched),0,1
u3wcsn,bat_score=0 (matched),0,1
sphvln,bat_score=0 (matched),0,1
wrlebr,bat_score=0 (matched),0,1
xlzobb,bat_score=0 (matched),0,1
utlxmj,bat_score=0 (matched),0,1
uez0j1,bat_score=0 (matched),0,1
txw0ib,bat_score=0 (matched),0,1
yeston,bat_score=0 (matched),0,1
x0ter6,bat_score=0 (matched),0,1
sogdhi,bat_score=0 (matched),0,1
v43t0r,bat_score=0 (matched),0,1
t0olbz,bat_score=0 (matched),0,1
vqlw27,bat_score=0 (matched),0,1
zxe0hn,bat_score=0 (matched),0,1
t64du9,bat_score=0 (matched),0,1
xe90ma,bat_score=0 (matched),0,1
s1g6s8,bat_score=0 (matched),0,1
sgyv4y,bat_score=0 (matched),0,1
vxp1iy,bat_score=0 (matched),0,1
vlrv0d,bat_score=0 (matched),0,1
svo45u,bat_score=0 (matched),0,1
x9wzsk,bat_score=0 (matched),0,1
xavkf6,bat_score=0 (matched),0,1
vzn7af,bat_score=0 (matched),0,1
ubn1ds,bat_score=0 (matched),0,1
ylf25r,bat_score=0 (matched),0,1
ryqqoc,bat_score=0 (matched),0,1
s38o1p,bat_score=0 (matched),0,1
ttaspt,bat_score=0 (matched),0,1
u90so1,bat_score=0 (matched),0,1
xtmszz,bat_score=0 (matched),0,1
y2b36o,bat_score=0 (matched),0,1
wpzknp,bat_score=0 (matched),0,1
w9glmh,bat_score=0 (matched),0,1
tt5ef5,bat_score=0 (matched),0,1
vjtnvo,bat_score=0 (matched),0,1
x75gsz,bat_score=0 (matched),0,1
t3u5zu,bat_score=0 (matched),0,1
shgway,bat_score=0 (matched),0,1
v0y1h2,bat_score=0 (matched),0,1
y6gy8w,bat_score=0 (matched),0,1
tlgtgy,bat_score=0 (matched),0,1
zlmicb,bat_score=0 (matched),0,1
sb7onm,bat_score=0 (matched),0,1
scu3ke,bat_score=0 (matched),0,1
uhawqc,bat_score=0 (matched),0,1
wqzdcx,bat_score=0 (matched),0,1
y9rmqg,bat_score=0 (matched),0,1
sofu9a,bat_score=0 (matched),0,1
sb1vd2,bat_score=0 (matched),0,1
x81g1j,bat_score=0 (matched),0,1
ut7j6t,bat_score=0 (matched),0,1
ypnss4,bat_score=0 (matched),0,1
u1o1hp,bat_score=0 (matched),0,1
viq4lr,bat_score=0 (matched),0,1
zfxg49,bat_score=0 (matched),0,1
xly64w,bat_score=0 (matched),0,1
tmcen4,bat_score=0 (matched),0,1
z1c204,bat_score=0 (matched),0,1
zdciok,bat_score=0 (matched),0,1
wumtoo,bat_score=0 (matched),0,1
shqbm5,bat_score=0 (matched),0,1
yjdb56,bat_score=0 (matched),0,1
uaa31x,bat_score=0 (matched),0,1
x41zst,bat_score=0 (matched),0,1
ypzkko,bat_score=0 (matched),0,1
yoorp0,bat_score=0 (matched),0,1
wq0bbq,bat_score=0 (matched),0,1
yygv38,bat_score=0 (matched),0,1
zq69b8,bat_score=0 (matched),0,1
umpr1o,bat_score=0 (matched),0,1
wh0m1m,bat_score=0 (matched),0,1
u140o0,bat_score=0 (matched),0,1
vtlh3e,bat_score=0 (matched),0,1
zn8zqp,bat_score=0 (matched),0,1
t9fqm8,bat_score=0 (matched),0,1
wnmjbu,bat_score=0 (matched),0,1
stknsq,bat_score=0 (matched),0,1
v2ivl9,bat_score=0 (matched),0,1
y6feka,bat_score=0 (matched),0,1
ubm9p0,bat_score=0 (matched),0,1
zsprge,bat_score=0 (matched),0,1
ybs234,bat_score=0 (matched),0,1
x3ndbf,bat_score=0 (matched),0,1
te134g,bat_score=0 (matched),0,1
u6dleb,bat_score=0 (matched),0,1
scbqh2,bat_score=0 (matched),0,1
wgvzrd,bat_score=0 (matched),0,1
zp4mqy,bat_score=0 (matched),0,1
vd7c95,bat_score=0 (matched),0,1
s2xdlw,bat_score=0 (matched),0,1
sfr0ck,bat_score=0 (matched),0,1
w8e54u,bat_score=0 (matched),0,1
yos2om,bat_score=0 (matched),0,1
u2p3mc,bat_score=0 (matched),0,1
yynnmu,bat_score=0 (matched),0,1
y83ly1,bat_score=0 (matched),0,1
y8aryl,bat_score=0 (matched),0,1
stca1k,bat_score=0 (matched),0,1
tbdedm,bat_score=0 (matched),0,1
spbw2a,bat_score=0 (matched),0,1
ug44tk,bat_score=0 (matched),0,1
ugknvg,bat_score=0 (matched),0,1
txwa61,bat_score=0 (matched),0,1
tmx6op,bat_score=0 (matched),0,1
unn0iz,bat_score=0 (matched),0,1
vnaoke,bat_score=0 (matched),0,1
zmdhrq,bat_score=0 (matched),0,1
xq894i,bat_score=0 (matched),0,1
ta7xoq,bat_score=0 (matched),0,1
xc8pu0,bat_score=0 (matched),0,1
vu3t6o,bat_score=0 (matched),0,1
wztx9t,bat_score=0 (matched),0,1
wy5v6l,bat_score=0 (matched),0,1
yov06g,bat_score=0 (matched),0,1
v6fvsg,bat_score=0 (matched),0,1
v8eweh,bat_score=0 (matched),0,1
x9smiz,bat_score=0 (matched),0,1
teltjt,bat_score=0 (matched),0,1
sv7d78,bat_score=0 (matched),0,1
ztesm4,bat_score=0 (matched),0,1
sko4bs,bat_score=0 (matched),0,1
vz3brs,bat_score=0 (matched),0,1
tn8py6,bat_score=0 (matched),0,1
wynoka,bat_score=0 (matched),0,1
tgbnok,bat_score=0 (matched),0,1
s1nybs,bat_score=0 (matched),0,1
y767at,bat_score=0 (matched),0,1
yezlnf,bat_score=0 (matched),0,1
zqrnxd,bat_score=0 (matched),0,1
z21tbi,bat_score=0 (matched),0,1
w2i75s,bat_score=0 (matched),0,1
t2cz1t,bat_score=0 (matched),0,1
si5tre,bat_score=0 (matched),0,1
uu1wsy,bat_score=0 (matched),0,1
x9xu2j,bat_score=0 (matched),0,1
sw4tzj,bat_score=0 (matched),0,1
u8vh72,bat_score=0 (matched),0,1
zf6z7v,bat_score=0 (matched),0,1
wwlwoh,bat_score=0 (matched),0,1
umnvzc,bat_score=0 (matched),0,1
x85ig3,bat_score=0 (matched),0,1
xp45iv,bat_score=0 (matched),0,1
wytdw2,bat_score=0 (matched),0,1
zxk9mp,bat_score=0 (matched),0,1
zk4imn,bat_score=0 (matched),0,1
ubscdp,bat_score=0 (matched),0,1
w3130o,bat_score=0 (matched),0,1
t6uaah,bat_score=0 (matched),0,1
u9k6xb,bat_score=0 (matched),0,1
ryf5nb,bat_score=0 (matched),0,1
yy8rv3,bat_score=0 (matched),0,1
uc2dc7,bat_score=0 (matched),0,1
uzhtj4,bat_score=0 (matched),0,1
wrpmuj,bat_score=0 (matched),0,1
taiq71,bat_score=0 (matched),0,1
x18d1a,bat_score=0 (matched),0,1
vivepc,bat_score=0 (matched),0,1
w7rxeb,bat_score=0 (matched),0,1
ykh4av,bat_score=0 (matched),0,1
tc6nva,bat_score=0 (matched),0,1
sy0clb,bat_score=0 (matched),0,1
s8g1zw,bat_score=0 (matched),0,1
ydshtg,bat_score=0 (matched),0,1
tktx0e,bat_score=0 (matched),0,1
tkerjw,bat_score=0 (matched),0,1
uz4bwm,bat_score=0 (matched),0,1
tthh43,bat_score=0 (matched),0,1
ypyr4c,bat_score=0 (matched),0,1
u4i79f,bat_score=0 (matched),0,1
w7qmli,bat_score=0 (matched),0,1
tnoua7,bat_score=0 (matched),0,1
wdi43d,bat_score=0 (matched),0,1
t90pog,bat_score=0 (matched),0,1
wldf45,bat_score=0 (matched),0,1
tkeozi,bat_score=0 (matched),0,1
xa8nbu,bat_score=0 (matched),0,1
vmbw57,bat_score=0 (matched),0,1
ug6cyz,bat_score=0 (matched),0,1
uta589,bat_score=0 (matched),0,1
vcx1a0,bat_score=0 (matched),0,1
t0fpff,bat_score=0 (matched),0,1
rxg8pb,bat_score=0 (matched),0,1
xlukn3,bat_score=0 (matched),0,1
x4e7z4,bat_score=0 (matched),0,1
umfd4m,bat_score=0 (matched),0,1
wsm1s1,bat_score=0 (matched),0,1
rucevk,bat_score=0 (matched),0,1
tjjrx8,bat_score=0 (matched),0,1
u7oda4,bat_score=0 (matched),0,1
vyecdq,bat_score=0 (matched),0,1
z1ixtu,bat_score=0 (matched),0,1
tcp80t,bat_score=0 (matched),0,1
yq0kat,bat_score=0 (matched),0,1
w029lv,bat_score=0 (matched),0,1
wvvst5,bat_score=0 (matched),0,1
xmlju3,bat_score=0 (matched),0,1
yy21t5,bat_score=0 (matched),0,1
v82wiw,bat_score=0 (matched),0,1
x1shc9,bat_score=0 (matched),0,1
sb2g2x,bat_score=0 (matched),0,1
x85br1,bat_score=0 (matched),0,1
u0dcaw,bat_score=0 (matched),0,1
rwpipx,bat_score=0 (matched),0,1
tv7zh9,bat_score=0 (matched),0,1
x7quno,bat_score=0 (matched),0,1
vuaum1,bat_score=0 (matched),0,1
tkhulf,bat_score=0 (matched),0,1
t52elv,bat_score=0 (matched),0,1
wwpvzy,bat_score=0 (matched),0,1
utb22c,bat_score=0 (matched),0,1
u37126,bat_score=0 (matched),0,1
wfkn5u,bat_score=0 (matched),0,1
wm9s7g,bat_score=0 (matched),0,1
ur8b1y,bat_score=0 (matched),0,1
v11387,bat_score=0 (matched),0,1
tuvdzk,bat_score=0 (matched),0,1
v1uims,bat_score=0 (matched),0,1
u29usv,bat_score=0 (matched),0,1
ypuonf,bat_score=0 (matched),0,1
tfz7ex,bat_score=0 (matched),0,1
sq63o7,bat_score=0 (matched),0,1
w6bvwj,bat_score=0 (matched),0,1
yf0uia,bat_score=0 (matched),0,1
vwpk0b,bat_score=0 (matched),0,1
yo4z98,bat_score=0 (matched),0,1
up8pgh,bat_score=0 (matched),0,1
uw3clf,bat_score=0 (matched),0,1
sq27vd,bat_score=0 (matched),0,1
wvybn1,bat_score=0 (matched),0,1
sspdw6,bat_score=0 (matched),0,1
tr76o8,bat_score=0 (matched),0,1
w70lxv,bat_score=0 (matched),0,1
x0r2ip,bat_score=0 (matched),0,1
x134hn,bat_score=0 (matched),0,1
uz4nan,bat_score=0 (matched),0,1
vd0iq8,bat_score=0 (matched),0,1
ui37s7,bat_score=0 (matched),0,1
wbbjlx,bat_score=0 (matched),0,1
vgr662,bat_score=0 (matched),0,1
vrl2bv,bat_score=0 (matched),0,1
rvaqfj,bat_score=0 (matched),0,1
y8tk4h,bat_score=0 (matched),0,1
tmikyc,bat_score=0 (matched),0,1
wxevkm,bat_score=0 (matched),0,1
yjktgk,bat_score=0 (matched),0,1
ubikis,bat_score=0 (matched),0,1
x29nm6,bat_score=0 (matched),0,1
rwpw0t,bat_score=0 (matched),0,1
tz6a1b,bat_score=0 (matched),0,1
zbhech,bat_score=0 (matched),0,1
wf76bj,bat_score=0 (matched),0,1
zk96yb,bat_score=0 (matched),0,1
v3c8qp,bat_score=0 (matched),0,1
y9e604,bat_score=0 (matched),0,1
s6v1sl,bat_score=0 (matched),0,1
tz6zry,bat_score=0 (matched),0,1
vf7cdc,bat_score=0 (matched),0,1
zebhl9,bat_score=0 (matched),0,1
xwli2c,bat_score=0 (matched),0,1
yjhfoq,bat_score=0 (matched),0,1
z2sekh,bat_score=0 (matched),0,1
w8r3ym,bat_score=0 (matched),0,1
yxqvvk,bat_score=0 (matched),0,1
zpvtdr,bat_score=0 (matched),0,1
tne93h,bat_score=0 (matched),0,1
zmyr9p,bat_score=0 (matched),0,1
twrfpf,bat_score=0 (matched),0,1
vzxqib,bat_score=0 (matched),0,1
thj7dj,bat_score=0 (matched),0,1
y9w65n,bat_score=0 (matched),0,1
zx5fd2,bat_score=0 (matched),0,1
wd2i97,bat_score=0 (matched),0,1
tk7gbz,bat_score=0 (matched),0,1
yjqs3v,bat_score=0 (matched),0,1
vh8a41,bat_score=0 (matched),0,1
xapdt3,bat_score=0 (matched),0,1
vt3b42,bat_score=0 (matched),0,1
u8fiw7,bat_score=0 (matched),0,1
wjyptb,bat_score=0 (matched),0,1
wh4sah,bat_score=0 (matched),0,1
x51f0i,bat_score=0 (matched),0,1
sck73p,bat_score=0 (matched),0,1
svuihq,bat_score=0 (matched),0,1
tftyza,bat_score=0 (matched),0,1
xcbbzr,bat_score=0 (matched),0,1
z0zhn8,bat_score=0 (matched),0,1
xidhg4,bat_score=0 (matched),0,1
z1eq4p,bat_score=0 (matched),0,1
vlrmro,bat_score=0 (matched),0,1
w0mfwf,bat_score=0 (matched),0,1
z2d5q7,bat_score=0 (matched),0,1
svnjfs,bat_score=0 (matched),0,1
y49485,bat_score=0 (matched),0,1
x15i55,bat_score=0 (matched),0,1
yq2j2c,bat_score=0 (matched),0,1
ynvqq9,bat_score=0 (matched),0,1
uezn1k,bat_score=0 (matched),0,1
s2l0cr,bat_score=0 (matched),0,1
vguv7j,bat_score=0 (matched),0,1
z2duo1,bat_score=0 (matched),0,1
y2bf0p,bat_score=0 (matched),0,1
wux35c,bat_score=0 (matched),0,1
y6pv9r,bat_score=0 (matched),0,1
rxk2v8,bat_score=0 (matched),0,1
ssw58d,bat_score=0 (matched),0,1
ucf65n,bat_score=0 (matched),0,1
xkc03z,bat_score=0 (matched),0,1
se8d48,bat_score=0 (matched),0,1
uislah,bat_score=0 (matched),0,1
talv4m,bat_score=0 (matched),0,1
u77q1q,bat_score=0 (matched),0,1
wwutej,bat_score=0 (matched),0,1
ughuvs,bat_score=0 (matched),0,1
wqw3mn,bat_score=0 (matched),0,1
ug6aio,bat_score=0 (matched),0,1
vpe6hi,bat_score=0 (matched),0,1
uecmu3,bat_score=0 (matched),0,1
yx32kp,bat_score=0 (matched),0,1
s265gz,bat_score=0 (matched),0,1
usy9zk,bat_score=0 (matched),0,1
za593e,bat_score=0 (matched),0,1
tqmit7,bat_score=0 (matched),0,1
xl7j21,bat_score=0 (matched),0,1
udyaqs,bat_score=0 (matched),0,1
ue5qtu,bat_score=0 (matched),0,1
yf1acm,bat_score=0 (matched),0,1
xpi28o,bat_score=0 (matched),0,1
xwaglt,bat_score=0 (matched),0,1
umh7o7,bat_score=0 (matched),0,1
y053gk,bat_score=0 (matched),0,1
u1z59t,bat_score=0 (matched),0,1
zq7maz,bat_score=0 (matched),0,1
ubp8ii,bat_score=0 (matched),0,1
wj9z09,bat_score=0 (matched),0,1
zhz2k5,bat_score=0 (matched),0,1
s1ffqr,bat_score=0 (matched),0,1
to0w72,bat_score=0 (matched),0,1
ulvgqs,bat_score=0 (matched),0,1
wsetra,bat_score=0 (matched),0,1
vmtif3,bat_score=0 (matched),0,1
vmmc9q,bat_score=0 (matched),0,1
vner2o,bat_score=0 (matched),0,1
smmawa,bat_score=0 (matched),0,1
xmamtk,bat_score=0 (matched),0,1
yl2zr4,bat_score=0 (matched),0,1
rw0wt7,bat_score=0 (matched),0,1
txwwt9,bat_score=0 (matched),0,1
sazyu5,bat_score=0 (matched),0,1
twi2jk,bat_score=0 (matched),0,1
y192zg,bat_score=0 (matched),0,1
xoqg9r,bat_score=0 (matched),0,1
s6vzus,bat_score=0 (matched),0,1
w4bxqi,bat_score=0 (matched),0,1
z85erj,bat_score=0 (matched),0,1
vzrdp5,bat_score=0 (matched),0,1
wk6ilb,bat_score=0 (matched),0,1
xvo4kp,bat_score=0 (matched),0,1
ywf5y7,bat_score=0 (matched),0,1
wuxyhi,bat_score=0 (matched),0,1
txc1h0,bat_score=0 (matched),0,1
sagzex,bat_score=0 (matched),0,1
t5srrc,bat_score=0 (matched),0,1
tw3s6g,bat_score=0 (matched),0,1
yzii3s,bat_score=0 (matched),0,1
u9f79y,bat_score=0 (matched),0,1
y7nm5e,bat_score=0 (matched),0,1
wqolm9,bat_score=0 (matched),0,1
y7usph,bat_score=0 (matched),0,1
s32xnu,bat_score=0 (matched),0,1
u56nt1,bat_score=0 (matched),0,1
ultg2o,bat_score=0 (matched),0,1
uvdh34,bat_score=0 (matched),0,1
z7yai5,bat_score=0 (matched),0,1
teld9h,bat_score=0 (matched),0,1
xda3jr,bat_score=0 (matched),0,1
slor7j,bat_score=0 (matched),0,1
unwqlo,bat_score=0 (matched),0,1
xy74yw,bat_score=0 (matched),0,1
t3efj3,bat_score=0 (matched),0,1
spat8j,bat_score=0 (matched),0,1
tgo6mi,bat_score=0 (matched),0,1
u5onxv,bat_score=0 (matched),0,1
rvql8i,bat_score=0 (matched),0,1
zfmvuk,bat_score=0 (matched),0,1
vdkx9h,bat_score=0 (matched),0,1
ty3uzp,bat_score=0 (matched),0,1
ye5r7d,bat_score=0 (matched),0,1
zxssb7,bat_score=0 (matched),0,1
th2pln,bat_score=0 (matched),0,1
ttqekc,bat_score=0 (matched),0,1
ryol64,bat_score=0 (matched),0,1
s4u0n3,bat_score=0 (matched),0,1
u8atpj,bat_score=0 (matched),0,1
ycqqge,bat_score=0 (matched),0,1
sp8n2t,bat_score=0 (matched),0,1
vwi23m,bat_score=0 (matched),0,1
x6z3m6,bat_score=0 (matched),0,1
yrlpay,bat_score=0 (matched),0,1
sgrrqo,bat_score=0 (matched),0,1
rwpzdz,bat_score=0 (matched),0,1
vxnhyk,bat_score=0 (matched),0,1
zbaid8,bat_score=0 (matched),0,1
u215lh,bat_score=0 (matched),0,1
zyfhu9,bat_score=0 (matched),0,1
zka831,bat_score=0 (matched),0,1
smwf8u,bat_score=0 (matched),0,1
z9ht7o,bat_score=0 (matched),0,1
uozjui,bat_score=0 (matched),0,1
skimn8,bat_score=0 (matched),0,1
x92re0,bat_score=0 (matched),0,1
wvrhq3,bat_score=0 (matched),0,1
vn11qd,bat_score=0 (matched),0,1
tbbs16,bat_score=0 (matched),0,1
so1y6i,bat_score=0 (matched),0,1
x94dr3,bat_score=0 (matched),0,1
zwji6c,bat_score=0 (matched),0,1
x95v9a,bat_score=0 (matched),0,1
xpmon2,bat_score=0 (matched),0,1
sizzkp,bat_score=0 (matched),0,1
suuqh3,bat_score=0 (matched),0,1
uycrxq,bat_score=0 (matched),0,1
ttwqqw,bat_score=0 (matched),0,1
x7doh6,bat_score=0 (matched),0,1
vp8tzz,bat_score=0 (matched),0,1
szi4m5,bat_score=0 (matched),0,1
tfrrka,bat_score=0 (matched),0,1
w7ojw9,bat_score=0 (matched),0,1
x65p4e,bat_score=0 (matched),0,1
y7irpi,bat_score=0 (matched),0,1
udbr0l,bat_score=0 (matched),0,1
vmsi36,bat_score=0 (matched),0,1
tupnwa,bat_score=0 (matched),0,1
t4owcj,bat_score=0 (matched),0,1
y24bfm,bat_score=0 (matched),0,1
tnq0kb,bat_score=0 (matched),0,1
utsxgr,bat_score=0 (matched),0,1
y6zfhp,bat_score=0 (matched),0,1
v8mkkz,bat_score=0 (matched),0,1
zh5qbu,bat_score=0 (matched),0,1
rv2h85,bat_score=0 (matched),0,1
wyjfwc,bat_score=0 (matched),0,1
tnxcps,bat_score=0 (matched),0,1
zff728,bat_score=0 (matched),0,1
y0pn9b,bat_score=0 (matched),0,1
vu15pl,bat_score=0 (matched),0,1
zf7774,bat_score=0 (matched),0,1
wmx9fd,bat_score=0 (matched),0,1
smxcxy,bat_score=0 (matched),0,1
vft7hp,bat_score=0 (matched),0,1
x9xb06,bat_score=0 (matched),0,1
uz2ai8,bat_score=0 (matched),0,1
yqx8s9,bat_score=0 (matched),0,1
ua3sg2,bat_score=0 (matched),0,1
s1u9g2,bat_score=0 (matched),0,1
viw835,bat_score=0 (matched),0,1
tvwzc1,bat_score=0 (matched),0,1
sbojfg,bat_score=0 (matched),0,1
tyig95,bat_score=0 (matched),0,1
uhcqyo,bat_score=0 (matched),0,1
vir1rg,bat_score=0 (matched),0,1
s6fs9i,bat_score=0 (matched),0,1
vbevab,bat_score=0 (matched),0,1
vnbukt,bat_score=0 (matched),0,1
t0kxl6,bat_score=0 (matched),0,1
s0nx5f,bat_score=0 (matched),0,1
wj6aoz,bat_score=0 (matched),0,1
w1et68,bat_score=0 (matched),0,1
w2xihz,bat_score=0 (matched),0,1
uanxp0,bat_score=0 (matched),0,1
vopnsu,bat_score=0 (matched),0,1
teh6gd,bat_score=0 (matched),0,1
s5qf89,bat_score=0 (matched),0,1
u2y9a5,bat_score=0 (matched),0,1
vgs9ds,bat_score=0 (matched),0,1
z2ug23,bat_score=0 (matched),0,1
v6eob1,bat_score=0 (matched),0,1
xjiujx,bat_score=0 (matched),0,1
xjjqjl,bat_score=0 (matched),0,1
vzq2xj,bat_score=0 (matched),0,1
ur31ll,bat_score=0 (matched),0,1
walqhc,bat_score=0 (matched),0,1
s8jvnv,bat_score=0 (matched),0,1
zrixro,bat_score=0 (matched),0,1
u8o4hl,bat_score=0 (matched),0,1
uskpax,bat_score=0 (matched),0,1
zk4yqc,bat_score=0 (matched),0,1
xus4yl,bat_score=0 (matched),0,1
szsjxc,bat_score=0 (matched),0,1
tz3ush,bat_score=0 (matched),0,1
ulauhb,bat_score=0 (matched),0,1
te2au3,bat_score=0 (matched),0,1
tb4klh,bat_score=0 (matched),0,1
uu8f22,bat_score=0 (matched),0,1
zqwt6h,bat_score=0 (matched),0,1
xwcr8c,bat_score=0 (matched),0,1
u738zf,bat_score=0 (matched),0,1
tjbdyz,bat_score=0 (matched),0,1
zgfdry,bat_score=0 (matched),0,1
yxxui0,bat_score=0 (matched),0,1
w04272,bat_score=0 (matched),0,1
yvs36m,bat_score=0 (matched),0,1
ts0jrx,bat_score=0 (matched),0,1
w3v70v,bat_score=0 (matched),0,1
uni04d,bat_score=0 (matched),0,1
sccyrq,bat_score=0 (matched),0,1
sf1ouz,bat_score=0 (matched),0,1
u1f93e,bat_score=0 (matched),0,1
zarrdl,bat_score=0 (matched),0,1
t9u70t,bat_score=0 (matched),0,1
uk28z7,bat_score=0 (matched),0,1
ykkfha,bat_score=0 (matched),0,1
szrqge,bat_score=0 (matched),0,1
rwltv6,bat_score=0 (matched),0,1
v2i1xx,bat_score=0 (matched),0,1
var7ye,bat_score=0 (matched),0,1
xnia73,bat_score=0 (matched),0,1
vns24t,bat_score=0 (matched),0,1
yvh89v,bat_score=0 (matched),0,1
rvxf3l,bat_score=0 (matched),0,1
tw2lwq,bat_score=0 (matched),0,1
yx5psu,bat_score=0 (matched),0,1
ysg1pw,bat_score=0 (matched),0,1
su7y96,bat_score=0 (matched),0,1
yv5xwj,bat_score=0 (matched),0,1
wxwb5m,bat_score=0 (matched),0,1
sp72lb,bat_score=0 (matched),0,1
zf5zlz,bat_score=0 (matched),0,1
uhlvb2,bat_score=0 (matched),0,1
t8qbdf,bat_score=0 (matched),0,1
uhicy1,bat_score=0 (matched),0,1
uo3sj4,bat_score=0 (matched),0,1
xcdboo,bat_score=0 (matched),0,1
vdq3hc,bat_score=0 (matched),0,1
xm5lnn,bat_score=0 (matched),0,1
y9mgm1,bat_score=0 (matched),0,1
tr4ty5,bat_score=0 (matched),0,1
ylb41z,bat_score=0 (matched),0,1
whbzzu,bat_score=0 (matched),0,1
y11txr,bat_score=0 (matched),0,1
usgt9o,bat_score=0 (matched),0,1
shgm2t,bat_score=0 (matched),0,1
yplmpi,bat_score=0 (matched),0,1
yqrah6,bat_score=0 (matched),0,1
wq5xaj,bat_score=0 (matched),0,1
s2wzun,bat_score=0 (matched),0,1
uq7wal,bat_score=0 (matched),0,1
vkeep8,bat_score=0 (matched),0,1
txq4jb,bat_score=0 (matched),0,1
xozegy,bat_score=0 (matched),0,1
tfkcuq,bat_score=0 (matched),0,1
sovvs8,bat_score=0 (matched),0,1
v8ioxq,bat_score=0 (matched),0,1
twv18n,bat_score=0 (matched),0,1
wpul28,bat_score=0 (matched),0,1
xqobz8,bat_score=0 (matched),0,1
w8gd9f,bat_score=0 (matched),0,1
vgt3if,bat_score=0 (matched),0,1
ubn8r4,bat_score=0 (matched),0,1
wssj3l,bat_score=0 (matched),0,1
xfvjea,bat_score=0 (matched),0,1
tlei7h,bat_score=0 (matched),0,1
tnln2o,bat_score=0 (matched),0,1
zm6cwp,bat_score=0 (matched),0,1
s8co1h,bat_score=0 (matched),0,1
unll9i,bat_score=0 (matched),0,1
styjyg,bat_score=0 (matched),0,1
y30821,bat_score=0 (matched),0,1
u97scz,bat_score=0 (matched),0,1
tpdhe7,bat_score=0 (matched),0,1
soritj,bat_score=0 (matched),0,1
vccyzh,bat_score=0 (matched),0,1
uv6l5z,bat_score=0 (matched),0,1
yz3ppq,bat_score=0 (matched),0,1
xrbngx,bat_score=0 (matched),0,1
sisn8b,bat_score=0 (matched),0,1
yar18k,bat_score=0 (matched),0,1
tp6b6b,bat_score=0 (matched),0,1
xvokau,bat_score=0 (matched),0,1
xy7feb,bat_score=0 (matched),0,1
takq2f,bat_score=0 (matched),0,1
ta66ho,bat_score=0 (matched),0,1
ys73np,bat_score=0 (matched),0,1
sp99p2,bat_score=0 (matched),0,1
vz3mer,bat_score=0 (matched),0,1
x44np8,bat_score=0 (matched),0,1
rwzfcb,bat_score=0 (matched),0,1
v3w58f,bat_score=0 (matched),0,1
uyydiz,bat_score=0 (matched),0,1
wkvuz8,bat_score=0 (matched),0,1
wjqfty,bat_score=0 (matched),0,1
ud7ad8,bat_score=0 (matched),0,1
skiqyx,bat_score=0 (matched),0,1
tnujan,bat_score=0 (matched),0,1
w4hucu,bat_score=0 (matched),0,1
zkkao7,bat_score=0 (matched),0,1
w6httx,bat_score=0 (matched),0,1
unauvq,bat_score=0 (matched),0,1
trrwk5,bat_score=0 (matched),0,1
sjjcg8,bat_score=0 (matched),0,1
wf5w9i,bat_score=0 (matched),0,1
xz33oq,bat_score=0 (matched),0,1
wll70z,bat_score=0 (matched),0,1
tzceff,bat_score=0 (matched),0,1
wnnjn4,bat_score=0 (matched),0,1
y2egd2,bat_score=0 (matched),0,1
u2sbjp,bat_score=0 (matched),0,1
syqp6j,bat_score=0 (matched),0,1
z7440e,bat_score=0 (matched),0,1
yhbe0z,bat_score=0 (matched),0,1
uhge6z,bat_score=0 (matched),0,1
x2fn85,bat_score=0 (matched),0,1
uwjqol,bat_score=0 (matched),0,1
xw2zp8,bat_score=0 (matched),0,1
udr450,bat_score=0 (matched),0,1
xfzeka,bat_score=0 (matched),0,1
u5mbsn,bat_score=0 (matched),0,1
t1jc3m,bat_score=0 (matched),0,1
yiit56,bat_score=0 (matched),0,1
t1i88s,bat_score=0 (matched),0,1
y0k48o,bat_score=0 (matched),0,1
zhzkxa,bat_score=0 (matched),0,1
uost3r,bat_score=0 (matched),0,1
v9eqjr,bat_score=0 (matched),0,1
xt1abl,bat_score=0 (matched),0,1
wuqef0,bat_score=0 (matched),0,1
zio2sc,bat_score=0 (matched),0,1
yqmgx7,bat_score=0 (matched),0,1
vyzj9t,bat_score=0 (matched),0,1
v0gwix,bat_score=0 (matched),0,1
s3vwle,bat_score=0 (matched),0,1
s73dqd,bat_score=0 (matched),0,1
uxg16j,bat_score=0 (matched),0,1
vgsmfl,bat_score=0 (matched),0,1
s62w3a,bat_score=0 (matched),0,1
yyt24i,bat_score=0 (matched),0,1
vzk4io,bat_score=0 (matched),0,1
vm0i6t,bat_score=0 (matched),0,1
vlmdib,bat_score=0 (matched),0,1
wair72,bat_score=0 (matched),0,1
y70f76,bat_score=0 (matched),0,1
ye2vlq,bat_score=0 (matched),0,1
skdnq7,bat_score=0 (matched),0,1
snx4q7,bat_score=0 (matched),0,1
s5jaoe,bat_score=0 (matched),0,1
x7ypna,bat_score=0 (matched),0,1
v63qma,bat_score=0 (matched),0,1
tk8dr7,bat_score=0 (matched),0,1
uoibin,bat_score=0 (matched),0,1
u22ofy,bat_score=0 (matched),0,1
t8bcfu,bat_score=0 (matched),0,1
uhj4fu,bat_score=0 (matched),0,1
uydpim,bat_score=0 (matched),0,1
uy75de,bat_score=0 (matched),0,1
suzoyz,bat_score=0 (matched),0,1
sv9n0u,bat_score=0 (matched),0,1
vqg0n8,bat_score=0 (matched),0,1
x2fq0t,bat_score=0 (matched),0,1
t1a7vo,bat_score=0 (matched),0,1
ydwqo1,bat_score=0 (matched),0,1
ym1qwk,bat_score=0 (matched),0,1
rxyro4,bat_score=0 (matched),0,1
wj2kg9,bat_score=0 (matched),0,1
uie86m,bat_score=0 (matched),0,1
zfeupw,bat_score=0 (matched),0,1
tvy1gg,bat_score=0 (matched),0,1
vo6bpg,bat_score=0 (matched),0,1
wjln3u,bat_score=0 (matched),0,1
vgkkrx,bat_score=0 (matched),0,1
xg2i07,bat_score=0 (matched),0,1
z9odri,bat_score=0 (matched),0,1
yweigg,bat_score=0 (matched),0,1
s06khi,bat_score=0 (matched),0,1
tuiyg9,bat_score=0 (matched),0,1
x2l365,bat_score=0 (matched),0,1
zojfnx,bat_score=0 (matched),0,1
vef69z,bat_score=0 (matched),0,1
w7x993,bat_score=0 (matched),0,1
tpruo6,bat_score=0 (matched),0,1
wkf2jh,bat_score=0 (matched),0,1
u0rh1w,bat_score=0 (matched),0,1
teqlig,bat_score=0 (matched),0,1
v42tgm,bat_score=0 (matched),0,1
s9a438,bat_score=0 (matched),0,1
scneky,bat_score=0 (matched),0,1
y1e08t,bat_score=0 (matched),0,1
t6ka6r,bat_score=0 (matched),0,1
vg5ddh,bat_score=0 (matched),0,1
wfgz44,bat_score=0 (matched),0,1
xonlh1,bat_score=0 (matched),0,1
v8ay4l,bat_score=0 (matched),0,1
xg05k2,bat_score=0 (matched),0,1
zxaxrr,bat_score=0 (matched),0,1
v1811b,bat_score=0 (matched),0,1
s5c1u6,bat_score=0 (matched),0,1
xd6dti,bat_score=0 (matched),0,1
y964ve,bat_score=0 (matched),0,1
uxj0dd,bat_score=0 (matched),0,1
xjry0r,bat_score=0 (matched),0,1
uj74pn,bat_score=0 (matched),0,1
yzs9m0,bat_score=0 (matched),0,1
un1agl,bat_score=0 (matched),0,1
stgpig,bat_score=0 (matched),0,1
rukrzs,bat_score=0 (matched),0,1
vcv35g,bat_score=0 (matched),0,1
wb7kv9,bat_score=0 (matched),0,1
tz5b5r,bat_score=0 (matched),0,1
u94q2c,bat_score=0 (matched),0,1
sveim3,bat_score=0 (matched),0,1
srkzlf,bat_score=0 (matched),0,1
y7vjea,bat_score=0 (matched),0,1
vz05kw,bat_score=0 (matched),0,1
x309of,bat_score=0 (matched),0,1
xddyke,bat_score=0 (matched),0,1
v0cui4,bat_score=0 (matched),0,1
y78vkl,bat_score=0 (matched),0,1
zalknx,bat_score=0 (matched),0,1
t8mp9y,bat_score=0 (matched),0,1
wu1ozd,bat_score=0 (matched),0,1
vu5dr5,bat_score=0 (matched),0,1
shes6e,bat_score=0 (matched),0,1
z7c8j1,bat_score=0 (matched),0,1
xnzsyt,bat_score=0 (matched),0,1
w3q8av,bat_score=0 (matched),0,1
v6u5z3,bat_score=0 (matched),0,1
x7jipc,bat_score=0 (matched),0,1
ui92vc,bat_score=0 (matched),0,1
wgrnf9,bat_score=0 (matched),0,1
spiusn,bat_score=0 (matched),0,1
ty48d1,bat_score=0 (matched),0,1
wg2zxk,bat_score=0 (matched),0,1
vidxer,bat_score=0 (matched),0,1
xpxut0,bat_score=0 (matched),0,1
v1vtpk,bat_score=0 (matched),0,1
tyaf2s,bat_score=0 (matched),0,1
t495gx,bat_score=0 (matched),0,1
w8l68s,bat_score=0 (matched),0,1
ryk9fz,bat_score=0 (matched),0,1
y0hepi,bat_score=0 (matched),0,1
x7kd46,bat_score=0 (matched),0,1
ucze8c,bat_score=0 (matched),0,1
twi5vl,bat_score=0 (matched),0,1
t9ije9,bat_score=0 (matched),0,1
xj85b7,bat_score=0 (matched),0,1
uz7308,bat_score=0 (matched),0,1
ur0hyg,bat_score=0 (matched),0,1
ta8nml,bat_score=0 (matched),0,1
zaymgr,bat_score=0 (matched),0,1
w237p2,bat_score=0 (matched),0,1
wfp1tu,bat_score=0 (matched),0,1
y91b4s,bat_score=0 (matched),0,1
uzasuc,bat_score=0 (matched),0,1
t8ycai,bat_score=0 (matched),0,1
vd958z,bat_score=0 (matched),0,1
z748mm,bat_score=0 (matched),0,1
ts7bgd,bat_score=0 (matched),0,1
txsnjw,bat_score=0 (matched),0,1
w7ogqj,bat_score=0 (matched),0,1
wqtre6,bat_score=0 (matched),0,1
snx46w,bat_score=0 (matched),0,1
venk5f,bat_score=0 (matched),0,1
s8v3at,bat_score=0 (matched),0,1
wr4tns,bat_score=0 (matched),0,1
sauc1b,bat_score=0 (matched),0,1
suw0tj,bat_score=0 (matched),0,1
ygrmut,bat_score=0 (matched),0,1
stabwn,bat_score=0 (matched),0,1
tc20n0,bat_score=0 (matched),0,1
zy97e0,bat_score=0 (matched),0,1
u1b7br,bat_score=0 (matched),0,1
xoso66,bat_score=0 (matched),0,1
v8fhgh,bat_score=0 (matched),0,1
zdotah,bat_score=0 (matched),0,1
tbrex3,bat_score=0 (matched),0,1
tb2iwu,bat_score=0 (matched),0,1
tmcgst,bat_score=0 (matched),0,1
sjjhxd,bat_score=0 (matched),0,1
wrjvi2,bat_score=0 (matched),0,1
wmilke,bat_score=0 (matched),0,1
xjxhxk,bat_score=0 (matched),0,1
yvw77i,bat_score=0 (matched),0,1
us19k0,bat_score=0 (matched),0,1
yrq7f7,bat_score=0 (matched),0,1
ud7xb5,bat_score=0 (matched),0,1
rv9bme,bat_score=0 (matched),0,1
tm2v0d,bat_score=0 (matched),0,1
10022j5,bat_score=0 (matched),0,1
y3qq52,bat_score=0 (matched),0,1
ud3d20,bat_score=0 (matched),0,1
stb5lv,bat_score=0 (matched),0,1
ym24rz,bat_score=0 (matched),0,1
ui9nix,bat_score=0 (matched),0,1
tynnpx,bat_score=0 (matched),0,1
uiyl9y,bat_score=0 (matched),0,1
uyz91o,bat_score=0 (matched),0,1
rvmfa4,bat_score=0 (matched),0,1
sdwxiu,bat_score=0 (matched),0,1
s61o4i,bat_score=0 (matched),0,1
x20vor,bat_score=0 (matched),0,1
tw65bi,bat_score=0 (matched),0,1
sf4wp0,bat_score=0 (matched),0,1
x76srl,bat_score=0 (matched),0,1
uslt13,bat_score=0 (matched),0,1
xec98p,bat_score=0 (matched),0,1
wg3tkv,bat_score=0 (matched),0,1
ublqsp,bat_score=0 (matched),0,1
sqb3z8,bat_score=0 (matched),0,1
xpom6p,bat_score=0 (matched),0,1
yq2uu6,bat_score=0 (matched),0,1
yn2kcw,bat_score=0 (matched),0,1
v1rt13,bat_score=0 (matched),0,1
yi8oho,bat_score=0 (matched),0,1
s0ezb0,bat_score=0 (matched),0,1
wptboq,bat_score=0 (matched),0,1
wgzbez,bat_score=0 (matched),0,1
zmp8ny,bat_score=0 (matched),0,1
sgntpl,bat_score=0 (matched),0,1
umi7vb,bat_score=0 (matched),0,1
su2lav,bat_score=0 (matched),0,1
yy7hny,bat_score=0 (matched),0,1
s1iomh,bat_score=0 (matched),0,1
ugodiy,bat_score=0 (matched),0,1
wxong5,bat_score=0 (matched),0,1
zxl8bt,bat_score=0 (matched),0,1
vk0zmd,bat_score=0 (matched),0,1
ummsgi,bat_score=0 (matched),0,1
squvzi,bat_score=0 (matched),0,1
se6d4d,bat_score=0 (matched),0,1
wrlhtc,bat_score=0 (matched),0,1
vdkgaa,bat_score=0 (matched),0,1
xplp1b,bat_score=0 (matched),0,1
sg9d3q,bat_score=0 (matched),0,1
udyvkg,bat_score=0 (matched),0,1
s97szg,bat_score=0 (matched),0,1
zsmdf7,bat_score=0 (matched),0,1
tfx68o,bat_score=0 (matched),0,1
wagvxl,bat_score=0 (matched),0,1
zg8x6o,bat_score=0 (matched),0,1
wq2ubk,bat_score=0 (matched),0,1
st82ko,bat_score=0 (matched),0,1
tena6s,bat_score=0 (matched),0,1
xf2pxl,bat_score=0 (matched),0,1
y6br4c,bat_score=0 (matched),0,1
wgqpuo,bat_score=0 (matched),0,1
s1l66l,bat_score=0 (matched),0,1
wdm2r3,bat_score=0 (matched),0,1
sxz4ul,bat_score=0 (matched),0,1
xcoh38,bat_score=0 (matched),0,1
xbfv0h,bat_score=0 (matched),0,1
v9xpxf,bat_score=0 (matched),0,1
t0r188,bat_score=0 (matched),0,1
wl8eit,bat_score=0 (matched),0,1
tw4ie5,bat_score=0 (matched),0,1
sol8qg,bat_score=0 (matched),0,1
wqrnc7,bat_score=0 (matched),0,1
u29hy5,bat_score=0 (matched),0,1
y7uicw,bat_score=0 (matched),0,1
sjp2uj,bat_score=0 (matched),0,1
sw98pp,bat_score=0 (matched),0,1
st0gor,bat_score=0 (matched),0,1
vwpojd,bat_score=0 (matched),0,1
uyb4dr,bat_score=0 (matched),0,1
st4a6a,bat_score=0 (matched),0,1
xuky96,bat_score=0 (matched),0,1
vs9rp3,bat_score=0 (matched),0,1
voxtf8,bat_score=0 (matched),0,1
v7al63,bat_score=0 (matched),0,1
xumupc,bat_score=0 (matched),0,1
vykwiw,bat_score=0 (matched),0,1
zsgq8b,bat_score=0 (matched),0,1
u0c5m8,bat_score=0 (matched),0,1
vrx4z0,bat_score=0 (matched),0,1
ud7pzs,bat_score=0 (matched),0,1
ywyk7f,bat_score=0 (matched),0,1
tsbt98,bat_score=0 (matched),0,1
x1v0na,bat_score=0 (matched),0,1
uvuu7i,bat_score=0 (matched),0,1
z87kj5,bat_score=0 (matched),0,1
ts2fk3,bat_score=0 (matched),0,1
ts1xzr,bat_score=0 (matched),0,1
uzw7tv,bat_score=0 (matched),0,1
xpi6j9,bat_score=0 (matched),0,1
ya6qxa,bat_score=0 (matched),0,1
xjcpj6,bat_score=0 (matched),0,1
zy81x6,bat_score=0 (matched),0,1
sm8dmb,bat_score=0 (matched),0,1
vzlhi8,bat_score=0 (matched),0,1
vwvzw6,bat_score=0 (matched),0,1
ykcfhu,bat_score=0 (matched),0,1
v1706f,bat_score=0 (matched),0,1
u2qky1,bat_score=0 (matched),0,1
zmrx11,bat_score=0 (matched),0,1
sxqj2o,bat_score=0 (matched),0,1
stz0ok,bat_score=0 (matched),0,1
suczwx,bat_score=0 (matched),0,1
zdj8vl,bat_score=0 (matched),0,1
sosvxf,bat_score=0 (matched),0,1
tfpylk,bat_score=0 (matched),0,1
s3z3w7,bat_score=0 (matched),0,1
w59t0l,bat_score=0 (matched),0,1
umohw0,bat_score=0 (matched),0,1
xkgs4q,bat_score=0 (matched),0,1
y8xsea,bat_score=0 (matched),0,1
yf97dy,bat_score=0 (matched),0,1
yoiw5e,bat_score=0 (matched),0,1
ydk9wb,bat_score=0 (matched),0,1
u60st6,bat_score=0 (matched),0,1
sove2z,bat_score=0 (matched),0,1
t3v27c,bat_score=0 (matched),0,1
vj05n1,bat_score=0 (matched),0,1
wai1qj,bat_score=0 (matched),0,1
yhr5yd,bat_score=0 (matched),0,1
x8avgq,bat_score=0 (matched),0,1
twsmqu,bat_score=0 (matched),0,1
tqg28o,bat_score=0 (matched),0,1
zyfrix,bat_score=0 (matched),0,1
x9dsqd,bat_score=0 (matched),0,1
uh04md,bat_score=0 (matched),0,1
wrsfko,bat_score=0 (matched),0,1
sd6sbe,bat_score=0 (matched),0,1
zg6upf,bat_score=0 (matched),0,1
u61ec2,bat_score=0 (matched),0,1
v67tgp,bat_score=0 (matched),0,1
wxl67x,bat_score=0 (matched),0,1
soxs3i,bat_score=0 (matched),0,1
sjy8da,bat_score=0 (matched),0,1
wwzm9h,bat_score=0 (matched),0,1
sjuo5d,bat_score=0 (matched),0,1
v11172,bat_score=0 (matched),0,1
x44cbz,bat_score=0 (matched),0,1
yzuhu2,bat_score=0 (matched),0,1
ssjlhi,bat_score=0 (matched),0,1
wzssln,bat_score=0 (matched),0,1
si12x3,bat_score=0 (matched),0,1
u6mnzf,bat_score=0 (matched),0,1
y56z5m,bat_score=0 (matched),0,1
uein97,bat_score=0 (matched),0,1
sh3df1,bat_score=0 (matched),0,1
txbw2b,bat_score=0 (matched),0,1
x8nu5e,bat_score=0 (matched),0,1
y1fbam,bat_score=0 (matched),0,1
tuzmpw,bat_score=0 (matched),0,1
u2wtfi,bat_score=0 (matched),0,1
rwv6gc,bat_score=0 (matched),0,1
ttx1rq,bat_score=0 (matched),0,1
w9gyb5,bat_score=0 (matched),0,1
xpaz8q,bat_score=0 (matched),0,1
th9p2m,bat_score=0 (matched),0,1
xxemn1,bat_score=0 (matched),0,1
yq4xsm,bat_score=0 (matched),0,1
xuxptg,bat_score=0 (matched),0,1
t9jipj,bat_score=0 (matched),0,1
v1row4,bat_score=0 (matched),0,1
tk1p2z,bat_score=0 (matched),0,1
x33483,bat_score=0 (matched),0,1
tja4ck,bat_score=0 (matched),0,1
yifh4l,bat_score=0 (matched),0,1
ssg37b,bat_score=0 (matched),0,1
rylw9s,bat_score=0 (matched),0,1
z3gyt6,bat_score=0 (matched),0,1
sk3zo2,bat_score=0 (matched),0,1
vhpeem,bat_score=0 (matched),0,1
vynqip,bat_score=0 (matched),0,1
vc0mf7,bat_score=0 (matched),0,1
shxv8t,bat_score=0 (matched),0,1
uxscx8,bat_score=0 (matched),0,1
tqgx0y,bat_score=0 (matched),0,1
s6axip,bat_score=0 (matched),0,1
s9kkle,bat_score=0 (matched),0,1
umfa1u,bat_score=0 (matched),0,1
y9s06e,bat_score=0 (matched),0,1
z2rvdu,bat_score=0 (matched),0,1
tzb5ki,bat_score=0 (matched),0,1
v66o46,bat_score=0 (matched),0,1
uxxoso,bat_score=0 (matched),0,1
t6o711,bat_score=0 (matched),0,1
s7jyau,bat_score=0 (matched),0,1
rvf1t3,bat_score=0 (matched),0,1
u2cqcm,bat_score=0 (matched),0,1
uywd4g,bat_score=0 (matched),0,1
se7qaj,bat_score=0 (matched),0,1
ubmmtv,bat_score=0 (matched),0,1
x9a33d,bat_score=0 (matched),0,1
u877q2,bat_score=0 (matched),0,1
vvyzes,bat_score=0 (matched),0,1
s2c45s,bat_score=0 (matched),0,1
yjo6og,bat_score=0 (matched),0,1
vh08a1,bat_score=0 (matched),0,1
txif7d,bat_score=0 (matched),0,1
xbxchj,bat_score=0 (matched),0,1
yguy70,bat_score=0 (matched),0,1
znlrz4,bat_score=0 (matched),0,1
use4jz,bat_score=0 (matched),0,1
t22q5o,bat_score=0 (matched),0,1
zki840,bat_score=0 (matched),0,1
ylcwo9,bat_score=0 (matched),0,1
uze1n3,bat_score=0 (matched),0,1
uw3avd,bat_score=0 (matched),0,1
y9x0vv,bat_score=0 (matched),0,1
txlere,bat_score=0 (matched),0,1
ydd7so,bat_score=0 (matched),0,1
sf5ob9,bat_score=0 (matched),0,1
wdis20,bat_score=0 (matched),0,1
xe770y,bat_score=0 (matched),0,1
yeau22,bat_score=0 (matched),0,1
u6m8tr,bat_score=0 (matched),0,1
v71b18,bat_score=0 (matched),0,1
vrzjbu,bat_score=0 (matched),0,1
yiut2t,bat_score=0 (matched),0,1
ts24gr,bat_score=0 (matched),0,1
tel8gz,bat_score=0 (matched),0,1
w5fs86,bat_score=0 (matched),0,1
suqn87,bat_score=0 (matched),0,1
vmsog1,bat_score=0 (matched),0,1
x90sh8,bat_score=0 (matched),0,1
sv7pd1,bat_score=0 (matched),0,1
zwi59w,bat_score=0 (matched),0,1
vj5k9j,bat_score=0 (matched),0,1
t3wlfz,bat_score=0 (matched),0,1
vludu1,bat_score=0 (matched),0,1
ueow09,bat_score=0 (matched),0,1
v9a5nu,bat_score=0 (matched),0,1
v3kp6b,bat_score=0 (matched),0,1
vl65vx,bat_score=0 (matched),0,1
zy9m75,bat_score=0 (matched),0,1
tax23m,bat_score=0 (matched),0,1
tblu3y,bat_score=0 (matched),0,1
wgwh3c,bat_score=0 (matched),0,1
wwl2lo,bat_score=0 (matched),0,1
vyiasm,bat_score=0 (matched),0,1
ypnwwo,bat_score=0 (matched),0,1
yoty5j,bat_score=0 (matched),0,1
sye0dk,bat_score=0 (matched),0,1
xqlmxt,bat_score=0 (matched),0,1
wfadxr,bat_score=0 (matched),0,1
vct3jk,bat_score=0 (matched),0,1
x3xagf,bat_score=0 (matched),0,1
ryjc91,bat_score=0 (matched),0,1
yli7v2,bat_score=0 (matched),0,1
yd9knk,bat_score=0 (matched),0,1
s8vdpx,bat_score=0 (matched),0,1
yfr73v,bat_score=0 (matched),0,1
wuplu2,bat_score=0 (matched),0,1
wkeb25,bat_score=0 (matched),0,1
wgi3ft,bat_score=0 (matched),0,1
ter8om,bat_score=0 (matched),0,1
xri7rj,bat_score=0 (matched),0,1
yjpgxn,bat_score=0 (matched),0,1
z3lvza,bat_score=0 (matched),0,1
v41dkx,bat_score=0 (matched),0,1
wxq407,bat_score=0 (matched),0,1
ux5ht5,bat_score=0 (matched),0,1
szn9du,bat_score=0 (matched),0,1
snzhbz,bat_score=0 (matched),0,1
s3a6xl,bat_score=0 (matched),0,1
t0q5d8,bat_score=0 (matched),0,1
se0rcn,bat_score=0 (matched),0,1
s7wg26,bat_score=0 (matched),0,1
xk0koo,bat_score=0 (matched),0,1
t6cfz2,bat_score=0 (matched),0,1
ubujtu,bat_score=0 (matched),0,1
zww049,bat_score=0 (matched),0,1
z5hp1j,bat_score=0 (matched),0,1
vm24k1,bat_score=0 (matched),0,1
zsrvxj,bat_score=0 (matched),0,1
tzpjza,bat_score=0 (matched),0,1
uxux0n,bat_score=0 (matched),0,1
xkarpe,bat_score=0 (matched),0,1
sbn1lp,bat_score=0 (matched),0,1
ugx4yf,bat_score=0 (matched),0,1
s7ttj9,bat_score=0 (matched),0,1
tc5s7w,bat_score=0 (matched),0,1
yvh575,bat_score=0 (matched),0,1
tffbz7,bat_score=0 (matched),0,1
x2zrzv,bat_score=0 (matched),0,1
wquznd,bat_score=0 (matched),0,1
snnpeu,bat_score=0 (matched),0,1
uce2pu,bat_score=0 (matched),0,1
tyvbno,bat_score=0 (matched),0,1
xmzjmn,bat_score=0 (matched),0,1
u7zt6z,bat_score=0 (matched),0,1
uyn9zr,bat_score=0 (matched),0,1
x9mskp,bat_score=0 (matched),0,1
za07ib,bat_score=0 (matched),0,1
unc2dm,bat_score=0 (matched),0,1
w7lsah,bat_score=0 (matched),0,1
wqy7ir,bat_score=0 (matched),0,1
welm31,bat_score=0 (matched),0,1
vuatm5,bat_score=0 (matched),0,1
vhxy73,bat_score=0 (matched),0,1
xu54q4,bat_score=0 (matched),0,1
v1v6vc,bat_score=0 (matched),0,1
ska57v,bat_score=0 (matched),0,1
t0cmss,bat_score=0 (matched),0,1
vkc9pb,bat_score=0 (matched),0,1
u9hph8,bat_score=0 (matched),0,1
tpoxmy,bat_score=0 (matched),0,1
vbo5wn,bat_score=0 (matched),0,1
zvptyd,bat_score=0 (matched),0,1
ydd3w5,bat_score=0 (matched),0,1
xwigjh,bat_score=0 (matched),0,1
wsjppa,bat_score=0 (matched),0,1
xm859f,bat_score=0 (matched),0,1
tji2r8,bat_score=0 (matched),0,1
vbqvdd,bat_score=0 (matched),0,1
vwphh0,bat_score=0 (matched),0,1
xdb24u,bat_score=0 (matched),0,1
uj05uy,bat_score=0 (matched),0,1
tpaypj,bat_score=0 (matched),0,1
yfz63b,bat_score=0 (matched),0,1
uiugnp,bat_score=0 (matched),0,1
t6llky,bat_score=0 (matched),0,1
u5ed68,bat_score=0 (matched),0,1
tbx93b,bat_score=0 (matched),0,1
uiykbr,bat_score=0 (matched),0,1
w74ge8,bat_score=0 (matched),0,1
uhkgop,bat_score=0 (matched),0,1
soa5bi,bat_score=0 (matched),0,1
thljiz,bat_score=0 (matched),0,1
zgyiln,bat_score=0 (matched),0,1
xk6h82,bat_score=0 (matched),0,1
y9mfjm,bat_score=0 (matched),0,1
u1abv0,bat_score=0 (matched),0,1
wmxfgl,bat_score=0 (matched),0,1
ul1yyi,bat_score=0 (matched),0,1
znfmdo,bat_score=0 (matched),0,1
sr3z8q,bat_score=0 (matched),0,1
s0ewvf,bat_score=0 (matched),0,1
yeo6ki,bat_score=0 (matched),0,1
z78t8x,bat_score=0 (matched),0,1
t174vy,bat_score=0 (matched),0,1
s769b1,bat_score=0 (matched),0,1
umokx8,bat_score=0 (matched),0,1
vivnqr,bat_score=0 (matched),0,1
t3f2i9,bat_score=0 (matched),0,1
xraq2h,bat_score=0 (matched),0,1
zarmcy,bat_score=0 (matched),0,1
se1vb6,bat_score=0 (matched),0,1
wakqtg,bat_score=0 (matched),0,1
ye0kqe,bat_score=0 (matched),0,1
z4dfi1,bat_score=0 (matched),0,1
wf9i4m,bat_score=0 (matched),0,1
tnmaxt,bat_score=0 (matched),0,1
trul37,bat_score=0 (matched),0,1
sd8y07,bat_score=0 (matched),0,1
woqst0,bat_score=0 (matched),0,1
wv8ki9,bat_score=0 (matched),0,1
snmxvv,bat_score=0 (matched),0,1
u26qhw,bat_score=0 (matched),0,1
w3mmh4,bat_score=0 (matched),0,1
t8mrag,bat_score=0 (matched),0,1
ry2em7,bat_score=0 (matched),0,1
uhg567,bat_score=0 (matched),0,1
v7ppvo,bat_score=0 (matched),0,1
wajvna,bat_score=0 (matched),0,1
v6k5b2,bat_score=0 (matched),0,1
vrz2aq,bat_score=0 (matched),0,1
w9iypn,bat_score=0 (matched),0,1
w85fo0,bat_score=0 (matched),0,1
x7p11b,bat_score=0 (matched),0,1
tq6t9i,bat_score=0 (matched),0,1
y2kqp5,bat_score=0 (matched),0,1
twrthx,bat_score=0 (matched),0,1
vuee8c,bat_score=0 (matched),0,1
wy243m,bat_score=0 (matched),0,1
yyedt0,bat_score=0 (matched),0,1
uoato8,bat_score=0 (matched),0,1
xxyp6s,bat_score=0 (matched),0,1
skkabh,bat_score=0 (matched),0,1
vdtceo,bat_score=0 (matched),0,1
y0sn3i,bat_score=0 (matched),0,1
sdycfj,bat_score=0 (matched),0,1
w5d313,bat_score=0 (matched),0,1
us44f9,bat_score=0 (matched),0,1
w69m8d,bat_score=0 (matched),0,1
y0itsp,bat_score=0 (matched),0,1
sux2me,bat_score=0 (matched),0,1
wbgont,bat_score=0 (matched),0,1
tbu2ti,bat_score=0 (matched),0,1
rwgr88,bat_score=0 (matched),0,1
vc31b0,bat_score=0 (matched),0,1
w2x18z,bat_score=0 (matched),0,1
t3l6w2,bat_score=0 (matched),0,1
zddnji,bat_score=0 (matched),0,1
xjcavc,bat_score=0 (matched),0,1
wdj2dg,bat_score=0 (matched),0,1
uzt4b6,bat_score=0 (matched),0,1
z1sd6g,bat_score=0 (matched),0,1
uhgt6i,bat_score=0 (matched),0,1
t6nqlz,bat_score=0 (matched),0,1
yfnbw3,bat_score=0 (matched),0,1
zfgp4s,bat_score=0 (matched),0,1
si6s7r,bat_score=0 (matched),0,1
tilwwe,bat_score=0 (matched),0,1
xnnryz,bat_score=0 (matched),0,1
wvvn8s,bat_score=0 (matched),0,1
vnomrc,bat_score=0 (matched),0,1
zfi74m,bat_score=0 (matched),0,1
yfxzk6,bat_score=0 (matched),0,1
wzyara,bat_score=0 (matched),0,1
t55xtc,bat_score=0 (matched),0,1
wra17e,bat_score=0 (matched),0,1
wfen9n,bat_score=0 (matched),0,1
t8yji4,bat_score=0 (matched),0,1
s3io80,bat_score=0 (matched),0,1
xebme2,bat_score=0 (matched),0,1
sq7uqv,bat_score=0 (matched),0,1
tb9nrs,bat_score=0 (matched),0,1
wecmon,bat_score=0 (matched),0,1
x4mitt,bat_score=0 (matched),0,1
smw9lb,bat_score=0 (matched),0,1
vdppnw,bat_score=0 (matched),0,1
ykeo6j,bat_score=0 (matched),0,1
u9qsok,bat_score=0 (matched),0,1
xs92k9,bat_score=0 (matched),0,1
z4ost0,bat_score=0 (matched),0,1
vwhy8q,bat_score=0 (matched),0,1
x11svw,bat_score=0 (matched),0,1
vzd9le,bat_score=0 (matched),0,1
xok3ij,bat_score=0 (matched),0,1
ul8xyf,bat_score=0 (matched),0,1
ut2i4k,bat_score=0 (matched),0,1
uo0oi7,bat_score=0 (matched),0,1
vo1tkq,bat_score=0 (matched),0,1
y9pf6q,bat_score=0 (matched),0,1
v0145i,bat_score=0 (matched),0,1
x3kz1j,bat_score=0 (matched),0,1
z3yoq8,bat_score=0 (matched),0,1
uqy00e,bat_score=0 (matched),0,1
w44e2c,bat_score=0 (matched),0,1
u6kh1v,bat_score=0 (matched),0,1
usuwml,bat_score=0 (matched),0,1
wqnd8r,bat_score=0 (matched),0,1
y95ql4,bat_score=0 (matched),0,1
xlvkv3,bat_score=0 (matched),0,1
tpl6w2,bat_score=0 (matched),0,1
v9c4lm,bat_score=0 (matched),0,1
s24bty,bat_score=0 (matched),0,1
vo9w92,bat_score=0 (matched),0,1
trwt53,bat_score=0 (matched),0,1
so8lgn,bat_score=0 (matched),0,1
y0ivug,bat_score=0 (matched),0,1
zre9df,bat_score=0 (matched),0,1
v2gcf1,bat_score=0 (matched),0,1
si8lip,bat_score=0 (matched),0,1
rw3vny,bat_score=0 (matched),0,1
uwfjwk,bat_score=0 (matched),0,1
w3udlz,bat_score=0 (matched),0,1
15b3che,bat_score=0 (matched),0,1
13xibnv,bat_score=0 (matched),0,1
162cpt2,bat_score=0 (matched),0,1
114g4tt,bat_score=0 (matched),0,1
11sxp0x,bat_score=0 (matched),0,1
17q0864,bat_score=0 (matched),0,1
10xkc2d,bat_score=0 (matched),0,1
11yiqlp,bat_score=0 (matched),0,1
159owfy,bat_score=0 (matched),0,1
15b1btd,bat_score=0 (matched),0,1
100vj8d,bat_score=0 (matched),0,1
16tn0ti,bat_score=0 (matched),0,1
17xgj9q,bat_score=0 (matched),0,1
120jsbp,bat_score=0 (matched),0,1
18dtofb,bat_score=0 (matched),0,1
10keclj,bat_score=0 (matched),0,1
14q081s,bat_score=0 (matched),0,1
12emch4,bat_score=0 (matched),0,1
185aszt,bat_score=0 (matched),0,1
15pbemh,bat_score=0 (matched),0,1
17g4vno,bat_score=0 (matched),0,1
18lq4cy,bat_score=0 (matched),0,1
14davsq,bat_score=0 (matched),0,1
18t9ugg,bat_score=0 (matched),0,1
14rot7y,bat_score=0 (matched),0,1
11o0nsz,bat_score=0 (matched),0,1
11rgmgr,bat_score=0 (matched),0,1
10vnl3w,bat_score=0 (matched),0,1
16s38e7,bat_score=0 (matched),0,1
17ghjbc,bat_score=0 (matched),0,1
185tnba,bat_score=0 (matched),0,1
177aipn,bat_score=0 (matched),0,1
13d72zz,bat_score=0 (matched),0,1
151pn26,bat_score=0 (matched),0,1
10aq5af,bat_score=0 (matched),0,1
1542dle,bat_score=0 (matched),0,1
14zg3lk,bat_score=0 (matched),0,1
16uyd50,bat_score=0 (matched),0,1
142fit9,bat_score=0 (matched),0,1
17acfmj,bat_score=0 (matched),0,1
13ewcxk,bat_score=0 (matched),0,1
10gg2ey,bat_score=0 (matched),0,1
11wnod6,bat_score=0 (matched),0,1
10c3jrq,bat_score=0 (matched),0,1
1824gj4,bat_score=0 (matched),0,1
18hrrib,bat_score=0 (matched),0,1
138fi6s,bat_score=0 (matched),0,1
1638neu,bat_score=0 (matched),0,1
15sksxj,bat_score=0 (matched),0,1
1497kqp,bat_score=0 (matched),0,1
18hlfxs,bat_score=0 (matched),0,1
15xgc5p,bat_score=0 (matched),0,1
11ap866,bat_score=0 (matched),0,1
10vwmjq,bat_score=0 (matched),0,1
14bucfc,bat_score=0 (matched),0,1
10zm8ev,bat_score=0 (matched),0,1
10938ug,bat_score=0 (matched),0,1
12kxi4i,bat_score=0 (matched),0,1
165f9ns,bat_score=0 (matched),0,1
133wkwx,bat_score=0 (matched),0,1
138sxhe,bat_score=0 (matched),0,1
17zwf5x,bat_score=0 (matched),0,1
14n3vn2,bat_score=0 (matched),0,1
157kyub,bat_score=0 (matched),0,1
17eq3lm,bat_score=0 (matched),0,1
171gtlj,bat_score=0 (matched),0,1
16zq31c,bat_score=0 (matched),0,1
16sjumi,bat_score=0 (matched),0,1
15dlov7,bat_score=0 (matched),0,1
185igtm,bat_score=0 (matched),0,1
12iq6vo,bat_score=0 (matched),0,1
18lo0yy,bat_score=0 (matched),0,1
16jx3ji,bat_score=0 (matched),0,1
16iubsp,bat_score=0 (matched),0,1
16jn66k,bat_score=0 (matched),0,1
10pe2mm,bat_score=0 (matched),0,1
18mbbfu,bat_score=0 (matched),0,1
17sa0l4,bat_score=0 (matched),0,1
12st0p8,bat_score=0 (matched),0,1
18s5ha2,bat_score=0 (matched),0,1
17ltc90,bat_score=0 (matched),0,1
154z9kd,bat_score=0 (matched),0,1
10p0sm9,bat_score=0 (matched),0,1
14bgmq9,bat_score=0 (matched),0,1
15fiyhz,bat_score=0 (matched),0,1
162ly01,bat_score=0 (matched),0,1
13l4q1u,bat_score=0 (matched),0,1
12h9026,bat_score=0 (matched),0,1
160nv6a,bat_score=0 (matched),0,1
16yr4qy,bat_score=0 (matched),0,1
161vsk0,bat_score=0 (matched),0,1
175jn48,bat_score=0 (matched),0,1
108s5gi,bat_score=0 (matched),0,1
11ajvjb,bat_score=0 (matched),0,1
12lyizo,bat_score=0 (matched),0,1
17xjdyf,bat_score=0 (matched),0,1
155nnhz,bat_score=0 (matched),0,1
18dmmoa,bat_score=0 (matched),0,1
14nuoed,bat_score=0 (matched),0,1
1038bb3,bat_score=0 (matched),0,1
15ycmhp,bat_score=0 (matched),0,1
18gy1tx,bat_score=0 (matched),0,1
184pk92,bat_score=0 (matched),0,1
13vzc5j,bat_score=0 (matched),0,1
13acc09,bat_score=0 (matched),0,1
14rdizx,bat_score=0 (matched),0,1
158q43u,bat_score=0 (matched),0,1
166rbwt,bat_score=0 (matched),0,1
127mler,bat_score=0 (matched),0,1
16mxq2r,bat_score=0 (matched),0,1
16ep8bm,bat_score=0 (matched),0,1
16d9npb,bat_score=0 (matched),0,1
102jsa7,bat_score=0 (matched),0,1
11nrvcf,bat_score=0 (matched),0,1
17jtt2g,bat_score=0 (matched),0,1
102b63k,bat_score=0 (matched),0,1
11mvi6y,bat_score=0 (matched),0,1
176bc8a,bat_score=0 (matched),0,1
17yu64z,bat_score=0 (matched),0,1
13kxuyq,bat_score=0 (matched),0,1
155bkjk,bat_score=0 (matched),0,1
16y728n,bat_score=0 (matched),0,1
15bzob2,bat_score=0 (matched),0,1
18jnpkc,bat_score=0 (matched),0,1
18o9h86,bat_score=0 (matched),0,1
15yq1p5,bat_score=0 (matched),0,1
15s1cl6,bat_score=0 (matched),0,1
12sxp7c,bat_score=0 (matched),0,1
16iwg0r,bat_score=0 (matched),0,1
130zcvo,bat_score=0 (matched),0,1
165fh85,bat_score=0 (matched),0,1
17h0uj2,bat_score=0 (matched),0,1
18arhtb,bat_score=0 (matched),0,1
16byvgn,bat_score=0 (matched),0,1
16csw1q,bat_score=0 (matched),0,1
16rzbrj,bat_score=0 (matched),0,1
10rbiom,bat_score=0 (matched),0,1
109os1f,bat_score=0 (matched),0,1
15oi2l9,bat_score=0 (matched),0,1
172j780,bat_score=0 (matched),0,1
112onv9,bat_score=0 (matched),0,1
17478sw,bat_score=0 (matched),0,1
17fsw2r,bat_score=0 (matched),0,1
14q629h,bat_score=0 (matched),0,1
12azev2,bat_score=0 (matched),0,1
15j24rt,bat_score=0 (matched),0,1
15jd4tr,bat_score=0 (matched),0,1
16zhx66,bat_score=0 (matched),0,1
168h2ae,bat_score=0 (matched),0,1
15glcy2,bat_score=0 (matched),0,1
12cqik6,bat_score=0 (matched),0,1
17fymes,bat_score=0 (matched),0,1
17uc0hz,bat_score=0 (matched),0,1
14fn37g,bat_score=0 (matched),0,1
12xx03i,bat_score=0 (matched),0,1
12haf3y,bat_score=0 (matched),0,1
10s9z72,bat_score=0 (matched),0,1
15tsl92,bat_score=0 (matched),0,1
14n19kb,bat_score=0 (matched),0,1
137jw1p,bat_score=0 (matched),0,1
17i7bai,bat_score=0 (matched),0,1
13lvtk4,bat_score=0 (matched),0,1
15sup5g,bat_score=0 (matched),0,1
10mgn2s,bat_score=0 (matched),0,1
16x4vw2,bat_score=0 (matched),0,1
188flqb,bat_score=0 (matched),0,1
15ut0yh,bat_score=0 (matched),0,1
16h8i22,bat_score=0 (matched),0,1
11evs0j,bat_score=0 (matched),0,1
127smdb,bat_score=0 (matched),0,1
10j89mw,bat_score=0 (matched),0,1
140o93l,bat_score=0 (matched),0,1
10xhd6f,bat_score=0 (matched),0,1
127gfej,bat_score=0 (matched),0,1
18slqq5,bat_score=0 (matched),0,1
17a3e4v,bat_score=0 (matched),0,1
13sm0ei,bat_score=0 (matched),0,1
12zr8ry,bat_score=0 (matched),0,1
16dap3x,bat_score=0 (matched),0,1
11f53jz,bat_score=0 (matched),0,1
11ck4nd,bat_score=0 (matched),0,1
15qv702,bat_score=0 (matched),0,1
180mejr,bat_score=0 (matched),0,1
10no491,bat_score=0 (matched),0,1
188r2mx,bat_score=0 (matched),0,1
18g2nor,bat_score=0 (matched),0,1
16jjbus,bat_score=0 (matched),0,1
16yrrkv,bat_score=0 (matched),0,1
173wwod,bat_score=0 (matched),0,1
15uux4z,bat_score=0 (matched),0,1
16gsgvl,bat_score=0 (matched),0,1
12xormf,bat_score=0 (matched),0,1
13qppby,bat_score=0 (matched),0,1
124pi71,bat_score=0 (matched),0,1
186xtec,bat_score=0 (matched),0,1
10507zb,bat_score=0 (matched),0,1
17bkxt2,bat_score=0 (matched),0,1
113mp5s,bat_score=0 (matched),0,1
15f218d,bat_score=0 (matched),0,1
17lmx7g,bat_score=0 (matched),0,1
15lz6pe,bat_score=0 (matched),0,1
15bf0wq,bat_score=0 (matched),0,1
10ehmco,bat_score=0 (matched),0,1
15ln3lv,bat_score=0 (matched),0,1
175g6df,bat_score=0 (matched),0,1
12cqfxo,bat_score=0 (matched),0,1
1026iqo,bat_score=0 (matched),0,1
11y17bo,bat_score=0 (matched),0,1
144lp21,bat_score=0 (matched),0,1
15wbs4d,bat_score=0 (matched),0,1
11m7b1a,bat_score=0 (matched),0,1
18d2td1,bat_score=0 (matched),0,1
12igek0,bat_score=0 (matched),0,1
10jeiga,bat_score=0 (matched),0,1
10ecgzf,bat_score=0 (matched),0,1
18t1geh,bat_score=0 (matched),0,1
163h6z5,bat_score=0 (matched),0,1
10rw1i6,bat_score=0 (matched),0,1
14lx5iu,bat_score=0 (matched),0,1
132z04i,bat_score=0 (matched),0,1
17v53kh,bat_score=0 (matched),0,1
16ku361,bat_score=0 (matched),0,1
17ptjjt,bat_score=0 (matched),0,1
18lkx7t,bat_score=0 (matched),0,1
16ao7op,bat_score=0 (matched),0,1
16k36t8,bat_score=0 (matched),0,1
11xuadp,bat_score=0 (matched),0,1
15fpc4t,bat_score=0 (matched),0,1
13ixzeu,bat_score=0 (matched),0,1
18v0zh1,bat_score=0 (matched),0,1
112zhxm,bat_score=0 (matched),0,1
108id7j,bat_score=0 (matched),0,1
137x6jv,bat_score=0 (matched),0,1
16iqx3s,bat_score=0 (matched),0,1
14el657,bat_score=0 (matched),0,1
15tqewc,bat_score=0 (matched),0,1
17es1pf,bat_score=0 (matched),0,1
18j6vew,bat_score=0 (matched),0,1
13xl2a2,bat_score=0 (matched),0,1
15gi7np,bat_score=0 (matched),0,1
14tkp6e,bat_score=0 (matched),0,1
15ajut0,bat_score=0 (matched),0,1
1805bib,bat_score=0 (matched),0,1
16zv8ca,bat_score=0 (matched),0,1
16nw9q2,bat_score=0 (matched),0,1
13v6qam,bat_score=0 (matched),0,1
14u44k7,bat_score=0 (matched),0,1
17wvxet,bat_score=0 (matched),0,1
12snoep,bat_score=0 (matched),0,1
17w10ey,bat_score=0 (matched),0,1
16ftj3b,bat_score=0 (matched),0,1
17tgq2v,bat_score=0 (matched),0,1
18s8v4i,bat_score=0 (matched),0,1
18s2lu9,bat_score=0 (matched),0,1
10a7qap,bat_score=0 (matched),0,1
11no1iu,bat_score=0 (matched),0,1
11h0fhp,bat_score=0 (matched),0,1
1585es4,bat_score=0 (matched),0,1
18kwc3c,bat_score=0 (matched),0,1
17jgk3z,bat_score=0 (matched),0,1
14hnbhb,bat_score=0 (matched),0,1
12bv790,bat_score=0 (matched),0,1
18ayjgv,bat_score=0 (matched),0,1
123gvnt,bat_score=0 (matched),0,1
16g7161,bat_score=0 (matched),0,1
13rj3jp,bat_score=0 (matched),0,1
15znqpz,bat_score=0 (matched),0,1
17fgszi,bat_score=0 (matched),0,1
10dlll5,bat_score=0 (matched),0,1
17qomxk,bat_score=0 (matched),0,1
17z62ph,bat_score=0 (matched),0,1
173305i,bat_score=0 (matched),0,1
13xrqgd,bat_score=0 (matched),0,1
16kdn1n,bat_score=0 (matched),0,1
14ebsjf,bat_score=0 (matched),0,1
14nclxu,bat_score=0 (matched),0,1
10m618o,bat_score=0 (matched),0,1
11k2wu1,bat_score=0 (matched),0,1
114krx2,bat_score=0 (matched),0,1
14ay9j7,bat_score=0 (matched),0,1
12oeg41,bat_score=0 (matched),0,1
155hpj2,bat_score=0 (matched),0,1
17wx1ab,bat_score=0 (matched),0,1
165ltyz,bat_score=0 (matched),0,1
174s5xc,bat_score=0 (matched),0,1
13cuo9k,bat_score=0 (matched),0,1
14ul3vy,bat_score=0 (matched),0,1
11wxnn8,bat_score=0 (matched),0,1
18lcu79,bat_score=0 (matched),0,1
10tsf0w,bat_score=0 (matched),0,1
121wypc,bat_score=0 (matched),0,1
10w6coc,bat_score=0 (matched),0,1
1123gqp,bat_score=0 (matched),0,1
17xhs30,bat_score=0 (matched),0,1
115o8rn,bat_score=0 (matched),0,1
10fh1bi,bat_score=0 (matched),0,1
13kae47,bat_score=0 (matched),0,1
11fgfn1,bat_score=0 (matched),0,1
11l4a9o,bat_score=0 (matched),0,1
17v14ss,bat_score=0 (matched),0,1
1872rl4,bat_score=0 (matched),0,1
104xrml,bat_score=0 (matched),0,1
11lrtr0,bat_score=0 (matched),0,1
17bjaps,bat_score=0 (matched),0,1
11nw4z8,bat_score=0 (matched),0,1
14x0bb7,bat_score=0 (matched),0,1
15a4nin,bat_score=0 (matched),0,1
16k0gh9,bat_score=0 (matched),0,1
175huas,bat_score=0 (matched),0,1
17jzveh,bat_score=0 (matched),0,1
10jodqr,bat_score=0 (matched),0,1
17mbiax,bat_score=0 (matched),0,1
11xumcp,bat_score=0 (matched),0,1
182rann,bat_score=0 (matched),0,1
155lyrh,bat_score=0 (matched),0,1
174k2an,bat_score=0 (matched),0,1
13a65x9,bat_score=0 (matched),0,1
14af46i,bat_score=0 (matched),0,1
14y3fq7,bat_score=0 (matched),0,1
10oyfq8,bat_score=0 (matched),0,1
149rf3x,bat_score=0 (matched),0,1
11lz8r0,bat_score=0 (matched),0,1
10419q8,bat_score=0 (matched),0,1
15o9kl4,bat_score=0 (matched),0,1
16ilc4a,bat_score=0 (matched),0,1
11kja5k,bat_score=0 (matched),0,1
17b02wg,bat_score=0 (matched),0,1
16s4ygz,bat_score=0 (matched),0,1
11yfvna,bat_score=0 (matched),0,1
10a4rn0,bat_score=0 (matched),0,1
14f5822,bat_score=0 (matched),0,1
125hcru,bat_score=0 (matched),0,1
14re0kj,bat_score=0 (matched),0,1
147wisg,bat_score=0 (matched),0,1
10rqog7,bat_score=0 (matched),0,1
12dvek3,bat_score=0 (matched),0,1
15gync4,bat_score=0 (matched),0,1
137srqg,bat_score=0 (matched),0,1
13ygdhw,bat_score=0 (matched),0,1
17fa8xf,bat_score=0 (matched),0,1
134g5wu,bat_score=0 (matched),0,1
17tr1qh,bat_score=0 (matched),0,1
15iqj8a,bat_score=0 (matched),0,1
16gvqjf,bat_score=0 (matched),0,1
1449rb5,bat_score=0 (matched),0,1
15r14a8,bat_score=0 (matched),0,1
16ijcql,bat_score=0 (matched),0,1
18c5y9l,bat_score=0 (matched),0,1
112eb7k,bat_score=0 (matched),0,1
13k2qdi,bat_score=0 (matched),0,1
16joued,bat_score=0 (matched),0,1
15gz7me,bat_score=0 (matched),0,1
185t6ac,bat_score=0 (matched),0,1
16vjzg0,bat_score=0 (matched),0,1
109w0m3,bat_score=0 (matched),0,1
141o8tg,bat_score=0 (matched),0,1
12l0hf2,bat_score=0 (matched),0,1
16696sa,bat_score=0 (matched),0,1
16avv1m,bat_score=0 (matched),0,1
14bfuc3,bat_score=0 (matched),0,1
10r1oxm,bat_score=0 (matched),0,1
123x3av,bat_score=0 (matched),0,1
186dk30,bat_score=0 (matched),0,1
14q87j9,bat_score=0 (matched),0,1
181fmim,bat_score=0 (matched),0,1
12llez4,bat_score=0 (matched),0,1
18ows7k,bat_score=0 (matched),0,1
12ikgmu,bat_score=0 (matched),0,1
15qh9r8,bat_score=0 (matched),0,1
128cq4m,bat_score=0 (matched),0,1
16clvor,bat_score=0 (matched),0,1
117gdtl,bat_score=0 (matched),0,1
16vvqsy,bat_score=0 (matched),0,1
15gmx5e,bat_score=0 (matched),0,1
14uwyqn,bat_score=0 (matched),0,1
173ebf1,bat_score=0 (matched),0,1
140t5m1,bat_score=0 (matched),0,1
17wpznq,bat_score=0 (matched),0,1
104baph,bat_score=0 (matched),0,1
18cyfy7,bat_score=0 (matched),0,1
16o7t6f,bat_score=0 (matched),0,1
138hbrl,bat_score=0 (matched),0,1
11xx6fu,bat_score=0 (matched),0,1
14uspy6,bat_score=0 (matched),0,1
14deu3j,bat_score=0 (matched),0,1
159ot2r,bat_score=0 (matched),0,1
160af2x,bat_score=0 (matched),0,1
18t3xzn,bat_score=0 (matched),0,1
1649yxc,bat_score=0 (matched),0,1
16lcazh,bat_score=0 (matched),0,1
1745i3g,bat_score=0 (matched),0,1
13orqc7,bat_score=0 (matched),0,1
11440qo,bat_score=0 (matched),0,1
14xxx0l,bat_score=0 (matched),0,1
14jts4m,bat_score=0 (matched),0,1
17c21sn,bat_score=0 (matched),0,1
130e5dy,bat_score=0 (matched),0,1
123nhum,bat_score=0 (matched),0,1
1604mh3,bat_score=0 (matched),0,1
16cjzev,bat_score=0 (matched),0,1
16fswt4,bat_score=0 (matched),0,1
14wkjra,bat_score=0 (matched),0,1
10cuncw,bat_score=0 (matched),0,1
117qj9j,bat_score=0 (matched),0,1
175rsqb,bat_score=0 (matched),0,1
109uhu1,bat_score=0 (matched),0,1
15ssjzs,bat_score=0 (matched),0,1
121sybv,bat_score=0 (matched),0,1
168c84o,bat_score=0 (matched),0,1
18q8w7h,bat_score=0 (matched),0,1
11kj6jl,bat_score=0 (matched),0,1
17ufyh6,bat_score=0 (matched),0,1
148bthh,bat_score=0 (matched),0,1
18hppw5,bat_score=0 (matched),0,1
15quklm,bat_score=0 (matched),0,1
14q6wfp,bat_score=0 (matched),0,1
11rwbvo,bat_score=0 (matched),0,1
13uq5ia,bat_score=0 (matched),0,1
118tu20,bat_score=0 (matched),0,1
189oxxa,bat_score=0 (matched),0,1
17vskom,bat_score=0 (matched),0,1
173t5eg,bat_score=0 (matched),0,1
160lk8g,bat_score=0 (matched),0,1
16quci1,bat_score=0 (matched),0,1
18h6dt8,bat_score=0 (matched),0,1
12al2b7,bat_score=0 (matched),0,1
170amej,bat_score=0 (matched),0,1
14568l0,bat_score=0 (matched),0,1
11a4t0q,bat_score=0 (matched),0,1
16ppnxc,bat_score=0 (matched),0,1
17s3cyq,bat_score=0 (matched),0,1
11m82iy,bat_score=0 (matched),0,1
15mmvo6,bat_score=0 (matched),0,1
158t9if,bat_score=0 (matched),0,1
10jk8t9,bat_score=0 (matched),0,1
18t90al,bat_score=0 (matched),0,1
13py3uz,bat_score=0 (matched),0,1
159xwj8,bat_score=0 (matched),0,1
10e884n,bat_score=0 (matched),0,1
16zsa8s,bat_score=0 (matched),0,1
17w46wb,bat_score=0 (matched),0,1
12143sy,bat_score=0 (matched),0,1
148jnpt,bat_score=0 (matched),0,1
16chlog,bat_score=0 (matched),0,1
161iv6t,bat_score=0 (matched),0,1
18gnpv6,bat_score=0 (matched),0,1
1610oc3,bat_score=0 (matched),0,1
123umpf,bat_score=0 (matched),0,1
160wybi,bat_score=0 (matched),0,1
17x6c94,bat_score=0 (matched),0,1
124vkli,bat_score=0 (matched),0,1
12khv00,bat_score=0 (matched),0,1
14a9jji,bat_score=0 (matched),0,1
104ysou,bat_score=0 (matched),0,1
13kd06l,bat_score=0 (matched),0,1
11wtlt9,bat_score=0 (matched),0,1
16lvicm,bat_score=0 (matched),0,1
10fwelm,bat_score=0 (matched),0,1
18ao4lz,bat_score=0 (matched),0,1
15v0vsp,bat_score=0 (matched),0,1
107pzqz,bat_score=0 (matched),0,1
13ercmy,bat_score=0 (matched),0,1
12f9cf7,bat_score=0 (matched),0,1
134oe2f,bat_score=0 (matched),0,1
106w9vy,bat_score=0 (matched),0,1
17v19oe,bat_score=0 (matched),0,1
11ldyzl,bat_score=0 (matched),0,1
1124j2y,bat_score=0 (matched),0,1
14sujyb,bat_score=0 (matched),0,1
15igdd2,bat_score=0 (matched),0,1
15ccj1c,bat_score=0 (matched),0,1
102bmyl,bat_score=0 (matched),0,1
11a9bnn,bat_score=0 (matched),0,1
174w1c2,bat_score=0 (matched),0,1
12s8xnh,bat_score=0 (matched),0,1
12jgpbi,bat_score=0 (matched),0,1
13tk4gl,bat_score=0 (matched),0,1
12bhyhz,bat_score=0 (matched),0,1
18jf15o,bat_score=0 (matched),0,1
17av831,bat_score=0 (matched),0,1
16iy8sh,bat_score=0 (matched),0,1
174zgdf,bat_score=0 (matched),0,1
174153k,bat_score=0 (matched),0,1
10p3lqn,bat_score=0 (matched),0,1
17m8a20,bat_score=0 (matched),0,1
15ss3ea,bat_score=0 (matched),0,1
13e65u4,bat_score=0 (matched),0,1
182zmbf,bat_score=0 (matched),0,1
13qlzoq,bat_score=0 (matched),0,1
12p8awn,bat_score=0 (matched),0,1
17xdxyt,bat_score=0 (matched),0,1
13rax0u,bat_score=0 (matched),0,1
16ddfmq,bat_score=0 (matched),0,1
10g8w0x,bat_score=0 (matched),0,1
11g6wpo,bat_score=0 (matched),0,1
12oobzs,bat_score=0 (matched),0,1
10yudb6,bat_score=0 (matched),0,1
16bm7ar,bat_score=0 (matched),0,1
10igorg,bat_score=0 (matched),0,1
10lv0yy,bat_score=0 (matched),0,1
15vv1b0,bat_score=0 (matched),0,1
11zmx51,bat_score=0 (matched),0,1
137nwb9,bat_score=0 (matched),0,1
14eyw3p,bat_score=0 (matched),0,1
127zpkz,bat_score=0 (matched),0,1
13k26x9,bat_score=0 (matched),0,1
18qks89,bat_score=0 (matched),0,1
12ydars,bat_score=0 (matched),0,1
17jt4ml,bat_score=0 (matched),0,1
138ttl6,bat_score=0 (matched),0,1
17jzblk,bat_score=0 (matched),0,1
10an0bt,bat_score=0 (matched),0,1
180tfto,bat_score=0 (matched),0,1
16un3p8,bat_score=0 (matched),0,1
10oiy6f,bat_score=0 (matched),0,1
133c4j6,bat_score=0 (matched),0,1
16fpngo,bat_score=0 (matched),0,1
16npl0a,bat_score=0 (matched),0,1
135mxmk,bat_score=0 (matched),0,1
1259ctz,bat_score=0 (matched),0,1
16hffyb,bat_score=0 (matched),0,1
18i04ue,bat_score=0 (matched),0,1
11ndamf,bat_score=0 (matched),0,1
17kmt6l,bat_score=0 (matched),0,1
11a58s7,bat_score=0 (matched),0,1
123qolw,bat_score=0 (matched),0,1
16wq7x3,bat_score=0 (matched),0,1
12sbvin,bat_score=0 (matched),0,1
107rzm4,bat_score=0 (matched),0,1
17fef20,bat_score=0 (matched),0,1
10wbqk2,bat_score=0 (matched),0,1
14j37by,bat_score=0 (matched),0,1
16e2yal,bat_score=0 (matched),0,1
15zfe4q,bat_score=0 (matched),0,1
182b74i,bat_score=0 (matched),0,1
1048ees,bat_score=0 (matched),0,1
14xlk35,bat_score=0 (matched),0,1
17cauq6,bat_score=0 (matched),0,1
120o087,bat_score=0 (matched),0,1
18cizvv,bat_score=0 (matched),0,1
168bkd3,bat_score=0 (matched),0,1
161avib,bat_score=0 (matched),0,1
105qm3d,bat_score=0 (matched),0,1
1391zer,bat_score=0 (matched),0,1
13fdaa8,bat_score=0 (matched),0,1
12x2auq,bat_score=0 (matched),0,1
14ji6p0,bat_score=0 (matched),0,1
10xhn10,bat_score=0 (matched),0,1
12paegq,bat_score=0 (matched),0,1
10lqc9s,bat_score=0 (matched),0,1
12wfx4t,bat_score=0 (matched),0,1
10fbnez,bat_score=0 (matched),0,1
15yd9wy,bat_score=0 (matched),0,1
18n99l8,bat_score=0 (matched),0,1
188fxve,bat_score=0 (matched),0,1
1768m4a,bat_score=0 (matched),0,1
1033fpf,bat_score=0 (matched),0,1
15hsk9q,bat_score=0 (matched),0,1
150tzkz,bat_score=0 (matched),0,1
11vq0c8,bat_score=0 (matched),0,1
123ywgg,bat_score=0 (matched),0,1
17gqoy9,bat_score=0 (matched),0,1
16to8hw,bat_score=0 (matched),0,1
11dhft9,bat_score=0 (matched),0,1
11ng17k,bat_score=0 (matched),0,1
17jitom,bat_score=0 (matched),0,1
12tm8kg,bat_score=0 (matched),0,1
17q6hfe,bat_score=0 (matched),0,1
10b6m8i,bat_score=0 (matched),0,1
18cqnua,bat_score=0 (matched),0,1
11kmr7k,bat_score=0 (matched),0,1
1367b1f,bat_score=0 (matched),0,1
12mlnv9,bat_score=0 (matched),0,1
12w9sez,bat_score=0 (matched),0,1
166ru43,bat_score=0 (matched),0,1
154q4bw,bat_score=0 (matched),0,1
13jq4l3,bat_score=0 (matched),0,1
10wznh9,bat_score=0 (matched),0,1
12b481a,bat_score=0 (matched),0,1
108k977,bat_score=0 (matched),0,1
134afcm,bat_score=0 (matched),0,1
15l9moo,bat_score=0 (matched),0,1
16s95d7,bat_score=0 (matched),0,1
16jf6ie,bat_score=0 (matched),0,1
14shvd2,bat_score=0 (matched),0,1
13fvelr,bat_score=0 (matched),0,1
10he0kq,bat_score=0 (matched),0,1
14kr9ed,bat_score=0 (matched),0,1
12an4uw,bat_score=0 (matched),0,1
13g2d9i,bat_score=0 (matched),0,1
14bsl48,bat_score=0 (matched),0,1
13ox4rr,bat_score=0 (matched),0,1
13c6yf0,bat_score=0 (matched),0,1
16lhxkm,bat_score=0 (matched),0,1
17g6166,bat_score=0 (matched),0,1
15wqxtq,bat_score=0 (matched),0,1
13j3jfi,bat_score=0 (matched),0,1
18cdgjw,bat_score=0 (matched),0,1
10w9ejq,bat_score=0 (matched),0,1
16m7zjm,bat_score=0 (matched),0,1
10ruae9,bat_score=0 (matched),0,1
11vvd9p,bat_score=0 (matched),0,1
12nao5g,bat_score=0 (matched),0,1
14cmgdy,bat_score=0 (matched),0,1
13omi6h,bat_score=0 (matched),0,1
111kah9,bat_score=0 (matched),0,1
176raud,bat_score=0 (matched),0,1
162egiz,bat_score=0 (matched),0,1
17u8gbz,bat_score=0 (matched),0,1
11kzjeb,bat_score=0 (matched),0,1
12epx7d,bat_score=0 (matched),0,1
15v18i4,bat_score=0 (matched),0,1
17mdgxf,bat_score=0 (matched),0,1
18po1tt,bat_score=0 (matched),0,1
14hv3v4,bat_score=0 (matched),0,1
148bg54,bat_score=0 (matched),0,1
16dmmbf,bat_score=0 (matched),0,1
1447xqt,bat_score=0 (matched),0,1
1517smh,bat_score=0 (matched),0,1
11snylh,bat_score=0 (matched),0,1
10xuz1u,bat_score=0 (matched),0,1
13eqcis,bat_score=0 (matched),0,1
16m30cm,bat_score=0 (matched),0,1
17wuogg,bat_score=0 (matched),0,1
16s45j8,bat_score=0 (matched),0,1
16ht4jl,bat_score=0 (matched),0,1
1139cch,bat_score=0 (matched),0,1
12frrbf,bat_score=0 (matched),0,1
16b23av,bat_score=0 (matched),0,1
11z36e6,bat_score=0 (matched),0,1
15ku29t,bat_score=0 (matched),0,1
18gor44,bat_score=0 (matched),0,1
111v2ts,bat_score=0 (matched),0,1
130nlpm,bat_score=0 (matched),0,1
144cdp7,bat_score=0 (matched),0,1
15y6etn,bat_score=0 (matched),0,1
17n2v6k,bat_score=0 (matched),0,1
15i3tab,bat_score=0 (matched),0,1
14jmish,bat_score=0 (matched),0,1
14drec1,bat_score=0 (matched),0,1
13kln10,bat_score=0 (matched),0,1
18n4o1z,bat_score=0 (matched),0,1
14p28dd,bat_score=0 (matched),0,1
11rvz8k,bat_score=0 (matched),0,1
10sl9m7,bat_score=0 (matched),0,1
16n70w1,bat_score=0 (matched),0,1
18iuzwo,bat_score=0 (matched),0,1
144fb39,bat_score=0 (matched),0,1
13gp61h,bat_score=0 (matched),0,1
112zqn5,bat_score=0 (matched),0,1
1643tby,bat_score=0 (matched),0,1
12emwwq,bat_score=0 (matched),0,1
103gy6b,bat_score=0 (matched),0,1
16zx6sh,bat_score=0 (matched),0,1
14ylwc7,bat_score=0 (matched),0,1
12hmwlx,bat_score=0 (matched),0,1
10rsq8q,bat_score=0 (matched),0,1
153x7hh,bat_score=0 (matched),0,1
12e165n,bat_score=0 (matched),0,1
13d2hxn,bat_score=0 (matched),0,1
17k8ara,bat_score=0 (matched),0,1
18l74qb,bat_score=0 (matched),0,1
14tax5c,bat_score=0 (matched),0,1
12iqyqh,bat_score=0 (matched),0,1
13bs6xx,bat_score=0 (matched),0,1
17ualaz,bat_score=0 (matched),0,1
16fw1j4,bat_score=0 (matched),0,1
16mq82p,bat_score=0 (matched),0,1
16is5hi,bat_score=0 (matched),0,1
155fhql,bat_score=0 (matched),0,1
13avnac,bat_score=0 (matched),0,1
10j9gw1,bat_score=0 (matched),0,1
11g2gjo,bat_score=0 (matched),0,1
18c7kzh,bat_score=0 (matched),0,1
16nxnfn,bat_score=0 (matched),0,1
15ftbj0,bat_score=0 (matched),0,1
1768ji0,bat_score=0 (matched),0,1
13yi1vz,bat_score=0 (matched),0,1
11a53la,bat_score=0 (matched),0,1
17l2944,bat_score=0 (matched),0,1
12u8t22,bat_score=0 (matched),0,1
185vsyv,bat_score=0 (matched),0,1
18ft6m3,bat_score=0 (matched),0,1
18o6487,bat_score=0 (matched),0,1
15ssoob,bat_score=0 (matched),0,1
12jgvog,bat_score=0 (matched),0,1
10qb2ks,bat_score=0 (matched),0,1
17wo7sc,bat_score=0 (matched),0,1
18fynro,bat_score=0 (matched),0,1
11bs576,bat_score=0 (matched),0,1
16b9fs2,bat_score=0 (matched),0,1
14kmxye,bat_score=0 (matched),0,1
16sxoa1,bat_score=0 (matched),0,1
15bezh7,bat_score=0 (matched),0,1
17fmxu9,bat_score=0 (matched),0,1
15l8o0m,bat_score=0 (matched),0,1
18dnxow,bat_score=0 (matched),0,1
16ui0p4,bat_score=0 (matched),0,1
14f0mlu,bat_score=0 (matched),0,1
103bmxr,bat_score=0 (matched),0,1
170t244,bat_score=0 (matched),0,1
11vddgi,bat_score=0 (matched),0,1
12jumt5,bat_score=0 (matched),0,1
141m1ep,bat_score=0 (matched),0,1
16cobpq,bat_score=0 (matched),0,1
117ytsp,bat_score=0 (matched),0,1
18iub34,bat_score=0 (matched),0,1
16zxe11,bat_score=0 (matched),0,1
10ba9l6,bat_score=0 (matched),0,1
147q2o5,bat_score=0 (matched),0,1
12yjwmt,bat_score=0 (matched),0,1
11kedao,bat_score=0 (matched),0,1
163kljj,bat_score=0 (matched),0,1
16oilh5,bat_score=0 (matched),0,1
16bui49,bat_score=0 (matched),0,1
11zmmxp,bat_score=0 (matched),0,1
13ffo2b,bat_score=0 (matched),0,1
137hjdv,bat_score=0 (matched),0,1
103c5ri,bat_score=0 (matched),0,1
11smq3c,bat_score=0 (matched),0,1
11gfvby,bat_score=0 (matched),0,1
10egqjq,bat_score=0 (matched),0,1
159cc5n,bat_score=0 (matched),0,1
155199z,bat_score=0 (matched),0,1
16ymigu,bat_score=0 (matched),0,1
12k1s6p,bat_score=0 (matched),0,1
10pw604,bat_score=0 (matched),0,1
15rscty,bat_score=0 (matched),0,1
11q0x7h,bat_score=0 (matched),0,1
10krv0y,bat_score=0 (matched),0,1
15b516j,bat_score=0 (matched),0,1
12dxyt4,bat_score=0 (matched),0,1
17n2bdd,bat_score=0 (matched),0,1
16ogmm3,bat_score=0 (matched),0,1
123opir,bat_score=0 (matched),0,1
14ys2dm,bat_score=0 (matched),0,1
175h2pw,bat_score=0 (matched),0,1
101vbl7,bat_score=0 (matched),0,1
113uwlu,bat_score=0 (matched),0,1
18swmcf,bat_score=0 (matched),0,1
15y8peb,bat_score=0 (matched),0,1
13j7ky3,bat_score=0 (matched),0,1
121zgu2,bat_score=0 (matched),0,1
15r4ei3,bat_score=0 (matched),0,1
10a2sa3,bat_score=0 (matched),0,1
13ya09m,bat_score=0 (matched),0,1
130nlpf,bat_score=0 (matched),0,1
17la8x1,bat_score=0 (matched),0,1
130nrh8,bat_score=0 (matched),0,1
10q7qj1,bat_score=0 (matched),0,1
16v6ocg,bat_score=0 (matched),0,1
17qtqw3,bat_score=0 (matched),0,1
15kttgl,bat_score=0 (matched),0,1
15ufz5x,bat_score=0 (matched),0,1
12qgocj,bat_score=0 (matched),0,1
12ky3pc,bat_score=0 (matched),0,1
17h2xah,bat_score=0 (matched),0,1
14p6ix5,bat_score=0 (matched),0,1
13gwiia,bat_score=0 (matched),0,1
14gh2oj,bat_score=0 (matched),0,1
18id34g,bat_score=0 (matched),0,1
123xk5o,bat_score=0 (matched),0,1
10q9vwf,bat_score=0 (matched),0,1
17qpiyp,bat_score=0 (matched),0,1
17qp03m,bat_score=0 (matched),0,1
11fmxqq,bat_score=0 (matched),0,1
12m5qnr,bat_score=0 (matched),0,1
14x1byu,bat_score=0 (matched),0,1
164tghm,bat_score=0 (matched),0,1
18i7iu6,bat_score=0 (matched),0,1
11f4aur,bat_score=0 (matched),0,1
15fi21q,bat_score=0 (matched),0,1
11294ta,bat_score=0 (matched),0,1
13bp97g,bat_score=0 (matched),0,1
16in810,bat_score=0 (matched),0,1
173vj6p,bat_score=0 (matched),0,1
175m4p3,bat_score=0 (matched),0,1
12h11lw,bat_score=0 (matched),0,1
14cmdh7,bat_score=0 (matched),0,1
18185fp,bat_score=0 (matched),0,1
14vba0m,bat_score=0 (matched),0,1
1174pzy,bat_score=0 (matched),0,1
13ykcnw,bat_score=0 (matched),0,1
10z267k,bat_score=0 (matched),0,1
17uazs8,bat_score=0 (matched),0,1
13pjtim,bat_score=0 (matched),0,1
15g8skd,bat_score=0 (matched),0,1
125rmjb,bat_score=0 (matched),0,1
184y7cu,bat_score=0 (matched),0,1
11vzz7g,bat_score=0 (matched),0,1
185icjp,bat_score=0 (matched),0,1
179gpkj,bat_score=0 (matched),0,1
11cslug,bat_score=0 (matched),0,1
13k6rm5,bat_score=0 (matched),0,1
10m3k6u,bat_score=0 (matched),0,1
12eoxko,bat_score=0 (matched),0,1
10wsapo,bat_score=0 (matched),0,1
166q4rx,bat_score=0 (matched),0,1
16k1s59,bat_score=0 (matched),0,1
152j63j,bat_score=0 (matched),0,1
14fehdt,bat_score=0 (matched),0,1
13okuw7,bat_score=0 (matched),0,1
15wad8g,bat_score=0 (matched),0,1
18qnz7w,bat_score=0 (matched),0,1
10gzrfc,bat_score=0 (matched),0,1
1298g7r,bat_score=0 (matched),0,1
15lthka,bat_score=0 (matched),0,1
14spjl5,bat_score=0 (matched),0,1
1549ddt,bat_score=0 (matched),0,1
120sskf,bat_score=0 (matched),0,1
18m84da,bat_score=0 (matched),0,1
16ofa2t,bat_score=0 (matched),0,1
13otavw,bat_score=0 (matched),0,1
106zxnu,bat_score=0 (matched),0,1
13kdpf6,bat_score=0 (matched),0,1
160ypt2,bat_score=0 (matched),0,1
13f9ftx,bat_score=0 (matched),0,1
11or3qs,bat_score=0 (matched),0,1
112ekpq,bat_score=0 (matched),0,1
12jqet6,bat_score=0 (matched),0,1
14jlia1,bat_score=0 (matched),0,1
176ldv2,bat_score=0 (matched),0,1
10ch4rd,bat_score=0 (matched),0,1
11n01m3,bat_score=0 (matched),0,1
12yv92a,bat_score=0 (matched),0,1
139r0qa,bat_score=0 (matched),0,1
109e7tt,bat_score=0 (matched),0,1
16plnfg,bat_score=0 (matched),0,1
1546j9s,bat_score=0 (matched),0,1
16drbq3,bat_score=0 (matched),0,1
15i2qk6,bat_score=0 (matched),0,1
17mupz3,bat_score=0 (matched),0,1
17w0f7x,bat_score=0 (matched),0,1
14ra5wg,bat_score=0 (matched),0,1
18l5f4a,bat_score=0 (matched),0,1
119ie7q,bat_score=0 (matched),0,1
13lg1sy,bat_score=0 (matched),0,1
17v26gk,bat_score=0 (matched),0,1
173m388,bat_score=0 (matched),0,1
130p7pg,bat_score=0 (matched),0,1
168xp6n,bat_score=0 (matched),0,1
14fmkx5,bat_score=0 (matched),0,1
18dp3nw,bat_score=0 (matched),0,1
17n9jsv,bat_score=0 (matched),0,1
15cyfqm,bat_score=0 (matched),0,1
17hvirc,bat_score=0 (matched),0,1
14ycwe1,bat_score=0 (matched),0,1
10il519,bat_score=0 (matched),0,1
15zgigf,bat_score=0 (matched),0,1
12ys5dk,bat_score=0 (matched),0,1
12cijll,bat_score=0 (matched),0,1
1300kmd,bat_score=0 (matched),0,1
10k5rk0,bat_score=0 (matched),0,1
168tgsn,bat_score=0 (matched),0,1
102mwdb,bat_score=0 (matched),0,1
12scr01,bat_score=0 (matched),0,1
10l1ftf,bat_score=0 (matched),0,1
17pjo64,bat_score=0 (matched),0,1
18ke25s,bat_score=0 (matched),0,1
10cglye,bat_score=0 (matched),0,1
14sapck,bat_score=0 (matched),0,1
10so0mo,bat_score=0 (matched),0,1
18humsw,bat_score=0 (matched),0,1
153uq2b,bat_score=0 (matched),0,1
16pi11z,bat_score=0 (matched),0,1
15dgny6,bat_score=0 (matched),0,1
10ytpfm,bat_score=0 (matched),0,1
11l8jcd,bat_score=0 (matched),0,1
188jqhz,bat_score=0 (matched),0,1
161w97h,bat_score=0 (matched),0,1
136dxno,bat_score=0 (matched),0,1
16ez51y,bat_score=0 (matched),0,1
10h2f06,bat_score=0 (matched),0,1
17ku6nh,bat_score=0 (matched),0,1
16xsrce,bat_score=0 (matched),0,1
1442phi,bat_score=0 (matched),0,1
15qoyvv,bat_score=0 (matched),0,1
15iyiq6,bat_score=0 (matched),0,1
176ntfv,bat_score=0 (matched),0,1
120ysx1,bat_score=0 (matched),0,1
17xfyta,bat_score=0 (matched),0,1
10wnt8h,bat_score=0 (matched),0,1
10x7l14,bat_score=0 (matched),0,1
16a5ogl,bat_score=0 (matched),0,1
12oxkub,bat_score=0 (matched),0,1
15c156z,bat_score=0 (matched),0,1
16q2r0k,bat_score=0 (matched),0,1
15g9dxp,bat_score=0 (matched),0,1
170o35j,bat_score=0 (matched),0,1
11usej6,bat_score=0 (matched),0,1
153w5di,bat_score=0 (matched),0,1
14g4856,bat_score=0 (matched),0,1
15ujn09,bat_score=0 (matched),0,1
1503jru,bat_score=0 (matched),0,1
166ytcm,bat_score=0 (matched),0,1
11qf4sp,bat_score=0 (matched),0,1
13fe1ow,bat_score=0 (matched),0,1
16ykd5a,bat_score=0 (matched),0,1
10qvc58,bat_score=0 (matched),0,1
17vh8kc,bat_score=0 (matched),0,1
18kqsc9,bat_score=0 (matched),0,1
15mjwxa,bat_score=0 (matched),0,1
15f4nqj,bat_score=0 (matched),0,1
16bt6zc,bat_score=0 (matched),0,1
17azmt2,bat_score=0 (matched),0,1
185vdsu,bat_score=0 (matched),0,1
180nrss,bat_score=0 (matched),0,1
17ztq94,bat_score=0 (matched),0,1
103bc15,bat_score=0 (matched),0,1
12y1kcm,bat_score=0 (matched),0,1
18hmfjn,bat_score=0 (matched),0,1
17qj4zh,bat_score=0 (matched),0,1
14qawt9,bat_score=0 (matched),0,1
15f6x0a,bat_score=0 (matched),0,1
114yx2r,bat_score=0 (matched),0,1
17rinqq,bat_score=0 (matched),0,1
10jdmtc,bat_score=0 (matched),0,1
17a2fo3,bat_score=0 (matched),0,1
1153aud,bat_score=0 (matched),0,1
11tuu4c,bat_score=0 (matched),0,1
114k4l8,bat_score=0 (matched),0,1
10y4fyy,bat_score=0 (matched),0,1
16pifsq,bat_score=0 (matched),0,1
13du82d,bat_score=0 (matched),0,1
14lvxrl,bat_score=0 (matched),0,1
15hmjy5,bat_score=0 (matched),0,1
10m960d,bat_score=0 (matched),0,1
17wuhre,bat_score=0 (matched),0,1
166aehp,bat_score=0 (matched),0,1
15rtbuw,bat_score=0 (matched),0,1
16fysqc,bat_score=0 (matched),0,1
16f8lef,bat_score=0 (matched),0,1
15r3fxz,bat_score=0 (matched),0,1
16j16cn,bat_score=0 (matched),0,1
17xxnvy,bat_score=0 (matched),0,1
10egou5,bat_score=0 (matched),0,1
12b3w50,bat_score=0 (matched),0,1
16ryut5,bat_score=0 (matched),0,1
18fxlcf,bat_score=0 (matched),0,1
17wxiap,bat_score=0 (matched),0,1
15yj95z,bat_score=0 (matched),0,1
14neih7,bat_score=0 (matched),0,1
123777i,bat_score=0 (matched),0,1
15yxlex,bat_score=0 (matched),0,1
10p6ebg,bat_score=0 (matched),0,1
16y7tye,bat_score=0 (matched),0,1
101ng0j,bat_score=0 (matched),0,1
146k7pj,bat_score=0 (matched),0,1
10zqycy,bat_score=0 (matched),0,1
17r9jpz,bat_score=0 (matched),0,1
17howjn,bat_score=0 (matched),0,1
16b7zi4,bat_score=0 (matched),0,1
16qufhi,bat_score=0 (matched),0,1
12hqznu,bat_score=0 (matched),0,1
15d0clt,bat_score=0 (matched),0,1
13kxf17,bat_score=0 (matched),0,1
13279an,bat_score=0 (matched),0,1
18nknpp,bat_score=0 (matched),0,1
12cx5ph,bat_score=0 (matched),0,1
1097mgb,bat_score=0 (matched),0,1
12od2v8,bat_score=0 (matched),0,1
16sv7ua,bat_score=0 (matched),0,1
16ztjlj,bat_score=0 (matched),0,1
13rk71f,bat_score=0 (matched),0,1
10rpiyl,bat_score=0 (matched),0,1
13s7jkn,bat_score=0 (matched),0,1
10xfjlq,bat_score=0 (matched),0,1
11wmxic,bat_score=0 (matched),0,1
11l5n82,bat_score=0 (matched),0,1
14glqcv,bat_score=0 (matched),0,1
126l4cs,bat_score=0 (matched),0,1
15bfv0g,bat_score=0 (matched),0,1
180ib86,bat_score=0 (matched),0,1
180lssy,bat_score=0 (matched),0,1
17w8t5o,bat_score=0 (matched),0,1
12jxl9l,bat_score=0 (matched),0,1
16u2jj5,bat_score=0 (matched),0,1
1085u0s,bat_score=0 (matched),0,1
11diayo,bat_score=0 (matched),0,1
13frmxk,bat_score=0 (matched),0,1
10zcs3d,bat_score=0 (matched),0,1
10pdu8b,bat_score=0 (matched),0,1
13qqafl,bat_score=0 (matched),0,1
175h6ea,bat_score=0 (matched),0,1
131k6jt,bat_score=0 (matched),0,1
182isvk,bat_score=0 (matched),0,1
17ffgs2,bat_score=0 (matched),0,1
155nu54,bat_score=0 (matched),0,1
10sswuw,bat_score=0 (matched),0,1
10czstf,bat_score=0 (matched),0,1
17jokk3,bat_score=0 (matched),0,1
1313cz9,bat_score=0 (matched),0,1
12x7sez,bat_score=0 (matched),0,1
10sja5f,bat_score=0 (matched),0,1
160zt5w,bat_score=0 (matched),0,1
13pqlkm,bat_score=0 (matched),0,1
14o0pw2,bat_score=0 (matched),0,1
17w8dzu,bat_score=0 (matched),0,1
16nksk8,bat_score=0 (matched),0,1
11fhy7a,bat_score=0 (matched),0,1
17eky7x,bat_score=0 (matched),0,1
11idwzg,bat_score=0 (matched),0,1
14fz74m,bat_score=0 (matched),0,1
14ciirz,bat_score=0 (matched),0,1
1610h75,bat_score=0 (matched),0,1
17s08c0,bat_score=0 (matched),0,1
14w2kqh,bat_score=0 (matched),0,1
15wuc2s,bat_score=0 (matched),0,1
14xv80p,bat_score=0 (matched),0,1
14imgs7,bat_score=0 (matched),0,1
13haorf,bat_score=0 (matched),0,1
12gubt2,bat_score=0 (matched),0,1
18cawx6,bat_score=0 (matched),0,1
103ofd3,bat_score=0 (matched),0,1
172hada,bat_score=0 (matched),0,1
14asdso,bat_score=0 (matched),0,1
12nbtqz,bat_score=0 (matched),0,1
12zdkn7,bat_score=0 (matched),0,1
1221cb4,bat_score=0 (matched),0,1
177oh4z,bat_score=0 (matched),0,1
18befk7,bat_score=0 (matched),0,1
15qvk01,bat_score=0 (matched),0,1
14tvwft,bat_score=0 (matched),0,1
14eadho,bat_score=0 (matched),0,1
15mjy9g,bat_score=0 (matched),0,1
161k1uq,bat_score=0 (matched),0,1
11yvcdt,bat_score=0 (matched),0,1
17ci2wk,bat_score=0 (matched),0,1
16grndl,bat_score=0 (matched),0,1
163zfce,bat_score=0 (matched),0,1
10l66uv,bat_score=0 (matched),0,1
11bad9s,bat_score=0 (matched),0,1
171g7ci,bat_score=0 (matched),0,1
178v2r3,bat_score=0 (matched),0,1
15fl6bf,bat_score=0 (matched),0,1
14e4asi,bat_score=0 (matched),0,1
11wnn4u,bat_score=0 (matched),0,1
16rtm6e,bat_score=0 (matched),0,1
15ftb5m,bat_score=0 (matched),0,1
13l9wc6,bat_score=0 (matched),0,1
10n1115,bat_score=0 (matched),0,1
17i5q7i,bat_score=0 (matched),0,1
16zlip2,bat_score=0 (matched),0,1
16sof3o,bat_score=0 (matched),0,1
1037pqh,bat_score=0 (matched),0,1
176enad,bat_score=0 (matched),0,1
11qi6ni,bat_score=0 (matched),0,1
15bg6r1,bat_score=0 (matched),0,1
155u53i,bat_score=0 (matched),0,1
102h17b,bat_score=0 (matched),0,1
158dvqi,bat_score=0 (matched),0,1
11rvitl,bat_score=0 (matched),0,1
180oqwt,bat_score=0 (matched),0,1
181dek6,bat_score=0 (matched),0,1
1160n51,bat_score=0 (matched),0,1
10qxq4t,bat_score=0 (matched),0,1
12kv9xy,bat_score=0 (matched),0,1
14bi9nn,bat_score=0 (matched),0,1
10ckf7o,bat_score=0 (matched),0,1
148hmc5,bat_score=0 (matched),0,1
159jipj,bat_score=0 (matched),0,1
13b97co,bat_score=0 (matched),0,1
14mikr7,bat_score=0 (matched),0,1
14y779n,bat_score=0 (matched),0,1
18bjfm4,bat_score=0 (matched),0,1
14dyngp,bat_score=0 (matched),0,1
16p8am0,bat_score=0 (matched),0,1
14vugkr,bat_score=0 (matched),0,1
11ar89p,bat_score=0 (matched),0,1
13glb3c,bat_score=0 (matched),0,1
109aqyb,bat_score=0 (matched),0,1
10pekqj,bat_score=0 (matched),0,1
15qm7xk,bat_score=0 (matched),0,1
130aobq,bat_score=0 (matched),0,1
11lza0c,bat_score=0 (matched),0,1
113i6ju,bat_score=0 (matched),0,1
16c3e5q,bat_score=0 (matched),0,1
10fjjsk,bat_score=0 (matched),0,1
11jc9xg,bat_score=0 (matched),0,1
17vqdsm,bat_score=0 (matched),0,1
1016ffn,bat_score=0 (matched),0,1
18an4ek,bat_score=0 (matched),0,1
18ikyx9,bat_score=0 (matched),0,1
16bjxbd,bat_score=0 (matched),0,1
15tqhk5,bat_score=0 (matched),0,1
10wxvac,bat_score=0 (matched),0,1
10fhz9n,bat_score=0 (matched),0,1
15meesp,bat_score=0 (matched),0,1
17n5teh,bat_score=0 (matched),0,1
13wn2dd,bat_score=0 (matched),0,1
11h7soz,bat_score=0 (matched),0,1
149ceiz,bat_score=0 (matched),0,1
13s1xib,bat_score=0 (matched),0,1
12bop4p,bat_score=0 (matched),0,1
11t21i3,bat_score=0 (matched),0,1
182hfg1,bat_score=0 (matched),0,1
14li9e8,bat_score=0 (matched),0,1
18d50cz,bat_score=0 (matched),0,1
14ajszv,bat_score=0 (matched),0,1
13mhqgt,bat_score=0 (matched),0,1
14mt7fo,bat_score=0 (matched),0,1
142jz3r,bat_score=0 (matched),0,1
10ndxyi,bat_score=0 (matched),0,1
16b0ges,bat_score=0 (matched),0,1
18gptia,bat_score=0 (matched),0,1
13q0occ,bat_score=0 (matched),0,1
12t6061,bat_score=0 (matched),0,1
18e6qmv,bat_score=0 (matched),0,1
127g8mw,bat_score=0 (matched),0,1
17zxbvk,bat_score=0 (matched),0,1
161ubxn,bat_score=0 (matched),0,1
15g9feg,bat_score=0 (matched),0,1
13jfg0x,bat_score=0 (matched),0,1
113tqq6,bat_score=0 (matched),0,1
176gpr3,bat_score=0 (matched),0,1
10xwlwb,bat_score=0 (matched),0,1
10yxng6,bat_score=0 (matched),0,1
17zea1y,bat_score=0 (matched),0,1
13155ow,bat_score=0 (matched),0,1
18v9z37,bat_score=0 (matched),0,1
13v2iuj,bat_score=0 (matched),0,1
159rwwb,bat_score=0 (matched),0,1
17qhfum,bat_score=0 (matched),0,1
13alofo,bat_score=0 (matched),0,1
1609ofp,bat_score=0 (matched),0,1
125rkor,bat_score=0 (matched),0,1
1343sd5,bat_score=0 (matched),0,1
142j8yz,bat_score=0 (matched),0,1
185x22v,bat_score=0 (matched),0,1
11m3k9c,bat_score=0 (matched),0,1
166fy8x,bat_score=0 (matched),0,1
16bukyb,bat_score=0 (matched),0,1
10hn4oq,bat_score=0 (matched),0,1
16lfb1x,bat_score=0 (matched),0,1
17wf0p3,bat_score=0 (matched),0,1
17ek6fv,bat_score=0 (matched),0,1
14r62z4,bat_score=0 (matched),0,1
138xn3i,bat_score=0 (matched),0,1
10wcsle,bat_score=0 (matched),0,1
16z10x1,bat_score=0 (matched),0,1
164t5ar,bat_score=0 (matched),0,1
180np8j,bat_score=0 (matched),0,1
18t7tcv,bat_score=0 (matched),0,1
166ptcb,bat_score=0 (matched),0,1
10b3odl,bat_score=0 (matched),0,1
10f1rf4,bat_score=0 (matched),0,1
10mnua6,bat_score=0 (matched),0,1
149v2gp,bat_score=0 (matched),0,1
174kutf,bat_score=0 (matched),0,1
171e4tp,bat_score=0 (matched),0,1
13jj8jm,bat_score=0 (matched),0,1
147wsuh,bat_score=0 (matched),0,1
10ssgkq,bat_score=0 (matched),0,1
10v8rg3,bat_score=0 (matched),0,1
137prri,bat_score=0 (matched),0,1
1250976,bat_score=0 (matched),0,1
141grxg,bat_score=0 (matched),0,1
17wq5m4,bat_score=0 (matched),0,1
15krxth,bat_score=0 (matched),0,1
163nn66,bat_score=0 (matched),0,1
163lr5s,bat_score=0 (matched),0,1
11xp678,bat_score=0 (matched),0,1
16rgnmu,bat_score=0 (matched),0,1
113abnz,bat_score=0 (matched),0,1
18d2osp,bat_score=0 (matched),0,1
16dez6s,bat_score=0 (matched),0,1
12euqzv,bat_score=0 (matched),0,1
102o4an,bat_score=0 (matched),0,1
17229jv,bat_score=0 (matched),0,1
17xq1sl,bat_score=0 (matched),0,1
18d157z,bat_score=0 (matched),0,1
17qk827,bat_score=0 (matched),0,1
155qoxk,bat_score=0 (matched),0,1
185zzu5,bat_score=0 (matched),0,1
1390eyi,bat_score=0 (matched),0,1
15ncmfu,bat_score=0 (matched),0,1
12zbsao,bat_score=0 (matched),0,1
18u7w8w,bat_score=0 (matched),0,1
10ipl8o,bat_score=0 (matched),0,1
107obmc,bat_score=0 (matched),0,1
12stewb,bat_score=0 (matched),0,1
114p6yf,bat_score=0 (matched),0,1
14m3c6t,bat_score=0 (matched),0,1
16k6sk2,bat_score=0 (matched),0,1
13yux5j,bat_score=0 (matched),0,1
18hjpqy,bat_score=0 (matched),0,1
11dhx5f,bat_score=0 (matched),0,1
125lsq2,bat_score=0 (matched),0,1
15890ib,bat_score=0 (matched),0,1
10gz1ue,bat_score=0 (matched),0,1
11qfs45,bat_score=0 (matched),0,1
16cwdsc,bat_score=0 (matched),0,1
14mzpru,bat_score=0 (matched),0,1
13l4km8,bat_score=0 (matched),0,1
130xpgg,bat_score=0 (matched),0,1
167iqfq,bat_score=0 (matched),0,1
16fyihv,bat_score=0 (matched),0,1
13d5rbt,bat_score=0 (matched),0,1
11hjthu,bat_score=0 (matched),0,1
14egmbt,bat_score=0 (matched),0,1
16t2wr4,bat_score=0 (matched),0,1
16xux1b,bat_score=0 (matched),0,1
17qsn42,bat_score=0 (matched),0,1
12rwvxc,bat_score=0 (matched),0,1
13tvey0,bat_score=0 (matched),0,1
16bqulq,bat_score=0 (matched),0,1
13pt36a,bat_score=0 (matched),0,1
11idj5m,bat_score=0 (matched),0,1
15xxvvq,bat_score=0 (matched),0,1
16mwcbo,bat_score=0 (matched),0,1
10kgp89,bat_score=0 (matched),0,1
16np3sf,bat_score=0 (matched),0,1
13p593j,bat_score=0 (matched),0,1
11mw8yx,bat_score=0 (matched),0,1
16cw14u,bat_score=0 (matched),0,1
11wd7v1,bat_score=0 (matched),0,1
137zl62,bat_score=0 (matched),0,1
18hzz2a,bat_score=0 (matched),0,1
14dw0kl,bat_score=0 (matched),0,1
12lzk59,bat_score=0 (matched),0,1
18nu2fy,bat_score=0 (matched),0,1
144j8js,bat_score=0 (matched),0,1
1149qcd,bat_score=0 (matched),0,1
16aofrj,bat_score=0 (matched),0,1
13s165m,bat_score=0 (matched),0,1
103h5j8,bat_score=0 (matched),0,1
11wllc1,bat_score=0 (matched),0,1
17fsbhi,bat_score=0 (matched),0,1
17rzv53,bat_score=0 (matched),0,1
107haen,bat_score=0 (matched),0,1
18hc69t,bat_score=0 (matched),0,1
15y8kpe,bat_score=0 (matched),0,1
1531av3,bat_score=0 (matched),0,1
124wpis,bat_score=0 (matched),0,1
1454n45,bat_score=0 (matched),0,1
106qgrx,bat_score=0 (matched),0,1
17a0rwy,bat_score=0 (matched),0,1
14fggne,bat_score=0 (matched),0,1
1601sat,bat_score=0 (matched),0,1
143hfj6,bat_score=0 (matched),0,1
10h8cfp,bat_score=0 (matched),0,1
11iakrt,bat_score=0 (matched),0,1
1377srl,bat_score=0 (matched),0,1
11rdcyj,bat_score=0 (matched),0,1
16at7mg,bat_score=0 (matched),0,1
15nehqf,bat_score=0 (matched),0,1
11f0szt,bat_score=0 (matched),0,1
17kf8u5,bat_score=0 (matched),0,1
17tiqgv,bat_score=0 (matched),0,1
16uyo4a,bat_score=0 (matched),0,1
156x9iz,bat_score=0 (matched),0,1
17eng89,bat_score=0 (matched),0,1
13dkd98,bat_score=0 (matched),0,1
10ir5sv,bat_score=0 (matched),0,1
18a1cgf,bat_score=0 (matched),0,1
14f8xkj,bat_score=0 (matched),0,1
12cwuzu,bat_score=0 (matched),0,1
14g84q1,bat_score=0 (matched),0,1
17gy3ze,bat_score=0 (matched),0,1
14i70as,bat_score=0 (matched),0,1
16c5mgy,bat_score=0 (matched),0,1
15yzzz5,bat_score=0 (matched),0,1
15y7u8q,bat_score=0 (matched),0,1
17t5jif,bat_score=0 (matched),0,1
18j7x0n,bat_score=0 (matched),0,1
151azo5,bat_score=0 (matched),0,1
101y391,bat_score=0 (matched),0,1
15ehhw1,bat_score=0 (matched),0,1
18ohto2,bat_score=0 (matched),0,1
16z0xgf,bat_score=0 (matched),0,1
128cccc,bat_score=0 (matched),0,1
16equso,bat_score=0 (matched),0,1
15nb6xq,bat_score=0 (matched),0,1
15m6nae,bat_score=0 (matched),0,1
15y6swp,bat_score=0 (matched),0,1
11apt0o,bat_score=0 (matched),0,1
14bvj7t,bat_score=0 (matched),0,1
14sthib,bat_score=0 (matched),0,1
10y6e0l,bat_score=0 (matched),0,1
10dfpww,bat_score=0 (matched),0,1
12w05tc,bat_score=0 (matched),0,1
15ffigq,bat_score=0 (matched),0,1
180yy8f,bat_score=0 (matched),0,1
15ooo3q,bat_score=0 (matched),0,1
17t9n59,bat_score=0 (matched),0,1
16dikld,bat_score=0 (matched),0,1
113tep7,bat_score=0 (matched),0,1
173zf1f,bat_score=0 (matched),0,1
11lty2o,bat_score=0 (matched),0,1
112jvyt,bat_score=0 (matched),0,1
16fpxiv,bat_score=0 (matched),0,1
13ewaby,bat_score=0 (matched),0,1
11h1u76,bat_score=0 (matched),0,1
1604iau,bat_score=0 (matched),0,1
15i2kem,bat_score=0 (matched),0,1
111e0fp,bat_score=0 (matched),0,1
180mji3,bat_score=0 (matched),0,1
108kufn,bat_score=0 (matched),0,1
13s89dp,bat_score=0 (matched),0,1
176gu9j,bat_score=0 (matched),0,1
17w8t8y,bat_score=0 (matched),0,1
164nj1c,bat_score=0 (matched),0,1
13remeu,bat_score=0 (matched),0,1
12yujtw,bat_score=0 (matched),0,1
10guzk8,bat_score=0 (matched),0,1
11g7gwp,bat_score=0 (matched),0,1
126w8z3,bat_score=0 (matched),0,1
14x6hbh,bat_score=0 (matched),0,1
12szcsu,bat_score=0 (matched),0,1
17k54wa,bat_score=0 (matched),0,1
18j7jr1,bat_score=0 (matched),0,1
11h7em5,bat_score=0 (matched),0,1
108s35p,bat_score=0 (matched),0,1
13l0a67,bat_score=0 (matched),0,1
119u3y2,bat_score=0 (matched),0,1
10p5l92,bat_score=0 (matched),0,1
15fwke5,bat_score=0 (matched),0,1
14w36yl,bat_score=0 (matched),0,1
12axdkw,bat_score=0 (matched),0,1
16kajkw,bat_score=0 (matched),0,1
16si8pz,bat_score=0 (matched),0,1
17rlc63,bat_score=0 (matched),0,1
11276ky,bat_score=0 (matched),0,1
185ytu4,bat_score=0 (matched),0,1
16arrwp,bat_score=0 (matched),0,1
183isyj,bat_score=0 (matched),0,1
11i51s0,bat_score=0 (matched),0,1
12mhbad,bat_score=0 (matched),0,1
16n3uj0,bat_score=0 (matched),0,1
177miqn,bat_score=0 (matched),0,1
18riusa,bat_score=0 (matched),0,1
1837yg3,bat_score=0 (matched),0,1
152dh9n,bat_score=0 (matched),0,1
17wg5ac,bat_score=0 (matched),0,1
11mlvxs,bat_score=0 (matched),0,1
12dvy5s,bat_score=0 (matched),0,1
18dpqr9,bat_score=0 (matched),0,1
10q0o2h,bat_score=0 (matched),0,1
15vk67o,bat_score=0 (matched),0,1
1648anj,bat_score=0 (matched),0,1
13erbmt,bat_score=0 (matched),0,1
15pt80e,bat_score=0 (matched),0,1
16mybbv,bat_score=0 (matched),0,1
143hlo3,bat_score=0 (matched),0,1
18nrjec,bat_score=0 (matched),0,1
15gmlxc,bat_score=0 (matched),0,1
17dvlvt,bat_score=0 (matched),0,1
15nqyr1,bat_score=0 (matched),0,1
17pk6cv,bat_score=0 (matched),0,1
153j27b,bat_score=0 (matched),0,1
14fbeb9,bat_score=0 (matched),0,1
11ecit6,bat_score=0 (matched),0,1
11g8u8t,bat_score=0 (matched),0,1
16q5sqp,bat_score=0 (matched),0,1
13149pw,bat_score=0 (matched),0,1
131db9e,bat_score=0 (matched),0,1
16wlns8,bat_score=0 (matched),0,1
17r10uw,bat_score=0 (matched),0,1
14ixqax,bat_score=0 (matched),0,1
12ryert,bat_score=0 (matched),0,1
13xk7tt,bat_score=0 (matched),0,1
17rgi58,bat_score=0 (matched),0,1
16bqits,bat_score=0 (matched),0,1
17s9d45,bat_score=0 (matched),0,1
16pzf7n,bat_score=0 (matched),0,1
173kwy8,bat_score=0 (matched),0,1
16nhsa2,bat_score=0 (matched),0,1
10b0fgl,bat_score=0 (matched),0,1
144jg2h,bat_score=0 (matched),0,1
17js2jx,bat_score=0 (matched),0,1
12u1w12,bat_score=0 (matched),0,1
10peyyd,bat_score=0 (matched),0,1
10l8fy5,bat_score=0 (matched),0,1
1647d6k,bat_score=0 (matched),0,1
185tr3m,bat_score=0 (matched),0,1
1135dgp,bat_score=0 (matched),0,1
13513zo,bat_score=0 (matched),0,1
11b4m2q,bat_score=0 (matched),0,1
17v33iu,bat_score=0 (matched),0,1
14y42wq,bat_score=0 (matched),0,1
16mxseb,bat_score=0 (matched),0,1
15xznzr,bat_score=0 (matched),0,1
175opaz,bat_score=0 (matched),0,1
16pdasn,bat_score=0 (matched),0,1
10rao70,bat_score=0 (matched),0,1
11bou5d,bat_score=0 (matched),0,1
14kjmfp,bat_score=0 (matched),0,1
135saq8,bat_score=0 (matched),0,1
1417gn5,bat_score=0 (matched),0,1
16hvpo4,bat_score=0 (matched),0,1
12jpncz,bat_score=0 (matched),0,1
103ek4s,bat_score=0 (matched),0,1
16nm6u7,bat_score=0 (matched),0,1
10a0jjx,bat_score=0 (matched),0,1
11rcjrv,bat_score=0 (matched),0,1
188iq99,bat_score=0 (matched),0,1
18c97xm,bat_score=0 (matched),0,1
116ohx9,bat_score=0 (matched),0,1
13iblmp,bat_score=0 (matched),0,1
131dc52,bat_score=0 (matched),0,1
1drmqra,bat_score=0 (matched),0,1
1bs97da,bat_score=0 (matched),0,1
1c5y34k,bat_score=0 (matched),0,1
1ameai9,bat_score=0 (matched),0,1
1dqfbal,bat_score=0 (matched),0,1
1eiif4v,bat_score=0 (matched),0,1
1fqk8k2,bat_score=0 (matched),0,1
1bjcpou,bat_score=0 (matched),0,1
1bukhv4,bat_score=0 (matched),0,1
1957rc8,bat_score=0 (matched),0,1
1gdkddw,bat_score=0 (matched),0,1
1b1hs88,bat_score=0 (matched),0,1
1b6m4sq,bat_score=0 (matched),0,1
1af5a52,bat_score=0 (matched),0,1
1gorpis,bat_score=0 (matched),0,1
1fuar1n,bat_score=0 (matched),0,1
1ab5e1y,bat_score=0 (matched),0,1
1gk8aie,bat_score=0 (matched),0,1
1g1sb5p,bat_score=0 (matched),0,1
1hg8cxp,bat_score=0 (matched),0,1
1bfby83,bat_score=0 (matched),0,1
1b1lf3r,bat_score=0 (matched),0,1
1h5wh11,bat_score=0 (matched),0,1
1degy4d,bat_score=0 (matched),0,1
1bv1e62,bat_score=0 (matched),0,1
1gkxbvg,bat_score=0 (matched),0,1
1ecib9p,bat_score=0 (matched),0,1
1b8d6zz,bat_score=0 (matched),0,1
1hfod17,bat_score=0 (matched),0,1
1cta6la,bat_score=0 (matched),0,1
1g43g6h,bat_score=0 (matched),0,1
1cuip6t,bat_score=0 (matched),0,1
1ggv7jw,bat_score=0 (matched),0,1
1ees1ch,bat_score=0 (matched),0,1
1dizwrb,bat_score=0 (matched),0,1
1ehu6op,bat_score=0 (matched),0,1
1b8txqj,bat_score=0 (matched),0,1
1cj9h8s,bat_score=0 (matched),0,1
18zewp7,bat_score=0 (matched),0,1
1hjkdux,bat_score=0 (matched),0,1
1gku9s3,bat_score=0 (matched),0,1
1g5yl63,bat_score=0 (matched),0,1
193rt1r,bat_score=0 (matched),0,1
1dyldbg,bat_score=0 (matched),0,1
1cnzttq,bat_score=0 (matched),0,1
1bopw2s,bat_score=0 (matched),0,1
1grsx63,bat_score=0 (matched),0,1
1aw3nce,bat_score=0 (matched),0,1
1fja3b8,bat_score=0 (matched),0,1
1aurdj1,bat_score=0 (matched),0,1
1fjslnl,bat_score=0 (matched),0,1
1ft4th3,bat_score=0 (matched),0,1
1b95136,bat_score=0 (matched),0,1
1e16nzg,bat_score=0 (matched),0,1
1ezexpv,bat_score=0 (matched),0,1
1bqc938,bat_score=0 (matched),0,1
1dtssnh,bat_score=0 (matched),0,1
192no34,bat_score=0 (matched),0,1
1e2gbvc,bat_score=0 (matched),0,1
1e7ntio,bat_score=0 (matched),0,1
1hktyo6,bat_score=0 (matched),0,1
1ai4s5d,bat_score=0 (matched),0,1
1embov2,bat_score=0 (matched),0,1
1e7114q,bat_score=0 (matched),0,1
1fnrr0x,bat_score=0 (matched),0,1
1deez6b,bat_score=0 (matched),0,1
1hbv0az,bat_score=0 (matched),0,1
1gsic2i,bat_score=0 (matched),0,1
1el5czt,bat_score=0 (matched),0,1
1hahac7,bat_score=0 (matched),0,1
1fck286,bat_score=0 (matched),0,1
1ah0f2b,bat_score=0 (matched),0,1
1dkkikg,bat_score=0 (matched),0,1
1abfaer,bat_score=0 (matched),0,1
1b82r71,bat_score=0 (matched),0,1
1eadt5m,bat_score=0 (matched),0,1
1fzr8sm,bat_score=0 (matched),0,1
1hbward,bat_score=0 (matched),0,1
1adpsmf,bat_score=0 (matched),0,1
1b4kntd,bat_score=0 (matched),0,1
1f47hd2,bat_score=0 (matched),0,1
1coreak,bat_score=0 (matched),0,1
1d8wsmx,bat_score=0 (matched),0,1
1bkd9c9,bat_score=0 (matched),0,1
1eaoqnh,bat_score=0 (matched),0,1
1eimjxn,bat_score=0 (matched),0,1
1d2ixzj,bat_score=0 (matched),0,1
1gmkxjy,bat_score=0 (matched),0,1
1fe7kdc,bat_score=0 (matched),0,1
1f4aqfv,bat_score=0 (matched),0,1
1gvpgbl,bat_score=0 (matched),0,1
19cvv4q,bat_score=0 (matched),0,1
1ag2ucw,bat_score=0 (matched),0,1
1cmr3sc,bat_score=0 (matched),0,1
1g1fe2d,bat_score=0 (matched),0,1
1ebpr7o,bat_score=0 (matched),0,1
1fy7pwn,bat_score=0 (matched),0,1
1dpvexy,bat_score=0 (matched),0,1
19fi0j2,bat_score=0 (matched),0,1
1fqit74,bat_score=0 (matched),0,1
1czquc6,bat_score=0 (matched),0,1
1amlrwl,bat_score=0 (matched),0,1
1cobfqz,bat_score=0 (matched),0,1
1dq5sf9,bat_score=0 (matched),0,1
1dlklxi,bat_score=0 (matched),0,1
1ccnhgq,bat_score=0 (matched),0,1
1h07959,bat_score=0 (matched),0,1
1ga62ej,bat_score=0 (matched),0,1
1gkc1j7,bat_score=0 (matched),0,1
1g8sniv,bat_score=0 (matched),0,1
1ftxg00,bat_score=0 (matched),0,1
1g9e6wj,bat_score=0 (matched),0,1
1aqsg0x,bat_score=0 (matched),0,1
1als5w1,bat_score=0 (matched),0,1
1byzhrr,bat_score=0 (matched),0,1
1ezmthz,bat_score=0 (matched),0,1
19agqf8,bat_score=0 (matched),0,1
1ff2dvp,bat_score=0 (matched),0,1
1fpte36,bat_score=0 (matched),0,1
1c6b49b,bat_score=0 (matched),0,1
1ahyexx,bat_score=0 (matched),0,1
1gs6gbp,bat_score=0 (matched),0,1
1alzqtx,bat_score=0 (matched),0,1
194bqdo,bat_score=0 (matched),0,1
1cn4yqa,bat_score=0 (matched),0,1
1ffb7cu,bat_score=0 (matched),0,1
1fuya2i,bat_score=0 (matched),0,1
1ffbhwj,bat_score=0 (matched),0,1
18zeatm,bat_score=0 (matched),0,1
19dn39x,bat_score=0 (matched),0,1
1fsqci7,bat_score=0 (matched),0,1
1bck306,bat_score=0 (matched),0,1
1h6i1hj,bat_score=0 (matched),0,1
1cosfvn,bat_score=0 (matched),0,1
1bd3mh9,bat_score=0 (matched),0,1
1emqvgq,bat_score=0 (matched),0,1
1ghd1ww,bat_score=0 (matched),0,1
1g9il39,bat_score=0 (matched),0,1
1c3rtx5,bat_score=0 (matched),0,1
19ebfbv,bat_score=0 (matched),0,1
1hfx1tg,bat_score=0 (matched),0,1
1fzxj6a,bat_score=0 (matched),0,1
1bt3zz1,bat_score=0 (matched),0,1
1eb463x,bat_score=0 (matched),0,1
1h5fto7,bat_score=0 (matched),0,1
1g0opgo,bat_score=0 (matched),0,1
1gryvq9,bat_score=0 (matched),0,1
1clu0yq,bat_score=0 (matched),0,1
1dfqit8,bat_score=0 (matched),0,1
1hgfski,bat_score=0 (matched),0,1
1ctom26,bat_score=0 (matched),0,1
1ezu5mf,bat_score=0 (matched),0,1
1b22in3,bat_score=0 (matched),0,1
1f2mmif,bat_score=0 (matched),0,1
1b6ywb2,bat_score=0 (matched),0,1
1f430a5,bat_score=0 (matched),0,1
1gz2e8r,bat_score=0 (matched),0,1
1dqgndn,bat_score=0 (matched),0,1
1acnbeg,bat_score=0 (matched),0,1
1al1k8g,bat_score=0 (matched),0,1
1bz7a40,bat_score=0 (matched),0,1
1d2v00g,bat_score=0 (matched),0,1
1f2b2a3,bat_score=0 (matched),0,1
1bz3oap,bat_score=0 (matched),0,1
1h8arnd,bat_score=0 (matched),0,1
1clveoc,bat_score=0 (matched),0,1
1bfl6yh,bat_score=0 (matched),0,1
1hjsmav,bat_score=0 (matched),0,1
1hnq0hi,bat_score=0 (matched),0,1
1foep4u,bat_score=0 (matched),0,1
1baqap5,bat_score=0 (matched),0,1
1bjhczo,bat_score=0 (matched),0,1
19d5hvh,bat_score=0 (matched),0,1
1cesgew,bat_score=0 (matched),0,1
1986wnm,bat_score=0 (matched),0,1
1g9gwzv,bat_score=0 (matched),0,1
1el6g28,bat_score=0 (matched),0,1
1eq3vz6,bat_score=0 (matched),0,1
1fmfwf9,bat_score=0 (matched),0,1
1fywhxg,bat_score=0 (matched),0,1
1azvzx6,bat_score=0 (matched),0,1
1d9lmin,bat_score=0 (matched),0,1
1dfpga2,bat_score=0 (matched),0,1
1ecrbl5,bat_score=0 (matched),0,1
1amo9ki,bat_score=0 (matched),0,1
1cyd9pf,bat_score=0 (matched),0,1
1hb07gw,bat_score=0 (matched),0,1
18wy161,bat_score=0 (matched),0,1
1hlqcmf,bat_score=0 (matched),0,1
1h4w8bi,bat_score=0 (matched),0,1
1cnsssf,bat_score=0 (matched),0,1
1ezenn9,bat_score=0 (matched),0,1
1hljp5e,bat_score=0 (matched),0,1
1aesv89,bat_score=0 (matched),0,1
1d1xzr5,bat_score=0 (matched),0,1
1amt422,bat_score=0 (matched),0,1
1gf9vbx,bat_score=0 (matched),0,1
1ese2ie,bat_score=0 (matched),0,1
1hpctwu,bat_score=0 (matched),0,1
193q8cx,bat_score=0 (matched),0,1
1af9rtt,bat_score=0 (matched),0,1
1dygxu8,bat_score=0 (matched),0,1
18xvtja,bat_score=0 (matched),0,1
1bevcrh,bat_score=0 (matched),0,1
1fdiibm,bat_score=0 (matched),0,1
18xxdp9,bat_score=0 (matched),0,1
1auuzmj,bat_score=0 (matched),0,1
1afhvlg,bat_score=0 (matched),0,1
1d49vkm,bat_score=0 (matched),0,1
1cslgt0,bat_score=0 (matched),0,1
1clci98,bat_score=0 (matched),0,1
1fey5hf,bat_score=0 (matched),0,1
198g4da,bat_score=0 (matched),0,1
1awl1sw,bat_score=0 (matched),0,1
1gwitm9,bat_score=0 (matched),0,1
1e9elkp,bat_score=0 (matched),0,1
1b6p3h4,bat_score=0 (matched),0,1
1cc028l,bat_score=0 (matched),0,1
1cofug1,bat_score=0 (matched),0,1
1fa0gzj,bat_score=0 (matched),0,1
1goj9no,bat_score=0 (matched),0,1
1bihvsl,bat_score=0 (matched),0,1
1cxghuw,bat_score=0 (matched),0,1
1ffhaat,bat_score=0 (matched),0,1
1gpfclm,bat_score=0 (matched),0,1
1cnfwwa,bat_score=0 (matched),0,1
1ehbwa6,bat_score=0 (matched),0,1
1cx5fp3,bat_score=0 (matched),0,1
1ajogv8,bat_score=0 (matched),0,1
1b8uq2s,bat_score=0 (matched),0,1
1d1rnoi,bat_score=0 (matched),0,1
1gxgtt9,bat_score=0 (matched),0,1
1bmsaxp,bat_score=0 (matched),0,1
1fvbfow,bat_score=0 (matched),0,1
1di3r9t,bat_score=0 (matched),0,1
1cjr6wp,bat_score=0 (matched),0,1
1gv1tbu,bat_score=0 (matched),0,1
1ge8or9,bat_score=0 (matched),0,1
1caaruf,bat_score=0 (matched),0,1
1gjrpmb,bat_score=0 (matched),0,1
1cnn9ih,bat_score=0 (matched),0,1
1ghfbhq,bat_score=0 (matched),0,1
1fltdrw,bat_score=0 (matched),0,1
1h8njxt,bat_score=0 (matched),0,1
1djl6qj,bat_score=0 (matched),0,1
1an7upo,bat_score=0 (matched),0,1
1hgmkye,bat_score=0 (matched),0,1
195xyn8,bat_score=0 (matched),0,1
1gw10sw,bat_score=0 (matched),0,1
1fvmv6g,bat_score=0 (matched),0,1
1hobt4m,bat_score=0 (matched),0,1
1cd7lz9,bat_score=0 (matched),0,1
1cv6rqi,bat_score=0 (matched),0,1
1arl4iu,bat_score=0 (matched),0,1
1bpvcy0,bat_score=0 (matched),0,1
1caj84p,bat_score=0 (matched),0,1
1d7dsth,bat_score=0 (matched),0,1
19eltw9,bat_score=0 (matched),0,1
18zl9v9,bat_score=0 (matched),0,1
1fj053t,bat_score=0 (matched),0,1
1bl1rx8,bat_score=0 (matched),0,1
1c3dh0i,bat_score=0 (matched),0,1
1h1jb4x,bat_score=0 (matched),0,1
1dw3uy2,bat_score=0 (matched),0,1
1hpi60f,bat_score=0 (matched),0,1
1esbzws,bat_score=0 (matched),0,1
1egt1s6,bat_score=0 (matched),0,1
1f8plku,bat_score=0 (matched),0,1
1ex2r6t,bat_score=0 (matched),0,1
1fqkwhk,bat_score=0 (matched),0,1
1g49d4u,bat_score=0 (matched),0,1
1g58mag,bat_score=0 (matched),0,1
1fiflzp,bat_score=0 (matched),0,1
1eamf3d,bat_score=0 (matched),0,1
1hhljxe,bat_score=0 (matched),0,1
1dcujh0,bat_score=0 (matched),0,1
1g505r2,bat_score=0 (matched),0,1
1gp7kz4,bat_score=0 (matched),0,1
1alhk88,bat_score=0 (matched),0,1
1g5ivtv,bat_score=0 (matched),0,1
1fex1vy,bat_score=0 (matched),0,1
1bu6ysw,bat_score=0 (matched),0,1
1ctjcvo,bat_score=0 (matched),0,1
1c0hr9e,bat_score=0 (matched),0,1
1hn2uwi,bat_score=0 (matched),0,1
1fahvxi,bat_score=0 (matched),0,1
1ccwfuc,bat_score=0 (matched),0,1
1fllaem,bat_score=0 (matched),0,1
1gjnlpo,bat_score=0 (matched),0,1
1cah9ld,bat_score=0 (matched),0,1
1cmn6wx,bat_score=0 (matched),0,1
1cro8sf,bat_score=0 (matched),0,1
1adx875,bat_score=0 (matched),0,1
192i52v,bat_score=0 (matched),0,1
1cauphh,bat_score=0 (matched),0,1
1ehoapr,bat_score=0 (matched),0,1
1bq3s38,bat_score=0 (matched),0,1
1c4m8j6,bat_score=0 (matched),0,1
1h86y6j,bat_score=0 (matched),0,1
1gmmdaw,bat_score=0 (matched),0,1
1gydasl,bat_score=0 (matched),0,1
1glmu2f,bat_score=0 (matched),0,1
19alsjt,bat_score=0 (matched),0,1
1ah33as,bat_score=0 (matched),0,1
1calqu6,bat_score=0 (matched),0,1
1b6e0s1,bat_score=0 (matched),0,1
195f5wm,bat_score=0 (matched),0,1
1cvafkb,bat_score=0 (matched),0,1
1c4qp60,bat_score=0 (matched),0,1
1fmn0dz,bat_score=0 (matched),0,1
1g3cvk6,bat_score=0 (matched),0,1
1ehik4j,bat_score=0 (matched),0,1
1cwi8af,bat_score=0 (matched),0,1
1cneok4,bat_score=0 (matched),0,1
1gewfzj,bat_score=0 (matched),0,1
1hp6iot,bat_score=0 (matched),0,1
1aepkc7,bat_score=0 (matched),0,1
1ga77c1,bat_score=0 (matched),0,1
1f4kche,bat_score=0 (matched),0,1
1amsh9y,bat_score=0 (matched),0,1
1ayd0gt,bat_score=0 (matched),0,1
1f3hbjy,bat_score=0 (matched),0,1
1b84y03,bat_score=0 (matched),0,1
1bawoel,bat_score=0 (matched),0,1
1hmrfyx,bat_score=0 (matched),0,1
1dqp5aj,bat_score=0 (matched),0,1
1gbwgmb,bat_score=0 (matched),0,1
1e73911,bat_score=0 (matched),0,1
1dfs543,bat_score=0 (matched),0,1
1cc24e4,bat_score=0 (matched),0,1
194gxns,bat_score=0 (matched),0,1
1fd5fnj,bat_score=0 (matched),0,1
1b539sk,bat_score=0 (matched),0,1
1eahfyc,bat_score=0 (matched),0,1
1g5omrf,bat_score=0 (matched),0,1
1cb0cuf,bat_score=0 (matched),0,1
1ft27tj,bat_score=0 (matched),0,1
1cxy1vh,bat_score=0 (matched),0,1
1dhy2u8,bat_score=0 (matched),0,1
1b66yhc,bat_score=0 (matched),0,1
1fnfuga,bat_score=0 (matched),0,1
1eiufaa,bat_score=0 (matched),0,1
1cyfjfz,bat_score=0 (matched),0,1
1e7v07s,bat_score=0 (matched),0,1
1b0nzkr,bat_score=0 (matched),0,1
1gfbeyk,bat_score=0 (matched),0,1
1gksbkx,bat_score=0 (matched),0,1
1bj1fzs,bat_score=0 (matched),0,1
1agps96,bat_score=0 (matched),0,1
1cvrrj0,bat_score=0 (matched),0,1
1ay6wgu,bat_score=0 (matched),0,1
1h0qbdx,bat_score=0 (matched),0,1
1ezvr55,bat_score=0 (matched),0,1
1gghbnu,bat_score=0 (matched),0,1
19edpc3,bat_score=0 (matched),0,1
1bnhkdg,bat_score=0 (matched),0,1
1dzes0w,bat_score=0 (matched),0,1
1apod02,bat_score=0 (matched),0,1
19aioik,bat_score=0 (matched),0,1
1gh8uzd,bat_score=0 (matched),0,1
1953v9r,bat_score=0 (matched),0,1
1czox3k,bat_score=0 (matched),0,1
1hd05zp,bat_score=0 (matched),0,1
1hq940i,bat_score=0 (matched),0,1
1axebtj,bat_score=0 (matched),0,1
1fa97ti,bat_score=0 (matched),0,1
1d3l33l,bat_score=0 (matched),0,1
1bfpzkm,bat_score=0 (matched),0,1
1fj5tom,bat_score=0 (matched),0,1
1d7xq33,bat_score=0 (matched),0,1
1ashuv7,bat_score=0 (matched),0,1
1f7ygw9,bat_score=0 (matched),0,1
1g83cib,bat_score=0 (matched),0,1
1acgthq,bat_score=0 (matched),0,1
1eof0l8,bat_score=0 (matched),0,1
1g80eoj,bat_score=0 (matched),0,1
1d073va,bat_score=0 (matched),0,1
1hi4k30,bat_score=0 (matched),0,1
1bijcqq,bat_score=0 (matched),0,1
1e17pty,bat_score=0 (matched),0,1
1bkcltc,bat_score=0 (matched),0,1
1emf0pr,bat_score=0 (matched),0,1
1eba9i0,bat_score=0 (matched),0,1
1ekpuqn,bat_score=0 (matched),0,1
1au697u,bat_score=0 (matched),0,1
1by7igt,bat_score=0 (matched),0,1
1fp16ee,bat_score=0 (matched),0,1
1enisdx,bat_score=0 (matched),0,1
1bd4vil,bat_score=0 (matched),0,1
18zkehi,bat_score=0 (matched),0,1
1b8tf0m,bat_score=0 (matched),0,1
1ecxq3s,bat_score=0 (matched),0,1
1flg2si,bat_score=0 (matched),0,1
1dqul0n,bat_score=0 (matched),0,1
1d8qkdn,bat_score=0 (matched),0,1
1h0cw89,bat_score=0 (matched),0,1
1addldx,bat_score=0 (matched),0,1
1fizg2l,bat_score=0 (matched),0,1
1b56ibt,bat_score=0 (matched),0,1
18xm8r4,bat_score=0 (matched),0,1
1eay1fk,bat_score=0 (matched),0,1
1dcuve3,bat_score=0 (matched),0,1
1g02ubm,bat_score=0 (matched),0,1
1hpjl7h,bat_score=0 (matched),0,1
1h5virc,bat_score=0 (matched),0,1
1fxzg9k,bat_score=0 (matched),0,1
1ddgtn0,bat_score=0 (matched),0,1
1b1oi5u,bat_score=0 (matched),0,1
1ba89nr,bat_score=0 (matched),0,1
1fnnvig,bat_score=0 (matched),0,1
1aiqif9,bat_score=0 (matched),0,1
1bco7ol,bat_score=0 (matched),0,1
1gk8ui0,bat_score=0 (matched),0,1
1cx93ib,bat_score=0 (matched),0,1
1h1mxca,bat_score=0 (matched),0,1
1g05ktf,bat_score=0 (matched),0,1
1bt7xk5,bat_score=0 (matched),0,1
1fusm0k,bat_score=0 (matched),0,1
1f30bze,bat_score=0 (matched),0,1
1d4mqot,bat_score=0 (matched),0,1
1gxzotj,bat_score=0 (matched),0,1
1ehbhka,bat_score=0 (matched),0,1
1eya1qj,bat_score=0 (matched),0,1
1ecexqp,bat_score=0 (matched),0,1
1ajx7pl,bat_score=0 (matched),0,1
1bd3lt8,bat_score=0 (matched),0,1
1hafdh8,bat_score=0 (matched),0,1
1e2j672,bat_score=0 (matched),0,1
1956pbd,bat_score=0 (matched),0,1
1gbahmk,bat_score=0 (matched),0,1
1c9ded6,bat_score=0 (matched),0,1
1by1vm1,bat_score=0 (matched),0,1
1er5txe,bat_score=0 (matched),0,1
1bp3652,bat_score=0 (matched),0,1
1db4asn,bat_score=0 (matched),0,1
1enzcwg,bat_score=0 (matched),0,1
1d9ic6a,bat_score=0 (matched),0,1
1djh954,bat_score=0 (matched),0,1
1ali431,bat_score=0 (matched),0,1
1fg68xa,bat_score=0 (matched),0,1
1fx90w2,bat_score=0 (matched),0,1
1beg6st,bat_score=0 (matched),0,1
1cnurgw,bat_score=0 (matched),0,1
1fxmgok,bat_score=0 (matched),0,1
1fsxgy1,bat_score=0 (matched),0,1
1bpk80g,bat_score=0 (matched),0,1
1bjgyj3,bat_score=0 (matched),0,1
1honkno,bat_score=0 (matched),0,1
1fw4bhd,bat_score=0 (matched),0,1
1dqiyjl,bat_score=0 (matched),0,1
1gs21yv,bat_score=0 (matched),0,1
1bxdmze,bat_score=0 (matched),0,1
18w66sd,bat_score=0 (matched),0,1
1fxn9d2,bat_score=0 (matched),0,1
1fkpmrl,bat_score=0 (matched),0,1
1gefdrc,bat_score=0 (matched),0,1
1h61l5c,bat_score=0 (matched),0,1
1d306v5,bat_score=0 (matched),0,1
1di0p5q,bat_score=0 (matched),0,1
1fp9u9l,bat_score=0 (matched),0,1
1e1co9z,bat_score=0 (matched),0,1
1fv7z6b,bat_score=0 (matched),0,1
1fvfue1,bat_score=0 (matched),0,1
1hbwxja,bat_score=0 (matched),0,1
1bjj2al,bat_score=0 (matched),0,1
1f3k6nf,bat_score=0 (matched),0,1
1eav5a6,bat_score=0 (matched),0,1
1d4fp7q,bat_score=0 (matched),0,1
1bugpo0,bat_score=0 (matched),0,1
1d8qgd3,bat_score=0 (matched),0,1
1e7jur2,bat_score=0 (matched),0,1
1c0hlkc,bat_score=0 (matched),0,1
1dq79it,bat_score=0 (matched),0,1
1ehdbjj,bat_score=0 (matched),0,1
1ah48s2,bat_score=0 (matched),0,1
1f90qmo,bat_score=0 (matched),0,1
1eqek3n,bat_score=0 (matched),0,1
1ar7l1a,bat_score=0 (matched),0,1
1bhx232,bat_score=0 (matched),0,1
1fcxncw,bat_score=0 (matched),0,1
1f7li1g,bat_score=0 (matched),0,1
1chbw4t,bat_score=0 (matched),0,1
1ed8b5w,bat_score=0 (matched),0,1
1hgny44,bat_score=0 (matched),0,1
1gaajdi,bat_score=0 (matched),0,1
1bldzvf,bat_score=0 (matched),0,1
1ga9njr,bat_score=0 (matched),0,1
1csr1zz,bat_score=0 (matched),0,1
1bo777u,bat_score=0 (matched),0,1
1bus9d8,bat_score=0 (matched),0,1
1g50682,bat_score=0 (matched),0,1
1eylcp3,bat_score=0 (matched),0,1
1gy8kfs,bat_score=0 (matched),0,1
1d3by2n,bat_score=0 (matched),0,1
1bv8ze1,bat_score=0 (matched),0,1
1cvva9h,bat_score=0 (matched),0,1
1bvbnre,bat_score=0 (matched),0,1
1emmpqy,bat_score=0 (matched),0,1
1h73up9,bat_score=0 (matched),0,1
1dr4u3s,bat_score=0 (matched),0,1
1f1owtb,bat_score=0 (matched),0,1
1chlkye,bat_score=0 (matched),0,1
1agm8z8,bat_score=0 (matched),0,1
1d3xapf,bat_score=0 (matched),0,1
1f64p9n,bat_score=0 (matched),0,1
1d7fsxy,bat_score=0 (matched),0,1
1fwm1jj,bat_score=0 (matched),0,1
1cdupq3,bat_score=0 (matched),0,1
1cs06au,bat_score=0 (matched),0,1
1gxkh7o,bat_score=0 (matched),0,1
1ekksz6,bat_score=0 (matched),0,1
1cb7184,bat_score=0 (matched),0,1
1duv5i0,bat_score=0 (matched),0,1
1gxcdjt,bat_score=0 (matched),0,1
1f1s9wt,bat_score=0 (matched),0,1
1eyb07l,bat_score=0 (matched),0,1
1hk04kb,bat_score=0 (matched),0,1
1fqmul5,bat_score=0 (matched),0,1
1c0tz2u,bat_score=0 (matched),0,1
1ha8k6w,bat_score=0 (matched),0,1
1gt8tan,bat_score=0 (matched),0,1
1dqmdx4,bat_score=0 (matched),0,1
1doi5lr,bat_score=0 (matched),0,1
1b9nbn7,bat_score=0 (matched),0,1
1c204ww,bat_score=0 (matched),0,1
1ds4wvh,bat_score=0 (matched),0,1
1bwpest,bat_score=0 (matched),0,1
1b7sln5,bat_score=0 (matched),0,1
1hnnl7c,bat_score=0 (matched),0,1
1bd5l0j,bat_score=0 (matched),0,1
1c258bo,bat_score=0 (matched),0,1
1ehzjzg,bat_score=0 (matched),0,1
1elmxfn,bat_score=0 (matched),0,1
1gaimqb,bat_score=0 (matched),0,1
1abtft7,bat_score=0 (matched),0,1
1cnvns7,bat_score=0 (matched),0,1
1g8n6uh,bat_score=0 (matched),0,1
1bjlbvx,bat_score=0 (matched),0,1
1bogbq4,bat_score=0 (matched),0,1
1fid42a,bat_score=0 (matched),0,1
198sq94,bat_score=0 (matched),0,1
1hfspul,bat_score=0 (matched),0,1
1bc7k0s,bat_score=0 (matched),0,1
1e03me0,bat_score=0 (matched),0,1
1d1kuna,bat_score=0 (matched),0,1
1g941ng,bat_score=0 (matched),0,1
1fdpmuv,bat_score=0 (matched),0,1
1ahnxbs,bat_score=0 (matched),0,1
1gv889w,bat_score=0 (matched),0,1
1exuu98,bat_score=0 (matched),0,1
1dmkk5e,bat_score=0 (matched),0,1
1estn60,bat_score=0 (matched),0,1
1g45750,bat_score=0 (matched),0,1
1evusmm,bat_score=0 (matched),0,1
1cjiw8u,bat_score=0 (matched),0,1
1guy40i,bat_score=0 (matched),0,1
1cizf6u,bat_score=0 (matched),0,1
1ci4eq1,bat_score=0 (matched),0,1
1h72eaz,bat_score=0 (matched),0,1
1e9hafe,bat_score=0 (matched),0,1
1e50n5k,bat_score=0 (matched),0,1
1dp5vqu,bat_score=0 (matched),0,1
1c82f25,bat_score=0 (matched),0,1
1etu7pt,bat_score=0 (matched),0,1
1d45zw9,bat_score=0 (matched),0,1
1gbcrj0,bat_score=0 (matched),0,1
1bi5qve,bat_score=0 (matched),0,1
1f86pbw,bat_score=0 (matched),0,1
1clnfyp,bat_score=0 (matched),0,1
1ftz7lm,bat_score=0 (matched),0,1
1abfvma,bat_score=0 (matched),0,1
1g3313x,bat_score=0 (matched),0,1
19e1em9,bat_score=0 (matched),0,1
1dpjct7,bat_score=0 (matched),0,1
1fpyfaq,bat_score=0 (matched),0,1
1cyn9st,bat_score=0 (matched),0,1
1eylsbq,bat_score=0 (matched),0,1
1bofyss,bat_score=0 (matched),0,1
1hf94ar,bat_score=0 (matched),0,1
1e3z38l,bat_score=0 (matched),0,1
1fq4zfa,bat_score=0 (matched),0,1
1d9k8q4,bat_score=0 (matched),0,1
1dxeyhc,bat_score=0 (matched),0,1
1cxquk7,bat_score=0 (matched),0,1
1aijee2,bat_score=0 (matched),0,1
1hcivkm,bat_score=0 (matched),0,1
1cotios,bat_score=0 (matched),0,1
1hdyvqg,bat_score=0 (matched),0,1
1cczwcs,bat_score=0 (matched),0,1
1cc1s8j,bat_score=0 (matched),0,1
1grs5hf,bat_score=0 (matched),0,1
1bdxeaa,bat_score=0 (matched),0,1
1gl8h47,bat_score=0 (matched),0,1
1byqx5f,bat_score=0 (matched),0,1
1945z9p,bat_score=0 (matched),0,1
1aziyw8,bat_score=0 (matched),0,1
1crpriy,bat_score=0 (matched),0,1
1hhttk0,bat_score=0 (matched),0,1
1aujury,bat_score=0 (matched),0,1
1ec678l,bat_score=0 (matched),0,1
1b8olcj,bat_score=0 (matched),0,1
1bci243,bat_score=0 (matched),0,1
1dt7vjn,bat_score=0 (matched),0,1
1bjghiy,bat_score=0 (matched),0,1
1c0g9z4,bat_score=0 (matched),0,1
1efxfob,bat_score=0 (matched),0,1
1gzxhoe,bat_score=0 (matched),0,1
1b74n7t,bat_score=0 (matched),0,1
1dlgl3p,bat_score=0 (matched),0,1
1dadsy6,bat_score=0 (matched),0,1
1deaq62,bat_score=0 (matched),0,1
1b8gyl4,bat_score=0 (matched),0,1
1e0yhtc,bat_score=0 (matched),0,1
1hb3259,bat_score=0 (matched),0,1
1aewvau,bat_score=0 (matched),0,1
1cghb53,bat_score=0 (matched),0,1
1d9ei2g,bat_score=0 (matched),0,1
1dfmhlu,bat_score=0 (matched),0,1
1f2rjdb,bat_score=0 (matched),0,1
1c0lupg,bat_score=0 (matched),0,1
1c0rplk,bat_score=0 (matched),0,1
1bs7s2z,bat_score=0 (matched),0,1
1fuihan,bat_score=0 (matched),0,1
1d0ea23,bat_score=0 (matched),0,1
1c4m5ax,bat_score=0 (matched),0,1
1bvxbx4,bat_score=0 (matched),0,1
1bk36q3,bat_score=0 (matched),0,1
19aptw8,bat_score=0 (matched),0,1
1b1wwij,bat_score=0 (matched),0,1
1buvs57,bat_score=0 (matched),0,1
197alrx,bat_score=0 (matched),0,1
1aqq71p,bat_score=0 (matched),0,1
1c0drlh,bat_score=0 (matched),0,1
1f1mhvd,bat_score=0 (matched),0,1
1bua63s,bat_score=0 (matched),0,1
1ezdo7k,bat_score=0 (matched),0,1
1dl8xk1,bat_score=0 (matched),0,1
1dkbpjf,bat_score=0 (matched),0,1
1djipof,bat_score=0 (matched),0,1
1dbv56o,bat_score=0 (matched),0,1
1ekbem8,bat_score=0 (matched),0,1
1canp1h,bat_score=0 (matched),0,1
1c4lat8,bat_score=0 (matched),0,1
1d6xt5e,bat_score=0 (matched),0,1
1e7c5p2,bat_score=0 (matched),0,1
1bnj0qy,bat_score=0 (matched),0,1
1bncvvx,bat_score=0 (matched),0,1
1fatk6k,bat_score=0 (matched),0,1
197i2w7,bat_score=0 (matched),0,1
1hqe471,bat_score=0 (matched),0,1
1e83vg4,bat_score=0 (matched),0,1
1fkocs8,bat_score=0 (matched),0,1
1b9xrz7,bat_score=0 (matched),0,1
1hcs2c4,bat_score=0 (matched),0,1
1b1mfxy,bat_score=0 (matched),0,1
19beyv4,bat_score=0 (matched),0,1
1h6pqth,bat_score=0 (matched),0,1
1cwilrc,bat_score=0 (matched),0,1
1fjp60y,bat_score=0 (matched),0,1
1g501iu,bat_score=0 (matched),0,1
1d4446o,bat_score=0 (matched),0,1
1dvcwcx,bat_score=0 (matched),0,1
1hqohkt,bat_score=0 (matched),0,1
1cn4s8l,bat_score=0 (matched),0,1
1dqi76x,bat_score=0 (matched),0,1
1eak0b5,bat_score=0 (matched),0,1
1dk59fc,bat_score=0 (matched),0,1
1gev6i1,bat_score=0 (matched),0,1
1ctah98,bat_score=0 (matched),0,1
1cft55w,bat_score=0 (matched),0,1
1e772t2,bat_score=0 (matched),0,1
1df3ial,bat_score=0 (matched),0,1
1bbxqbn,bat_score=0 (matched),0,1
1ciccb6,bat_score=0 (matched),0,1
1hdgb2i,bat_score=0 (matched),0,1
1gwk3v5,bat_score=0 (matched),0,1
1f9hty9,bat_score=0 (matched),0,1
1e78coa,bat_score=0 (matched),0,1
1fv3vfw,bat_score=0 (matched),0,1
1e2qb8y,bat_score=0 (matched),0,1
1g1m7om,bat_score=0 (matched),0,1
1bcr4u0,bat_score=0 (matched),0,1
19ceq83,bat_score=0 (matched),0,1
1di29ft,bat_score=0 (matched),0,1
1d78egk,bat_score=0 (matched),0,1
1946c1q,bat_score=0 (matched),0,1
1bvttgo,bat_score=0 (matched),0,1
1clshoz,bat_score=0 (matched),0,1
1dl89i8,bat_score=0 (matched),0,1
1g0e7ya,bat_score=0 (matched),0,1
1hb8gjm,bat_score=0 (matched),0,1
1d9j1wo,bat_score=0 (matched),0,1
1ex0yso,bat_score=0 (matched),0,1
192ux27,bat_score=0 (matched),0,1
1dfphr4,bat_score=0 (matched),0,1
1czkerp,bat_score=0 (matched),0,1
1930mhw,bat_score=0 (matched),0,1
1akq986,bat_score=0 (matched),0,1
1dsy655,bat_score=0 (matched),0,1
193qfeg,bat_score=0 (matched),0,1
198evxu,bat_score=0 (matched),0,1
1gpw0r5,bat_score=0 (matched),0,1
1exoeik,bat_score=0 (matched),0,1
1eqi57u,bat_score=0 (matched),0,1
195s2oc,bat_score=0 (matched),0,1
1fbhwzm,bat_score=0 (matched),0,1
1ay86ux,bat_score=0 (matched),0,1
1d74xxx,bat_score=0 (matched),0,1
1bwkel4,bat_score=0 (matched),0,1
1g9cqjv,bat_score=0 (matched),0,1
1d3mhob,bat_score=0 (matched),0,1
1fvcmip,bat_score=0 (matched),0,1
1e2uh0x,bat_score=0 (matched),0,1
1bq5yu1,bat_score=0 (matched),0,1
1f9bptp,bat_score=0 (matched),0,1
1g6g3dy,bat_score=0 (matched),0,1
1fjxg61,bat_score=0 (matched),0,1
1cxmuxa,bat_score=0 (matched),0,1
1eb40hv,bat_score=0 (matched),0,1
1hkj5or,bat_score=0 (matched),0,1
1astjr2,bat_score=0 (matched),0,1
1e05aeo,bat_score=0 (matched),0,1
1dgh0ab,bat_score=0 (matched),0,1
1f2iup1,bat_score=0 (matched),0,1
1beujcl,bat_score=0 (matched),0,1
1h6ps76,bat_score=0 (matched),0,1
1akauqd,bat_score=0 (matched),0,1
1czsitg,bat_score=0 (matched),0,1
1gm5is5,bat_score=0 (matched),0,1
1d7j0w6,bat_score=0 (matched),0,1
191trrs,bat_score=0 (matched),0,1
1egq514,bat_score=0 (matched),0,1
1bof2kl,bat_score=0 (matched),0,1
1c36mnt,bat_score=0 (matched),0,1
1b4q3h8,bat_score=0 (matched),0,1
199re96,bat_score=0 (matched),0,1
1f5t96z,bat_score=0 (matched),0,1
1hbqyqq,bat_score=0 (matched),0,1
1debedp,bat_score=0 (matched),0,1
1h3pc7m,bat_score=0 (matched),0,1
1blalh3,bat_score=0 (matched),0,1
1bp586d,bat_score=0 (matched),0,1
1dolefk,bat_score=0 (matched),0,1
1arpdll,bat_score=0 (matched),0,1
1aniez1,bat_score=0 (matched),0,1
1975pzj,bat_score=0 (matched),0,1
18xn56j,bat_score=0 (matched),0,1
1cxjyrc,bat_score=0 (matched),0,1
1fv6x1f,bat_score=0 (matched),0,1
1fj8pvm,bat_score=0 (matched),0,1
1e9sau2,bat_score=0 (matched),0,1
1eazumu,bat_score=0 (matched),0,1
1gbpzzm,bat_score=0 (matched),0,1
1czfhcs,bat_score=0 (matched),0,1
1bfx0wq,bat_score=0 (matched),0,1
1evs4no,bat_score=0 (matched),0,1
1bsevqb,bat_score=0 (matched),0,1
1cnzc3e,bat_score=0 (matched),0,1
1ew1ohm,bat_score=0 (matched),0,1
1er9ghq,bat_score=0 (matched),0,1
1cglfdl,bat_score=0 (matched),0,1
1b0k5n1,bat_score=0 (matched),0,1
18x128a,bat_score=0 (matched),0,1
1gyi9wo,bat_score=0 (matched),0,1
1ao244a,bat_score=0 (matched),0,1
1b886v6,bat_score=0 (matched),0,1
1e9o154,bat_score=0 (matched),0,1
1f1z16c,bat_score=0 (matched),0,1
1e6cg05,bat_score=0 (matched),0,1
1g0rbei,bat_score=0 (matched),0,1
1fz9jxd,bat_score=0 (matched),0,1
1ao92re,bat_score=0 (matched),0,1
1amzjax,bat_score=0 (matched),0,1
1bwu0ew,bat_score=0 (matched),0,1
1dp55vc,bat_score=0 (matched),0,1
1c0rshp,bat_score=0 (matched),0,1
1b20du1,bat_score=0 (matched),0,1
1cqyw09,bat_score=0 (matched),0,1
1d7rzi7,bat_score=0 (matched),0,1
1eil9an,bat_score=0 (matched),0,1
1al3hzb,bat_score=0 (matched),0,1
1afvasg,bat_score=0 (matched),0,1
1bscqqb,bat_score=0 (matched),0,1
1fxr631,bat_score=0 (matched),0,1
1b18343,bat_score=0 (matched),0,1
1gmjbfk,bat_score=0 (matched),0,1
1dopxm6,bat_score=0 (matched),0,1
1h0gfsc,bat_score=0 (matched),0,1
1fpzkee,bat_score=0 (matched),0,1
1ektj2p,bat_score=0 (matched),0,1
1b19ubl,bat_score=0 (matched),0,1
1cfzk8z,bat_score=0 (matched),0,1
1g9s67l,bat_score=0 (matched),0,1
1gs8rzp,bat_score=0 (matched),0,1
1fk2thv,bat_score=0 (matched),0,1
1cb5agu,bat_score=0 (matched),0,1
1doz158,bat_score=0 (matched),0,1
1bqddly,bat_score=0 (matched),0,1
1dywbkp,bat_score=0 (matched),0,1
1fja1ua,bat_score=0 (matched),0,1
1f1nw5t,bat_score=0 (matched),0,1
191b7u9,bat_score=0 (matched),0,1
1hbsou0,bat_score=0 (matched),0,1
1cbunms,bat_score=0 (matched),0,1
1axf4il,bat_score=0 (matched),0,1
1eo18wz,bat_score=0 (matched),0,1
1fxfg6q,bat_score=0 (matched),0,1
1fjmhs0,bat_score=0 (matched),0,1
1e4b3gm,bat_score=0 (matched),0,1
1fquxj2,bat_score=0 (matched),0,1
1ha8kuh,bat_score=0 (matched),0,1
1d8e749,bat_score=0 (matched),0,1
1glry00,bat_score=0 (matched),0,1
1eb23dv,bat_score=0 (matched),0,1
1di08ml,bat_score=0 (matched),0,1
1h29f0w,bat_score=0 (matched),0,1
1bv2g4t,bat_score=0 (matched),0,1
18zpkp1,bat_score=0 (matched),0,1
1hj9mts,bat_score=0 (matched),0,1
192isul,bat_score=0 (matched),0,1
1b8e718,bat_score=0 (matched),0,1
1etb2s6,bat_score=0 (matched),0,1
1arzat2,bat_score=0 (matched),0,1
1cbbau6,bat_score=0 (matched),0,1
1e4pdln,bat_score=0 (matched),0,1
1c0rb6c,bat_score=0 (matched),0,1
1cso4e9,bat_score=0 (matched),0,1
1ghi84p,bat_score=0 (matched),0,1
1e6frmc,bat_score=0 (matched),0,1
1ezku1x,bat_score=0 (matched),0,1
1h7n8w4,bat_score=0 (matched),0,1
1ap05uq,bat_score=0 (matched),0,1
19877jo,bat_score=0 (matched),0,1
1cjb50h,bat_score=0 (matched),0,1
191c3e7,bat_score=0 (matched),0,1
1ggfitx,bat_score=0 (matched),0,1
1ddx9sy,bat_score=0 (matched),0,1
1hcp3g5,bat_score=0 (matched),0,1
1cct3jc,bat_score=0 (matched),0,1
1btfqym,bat_score=0 (matched),0,1
19fc920,bat_score=0 (matched),0,1
1dt2xc6,bat_score=0 (matched),0,1
1dya0l9,bat_score=0 (matched),0,1
1dxrhjm,bat_score=0 (matched),0,1
1hayg02,bat_score=0 (matched),0,1
1f382j4,bat_score=0 (matched),0,1
1ge7p3u,bat_score=0 (matched),0,1
1b0tz3v,bat_score=0 (matched),0,1
1e9fd1s,bat_score=0 (matched),0,1
1cb82oj,bat_score=0 (matched),0,1
1bcqezq,bat_score=0 (matched),0,1
1c0096q,bat_score=0 (matched),0,1
1bp24y7,bat_score=0 (matched),0,1
1e7ycce,bat_score=0 (matched),0,1
1c9zhzh,bat_score=0 (matched),0,1
1fvzqif,bat_score=0 (matched),0,1
1ghauzk,bat_score=0 (matched),0,1
1agkjw3,bat_score=0 (matched),0,1
1abjxqg,bat_score=0 (matched),0,1
1eagfjb,bat_score=0 (matched),0,1
1bib1o1,bat_score=0 (matched),0,1
1b2b613,bat_score=0 (matched),0,1
1f1x833,bat_score=0 (matched),0,1
1d3ien4,bat_score=0 (matched),0,1
1d3lgxf,bat_score=0 (matched),0,1
1dur4ps,bat_score=0 (matched),0,1
1d6esov,bat_score=0 (matched),0,1
1hck706,bat_score=0 (matched),0,1
1ao3wad,bat_score=0 (matched),0,1
1bip8vg,bat_score=0 (matched),0,1
1de8v1l,bat_score=0 (matched),0,1
1bgowdi,bat_score=0 (matched),0,1
1e5am6o,bat_score=0 (matched),0,1
1bkns0x,bat_score=0 (matched),0,1
1b3uxqk,bat_score=0 (matched),0,1
1doqg8y,bat_score=0 (matched),0,1
1fo70zk,bat_score=0 (matched),0,1
1avtf08,bat_score=0 (matched),0,1
1gjhbnd,bat_score=0 (matched),0,1
1bklzue,bat_score=0 (matched),0,1
1civobr,bat_score=0 (matched),0,1
1d6edh2,bat_score=0 (matched),0,1
1c65zfv,bat_score=0 (matched),0,1
1hbzyph,bat_score=0 (matched),0,1
1d5ii6u,bat_score=0 (matched),0,1
1g3kz0z,bat_score=0 (matched),0,1
1fv3a1g,bat_score=0 (matched),0,1
1brimfl,bat_score=0 (matched),0,1
195ex07,bat_score=0 (matched),0,1
1h9qjde,bat_score=0 (matched),0,1
18zj2fx,bat_score=0 (matched),0,1
1ablnbz,bat_score=0 (matched),0,1
1d8fbwy,bat_score=0 (matched),0,1
18yc8pr,bat_score=0 (matched),0,1
1hjeoe3,bat_score=0 (matched),0,1
1dn33v3,bat_score=0 (matched),0,1
1bpbsn2,bat_score=0 (matched),0,1
1g4fk42,bat_score=0 (matched),0,1
1d75p2p,bat_score=0 (matched),0,1
1eym6k5,bat_score=0 (matched),0,1
1chstr0,bat_score=0 (matched),0,1
1eb4o1v,bat_score=0 (matched),0,1
18x10im,bat_score=0 (matched),0,1
1eht9m0,bat_score=0 (matched),0,1
1c0ltqg,bat_score=0 (matched),0,1
18xbbuj,bat_score=0 (matched),0,1
1dpwwa7,bat_score=0 (matched),0,1
1fzk25x,bat_score=0 (matched),0,1
1c5lg3c,bat_score=0 (matched),0,1
1cbyeld,bat_score=0 (matched),0,1
1d9ju12,bat_score=0 (matched),0,1
1avitgb,bat_score=0 (matched),0,1
1djzytf,bat_score=0 (matched),0,1
1aknnyo,bat_score=0 (matched),0,1
1ga68oa,bat_score=0 (matched),0,1
1c72u46,bat_score=0 (matched),0,1
1cd0p1z,bat_score=0 (matched),0,1
1fcz6kt,bat_score=0 (matched),0,1
1br715n,bat_score=0 (matched),0,1
1eacxty,bat_score=0 (matched),0,1
1duquud,bat_score=0 (matched),0,1
1bxgixg,bat_score=0 (matched),0,1
19dtnh1,bat_score=0 (matched),0,1
1bzstam,bat_score=0 (matched),0,1
1fie3qf,bat_score=0 (matched),0,1
1aewfst,bat_score=0 (matched),0,1
1hkekfn,bat_score=0 (matched),0,1
1etr6nt,bat_score=0 (matched),0,1
1atp9iu,bat_score=0 (matched),0,1
1awvwgl,bat_score=0 (matched),0,1
1alxucj,bat_score=0 (matched),0,1
1f05nu2,bat_score=0 (matched),0,1
1dpy3bv,bat_score=0 (matched),0,1
1e60apo,bat_score=0 (matched),0,1
1bb9155,bat_score=0 (matched),0,1
1gl7vb4,bat_score=0 (matched),0,1
1agq9fo,bat_score=0 (matched),0,1
1ga5wc5,bat_score=0 (matched),0,1
1d2ucms,bat_score=0 (matched),0,1
1fyegxk,bat_score=0 (matched),0,1
1dvmkhz,bat_score=0 (matched),0,1
1djgik1,bat_score=0 (matched),0,1
1aru1ap,bat_score=0 (matched),0,1
1fktfn2,bat_score=0 (matched),0,1
1bmm55f,bat_score=0 (matched),0,1
19fmqrc,bat_score=0 (matched),0,1
1cg4vzq,bat_score=0 (matched),0,1
19ae6n8,bat_score=0 (matched),0,1
1han970,bat_score=0 (matched),0,1
1cjj8qj,bat_score=0 (matched),0,1
1dqv1zk,bat_score=0 (matched),0,1
1beohi6,bat_score=0 (matched),0,1
1ei510u,bat_score=0 (matched),0,1
197hl51,bat_score=0 (matched),0,1
1ebb263,bat_score=0 (matched),0,1
1fbucae,bat_score=0 (matched),0,1
1bjasox,bat_score=0 (matched),0,1
1eu0cpu,bat_score=0 (matched),0,1
1fqutai,bat_score=0 (matched),0,1
1beflww,bat_score=0 (matched),0,1
1asrbbn,bat_score=0 (matched),0,1
1e6qve4,bat_score=0 (matched),0,1
1gu3rsh,bat_score=0 (matched),0,1
1fna6ws,bat_score=0 (matched),0,1
1gulr18,bat_score=0 (matched),0,1
1bz1y3i,bat_score=0 (matched),0,1
1hivago,bat_score=0 (matched),0,1
1gp2jcr,bat_score=0 (matched),0,1
1evuljs,bat_score=0 (matched),0,1
1ebm6ot,bat_score=0 (matched),0,1
1ajp91o,bat_score=0 (matched),0,1
1cwm7nd,bat_score=0 (matched),0,1
1d6vfo5,bat_score=0 (matched),0,1
1c0vncc,bat_score=0 (matched),0,1
1bq1vxw,bat_score=0 (matched),0,1
1g9kdhp,bat_score=0 (matched),0,1
1grx6xt,bat_score=0 (matched),0,1
1g5t01e,bat_score=0 (matched),0,1
1b3ztdj,bat_score=0 (matched),0,1
1cg2www,bat_score=0 (matched),0,1
1dlalgm,bat_score=0 (matched),0,1
1ecrsqt,bat_score=0 (matched),0,1
1gjzvkj,bat_score=0 (matched),0,1
1h1pyyu,bat_score=0 (matched),0,1
1b1vewx,bat_score=0 (matched),0,1
1eqia4o,bat_score=0 (matched),0,1
1ey0y70,bat_score=0 (matched),0,1
1dfv4ki,bat_score=0 (matched),0,1
1e12gqh,bat_score=0 (matched),0,1
1fbumhw,bat_score=0 (matched),0,1
1gmms4n,bat_score=0 (matched),0,1
1944eu9,bat_score=0 (matched),0,1
1amunha,bat_score=0 (matched),0,1
1fw2j4m,bat_score=0 (matched),0,1
1dlqrf0,bat_score=0 (matched),0,1
1c1cs82,bat_score=0 (matched),0,1
1fk3td7,bat_score=0 (matched),0,1
1fqq513,bat_score=0 (matched),0,1
1g051zm,bat_score=0 (matched),0,1
1br90vm,bat_score=0 (matched),0,1
1c0oe1c,bat_score=0 (matched),0,1
1fjoot1,bat_score=0 (matched),0,1
1got80n,bat_score=0 (matched),0,1
1d89rn1,bat_score=0 (matched),0,1
1ayfrdr,bat_score=0 (matched),0,1
1av2tad,bat_score=0 (matched),0,1
1dq06th,bat_score=0 (matched),0,1
1ajfh7k,bat_score=0 (matched),0,1
1ezavxt,bat_score=0 (matched),0,1
1e6dilf,bat_score=0 (matched),0,1
1dhz9yl,bat_score=0 (matched),0,1
1g6jho2,bat_score=0 (matched),0,1
1ei7hhh,bat_score=0 (matched),0,1
1h0e6li,bat_score=0 (matched),0,1
1hlkvb6,bat_score=0 (matched),0,1
1b4hlz2,bat_score=0 (matched),0,1
1dd1nul,bat_score=0 (matched),0,1
1gfrpf5,bat_score=0 (matched),0,1
19fklf0,bat_score=0 (matched),0,1
1d89xzp,bat_score=0 (matched),0,1
1dxmumk,bat_score=0 (matched),0,1
1bfkhdm,bat_score=0 (matched),0,1
1b995t1,bat_score=0 (matched),0,1
1cwjuis,bat_score=0 (matched),0,1
1fvktj5,bat_score=0 (matched),0,1
1b2631s,bat_score=0 (matched),0,1
1fdlhhn,bat_score=0 (matched),0,1
1cca936,bat_score=0 (matched),0,1
1g8gehq,bat_score=0 (matched),0,1
1alfb8b,bat_score=0 (matched),0,1
18zeyeh,bat_score=0 (matched),0,1
1cp6coz,bat_score=0 (matched),0,1
1fjfnme,bat_score=0 (matched),0,1
1f8svvp,bat_score=0 (matched),0,1
1axh5n3,bat_score=0 (matched),0,1
1emxiog,bat_score=0 (matched),0,1
1dzngl6,bat_score=0 (matched),0,1
1d3gdeg,bat_score=0 (matched),0,1
1ey7b3o,bat_score=0 (matched),0,1
1dj1nnk,bat_score=0 (matched),0,1
1d1j32e,bat_score=0 (matched),0,1
1fqzoao,bat_score=0 (matched),0,1
1aodtok,bat_score=0 (matched),0,1
1cv4emx,bat_score=0 (matched),0,1
1fk7px3,bat_score=0 (matched),0,1
1adk4hb,bat_score=0 (matched),0,1
1b7wmzw,bat_score=0 (matched),0,1
1e4t5qr,bat_score=0 (matched),0,1
1awaw2z,bat_score=0 (matched),0,1
1dzqn9w,bat_score=0 (matched),0,1
1aykn03,bat_score=0 (matched),0,1
1fcg2w1,bat_score=0 (matched),0,1
1g2707t,bat_score=0 (matched),0,1
1hajr0r,bat_score=0 (matched),0,1
1alnk2c,bat_score=0 (matched),0,1
1etwzqe,bat_score=0 (matched),0,1
191tlzs,bat_score=0 (matched),0,1
1c80iet,bat_score=0 (matched),0,1
1dehrk4,bat_score=0 (matched),0,1
1dg2uwj,bat_score=0 (matched),0,1
1b51bs8,bat_score=0 (matched),0,1
1gh8wi1,bat_score=0 (matched),0,1
196y5t2,bat_score=0 (matched),0,1
1hnq1f1,bat_score=0 (matched),0,1
1fpj1ca,bat_score=0 (matched),0,1
1cag5sv,bat_score=0 (matched),0,1
1d71187,bat_score=0 (matched),0,1
1gu0k2a,bat_score=0 (matched),0,1
1ej5yxr,bat_score=0 (matched),0,1
1gqfhjx,bat_score=0 (matched),0,1
1c75bbl,bat_score=0 (matched),0,1
1ff72wj,bat_score=0 (matched),0,1
1bftiz5,bat_score=0 (matched),0,1
1cafy8m,bat_score=0 (matched),0,1
1ftw12y,bat_score=0 (matched),0,1
18yol9h,bat_score=0 (matched),0,1
194xeqn,bat_score=0 (matched),0,1
1cmffx2,bat_score=0 (matched),0,1
1eu9889,bat_score=0 (matched),0,1
1e5if1f,bat_score=0 (matched),0,1
1f3c2ys,bat_score=0 (matched),0,1
1hgggqd,bat_score=0 (matched),0,1
1ahb8md,bat_score=0 (matched),0,1
1bd096g,bat_score=0 (matched),0,1
1fv8tdx,bat_score=0 (matched),0,1
1ezfqlu,bat_score=0 (matched),0,1
1fy83dl,bat_score=0 (matched),0,1
1cfz49c,bat_score=0 (matched),0,1
1hikt3a,bat_score=0 (matched),0,1
1ci7oef,bat_score=0 (matched),0,1
1evic7x,bat_score=0 (matched),0,1
1g8qjuw,bat_score=0 (matched),0,1
1etwr6l,bat_score=0 (matched),0,1
1gqaxin,bat_score=0 (matched),0,1
1ddj4r5,bat_score=0 (matched),0,1
1czxafk,bat_score=0 (matched),0,1
1byyzud,bat_score=0 (matched),0,1
1bspnsh,bat_score=0 (matched),0,1
1d88nn6,bat_score=0 (matched),0,1
1cb8eqz,bat_score=0 (matched),0,1
1d2zmd2,bat_score=0 (matched),0,1
1afrykp,bat_score=0 (matched),0,1
1h91xz6,bat_score=0 (matched),0,1
1asopzu,bat_score=0 (matched),0,1
1cx9t1a,bat_score=0 (matched),0,1
1ffto7a,bat_score=0 (matched),0,1
19eqt1t,bat_score=0 (matched),0,1
1g67meu,bat_score=0 (matched),0,1
19d3jjr,bat_score=0 (matched),0,1
1bnv6wd,bat_score=0 (matched),0,1
19dx2fe,bat_score=0 (matched),0,1
1ff25ak,bat_score=0 (matched),0,1
1cih0se,bat_score=0 (matched),0,1
1at69ts,bat_score=0 (matched),0,1
1bei68b,bat_score=0 (matched),0,1
1bkop8y,bat_score=0 (matched),0,1
1gg822v,bat_score=0 (matched),0,1
1ahc2v7,bat_score=0 (matched),0,1
1fuhxy3,bat_score=0 (matched),0,1
1ach3z0,bat_score=0 (matched),0,1
1hc9svi,bat_score=0 (matched),0,1
1ffsmm2,bat_score=0 (matched),0,1
1c7vkcn,bat_score=0 (matched),0,1
1euh86c,bat_score=0 (matched),0,1
1ef5u5k,bat_score=0 (matched),0,1
1ah3re8,bat_score=0 (matched),0,1
1c4bu79,bat_score=0 (matched),0,1
1bzdj4h,bat_score=0 (matched),0,1
1dpzq7r,bat_score=0 (matched),0,1
1bfmdhj,bat_score=0 (matched),0,1
19a1g7i,bat_score=0 (matched),0,1
1ggqen9,bat_score=0 (matched),0,1
1bdva5r,bat_score=0 (matched),0,1
1cfly4p,bat_score=0 (matched),0,1
1gh4vwn,bat_score=0 (matched),0,1
1e8aigc,bat_score=0 (matched),0,1
1ddncgd,bat_score=0 (matched),0,1
1caysgh,bat_score=0 (matched),0,1
1eg1voa,bat_score=0 (matched),0,1
1hirta3,bat_score=0 (matched),0,1
192s94k,bat_score=0 (matched),0,1
1cxvgtx,bat_score=0 (matched),0,1
1fi90mh,bat_score=0 (matched),0,1
1b1l1rj,bat_score=0 (matched),0,1
1bd02al,bat_score=0 (matched),0,1
1goyg6p,bat_score=0 (matched),0,1
1debwds,bat_score=0 (matched),0,1
1eq8kai,bat_score=0 (matched),0,1
1defb8j,bat_score=0 (matched),0,1
1fz1eej,bat_score=0 (matched),0,1
1d0fxhi,bat_score=0 (matched),0,1
1d9md9g,bat_score=0 (matched),0,1
1ebtt7x,bat_score=0 (matched),0,1
1e03yve,bat_score=0 (matched),0,1
1e3tn1t,bat_score=0 (matched),0,1
1h944er,bat_score=0 (matched),0,1
1as6wke,bat_score=0 (matched),0,1
1e4x9w1,bat_score=0 (matched),0,1
1g56lh8,bat_score=0 (matched),0,1
1dz1xnr,bat_score=0 (matched),0,1
18ygmf1,bat_score=0 (matched),0,1
1hi4nq1,bat_score=0 (matched),0,1
1f5aken,bat_score=0 (matched),0,1
1fsvmw8,bat_score=0 (matched),0,1
1g8cu3m,bat_score=0 (matched),0,1
1ffcbkb,bat_score=0 (matched),0,1
1c5mkhf,bat_score=0 (matched),0,1
1f7e3sz,bat_score=0 (matched),0,1
1997olz,bat_score=0 (matched),0,1
1cyb2g2,bat_score=0 (matched),0,1
1e9ngi4,bat_score=0 (matched),0,1
1h275kv,bat_score=0 (matched),0,1
1cketah,bat_score=0 (matched),0,1
1hkpdlg,bat_score=0 (matched),0,1
1dald0a,bat_score=0 (matched),0,1
1hhtadm,bat_score=0 (matched),0,1
1bfhrf7,bat_score=0 (matched),0,1
1b56zn2,bat_score=0 (matched),0,1
1hkx4zv,bat_score=0 (matched),0,1
199v6zc,bat_score=0 (matched),0,1
1eykqoj,bat_score=0 (matched),0,1
1avkts7,bat_score=0 (matched),0,1
1ap9x5x,bat_score=0 (matched),0,1
18z4lom,bat_score=0 (matched),0,1
1glt7oq,bat_score=0 (matched),0,1
1c0gqd8,bat_score=0 (matched),0,1
1alwa9m,bat_score=0 (matched),0,1
1f42rsg,bat_score=0 (matched),0,1
1d71256,bat_score=0 (matched),0,1
1f3c7p3,bat_score=0 (matched),0,1
1d4xdg8,bat_score=0 (matched),0,1
1gp0cbn,bat_score=0 (matched),0,1
1crbov2,bat_score=0 (matched),0,1
1ak6aei,bat_score=0 (matched),0,1
1fite2a,bat_score=0 (matched),0,1
1ak3zlk,bat_score=0 (matched),0,1
1altv6w,bat_score=0 (matched),0,1
1ajb1nr,bat_score=0 (matched),0,1
1ca9yfm,bat_score=0 (matched),0,1
1g149j2,bat_score=0 (matched),0,1
1alsmdi,bat_score=0 (matched),0,1
1blrcur,bat_score=0 (matched),0,1
1bdu7fn,bat_score=0 (matched),0,1
1cgbud3,bat_score=0 (matched),0,1
1gcc2ph,bat_score=0 (matched),0,1
1h1ef4e,bat_score=0 (matched),0,1
1alabvu,bat_score=0 (matched),0,1
1b2seog,bat_score=0 (matched),0,1
1cc4qqg,bat_score=0 (matched),0,1
1cbcakj,bat_score=0 (matched),0,1
1f3secq,bat_score=0 (matched),0,1
1e0xu00,bat_score=0 (matched),0,1
1eqb1is,bat_score=0 (matched),0,1
1d9o74k,bat_score=0 (matched),0,1
1as6fzp,bat_score=0 (matched),0,1
1awrgjo,bat_score=0 (matched),0,1
1cn9doi,bat_score=0 (matched),0,1
1atcx71,bat_score=0 (matched),0,1
18wzkfs,bat_score=0 (matched),0,1
1al2lhw,bat_score=0 (matched),0,1
1eobq7j,bat_score=0 (matched),0,1
1fdhqx3,bat_score=0 (matched),0,1
1c764nf,bat_score=0 (matched),0,1
1gwiohw,bat_score=0 (matched),0,1
1ddiy0b,bat_score=0 (matched),0,1
1c7548j,bat_score=0 (matched),0,1
1e89h37,bat_score=0 (matched),0,1
19elhty,bat_score=0 (matched),0,1
1ap5b72,bat_score=0 (matched),0,1
1ceudqj,bat_score=0 (matched),0,1
19egihb,bat_score=0 (matched),0,1
1g9dv51,bat_score=0 (matched),0,1
1dxs1ir,bat_score=0 (matched),0,1
1aruyy9,bat_score=0 (matched),0,1
1cmh4qx,bat_score=0 (matched),0,1
1h06y37,bat_score=0 (matched),0,1
1fxe2v1,bat_score=0 (matched),0,1
1gyejhn,bat_score=0 (matched),0,1
1h7a31b,bat_score=0 (matched),0,1
1gfn6ra,bat_score=0 (matched),0,1
1gb2tpr,bat_score=0 (matched),0,1
1foaz15,bat_score=0 (matched),0,1
1dd5lde,bat_score=0 (matched),0,1
19b47qy,bat_score=0 (matched),0,1
1bz1kzt,bat_score=0 (matched),0,1
1ackbrg,bat_score=0 (matched),0,1
1d446kv,bat_score=0 (matched),0,1
1cy1jbm,bat_score=0 (matched),0,1
1hk4vrj,bat_score=0 (matched),0,1
1b25vsw,bat_score=0 (matched),0,1
1cxz5tr,bat_score=0 (matched),0,1
19fcgxl,bat_score=0 (matched),0,1
1fp77ut,bat_score=0 (matched),0,1
1h0hhze,bat_score=0 (matched),0,1
1ahc8lc,bat_score=0 (matched),0,1
18xe8ve,bat_score=0 (matched),0,1
1ep7ry7,bat_score=0 (matched),0,1
1ara2xp,bat_score=0 (matched),0,1
1c6ft0y,bat_score=0 (matched),0,1
1ge0689,bat_score=0 (matched),0,1
1eljp5k,bat_score=0 (matched),0,1
1e4rl5k,bat_score=0 (matched),0,1
1f6lxn8,bat_score=0 (matched),0,1
1cd5pog,bat_score=0 (matched),0,1
1d8xxhd,bat_score=0 (matched),0,1
1eg1chb,bat_score=0 (matched),0,1
1esn51r,bat_score=0 (matched),0,1
1g8zhbu,bat_score=0 (matched),0,1
1hfgrag,bat_score=0 (matched),0,1
1fqk1e3,bat_score=0 (matched),0,1
1e6fhqy,bat_score=0 (matched),0,1
1e5twyk,bat_score=0 (matched),0,1
1f0q2wo,bat_score=0 (matched),0,1
1angofs,bat_score=0 (matched),0,1
1bohlo2,bat_score=0 (matched),0,1
1f8se2b,bat_score=0 (matched),0,1
1cfwg7q,bat_score=0 (matched),0,1
1hbwks4,bat_score=0 (matched),0,1
1cndbl1,bat_score=0 (matched),0,1
1cxxqwy,bat_score=0 (matched),0,1
1hh5r0l,bat_score=0 (matched),0,1
194a7e0,bat_score=0 (matched),0,1
1d3mx16,bat_score=0 (matched),0,1
1hkbusb,bat_score=0 (matched),0,1
1es9zvn,bat_score=0 (matched),0,1
1dcmr6e,bat_score=0 (matched),0,1
1gbpsnj,bat_score=0 (matched),0,1
1h3cq9i,bat_score=0 (matched),0,1
1h6knoz,bat_score=0 (matched),0,1
1c2j273,bat_score=0 (matched),0,1
1dkbekx,bat_score=0 (matched),0,1
19emusw,bat_score=0 (matched),0,1
19cy5kp,bat_score=0 (matched),0,1
194yq2h,bat_score=0 (matched),0,1
1bin0m5,bat_score=0 (matched),0,1
1abjq4f,bat_score=0 (matched),0,1
1bz38us,bat_score=0 (matched),0,1
1gx4agn,bat_score=0 (matched),0,1
1b9xenx,bat_score=0 (matched),0,1
190s6ay,bat_score=0 (matched),0,1
1c15gar,bat_score=0 (matched),0,1
1d926qv,bat_score=0 (matched),0,1
1avy0wp,bat_score=0 (matched),0,1
191v8nn,bat_score=0 (matched),0,1
1boe0ai,bat_score=0 (matched),0,1
1b4qj62,bat_score=0 (matched),0,1
1eu3oyi,bat_score=0 (matched),0,1
1ebt0wk,bat_score=0 (matched),0,1
1cih2xl,bat_score=0 (matched),0,1
1avkccl,bat_score=0 (matched),0,1
1cnuidm,bat_score=0 (matched),0,1
1fem0od,bat_score=0 (matched),0,1
1cni0kx,bat_score=0 (matched),0,1
18z6xgs,bat_score=0 (matched),0,1
1e66rui,bat_score=0 (matched),0,1
1hdl4tb,bat_score=0 (matched),0,1
1c2ue8f,bat_score=0 (matched),0,1
1eck2aa,bat_score=0 (matched),0,1
1g5zdc1,bat_score=0 (matched),0,1
1cmdz8r,bat_score=0 (matched),0,1
1dekmpc,bat_score=0 (matched),0,1
1bi4o6m,bat_score=0 (matched),0,1
19aygah,bat_score=0 (matched),0,1
1fj7fv4,bat_score=0 (matched),0,1
1bob22s,bat_score=0 (matched),0,1
1bqpuio,bat_score=0 (matched),0,1
1gu9skr,bat_score=0 (matched),0,1
1amnl8z,bat_score=0 (matched),0,1
1arqp3o,bat_score=0 (matched),0,1
1c9tj4k,bat_score=0 (matched),0,1
1be0cg1,bat_score=0 (matched),0,1
1es64h5,bat_score=0 (matched),0,1
1e1lr8o,bat_score=0 (matched),0,1
1etpfsn,bat_score=0 (matched),0,1
1fdmnsz,bat_score=0 (matched),0,1
1bvrizs,bat_score=0 (matched),0,1
1ebu14o,bat_score=0 (matched),0,1
1fjxtzk,bat_score=0 (matched),0,1
1hqptry,bat_score=0 (matched),0,1
1eaua12,bat_score=0 (matched),0,1
1fcpyhb,bat_score=0 (matched),0,1
18xrqoj,bat_score=0 (matched),0,1
1eq8ri9,bat_score=0 (matched),0,1
1e6a9yi,bat_score=0 (matched),0,1
1am7cak,bat_score=0 (matched),0,1
1guckmq,bat_score=0 (matched),0,1
1djvvbr,bat_score=0 (matched),0,1
1fsu0a1,bat_score=0 (matched),0,1
1cnf64t,bat_score=0 (matched),0,1
1hio1nk,bat_score=0 (matched),0,1
194w2ac,bat_score=0 (matched),0,1
1cqurzv,bat_score=0 (matched),0,1
1dogjev,bat_score=0 (matched),0,1
1ew35jj,bat_score=0 (matched),0,1
1cctpkg,bat_score=0 (matched),0,1
1d5tnqe,bat_score=0 (matched),0,1
1amk735,bat_score=0 (matched),0,1
1grjuba,bat_score=0 (matched),0,1
1dt082v,bat_score=0 (matched),0,1
1dlz8nn,bat_score=0 (matched),0,1
1ec55jx,bat_score=0 (matched),0,1
1hgiwwg,bat_score=0 (matched),0,1
1f7vuzs,bat_score=0 (matched),0,1
192p2pt,bat_score=0 (matched),0,1
1h1uxdg,bat_score=0 (matched),0,1
1apfbwu,bat_score=0 (matched),0,1
1akeuj8,bat_score=0 (matched),0,1
1hcw4ti,bat_score=0 (matched),0,1
1f2ury2,bat_score=0 (matched),0,1
198yt43,bat_score=0 (matched),0,1
1bkd9so,bat_score=0 (matched),0,1
19978ki,bat_score=0 (matched),0,1
1ft6qpm,bat_score=0 (matched),0,1
1ezeecz,bat_score=0 (matched),0,1
1cl7hzt,bat_score=0 (matched),0,1
1av8y9u,bat_score=0 (matched),0,1
1eqb0c8,bat_score=0 (matched),0,1
1b9pj3c,bat_score=0 (matched),0,1
1f4yz9i,bat_score=0 (matched),0,1
1efzlru,bat_score=0 (matched),0,1
1f8oajl,bat_score=0 (matched),0,1
1bnlsoq,bat_score=0 (matched),0,1
1ctdjl4,bat_score=0 (matched),0,1
1fy1b7u,bat_score=0 (matched),0,1
1fsxcrf,bat_score=0 (matched),0,1
1fxx35z,bat_score=0 (matched),0,1
1h85zzs,bat_score=0 (matched),0,1
1c1ds4i,bat_score=0 (matched),0,1
1bjv1m0,bat_score=0 (matched),0,1
18xw8mj,bat_score=0 (matched),0,1
1d1iumx,bat_score=0 (matched),0,1
1ae7dnw,bat_score=0 (matched),0,1
1cwwekg,bat_score=0 (matched),0,1
1hkqjwa,bat_score=0 (matched),0,1
1ahlelu,bat_score=0 (matched),0,1
1f1qy7q,bat_score=0 (matched),0,1
1b0y4vs,bat_score=0 (matched),0,1
1e0kast,bat_score=0 (matched),0,1
1bv7l7t,bat_score=0 (matched),0,1
1g9lejh,bat_score=0 (matched),0,1
1994buu,bat_score=0 (matched),0,1
1ew12go,bat_score=0 (matched),0,1
1djh99s,bat_score=0 (matched),0,1
1e3ojn7,bat_score=0 (matched),0,1
1fjpu93,bat_score=0 (matched),0,1
1d9mg21,bat_score=0 (matched),0,1
1aozvus,bat_score=0 (matched),0,1
1g3u2st,bat_score=0 (matched),0,1
1cv2ihg,bat_score=0 (matched),0,1
1da6g55,bat_score=0 (matched),0,1
1cba2dj,bat_score=0 (matched),0,1
1gmn3x6,bat_score=0 (matched),0,1
1cog3pe,bat_score=0 (matched),0,1
1gowefs,bat_score=0 (matched),0,1
1fj58yt,bat_score=0 (matched),0,1
197i4z8,bat_score=0 (matched),0,1
1c4hosb,bat_score=0 (matched),0,1
1gqgx8w,bat_score=0 (matched),0,1
1gvsyeb,bat_score=0 (matched),0,1
1ex6hpe,bat_score=0 (matched),0,1
1fw479b,bat_score=0 (matched),0,1
1b0r4jn,bat_score=0 (matched),0,1
1ao7cd4,bat_score=0 (matched),0,1
1ha6env,bat_score=0 (matched),0,1
1gec5mg,bat_score=0 (matched),0,1
1hg97b7,bat_score=0 (matched),0,1
1cyzl2s,bat_score=0 (matched),0,1
19akw4n,bat_score=0 (matched),0,1
1eai1fs,bat_score=0 (matched),0,1
1cigrv6,bat_score=0 (matched),0,1
18wofam,bat_score=0 (matched),0,1
1c0y5s3,bat_score=0 (matched),0,1
1df77vm,bat_score=0 (matched),0,1
1cuf13g,bat_score=0 (matched),0,1
1f3crs9,bat_score=0 (matched),0,1
1gjewtu,bat_score=0 (matched),0,1
1eeyab8,bat_score=0 (matched),0,1
1d3cj7t,bat_score=0 (matched),0,1
1e7d4kl,bat_score=0 (matched),0,1
1dw6s8m,bat_score=0 (matched),0,1
1dgoa1v,bat_score=0 (matched),0,1
1erhox3,bat_score=0 (matched),0,1
199yjdx,bat_score=0 (matched),0,1
1ca1uj6,bat_score=0 (matched),0,1
1dd04cg,bat_score=0 (matched),0,1
1fiact0,bat_score=0 (matched),0,1
1d3fvoj,bat_score=0 (matched),0,1
1g639wo,bat_score=0 (matched),0,1
1ec8qx9,bat_score=0 (matched),0,1
1b7wwmd,bat_score=0 (matched),0,1
1dtrfbo,bat_score=0 (matched),0,1
1fe9dqp,bat_score=0 (matched),0,1
1gr6ygf,bat_score=0 (matched),0,1
1ellpmp,bat_score=0 (matched),0,1
1gez56b,bat_score=0 (matched),0,1
19d7im7,bat_score=0 (matched),0,1
1b25ts9,bat_score=0 (matched),0,1
1g9c3wp,bat_score=0 (matched),0,1
1cn8q36,bat_score=0 (matched),0,1
1cy95dv,bat_score=0 (matched),0,1
1d4xxjn,bat_score=0 (matched),0,1
1fnydo4,bat_score=0 (matched),0,1
1eqnr81,bat_score=0 (matched),0,1
1cgs0fm,bat_score=0 (matched),0,1
1gei2xp,bat_score=0 (matched),0,1
19als2u,bat_score=0 (matched),0,1
19entj8,bat_score=0 (matched),0,1
1adxwte,bat_score=0 (matched),0,1
1dle4eb,bat_score=0 (matched),0,1
1f7a8xy,bat_score=0 (matched),0,1
1dwau73,bat_score=0 (matched),0,1
1gsbym8,bat_score=0 (matched),0,1
1bp9fxn,bat_score=0 (matched),0,1
1ehsm1x,bat_score=0 (matched),0,1
1hd6msr,bat_score=0 (matched),0,1
1bu3n3q,bat_score=0 (matched),0,1
1gbj88m,bat_score=0 (matched),0,1
1gnnjf4,bat_score=0 (matched),0,1
1csg7uu,bat_score=0 (matched),0,1
1ekv6od,bat_score=0 (matched),0,1
1fsw89b,bat_score=0 (matched),0,1
1979pvl,bat_score=0 (matched),0,1
1drl94v,bat_score=0 (matched),0,1
1apamh8,bat_score=0 (matched),0,1
1cbe9a1,bat_score=0 (matched),0,1
1dp4fzx,bat_score=0 (matched),0,1
1b74f1g,bat_score=0 (matched),0,1
1bzzlg6,bat_score=0 (matched),0,1
1ge48mg,bat_score=0 (matched),0,1
1ea1ahp,bat_score=0 (matched),0,1
1c1ksfk,bat_score=0 (matched),0,1
1bzgzi0,bat_score=0 (matched),0,1
1dszm8z,bat_score=0 (matched),0,1
1cwwqqc,bat_score=0 (matched),0,1
1fbzbue,bat_score=0 (matched),0,1
1hsda3i,bat_score=0 (matched),0,1
1jqh3wa,bat_score=0 (matched),0,1
1mid8pj,bat_score=0 (matched),0,1
1ob1a1q,bat_score=0 (matched),0,1
1ks6bcn,bat_score=0 (matched),0,1
1l79g99,bat_score=0 (matched),0,1
1l1tzo6,bat_score=0 (matched),0,1
1j2sxzx,bat_score=0 (matched),0,1
1k937ww,bat_score=0 (matched),0,1
1hxj61l,bat_score=0 (matched),0,1
1l2gsoh,bat_score=0 (matched),0,1
1hy6dp6,bat_score=0 (matched),0,1
1jko1s0,bat_score=0 (matched),0,1
1oic6br,bat_score=0 (matched),0,1
1n9oto6,bat_score=0 (matched),0,1
1numhtb,bat_score=0 (matched),0,1
1oj7jdy,bat_score=0 (matched),0,1
1kacn99,bat_score=0 (matched),0,1
1isht5u,bat_score=0 (matched),0,1
1ja5d1t,bat_score=0 (matched),0,1
1jlsoc1,bat_score=0 (matched),0,1
1nurqv3,bat_score=0 (matched),0,1
1mrfray,bat_score=0 (matched),0,1
1izf9pw,bat_score=0 (matched),0,1
1jqntfs,bat_score=0 (matched),0,1
1mcpf64,bat_score=0 (matched),0,1
1je77x3,bat_score=0 (matched),0,1
1j833s5,bat_score=0 (matched),0,1
1lxbe6v,bat_score=0 (matched),0,1
1kzzwta,bat_score=0 (matched),0,1
1j04kb7,bat_score=0 (matched),0,1
1mcx9bo,bat_score=0 (matched),0,1
1jo4p4e,bat_score=0 (matched),0,1
1mv4j3k,bat_score=0 (matched),0,1
1pshb75,bat_score=0 (matched),0,1
1nvhufv,bat_score=0 (matched),0,1
1ocf2wj,bat_score=0 (matched),0,1
1juia46,bat_score=0 (matched),0,1
1nr2ng7,bat_score=0 (matched),0,1
1kl8wo6,bat_score=0 (matched),0,1
1nf1l3r,bat_score=0 (matched),0,1
1nfasow,bat_score=0 (matched),0,1
1lw6v1d,bat_score=0 (matched),0,1
1hv7jyg,bat_score=0 (matched),0,1
1mtlqek,bat_score=0 (matched),0,1
1jvgeyx,bat_score=0 (matched),0,1
1o8g4i3,bat_score=0 (matched),0,1
1ko5xt4,bat_score=0 (matched),0,1
1ns11ae,bat_score=0 (matched),0,1
1p1xr26,bat_score=0 (matched),0,1
1inr3hp,bat_score=0 (matched),0,1
1n1sgj7,bat_score=0 (matched),0,1
1jd0vwv,bat_score=0 (matched),0,1
1kaywc5,bat_score=0 (matched),0,1
1lkkdbs,bat_score=0 (matched),0,1
1k7hlpz,bat_score=0 (matched),0,1
1odbyke,bat_score=0 (matched),0,1
1plutjp,bat_score=0 (matched),0,1
1n84c8y,bat_score=0 (matched),0,1
1ko7zco,bat_score=0 (matched),0,1
1hshm5s,bat_score=0 (matched),0,1
1ofmt7s,bat_score=0 (matched),0,1
1ihe39a,bat_score=0 (matched),0,1
1iu29ps,bat_score=0 (matched),0,1
1jqdfwg,bat_score=0 (matched),0,1
1lr7q0m,bat_score=0 (matched),0,1
1jdfhwb,bat_score=0 (matched),0,1
1nqycl6,bat_score=0 (matched),0,1
1jbciea,bat_score=0 (matched),0,1
1jitjoe,bat_score=0 (matched),0,1
1owxh8u,bat_score=0 (matched),0,1
1o3xes6,bat_score=0 (matched),0,1
1na0zku,bat_score=0 (matched),0,1
1mbzqlw,bat_score=0 (matched),0,1
1kc8rff,bat_score=0 (matched),0,1
1mvr47h,bat_score=0 (matched),0,1
1kcs6en,bat_score=0 (matched),0,1
1kgujrz,bat_score=0 (matched),0,1
1jtm0gg,bat_score=0 (matched),0,1
1lrq22d,bat_score=0 (matched),0,1
1im2r4i,bat_score=0 (matched),0,1
1jmg8k0,bat_score=0 (matched),0,1
1j619rk,bat_score=0 (matched),0,1
1p207e8,bat_score=0 (matched),0,1
1nnvpda,bat_score=0 (matched),0,1
1nj6aqy,bat_score=0 (matched),0,1
1nwdaj2,bat_score=0 (matched),0,1
1ottko9,bat_score=0 (matched),0,1
1hv4p4x,bat_score=0 (matched),0,1
1itiq2r,bat_score=0 (matched),0,1
1onp3w2,bat_score=0 (matched),0,1
1icac0s,bat_score=0 (matched),0,1
1njdl1s,bat_score=0 (matched),0,1
1pk4x3a,bat_score=0 (matched),0,1
1j31ka5,bat_score=0 (matched),0,1
1kmuiaz,bat_score=0 (matched),0,1
1ppoysc,bat_score=0 (matched),0,1
1mx381f,bat_score=0 (matched),0,1
1i9kxj1,bat_score=0 (matched),0,1
1kcseh4,bat_score=0 (matched),0,1
1nvrwaf,bat_score=0 (matched),0,1
1n6v9l2,bat_score=0 (matched),0,1
1lfgf1e,bat_score=0 (matched),0,1
1i16nbx,bat_score=0 (matched),0,1
1m7b8xq,bat_score=0 (matched),0,1
1j87zf0,bat_score=0 (matched),0,1
1mddw6k,bat_score=0 (matched),0,1
1ov411h,bat_score=0 (matched),0,1
1igsdf6,bat_score=0 (matched),0,1
1oilzbp,bat_score=0 (matched),0,1
1pl4dvm,bat_score=0 (matched),0,1
1okdl2d,bat_score=0 (matched),0,1
1lo5kt2,bat_score=0 (matched),0,1
1igrvzx,bat_score=0 (matched),0,1
1mp3m9f,bat_score=0 (matched),0,1
1ibi5vj,bat_score=0 (matched),0,1
1nx0n2u,bat_score=0 (matched),0,1
1pwaxok,bat_score=0 (matched),0,1
1l9guhe,bat_score=0 (matched),0,1
1irehen,bat_score=0 (matched),0,1
1mnqni1,bat_score=0 (matched),0,1
1iieyp9,bat_score=0 (matched),0,1
1omolhg,bat_score=0 (matched),0,1
1mqi7bz,bat_score=0 (matched),0,1
1mhfur7,bat_score=0 (matched),0,1
1jajps7,bat_score=0 (matched),0,1
1o0wujn,bat_score=0 (matched),0,1
1o1sgkl,bat_score=0 (matched),0,1
1nw6lb1,bat_score=0 (matched),0,1
1i2a3d0,bat_score=0 (matched),0,1
1ij4sye,bat_score=0 (matched),0,1
1oia4s1,bat_score=0 (matched),0,1
1pq1f23,bat_score=0 (matched),0,1
1io0j46,bat_score=0 (matched),0,1
1pzj3g8,bat_score=0 (matched),0,1
1jn10vu,bat_score=0 (matched),0,1
1igop24,bat_score=0 (matched),0,1
1ppudhp,bat_score=0 (matched),0,1
1lqonpv,bat_score=0 (matched),0,1
1lijwwh,bat_score=0 (matched),0,1
1l90n5v,bat_score=0 (matched),0,1
1nf0f2i,bat_score=0 (matched),0,1
1nw13m3,bat_score=0 (matched),0,1
1pcevvz,bat_score=0 (matched),0,1
1oivmw2,bat_score=0 (matched),0,1
1o2b80w,bat_score=0 (matched),0,1
1p0gux6,bat_score=0 (matched),0,1
1nec6u3,bat_score=0 (matched),0,1
1imc013,bat_score=0 (matched),0,1
1kli219,bat_score=0 (matched),0,1
1lvht2m,bat_score=0 (matched),0,1
1m8a9e9,bat_score=0 (matched),0,1
1ivcg3q,bat_score=0 (matched),0,1
1mwh2ow,bat_score=0 (matched),0,1
1o41ceb,bat_score=0 (matched),0,1
1itiu8n,bat_score=0 (matched),0,1
1lkwpwc,bat_score=0 (matched),0,1
1k76zvs,bat_score=0 (matched),0,1
1outzl0,bat_score=0 (matched),0,1
1iybdcy,bat_score=0 (matched),0,1
1ku3qsg,bat_score=0 (matched),0,1
1kcnfmd,bat_score=0 (matched),0,1
1jp7a9y,bat_score=0 (matched),0,1
1or65aw,bat_score=0 (matched),0,1
1pzde9n,bat_score=0 (matched),0,1
1j9ybtf,bat_score=0 (matched),0,1
1nhl4qy,bat_score=0 (matched),0,1
1i763v2,bat_score=0 (matched),0,1
1igqah7,bat_score=0 (matched),0,1
1ih2sgo,bat_score=0 (matched),0,1
1i8sjn1,bat_score=0 (matched),0,1
1jo5dl5,bat_score=0 (matched),0,1
1lvpcmb,bat_score=0 (matched),0,1
1l4isxc,bat_score=0 (matched),0,1
1iophnx,bat_score=0 (matched),0,1
1ouz50m,bat_score=0 (matched),0,1
1jgqwcl,bat_score=0 (matched),0,1
1jubg7d,bat_score=0 (matched),0,1
1mjdmgs,bat_score=0 (matched),0,1
1i1yvzu,bat_score=0 (matched),0,1
1m8d5ez,bat_score=0 (matched),0,1
1mje71b,bat_score=0 (matched),0,1
1pcxnes,bat_score=0 (matched),0,1
1m7clzy,bat_score=0 (matched),0,1
1j0q7xa,bat_score=0 (matched),0,1
1is822n,bat_score=0 (matched),0,1
1l4sfwf,bat_score=0 (matched),0,1
1ludj33,bat_score=0 (matched),0,1
1i61gfj,bat_score=0 (matched),0,1
1ops4xs,bat_score=0 (matched),0,1
1iv47g0,bat_score=0 (matched),0,1
1ks2v1o,bat_score=0 (matched),0,1
1k8uvnv,bat_score=0 (matched),0,1
1l7ec6h,bat_score=0 (matched),0,1
1ix4yqf,bat_score=0 (matched),0,1
1jl9hry,bat_score=0 (matched),0,1
1n1pkoo,bat_score=0 (matched),0,1
1lk98g4,bat_score=0 (matched),0,1
1kcnczm,bat_score=0 (matched),0,1
1ispxhf,bat_score=0 (matched),0,1
1i59pvn,bat_score=0 (matched),0,1
1hzzj08,bat_score=0 (matched),0,1
1j7zpzg,bat_score=0 (matched),0,1
1ndnie1,bat_score=0 (matched),0,1
1i3lgb6,bat_score=0 (matched),0,1
1o73zxh,bat_score=0 (matched),0,1
1jh3ds4,bat_score=0 (matched),0,1
1iqocjc,bat_score=0 (matched),0,1
1lvmi3p,bat_score=0 (matched),0,1
1p1yt64,bat_score=0 (matched),0,1
1i0442p,bat_score=0 (matched),0,1
1p2dszk,bat_score=0 (matched),0,1
1iif4sn,bat_score=0 (matched),0,1
1jr0uvr,bat_score=0 (matched),0,1
1ioj7qv,bat_score=0 (matched),0,1
1i21un9,bat_score=0 (matched),0,1
1phhhka,bat_score=0 (matched),0,1
1m5okvt,bat_score=0 (matched),0,1
1nhh5q4,bat_score=0 (matched),0,1
1nielwo,bat_score=0 (matched),0,1
1lopwgg,bat_score=0 (matched),0,1
1m7nayk,bat_score=0 (matched),0,1
1iutadp,bat_score=0 (matched),0,1
1i6jsky,bat_score=0 (matched),0,1
1llxbt6,bat_score=0 (matched),0,1
1jx0q3w,bat_score=0 (matched),0,1
1hv9zsp,bat_score=0 (matched),0,1
1nx4wcu,bat_score=0 (matched),0,1
1lg6521,bat_score=0 (matched),0,1
1ljzurx,bat_score=0 (matched),0,1
1kwr5au,bat_score=0 (matched),0,1
1k2n09o,bat_score=0 (matched),0,1
1odiqx3,bat_score=0 (matched),0,1
1jadxc6,bat_score=0 (matched),0,1
1p16ak8,bat_score=0 (matched),0,1
1kmq6kz,bat_score=0 (matched),0,1
1iw6smm,bat_score=0 (matched),0,1
1pf8r17,bat_score=0 (matched),0,1
1oz3tv4,bat_score=0 (matched),0,1
1i3653r,bat_score=0 (matched),0,1
1l5wsi7,bat_score=0 (matched),0,1
1jo4yz4,bat_score=0 (matched),0,1
1pzbso1,bat_score=0 (matched),0,1
1k287xp,bat_score=0 (matched),0,1
1kbqn3j,bat_score=0 (matched),0,1
1lp7hj9,bat_score=0 (matched),0,1
1in3mwr,bat_score=0 (matched),0,1
1p9yxec,bat_score=0 (matched),0,1
1iovqrq,bat_score=0 (matched),0,1
1ior9y9,bat_score=0 (matched),0,1
1mbfbda,bat_score=0 (matched),0,1
1maeplb,bat_score=0 (matched),0,1
1pd3wx4,bat_score=0 (matched),0,1
1i5thsc,bat_score=0 (matched),0,1
1n424df,bat_score=0 (matched),0,1
1nifmed,bat_score=0 (matched),0,1
1pc7nrw,bat_score=0 (matched),0,1
1k69rlb,bat_score=0 (matched),0,1
1kxguu8,bat_score=0 (matched),0,1
1kn2pa5,bat_score=0 (matched),0,1
1oj8mdl,bat_score=0 (matched),0,1
1jjl4gl,bat_score=0 (matched),0,1
1jt3qdi,bat_score=0 (matched),0,1
1p8r1a3,bat_score=0 (matched),0,1
1ix5hih,bat_score=0 (matched),0,1
1kaobkn,bat_score=0 (matched),0,1
1ixrr1w,bat_score=0 (matched),0,1
1keop41,bat_score=0 (matched),0,1
1kszon9,bat_score=0 (matched),0,1
1lgb6x2,bat_score=0 (matched),0,1
1kgzzfw,bat_score=0 (matched),0,1
1kktqo6,bat_score=0 (matched),0,1
1n3dai4,bat_score=0 (matched),0,1
1kcel2k,bat_score=0 (matched),0,1
1nvwuhu,bat_score=0 (matched),0,1
1i7jorn,bat_score=0 (matched),0,1
1lwbq95,bat_score=0 (matched),0,1
1leq46y,bat_score=0 (matched),0,1
1jkepqs,bat_score=0 (matched),0,1
1owu2hm,bat_score=0 (matched),0,1
1k6esja,bat_score=0 (matched),0,1
1koag30,bat_score=0 (matched),0,1
1jl5t8i,bat_score=0 (matched),0,1
1p7trjw,bat_score=0 (matched),0,1
1i7f67l,bat_score=0 (matched),0,1
1o0f3lb,bat_score=0 (matched),0,1
1k3kitm,bat_score=0 (matched),0,1
1musi68,bat_score=0 (matched),0,1
1nkj8q7,bat_score=0 (matched),0,1
1jl0639,bat_score=0 (matched),0,1
1jjwpf4,bat_score=0 (matched),0,1
1i8153t,bat_score=0 (matched),0,1
1ltuev1,bat_score=0 (matched),0,1
1lfmo2h,bat_score=0 (matched),0,1
1k891nl,bat_score=0 (matched),0,1
1l4bj2t,bat_score=0 (matched),0,1
1jtsdku,bat_score=0 (matched),0,1
1ien3x8,bat_score=0 (matched),0,1
1o6k23u,bat_score=0 (matched),0,1
1jld67z,bat_score=0 (matched),0,1
1muhw5z,bat_score=0 (matched),0,1
1nbxqbh,bat_score=0 (matched),0,1
1nzciwu,bat_score=0 (matched),0,1
1ndbfnd,bat_score=0 (matched),0,1
1mg38qu,bat_score=0 (matched),0,1
1otquks,bat_score=0 (matched),0,1
1m1exgk,bat_score=0 (matched),0,1
1nph8xs,bat_score=0 (matched),0,1
1oitu8m,bat_score=0 (matched),0,1
1nz855z,bat_score=0 (matched),0,1
1j4tdew,bat_score=0 (matched),0,1
1mfulre,bat_score=0 (matched),0,1
1l680k1,bat_score=0 (matched),0,1
1pjpsl9,bat_score=0 (matched),0,1
1j772u6,bat_score=0 (matched),0,1
1m9w1cf,bat_score=0 (matched),0,1
1kr0cku,bat_score=0 (matched),0,1
1mjubgf,bat_score=0 (matched),0,1
1kwtrx4,bat_score=0 (matched),0,1
1pgyy0g,bat_score=0 (matched),0,1
1pbh21m,bat_score=0 (matched),0,1
1m21sas,bat_score=0 (matched),0,1
1jvnogq,bat_score=0 (matched),0,1
1ol6c6x,bat_score=0 (matched),0,1
1kasha3,bat_score=0 (matched),0,1
1hsmc4g,bat_score=0 (matched),0,1
1opfllx,bat_score=0 (matched),0,1
1l57t24,bat_score=0 (matched),0,1
1mdgqla,bat_score=0 (matched),0,1
1nopngo,bat_score=0 (matched),0,1
1iehnxd,bat_score=0 (matched),0,1
1mr6d7h,bat_score=0 (matched),0,1
1j7de12,bat_score=0 (matched),0,1
1lk03fh,bat_score=0 (matched),0,1
1ofmta1,bat_score=0 (matched),0,1
1k6wwms,bat_score=0 (matched),0,1
1ktt023,bat_score=0 (matched),0,1
1nps6p1,bat_score=0 (matched),0,1
1k9n5f9,bat_score=0 (matched),0,1
1jwa61r,bat_score=0 (matched),0,1
1kgobd6,bat_score=0 (matched),0,1
1inq9op,bat_score=0 (matched),0,1
1iy1g1i,bat_score=0 (matched),0,1
1oshy57,bat_score=0 (matched),0,1
1m179x1,bat_score=0 (matched),0,1
1pz2h2x,bat_score=0 (matched),0,1
1or1lk4,bat_score=0 (matched),0,1
1jyvwr9,bat_score=0 (matched),0,1
1nhpb32,bat_score=0 (matched),0,1
1o31h93,bat_score=0 (matched),0,1
1mi7u3j,bat_score=0 (matched),0,1
1npnqno,bat_score=0 (matched),0,1
1miv7nw,bat_score=0 (matched),0,1
1i6eam2,bat_score=0 (matched),0,1
1irsezt,bat_score=0 (matched),0,1
1pnlmp3,bat_score=0 (matched),0,1
1ngmwb6,bat_score=0 (matched),0,1
1j3nr3c,bat_score=0 (matched),0,1
1lia385,bat_score=0 (matched),0,1
1kc9lak,bat_score=0 (matched),0,1
1k5tnuu,bat_score=0 (matched),0,1
1ozpznd,bat_score=0 (matched),0,1
1jo307l,bat_score=0 (matched),0,1
1pkd1hn,bat_score=0 (matched),0,1
1kz1fm4,bat_score=0 (matched),0,1
1lgz4zt,bat_score=0 (matched),0,1
1l4uzia,bat_score=0 (matched),0,1
1kbpc8w,bat_score=0 (matched),0,1
1lpv00n,bat_score=0 (matched),0,1
1kg5nee,bat_score=0 (matched),0,1
1jajbje,bat_score=0 (matched),0,1
1ibhxat,bat_score=0 (matched),0,1
1iv5esm,bat_score=0 (matched),0,1
1marszi,bat_score=0 (matched),0,1
1kyjk47,bat_score=0 (matched),0,1
1jntehs,bat_score=0 (matched),0,1
1prqkgy,bat_score=0 (matched),0,1
1ictdeb,bat_score=0 (matched),0,1
1l7dw09,bat_score=0 (matched),0,1
1lgu23k,bat_score=0 (matched),0,1
1o5t6ha,bat_score=0 (matched),0,1
1o14mkf,bat_score=0 (matched),0,1
1oms0hi,bat_score=0 (matched),0,1
1o0h9jd,bat_score=0 (matched),0,1
1iib1fy,bat_score=0 (matched),0,1
1hrewkk,bat_score=0 (matched),0,1
1n2h5wb,bat_score=0 (matched),0,1
1mfomlb,bat_score=0 (matched),0,1
1kx1fp0,bat_score=0 (matched),0,1
1iosogq,bat_score=0 (matched),0,1
1no5she,bat_score=0 (matched),0,1
1jz6vw3,bat_score=0 (matched),0,1
1j3y8li,bat_score=0 (matched),0,1
1ojnlks,bat_score=0 (matched),0,1
1lueot7,bat_score=0 (matched),0,1
1n405az,bat_score=0 (matched),0,1
1nam918,bat_score=0 (matched),0,1
1i30hnr,bat_score=0 (matched),0,1
1ibap3i,bat_score=0 (matched),0,1
1p2xag7,bat_score=0 (matched),0,1
1m4z3ca,bat_score=0 (matched),0,1
1p0ai41,bat_score=0 (matched),0,1
1kuzag8,bat_score=0 (matched),0,1
1imwiv5,bat_score=0 (matched),0,1
1o0renj,bat_score=0 (matched),0,1
1pyo5dj,bat_score=0 (matched),0,1
1iqsng8,bat_score=0 (matched),0,1
1n322i5,bat_score=0 (matched),0,1
1hyccg5,bat_score=0 (matched),0,1
1imdvf5,bat_score=0 (matched),0,1
1i7tzsx,bat_score=0 (matched),0,1
1jnovxm,bat_score=0 (matched),0,1
1mnei9a,bat_score=0 (matched),0,1
1j5heiv,bat_score=0 (matched),0,1
1j5ojso,bat_score=0 (matched),0,1
1jnu85w,bat_score=0 (matched),0,1
1jmjx1x,bat_score=0 (matched),0,1
1io533y,bat_score=0 (matched),0,1
1p4m0in,bat_score=0 (matched),0,1
1n7ikyq,bat_score=0 (matched),0,1
1j4zrys,bat_score=0 (matched),0,1
1nc4wdl,bat_score=0 (matched),0,1
1m1be7n,bat_score=0 (matched),0,1
1ne18ni,bat_score=0 (matched),0,1
1picbyj,bat_score=0 (matched),0,1
1kjrclk,bat_score=0 (matched),0,1
1i3mxs9,bat_score=0 (matched),0,1
1on8jxd,bat_score=0 (matched),0,1
1nv2w3g,bat_score=0 (matched),0,1
1iou2gf,bat_score=0 (matched),0,1
1l3g5ga,bat_score=0 (matched),0,1
1pbgtj9,bat_score=0 (matched),0,1
1kkbv35,bat_score=0 (matched),0,1
1q0ot5a,bat_score=0 (matched),0,1
1n8fkcg,bat_score=0 (matched),0,1
1j9kj8u,bat_score=0 (matched),0,1
1m45hu3,bat_score=0 (matched),0,1
1mmmgn7,bat_score=0 (matched),0,1
1oepsxb,bat_score=0 (matched),0,1
1nzrqtq,bat_score=0 (matched),0,1
1k623zr,bat_score=0 (matched),0,1
1ow4htt,bat_score=0 (matched),0,1
1n7tfsj,bat_score=0 (matched),0,1
1l1jaa0,bat_score=0 (matched),0,1
1iomt4r,bat_score=0 (matched),0,1
1ic8re6,bat_score=0 (matched),0,1
1n9exy4,bat_score=0 (matched),0,1
1oprzsy,bat_score=0 (matched),0,1
1m0lwz2,bat_score=0 (matched),0,1
1l4jyhp,bat_score=0 (matched),0,1
1jgr1rv,bat_score=0 (matched),0,1
1lgjutj,bat_score=0 (matched),0,1
1ixqf9d,bat_score=0 (matched),0,1
1l3gpet,bat_score=0 (matched),0,1
1og1jl0,bat_score=0 (matched),0,1
1jxjqu3,bat_score=0 (matched),0,1
1l840dn,bat_score=0 (matched),0,1
1itoo0u,bat_score=0 (matched),0,1
1o84mz4,bat_score=0 (matched),0,1
1lzbqjo,bat_score=0 (matched),0,1
1lu4gzm,bat_score=0 (matched),0,1
1mp1bji,bat_score=0 (matched),0,1
1oeea20,bat_score=0 (matched),0,1
1ibv234,bat_score=0 (matched),0,1
1pcgbao,bat_score=0 (matched),0,1
1in46zc,bat_score=0 (matched),0,1
1n2ff0u,bat_score=0 (matched),0,1
1mbhybt,bat_score=0 (matched),0,1
1jm2mha,bat_score=0 (matched),0,1
1jmqvbk,bat_score=0 (matched),0,1
1pf3ys8,bat_score=0 (matched),0,1
1jyuke6,bat_score=0 (matched),0,1
1l7bo5l,bat_score=0 (matched),0,1
1ncr8ax,bat_score=0 (matched),0,1
1p1ptit,bat_score=0 (matched),0,1
1ifwi2l,bat_score=0 (matched),0,1
1n708ox,bat_score=0 (matched),0,1
1jsu36h,bat_score=0 (matched),0,1
1lr1kci,bat_score=0 (matched),0,1
1ibi86m,bat_score=0 (matched),0,1
1icgpn2,bat_score=0 (matched),0,1
1k042gy,bat_score=0 (matched),0,1
1pwizdk,bat_score=0 (matched),0,1
1loymdr,bat_score=0 (matched),0,1
1pxo5ao,bat_score=0 (matched),0,1
1kkjvud,bat_score=0 (matched),0,1
1iz4fvn,bat_score=0 (matched),0,1
1i43hka,bat_score=0 (matched),0,1
1oq8lon,bat_score=0 (matched),0,1
1k1ius4,bat_score=0 (matched),0,1
1ljb05f,bat_score=0 (matched),0,1
1oop6b6,bat_score=0 (matched),0,1
1p5h3ua,bat_score=0 (matched),0,1
1nm159u,bat_score=0 (matched),0,1
1kjtqd0,bat_score=0 (matched),0,1
1m40lsh,bat_score=0 (matched),0,1
1kwyhxi,bat_score=0 (matched),0,1
1i0uax4,bat_score=0 (matched),0,1
1kgxawu,bat_score=0 (matched),0,1
1n4wy5c,bat_score=0 (matched),0,1
1l45e8d,bat_score=0 (matched),0,1
1ijonqd,bat_score=0 (matched),0,1
1jiv6d5,bat_score=0 (matched),0,1
1ki6u3x,bat_score=0 (matched),0,1
1iu85yo,bat_score=0 (matched),0,1
1i1xka9,bat_score=0 (matched),0,1
1jjmlre,bat_score=0 (matched),0,1
1kr5xg8,bat_score=0 (matched),0,1
1oecyr7,bat_score=0 (matched),0,1
1ln1fxf,bat_score=0 (matched),0,1
1i19f6b,bat_score=0 (matched),0,1
1i0e3rh,bat_score=0 (matched),0,1
1jp630x,bat_score=0 (matched),0,1
1i262v8,bat_score=0 (matched),0,1
1jp9dzp,bat_score=0 (matched),0,1
1nd6eli,bat_score=0 (matched),0,1
1j583un,bat_score=0 (matched),0,1
1kz3nsh,bat_score=0 (matched),0,1
1ox4yl9,bat_score=0 (matched),0,1
1lzblqr,bat_score=0 (matched),0,1
1mwvah1,bat_score=0 (matched),0,1
1pr2fhe,bat_score=0 (matched),0,1
1nivdzs,bat_score=0 (matched),0,1
1lne66b,bat_score=0 (matched),0,1
1hvu865,bat_score=0 (matched),0,1
1k6a9ct,bat_score=0 (matched),0,1
1jdcyrl,bat_score=0 (matched),0,1
1ophnd8,bat_score=0 (matched),0,1
1mbbnis,bat_score=0 (matched),0,1
1njalek,bat_score=0 (matched),0,1
1ldnd4i,bat_score=0 (matched),0,1
1n8tpvy,bat_score=0 (matched),0,1
1p7ngxl,bat_score=0 (matched),0,1
1n7y3om,bat_score=0 (matched),0,1
1j52im6,bat_score=0 (matched),0,1
1mx8me0,bat_score=0 (matched),0,1
1ni2n99,bat_score=0 (matched),0,1
1l26egx,bat_score=0 (matched),0,1
1k1hzrp,bat_score=0 (matched),0,1
1l3mxk1,bat_score=0 (matched),0,1
1kiio8z,bat_score=0 (matched),0,1
1p0segb,bat_score=0 (matched),0,1
1nv1tsh,bat_score=0 (matched),0,1
1nk2xyd,bat_score=0 (matched),0,1
1oeb5zg,bat_score=0 (matched),0,1
1kdaabp,bat_score=0 (matched),0,1
1nyeapk,bat_score=0 (matched),0,1
1kzk1uo,bat_score=0 (matched),0,1
1iyp89g,bat_score=0 (matched),0,1
1oyskpx,bat_score=0 (matched),0,1
1o8v55s,bat_score=0 (matched),0,1
1otjphn,bat_score=0 (matched),0,1
1k7iuln,bat_score=0 (matched),0,1
1nipxd5,bat_score=0 (matched),0,1
1miemvd,bat_score=0 (matched),0,1
1ojzo0u,bat_score=0 (matched),0,1
1jlevhl,bat_score=0 (matched),0,1
1i4mgs5,bat_score=0 (matched),0,1
1oetq04,bat_score=0 (matched),0,1
1m6z9ha,bat_score=0 (matched),0,1
1k1j2tu,bat_score=0 (matched),0,1
1j4zj5p,bat_score=0 (matched),0,1
1onll9m,bat_score=0 (matched),0,1
1it062j,bat_score=0 (matched),0,1
1irgm2j,bat_score=0 (matched),0,1
1l4ozfn,bat_score=0 (matched),0,1
1hr4hf0,bat_score=0 (matched),0,1
1jvufpb,bat_score=0 (matched),0,1
1liralk,bat_score=0 (matched),0,1
1nwcsct,bat_score=0 (matched),0,1
1owxn77,bat_score=0 (matched),0,1
1j3fojh,bat_score=0 (matched),0,1
1i2e31n,bat_score=0 (matched),0,1
1pg67l1,bat_score=0 (matched),0,1
1jll6bu,bat_score=0 (matched),0,1
1pyy0q9,bat_score=0 (matched),0,1
1n78llk,bat_score=0 (matched),0,1
1nko5ll,bat_score=0 (matched),0,1
1kbgy4b,bat_score=0 (matched),0,1
1inz0e8,bat_score=0 (matched),0,1
1huorwr,bat_score=0 (matched),0,1
1kikcsl,bat_score=0 (matched),0,1
1k8saep,bat_score=0 (matched),0,1
1jl0zrk,bat_score=0 (matched),0,1
1icv4p6,bat_score=0 (matched),0,1
1nzknof,bat_score=0 (matched),0,1
1jjfx0d,bat_score=0 (matched),0,1
1k1bxq0,bat_score=0 (matched),0,1
1ppn9s5,bat_score=0 (matched),0,1
1kqb2i8,bat_score=0 (matched),0,1
1id4c9q,bat_score=0 (matched),0,1
1mxacyg,bat_score=0 (matched),0,1
1i933ql,bat_score=0 (matched),0,1
1ix9t8e,bat_score=0 (matched),0,1
1jyr6wz,bat_score=0 (matched),0,1
1lkb5y5,bat_score=0 (matched),0,1
1jtx4q0,bat_score=0 (matched),0,1
1lw8b5v,bat_score=0 (matched),0,1
1o6x6m8,bat_score=0 (matched),0,1
1oliq4f,bat_score=0 (matched),0,1
1i85wii,bat_score=0 (matched),0,1
1k04nvq,bat_score=0 (matched),0,1
1isq6s6,bat_score=0 (matched),0,1
1i21mun,bat_score=0 (matched),0,1
1mzxuyz,bat_score=0 (matched),0,1
1nys0uy,bat_score=0 (matched),0,1
1jittbr,bat_score=0 (matched),0,1
1lv0lh4,bat_score=0 (matched),0,1
1lk8nzz,bat_score=0 (matched),0,1
1ohowpg,bat_score=0 (matched),0,1
1i8yfoq,bat_score=0 (matched),0,1
1ih5j0o,bat_score=0 (matched),0,1
1k7256i,bat_score=0 (matched),0,1
1kyxqmt,bat_score=0 (matched),0,1
1k61a7c,bat_score=0 (matched),0,1
1o0atyw,bat_score=0 (matched),0,1
1p0ja1r,bat_score=0 (matched),0,1
1n83evi,bat_score=0 (matched),0,1
1ihcch3,bat_score=0 (matched),0,1
1lg7xts,bat_score=0 (matched),0,1
1lic9mj,bat_score=0 (matched),0,1
1kbm8rd,bat_score=0 (matched),0,1
1je2y6h,bat_score=0 (matched),0,1
1luutmt,bat_score=0 (matched),0,1
1kfmslo,bat_score=0 (matched),0,1
1lhc3jy,bat_score=0 (matched),0,1
1krgctt,bat_score=0 (matched),0,1
1j38jw4,bat_score=0 (matched),0,1
1pucub4,bat_score=0 (matched),0,1
1kc4h18,bat_score=0 (matched),0,1
1igswbx,bat_score=0 (matched),0,1
1nyqmcq,bat_score=0 (matched),0,1
1kxop38,bat_score=0 (matched),0,1
1hvrzoj,bat_score=0 (matched),0,1
1mr6ccu,bat_score=0 (matched),0,1
1ltnw2z,bat_score=0 (matched),0,1
1lkyv4y,bat_score=0 (matched),0,1
1lbflke,bat_score=0 (matched),0,1
1hv3wkc,bat_score=0 (matched),0,1
1oj1d07,bat_score=0 (matched),0,1
1i0a053,bat_score=0 (matched),0,1
1ld3lf4,bat_score=0 (matched),0,1
1jo31fp,bat_score=0 (matched),0,1
1lej0vd,bat_score=0 (matched),0,1
1i2w81y,bat_score=0 (matched),0,1
1n5vqs6,bat_score=0 (matched),0,1
1iol4q3,bat_score=0 (matched),0,1
1krcrmt,bat_score=0 (matched),0,1
1hvh1ti,bat_score=0 (matched),0,1
1oq7uax,bat_score=0 (matched),0,1
1lk10dm,bat_score=0 (matched),0,1
1jw9kd0,bat_score=0 (matched),0,1
1ne3vto,bat_score=0 (matched),0,1
1kwip44,bat_score=0 (matched),0,1
1jvvisj,bat_score=0 (matched),0,1
1liov2i,bat_score=0 (matched),0,1
1knxmsh,bat_score=0 (matched),0,1
1kszwo7,bat_score=0 (matched),0,1
1iz7q8u,bat_score=0 (matched),0,1
1mgfbty,bat_score=0 (matched),0,1
1iskln9,bat_score=0 (matched),0,1
1p27aty,bat_score=0 (matched),0,1
1ih4xkm,bat_score=0 (matched),0,1
1lqes8e,bat_score=0 (matched),0,1
1i5fkvy,bat_score=0 (matched),0,1
1lck7sg,bat_score=0 (matched),0,1
1k4a50r,bat_score=0 (matched),0,1
1jfhgh2,bat_score=0 (matched),0,1
1j8b9k9,bat_score=0 (matched),0,1
1mt5k8o,bat_score=0 (matched),0,1
1jzb7pi,bat_score=0 (matched),0,1
1p81fe8,bat_score=0 (matched),0,1
1jo3vij,bat_score=0 (matched),0,1
1n1ze4u,bat_score=0 (matched),0,1
1md8nxr,bat_score=0 (matched),0,1
1jy6myb,bat_score=0 (matched),0,1
1kis5tf,bat_score=0 (matched),0,1
1oliwp9,bat_score=0 (matched),0,1
1m0crvy,bat_score=0 (matched),0,1
1nzrru9,bat_score=0 (matched),0,1
1i0n8ws,bat_score=0 (matched),0,1
1psvb0i,bat_score=0 (matched),0,1
1oy6yvw,bat_score=0 (matched),0,1
1o1dsxe,bat_score=0 (matched),0,1
1m2j0vy,bat_score=0 (matched),0,1
1i2mf99,bat_score=0 (matched),0,1
1mukfch,bat_score=0 (matched),0,1
1jouzx4,bat_score=0 (matched),0,1
1kbf2wx,bat_score=0 (matched),0,1
1hzibbv,bat_score=0 (matched),0,1
1pl1obc,bat_score=0 (matched),0,1
1mtmap7,bat_score=0 (matched),0,1
1mnglio,bat_score=0 (matched),0,1
1ie5qm3,bat_score=0 (matched),0,1
1o37aca,bat_score=0 (matched),0,1
1irse7a,bat_score=0 (matched),0,1
1m22kin,bat_score=0 (matched),0,1
1kym982,bat_score=0 (matched),0,1
1mes4x4,bat_score=0 (matched),0,1
1pyw1ep,bat_score=0 (matched),0,1
1j5vcwz,bat_score=0 (matched),0,1
1kohpp5,bat_score=0 (matched),0,1
1iutkra,bat_score=0 (matched),0,1
1j7m2j0,bat_score=0 (matched),0,1
1ix5kp5,bat_score=0 (matched),0,1
1kllmzj,bat_score=0 (matched),0,1
1mr1t88,bat_score=0 (matched),0,1
1l0yqcf,bat_score=0 (matched),0,1
1jlzxje,bat_score=0 (matched),0,1
1lpi72a,bat_score=0 (matched),0,1
1lrm6j1,bat_score=0 (matched),0,1
1lkfil5,bat_score=0 (matched),0,1
1o5jxoz,bat_score=0 (matched),0,1
1i8h9bz,bat_score=0 (matched),0,1
1pjrwbu,bat_score=0 (matched),0,1
1npthlp,bat_score=0 (matched),0,1
1nw5kdc,bat_score=0 (matched),0,1
1ii6v8c,bat_score=0 (matched),0,1
1l6txcy,bat_score=0 (matched),0,1
1jarc0l,bat_score=0 (matched),0,1
1i3h1ml,bat_score=0 (matched),0,1
1nml4rs,bat_score=0 (matched),0,1
1ll43hc,bat_score=0 (matched),0,1
1macr6f,bat_score=0 (matched),0,1
1jgijba,bat_score=0 (matched),0,1
1p5on3w,bat_score=0 (matched),0,1
1jz9xhk,bat_score=0 (matched),0,1
1mss6be,bat_score=0 (matched),0,1
1jm99ob,bat_score=0 (matched),0,1
1hy88qu,bat_score=0 (matched),0,1
1l0brhp,bat_score=0 (matched),0,1
1pbd7sb,bat_score=0 (matched),0,1
1l7mo6w,bat_score=0 (matched),0,1
1mlu9wf,bat_score=0 (matched),0,1
1l3uhu4,bat_score=0 (matched),0,1
1ldtlqy,bat_score=0 (matched),0,1
1kd7jib,bat_score=0 (matched),0,1
1oaxzuy,bat_score=0 (matched),0,1
1ndekay,bat_score=0 (matched),0,1
1j8r7ix,bat_score=0 (matched),0,1
1mpxmpm,bat_score=0 (matched),0,1
1nmy8lg,bat_score=0 (matched),0,1
1odl36p,bat_score=0 (matched),0,1
1kltedc,bat_score=0 (matched),0,1
1j07x18,bat_score=0 (matched),0,1
1n1ga6g,bat_score=0 (matched),0,1
1jakftr,bat_score=0 (matched),0,1
1kgkats,bat_score=0 (matched),0,1
1ivls0d,bat_score=0 (matched),0,1
1j56wd1,bat_score=0 (matched),0,1
1jkixj4,bat_score=0 (matched),0,1
1mp6vsm,bat_score=0 (matched),0,1
1kbf5ga,bat_score=0 (matched),0,1
1iyn83y,bat_score=0 (matched),0,1
1j43ls0,bat_score=0 (matched),0,1
1pp5d0k,bat_score=0 (matched),0,1
1nv5c03,bat_score=0 (matched),0,1
1nwp2fj,bat_score=0 (matched),0,1
1ky7q71,bat_score=0 (matched),0,1
1pkxm3t,bat_score=0 (matched),0,1
1md73ae,bat_score=0 (matched),0,1
1k0rmpg,bat_score=0 (matched),0,1
1iyhxmg,bat_score=0 (matched),0,1
1ml086z,bat_score=0 (matched),0,1
1ig1jqo,bat_score=0 (matched),0,1
1kiqb4u,bat_score=0 (matched),0,1
1jv8ya6,bat_score=0 (matched),0,1
1ic4vb1,bat_score=0 (matched),0,1
1nt1rgq,bat_score=0 (matched),0,1
1pm9tke,bat_score=0 (matched),0,1
1m94dfr,bat_score=0 (matched),0,1
1lj8qo4,bat_score=0 (matched),0,1
1n1grg9,bat_score=0 (matched),0,1
1lcyyzp,bat_score=0 (matched),0,1
1jnerfu,bat_score=0 (matched),0,1
1i8yvix,bat_score=0 (matched),0,1
1kfk864,bat_score=0 (matched),0,1
1l2fq7q,bat_score=0 (matched),0,1
1j3cj8d,bat_score=0 (matched),0,1
1j3rjz3,bat_score=0 (matched),0,1
1iz2g03,bat_score=0 (matched),0,1
1ihruf7,bat_score=0 (matched),0,1
1kdn5te,bat_score=0 (matched),0,1
1iy245r,bat_score=0 (matched),0,1
1n1ap05,bat_score=0 (matched),0,1
1lfegn6,bat_score=0 (matched),0,1
1lud48i,bat_score=0 (matched),0,1
1phvdov,bat_score=0 (matched),0,1
1i5hwja,bat_score=0 (matched),0,1
1nhrqup,bat_score=0 (matched),0,1
1ipwqr8,bat_score=0 (matched),0,1
1ojxm82,bat_score=0 (matched),0,1
1oangnu,bat_score=0 (matched),0,1
1o5mhcf,bat_score=0 (matched),0,1
1m5ksr3,bat_score=0 (matched),0,1
1nqcgge,bat_score=0 (matched),0,1
1j95suf,bat_score=0 (matched),0,1
1pkzwz4,bat_score=0 (matched),0,1
1khw2gt,bat_score=0 (matched),0,1
1iqs1mi,bat_score=0 (matched),0,1
1j9jtor,bat_score=0 (matched),0,1
1je3bjw,bat_score=0 (matched),0,1
1j958bp,bat_score=0 (matched),0,1
1j3fyi5,bat_score=0 (matched),0,1
1n8tybo,bat_score=0 (matched),0,1
1o9an7g,bat_score=0 (matched),0,1
1l6m3fh,bat_score=0 (matched),0,1
1mdrcsn,bat_score=0 (matched),0,1
1n3dxeo,bat_score=0 (matched),0,1
1jedd5e,bat_score=0 (matched),0,1
1lr53jj,bat_score=0 (matched),0,1
1j5457o,bat_score=0 (matched),0,1
1jkwt14,bat_score=0 (matched),0,1
1i0gan5,bat_score=0 (matched),0,1
1mqisnt,bat_score=0 (matched),0,1
1i27g36,bat_score=0 (matched),0,1
1i26syh,bat_score=0 (matched),0,1
1pc03nz,bat_score=0 (matched),0,1
1mjadcf,bat_score=0 (matched),0,1
1nr7l0d,bat_score=0 (matched),0,1
1lzixj5,bat_score=0 (matched),0,1
1peu486,bat_score=0 (matched),0,1
1lu4ess,bat_score=0 (matched),0,1
1kosb5z,bat_score=0 (matched),0,1
1kh5nim,bat_score=0 (matched),0,1
1oqlvsi,bat_score=0 (matched),0,1
1htv4v0,bat_score=0 (matched),0,1
1obg87v,bat_score=0 (matched),0,1
1k7rmx1,bat_score=0 (matched),0,1
1ph0gmo,bat_score=0 (matched),0,1
1p7gmq4,bat_score=0 (matched),0,1
1i0nphr,bat_score=0 (matched),0,1
1oiyk9t,bat_score=0 (matched),0,1
1leu2pq,bat_score=0 (matched),0,1
1i6lep8,bat_score=0 (matched),0,1
1lp2atf,bat_score=0 (matched),0,1
1jz97mg,bat_score=0 (matched),0,1
1jlcfpk,bat_score=0 (matched),0,1
1kubuip,bat_score=0 (matched),0,1
1jfl536,bat_score=0 (matched),0,1
1kbi3xq,bat_score=0 (matched),0,1
1pi462w,bat_score=0 (matched),0,1
1p4dptn,bat_score=0 (matched),0,1
1jlccmq,bat_score=0 (matched),0,1
1i0mfte,bat_score=0 (matched),0,1
1jvwcrl,bat_score=0 (matched),0,1
1laa29r,bat_score=0 (matched),0,1
1id200f,bat_score=0 (matched),0,1
1ovqi8n,bat_score=0 (matched),0,1
1oh9qc9,bat_score=0 (matched),0,1
1hzcln9,bat_score=0 (matched),0,1
1lilk2q,bat_score=0 (matched),0,1
1in9osf,bat_score=0 (matched),0,1
1l8rs2d,bat_score=0 (matched),0,1
1ksjr5p,bat_score=0 (matched),0,1
1ioqyu2,bat_score=0 (matched),0,1
1m5bpkq,bat_score=0 (matched),0,1
1pu358q,bat_score=0 (matched),0,1
1o03877,bat_score=0 (matched),0,1
1ofnxck,bat_score=0 (matched),0,1
1i2qdia,bat_score=0 (matched),0,1
1ox7o3h,bat_score=0 (matched),0,1
1kqc8bk,bat_score=0 (matched),0,1
1pnd33g,bat_score=0 (matched),0,1
1pvlk97,bat_score=0 (matched),0,1
1l70g4u,bat_score=0 (matched),0,1
1oj8k2o,bat_score=0 (matched),0,1
1n48oby,bat_score=0 (matched),0,1
1hs8h5z,bat_score=0 (matched),0,1
1ixdix9,bat_score=0 (matched),0,1
1jwf008,bat_score=0 (matched),0,1
1pfbmsj,bat_score=0 (matched),0,1
1mbjqbs,bat_score=0 (matched),0,1
1ip8e1t,bat_score=0 (matched),0,1
1jvh0fs,bat_score=0 (matched),0,1
1lt3ua7,bat_score=0 (matched),0,1
1idxtfs,bat_score=0 (matched),0,1
1ncul0u,bat_score=0 (matched),0,1
1ijob5o,bat_score=0 (matched),0,1
1olm8lt,bat_score=0 (matched),0,1
1l9xfky,bat_score=0 (matched),0,1
1nukjtw,bat_score=0 (matched),0,1
1mjs2x4,bat_score=0 (matched),0,1
1nbxpmv,bat_score=0 (matched),0,1
1k7g5uk,bat_score=0 (matched),0,1
1jlgjp9,bat_score=0 (matched),0,1
1mjb4qo,bat_score=0 (matched),0,1
1kpu580,bat_score=0 (matched),0,1
1kwbh2f,bat_score=0 (matched),0,1
1ovnane,bat_score=0 (matched),0,1
1j4etht,bat_score=0 (matched),0,1
1pxx56x,bat_score=0 (matched),0,1
1opa3hj,bat_score=0 (matched),0,1
1lk36ks,bat_score=0 (matched),0,1
1peb12z,bat_score=0 (matched),0,1
1i1bp9k,bat_score=0 (matched),0,1
1l51jw2,bat_score=0 (matched),0,1
1jpw3xo,bat_score=0 (matched),0,1
1oir17t,bat_score=0 (matched),0,1
1m1lxyz,bat_score=0 (matched),0,1
1jb9dyh,bat_score=0 (matched),0,1
1k6wg7c,bat_score=0 (matched),0,1
1je9z7i,bat_score=0 (matched),0,1
1nrhx0i,bat_score=0 (matched),0,1
1jb747r,bat_score=0 (matched),0,1
1jdkrel,bat_score=0 (matched),0,1
1hwk33i,bat_score=0 (matched),0,1
1nubaaq,bat_score=0 (matched),0,1
1j2ol3i,bat_score=0 (matched),0,1
1jtw5e7,bat_score=0 (matched),0,1
1jape3i,bat_score=0 (matched),0,1
1jwv0h5,bat_score=0 (matched),0,1
1lduksk,bat_score=0 (matched),0,1
1me9leo,bat_score=0 (matched),0,1
1id7t8z,bat_score=0 (matched),0,1
1l7ffzn,bat_score=0 (matched),0,1
1ml67sy,bat_score=0 (matched),0,1
1jo58la,bat_score=0 (matched),0,1
1kxayjc,bat_score=0 (matched),0,1
1jote9n,bat_score=0 (matched),0,1
1kwtj0q,bat_score=0 (matched),0,1
1l2gokj,bat_score=0 (matched),0,1
1jiq1jm,bat_score=0 (matched),0,1
1nm3xog,bat_score=0 (matched),0,1
1o699u5,bat_score=0 (matched),0,1
1lcnd4f,bat_score=0 (matched),0,1
1ldjxqh,bat_score=0 (matched),0,1
1i0d6uh,bat_score=0 (matched),0,1
1mwbc9g,bat_score=0 (matched),0,1
1pbpp1y,bat_score=0 (matched),0,1
1ptb4c6,bat_score=0 (matched),0,1
1krdz1i,bat_score=0 (matched),0,1
1mvtc6a,bat_score=0 (matched),0,1
1nv3fm4,bat_score=0 (matched),0,1
1o4rgux,bat_score=0 (matched),0,1
1jwtdzf,bat_score=0 (matched),0,1
1lorkbc,bat_score=0 (matched),0,1
1lvqv04,bat_score=0 (matched),0,1
1kjbjqg,bat_score=0 (matched),0,1
1mdohpq,bat_score=0 (matched),0,1
1mi4ok3,bat_score=0 (matched),0,1
1mj3xn9,bat_score=0 (matched),0,1
1kfluqu,bat_score=0 (matched),0,1
1p2cq4z,bat_score=0 (matched),0,1
1leyuu8,bat_score=0 (matched),0,1
1nptx2n,bat_score=0 (matched),0,1
1pxxvkn,bat_score=0 (matched),0,1
1hspuzi,bat_score=0 (matched),0,1
1p0jwzm,bat_score=0 (matched),0,1
1ja30om,bat_score=0 (matched),0,1
1j39fmo,bat_score=0 (matched),0,1
1pk01fw,bat_score=0 (matched),0,1
1ks2dg7,bat_score=0 (matched),0,1
1j2xna6,bat_score=0 (matched),0,1
1lf9qa0,bat_score=0 (matched),0,1
1lup46w,bat_score=0 (matched),0,1
1ldaoj8,bat_score=0 (matched),0,1
1jw1oni,bat_score=0 (matched),0,1
1lf7mb0,bat_score=0 (matched),0,1
1l74ez8,bat_score=0 (matched),0,1
1nw2r4q,bat_score=0 (matched),0,1
1ioee6p,bat_score=0 (matched),0,1
1js4her,bat_score=0 (matched),0,1
1l1a0f6,bat_score=0 (matched),0,1
1m2u4ns,bat_score=0 (matched),0,1
1ptt8y9,bat_score=0 (matched),0,1
1j26y4g,bat_score=0 (matched),0,1
1jbgsuv,bat_score=0 (matched),0,1
1onnnpj,bat_score=0 (matched),0,1
1on8ssi,bat_score=0 (matched),0,1
1i87ayu,bat_score=0 (matched),0,1
1l9s3nu,bat_score=0 (matched),0,1
1icvfzs,bat_score=0 (matched),0,1
1kba5s8,bat_score=0 (matched),0,1
1pcc7io,bat_score=0 (matched),0,1
1o96w3c,bat_score=0 (matched),0,1
1pd7j1g,bat_score=0 (matched),0,1
1ltrkvv,bat_score=0 (matched),0,1
1lomb81,bat_score=0 (matched),0,1
1k4t0v6,bat_score=0 (matched),0,1
1jdoo3a,bat_score=0 (matched),0,1
1j2ge3f,bat_score=0 (matched),0,1
1msgk38,bat_score=0 (matched),0,1
1ihsgks,bat_score=0 (matched),0,1
1ic4p45,bat_score=0 (matched),0,1
1jvcbjh,bat_score=0 (matched),0,1
1j31cbu,bat_score=0 (matched),0,1
1jum084,bat_score=0 (matched),0,1
1n8ni3u,bat_score=0 (matched),0,1
1lcz9iw,bat_score=0 (matched),0,1
1nvak9r,bat_score=0 (matched),0,1
1ocinl7,bat_score=0 (matched),0,1
1nsugr2,bat_score=0 (matched),0,1
1o8ohn4,bat_score=0 (matched),0,1
1ncun84,bat_score=0 (matched),0,1
1o0hihl,bat_score=0 (matched),0,1
1lqudbk,bat_score=0 (matched),0,1
1og0pq2,bat_score=0 (matched),0,1
1j4fbaj,bat_score=0 (matched),0,1
1jpkuv4,bat_score=0 (matched),0,1
1n5ggom,bat_score=0 (matched),0,1
1i42zwi,bat_score=0 (matched),0,1
1o0432r,bat_score=0 (matched),0,1
1je87ms,bat_score=0 (matched),0,1
1krvv5x,bat_score=0 (matched),0,1
1if2gcq,bat_score=0 (matched),0,1
1jocmfc,bat_score=0 (matched),0,1
1pr22zz,bat_score=0 (matched),0,1
1m3a1uj,bat_score=0 (matched),0,1
1jntc8l,bat_score=0 (matched),0,1
1nkxzwj,bat_score=0 (matched),0,1
1nkyh45,bat_score=0 (matched),0,1
1pi9syf,bat_score=0 (matched),0,1
1j8vzxe,bat_score=0 (matched),0,1
1ij3h99,bat_score=0 (matched),0,1
1pcll3h,bat_score=0 (matched),0,1
1irm0jj,bat_score=0 (matched),0,1
1lbbdoy,bat_score=0 (matched),0,1
1jlvq0h,bat_score=0 (matched),0,1
1mfaj3x,bat_score=0 (matched),0,1
1jrrf85,bat_score=0 (matched),0,1
1mxgom8,bat_score=0 (matched),0,1
1ljkyye,bat_score=0 (matched),0,1
1mmsqug,bat_score=0 (matched),0,1
1id3kdn,bat_score=0 (matched),0,1
1l37tbo,bat_score=0 (matched),0,1
1ohpotm,bat_score=0 (matched),0,1
1i8fukq,bat_score=0 (matched),0,1
1opzbot,bat_score=0 (matched),0,1
1n2byrh,bat_score=0 (matched),0,1
1kamhio,bat_score=0 (matched),0,1
1jusudh,bat_score=0 (matched),0,1
1md2l49,bat_score=0 (matched),0,1
1pw8x7h,bat_score=0 (matched),0,1
1n8ix0l,bat_score=0 (matched),0,1
1orxeb3,bat_score=0 (matched),0,1
1kh662h,bat_score=0 (matched),0,1
1mntcq1,bat_score=0 (matched),0,1
1jyzcjh,bat_score=0 (matched),0,1
1i4fiyb,bat_score=0 (matched),0,1
1p85cf2,bat_score=0 (matched),0,1
1nec3j8,bat_score=0 (matched),0,1
1lgzzbo,bat_score=0 (matched),0,1
1nrz44a,bat_score=0 (matched),0,1
1po659z,bat_score=0 (matched),0,1
1jw1nry,bat_score=0 (matched),0,1
1jvc0ox,bat_score=0 (matched),0,1
1pk951f,bat_score=0 (matched),0,1
1jj1c5g,bat_score=0 (matched),0,1
1ncj0hk,bat_score=0 (matched),0,1
1oqsa8i,bat_score=0 (matched),0,1
1pi0fps,bat_score=0 (matched),0,1
1lqksig,bat_score=0 (matched),0,1
1o27yrk,bat_score=0 (matched),0,1
1mea6hf,bat_score=0 (matched),0,1
1kpt91g,bat_score=0 (matched),0,1
1kcbcdv,bat_score=0 (matched),0,1
1izljav,bat_score=0 (matched),0,1
1p1z1y1,bat_score=0 (matched),0,1
1hzkv91,bat_score=0 (matched),0,1
1ije962,bat_score=0 (matched),0,1
1kr7zvt,bat_score=0 (matched),0,1
1hyv7cl,bat_score=0 (matched),0,1
1hxfwlx,bat_score=0 (matched),0,1
1o957p0,bat_score=0 (matched),0,1
1l6cqty,bat_score=0 (matched),0,1
1ih3kww,bat_score=0 (matched),0,1
1o0nbi2,bat_score=0 (matched),0,1
1k5ha6y,bat_score=0 (matched),0,1
1i4wr9v,bat_score=0 (matched),0,1
1muqhmp,bat_score=0 (matched),0,1
1i7gyv6,bat_score=0 (matched),0,1
1mkxvwl,bat_score=0 (matched),0,1
1owe11c,bat_score=0 (matched),0,1
1jf4r8l,bat_score=0 (matched),0,1
1ij11h2,bat_score=0 (matched),0,1
1j0yh25,bat_score=0 (matched),0,1
1n93t9k,bat_score=0 (matched),0,1
1kbgpxy,bat_score=0 (matched),0,1
1ox14fe,bat_score=0 (matched),0,1
1ozs2a2,bat_score=0 (matched),0,1
1jbfr2s,bat_score=0 (matched),0,1
1j7z6w0,bat_score=0 (matched),0,1
1k1rzzj,bat_score=0 (matched),0,1
1lltpnr,bat_score=0 (matched),0,1
1k24zql,bat_score=0 (matched),0,1
1n3ddbd,bat_score=0 (matched),0,1
1jv9vxt,bat_score=0 (matched),0,1
1mtpfvh,bat_score=0 (matched),0,1
1j3bxys,bat_score=0 (matched),0,1
1mdl1zx,bat_score=0 (matched),0,1
1it5dsp,bat_score=0 (matched),0,1
1my5ryj,bat_score=0 (matched),0,1
1oibmyj,bat_score=0 (matched),0,1
1im6tb9,bat_score=0 (matched),0,1
1pjw5r2,bat_score=0 (matched),0,1
1opvf5y,bat_score=0 (matched),0,1
1pnvte5,bat_score=0 (matched),0,1
1kh4gy7,bat_score=0 (matched),0,1
1kogque,bat_score=0 (matched),0,1
1llexqh,bat_score=0 (matched),0,1
1ojdj9w,bat_score=0 (matched),0,1
1mvq2pv,bat_score=0 (matched),0,1
1ohdboo,bat_score=0 (matched),0,1
1jvxmxr,bat_score=0 (matched),0,1
1j4z7cv,bat_score=0 (matched),0,1
1l9x8rc,bat_score=0 (matched),0,1
1norpd1,bat_score=0 (matched),0,1
1og4gb7,bat_score=0 (matched),0,1
1pg4nq4,bat_score=0 (matched),0,1
1m1heiq,bat_score=0 (matched),0,1
1juapop,bat_score=0 (matched),0,1
1l1wqzu,bat_score=0 (matched),0,1
1jzy5dm,bat_score=0 (matched),0,1
1nox18i,bat_score=0 (matched),0,1
1jm10w9,bat_score=0 (matched),0,1
1hv9qgd,bat_score=0 (matched),0,1
1mnei2u,bat_score=0 (matched),0,1
1lfea26,bat_score=0 (matched),0,1
1i5xcv1,bat_score=0 (matched),0,1
1iteitt,bat_score=0 (matched),0,1
1io6oqc,bat_score=0 (matched),0,1
1pqn32c,bat_score=0 (matched),0,1
1mdgrvy,bat_score=0 (matched),0,1
1oxmk62,bat_score=0 (matched),0,1
1n7u55u,bat_score=0 (matched),0,1
1lcm0ho,bat_score=0 (matched),0,1
1mo0olf,bat_score=0 (matched),0,1
1o3f9xp,bat_score=0 (matched),0,1
1pku9g0,bat_score=0 (matched),0,1
1n4574x,bat_score=0 (matched),0,1
1oinjxo,bat_score=0 (matched),0,1
1lk11jq,bat_score=0 (matched),0,1
1l33zi4,bat_score=0 (matched),0,1
1jw66z9,bat_score=0 (matched),0,1
1jglmhl,bat_score=0 (matched),0,1
1p0e1y9,bat_score=0 (matched),0,1
1picgct,bat_score=0 (matched),0,1
1oorim0,bat_score=0 (matched),0,1
1ny28t6,bat_score=0 (matched),0,1
1jtnqlx,bat_score=0 (matched),0,1
1knorkn,bat_score=0 (matched),0,1
1k6fk3t,bat_score=0 (matched),0,1
1mhegw6,bat_score=0 (matched),0,1
1o8ikw2,bat_score=0 (matched),0,1
1onxhxj,bat_score=0 (matched),0,1
1hs1jmw,bat_score=0 (matched),0,1
1o7ilvk,bat_score=0 (matched),0,1
1jltwof,bat_score=0 (matched),0,1
1ixukk3,bat_score=0 (matched),0,1
1j0bdwn,bat_score=0 (matched),0,1
1nv9xzm,bat_score=0 (matched),0,1
1jp83zk,bat_score=0 (matched),0,1
1i5l3ka,bat_score=0 (matched),0,1
1jfkxe6,bat_score=0 (matched),0,1
1jrgbhr,bat_score=0 (matched),0,1
1mulf71,bat_score=0 (matched),0,1
1hxinmt,bat_score=0 (matched),0,1
1k3ftq3,bat_score=0 (matched),0,1
1j7ceh4,bat_score=0 (matched),0,1
1hvaorp,bat_score=0 (matched),0,1
1jgxbx7,bat_score=0 (matched),0,1
1j0jc7t,bat_score=0 (matched),0,1
1m8iiva,bat_score=0 (matched),0,1
1o22i8u,bat_score=0 (matched),0,1
1me8bnq,bat_score=0 (matched),0,1
1niil81,bat_score=0 (matched),0,1
1jeh4s3,bat_score=0 (matched),0,1
1p9yeiq,bat_score=0 (matched),0,1
1mclg3d,bat_score=0 (matched),0,1
1kl2e56,bat_score=0 (matched),0,1
1ig2x60,bat_score=0 (matched),0,1
1mvmunc,bat_score=0 (matched),0,1
1jqwz6g,bat_score=0 (matched),0,1
1oho870,bat_score=0 (matched),0,1
1jnzlkp,bat_score=0 (matched),0,1
1inoq3p,bat_score=0 (matched),0,1
1mk51s3,bat_score=0 (matched),0,1
1oo4ca6,bat_score=0 (matched),0,1
1porpu3,bat_score=0 (matched),0,1
1j5jpj3,bat_score=0 (matched),0,1
1jdj6tb,bat_score=0 (matched),0,1
1nbt6qi,bat_score=0 (matched),0,1
1n62neh,bat_score=0 (matched),0,1
1kk29sw,bat_score=0 (matched),0,1
1k0saks,bat_score=0 (matched),0,1
1mil1ss,bat_score=0 (matched),0,1
1iredkm,bat_score=0 (matched),0,1
1jzun3g,bat_score=0 (matched),0,1
1o1al36,bat_score=0 (matched),0,1
1i5rdw3,bat_score=0 (matched),0,1
1kdpzn0,bat_score=0 (matched),0,1
1j94x30,bat_score=0 (matched),0,1
1op62rk,bat_score=0 (matched),0,1
1m0i4j8,bat_score=0 (matched),0,1
1iz7k27,bat_score=0 (matched),0,1
1k6ro5b,bat_score=0 (matched),0,1
1kpbj3m,bat_score=0 (matched),0,1
1lcvi1b,bat_score=0 (matched),0,1
1lao8v2,bat_score=0 (matched),0,1
1hrbawp,bat_score=0 (matched),0,1
1lov7zg,bat_score=0 (matched),0,1
1ij879u,bat_score=0 (matched),0,1
1loi13u,bat_score=0 (matched),0,1
1oumhp6,bat_score=0 (matched),0,1
1i89zxc,bat_score=0 (matched),0,1
1pccy4n,bat_score=0 (matched),0,1
1owyoi4,bat_score=0 (matched),0,1
1i8gsac,bat_score=0 (matched),0,1
1i8g853,bat_score=0 (matched),0,1
1k1b3p6,bat_score=0 (matched),0,1
1nntghi,bat_score=0 (matched),0,1
1kkiviw,bat_score=0 (matched),0,1
1huzwxc,bat_score=0 (matched),0,1
1pfzp5k,bat_score=0 (matched),0,1
1m0ug84,bat_score=0 (matched),0,1
1j8tbby,bat_score=0 (matched),0,1
1pif33j,bat_score=0 (matched),0,1
1p6j5rr,bat_score=0 (matched),0,1
1i3gql4,bat_score=0 (matched),0,1
1kndru0,bat_score=0 (matched),0,1
1jwztks,bat_score=0 (matched),0,1
1p23yjb,bat_score=0 (matched),0,1
1iiccep,bat_score=0 (matched),0,1
1ix3ngg,bat_score=0 (matched),0,1
1ohfrrg,bat_score=0 (matched),0,1
1ndlspe,bat_score=0 (matched),0,1
1nqcpe8,bat_score=0 (matched),0,1
1ii6n08,bat_score=0 (matched),0,1
1inz365,bat_score=0 (matched),0,1
1lei2ak,bat_score=0 (matched),0,1
1ksoef6,bat_score=0 (matched),0,1
1l08erp,bat_score=0 (matched),0,1
1jrg7e7,bat_score=0 (matched),0,1
1hz5lzo,bat_score=0 (matched),0,1
1lr5ua9,bat_score=0 (matched),0,1
1lg5dps,bat_score=0 (matched),0,1
1kjpwhd,bat_score=0 (matched),0,1
1m1as2h,bat_score=0 (matched),0,1
1jqfo1e,bat_score=0 (matched),0,1
1jughxq,bat_score=0 (matched),0,1
1i1phhw,bat_score=0 (matched),0,1
1ib99h8,bat_score=0 (matched),0,1
1klzj5a,bat_score=0 (matched),0,1
1kaqzx8,bat_score=0 (matched),0,1
1nzkeok,bat_score=0 (matched),0,1
1ol2do2,bat_score=0 (matched),0,1
1n2ct7n,bat_score=0 (matched),0,1
1nx6rix,bat_score=0 (matched),0,1
1igqdre,bat_score=0 (matched),0,1
1l4fyah,bat_score=0 (matched),0,1
1jtgnre,bat_score=0 (matched),0,1
1jso8ek,bat_score=0 (matched),0,1
1njuyas,bat_score=0 (matched),0,1
1kb43co,bat_score=0 (matched),0,1
1m78bn9,bat_score=0 (matched),0,1
1m78fot,bat_score=0 (matched),0,1
1lr129s,bat_score=0 (matched),0,1
1ohlgtj,bat_score=0 (matched),0,1
1joimj6,bat_score=0 (matched),0,1
1l8zthu,bat_score=0 (matched),0,1
1o2xt9z,bat_score=0 (matched),0,1
1i235hb,bat_score=0 (matched),0,1
1m7g71l,bat_score=0 (matched),0,1
1mur0nm,bat_score=0 (matched),0,1
1n3lzec,bat_score=0 (matched),0,1
1muijaz,bat_score=0 (matched),0,1
1kq7f3q,bat_score=0 (matched),0,1
1ml66c3,bat_score=0 (matched),0,1
1jy17gv,bat_score=0 (matched),0,1
1jjl6f1,bat_score=0 (matched),0,1
1l3chxe,bat_score=0 (matched),0,1
1nw327x,bat_score=0 (matched),0,1
1rm819u,bat_score=0 (matched),0,1
1s973gg,bat_score=0 (matched),0,1
1se95yl,bat_score=0 (matched),0,1
1s8lwn6,bat_score=0 (matched),0,1
1sbdw29,bat_score=0 (matched),0,1
1skl7mv,bat_score=0 (matched),0,1
1sgy6hx,bat_score=0 (matched),0,1
1ryjc2r,bat_score=0 (matched),0,1
1qho7m7,bat_score=0 (matched),0,1
1s8r4dc,bat_score=0 (matched),0,1
1r1fbev,bat_score=0 (matched),0,1
1q86kpl,bat_score=0 (matched),0,1
1querhy,bat_score=0 (matched),0,1
1si2fke,bat_score=0 (matched),0,1
1q5mnwg,bat_score=0 (matched),0,1
1sepbv8,bat_score=0 (matched),0,1
1sbbstd,bat_score=0 (matched),0,1
1sdn4sq,bat_score=0 (matched),0,1
1qq0ujl,bat_score=0 (matched),0,1
1qvzrv7,bat_score=0 (matched),0,1
1rjuf3i,bat_score=0 (matched),0,1
1qmw2rr,bat_score=0 (matched),0,1
1q5qy6x,bat_score=0 (matched),0,1
1rfl1qm,bat_score=0 (matched),0,1
1qptyhe,bat_score=0 (matched),0,1
1riu0lv,bat_score=0 (matched),0,1
1qd3cfg,bat_score=0 (matched),0,1
1qt9xj9,bat_score=0 (matched),0,1
1qntiv9,bat_score=0 (matched),0,1
1rd7zn5,bat_score=0 (matched),0,1
1qx1vyf,bat_score=0 (matched),0,1
1s3zy3y,bat_score=0 (matched),0,1
1rs3k8x,bat_score=0 (matched),0,1
1qyklnn,bat_score=0 (matched),0,1
1rvh9qo,bat_score=0 (matched),0,1
1qtz0tj,bat_score=0 (matched),0,1
1rr45ee,bat_score=0 (matched),0,1
1rw6dc1,bat_score=0 (matched),0,1
1sm5h13,bat_score=0 (matched),0,1
1ssk27h,bat_score=0 (matched),0,1
1qsw0o8,bat_score=0 (matched),0,1
1sog6k4,bat_score=0 (matched),0,1
1rq13td,bat_score=0 (matched),0,1
1srit3o,bat_score=0 (matched),0,1
1rd3o60,bat_score=0 (matched),0,1
1sgn5wh,bat_score=0 (matched),0,1
1rxa77x,bat_score=0 (matched),0,1
1qkqqdf,bat_score=0 (matched),0,1
1ru6npw,bat_score=0 (matched),0,1
1scyx1f,bat_score=0 (matched),0,1
1rq2xcj,bat_score=0 (matched),0,1
1qh6xhl,bat_score=0 (matched),0,1
1qup9fi,bat_score=0 (matched),0,1
1rhi0ji,bat_score=0 (matched),0,1
1slikdf,bat_score=0 (matched),0,1
1q9gm3d,bat_score=0 (matched),0,1
1sfspgr,bat_score=0 (matched),0,1
1sdy9l8,bat_score=0 (matched),0,1
1r84hlo,bat_score=0 (matched),0,1
1qq9mcp,bat_score=0 (matched),0,1
1rheqen,bat_score=0 (matched),0,1
1scxsnn,bat_score=0 (matched),0,1
1qcmm8y,bat_score=0 (matched),0,1
1r09b89,bat_score=0 (matched),0,1
1rg4xnm,bat_score=0 (matched),0,1
1sglyrr,bat_score=0 (matched),0,1
1qzzirl,bat_score=0 (matched),0,1
1r3zil1,bat_score=0 (matched),0,1
1r7il4z,bat_score=0 (matched),0,1
1rea6l2,bat_score=0 (matched),0,1
1qpt2ne,bat_score=0 (matched),0,1
1s9shlw,bat_score=0 (matched),0,1
1r7y7y7,bat_score=0 (matched),0,1
1rv9xcb,bat_score=0 (matched),0,1
1qdux47,bat_score=0 (matched),0,1
1qitbyv,bat_score=0 (matched),0,1
1qkina8,bat_score=0 (matched),0,1
1stzj7l,bat_score=0 (matched),0,1
1se80j4,bat_score=0 (matched),0,1
1sffpy1,bat_score=0 (matched),0,1
1qqfbwd,bat_score=0 (matched),0,1
1sf1i6u,bat_score=0 (matched),0,1
1s5uiwa,bat_score=0 (matched),0,1
1q4hllk,bat_score=0 (matched),0,1
1srk0qr,bat_score=0 (matched),0,1
1s5lv5f,bat_score=0 (matched),0,1
1rsxnrp,bat_score=0 (matched),0,1
1q9hp33,bat_score=0 (matched),0,1
1styrxx,bat_score=0 (matched),0,1
1slulhy,bat_score=0 (matched),0,1
1si0hb7,bat_score=0 (matched),0,1
1s41aup,bat_score=0 (matched),0,1
1qyigzs,bat_score=0 (matched),0,1
1ro5w91,bat_score=0 (matched),0,1
1qzxlml,bat_score=0 (matched),0,1
1qj0pwg,bat_score=0 (matched),0,1
1sow397,bat_score=0 (matched),0,1
1rp0l4r,bat_score=0 (matched),0,1
1s822d5,bat_score=0 (matched),0,1
1rqpy0s,bat_score=0 (matched),0,1
1rdotef,bat_score=0 (matched),0,1
1qkmu8h,bat_score=0 (matched),0,1
1rc8skx,bat_score=0 (matched),0,1
1re1jn8,bat_score=0 (matched),0,1
1ryc3zs,bat_score=0 (matched),0,1
1qv278a,bat_score=0 (matched),0,1
1q4vmu0,bat_score=0 (matched),0,1
1rgn1fi,bat_score=0 (matched),0,1
1qd1tq3,bat_score=0 (matched),0,1
1s2srzn,bat_score=0 (matched),0,1
1qg7xad,bat_score=0 (matched),0,1
1rc8op0,bat_score=0 (matched),0,1
1rk6ghe,bat_score=0 (matched),0,1
1srq36d,bat_score=0 (matched),0,1
1r3myep,bat_score=0 (matched),0,1
1rf88eg,bat_score=0 (matched),0,1
1rckgyq,bat_score=0 (matched),0,1
1qzobcn,bat_score=0 (matched),0,1
1rjmepn,bat_score=0 (matched),0,1
1rpyksz,bat_score=0 (matched),0,1
1rwhsow,bat_score=0 (matched),0,1
1qdj62t,bat_score=0 (matched),0,1
1rem924,bat_score=0 (matched),0,1
1qdptu0,bat_score=0 (matched),0,1
1s3za0h,bat_score=0 (matched),0,1
1rly0r6,bat_score=0 (matched),0,1
1rpy7nz,bat_score=0 (matched),0,1
1qp45d5,bat_score=0 (matched),0,1
1q6qbt3,bat_score=0 (matched),0,1
1rfdpfv,bat_score=0 (matched),0,1
1rzoyp7,bat_score=0 (matched),0,1
1ste711,bat_score=0 (matched),0,1
1qemp4m,bat_score=0 (matched),0,1
1rx1u7h,bat_score=0 (matched),0,1
1qky6jc,bat_score=0 (matched),0,1
1qiav2j,bat_score=0 (matched),0,1
1rxw9ms,bat_score=0 (matched),0,1
1qwioq6,bat_score=0 (matched),0,1
1sb2z7p,bat_score=0 (matched),0,1
1sr5msj,bat_score=0 (matched),0,1
1qltx4k,bat_score=0 (matched),0,1
1q8dro4,bat_score=0 (matched),0,1
1s2gaxw,bat_score=0 (matched),0,1
1rjeu2z,bat_score=0 (matched),0,1
1rtfz34,bat_score=0 (matched),0,1
1qk8yth,bat_score=0 (matched),0,1
1sejy0j,bat_score=0 (matched),0,1
1rxdoiw,bat_score=0 (matched),0,1
1rg624n,bat_score=0 (matched),0,1
1qypzhg,bat_score=0 (matched),0,1
1q5apxv,bat_score=0 (matched),0,1
1q380kk,bat_score=0 (matched),0,1
1rxkcoh,bat_score=0 (matched),0,1
1re5awx,bat_score=0 (matched),0,1
1stbdlr,bat_score=0 (matched),0,1
1souvkj,bat_score=0 (matched),0,1
1so6v8s,bat_score=0 (matched),0,1
1rs4exi,bat_score=0 (matched),0,1
1r4t9fu,bat_score=0 (matched),0,1
1rcawkt,bat_score=0 (matched),0,1
1rimsc1,bat_score=0 (matched),0,1
1s3enq1,bat_score=0 (matched),0,1
1qbo3k1,bat_score=0 (matched),0,1
1r313wo,bat_score=0 (matched),0,1
1smz5av,bat_score=0 (matched),0,1
1rkqwv8,bat_score=0 (matched),0,1
1r2onm6,bat_score=0 (matched),0,1
1re5594,bat_score=0 (matched),0,1
1qse46o,bat_score=0 (matched),0,1
1qba093,bat_score=0 (matched),0,1
1r9y1f2,bat_score=0 (matched),0,1
1q7cbnv,bat_score=0 (matched),0,1
1rkv52f,bat_score=0 (matched),0,1
1q9scxn,bat_score=0 (matched),0,1
1qbmi1c,bat_score=0 (matched),0,1
1sfyuf3,bat_score=0 (matched),0,1
1rklrhf,bat_score=0 (matched),0,1
1q87eaf,bat_score=0 (matched),0,1
1skaa5u,bat_score=0 (matched),0,1
1sluhjh,bat_score=0 (matched),0,1
1sqos28,bat_score=0 (matched),0,1
1s8ujwb,bat_score=0 (matched),0,1
1rx6oap,bat_score=0 (matched),0,1
1r9fsl1,bat_score=0 (matched),0,1
1seyik2,bat_score=0 (matched),0,1
1shaktp,bat_score=0 (matched),0,1
1q8e9ah,bat_score=0 (matched),0,1
1qqbi76,bat_score=0 (matched),0,1
1q8h9p1,bat_score=0 (matched),0,1
1q92c1l,bat_score=0 (matched),0,1
1qtqg91,bat_score=0 (matched),0,1
1sjzxw9,bat_score=0 (matched),0,1
1qnmnzh,bat_score=0 (matched),0,1
1rggb0s,bat_score=0 (matched),0,1
1q3zg7g,bat_score=0 (matched),0,1
1r45ulm,bat_score=0 (matched),0,1
1qk042q,bat_score=0 (matched),0,1
1qc462w,bat_score=0 (matched),0,1
1qcn8m6,bat_score=0 (matched),0,1
1rojle0,bat_score=0 (matched),0,1
1qevpqc,bat_score=0 (matched),0,1
1rz1gnv,bat_score=0 (matched),0,1
1slgqhi,bat_score=0 (matched),0,1
1qkr5kz,bat_score=0 (matched),0,1
1smjcm5,bat_score=0 (matched),0,1
1rkfedd,bat_score=0 (matched),0,1
1sguzx7,bat_score=0 (matched),0,1
1qh5qwx,bat_score=0 (matched),0,1
1rrnbib,bat_score=0 (matched),0,1
1r8din6,bat_score=0 (matched),0,1
1rw0lx1,bat_score=0 (matched),0,1
1rin8a7,bat_score=0 (matched),0,1
1r7gry6,bat_score=0 (matched),0,1
1r2rcvu,bat_score=0 (matched),0,1
1rql0tt,bat_score=0 (matched),0,1
1qtrwin,bat_score=0 (matched),0,1
1rwr7sx,bat_score=0 (matched),0,1
1spnclb,bat_score=0 (matched),0,1
1sv4wlw,bat_score=0 (matched),0,1
1q35ouy,bat_score=0 (matched),0,1
1qxlsdv,bat_score=0 (matched),0,1
1s6uyi4,bat_score=0 (matched),0,1
1qx8vmc,bat_score=0 (matched),0,1
1ri01mm,bat_score=0 (matched),0,1
1rx7g2w,bat_score=0 (matched),0,1
1rrrc3u,bat_score=0 (matched),0,1
1rp5wk9,bat_score=0 (matched),0,1
1s7oayf,bat_score=0 (matched),0,1
1r33b3h,bat_score=0 (matched),0,1
1qq8h92,bat_score=0 (matched),0,1
1rch4dd,bat_score=0 (matched),0,1
1rios6q,bat_score=0 (matched),0,1
1q7ocvm,bat_score=0 (matched),0,1
1rdmx0b,bat_score=0 (matched),0,1
1sgt44r,bat_score=0 (matched),0,1
1sborjj,bat_score=0 (matched),0,1
1ra4jbc,bat_score=0 (matched),0,1
1radpmc,bat_score=0 (matched),0,1
1rlb9dy,bat_score=0 (matched),0,1
1r4kpg3,bat_score=0 (matched),0,1
1stslrz,bat_score=0 (matched),0,1
1rugmvf,bat_score=0 (matched),0,1
1q4w6hg,bat_score=0 (matched),0,1
1rw46dr,bat_score=0 (matched),0,1
1s56ak7,bat_score=0 (matched),0,1
1qad6ih,bat_score=0 (matched),0,1
1rw9zf2,bat_score=0 (matched),0,1
1q4rjf5,bat_score=0 (matched),0,1
1r6bxzd,bat_score=0 (matched),0,1
1rz4g5l,bat_score=0 (matched),0,1
1qw3903,bat_score=0 (matched),0,1
1qykle1,bat_score=0 (matched),0,1
1q40whf,bat_score=0 (matched),0,1
1r6b2nd,bat_score=0 (matched),0,1
1rqv8eu,bat_score=0 (matched),0,1
1rx5gpo,bat_score=0 (matched),0,1
1risj3z,bat_score=0 (matched),0,1
1r3x20k,bat_score=0 (matched),0,1
1r8ltj6,bat_score=0 (matched),0,1
1ra2kd4,bat_score=0 (matched),0,1
1s6q983,bat_score=0 (matched),0,1
1rgep54,bat_score=0 (matched),0,1
1s6kgbt,bat_score=0 (matched),0,1
1ss10fo,bat_score=0 (matched),0,1
1qgbbiv,bat_score=0 (matched),0,1
1rztwu1,bat_score=0 (matched),0,1
1ryzea5,bat_score=0 (matched),0,1
1rs3u06,bat_score=0 (matched),0,1
1rkq2q7,bat_score=0 (matched),0,1
1sbv32g,bat_score=0 (matched),0,1
1r4kyup,bat_score=0 (matched),0,1
1sfny3v,bat_score=0 (matched),0,1
1rljojo,bat_score=0 (matched),0,1
1ryx3wh,bat_score=0 (matched),0,1
1rkv0hp,bat_score=0 (matched),0,1
1qb75lq,bat_score=0 (matched),0,1
1r5tt0o,bat_score=0 (matched),0,1
1qdbpu8,bat_score=0 (matched),0,1
1rdengl,bat_score=0 (matched),0,1
1qqc5jy,bat_score=0 (matched),0,1
1reki2b,bat_score=0 (matched),0,1
1ql0jhj,bat_score=0 (matched),0,1
1rmbbn8,bat_score=0 (matched),0,1
1qi1q3o,bat_score=0 (matched),0,1
1rrnr3f,bat_score=0 (matched),0,1
1san5rc,bat_score=0 (matched),0,1
1qovdue,bat_score=0 (matched),0,1
1qhy0cq,bat_score=0 (matched),0,1
1rsh8pi,bat_score=0 (matched),0,1
1qk46u1,bat_score=0 (matched),0,1
1rmq02p,bat_score=0 (matched),0,1
1ruq5yk,bat_score=0 (matched),0,1
1sliktj,bat_score=0 (matched),0,1
1ryc4ek,bat_score=0 (matched),0,1
1qj4q1k,bat_score=0 (matched),0,1
1rflonw,bat_score=0 (matched),0,1
1q67xyn,bat_score=0 (matched),0,1
1scfykw,bat_score=0 (matched),0,1
1r1z7ja,bat_score=0 (matched),0,1
1sfvvsb,bat_score=0 (matched),0,1
1stj20o,bat_score=0 (matched),0,1
1qwn3x4,bat_score=0 (matched),0,1
1re1cbz,bat_score=0 (matched),0,1
1sebzfk,bat_score=0 (matched),0,1
1rstbm6,bat_score=0 (matched),0,1
1rlemlb,bat_score=0 (matched),0,1
1qxgy7k,bat_score=0 (matched),0,1
1shhbcn,bat_score=0 (matched),0,1
1r53cxj,bat_score=0 (matched),0,1
1ssbjse,bat_score=0 (matched),0,1
1shdf9s,bat_score=0 (matched),0,1
1r3ekg2,bat_score=0 (matched),0,1
1qgv5o2,bat_score=0 (matched),0,1
1s17tzd,bat_score=0 (matched),0,1
1rt5c0x,bat_score=0 (matched),0,1
1q4x8t5,bat_score=0 (matched),0,1
1sn60pl,bat_score=0 (matched),0,1
1snlhdq,bat_score=0 (matched),0,1
1srz582,bat_score=0 (matched),0,1
1q4okn4,bat_score=0 (matched),0,1
1rkcqtg,bat_score=0 (matched),0,1
1sf7nli,bat_score=0 (matched),0,1
1qnotep,bat_score=0 (matched),0,1
1s0513t,bat_score=0 (matched),0,1
1qcxc6x,bat_score=0 (matched),0,1
1r6j3jl,bat_score=0 (matched),0,1
1sdytiy,bat_score=0 (matched),0,1
1re87qk,bat_score=0 (matched),0,1
1sh1in6,bat_score=0 (matched),0,1
1r61ngu,bat_score=0 (matched),0,1
1qxnurc,bat_score=0 (matched),0,1
1qi67gr,bat_score=0 (matched),0,1
1s1kpwu,bat_score=0 (matched),0,1
1s1nca1,bat_score=0 (matched),0,1
1rf5yrt,bat_score=0 (matched),0,1
1sed3j3,bat_score=0 (matched),0,1
1qjz88z,bat_score=0 (matched),0,1
1qwlxxj,bat_score=0 (matched),0,1
1qtfyip,bat_score=0 (matched),0,1
1s9bkt4,bat_score=0 (matched),0,1
1s44nko,bat_score=0 (matched),0,1
1rpjq7z,bat_score=0 (matched),0,1
1sk617x,bat_score=0 (matched),0,1
1q6il9q,bat_score=0 (matched),0,1
1r3w6ud,bat_score=0 (matched),0,1
1sqwjed,bat_score=0 (matched),0,1
1smvoen,bat_score=0 (matched),0,1
1slnhvn,bat_score=0 (matched),0,1
1qcypgv,bat_score=0 (matched),0,1
1rai6u2,bat_score=0 (matched),0,1
1qb2ooh,bat_score=0 (matched),0,1
1sst6uz,bat_score=0 (matched),0,1
1qljyhd,bat_score=0 (matched),0,1
1q6a9yz,bat_score=0 (matched),0,1
1rpxx2b,bat_score=0 (matched),0,1
1qau689,bat_score=0 (matched),0,1
1smwtgu,bat_score=0 (matched),0,1
1qhb406,bat_score=0 (matched),0,1
1sgsqoq,bat_score=0 (matched),0,1
1qryyek,bat_score=0 (matched),0,1
1qjqhuh,bat_score=0 (matched),0,1
1rcre2c,bat_score=0 (matched),0,1
1sf3ijs,bat_score=0 (matched),0,1
1r2y66e,bat_score=0 (matched),0,1
1rtn9gx,bat_score=0 (matched),0,1
1r18myf,bat_score=0 (matched),0,1
1rly5lw,bat_score=0 (matched),0,1
1r8m3oq,bat_score=0 (matched),0,1
1s4gdrx,bat_score=0 (matched),0,1
1r4qtma,bat_score=0 (matched),0,1
1qw2gmp,bat_score=0 (matched),0,1
1qjfdc7,bat_score=0 (matched),0,1
1qlnc1e,bat_score=0 (matched),0,1
1s87jgy,bat_score=0 (matched),0,1
1rr3ni8,bat_score=0 (matched),0,1
1sdnb14,bat_score=0 (matched),0,1
1qesqjd,bat_score=0 (matched),0,1
1quzof3,bat_score=0 (matched),0,1
1rfrdie,bat_score=0 (matched),0,1
1q3434z,bat_score=0 (matched),0,1
1snxv7x,bat_score=0 (matched),0,1
1r35140,bat_score=0 (matched),0,1
1sfjb8v,bat_score=0 (matched),0,1
1red1or,bat_score=0 (matched),0,1
1qyqmm7,bat_score=0 (matched),0,1
1q8fd8y,bat_score=0 (matched),0,1
1rfik3w,bat_score=0 (matched),0,1
1q8nor5,bat_score=0 (matched),0,1
1q81rwf,bat_score=0 (matched),0,1
1qi3t6q,bat_score=0 (matched),0,1
1q3sjn6,bat_score=0 (matched),0,1
1q5faxq,bat_score=0 (matched),0,1
1qotznz,bat_score=0 (matched),0,1
1rrnh24,bat_score=0 (matched),0,1
1qc40id,bat_score=0 (matched),0,1
1rrg8rx,bat_score=0 (matched),0,1
