post_id,bat_score,total_raw_comments_found,NOT_TOP_LEVEL,REMOVED_OR_DELETED,OUTSIDE_DATE_WINDOW,UNDER_WORD_COUNT,EMPTY_AFTER_CLEANING,SHOULD_HAVE_SURVIVED_CONFIRMED,PIPELINE_BUG_SHOULD_HAVE_SURVIVED,diagnosis
1ebu4eq,3,0,0,0,0,0,0,0,0,A_TRUE_ZERO
w889eu,2,0,0,0,0,0,0,0,0,A_TRUE_ZERO
q0hm9t,2,0,0,0,0,0,0,0,0,A_TRUE_ZERO
11nu1sy,1,0,0,0,0,0,0,0,0,A_TRUE_ZERO
1d2nt5t,1,0,0,0,0,0,0,0,0,A_TRUE_ZERO
1foeaki,2,0,0,0,0,0,0,0,0,A_TRUE_ZERO
1sqhczt,1,0,0,0,0,0,0,0,0,A_TRUE_ZERO
1l4602r,3,0,0,0,0,0,0,0,0,A_TRUE_ZERO
ep5vqm,1,0,0,0,0,0,0,0,0,A_TRUE_ZERO
1abciuh,1,0,0,0,0,0,0,0,0,A_TRUE_ZERO
1fpo9s2,2,0,0,0,0,0,0,0,0,A_TRUE_ZERO
1p10euo,1,0,0,0,0,0,0,0,0,A_TRUE_ZERO
1sldslf,2,0,0,0,0,0,0,0,0,A_TRUE_ZERO
zxgnv2,1,0,0,0,0,0,0,0,0,A_TRUE_ZERO
1k4eldh,2,0,0,0,0,0,0,0,0,A_TRUE_ZERO
1ojhqng,4,0,0,0,0,0,0,0,0,A_TRUE_ZERO
1l0st0i,1,0,0,0,0,0,0,0,0,A_TRUE_ZERO
1ajt31w,1,0,0,0,0,0,0,0,0,A_TRUE_ZERO
rdz3ir,1,0,0,0,0,0,0,0,0,A_TRUE_ZERO
f6hmib,1,0,0,0,0,0,0,0,0,A_TRUE_ZERO
wari2m,1,0,0,0,0,0,0,0,0,A_TRUE_ZERO
1lpwpt6,2,0,0,0,0,0,0,0,0,A_TRUE_ZERO
1h4qomi,3,0,0,0,0,0,0,0,0,A_TRUE_ZERO
dwtjvs,2,0,0,0,0,0,0,0,0,A_TRUE_ZERO
dwxs6a,3,0,0,0,0,0,0,0,0,A_TRUE_ZERO
1ffsmqa,1,0,0,0,0,0,0,0,0,A_TRUE_ZERO
p60szg,3,0,0,0,0,0,0,0,0,A_TRUE_ZERO
170mtwe,1,0,0,0,0,0,0,0,0,A_TRUE_ZERO
130kx8x,1,0,0,0,0,0,0,0,0,A_TRUE_ZERO
hentby,2,0,0,0,0,0,0,0,0,A_TRUE_ZERO
1d1tdrh,1,0,0,0,0,0,0,0,0,A_TRUE_ZERO
i9m4dn,1,0,0,0,0,0,0,0,0,A_TRUE_ZERO
1j9r2j1,2,0,0,0,0,0,0,0,0,A_TRUE_ZERO
vxu0xv,2,0,0,0,0,0,0,0,0,A_TRUE_ZERO
1agj068,3,0,0,0,0,0,0,0,0,A_TRUE_ZERO
xtr699,2,0,0,0,0,0,0,0,0,A_TRUE_ZERO
c315m4,2,0,0,0,0,0,0,0,0,A_TRUE_ZERO
1lpgmnq,2,0,0,0,0,0,0,0,0,A_TRUE_ZERO
1k60vaw,4,0,0,0,0,0,0,0,0,A_TRUE_ZERO
1hfkt8c,1,0,0,0,0,0,0,0,0,A_TRUE_ZERO
f930mf,2,0,0,0,0,0,0,0,0,A_TRUE_ZERO
1mi9g7d,1,0,0,0,0,0,0,0,0,A_TRUE_ZERO
1cxngh6,2,0,0,0,0,0,0,0,0,A_TRUE_ZERO
1j3zy48,1,1,0,0,0,1,0,0,0,B_FILTERED_OUT
12sfw3j,1,0,0,0,0,0,0,0,0,A_TRUE_ZERO
170lnol,2,0,0,0,0,0,0,0,0,A_TRUE_ZERO
17fy3sw,1,0,0,0,0,0,0,0,0,A_TRUE_ZERO
1hq56m5,1,0,0,0,0,0,0,0,0,A_TRUE_ZERO
l2vr6w,1,0,0,0,0,0,0,0,0,A_TRUE_ZERO
1l2e7ky,1,0,0,0,0,0,0,0,0,A_TRUE_ZERO
rxxj1x,1,0,0,0,0,0,0,0,0,A_TRUE_ZERO
1qbe99n,4,0,0,0,0,0,0,0,0,A_TRUE_ZERO
l9w3hb,1,0,0,0,0,0,0,0,0,A_TRUE_ZERO
bu9exh,3,0,0,0,0,0,0,0,0,A_TRUE_ZERO
r1usaf,1,0,0,0,0,0,0,0,0,A_TRUE_ZERO
17m4oho,1,0,0,0,0,0,0,0,0,A_TRUE_ZERO
l2bhu8,3,0,0,0,0,0,0,0,0,A_TRUE_ZERO
fdx22t,2,0,0,0,0,0,0,0,0,A_TRUE_ZERO
1k3mtj0,1,0,0,0,0,0,0,0,0,A_TRUE_ZERO
14a8px3,3,0,0,0,0,0,0,0,0,A_TRUE_ZERO
ud7fk9,1,0,0,0,0,0,0,0,0,A_TRUE_ZERO
scd29d,2,0,0,0,0,0,0,0,0,A_TRUE_ZERO
10flhg1,1,0,0,0,0,0,0,0,0,A_TRUE_ZERO
fh1aql,1,0,0,0,0,0,0,0,0,A_TRUE_ZERO
1hvtjeg,1,0,0,0,0,0,0,0,0,A_TRUE_ZERO
rqrw4j,3,0,0,0,0,0,0,0,0,A_TRUE_ZERO
1jm2vuk,1,0,0,0,0,0,0,0,0,A_TRUE_ZERO
lqx1jc,2,0,0,0,0,0,0,0,0,A_TRUE_ZERO
17xgq0q,1,0,0,0,0,0,0,0,0,A_TRUE_ZERO
eyagij,1,0,0,0,0,0,0,0,0,A_TRUE_ZERO
1ibujwn,1,0,0,0,0,0,0,0,0,A_TRUE_ZERO
1k0k18l,1,0,0,0,0,0,0,0,0,A_TRUE_ZERO
1hcc6qm,1,0,0,0,0,0,0,0,0,A_TRUE_ZERO
1efemux,1,0,0,0,0,0,0,0,0,A_TRUE_ZERO
1e0ab59,3,0,0,0,0,0,0,0,0,A_TRUE_ZERO
vce8v8,2,0,0,0,0,0,0,0,0,A_TRUE_ZERO
1161clx,3,0,0,0,0,0,0,0,0,A_TRUE_ZERO
hjekg0,2,0,0,0,0,0,0,0,0,A_TRUE_ZERO
o1xizd,3,0,0,0,0,0,0,0,0,A_TRUE_ZERO
deo7lt,2,0,0,0,0,0,0,0,0,A_TRUE_ZERO
rmxuuk,1,0,0,0,0,0,0,0,0,A_TRUE_ZERO
t8vvem,1,0,0,0,0,0,0,0,0,A_TRUE_ZERO
1d4y8o1,2,0,0,0,0,0,0,0,0,A_TRUE_ZERO
14xy6ji,1,0,0,0,0,0,0,0,0,A_TRUE_ZERO
1gxjkzq,2,0,0,0,0,0,0,0,0,A_TRUE_ZERO
1oqg91j,1,0,0,0,0,0,0,0,0,A_TRUE_ZERO
1rkap57,2,0,0,0,0,0,0,0,0,A_TRUE_ZERO
ny240w,2,0,0,0,0,0,0,0,0,A_TRUE_ZERO
xjstog,1,0,0,0,0,0,0,0,0,A_TRUE_ZERO
16ihu32,1,0,0,0,0,0,0,0,0,A_TRUE_ZERO
1jam4je,2,0,0,0,0,0,0,0,0,A_TRUE_ZERO
puwb7t,1,0,0,0,0,0,0,0,0,A_TRUE_ZERO
18fwmtt,3,0,0,0,0,0,0,0,0,A_TRUE_ZERO
idhowe,1,0,0,0,0,0,0,0,0,A_TRUE_ZERO
1ghc63e,1,0,0,0,0,0,0,0,0,A_TRUE_ZERO
16f4a0t,3,0,0,0,0,0,0,0,0,A_TRUE_ZERO
14qopme,1,0,0,0,0,0,0,0,0,A_TRUE_ZERO
1amvg2k,4,0,0,0,0,0,0,0,0,A_TRUE_ZERO
jrip4k,1,0,0,0,0,0,0,0,0,A_TRUE_ZERO
1l97cra,3,0,0,0,0,0,0,0,0,A_TRUE_ZERO
1rlr93h,1,0,0,0,0,0,0,0,0,A_TRUE_ZERO
1diuq3c,1,0,0,0,0,0,0,0,0,A_TRUE_ZERO
b9rbzb,1,0,0,0,0,0,0,0,0,A_TRUE_ZERO
16529xy,2,0,0,0,0,0,0,0,0,A_TRUE_ZERO
1f3ghyx,2,0,0,0,0,0,0,0,0,A_TRUE_ZERO
1ek7jef,1,0,0,0,0,0,0,0,0,A_TRUE_ZERO
fu24s3,1,0,0,0,0,0,0,0,0,A_TRUE_ZERO
1kmqo75,3,0,0,0,0,0,0,0,0,A_TRUE_ZERO
e3tjrj,1,0,0,0,0,0,0,0,0,A_TRUE_ZERO
10x1x5i,2,0,0,0,0,0,0,0,0,A_TRUE_ZERO
1d3h2db,1,0,0,0,0,0,0,0,0,A_TRUE_ZERO
eir6b9,4,0,0,0,0,0,0,0,0,A_TRUE_ZERO
bzm93d,2,0,0,0,0,0,0,0,0,A_TRUE_ZERO
1p0xyoi,1,0,0,0,0,0,0,0,0,A_TRUE_ZERO
175sbud,1,0,0,0,0,0,0,0,0,A_TRUE_ZERO
1nhnfru,1,0,0,0,0,0,0,0,0,A_TRUE_ZERO
1525wd2,2,0,0,0,0,0,0,0,0,A_TRUE_ZERO
1m5jg93,2,0,0,0,0,0,0,0,0,A_TRUE_ZERO
15c79yb,1,0,0,0,0,0,0,0,0,A_TRUE_ZERO
s3lhrb,1,0,0,0,0,0,0,0,0,A_TRUE_ZERO
co7ltf,1,0,0,0,0,0,0,0,0,A_TRUE_ZERO
sezwlk,3,0,0,0,0,0,0,0,0,A_TRUE_ZERO
hyt8s1,1,0,0,0,0,0,0,0,0,A_TRUE_ZERO
z1y2rj,4,0,0,0,0,0,0,0,0,A_TRUE_ZERO
nbw9vl,1,0,0,0,0,0,0,0,0,A_TRUE_ZERO
10eh4qf,1,0,0,0,0,0,0,0,0,A_TRUE_ZERO
1hws8fg,3,0,0,0,0,0,0,0,0,A_TRUE_ZERO
106zh6s,3,0,0,0,0,0,0,0,0,A_TRUE_ZERO
1o895hd,1,0,0,0,0,0,0,0,0,A_TRUE_ZERO
t4btu9,1,0,0,0,0,0,0,0,0,A_TRUE_ZERO
1omjtu7,1,0,0,0,0,0,0,0,0,A_TRUE_ZERO
codk3g,2,0,0,0,0,0,0,0,0,A_TRUE_ZERO
dd71hr,3,0,0,0,0,0,0,0,0,A_TRUE_ZERO
itqqby,1,0,0,0,0,0,0,0,0,A_TRUE_ZERO
tkai7a,1,0,0,0,0,0,0,0,0,A_TRUE_ZERO
1ip1xzu,1,0,0,0,0,0,0,0,0,A_TRUE_ZERO
1ir0gca,1,0,0,0,0,0,0,0,0,A_TRUE_ZERO
hxb893,1,0,0,0,0,0,0,0,0,A_TRUE_ZERO
nwvqdk,1,0,0,0,0,0,0,0,0,A_TRUE_ZERO
v5u024,1,0,0,0,0,0,0,0,0,A_TRUE_ZERO
1l5esri,3,0,0,0,0,0,0,0,0,A_TRUE_ZERO
1hyfhx9,1,0,0,0,0,0,0,0,0,A_TRUE_ZERO
1kq2215,1,0,0,0,0,0,0,0,0,A_TRUE_ZERO
1b97fnm,2,0,0,0,0,0,0,0,0,A_TRUE_ZERO
1nwvft7,1,0,0,0,0,0,0,0,0,A_TRUE_ZERO
i0idqr,1,0,0,0,0,0,0,0,0,A_TRUE_ZERO
xa02ek,2,0,0,0,0,0,0,0,0,A_TRUE_ZERO
pl2ucq,1,0,0,0,0,0,0,0,0,A_TRUE_ZERO
1rcvpah,1,0,0,0,0,0,0,0,0,A_TRUE_ZERO
10z9xvt,1,0,0,0,0,0,0,0,0,A_TRUE_ZERO
c88p4a,1,0,0,0,0,0,0,0,0,A_TRUE_ZERO
1gl414k,1,0,0,0,0,0,0,0,0,A_TRUE_ZERO
16j6cid,1,0,0,0,0,0,0,0,0,A_TRUE_ZERO
1cc4kdf,1,2,0,2,0,0,0,0,0,B_FILTERED_OUT
jvb6uc,1,0,0,0,0,0,0,0,0,A_TRUE_ZERO
fenm5k,1,0,0,0,0,0,0,0,0,A_TRUE_ZERO
18y11uc,1,0,0,0,0,0,0,0,0,A_TRUE_ZERO
mdxqdm,3,0,0,0,0,0,0,0,0,A_TRUE_ZERO
1gxkp1g,1,0,0,0,0,0,0,0,0,A_TRUE_ZERO
10qb55f,1,0,0,0,0,0,0,0,0,A_TRUE_ZERO
czovlz,1,0,0,0,0,0,0,0,0,A_TRUE_ZERO
r7klxx,1,0,0,0,0,0,0,0,0,A_TRUE_ZERO
1fmxhe6,2,0,0,0,0,0,0,0,0,A_TRUE_ZERO
c9j7u6,1,0,0,0,0,0,0,0,0,A_TRUE_ZERO
1d3w9gl,1,0,0,0,0,0,0,0,0,A_TRUE_ZERO
1f0r06a,2,0,0,0,0,0,0,0,0,A_TRUE_ZERO
1sfpu1v,2,0,0,0,0,0,0,0,0,A_TRUE_ZERO
mys6p5,1,0,0,0,0,0,0,0,0,A_TRUE_ZERO
t5uao7,1,0,0,0,0,0,0,0,0,A_TRUE_ZERO
1euen67,4,0,0,0,0,0,0,0,0,A_TRUE_ZERO
jb8f9e,4,0,0,0,0,0,0,0,0,A_TRUE_ZERO
ogm0v1,3,0,0,0,0,0,0,0,0,A_TRUE_ZERO
145pk81,1,0,0,0,0,0,0,0,0,A_TRUE_ZERO
fnuv2b,1,0,0,0,0,0,0,0,0,A_TRUE_ZERO
iz547r,3,0,0,0,0,0,0,0,0,A_TRUE_ZERO
w8zjyt,1,0,0,0,0,0,0,0,0,A_TRUE_ZERO
xj87kv,1,0,0,0,0,0,0,0,0,A_TRUE_ZERO
1mrywav,1,0,0,0,0,0,0,0,0,A_TRUE_ZERO
dxku52,1,0,0,0,0,0,0,0,0,A_TRUE_ZERO
ie563p,1,0,0,0,0,0,0,0,0,A_TRUE_ZERO
1ckkwgu,1,0,0,0,0,0,0,0,0,A_TRUE_ZERO
fos3j5,1,0,0,0,0,0,0,0,0,A_TRUE_ZERO
d3wboc,1,0,0,0,0,0,0,0,0,A_TRUE_ZERO
1mzigfp,3,0,0,0,0,0,0,0,0,A_TRUE_ZERO
lfm4bp,1,0,0,0,0,0,0,0,0,A_TRUE_ZERO
jb2aa0,1,0,0,0,0,0,0,0,0,A_TRUE_ZERO
vyi9dp,1,0,0,0,0,0,0,0,0,A_TRUE_ZERO
18c3vtt,1,0,0,0,0,0,0,0,0,A_TRUE_ZERO
kd1suj,2,0,0,0,0,0,0,0,0,A_TRUE_ZERO
r4f0o3,2,0,0,0,0,0,0,0,0,A_TRUE_ZERO
11udo4x,1,0,0,0,0,0,0,0,0,A_TRUE_ZERO
ocafrm,1,0,0,0,0,0,0,0,0,A_TRUE_ZERO
fgjkjf,2,0,0,0,0,0,0,0,0,A_TRUE_ZERO
1297uop,2,0,0,0,0,0,0,0,0,A_TRUE_ZERO
ossexi,2,0,0,0,0,0,0,0,0,A_TRUE_ZERO
16sprlu,2,0,0,0,0,0,0,0,0,A_TRUE_ZERO
1jup4e5,1,0,0,0,0,0,0,0,0,A_TRUE_ZERO
1jfmhi3,2,0,0,0,0,0,0,0,0,A_TRUE_ZERO
1du2o43,2,0,0,0,0,0,0,0,0,A_TRUE_ZERO
17aryqr,2,0,0,0,0,0,0,0,0,A_TRUE_ZERO
f7dcy4,2,0,0,0,0,0,0,0,0,A_TRUE_ZERO
q459lu,2,0,0,0,0,0,0,0,0,A_TRUE_ZERO
r0zd03,3,0,0,0,0,0,0,0,0,A_TRUE_ZERO
18gohor,1,0,0,0,0,0,0,0,0,A_TRUE_ZERO
l2kpw1,1,0,0,0,0,0,0,0,0,A_TRUE_ZERO
17mgqp5,3,0,0,0,0,0,0,0,0,A_TRUE_ZERO
1kawklm,1,0,0,0,0,0,0,0,0,A_TRUE_ZERO
r8viy6,1,0,0,0,0,0,0,0,0,A_TRUE_ZERO
krn2zy,1,0,0,0,0,0,0,0,0,A_TRUE_ZERO
bbq5uz,1,0,0,0,0,0,0,0,0,A_TRUE_ZERO
15dbk6h,1,0,0,0,0,0,0,0,0,A_TRUE_ZERO
xp26mh,2,0,0,0,0,0,0,0,0,A_TRUE_ZERO
l8hlp7,1,0,0,0,0,0,0,0,0,A_TRUE_ZERO
1jf7t9i,1,0,0,0,0,0,0,0,0,A_TRUE_ZERO
q6yz99,1,0,0,0,0,0,0,0,0,A_TRUE_ZERO
1p7qu7g,1,0,0,0,0,0,0,0,0,A_TRUE_ZERO
fnqhmo,2,0,0,0,0,0,0,0,0,A_TRUE_ZERO
1alwlqw,2,0,0,0,0,0,0,0,0,A_TRUE_ZERO
1s791jr,4,0,0,0,0,0,0,0,0,A_TRUE_ZERO
18p67f0,1,0,0,0,0,0,0,0,0,A_TRUE_ZERO
iz3i1w,1,0,0,0,0,0,0,0,0,A_TRUE_ZERO
1bih4um,1,0,0,0,0,0,0,0,0,A_TRUE_ZERO
14yno4m,1,0,0,0,0,0,0,0,0,A_TRUE_ZERO
ut8mpu,1,0,0,0,0,0,0,0,0,A_TRUE_ZERO
e5fn1g,1,0,0,0,0,0,0,0,0,A_TRUE_ZERO
gib65g,1,0,0,0,0,0,0,0,0,A_TRUE_ZERO
1kfmcj2,1,0,0,0,0,0,0,0,0,A_TRUE_ZERO
ds6gw3,1,0,0,0,0,0,0,0,0,A_TRUE_ZERO
q8z4vk,1,0,0,0,0,0,0,0,0,A_TRUE_ZERO
qqz6k7,3,0,0,0,0,0,0,0,0,A_TRUE_ZERO
15neo32,2,0,0,0,0,0,0,0,0,A_TRUE_ZERO
13xxpoy,4,0,0,0,0,0,0,0,0,A_TRUE_ZERO
1ajx648,2,0,0,0,0,0,0,0,0,A_TRUE_ZERO
c9lroi,1,0,0,0,0,0,0,0,0,A_TRUE_ZERO
cg6nk0,1,0,0,0,0,0,0,0,0,A_TRUE_ZERO
14zi4s2,3,0,0,0,0,0,0,0,0,A_TRUE_ZERO
ryjucg,1,0,0,0,0,0,0,0,0,A_TRUE_ZERO
najz6c,1,0,0,0,0,0,0,0,0,A_TRUE_ZERO
17f542a,2,0,0,0,0,0,0,0,0,A_TRUE_ZERO
f598i6,2,0,0,0,0,0,0,0,0,A_TRUE_ZERO
1j5c3dc,3,0,0,0,0,0,0,0,0,A_TRUE_ZERO
1m0ui21,1,0,0,0,0,0,0,0,0,A_TRUE_ZERO
16itg5a,1,0,0,0,0,0,0,0,0,A_TRUE_ZERO
tbuopy,2,0,0,0,0,0,0,0,0,A_TRUE_ZERO
1iqrnii,1,0,0,0,0,0,0,0,0,A_TRUE_ZERO
jj4hsg,1,0,0,0,0,0,0,0,0,A_TRUE_ZERO
1np1yab,2,0,0,0,0,0,0,0,0,A_TRUE_ZERO
1j8rrtd,1,0,0,0,0,0,0,0,0,A_TRUE_ZERO
1ov1vrm,1,0,0,0,0,0,0,0,0,A_TRUE_ZERO
rhzuou,2,0,0,0,0,0,0,0,0,A_TRUE_ZERO
1oe0fax,1,0,0,0,0,0,0,0,0,A_TRUE_ZERO
1flzmin,1,0,0,0,0,0,0,0,0,A_TRUE_ZERO
1ecnzax,1,0,0,0,0,0,0,0,0,A_TRUE_ZERO
1s53m9j,2,0,0,0,0,0,0,0,0,A_TRUE_ZERO
1qte1y5,1,0,0,0,0,0,0,0,0,A_TRUE_ZERO
13f9cie,1,0,0,0,0,0,0,0,0,A_TRUE_ZERO
1jd2mx0,2,0,0,0,0,0,0,0,0,A_TRUE_ZERO
1bfb2no,1,0,0,0,0,0,0,0,0,A_TRUE_ZERO
qldls1,3,0,0,0,0,0,0,0,0,A_TRUE_ZERO
1370z01,1,0,0,0,0,0,0,0,0,A_TRUE_ZERO
1rwa8sa,1,0,0,0,0,0,0,0,0,A_TRUE_ZERO
x94imh,1,0,0,0,0,0,0,0,0,A_TRUE_ZERO
1hdy1n7,2,0,0,0,0,0,0,0,0,A_TRUE_ZERO
tjo86j,3,0,0,0,0,0,0,0,0,A_TRUE_ZERO
18pbhkc,2,0,0,0,0,0,0,0,0,A_TRUE_ZERO
mxd15z,3,0,0,0,0,0,0,0,0,A_TRUE_ZERO
sdup5l,1,0,0,0,0,0,0,0,0,A_TRUE_ZERO
sjxde2,2,0,0,0,0,0,0,0,0,A_TRUE_ZERO
1cimagz,4,0,0,0,0,0,0,0,0,A_TRUE_ZERO
1fds1wm,1,0,0,0,0,0,0,0,0,A_TRUE_ZERO
m97138,2,0,0,0,0,0,0,0,0,A_TRUE_ZERO
1ehtcj0,2,0,0,0,0,0,0,0,0,A_TRUE_ZERO
mnnv1s,3,0,0,0,0,0,0,0,0,A_TRUE_ZERO
oq99m2,1,0,0,0,0,0,0,0,0,A_TRUE_ZERO
c3av39,1,0,0,0,0,0,0,0,0,A_TRUE_ZERO
vjmgf7,1,0,0,0,0,0,0,0,0,A_TRUE_ZERO
1gf8e71,4,0,0,0,0,0,0,0,0,A_TRUE_ZERO
x3l9i9,4,0,0,0,0,0,0,0,0,A_TRUE_ZERO
cu0uuj,1,0,0,0,0,0,0,0,0,A_TRUE_ZERO
1fg5vfn,1,0,0,0,0,0,0,0,0,A_TRUE_ZERO
bblou4,1,0,0,0,0,0,0,0,0,A_TRUE_ZERO
oyesmg,1,0,0,0,0,0,0,0,0,A_TRUE_ZERO
dpbt3t,1,0,0,0,0,0,0,0,0,A_TRUE_ZERO
1j3z8c9,1,0,0,0,0,0,0,0,0,A_TRUE_ZERO
fov3fu,1,0,0,0,0,0,0,0,0,A_TRUE_ZERO
hw6zp9,1,0,0,0,0,0,0,0,0,A_TRUE_ZERO
po5wjc,1,0,0,0,0,0,0,0,0,A_TRUE_ZERO
peeata,1,0,0,0,0,0,0,0,0,A_TRUE_ZERO
y98rqe,2,0,0,0,0,0,0,0,0,A_TRUE_ZERO
1i7ph50,1,0,0,0,0,0,0,0,0,A_TRUE_ZERO
cpcu75,2,0,0,0,0,0,0,0,0,A_TRUE_ZERO
cegurv,1,0,0,0,0,0,0,0,0,A_TRUE_ZERO
1ik970d,3,0,0,0,0,0,0,0,0,A_TRUE_ZERO
x2kjdt,1,0,0,0,0,0,0,0,0,A_TRUE_ZERO
ffjjsc,1,0,0,0,0,0,0,0,0,A_TRUE_ZERO
14fxbip,2,0,0,0,0,0,0,0,0,A_TRUE_ZERO
japvrq,1,0,0,0,0,0,0,0,0,A_TRUE_ZERO
omhpmv,1,0,0,0,0,0,0,0,0,A_TRUE_ZERO
14t7fh9,1,0,0,0,0,0,0,0,0,A_TRUE_ZERO
s6331f,1,0,0,0,0,0,0,0,0,A_TRUE_ZERO
13otl4f,1,0,0,0,0,0,0,0,0,A_TRUE_ZERO
1ij53fo,1,0,0,0,0,0,0,0,0,A_TRUE_ZERO
f37ifm,3,0,0,0,0,0,0,0,0,A_TRUE_ZERO
ny4ecd,2,0,0,0,0,0,0,0,0,A_TRUE_ZERO
142e6gr,1,0,0,0,0,0,0,0,0,A_TRUE_ZERO
xptp3p,1,0,0,0,0,0,0,0,0,A_TRUE_ZERO
1esfmx1,4,0,0,0,0,0,0,0,0,A_TRUE_ZERO
1fusy3y,1,0,0,0,0,0,0,0,0,A_TRUE_ZERO
1jldnow,1,0,0,0,0,0,0,0,0,A_TRUE_ZERO
cqmczg,2,0,0,0,0,0,0,0,0,A_TRUE_ZERO
wra7nr,3,0,0,0,0,0,0,0,0,A_TRUE_ZERO
w4rrvy,1,0,0,0,0,0,0,0,0,A_TRUE_ZERO
1etp6l6,1,0,0,0,0,0,0,0,0,A_TRUE_ZERO
13mo7jt,3,0,0,0,0,0,0,0,0,A_TRUE_ZERO
1fnm6rt,1,0,0,0,0,0,0,0,0,A_TRUE_ZERO
egbtj3,2,0,0,0,0,0,0,0,0,A_TRUE_ZERO
g74l4b,1,0,0,0,0,0,0,0,0,A_TRUE_ZERO
1hfmmpb,1,0,0,0,0,0,0,0,0,A_TRUE_ZERO
vfnstn,1,0,0,0,0,0,0,0,0,A_TRUE_ZERO
1sru0cn,3,0,0,0,0,0,0,0,0,A_TRUE_ZERO
1gknlli,2,0,0,0,0,0,0,0,0,A_TRUE_ZERO
18xcsrk,3,0,0,0,0,0,0,0,0,A_TRUE_ZERO
z5tnkx,1,0,0,0,0,0,0,0,0,A_TRUE_ZERO
s5fc0k,1,0,0,0,0,0,0,0,0,A_TRUE_ZERO
1g6h0kl,2,0,0,0,0,0,0,0,0,A_TRUE_ZERO
1l55stg,2,0,0,0,0,0,0,0,0,A_TRUE_ZERO
ilfzh2,1,0,0,0,0,0,0,0,0,A_TRUE_ZERO
1h5wjnw,1,0,0,0,0,0,0,0,0,A_TRUE_ZERO
111bm11,2,0,0,0,0,0,0,0,0,A_TRUE_ZERO
173i8kr,2,0,0,0,0,0,0,0,0,A_TRUE_ZERO
cxfw75,1,0,0,0,0,0,0,0,0,A_TRUE_ZERO
jclsvk,2,0,0,0,0,0,0,0,0,A_TRUE_ZERO
10y8d8l,1,0,0,0,0,0,0,0,0,A_TRUE_ZERO
u28prc,1,0,0,0,0,0,0,0,0,A_TRUE_ZERO
1buz7uk,1,0,0,0,0,0,0,0,0,A_TRUE_ZERO
ha3yk2,2,0,0,0,0,0,0,0,0,A_TRUE_ZERO
1hfi7u3,1,0,0,0,0,0,0,0,0,A_TRUE_ZERO
w8oklt,2,0,0,0,0,0,0,0,0,A_TRUE_ZERO
1c0z5vy,1,0,0,0,0,0,0,0,0,A_TRUE_ZERO
y9yufh,1,0,0,0,0,0,0,0,0,A_TRUE_ZERO
154zsz2,1,0,0,0,0,0,0,0,0,A_TRUE_ZERO
1ewayxn,1,0,0,0,0,0,0,0,0,A_TRUE_ZERO
13cjymb,2,0,0,0,0,0,0,0,0,A_TRUE_ZERO
iyslma,1,0,0,0,0,0,0,0,0,A_TRUE_ZERO
1agrnss,1,0,0,0,0,0,0,0,0,A_TRUE_ZERO
flrgzo,2,0,0,0,0,0,0,0,0,A_TRUE_ZERO
1jfxen0,1,0,0,0,0,0,0,0,0,A_TRUE_ZERO
gz3tv5,2,0,0,0,0,0,0,0,0,A_TRUE_ZERO
1057lom,1,0,0,0,0,0,0,0,0,A_TRUE_ZERO
1ldogpd,1,0,0,0,0,0,0,0,0,A_TRUE_ZERO
1n1eel5,1,0,0,0,0,0,0,0,0,A_TRUE_ZERO
wqq5uw,1,0,0,0,0,0,0,0,0,A_TRUE_ZERO
113t06n,4,0,0,0,0,0,0,0,0,A_TRUE_ZERO
1gmcrak,1,0,0,0,0,0,0,0,0,A_TRUE_ZERO
192pa8q,2,0,0,0,0,0,0,0,0,A_TRUE_ZERO
1gl1j63,1,0,0,0,0,0,0,0,0,A_TRUE_ZERO
1hih0wl,3,0,0,0,0,0,0,0,0,A_TRUE_ZERO
1hw4ie1,1,0,0,0,0,0,0,0,0,A_TRUE_ZERO
dwg64t,1,0,0,0,0,0,0,0,0,A_TRUE_ZERO
1e0fv6v,3,0,0,0,0,0,0,0,0,A_TRUE_ZERO
16ysn2p,1,0,0,0,0,0,0,0,0,A_TRUE_ZERO
1hig2ly,2,0,0,0,0,0,0,0,0,A_TRUE_ZERO
c1vx1u,1,0,0,0,0,0,0,0,0,A_TRUE_ZERO
10btk2r,2,0,0,0,0,0,0,0,0,A_TRUE_ZERO
bo4jsl,4,0,0,0,0,0,0,0,0,A_TRUE_ZERO
1b78ppi,1,0,0,0,0,0,0,0,0,A_TRUE_ZERO
1ibbjhc,3,0,0,0,0,0,0,0,0,A_TRUE_ZERO
1k4iof8,1,0,0,0,0,0,0,0,0,A_TRUE_ZERO
h9ihcu,2,0,0,0,0,0,0,0,0,A_TRUE_ZERO
gt4bqp,1,0,0,0,0,0,0,0,0,A_TRUE_ZERO
ps2vnp,1,0,0,0,0,0,0,0,0,A_TRUE_ZERO
m6h72m,1,0,0,0,0,0,0,0,0,A_TRUE_ZERO
17977b2,1,0,0,0,0,0,0,0,0,A_TRUE_ZERO
1s99w60,1,0,0,0,0,0,0,0,0,A_TRUE_ZERO
10jfpix,1,0,0,0,0,0,0,0,0,A_TRUE_ZERO
oozgdb,1,0,0,0,0,0,0,0,0,A_TRUE_ZERO
bnf9bu,4,0,0,0,0,0,0,0,0,A_TRUE_ZERO
okrf9v,3,0,0,0,0,0,0,0,0,A_TRUE_ZERO
11wfisg,2,0,0,0,0,0,0,0,0,A_TRUE_ZERO
buujl6,2,0,0,0,0,0,0,0,0,A_TRUE_ZERO
lax1f2,2,0,0,0,0,0,0,0,0,A_TRUE_ZERO
hwlozh,1,0,0,0,0,0,0,0,0,A_TRUE_ZERO
bzcu6a,1,0,0,0,0,0,0,0,0,A_TRUE_ZERO
13jdy4r,1,0,0,0,0,0,0,0,0,A_TRUE_ZERO
1869fy2,1,0,0,0,0,0,0,0,0,A_TRUE_ZERO
1cgsj8b,2,0,0,0,0,0,0,0,0,A_TRUE_ZERO
x3gx30,1,0,0,0,0,0,0,0,0,A_TRUE_ZERO
1fbvynt,2,0,0,0,0,0,0,0,0,A_TRUE_ZERO
isxwcz,4,0,0,0,0,0,0,0,0,A_TRUE_ZERO
w7o9al,1,0,0,0,0,0,0,0,0,A_TRUE_ZERO
wflgem,1,0,0,0,0,0,0,0,0,A_TRUE_ZERO
jxvry2,1,0,0,0,0,0,0,0,0,A_TRUE_ZERO
1sgrcyg,1,0,0,0,0,0,0,0,0,A_TRUE_ZERO
wfjkg5,1,0,0,0,0,0,0,0,0,A_TRUE_ZERO
e616bi,2,0,0,0,0,0,0,0,0,A_TRUE_ZERO
17py31s,1,0,0,0,0,0,0,0,0,A_TRUE_ZERO
1skdurg,1,0,0,0,0,0,0,0,0,A_TRUE_ZERO
kw0xmm,1,0,0,0,0,0,0,0,0,A_TRUE_ZERO
1f7x6oj,1,0,0,0,0,0,0,0,0,A_TRUE_ZERO
1862fuy,1,0,0,0,0,0,0,0,0,A_TRUE_ZERO
1cvtr9x,1,0,0,0,0,0,0,0,0,A_TRUE_ZERO
1seus3p,2,0,0,0,0,0,0,0,0,A_TRUE_ZERO
1bu1fz9,2,0,0,0,0,0,0,0,0,A_TRUE_ZERO
tk5v70,1,0,0,0,0,0,0,0,0,A_TRUE_ZERO
l0l88f,3,0,0,0,0,0,0,0,0,A_TRUE_ZERO
q80thr,2,0,0,0,0,0,0,0,0,A_TRUE_ZERO
fdnchk,1,0,0,0,0,0,0,0,0,A_TRUE_ZERO
wp7691,1,0,0,0,0,0,0,0,0,A_TRUE_ZERO
fl47aa,1,0,0,0,0,0,0,0,0,A_TRUE_ZERO
tqxxvl,1,0,0,0,0,0,0,0,0,A_TRUE_ZERO
cclzmh,3,0,0,0,0,0,0,0,0,A_TRUE_ZERO
1q7ge1w,2,0,0,0,0,0,0,0,0,A_TRUE_ZERO
1kr89ns,1,0,0,0,0,0,0,0,0,A_TRUE_ZERO
q3y8uv,4,0,0,0,0,0,0,0,0,A_TRUE_ZERO
zgjnyh,1,0,0,0,0,0,0,0,0,A_TRUE_ZERO
fpxmy3,2,0,0,0,0,0,0,0,0,A_TRUE_ZERO
nh9py0,3,0,0,0,0,0,0,0,0,A_TRUE_ZERO
1h6yynl,1,0,0,0,0,0,0,0,0,A_TRUE_ZERO
1cxhcgq,1,0,0,0,0,0,0,0,0,A_TRUE_ZERO
jy6r27,1,0,0,0,0,0,0,0,0,A_TRUE_ZERO
pwl3nm,4,0,0,0,0,0,0,0,0,A_TRUE_ZERO
ly3ub0,3,0,0,0,0,0,0,0,0,A_TRUE_ZERO
1d3eqz4,1,0,0,0,0,0,0,0,0,A_TRUE_ZERO
demcl4,1,0,0,0,0,0,0,0,0,A_TRUE_ZERO
c3d2ic,1,0,0,0,0,0,0,0,0,A_TRUE_ZERO
1591jsi,4,0,0,0,0,0,0,0,0,A_TRUE_ZERO
1bud11q,2,0,0,0,0,0,0,0,0,A_TRUE_ZERO
1eza80o,1,0,0,0,0,0,0,0,0,A_TRUE_ZERO
1jiza0r,4,0,0,0,0,0,0,0,0,A_TRUE_ZERO
f6zjeo,1,0,0,0,0,0,0,0,0,A_TRUE_ZERO
mn85rr,1,0,0,0,0,0,0,0,0,A_TRUE_ZERO
ck3ujp,1,0,0,0,0,0,0,0,0,A_TRUE_ZERO
uo347c,1,0,0,0,0,0,0,0,0,A_TRUE_ZERO
1ip0xk9,2,0,0,0,0,0,0,0,0,A_TRUE_ZERO
xvlobo,1,0,0,0,0,0,0,0,0,A_TRUE_ZERO
yyruqw,2,0,0,0,0,0,0,0,0,A_TRUE_ZERO
tqv3m3,3,0,0,0,0,0,0,0,0,A_TRUE_ZERO
nky2ca,1,0,0,0,0,0,0,0,0,A_TRUE_ZERO
16m26f1,3,0,0,0,0,0,0,0,0,A_TRUE_ZERO
et4agr,1,0,0,0,0,0,0,0,0,A_TRUE_ZERO
e5kq1q,1,0,0,0,0,0,0,0,0,A_TRUE_ZERO
1g5laxd,1,0,0,0,0,0,0,0,0,A_TRUE_ZERO
g32gwa,2,0,0,0,0,0,0,0,0,A_TRUE_ZERO
tyipvj,1,0,0,0,0,0,0,0,0,A_TRUE_ZERO
170m3qa,3,0,0,0,0,0,0,0,0,A_TRUE_ZERO
1k8hr7f,1,0,0,0,0,0,0,0,0,A_TRUE_ZERO
1ddaugh,2,0,0,0,0,0,0,0,0,A_TRUE_ZERO
1914ur6,2,0,0,0,0,0,0,0,0,A_TRUE_ZERO
fxab51,1,0,0,0,0,0,0,0,0,A_TRUE_ZERO
1ko76zg,1,0,0,0,0,0,0,0,0,A_TRUE_ZERO
kps5dv,1,0,0,0,0,0,0,0,0,A_TRUE_ZERO
ewom6j,1,0,0,0,0,0,0,0,0,A_TRUE_ZERO
ftko1o,1,0,0,0,0,0,0,0,0,A_TRUE_ZERO
17ayf8u,1,0,0,0,0,0,0,0,0,A_TRUE_ZERO
bs6q02,1,0,0,0,0,0,0,0,0,A_TRUE_ZERO
1ftwbpg,1,0,0,0,0,0,0,0,0,A_TRUE_ZERO
18nozy0,1,0,0,0,0,0,0,0,0,A_TRUE_ZERO
1akgbco,2,0,0,0,0,0,0,0,0,A_TRUE_ZERO
gvul59,2,0,0,0,0,0,0,0,0,A_TRUE_ZERO
1s0a9ql,2,0,0,0,0,0,0,0,0,A_TRUE_ZERO
19cbknq,3,0,0,0,0,0,0,0,0,A_TRUE_ZERO
153a5nl,1,0,0,0,0,0,0,0,0,A_TRUE_ZERO
1nbzbak,3,0,0,0,0,0,0,0,0,A_TRUE_ZERO
1r13950,3,0,0,0,0,0,0,0,0,A_TRUE_ZERO
1d88mcc,2,0,0,0,0,0,0,0,0,A_TRUE_ZERO
fv4yjs,1,0,0,0,0,0,0,0,0,A_TRUE_ZERO
1irmroz,3,0,0,0,0,0,0,0,0,A_TRUE_ZERO
dylrsm,1,0,0,0,0,0,0,0,0,A_TRUE_ZERO
d2qha2,1,0,0,0,0,0,0,0,0,A_TRUE_ZERO
j25yiq,1,0,0,0,0,0,0,0,0,A_TRUE_ZERO
1moxfr1,3,0,0,0,0,0,0,0,0,A_TRUE_ZERO
uxqbu2,1,0,0,0,0,0,0,0,0,A_TRUE_ZERO
hdg1oc,2,0,0,0,0,0,0,0,0,A_TRUE_ZERO
i3m1qe,3,0,0,0,0,0,0,0,0,A_TRUE_ZERO
1jf90du,3,0,0,0,0,0,0,0,0,A_TRUE_ZERO
mrgei9,1,0,0,0,0,0,0,0,0,A_TRUE_ZERO
1ay5jcb,1,0,0,0,0,0,0,0,0,A_TRUE_ZERO
cc0u44,2,0,0,0,0,0,0,0,0,A_TRUE_ZERO
bwhzre,1,0,0,0,0,0,0,0,0,A_TRUE_ZERO
nk3kzo,1,0,0,0,0,0,0,0,0,A_TRUE_ZERO
bu7znu,1,0,0,0,0,0,0,0,0,A_TRUE_ZERO
1679gyb,1,0,0,0,0,0,0,0,0,A_TRUE_ZERO
jjimax,1,0,0,0,0,0,0,0,0,A_TRUE_ZERO
uq4svf,1,0,0,0,0,0,0,0,0,A_TRUE_ZERO
10mo9wt,2,0,0,0,0,0,0,0,0,A_TRUE_ZERO
1gac59l,1,0,0,0,0,0,0,0,0,A_TRUE_ZERO
pnk2gj,1,0,0,0,0,0,0,0,0,A_TRUE_ZERO
rw04mg,1,0,0,0,0,0,0,0,0,A_TRUE_ZERO
d3t6j5,2,0,0,0,0,0,0,0,0,A_TRUE_ZERO
1h99iok,3,0,0,0,0,0,0,0,0,A_TRUE_ZERO
woihmm,1,0,0,0,0,0,0,0,0,A_TRUE_ZERO
14d3nnf,1,0,0,0,0,0,0,0,0,A_TRUE_ZERO
167kt9z,1,0,0,0,0,0,0,0,0,A_TRUE_ZERO
1ea4zev,1,0,0,0,0,0,0,0,0,A_TRUE_ZERO
1p2jy3m,1,0,0,0,0,0,0,0,0,A_TRUE_ZERO
kdajiy,1,0,0,0,0,0,0,0,0,A_TRUE_ZERO
17rq3dk,1,0,0,0,0,0,0,0,0,A_TRUE_ZERO
14gkwyv,1,0,0,0,0,0,0,0,0,A_TRUE_ZERO
ibeq1u,2,0,0,0,0,0,0,0,0,A_TRUE_ZERO
p3mvta,2,0,0,0,0,0,0,0,0,A_TRUE_ZERO
c18uu9,1,0,0,0,0,0,0,0,0,A_TRUE_ZERO
uy7fju,1,0,0,0,0,0,0,0,0,A_TRUE_ZERO
yc7kp7,2,0,0,0,0,0,0,0,0,A_TRUE_ZERO
rxuzcn,1,0,0,0,0,0,0,0,0,A_TRUE_ZERO
1m741t6,1,0,0,0,0,0,0,0,0,A_TRUE_ZERO
mzj1iu,3,0,0,0,0,0,0,0,0,A_TRUE_ZERO
hr1x8p,1,0,0,0,0,0,0,0,0,A_TRUE_ZERO
wwyqd3,1,0,0,0,0,0,0,0,0,A_TRUE_ZERO
1krkbzd,1,0,0,0,0,0,0,0,0,A_TRUE_ZERO
1reo29k,1,0,0,0,0,0,0,0,0,A_TRUE_ZERO
tz4sef,2,0,0,0,0,0,0,0,0,A_TRUE_ZERO
17xhv72,2,0,0,0,0,0,0,0,0,A_TRUE_ZERO
wxj95x,1,0,0,0,0,0,0,0,0,A_TRUE_ZERO
c68hh3,1,0,0,0,0,0,0,0,0,A_TRUE_ZERO
10y1ywl,1,0,0,0,0,0,0,0,0,A_TRUE_ZERO
jvunzs,1,0,0,0,0,0,0,0,0,A_TRUE_ZERO
1pb5r2s,1,0,0,0,0,0,0,0,0,A_TRUE_ZERO
1pgq68v,3,0,0,0,0,0,0,0,0,A_TRUE_ZERO
zg9z3m,1,0,0,0,0,0,0,0,0,A_TRUE_ZERO
163pkeb,1,0,0,0,0,0,0,0,0,A_TRUE_ZERO
1i6uzjl,1,0,0,0,0,0,0,0,0,A_TRUE_ZERO
wp69hp,1,0,0,0,0,0,0,0,0,A_TRUE_ZERO
188ztbu,3,0,0,0,0,0,0,0,0,A_TRUE_ZERO
18al7cs,2,0,0,0,0,0,0,0,0,A_TRUE_ZERO
1bwk74n,1,0,0,0,0,0,0,0,0,A_TRUE_ZERO
q3h710,1,0,0,0,0,0,0,0,0,A_TRUE_ZERO
18i9rfe,1,0,0,0,0,0,0,0,0,A_TRUE_ZERO
d6341y,1,0,0,0,0,0,0,0,0,A_TRUE_ZERO
l6e7zv,1,0,0,0,0,0,0,0,0,A_TRUE_ZERO
ux29b2,2,0,0,0,0,0,0,0,0,A_TRUE_ZERO
1qkiqhv,1,0,0,0,0,0,0,0,0,A_TRUE_ZERO
1rw6nk9,1,0,0,0,0,0,0,0,0,A_TRUE_ZERO
hjre2f,1,0,0,0,0,0,0,0,0,A_TRUE_ZERO
12opfbd,3,0,0,0,0,0,0,0,0,A_TRUE_ZERO
zdf0bk,1,0,0,0,0,0,0,0,0,A_TRUE_ZERO
ctz5wx,1,0,0,0,0,0,0,0,0,A_TRUE_ZERO
1n7479y,1,0,0,0,0,0,0,0,0,A_TRUE_ZERO
w0s8xw,2,0,0,0,0,0,0,0,0,A_TRUE_ZERO
1ftjsq6,2,0,0,0,0,0,0,0,0,A_TRUE_ZERO
1cirieb,1,0,0,0,0,0,0,0,0,A_TRUE_ZERO
pwrfuc,2,0,0,0,0,0,0,0,0,A_TRUE_ZERO
1qxk3nn,2,0,0,0,0,0,0,0,0,A_TRUE_ZERO
1n44hii,1,0,0,0,0,0,0,0,0,A_TRUE_ZERO
o7r5tv,2,0,0,0,0,0,0,0,0,A_TRUE_ZERO
ung0jg,3,0,0,0,0,0,0,0,0,A_TRUE_ZERO
th27h3,2,0,0,0,0,0,0,0,0,A_TRUE_ZERO
1rs1854,1,0,0,0,0,0,0,0,0,A_TRUE_ZERO
13vwn1c,2,0,0,0,0,0,0,0,0,A_TRUE_ZERO
11dbzi8,1,0,0,0,0,0,0,0,0,A_TRUE_ZERO
bykjm5,3,0,0,0,0,0,0,0,0,A_TRUE_ZERO
bv5fq6,1,0,0,0,0,0,0,0,0,A_TRUE_ZERO
fly4gm,1,0,0,0,0,0,0,0,0,A_TRUE_ZERO
si2yd1,1,0,0,0,0,0,0,0,0,A_TRUE_ZERO
12rocel,1,0,0,0,0,0,0,0,0,A_TRUE_ZERO
lqliv2,1,0,0,0,0,0,0,0,0,A_TRUE_ZERO
1h8b1mx,1,0,0,0,0,0,0,0,0,A_TRUE_ZERO
1axdzp0,4,0,0,0,0,0,0,0,0,A_TRUE_ZERO
1qfkbp2,2,0,0,0,0,0,0,0,0,A_TRUE_ZERO
1jczay9,1,0,0,0,0,0,0,0,0,A_TRUE_ZERO
c8utx8,1,0,0,0,0,0,0,0,0,A_TRUE_ZERO
z7yw1g,2,0,0,0,0,0,0,0,0,A_TRUE_ZERO
zkhir0,3,0,0,0,0,0,0,0,0,A_TRUE_ZERO
nav0bo,2,0,0,0,0,0,0,0,0,A_TRUE_ZERO
16js27s,2,0,0,0,0,0,0,0,0,A_TRUE_ZERO
kw2n8n,1,0,0,0,0,0,0,0,0,A_TRUE_ZERO
u1didc,3,0,0,0,0,0,0,0,0,A_TRUE_ZERO
1oqeky6,1,0,0,0,0,0,0,0,0,A_TRUE_ZERO
1bvblu0,2,0,0,0,0,0,0,0,0,A_TRUE_ZERO
1d9extt,1,0,0,0,0,0,0,0,0,A_TRUE_ZERO
1n6tvzc,2,0,0,0,0,0,0,0,0,A_TRUE_ZERO
1sf0hkj,1,0,0,0,0,0,0,0,0,A_TRUE_ZERO
17c113q,1,0,0,0,0,0,0,0,0,A_TRUE_ZERO
1rpeze2,1,0,0,0,0,0,0,0,0,A_TRUE_ZERO
r29wu6,1,0,0,0,0,0,0,0,0,A_TRUE_ZERO
1pkufsf,1,0,0,0,0,0,0,0,0,A_TRUE_ZERO
q9l6hj,3,0,0,0,0,0,0,0,0,A_TRUE_ZERO
eaphr8,2,0,0,0,0,0,0,0,0,A_TRUE_ZERO
lckwqm,3,0,0,0,0,0,0,0,0,A_TRUE_ZERO
13q8yi3,1,0,0,0,0,0,0,0,0,A_TRUE_ZERO
1d73544,1,0,0,0,0,0,0,0,0,A_TRUE_ZERO
1qvpz4m,1,0,0,0,0,0,0,0,0,A_TRUE_ZERO
q1zjj9,2,0,0,0,0,0,0,0,0,A_TRUE_ZERO
12rsf7c,1,0,0,0,0,0,0,0,0,A_TRUE_ZERO
1l548mf,1,0,0,0,0,0,0,0,0,A_TRUE_ZERO
ikrggk,3,0,0,0,0,0,0,0,0,A_TRUE_ZERO
vzk318,2,0,0,0,0,0,0,0,0,A_TRUE_ZERO
m312v9,1,0,0,0,0,0,0,0,0,A_TRUE_ZERO
18toduw,1,0,0,0,0,0,0,0,0,A_TRUE_ZERO
165ekf3,1,0,0,0,0,0,0,0,0,A_TRUE_ZERO
x2gcoi,1,0,0,0,0,0,0,0,0,A_TRUE_ZERO
1gvblma,1,0,0,0,0,0,0,0,0,A_TRUE_ZERO
lycokn,1,0,0,0,0,0,0,0,0,A_TRUE_ZERO
1gf2za0,1,0,0,0,0,0,0,0,0,A_TRUE_ZERO
xr9t72,3,0,0,0,0,0,0,0,0,A_TRUE_ZERO
xrcz82,1,0,0,0,0,0,0,0,0,A_TRUE_ZERO
ez6ozs,1,0,0,0,0,0,0,0,0,A_TRUE_ZERO
ydwlyr,2,0,0,0,0,0,0,0,0,A_TRUE_ZERO
yvf698,3,0,0,0,0,0,0,0,0,A_TRUE_ZERO
1izja87,1,0,0,0,0,0,0,0,0,A_TRUE_ZERO
je5mab,1,0,0,0,0,0,0,0,0,A_TRUE_ZERO
11z7rek,1,0,0,0,0,0,0,0,0,A_TRUE_ZERO
1npmxrm,1,0,0,0,0,0,0,0,0,A_TRUE_ZERO
1rh810e,2,0,0,0,0,0,0,0,0,A_TRUE_ZERO
1n6wdk4,1,0,0,0,0,0,0,0,0,A_TRUE_ZERO
1dzvpeb,1,0,0,0,0,0,0,0,0,A_TRUE_ZERO
1nrg6id,1,0,0,0,0,0,0,0,0,A_TRUE_ZERO
gqwky2,2,0,0,0,0,0,0,0,0,A_TRUE_ZERO
wrcc0o,2,0,0,0,0,0,0,0,0,A_TRUE_ZERO
1iotwui,1,0,0,0,0,0,0,0,0,A_TRUE_ZERO
z8azk2,1,0,0,0,0,0,0,0,0,A_TRUE_ZERO
1h2vk6d,1,0,0,0,0,0,0,0,0,A_TRUE_ZERO
teac7l,3,0,0,0,0,0,0,0,0,A_TRUE_ZERO
1rl9tcf,1,0,0,0,0,0,0,0,0,A_TRUE_ZERO
uzje8f,4,0,0,0,0,0,0,0,0,A_TRUE_ZERO
1ka5h6d,3,0,0,0,0,0,0,0,0,A_TRUE_ZERO
1akf6km,2,0,0,0,0,0,0,0,0,A_TRUE_ZERO
10lk5b4,1,0,0,0,0,0,0,0,0,A_TRUE_ZERO
xkcep9,3,0,0,0,0,0,0,0,0,A_TRUE_ZERO
1gq2bwq,3,0,0,0,0,0,0,0,0,A_TRUE_ZERO
1h7ct7o,2,0,0,0,0,0,0,0,0,A_TRUE_ZERO
1bowupc,3,0,0,0,0,0,0,0,0,A_TRUE_ZERO
z3b64k,2,0,0,0,0,0,0,0,0,A_TRUE_ZERO
zatrs7,1,0,0,0,0,0,0,0,0,A_TRUE_ZERO
x7toaf,3,0,0,0,0,0,0,0,0,A_TRUE_ZERO
170ra44,1,0,0,0,0,0,0,0,0,A_TRUE_ZERO
lt3shi,2,0,0,0,0,0,0,0,0,A_TRUE_ZERO
1f2kbeo,1,0,0,0,0,0,0,0,0,A_TRUE_ZERO
15vmgg6,1,0,0,0,0,0,0,0,0,A_TRUE_ZERO
1kxyunp,1,0,0,0,0,0,0,0,0,A_TRUE_ZERO
fsld4r,1,0,0,0,0,0,0,0,0,A_TRUE_ZERO
yp7i3w,2,0,0,0,0,0,0,0,0,A_TRUE_ZERO
vc27tx,2,0,0,0,0,0,0,0,0,A_TRUE_ZERO
icv2qv,2,0,0,0,0,0,0,0,0,A_TRUE_ZERO
hak54u,1,0,0,0,0,0,0,0,0,A_TRUE_ZERO
e97xr0,2,0,0,0,0,0,0,0,0,A_TRUE_ZERO
1r3jvud,1,0,0,0,0,0,0,0,0,A_TRUE_ZERO
1r691da,1,0,0,0,0,0,0,0,0,A_TRUE_ZERO
1jv2f9y,1,0,0,0,0,0,0,0,0,A_TRUE_ZERO
1i3qhqo,1,0,0,0,0,0,0,0,0,A_TRUE_ZERO
1i7b68q,1,0,0,0,0,0,0,0,0,A_TRUE_ZERO
12ipond,1,0,0,0,0,0,0,0,0,A_TRUE_ZERO
ix5saa,1,0,0,0,0,0,0,0,0,A_TRUE_ZERO
1ouc5i5,3,0,0,0,0,0,0,0,0,A_TRUE_ZERO
jn3yki,1,0,0,0,0,0,0,0,0,A_TRUE_ZERO
1ggu5kq,1,0,0,0,0,0,0,0,0,A_TRUE_ZERO
1mpyhy3,1,0,0,0,0,0,0,0,0,A_TRUE_ZERO
z70m4d,3,0,0,0,0,0,0,0,0,A_TRUE_ZERO
1iw3gkh,2,0,0,0,0,0,0,0,0,A_TRUE_ZERO
1c9xk3k,1,0,0,0,0,0,0,0,0,A_TRUE_ZERO
1pxud9r,1,0,0,0,0,0,0,0,0,A_TRUE_ZERO
1s4b3cv,1,0,0,0,0,0,0,0,0,A_TRUE_ZERO
1jit24e,3,0,0,0,0,0,0,0,0,A_TRUE_ZERO
uxoc69,3,0,0,0,0,0,0,0,0,A_TRUE_ZERO
198rhag,1,0,0,0,0,0,0,0,0,A_TRUE_ZERO
d5x3v5,1,0,0,0,0,0,0,0,0,A_TRUE_ZERO
1lntz6p,1,0,0,0,0,0,0,0,0,A_TRUE_ZERO
1nswkfk,2,0,0,0,0,0,0,0,0,A_TRUE_ZERO
zlnk9l,3,0,0,0,0,0,0,0,0,A_TRUE_ZERO
1e8ikgv,2,0,0,0,0,0,0,0,0,A_TRUE_ZERO
1sl3yy7,1,0,0,0,0,0,0,0,0,A_TRUE_ZERO
m0qxrl,1,0,0,0,0,0,0,0,0,A_TRUE_ZERO
1k5rauq,1,0,0,0,0,0,0,0,0,A_TRUE_ZERO
15zhkz6,2,0,0,0,0,0,0,0,0,A_TRUE_ZERO
11dt2hn,2,0,0,0,0,0,0,0,0,A_TRUE_ZERO
1128je9,1,0,0,0,0,0,0,0,0,A_TRUE_ZERO
vd6qmy,3,0,0,0,0,0,0,0,0,A_TRUE_ZERO
1150hcb,1,0,0,0,0,0,0,0,0,A_TRUE_ZERO
ip71o7,3,0,0,0,0,0,0,0,0,A_TRUE_ZERO
1gew5bx,1,0,0,0,0,0,0,0,0,A_TRUE_ZERO
170ldls,2,0,0,0,0,0,0,0,0,A_TRUE_ZERO
1f48tm1,3,0,0,0,0,0,0,0,0,A_TRUE_ZERO
1onauk7,4,0,0,0,0,0,0,0,0,A_TRUE_ZERO
1g5qs8y,1,0,0,0,0,0,0,0,0,A_TRUE_ZERO
tfo88p,1,0,0,0,0,0,0,0,0,A_TRUE_ZERO
u3j410,1,0,0,0,0,0,0,0,0,A_TRUE_ZERO
clqmm5,1,0,0,0,0,0,0,0,0,A_TRUE_ZERO
1ch8zf9,2,0,0,0,0,0,0,0,0,A_TRUE_ZERO
bk73bk,1,0,0,0,0,0,0,0,0,A_TRUE_ZERO
1rqvpzy,3,0,0,0,0,0,0,0,0,A_TRUE_ZERO
elc001,2,0,0,0,0,0,0,0,0,A_TRUE_ZERO
1hrsf7a,3,0,0,0,0,0,0,0,0,A_TRUE_ZERO
xe043h,1,0,0,0,0,0,0,0,0,A_TRUE_ZERO
1q57acl,3,0,0,0,0,0,0,0,0,A_TRUE_ZERO
j6n0vv,2,0,0,0,0,0,0,0,0,A_TRUE_ZERO
14wujd0,1,0,0,0,0,0,0,0,0,A_TRUE_ZERO
1hyb87h,3,0,0,0,0,0,0,0,0,A_TRUE_ZERO
1fqboyy,3,0,0,0,0,0,0,0,0,A_TRUE_ZERO
1avd44s,1,0,0,0,0,0,0,0,0,A_TRUE_ZERO
hyss9l,1,0,0,0,0,0,0,0,0,A_TRUE_ZERO
ywug6r,3,0,0,0,0,0,0,0,0,A_TRUE_ZERO
lkkeaw,2,0,0,0,0,0,0,0,0,A_TRUE_ZERO
j4frif,1,0,0,0,0,0,0,0,0,A_TRUE_ZERO
h89sh7,2,0,0,0,0,0,0,0,0,A_TRUE_ZERO
bc0kht,2,0,0,0,0,0,0,0,0,A_TRUE_ZERO
qm106p,4,0,0,0,0,0,0,0,0,A_TRUE_ZERO
qclz7b,2,0,0,0,0,0,0,0,0,A_TRUE_ZERO
1oe7bqa,1,0,0,0,0,0,0,0,0,A_TRUE_ZERO
1iv4kp8,3,0,0,0,0,0,0,0,0,A_TRUE_ZERO
n6yhqa,2,0,0,0,0,0,0,0,0,A_TRUE_ZERO
1grkkgl,1,0,0,0,0,0,0,0,0,A_TRUE_ZERO
10afgk7,2,0,0,0,0,0,0,0,0,A_TRUE_ZERO
110jaz6,1,0,0,0,0,0,0,0,0,A_TRUE_ZERO
12arwjz,1,0,0,0,0,0,0,0,0,A_TRUE_ZERO
1m6wqn2,1,0,0,0,0,0,0,0,0,A_TRUE_ZERO
t3sjij,1,0,0,0,0,0,0,0,0,A_TRUE_ZERO
w97ae2,2,0,0,0,0,0,0,0,0,A_TRUE_ZERO
1j2m10e,1,0,0,0,0,0,0,0,0,A_TRUE_ZERO
1ggcef2,3,0,0,0,0,0,0,0,0,A_TRUE_ZERO
fizew4,1,0,0,0,0,0,0,0,0,A_TRUE_ZERO
dpokcs,1,0,0,0,0,0,0,0,0,A_TRUE_ZERO
11w7eqg,3,0,0,0,0,0,0,0,0,A_TRUE_ZERO
1j0dq7z,2,0,0,0,0,0,0,0,0,A_TRUE_ZERO
j5s2l4,2,0,0,0,0,0,0,0,0,A_TRUE_ZERO
16smcq6,3,0,0,0,0,0,0,0,0,A_TRUE_ZERO
11dn3n9,1,0,0,0,0,0,0,0,0,A_TRUE_ZERO
17zlp1e,1,0,0,0,0,0,0,0,0,A_TRUE_ZERO
u3524r,2,0,0,0,0,0,0,0,0,A_TRUE_ZERO
165rlue,1,0,0,0,0,0,0,0,0,A_TRUE_ZERO
dd8nvi,2,0,0,0,0,0,0,0,0,A_TRUE_ZERO
gaf819,1,0,0,0,0,0,0,0,0,A_TRUE_ZERO
16cslmn,1,0,0,0,0,0,0,0,0,A_TRUE_ZERO
15h29tp,2,0,0,0,0,0,0,0,0,A_TRUE_ZERO
10jeq7w,3,0,0,0,0,0,0,0,0,A_TRUE_ZERO
py2sjo,1,0,0,0,0,0,0,0,0,A_TRUE_ZERO
laahl3,1,0,0,0,0,0,0,0,0,A_TRUE_ZERO
15jr2bm,1,0,0,0,0,0,0,0,0,A_TRUE_ZERO
1iifsvn,2,0,0,0,0,0,0,0,0,A_TRUE_ZERO
1cjea6m,1,0,0,0,0,0,0,0,0,A_TRUE_ZERO
11la899,1,0,0,0,0,0,0,0,0,A_TRUE_ZERO
r6hli2,2,0,0,0,0,0,0,0,0,A_TRUE_ZERO
1osxln3,1,0,0,0,0,0,0,0,0,A_TRUE_ZERO
1l6cfrh,4,0,0,0,0,0,0,0,0,A_TRUE_ZERO
1irj4l3,2,0,0,0,0,0,0,0,0,A_TRUE_ZERO
dcfedd,1,0,0,0,0,0,0,0,0,A_TRUE_ZERO
1e3xzls,3,0,0,0,0,0,0,0,0,A_TRUE_ZERO
1imz6o8,1,0,0,0,0,0,0,0,0,A_TRUE_ZERO
ef1hee,1,0,0,0,0,0,0,0,0,A_TRUE_ZERO
t0o5kx,1,0,0,0,0,0,0,0,0,A_TRUE_ZERO
1rtnmxc,3,0,0,0,0,0,0,0,0,A_TRUE_ZERO
1ipblnm,1,0,0,0,0,0,0,0,0,A_TRUE_ZERO
1iuo9s5,1,0,0,0,0,0,0,0,0,A_TRUE_ZERO
c4h0ti,1,0,0,0,0,0,0,0,0,A_TRUE_ZERO
1iee7ds,4,0,0,0,0,0,0,0,0,A_TRUE_ZERO
pyv7az,1,0,0,0,0,0,0,0,0,A_TRUE_ZERO
ut0o4u,1,0,0,0,0,0,0,0,0,A_TRUE_ZERO
1chbkes,3,0,0,0,0,0,0,0,0,A_TRUE_ZERO
12287tf,1,0,0,0,0,0,0,0,0,A_TRUE_ZERO
1hoa9gp,1,0,0,0,0,0,0,0,0,A_TRUE_ZERO
1otxqzt,2,0,0,0,0,0,0,0,0,A_TRUE_ZERO
1i27ka5,1,0,0,0,0,0,0,0,0,A_TRUE_ZERO
10fs11h,4,0,0,0,0,0,0,0,0,A_TRUE_ZERO
w03qr9,1,0,0,0,0,0,0,0,0,A_TRUE_ZERO
qlsae5,4,0,0,0,0,0,0,0,0,A_TRUE_ZERO
swmf95,3,0,0,0,0,0,0,0,0,A_TRUE_ZERO
obviy6,3,0,0,0,0,0,0,0,0,A_TRUE_ZERO
1suklsj,1,0,0,0,0,0,0,0,0,A_TRUE_ZERO
q8v0tj,2,0,0,0,0,0,0,0,0,A_TRUE_ZERO
1gtvcy0,1,0,0,0,0,0,0,0,0,A_TRUE_ZERO
1srmc9j,1,0,0,0,0,0,0,0,0,A_TRUE_ZERO
10yzyt5,3,0,0,0,0,0,0,0,0,A_TRUE_ZERO
1rj6p39,2,0,0,0,0,0,0,0,0,A_TRUE_ZERO
102mqaf,1,0,0,0,0,0,0,0,0,A_TRUE_ZERO
bwvxfc,1,0,0,0,0,0,0,0,0,A_TRUE_ZERO
gbjh2v,3,0,0,0,0,0,0,0,0,A_TRUE_ZERO
ae615j,1,0,0,0,0,0,0,0,0,A_TRUE_ZERO
imvdve,1,0,0,0,0,0,0,0,0,A_TRUE_ZERO
r78362,1,0,0,0,0,0,0,0,0,A_TRUE_ZERO
1941wwu,2,0,0,0,0,0,0,0,0,A_TRUE_ZERO
1s52oxr,1,0,0,0,0,0,0,0,0,A_TRUE_ZERO
1d6yhs6,2,0,0,0,0,0,0,0,0,A_TRUE_ZERO
11gsv28,1,0,0,0,0,0,0,0,0,A_TRUE_ZERO
1odirup,1,0,0,0,0,0,0,0,0,A_TRUE_ZERO
opuwny,1,0,0,0,0,0,0,0,0,A_TRUE_ZERO
1qcf42r,1,0,0,0,0,0,0,0,0,A_TRUE_ZERO
ftll22,2,0,0,0,0,0,0,0,0,A_TRUE_ZERO
16grxrn,1,0,0,0,0,0,0,0,0,A_TRUE_ZERO
17r5w8r,1,0,0,0,0,0,0,0,0,A_TRUE_ZERO
1dnv8sv,3,0,0,0,0,0,0,0,0,A_TRUE_ZERO
1l3cw6t,2,0,0,0,0,0,0,0,0,A_TRUE_ZERO
14qb1m9,1,0,0,0,0,0,0,0,0,A_TRUE_ZERO
ki888e,3,0,0,0,0,0,0,0,0,A_TRUE_ZERO
1ldaz5f,3,1,0,0,0,1,0,0,0,B_FILTERED_OUT
1l8vx76,1,0,0,0,0,0,0,0,0,A_TRUE_ZERO
boz0a6,1,0,0,0,0,0,0,0,0,A_TRUE_ZERO
123mgo8,1,0,0,0,0,0,0,0,0,A_TRUE_ZERO
e7d1x3,1,0,0,0,0,0,0,0,0,A_TRUE_ZERO
yr8dhy,2,0,0,0,0,0,0,0,0,A_TRUE_ZERO
1efdp1t,2,0,0,0,0,0,0,0,0,A_TRUE_ZERO
hmek8g,1,0,0,0,0,0,0,0,0,A_TRUE_ZERO
sqio94,2,0,0,0,0,0,0,0,0,A_TRUE_ZERO
kdo1zw,3,0,0,0,0,0,0,0,0,A_TRUE_ZERO
12tln9v,3,0,0,0,0,0,0,0,0,A_TRUE_ZERO
10lsj0e,3,0,0,0,0,0,0,0,0,A_TRUE_ZERO
nktdve,4,0,0,0,0,0,0,0,0,A_TRUE_ZERO
16cllt4,1,0,0,0,0,0,0,0,0,A_TRUE_ZERO
o29zz3,2,0,0,0,0,0,0,0,0,A_TRUE_ZERO
1rwmq12,1,0,0,0,0,0,0,0,0,A_TRUE_ZERO
16zof2j,1,0,0,0,0,0,0,0,0,A_TRUE_ZERO
1l8k5kk,2,0,0,0,0,0,0,0,0,A_TRUE_ZERO
ty7x6k,3,0,0,0,0,0,0,0,0,A_TRUE_ZERO
16rdyoh,1,0,0,0,0,0,0,0,0,A_TRUE_ZERO
g2mqss,1,0,0,0,0,0,0,0,0,A_TRUE_ZERO
1bdgcpx,1,0,0,0,0,0,0,0,0,A_TRUE_ZERO
nljil4,2,0,0,0,0,0,0,0,0,A_TRUE_ZERO
wlkoby,4,0,0,0,0,0,0,0,0,A_TRUE_ZERO
1fpankh,1,0,0,0,0,0,0,0,0,A_TRUE_ZERO
1lqdb4e,2,0,0,0,0,0,0,0,0,A_TRUE_ZERO
1ar9cup,1,0,0,0,0,0,0,0,0,A_TRUE_ZERO
1nr3mg5,2,0,0,0,0,0,0,0,0,A_TRUE_ZERO
1fem7j6,1,0,0,0,0,0,0,0,0,A_TRUE_ZERO
1s1p2xm,2,0,0,0,0,0,0,0,0,A_TRUE_ZERO
10r8k4x,2,0,0,0,0,0,0,0,0,A_TRUE_ZERO
e8a3ej,1,0,0,0,0,0,0,0,0,A_TRUE_ZERO
1hcr8ti,3,0,0,0,0,0,0,0,0,A_TRUE_ZERO
1csbhy3,2,0,0,0,0,0,0,0,0,A_TRUE_ZERO
16s6g5y,1,0,0,0,0,0,0,0,0,A_TRUE_ZERO
zlxc4k,1,0,0,0,0,0,0,0,0,A_TRUE_ZERO
1rutpbz,1,0,0,0,0,0,0,0,0,A_TRUE_ZERO
1cynf4u,4,0,0,0,0,0,0,0,0,A_TRUE_ZERO
px36q7,1,0,0,0,0,0,0,0,0,A_TRUE_ZERO
q7akfa,1,0,0,0,0,0,0,0,0,A_TRUE_ZERO
sutrw2,1,0,0,0,0,0,0,0,0,A_TRUE_ZERO
1j06o5w,3,0,0,0,0,0,0,0,0,A_TRUE_ZERO
1bnbu7k,1,0,0,0,0,0,0,0,0,A_TRUE_ZERO
17kvwgx,2,0,0,0,0,0,0,0,0,A_TRUE_ZERO
18x7793,2,0,0,0,0,0,0,0,0,A_TRUE_ZERO
1cgx5bc,3,0,0,0,0,0,0,0,0,A_TRUE_ZERO
e9rrsv,2,0,0,0,0,0,0,0,0,A_TRUE_ZERO
rfm220,2,0,0,0,0,0,0,0,0,A_TRUE_ZERO
vaejwu,2,0,0,0,0,0,0,0,0,A_TRUE_ZERO
159k6st,2,0,0,0,0,0,0,0,0,A_TRUE_ZERO
v14wvn,2,0,0,0,0,0,0,0,0,A_TRUE_ZERO
xok1e5,1,0,0,0,0,0,0,0,0,A_TRUE_ZERO
i7ykye,1,0,0,0,0,0,0,0,0,A_TRUE_ZERO
gf8day,2,0,0,0,0,0,0,0,0,A_TRUE_ZERO
1rwuv7a,3,0,0,0,0,0,0,0,0,A_TRUE_ZERO
lhink7,1,0,0,0,0,0,0,0,0,A_TRUE_ZERO
1ecvl3g,2,0,0,0,0,0,0,0,0,A_TRUE_ZERO
fjklra,1,0,0,0,0,0,0,0,0,A_TRUE_ZERO
1e85zn6,1,0,0,0,0,0,0,0,0,A_TRUE_ZERO
q80lpb,1,0,0,0,0,0,0,0,0,A_TRUE_ZERO
1iv81zk,1,0,0,0,0,0,0,0,0,A_TRUE_ZERO
s3a1qk,1,0,0,0,0,0,0,0,0,A_TRUE_ZERO
12gv60z,1,0,0,0,0,0,0,0,0,A_TRUE_ZERO
1e817wb,2,0,0,0,0,0,0,0,0,A_TRUE_ZERO
1e9n6in,3,0,0,0,0,0,0,0,0,A_TRUE_ZERO
1cu9dd6,1,0,0,0,0,0,0,0,0,A_TRUE_ZERO
tbupbw,1,0,0,0,0,0,0,0,0,A_TRUE_ZERO
15zdfok,2,0,0,0,0,0,0,0,0,A_TRUE_ZERO
c4t7cd,1,0,0,0,0,0,0,0,0,A_TRUE_ZERO
1kqi57g,2,0,0,0,0,0,0,0,0,A_TRUE_ZERO
le4077,1,0,0,0,0,0,0,0,0,A_TRUE_ZERO
v8wmyc,1,0,0,0,0,0,0,0,0,A_TRUE_ZERO
pcp6bl,1,0,0,0,0,0,0,0,0,A_TRUE_ZERO
qrd8lu,1,0,0,0,0,0,0,0,0,A_TRUE_ZERO
1phjib3,3,0,0,0,0,0,0,0,0,A_TRUE_ZERO
sog2mj,1,0,0,0,0,0,0,0,0,A_TRUE_ZERO
1ehuhiy,1,0,0,0,0,0,0,0,0,A_TRUE_ZERO
18hav1b,1,0,0,0,0,0,0,0,0,A_TRUE_ZERO
1paya84,1,0,0,0,0,0,0,0,0,A_TRUE_ZERO
mn9z62,1,0,0,0,0,0,0,0,0,A_TRUE_ZERO
gip87v,1,0,0,0,0,0,0,0,0,A_TRUE_ZERO
jbtj6r,1,0,0,0,0,0,0,0,0,A_TRUE_ZERO
ofjkiz,1,0,0,0,0,0,0,0,0,A_TRUE_ZERO
1ehlz9o,1,0,0,0,0,0,0,0,0,A_TRUE_ZERO
gnnl1t,2,0,0,0,0,0,0,0,0,A_TRUE_ZERO
n72732,1,0,0,0,0,0,0,0,0,A_TRUE_ZERO
1px1x19,1,0,0,0,0,0,0,0,0,A_TRUE_ZERO
1j15lvt,1,0,0,0,0,0,0,0,0,A_TRUE_ZERO
d3u7ot,4,0,0,0,0,0,0,0,0,A_TRUE_ZERO
1qq910f,2,0,0,0,0,0,0,0,0,A_TRUE_ZERO
nqvvht,3,0,0,0,0,0,0,0,0,A_TRUE_ZERO
1h2nkjj,1,0,0,0,0,0,0,0,0,A_TRUE_ZERO
bhoos6,1,0,0,0,0,0,0,0,0,A_TRUE_ZERO
1i3n9qc,1,0,0,0,0,0,0,0,0,A_TRUE_ZERO
1g9n91s,2,0,0,0,0,0,0,0,0,A_TRUE_ZERO
1ex6zsm,1,0,0,0,0,0,0,0,0,A_TRUE_ZERO
dw1fuc,1,0,0,0,0,0,0,0,0,A_TRUE_ZERO
1hfsjtg,1,0,0,0,0,0,0,0,0,A_TRUE_ZERO
1qw8fyq,1,0,0,0,0,0,0,0,0,A_TRUE_ZERO
1elqq23,2,0,0,0,0,0,0,0,0,A_TRUE_ZERO
1g246vs,1,0,0,0,0,0,0,0,0,A_TRUE_ZERO
17oz9fb,2,0,0,0,0,0,0,0,0,A_TRUE_ZERO
173fbm4,1,0,0,0,0,0,0,0,0,A_TRUE_ZERO
wemsxb,1,0,0,0,0,0,0,0,0,A_TRUE_ZERO
1fpfxba,2,0,0,0,0,0,0,0,0,A_TRUE_ZERO
r0t7ud,1,0,0,0,0,0,0,0,0,A_TRUE_ZERO
1l4qhdn,4,0,0,0,0,0,0,0,0,A_TRUE_ZERO
h8zkgx,2,0,0,0,0,0,0,0,0,A_TRUE_ZERO
1j9mg5v,1,0,0,0,0,0,0,0,0,A_TRUE_ZERO
ng97ok,2,0,0,0,0,0,0,0,0,A_TRUE_ZERO
s7swc5,2,0,0,0,0,0,0,0,0,A_TRUE_ZERO
w8ui3s,1,0,0,0,0,0,0,0,0,A_TRUE_ZERO
1dlk1tm,1,0,0,0,0,0,0,0,0,A_TRUE_ZERO
1lvgn33,4,0,0,0,0,0,0,0,0,A_TRUE_ZERO
1fm2hvv,3,0,0,0,0,0,0,0,0,A_TRUE_ZERO
1b7uxi3,1,0,0,0,0,0,0,0,0,A_TRUE_ZERO
1d7mkxq,1,0,0,0,0,0,0,0,0,A_TRUE_ZERO
llk0sy,1,0,0,0,0,0,0,0,0,A_TRUE_ZERO
1e3ifds,2,0,0,0,0,0,0,0,0,A_TRUE_ZERO
kt2hzk,1,0,0,0,0,0,0,0,0,A_TRUE_ZERO
1679u7u,1,0,0,0,0,0,0,0,0,A_TRUE_ZERO
1hvpkou,2,0,0,0,0,0,0,0,0,A_TRUE_ZERO
1odxee5,1,0,0,0,0,0,0,0,0,A_TRUE_ZERO
1dhohj0,3,0,0,0,0,0,0,0,0,A_TRUE_ZERO
ga7mqz,2,0,0,0,0,0,0,0,0,A_TRUE_ZERO
c8ge29,1,0,0,0,0,0,0,0,0,A_TRUE_ZERO
1ctisy8,4,0,0,0,0,0,0,0,0,A_TRUE_ZERO
1qdmrkm,1,0,0,0,0,0,0,0,0,A_TRUE_ZERO
1ryscmb,1,0,0,0,0,0,0,0,0,A_TRUE_ZERO
15zc12a,3,0,0,0,0,0,0,0,0,A_TRUE_ZERO
1ihqcu0,1,0,0,0,0,0,0,0,0,A_TRUE_ZERO
d3idgg,1,0,0,0,0,0,0,0,0,A_TRUE_ZERO
r1gbfx,3,0,0,0,0,0,0,0,0,A_TRUE_ZERO
kk34cg,1,0,0,0,0,0,0,0,0,A_TRUE_ZERO
buly2t,1,0,0,0,0,0,0,0,0,A_TRUE_ZERO
16bkjb8,1,0,0,0,0,0,0,0,0,A_TRUE_ZERO
m31tyu,2,0,0,0,0,0,0,0,0,A_TRUE_ZERO
1depe5b,1,0,0,0,0,0,0,0,0,A_TRUE_ZERO
1ft8v30,1,0,0,0,0,0,0,0,0,A_TRUE_ZERO
1hv79my,1,0,0,0,0,0,0,0,0,A_TRUE_ZERO
f2amn3,2,0,0,0,0,0,0,0,0,A_TRUE_ZERO
1nbzmrh,1,0,0,0,0,0,0,0,0,A_TRUE_ZERO
1974yzf,1,0,0,0,0,0,0,0,0,A_TRUE_ZERO
17kxgyd,1,0,0,0,0,0,0,0,0,A_TRUE_ZERO
ez0y7l,2,0,0,0,0,0,0,0,0,A_TRUE_ZERO
1mox0a1,1,0,0,0,0,0,0,0,0,A_TRUE_ZERO
1q5t3di,2,0,0,0,0,0,0,0,0,A_TRUE_ZERO
7yocaz,1,1,0,0,0,1,0,0,0,B_FILTERED_OUT
opshmc,1,0,0,0,0,0,0,0,0,A_TRUE_ZERO
13jimdx,1,0,0,0,0,0,0,0,0,A_TRUE_ZERO
12qztfp,1,0,0,0,0,0,0,0,0,A_TRUE_ZERO
1o0dsoq,1,0,0,0,0,0,0,0,0,A_TRUE_ZERO
naqq8h,1,0,0,0,0,0,0,0,0,A_TRUE_ZERO
q613ah,1,0,0,0,0,0,0,0,0,A_TRUE_ZERO
wnml4v,2,0,0,0,0,0,0,0,0,A_TRUE_ZERO
u9wcd9,1,0,0,0,0,0,0,0,0,A_TRUE_ZERO
1b56zzo,2,0,0,0,0,0,0,0,0,A_TRUE_ZERO
ftpd84,1,0,0,0,0,0,0,0,0,A_TRUE_ZERO
1i2wn6k,1,0,0,0,0,0,0,0,0,A_TRUE_ZERO
1knahmj,1,0,0,0,0,0,0,0,0,A_TRUE_ZERO
tqkh0b,3,0,0,0,0,0,0,0,0,A_TRUE_ZERO
1fao8l0,1,0,0,0,0,0,0,0,0,A_TRUE_ZERO
i816nx,1,0,0,0,0,0,0,0,0,A_TRUE_ZERO
t85ht2,1,0,0,0,0,0,0,0,0,A_TRUE_ZERO
csk0n1,1,0,0,0,0,0,0,0,0,A_TRUE_ZERO
f9wuuj,1,0,0,0,0,0,0,0,0,A_TRUE_ZERO
1s3iqnh,3,0,0,0,0,0,0,0,0,A_TRUE_ZERO
eno3by,1,0,0,0,0,0,0,0,0,A_TRUE_ZERO
15y2ajt,1,0,0,0,0,0,0,0,0,A_TRUE_ZERO
k6qb90,1,0,0,0,0,0,0,0,0,A_TRUE_ZERO
xvwws5,1,0,0,0,0,0,0,0,0,A_TRUE_ZERO
1ae5oew,2,0,0,0,0,0,0,0,0,A_TRUE_ZERO
xcg1gd,1,0,0,0,0,0,0,0,0,A_TRUE_ZERO
14n77tj,1,0,0,0,0,0,0,0,0,A_TRUE_ZERO
is2oyp,3,0,0,0,0,0,0,0,0,A_TRUE_ZERO
b9diw8,1,0,0,0,0,0,0,0,0,A_TRUE_ZERO
j46k3d,3,0,0,0,0,0,0,0,0,A_TRUE_ZERO
1lwk74d,3,0,0,0,0,0,0,0,0,A_TRUE_ZERO
142kj9n,2,0,0,0,0,0,0,0,0,A_TRUE_ZERO
m0gsvt,1,0,0,0,0,0,0,0,0,A_TRUE_ZERO
ots9sq,1,0,0,0,0,0,0,0,0,A_TRUE_ZERO
1jqcadb,1,0,0,0,0,0,0,0,0,A_TRUE_ZERO
1cpd6n1,3,0,0,0,0,0,0,0,0,A_TRUE_ZERO
1pan2u4,1,0,0,0,0,0,0,0,0,A_TRUE_ZERO
1q4fpl9,1,0,0,0,0,0,0,0,0,A_TRUE_ZERO
ol56er,3,0,0,0,0,0,0,0,0,A_TRUE_ZERO
y9ij43,1,0,0,0,0,0,0,0,0,A_TRUE_ZERO
1fstq94,2,0,0,0,0,0,0,0,0,A_TRUE_ZERO
zsxe0j,1,0,0,0,0,0,0,0,0,A_TRUE_ZERO
gk9oe0,3,0,0,0,0,0,0,0,0,A_TRUE_ZERO
rsl218,1,0,0,0,0,0,0,0,0,A_TRUE_ZERO
vxeg5u,3,0,0,0,0,0,0,0,0,A_TRUE_ZERO
1ko02bd,1,0,0,0,0,0,0,0,0,A_TRUE_ZERO
c8fizo,1,0,0,0,0,0,0,0,0,A_TRUE_ZERO
17gahr7,2,0,0,0,0,0,0,0,0,A_TRUE_ZERO
p3ao1k,3,0,0,0,0,0,0,0,0,A_TRUE_ZERO
blx5n7,2,0,0,0,0,0,0,0,0,A_TRUE_ZERO
mbg1xi,2,0,0,0,0,0,0,0,0,A_TRUE_ZERO
1isk6o5,2,0,0,0,0,0,0,0,0,A_TRUE_ZERO
cbnick,3,0,0,0,0,0,0,0,0,A_TRUE_ZERO
17eyegk,1,0,0,0,0,0,0,0,0,A_TRUE_ZERO
tspi6n,1,0,0,0,0,0,0,0,0,A_TRUE_ZERO
1cmohlb,1,0,0,0,0,0,0,0,0,A_TRUE_ZERO
1opcct6,1,0,0,0,0,0,0,0,0,A_TRUE_ZERO
ogg5w1,2,0,0,0,0,0,0,0,0,A_TRUE_ZERO
17jfw5m,1,0,0,0,0,0,0,0,0,A_TRUE_ZERO
19cvprc,1,0,0,0,0,0,0,0,0,A_TRUE_ZERO
1kithim,1,0,0,0,0,0,0,0,0,A_TRUE_ZERO
11a6z1m,2,0,0,0,0,0,0,0,0,A_TRUE_ZERO
rrb67l,1,0,0,0,0,0,0,0,0,A_TRUE_ZERO
1ecuktz,1,0,0,0,0,0,0,0,0,A_TRUE_ZERO
1i1v6no,2,0,0,0,0,0,0,0,0,A_TRUE_ZERO
1ma29iv,1,0,0,0,0,0,0,0,0,A_TRUE_ZERO
o5o23u,2,0,0,0,0,0,0,0,0,A_TRUE_ZERO
1iz3l9f,1,0,0,0,0,0,0,0,0,A_TRUE_ZERO
ngiboj,1,0,0,0,0,0,0,0,0,A_TRUE_ZERO
1gai170,1,0,0,0,0,0,0,0,0,A_TRUE_ZERO
1sew33p,3,0,0,0,0,0,0,0,0,A_TRUE_ZERO
wp7b9r,2,0,0,0,0,0,0,0,0,A_TRUE_ZERO
1g7ysi5,2,0,0,0,0,0,0,0,0,A_TRUE_ZERO
xko1jv,1,0,0,0,0,0,0,0,0,A_TRUE_ZERO
1crx8ts,1,0,0,0,0,0,0,0,0,A_TRUE_ZERO
d2261q,2,0,0,0,0,0,0,0,0,A_TRUE_ZERO
11r6v4l,1,0,0,0,0,0,0,0,0,A_TRUE_ZERO
rolkcv,1,0,0,0,0,0,0,0,0,A_TRUE_ZERO
1kyd43v,1,0,0,0,0,0,0,0,0,A_TRUE_ZERO
194xwx2,1,0,0,0,0,0,0,0,0,A_TRUE_ZERO
1qjmyng,1,0,0,0,0,0,0,0,0,A_TRUE_ZERO
ta7fod,2,0,0,0,0,0,0,0,0,A_TRUE_ZERO
1g5obkb,1,0,0,0,0,0,0,0,0,A_TRUE_ZERO
1l2st8j,1,0,0,0,0,0,0,0,0,A_TRUE_ZERO
15wpk8e,2,0,0,0,0,0,0,0,0,A_TRUE_ZERO
y9ewqg,2,0,0,0,0,0,0,0,0,A_TRUE_ZERO
135gnbt,1,0,0,0,0,0,0,0,0,A_TRUE_ZERO
17an4ne,2,0,0,0,0,0,0,0,0,A_TRUE_ZERO
1c7uoqu,3,0,0,0,0,0,0,0,0,A_TRUE_ZERO
1b1jqck,1,0,0,0,0,0,0,0,0,A_TRUE_ZERO
1hh37tx,1,0,0,0,0,0,0,0,0,A_TRUE_ZERO
1mzv9ek,1,0,0,0,0,0,0,0,0,A_TRUE_ZERO
m6kcei,2,0,0,0,0,0,0,0,0,A_TRUE_ZERO
1e22tl1,2,0,0,0,0,0,0,0,0,A_TRUE_ZERO
1p4ko0z,2,0,0,0,0,0,0,0,0,A_TRUE_ZERO
10h7evd,4,0,0,0,0,0,0,0,0,A_TRUE_ZERO
1bkgbzl,4,0,0,0,0,0,0,0,0,A_TRUE_ZERO
1hwkkkj,2,0,0,0,0,0,0,0,0,A_TRUE_ZERO
i9fedi,2,0,0,0,0,0,0,0,0,A_TRUE_ZERO
1q26dkw,1,0,0,0,0,0,0,0,0,A_TRUE_ZERO
1e22rxx,3,0,0,0,0,0,0,0,0,A_TRUE_ZERO
m729kw,1,0,0,0,0,0,0,0,0,A_TRUE_ZERO
1de6vbu,3,0,0,0,0,0,0,0,0,A_TRUE_ZERO
mvgz70,1,0,0,0,0,0,0,0,0,A_TRUE_ZERO
1r6c317,1,0,0,0,0,0,0,0,0,A_TRUE_ZERO
1dtqu7w,1,0,0,0,0,0,0,0,0,A_TRUE_ZERO
j5ogcp,3,0,0,0,0,0,0,0,0,A_TRUE_ZERO
1ndk9do,1,0,0,0,0,0,0,0,0,A_TRUE_ZERO
s1jnst,1,0,0,0,0,0,0,0,0,A_TRUE_ZERO
xd0ppu,3,0,0,0,0,0,0,0,0,A_TRUE_ZERO
l5xu5i,4,0,0,0,0,0,0,0,0,A_TRUE_ZERO
wlqoo6,1,0,0,0,0,0,0,0,0,A_TRUE_ZERO
ym7qkr,2,0,0,0,0,0,0,0,0,A_TRUE_ZERO
1angl5y,1,0,0,0,0,0,0,0,0,A_TRUE_ZERO
1phhrzb,1,0,0,0,0,0,0,0,0,A_TRUE_ZERO
tffolf,3,0,0,0,0,0,0,0,0,A_TRUE_ZERO
1bjgjop,1,0,0,0,0,0,0,0,0,A_TRUE_ZERO
ft4ocb,1,0,0,0,0,0,0,0,0,A_TRUE_ZERO
1gwghl2,2,0,0,0,0,0,0,0,0,A_TRUE_ZERO
glan8x,1,0,0,0,0,0,0,0,0,A_TRUE_ZERO
sjvtpl,1,0,0,0,0,0,0,0,0,A_TRUE_ZERO
15u3hgz,1,0,0,0,0,0,0,0,0,A_TRUE_ZERO
w2yc5k,1,0,0,0,0,0,0,0,0,A_TRUE_ZERO
1pg2mnl,1,0,0,0,0,0,0,0,0,A_TRUE_ZERO
1pnkq7w,3,0,0,0,0,0,0,0,0,A_TRUE_ZERO
1pkyyz0,1,0,0,0,0,0,0,0,0,A_TRUE_ZERO
10hn2tb,2,0,0,0,0,0,0,0,0,A_TRUE_ZERO
mb6ysf,1,0,0,0,0,0,0,0,0,A_TRUE_ZERO
1cu09b3,2,0,0,0,0,0,0,0,0,A_TRUE_ZERO
14a5s8k,1,0,0,0,0,0,0,0,0,A_TRUE_ZERO
18o2tei,1,0,0,0,0,0,0,0,0,A_TRUE_ZERO
1kfg4df,1,0,0,0,0,0,0,0,0,A_TRUE_ZERO
rb47jr,2,0,0,0,0,0,0,0,0,A_TRUE_ZERO
1pcwdaz,1,0,0,0,0,0,0,0,0,A_TRUE_ZERO
qe332s,1,0,0,0,0,0,0,0,0,A_TRUE_ZERO
wpmi5a,3,0,0,0,0,0,0,0,0,A_TRUE_ZERO
1am1w4h,1,0,0,0,0,0,0,0,0,A_TRUE_ZERO
kr985i,3,0,0,0,0,0,0,0,0,A_TRUE_ZERO
g9ov6y,1,0,0,0,0,0,0,0,0,A_TRUE_ZERO
1ft7km2,1,0,0,0,0,0,0,0,0,A_TRUE_ZERO
1540zk5,2,0,0,0,0,0,0,0,0,A_TRUE_ZERO
194yarm,1,0,0,0,0,0,0,0,0,A_TRUE_ZERO
eddrsy,2,0,0,0,0,0,0,0,0,A_TRUE_ZERO
lxy0ad,1,0,0,0,0,0,0,0,0,A_TRUE_ZERO
1jw0j72,2,0,0,0,0,0,0,0,0,A_TRUE_ZERO
ll8ylh,2,0,0,0,0,0,0,0,0,A_TRUE_ZERO
v1jkjg,1,0,0,0,0,0,0,0,0,A_TRUE_ZERO
1j0fa8k,1,0,0,0,0,0,0,0,0,A_TRUE_ZERO
qdv68d,2,0,0,0,0,0,0,0,0,A_TRUE_ZERO
rndo77,2,0,0,0,0,0,0,0,0,A_TRUE_ZERO
17gekow,1,0,0,0,0,0,0,0,0,A_TRUE_ZERO
14wvahb,1,0,0,0,0,0,0,0,0,A_TRUE_ZERO
ioj8cc,1,0,0,0,0,0,0,0,0,A_TRUE_ZERO
jfqvkt,2,0,0,0,0,0,0,0,0,A_TRUE_ZERO
1cyojdj,1,0,0,0,0,0,0,0,0,A_TRUE_ZERO
ewxrfd,1,0,0,0,0,0,0,0,0,A_TRUE_ZERO
qe0yts,1,0,0,0,0,0,0,0,0,A_TRUE_ZERO
wvxx2p,1,0,0,0,0,0,0,0,0,A_TRUE_ZERO
1gofbqf,1,0,0,0,0,0,0,0,0,A_TRUE_ZERO
1k13as2,1,0,0,0,0,0,0,0,0,A_TRUE_ZERO
gbk1ze,1,0,0,0,0,0,0,0,0,A_TRUE_ZERO
nkh5pf,2,0,0,0,0,0,0,0,0,A_TRUE_ZERO
1drcy3t,1,0,0,0,0,0,0,0,0,A_TRUE_ZERO
u9fbbo,3,0,0,0,0,0,0,0,0,A_TRUE_ZERO
1p2dcmj,2,0,0,0,0,0,0,0,0,A_TRUE_ZERO
ipo9ip,1,0,0,0,0,0,0,0,0,A_TRUE_ZERO
1juevli,2,0,0,0,0,0,0,0,0,A_TRUE_ZERO
gagguc,3,0,0,0,0,0,0,0,0,A_TRUE_ZERO
1c6onf5,1,0,0,0,0,0,0,0,0,A_TRUE_ZERO
fvdj18,1,0,0,0,0,0,0,0,0,A_TRUE_ZERO
kqkhjl,1,0,0,0,0,0,0,0,0,A_TRUE_ZERO
u8vb8d,1,0,0,0,0,0,0,0,0,A_TRUE_ZERO
s0e4rh,1,0,0,0,0,0,0,0,0,A_TRUE_ZERO
1cxc512,1,0,0,0,0,0,0,0,0,A_TRUE_ZERO
1ehuk4e,1,0,0,0,0,0,0,0,0,A_TRUE_ZERO
1bdhdh3,1,0,0,0,0,0,0,0,0,A_TRUE_ZERO
ihyitw,2,0,0,0,0,0,0,0,0,A_TRUE_ZERO
19e356c,3,0,0,0,0,0,0,0,0,A_TRUE_ZERO
k5qr8f,1,0,0,0,0,0,0,0,0,A_TRUE_ZERO
sypool,1,0,0,0,0,0,0,0,0,A_TRUE_ZERO
10cw5ta,1,0,0,0,0,0,0,0,0,A_TRUE_ZERO
16r2r67,1,0,0,0,0,0,0,0,0,A_TRUE_ZERO
1bj5k0v,1,0,0,0,0,0,0,0,0,A_TRUE_ZERO
k5bx13,1,0,0,0,0,0,0,0,0,A_TRUE_ZERO
vj6p9b,2,0,0,0,0,0,0,0,0,A_TRUE_ZERO
1slyzaz,1,0,0,0,0,0,0,0,0,A_TRUE_ZERO
1rmjycz,2,0,0,0,0,0,0,0,0,A_TRUE_ZERO
1gcvtj4,1,0,0,0,0,0,0,0,0,A_TRUE_ZERO
jokc1w,2,0,0,0,0,0,0,0,0,A_TRUE_ZERO
1f9bk8y,1,0,0,0,0,0,0,0,0,A_TRUE_ZERO
jsjuxw,2,0,0,0,0,0,0,0,0,A_TRUE_ZERO
1b3wdfh,2,0,0,0,0,0,0,0,0,A_TRUE_ZERO
1dvk9ao,2,0,0,0,0,0,0,0,0,A_TRUE_ZERO
1m6xuf0,2,0,0,0,0,0,0,0,0,A_TRUE_ZERO
1njbezx,1,0,0,0,0,0,0,0,0,A_TRUE_ZERO
wqv8yt,3,0,0,0,0,0,0,0,0,A_TRUE_ZERO
1hdopsf,1,0,0,0,0,0,0,0,0,A_TRUE_ZERO
113xnp9,2,0,0,0,0,0,0,0,0,A_TRUE_ZERO
v6iza0,2,0,0,0,0,0,0,0,0,A_TRUE_ZERO
1hdpqvu,1,0,0,0,0,0,0,0,0,A_TRUE_ZERO
1eav00n,1,0,0,0,0,0,0,0,0,A_TRUE_ZERO
1k7iq82,1,0,0,0,0,0,0,0,0,A_TRUE_ZERO
glyulx,2,0,0,0,0,0,0,0,0,A_TRUE_ZERO
14px8wt,1,0,0,0,0,0,0,0,0,A_TRUE_ZERO
yvmhu1,4,0,0,0,0,0,0,0,0,A_TRUE_ZERO
1g4o9y6,1,0,0,0,0,0,0,0,0,A_TRUE_ZERO
1evmxl6,2,0,0,0,0,0,0,0,0,A_TRUE_ZERO
14ry59g,1,0,0,0,0,0,0,0,0,A_TRUE_ZERO
c50toz,1,0,0,0,0,0,0,0,0,A_TRUE_ZERO
fl9nxk,1,0,0,0,0,0,0,0,0,A_TRUE_ZERO
ydh4zi,2,0,0,0,0,0,0,0,0,A_TRUE_ZERO
dgnzpx,1,0,0,0,0,0,0,0,0,A_TRUE_ZERO
lfhiyc,2,0,0,0,0,0,0,0,0,A_TRUE_ZERO
1lqlcwg,1,0,0,0,0,0,0,0,0,A_TRUE_ZERO
m8x4kc,1,0,0,0,0,0,0,0,0,A_TRUE_ZERO
1l68dx9,1,0,0,0,0,0,0,0,0,A_TRUE_ZERO
1m4fdis,1,0,0,0,0,0,0,0,0,A_TRUE_ZERO
qlfqbi,2,0,0,0,0,0,0,0,0,A_TRUE_ZERO
kvqegv,1,0,0,0,0,0,0,0,0,A_TRUE_ZERO
1i2bojc,1,0,0,0,0,0,0,0,0,A_TRUE_ZERO
gak6ku,3,0,0,0,0,0,0,0,0,A_TRUE_ZERO
hsvu84,3,0,0,0,0,0,0,0,0,A_TRUE_ZERO
g2nv0z,2,0,0,0,0,0,0,0,0,A_TRUE_ZERO
wunhs7,1,0,0,0,0,0,0,0,0,A_TRUE_ZERO
1mwtarq,2,0,0,0,0,0,0,0,0,A_TRUE_ZERO
1otr3r2,1,0,0,0,0,0,0,0,0,A_TRUE_ZERO
17g3sth,2,0,0,0,0,0,0,0,0,A_TRUE_ZERO
m79fxt,3,0,0,0,0,0,0,0,0,A_TRUE_ZERO
1an3o6n,1,0,0,0,0,0,0,0,0,A_TRUE_ZERO
fgpgkb,1,0,0,0,0,0,0,0,0,A_TRUE_ZERO
149wsiy,2,0,0,0,0,0,0,0,0,A_TRUE_ZERO
1qtjcwx,1,0,0,0,0,0,0,0,0,A_TRUE_ZERO
906ngt,1,2,1,0,0,1,0,0,0,B_FILTERED_OUT
1nko0gb,1,0,0,0,0,0,0,0,0,A_TRUE_ZERO
cwvqui,2,0,0,0,0,0,0,0,0,A_TRUE_ZERO
m26c6a,2,0,0,0,0,0,0,0,0,A_TRUE_ZERO
pytt3v,1,0,0,0,0,0,0,0,0,A_TRUE_ZERO
f2fmsy,1,0,0,0,0,0,0,0,0,A_TRUE_ZERO
sq6ej1,1,0,0,0,0,0,0,0,0,A_TRUE_ZERO
g7hft2,4,0,0,0,0,0,0,0,0,A_TRUE_ZERO
rm95fa,1,0,0,0,0,0,0,0,0,A_TRUE_ZERO
v8ooue,1,0,0,0,0,0,0,0,0,A_TRUE_ZERO
o3j0h7,1,0,0,0,0,0,0,0,0,A_TRUE_ZERO
qg7al4,2,0,0,0,0,0,0,0,0,A_TRUE_ZERO
1jvtpub,3,0,0,0,0,0,0,0,0,A_TRUE_ZERO
1kbhnva,1,0,0,0,0,0,0,0,0,A_TRUE_ZERO
1p15n03,2,0,0,0,0,0,0,0,0,A_TRUE_ZERO
1g6nf7o,2,0,0,0,0,0,0,0,0,A_TRUE_ZERO
uilej3,2,0,0,0,0,0,0,0,0,A_TRUE_ZERO
gfqrhd,1,0,0,0,0,0,0,0,0,A_TRUE_ZERO
1nw3145,1,0,0,0,0,0,0,0,0,A_TRUE_ZERO
uidihr,3,0,0,0,0,0,0,0,0,A_TRUE_ZERO
1knhceg,1,0,0,0,0,0,0,0,0,A_TRUE_ZERO
1g8ph57,2,0,0,0,0,0,0,0,0,A_TRUE_ZERO
1s6kksm,2,0,0,0,0,0,0,0,0,A_TRUE_ZERO
1pioxb2,1,0,0,0,0,0,0,0,0,A_TRUE_ZERO
16v1krw,1,0,0,0,0,0,0,0,0,A_TRUE_ZERO
gypvtp,1,0,0,0,0,0,0,0,0,A_TRUE_ZERO
1q2wo09,1,0,0,0,0,0,0,0,0,A_TRUE_ZERO
18t1k12,3,0,0,0,0,0,0,0,0,A_TRUE_ZERO
1blhse9,1,0,0,0,0,0,0,0,0,A_TRUE_ZERO
dwxmrt,1,0,0,0,0,0,0,0,0,A_TRUE_ZERO
f1lse8,1,0,0,0,0,0,0,0,0,A_TRUE_ZERO
kt97qi,2,0,0,0,0,0,0,0,0,A_TRUE_ZERO
obir4h,2,0,0,0,0,0,0,0,0,A_TRUE_ZERO
bgqo48,1,0,0,0,0,0,0,0,0,A_TRUE_ZERO
c7lack,2,0,0,0,0,0,0,0,0,A_TRUE_ZERO
w044i3,1,0,0,0,0,0,0,0,0,A_TRUE_ZERO
etaajb,1,0,0,0,0,0,0,0,0,A_TRUE_ZERO
eja7ce,2,0,0,0,0,0,0,0,0,A_TRUE_ZERO
1kpx5e5,1,0,0,0,0,0,0,0,0,A_TRUE_ZERO
1axjuaq,2,0,0,0,0,0,0,0,0,A_TRUE_ZERO
1ezaviv,1,0,0,0,0,0,0,0,0,A_TRUE_ZERO
yl45cf,1,0,0,0,0,0,0,0,0,A_TRUE_ZERO
ol5ubw,3,0,0,0,0,0,0,0,0,A_TRUE_ZERO
q81t98,1,0,0,0,0,0,0,0,0,A_TRUE_ZERO
boixky,1,0,0,0,0,0,0,0,0,A_TRUE_ZERO
d3qnio,1,0,0,0,0,0,0,0,0,A_TRUE_ZERO
f5x7eh,1,0,0,0,0,0,0,0,0,A_TRUE_ZERO
1s6z8mg,2,0,0,0,0,0,0,0,0,A_TRUE_ZERO
teredt,1,0,0,0,0,0,0,0,0,A_TRUE_ZERO
1qokhzp,3,0,0,0,0,0,0,0,0,A_TRUE_ZERO
1lq3d68,1,0,0,0,0,0,0,0,0,A_TRUE_ZERO
1k02ou1,2,0,0,0,0,0,0,0,0,A_TRUE_ZERO
idhavt,1,0,0,0,0,0,0,0,0,A_TRUE_ZERO
xsfp8r,4,0,0,0,0,0,0,0,0,A_TRUE_ZERO
1jqusap,3,0,0,0,0,0,0,0,0,A_TRUE_ZERO
icw4tu,1,0,0,0,0,0,0,0,0,A_TRUE_ZERO
10apk12,2,0,0,0,0,0,0,0,0,A_TRUE_ZERO
vyzgqp,3,0,0,0,0,0,0,0,0,A_TRUE_ZERO
1hyijaq,2,0,0,0,0,0,0,0,0,A_TRUE_ZERO
1akjv6y,3,0,0,0,0,0,0,0,0,A_TRUE_ZERO
tc1tyq,1,0,0,0,0,0,0,0,0,A_TRUE_ZERO
1oiox1b,1,0,0,0,0,0,0,0,0,A_TRUE_ZERO
scqj3b,2,0,0,0,0,0,0,0,0,A_TRUE_ZERO
1h4yj9f,3,0,0,0,0,0,0,0,0,A_TRUE_ZERO
1h93uyr,1,0,0,0,0,0,0,0,0,A_TRUE_ZERO
14kagx1,2,0,0,0,0,0,0,0,0,A_TRUE_ZERO
wn6f1l,1,0,0,0,0,0,0,0,0,A_TRUE_ZERO
qsex1p,1,0,0,0,0,0,0,0,0,A_TRUE_ZERO
1pk1buu,1,0,0,0,0,0,0,0,0,A_TRUE_ZERO
10kypl4,1,0,0,0,0,0,0,0,0,A_TRUE_ZERO
1s3vmbm,1,0,0,0,0,0,0,0,0,A_TRUE_ZERO
1ax9nv5,1,0,0,0,0,0,0,0,0,A_TRUE_ZERO
18sfbcc,2,0,0,0,0,0,0,0,0,A_TRUE_ZERO
m0yg4w,2,0,0,0,0,0,0,0,0,A_TRUE_ZERO
yqs4bk,2,0,0,0,0,0,0,0,0,A_TRUE_ZERO
1afu4pi,2,0,0,0,0,0,0,0,0,A_TRUE_ZERO
1kyttmx,1,0,0,0,0,0,0,0,0,A_TRUE_ZERO
1knc23q,1,0,0,0,0,0,0,0,0,A_TRUE_ZERO
1ian605,4,0,0,0,0,0,0,0,0,A_TRUE_ZERO
1cmm7lw,1,0,0,0,0,0,0,0,0,A_TRUE_ZERO
r2aijh,2,0,0,0,0,0,0,0,0,A_TRUE_ZERO
tyl6zd,1,0,0,0,0,0,0,0,0,A_TRUE_ZERO
1dz0mzw,2,0,0,0,0,0,0,0,0,A_TRUE_ZERO
1l4jmdy,1,0,0,0,0,0,0,0,0,A_TRUE_ZERO
12rtevw,1,0,0,0,0,0,0,0,0,A_TRUE_ZERO
17zq32o,3,0,0,0,0,0,0,0,0,A_TRUE_ZERO
1po78d9,1,0,0,0,0,0,0,0,0,A_TRUE_ZERO
o179ui,1,0,0,0,0,0,0,0,0,A_TRUE_ZERO
vi77oo,2,0,0,0,0,0,0,0,0,A_TRUE_ZERO
xxhd9t,2,0,0,0,0,0,0,0,0,A_TRUE_ZERO
171vzum,3,0,0,0,0,0,0,0,0,A_TRUE_ZERO
e2veyt,2,0,0,0,0,0,0,0,0,A_TRUE_ZERO
cky9eo,4,0,0,0,0,0,0,0,0,A_TRUE_ZERO
tjnqpa,2,0,0,0,0,0,0,0,0,A_TRUE_ZERO
ksnf70,1,0,0,0,0,0,0,0,0,A_TRUE_ZERO
hm90in,2,0,0,0,0,0,0,0,0,A_TRUE_ZERO
y2cr6g,4,0,0,0,0,0,0,0,0,A_TRUE_ZERO
1bnqedc,1,0,0,0,0,0,0,0,0,A_TRUE_ZERO
191momm,2,0,0,0,0,0,0,0,0,A_TRUE_ZERO
grpinb,1,0,0,0,0,0,0,0,0,A_TRUE_ZERO
1cxae6n,1,0,0,0,0,0,0,0,0,A_TRUE_ZERO
yqkvqg,1,0,0,0,0,0,0,0,0,A_TRUE_ZERO
1mi9mur,2,0,0,0,0,0,0,0,0,A_TRUE_ZERO
12yfhia,2,0,0,0,0,0,0,0,0,A_TRUE_ZERO
clmwch,1,0,0,0,0,0,0,0,0,A_TRUE_ZERO
w7qqi5,1,0,0,0,0,0,0,0,0,A_TRUE_ZERO
xciaii,2,0,0,0,0,0,0,0,0,A_TRUE_ZERO
g7e9w3,1,0,0,0,0,0,0,0,0,A_TRUE_ZERO
1bpavdo,2,0,0,0,0,0,0,0,0,A_TRUE_ZERO
f7goo0,3,0,0,0,0,0,0,0,0,A_TRUE_ZERO
19d696w,1,0,0,0,0,0,0,0,0,A_TRUE_ZERO
lmrulp,2,0,0,0,0,0,0,0,0,A_TRUE_ZERO
12yxr44,2,0,0,0,0,0,0,0,0,A_TRUE_ZERO
chdbhg,1,0,0,0,0,0,0,0,0,A_TRUE_ZERO
1al91k1,3,0,0,0,0,0,0,0,0,A_TRUE_ZERO
1l5dk8p,2,0,0,0,0,0,0,0,0,A_TRUE_ZERO
1945i1x,1,0,0,0,0,0,0,0,0,A_TRUE_ZERO
1rgs26b,1,0,0,0,0,0,0,0,0,A_TRUE_ZERO
cwzzeq,2,0,0,0,0,0,0,0,0,A_TRUE_ZERO
qazr3w,1,0,0,0,0,0,0,0,0,A_TRUE_ZERO
10i2779,3,0,0,0,0,0,0,0,0,A_TRUE_ZERO
1c1cbno,3,0,0,0,0,0,0,0,0,A_TRUE_ZERO
1cy7nkn,3,0,0,0,0,0,0,0,0,A_TRUE_ZERO
c0mxjv,1,0,0,0,0,0,0,0,0,A_TRUE_ZERO
1bfje7w,1,0,0,0,0,0,0,0,0,A_TRUE_ZERO
ou7305,1,0,0,0,0,0,0,0,0,A_TRUE_ZERO
1b1dlct,2,0,0,0,0,0,0,0,0,A_TRUE_ZERO
1e8lkad,1,0,0,0,0,0,0,0,0,A_TRUE_ZERO
1ghdynx,1,0,0,0,0,0,0,0,0,A_TRUE_ZERO
ctenhj,1,0,0,0,0,0,0,0,0,A_TRUE_ZERO
d89lk1,1,0,0,0,0,0,0,0,0,A_TRUE_ZERO
gwmv1h,3,0,0,0,0,0,0,0,0,A_TRUE_ZERO
qvegh2,1,0,0,0,0,0,0,0,0,A_TRUE_ZERO
1h9gfax,1,0,0,0,0,0,0,0,0,A_TRUE_ZERO
vpi6j8,1,0,0,0,0,0,0,0,0,A_TRUE_ZERO
1bnnvmn,1,0,0,0,0,0,0,0,0,A_TRUE_ZERO
zseq93,1,0,0,0,0,0,0,0,0,A_TRUE_ZERO
13jh1hi,2,0,0,0,0,0,0,0,0,A_TRUE_ZERO
1d3uewd,3,0,0,0,0,0,0,0,0,A_TRUE_ZERO
blvwkd,1,0,0,0,0,0,0,0,0,A_TRUE_ZERO
1kcn336,2,0,0,0,0,0,0,0,0,A_TRUE_ZERO
y9u0x9,3,0,0,0,0,0,0,0,0,A_TRUE_ZERO
1fzqhkn,1,0,0,0,0,0,0,0,0,A_TRUE_ZERO
baiu4j,2,0,0,0,0,0,0,0,0,A_TRUE_ZERO
1eecvrk,1,0,0,0,0,0,0,0,0,A_TRUE_ZERO
1son557,3,0,0,0,0,0,0,0,0,A_TRUE_ZERO
1b1i46t,1,0,0,0,0,0,0,0,0,A_TRUE_ZERO
9wpvij,1,0,0,0,0,0,0,0,0,A_TRUE_ZERO
r7jt2a,1,0,0,0,0,0,0,0,0,A_TRUE_ZERO
b8y98k,2,0,0,0,0,0,0,0,0,A_TRUE_ZERO
11idd0y,2,0,0,0,0,0,0,0,0,A_TRUE_ZERO
1eea2ud,3,0,0,0,0,0,0,0,0,A_TRUE_ZERO
cmo2il,1,0,0,0,0,0,0,0,0,A_TRUE_ZERO
cto7uh,1,0,0,0,0,0,0,0,0,A_TRUE_ZERO
f3gipv,2,0,0,0,0,0,0,0,0,A_TRUE_ZERO
16lkiyi,2,0,0,0,0,0,0,0,0,A_TRUE_ZERO
1erikwg,1,0,0,0,0,0,0,0,0,A_TRUE_ZERO
1iwwmat,2,0,0,0,0,0,0,0,0,A_TRUE_ZERO
13fzpv4,2,0,0,0,0,0,0,0,0,A_TRUE_ZERO
16u62fu,1,0,0,0,0,0,0,0,0,A_TRUE_ZERO
tyjl9i,1,0,0,0,0,0,0,0,0,A_TRUE_ZERO
df97rx,2,0,0,0,0,0,0,0,0,A_TRUE_ZERO
i45td4,3,0,0,0,0,0,0,0,0,A_TRUE_ZERO
n5jv5i,4,0,0,0,0,0,0,0,0,A_TRUE_ZERO
136stnk,1,0,0,0,0,0,0,0,0,A_TRUE_ZERO
1m5fze0,1,1,0,0,0,1,0,0,0,B_FILTERED_OUT
1s6ezq1,2,0,0,0,0,0,0,0,0,A_TRUE_ZERO
uizb3p,2,0,0,0,0,0,0,0,0,A_TRUE_ZERO
yffyb5,1,0,0,0,0,0,0,0,0,A_TRUE_ZERO
1lk7iuv,1,0,0,0,0,0,0,0,0,A_TRUE_ZERO
1ocozxu,1,0,0,0,0,0,0,0,0,A_TRUE_ZERO
1d5upmt,2,0,0,0,0,0,0,0,0,A_TRUE_ZERO
17aan5h,1,0,0,0,0,0,0,0,0,A_TRUE_ZERO
bcko95,1,0,0,0,0,0,0,0,0,A_TRUE_ZERO
t929ir,2,0,0,0,0,0,0,0,0,A_TRUE_ZERO
1bupzlz,1,0,0,0,0,0,0,0,0,A_TRUE_ZERO
16z4pa0,1,0,0,0,0,0,0,0,0,A_TRUE_ZERO
dq6hgi,1,0,0,0,0,0,0,0,0,A_TRUE_ZERO
ru5um2,1,0,0,0,0,0,0,0,0,A_TRUE_ZERO
1bwscu4,1,0,0,0,0,0,0,0,0,A_TRUE_ZERO
1lnyq5u,2,0,0,0,0,0,0,0,0,A_TRUE_ZERO
1cb6t0r,1,0,0,0,0,0,0,0,0,A_TRUE_ZERO
ywd39n,2,0,0,0,0,0,0,0,0,A_TRUE_ZERO
1qigs66,1,0,0,0,0,0,0,0,0,A_TRUE_ZERO
1l4jpc1,3,0,0,0,0,0,0,0,0,A_TRUE_ZERO
hgbl35,2,0,0,0,0,0,0,0,0,A_TRUE_ZERO
fb9hta,1,0,0,0,0,0,0,0,0,A_TRUE_ZERO
17cnqlm,3,0,0,0,0,0,0,0,0,A_TRUE_ZERO
1i3mk92,2,0,0,0,0,0,0,0,0,A_TRUE_ZERO
1rhaevx,1,0,0,0,0,0,0,0,0,A_TRUE_ZERO
yl3cz3,3,0,0,0,0,0,0,0,0,A_TRUE_ZERO
1c7c5gb,1,0,0,0,0,0,0,0,0,A_TRUE_ZERO
1pepjmc,2,0,0,0,0,0,0,0,0,A_TRUE_ZERO
1ijzrr6,1,0,0,0,0,0,0,0,0,A_TRUE_ZERO
17wvfw3,1,0,0,0,0,0,0,0,0,A_TRUE_ZERO
o63wue,1,0,0,0,0,0,0,0,0,A_TRUE_ZERO
w2oai8,4,0,0,0,0,0,0,0,0,A_TRUE_ZERO
fkpwkq,2,0,0,0,0,0,0,0,0,A_TRUE_ZERO
dptr4x,1,0,0,0,0,0,0,0,0,A_TRUE_ZERO
ktgn1p,2,0,0,0,0,0,0,0,0,A_TRUE_ZERO
1ayrdwt,1,0,0,0,0,0,0,0,0,A_TRUE_ZERO
mdouqc,1,0,0,0,0,0,0,0,0,A_TRUE_ZERO
1f7yhy4,1,0,0,0,0,0,0,0,0,A_TRUE_ZERO
1elikwk,1,0,0,0,0,0,0,0,0,A_TRUE_ZERO
1ks92ek,1,0,0,0,0,0,0,0,0,A_TRUE_ZERO
wyc6ta,2,0,0,0,0,0,0,0,0,A_TRUE_ZERO
yv4sg7,1,0,0,0,0,0,0,0,0,A_TRUE_ZERO
poij1i,2,0,0,0,0,0,0,0,0,A_TRUE_ZERO
1jz52na,1,0,0,0,0,0,0,0,0,A_TRUE_ZERO
17ce7uj,3,0,0,0,0,0,0,0,0,A_TRUE_ZERO
msetjv,2,0,0,0,0,0,0,0,0,A_TRUE_ZERO
1i8r832,1,0,0,0,0,0,0,0,0,A_TRUE_ZERO
uhpbpt,2,0,0,0,0,0,0,0,0,A_TRUE_ZERO
1dd4v83,1,0,0,0,0,0,0,0,0,A_TRUE_ZERO
1n1v48t,2,0,0,0,0,0,0,0,0,A_TRUE_ZERO
c5xdre,1,0,0,0,0,0,0,0,0,A_TRUE_ZERO
13d509u,1,0,0,0,0,0,0,0,0,A_TRUE_ZERO
13i3wos,1,0,0,0,0,0,0,0,0,A_TRUE_ZERO
c7y30z,1,0,0,0,0,0,0,0,0,A_TRUE_ZERO
11gndgl,1,0,0,0,0,0,0,0,0,A_TRUE_ZERO
1nvcird,1,0,0,0,0,0,0,0,0,A_TRUE_ZERO
tfgegq,1,0,0,0,0,0,0,0,0,A_TRUE_ZERO
1c5yb2o,2,0,0,0,0,0,0,0,0,A_TRUE_ZERO
1b8o7li,2,0,0,0,0,0,0,0,0,A_TRUE_ZERO
l26u0u,2,0,0,0,0,0,0,0,0,A_TRUE_ZERO
kdmvxn,2,0,0,0,0,0,0,0,0,A_TRUE_ZERO
17vhqnc,1,0,0,0,0,0,0,0,0,A_TRUE_ZERO
gmayut,1,0,0,0,0,0,0,0,0,A_TRUE_ZERO
um2bn1,2,0,0,0,0,0,0,0,0,A_TRUE_ZERO
x7e0qv,1,0,0,0,0,0,0,0,0,A_TRUE_ZERO
eolqjv,1,0,0,0,0,0,0,0,0,A_TRUE_ZERO
eovi7s,1,0,0,0,0,0,0,0,0,A_TRUE_ZERO
g4pdx7,1,0,0,0,0,0,0,0,0,A_TRUE_ZERO
yl5alh,3,0,0,0,0,0,0,0,0,A_TRUE_ZERO
ri087o,1,0,0,0,0,0,0,0,0,A_TRUE_ZERO
jsx42d,1,0,0,0,0,0,0,0,0,A_TRUE_ZERO
kutscm,2,0,0,0,0,0,0,0,0,A_TRUE_ZERO
yik862,1,0,0,0,0,0,0,0,0,A_TRUE_ZERO
l8yvqz,2,0,0,0,0,0,0,0,0,A_TRUE_ZERO
1dz75rn,3,0,0,0,0,0,0,0,0,A_TRUE_ZERO
197qknb,1,0,0,0,0,0,0,0,0,A_TRUE_ZERO
1rh1nfv,1,0,0,0,0,0,0,0,0,A_TRUE_ZERO
18fvp0m,3,0,0,0,0,0,0,0,0,A_TRUE_ZERO
1cwjmae,1,0,0,0,0,0,0,0,0,A_TRUE_ZERO
d1sjrl,2,0,0,0,0,0,0,0,0,A_TRUE_ZERO
14y00mt,1,0,0,0,0,0,0,0,0,A_TRUE_ZERO
174zzd8,1,0,0,0,0,0,0,0,0,A_TRUE_ZERO
1gxld2y,3,0,0,0,0,0,0,0,0,A_TRUE_ZERO
1j0dvgu,2,0,0,0,0,0,0,0,0,A_TRUE_ZERO
1dz2aos,2,0,0,0,0,0,0,0,0,A_TRUE_ZERO
1cyu1s0,1,0,0,0,0,0,0,0,0,A_TRUE_ZERO
1kfh0j0,2,0,0,0,0,0,0,0,0,A_TRUE_ZERO
1pc8o07,4,0,0,0,0,0,0,0,0,A_TRUE_ZERO
1l8hkjy,1,0,0,0,0,0,0,0,0,A_TRUE_ZERO
d6ykai,1,0,0,0,0,0,0,0,0,A_TRUE_ZERO
1i3kiz4,2,0,0,0,0,0,0,0,0,A_TRUE_ZERO
wg6w6n,2,0,0,0,0,0,0,0,0,A_TRUE_ZERO
1pjvi56,3,0,0,0,0,0,0,0,0,A_TRUE_ZERO
1dox71r,1,0,0,0,0,0,0,0,0,A_TRUE_ZERO
11z6l0c,2,0,0,0,0,0,0,0,0,A_TRUE_ZERO
f1ac3i,2,0,0,0,0,0,0,0,0,A_TRUE_ZERO
1jf9f2p,1,0,0,0,0,0,0,0,0,A_TRUE_ZERO
orpmzx,3,0,0,0,0,0,0,0,0,A_TRUE_ZERO
16oq2pz,1,0,0,0,0,0,0,0,0,A_TRUE_ZERO
1o2keq0,1,0,0,0,0,0,0,0,0,A_TRUE_ZERO
1as5azu,2,0,0,0,0,0,0,0,0,A_TRUE_ZERO
15bo1v7,1,0,0,0,0,0,0,0,0,A_TRUE_ZERO
1hxnhi2,1,0,0,0,0,0,0,0,0,A_TRUE_ZERO
kd7122,3,0,0,0,0,0,0,0,0,A_TRUE_ZERO
yogn0o,1,0,0,0,0,0,0,0,0,A_TRUE_ZERO
u2h5nv,1,0,0,0,0,0,0,0,0,A_TRUE_ZERO
io6xk6,1,0,0,0,0,0,0,0,0,A_TRUE_ZERO
fh747o,3,0,0,0,0,0,0,0,0,A_TRUE_ZERO
1ne1532,1,0,0,0,0,0,0,0,0,A_TRUE_ZERO
qfcrj6,1,0,0,0,0,0,0,0,0,A_TRUE_ZERO
gaalbg,2,0,0,0,0,0,0,0,0,A_TRUE_ZERO
qnf70h,2,0,0,0,0,0,0,0,0,A_TRUE_ZERO
kvr5gh,2,0,0,0,0,0,0,0,0,A_TRUE_ZERO
epkz3p,1,0,0,0,0,0,0,0,0,A_TRUE_ZERO
16kv9yz,1,0,0,0,0,0,0,0,0,A_TRUE_ZERO
1992af0,2,0,0,0,0,0,0,0,0,A_TRUE_ZERO
c9504t,3,0,0,0,0,0,0,0,0,A_TRUE_ZERO
1fa7vqv,1,0,0,0,0,0,0,0,0,A_TRUE_ZERO
f73rre,3,0,0,0,0,0,0,0,0,A_TRUE_ZERO
1rme37n,1,0,0,0,0,0,0,0,0,A_TRUE_ZERO
1ja4k6f,3,0,0,0,0,0,0,0,0,A_TRUE_ZERO
1jreowh,2,0,0,0,0,0,0,0,0,A_TRUE_ZERO
1nwyjss,2,0,0,0,0,0,0,0,0,A_TRUE_ZERO
ch23qk,1,0,0,0,0,0,0,0,0,A_TRUE_ZERO
1s2ix7r,1,0,0,0,0,0,0,0,0,A_TRUE_ZERO
sx7rpk,1,0,0,0,0,0,0,0,0,A_TRUE_ZERO
gg4ncd,1,0,0,0,0,0,0,0,0,A_TRUE_ZERO
t4b3ml,1,0,0,0,0,0,0,0,0,A_TRUE_ZERO
rcnsel,1,0,0,0,0,0,0,0,0,A_TRUE_ZERO
1gn17vy,1,0,0,0,0,0,0,0,0,A_TRUE_ZERO
1j9ksk5,2,0,0,0,0,0,0,0,0,A_TRUE_ZERO
1c8uxbi,3,0,0,0,0,0,0,0,0,A_TRUE_ZERO
1ebtfl9,2,0,0,0,0,0,0,0,0,A_TRUE_ZERO
1mih39w,4,0,0,0,0,0,0,0,0,A_TRUE_ZERO
15a4zeo,1,0,0,0,0,0,0,0,0,A_TRUE_ZERO
lfpldy,1,0,0,0,0,0,0,0,0,A_TRUE_ZERO
bzg4ze,3,0,0,0,0,0,0,0,0,A_TRUE_ZERO
tqilti,1,0,0,0,0,0,0,0,0,A_TRUE_ZERO
1pkwswa,1,0,0,0,0,0,0,0,0,A_TRUE_ZERO
zrmvob,1,0,0,0,0,0,0,0,0,A_TRUE_ZERO
14nya4t,2,0,0,0,0,0,0,0,0,A_TRUE_ZERO
xf1eq7,2,0,0,0,0,0,0,0,0,A_TRUE_ZERO
wvxce9,2,0,0,0,0,0,0,0,0,A_TRUE_ZERO
buzj7r,2,0,0,0,0,0,0,0,0,A_TRUE_ZERO
1rtl83o,2,0,0,0,0,0,0,0,0,A_TRUE_ZERO
1j9fxi5,1,0,0,0,0,0,0,0,0,A_TRUE_ZERO
1ica2ww,1,0,0,0,0,0,0,0,0,A_TRUE_ZERO
1gj1jeu,2,0,0,0,0,0,0,0,0,A_TRUE_ZERO
1i2qrck,1,0,0,0,0,0,0,0,0,A_TRUE_ZERO
1fuhpiw,2,0,0,0,0,0,0,0,0,A_TRUE_ZERO
1str7lk,3,0,0,0,0,0,0,0,0,A_TRUE_ZERO
1geqa2r,1,0,0,0,0,0,0,0,0,A_TRUE_ZERO
1djf26u,1,0,0,0,0,0,0,0,0,A_TRUE_ZERO
1jwjwhp,1,0,0,0,0,0,0,0,0,A_TRUE_ZERO
e2kf9d,2,0,0,0,0,0,0,0,0,A_TRUE_ZERO
zdy63k,3,0,0,0,0,0,0,0,0,A_TRUE_ZERO
qst83p,3,0,0,0,0,0,0,0,0,A_TRUE_ZERO
15umphl,1,0,0,0,0,0,0,0,0,A_TRUE_ZERO
1ise1y1,1,0,0,0,0,0,0,0,0,A_TRUE_ZERO
1sujkb2,2,0,0,0,0,0,0,0,0,A_TRUE_ZERO
ojnkpp,1,0,0,0,0,0,0,0,0,A_TRUE_ZERO
1ie48cu,1,0,0,0,0,0,0,0,0,A_TRUE_ZERO
1pbyx33,2,0,0,0,0,0,0,0,0,A_TRUE_ZERO
ze2ili,2,0,0,0,0,0,0,0,0,A_TRUE_ZERO
lhih0u,4,0,0,0,0,0,0,0,0,A_TRUE_ZERO
qohaj4,2,0,0,0,0,0,0,0,0,A_TRUE_ZERO
16s38yj,1,0,0,0,0,0,0,0,0,A_TRUE_ZERO
s9e5yf,1,0,0,0,0,0,0,0,0,A_TRUE_ZERO
1s4r51h,1,0,0,0,0,0,0,0,0,A_TRUE_ZERO
1141uii,1,0,0,0,0,0,0,0,0,A_TRUE_ZERO
15h0u3l,2,0,0,0,0,0,0,0,0,A_TRUE_ZERO
1301pwu,2,0,0,0,0,0,0,0,0,A_TRUE_ZERO
iggk19,3,0,0,0,0,0,0,0,0,A_TRUE_ZERO
1esmiqg,1,0,0,0,0,0,0,0,0,A_TRUE_ZERO
1f5057n,3,0,0,0,0,0,0,0,0,A_TRUE_ZERO
12bs9cc,2,0,0,0,0,0,0,0,0,A_TRUE_ZERO
hildmk,1,0,0,0,0,0,0,0,0,A_TRUE_ZERO
puyvhn,3,0,0,0,0,0,0,0,0,A_TRUE_ZERO
gtqt45,1,0,0,0,0,0,0,0,0,A_TRUE_ZERO
1ld834t,1,0,0,0,0,0,0,0,0,A_TRUE_ZERO
10ztkbb,3,0,0,0,0,0,0,0,0,A_TRUE_ZERO
kzjmvm,1,0,0,0,0,0,0,0,0,A_TRUE_ZERO
ql4y2f,3,0,0,0,0,0,0,0,0,A_TRUE_ZERO
1e0p0um,2,0,0,0,0,0,0,0,0,A_TRUE_ZERO
1bagj7o,1,0,0,0,0,0,0,0,0,A_TRUE_ZERO
15c025z,2,0,0,0,0,0,0,0,0,A_TRUE_ZERO
da8ala,1,0,0,0,0,0,0,0,0,A_TRUE_ZERO
nycmma,1,0,0,0,0,0,0,0,0,A_TRUE_ZERO
1k4bnyk,1,0,0,0,0,0,0,0,0,A_TRUE_ZERO
rb557w,3,0,0,0,0,0,0,0,0,A_TRUE_ZERO
1916pnk,3,0,0,0,0,0,0,0,0,A_TRUE_ZERO
1fw3ogr,1,0,0,0,0,0,0,0,0,A_TRUE_ZERO
1kwmf2m,1,0,0,0,0,0,0,0,0,A_TRUE_ZERO
oqti2k,1,0,0,0,0,0,0,0,0,A_TRUE_ZERO
o6cdd3,1,0,0,0,0,0,0,0,0,A_TRUE_ZERO
mq2zwy,3,0,0,0,0,0,0,0,0,A_TRUE_ZERO
1aexx4f,1,0,0,0,0,0,0,0,0,A_TRUE_ZERO
16n9jw1,1,0,0,0,0,0,0,0,0,A_TRUE_ZERO
16ilavq,2,0,0,0,0,0,0,0,0,A_TRUE_ZERO
15viai2,2,0,0,0,0,0,0,0,0,A_TRUE_ZERO
1ahgn42,2,0,0,0,0,0,0,0,0,A_TRUE_ZERO
1g0xwod,1,0,0,0,0,0,0,0,0,A_TRUE_ZERO
1sf64cj,1,0,0,0,0,0,0,0,0,A_TRUE_ZERO
peqtf5,2,0,0,0,0,0,0,0,0,A_TRUE_ZERO
tbrjvf,1,0,0,0,0,0,0,0,0,A_TRUE_ZERO
fqjyev,1,0,0,0,0,0,0,0,0,A_TRUE_ZERO
14b53th,4,0,0,0,0,0,0,0,0,A_TRUE_ZERO
171x8sz,2,0,0,0,0,0,0,0,0,A_TRUE_ZERO
hac8vw,1,0,0,0,0,0,0,0,0,A_TRUE_ZERO
1hwlhvk,1,0,0,0,0,0,0,0,0,A_TRUE_ZERO
y80jqf,3,0,0,0,0,0,0,0,0,A_TRUE_ZERO
euusdw,2,0,0,0,0,0,0,0,0,A_TRUE_ZERO
111h080,4,0,0,0,0,0,0,0,0,A_TRUE_ZERO
1ijv2n0,2,0,0,0,0,0,0,0,0,A_TRUE_ZERO
utjy3e,1,0,0,0,0,0,0,0,0,A_TRUE_ZERO
155ssrp,1,0,0,0,0,0,0,0,0,A_TRUE_ZERO
16fj5k0,1,0,0,0,0,0,0,0,0,A_TRUE_ZERO
erv8ck,1,0,0,0,0,0,0,0,0,A_TRUE_ZERO
wluauh,2,0,0,0,0,0,0,0,0,A_TRUE_ZERO
mmdqnt,2,0,0,0,0,0,0,0,0,A_TRUE_ZERO
utdar2,3,0,0,0,0,0,0,0,0,A_TRUE_ZERO
pvmf7b,2,0,0,0,0,0,0,0,0,A_TRUE_ZERO
1gksqwh,2,0,0,0,0,0,0,0,0,A_TRUE_ZERO
vwkllm,1,0,0,0,0,0,0,0,0,A_TRUE_ZERO
1nzu835,1,0,0,0,0,0,0,0,0,A_TRUE_ZERO
uczvs3,1,0,0,0,0,0,0,0,0,A_TRUE_ZERO
15zchhz,1,0,0,0,0,0,0,0,0,A_TRUE_ZERO
hrumwn,2,0,0,0,0,0,0,0,0,A_TRUE_ZERO
1m1pctu,3,0,0,0,0,0,0,0,0,A_TRUE_ZERO
e5n76i,1,0,0,0,0,0,0,0,0,A_TRUE_ZERO
bf334e,2,0,0,0,0,0,0,0,0,A_TRUE_ZERO
i69ve3,2,0,0,0,0,0,0,0,0,A_TRUE_ZERO
1lb687y,1,0,0,0,0,0,0,0,0,A_TRUE_ZERO
1hiiw95,3,0,0,0,0,0,0,0,0,A_TRUE_ZERO
1fpgn0y,1,0,0,0,0,0,0,0,0,A_TRUE_ZERO
1ookzd9,1,0,0,0,0,0,0,0,0,A_TRUE_ZERO
15vouk2,4,0,0,0,0,0,0,0,0,A_TRUE_ZERO
jbd00s,2,0,0,0,0,0,0,0,0,A_TRUE_ZERO
1cnncnb,2,0,0,0,0,0,0,0,0,A_TRUE_ZERO
1ka4opo,3,0,0,0,0,0,0,0,0,A_TRUE_ZERO
10r55ef,1,0,0,0,0,0,0,0,0,A_TRUE_ZERO
ssswu7,1,0,0,0,0,0,0,0,0,A_TRUE_ZERO
13tpv0n,1,0,0,0,0,0,0,0,0,A_TRUE_ZERO
e9h8bs,1,0,0,0,0,0,0,0,0,A_TRUE_ZERO
1jvzw4u,1,0,0,0,0,0,0,0,0,A_TRUE_ZERO
183m1ug,1,0,0,0,0,0,0,0,0,A_TRUE_ZERO
j5u3s5,1,0,0,0,0,0,0,0,0,A_TRUE_ZERO
1ik7avg,1,0,0,0,0,0,0,0,0,A_TRUE_ZERO
p2x0vu,1,0,0,0,0,0,0,0,0,A_TRUE_ZERO
1n1d57k,3,0,0,0,0,0,0,0,0,A_TRUE_ZERO
butdhn,2,0,0,0,0,0,0,0,0,A_TRUE_ZERO
1hkwh0k,1,0,0,0,0,0,0,0,0,A_TRUE_ZERO
1csyikr,2,0,0,0,0,0,0,0,0,A_TRUE_ZERO
1c76i6l,1,0,0,0,0,0,0,0,0,A_TRUE_ZERO
lte8bw,1,0,0,0,0,0,0,0,0,A_TRUE_ZERO
1ozib9d,4,0,0,0,0,0,0,0,0,A_TRUE_ZERO
xqy9os,2,0,0,0,0,0,0,0,0,A_TRUE_ZERO
12l4c45,1,0,0,0,0,0,0,0,0,A_TRUE_ZERO
zw310x,4,0,0,0,0,0,0,0,0,A_TRUE_ZERO
137shmn,1,0,0,0,0,0,0,0,0,A_TRUE_ZERO
qsa93n,2,0,0,0,0,0,0,0,0,A_TRUE_ZERO
o32hho,1,0,0,0,0,0,0,0,0,A_TRUE_ZERO
x3dz3m,1,0,0,0,0,0,0,0,0,A_TRUE_ZERO
kx8xlp,2,0,0,0,0,0,0,0,0,A_TRUE_ZERO
soscrt,1,0,0,0,0,0,0,0,0,A_TRUE_ZERO
s8rk38,3,0,0,0,0,0,0,0,0,A_TRUE_ZERO
v205gx,1,0,0,0,0,0,0,0,0,A_TRUE_ZERO
1lc5ui7,2,0,0,0,0,0,0,0,0,A_TRUE_ZERO
pamx4w,2,0,0,0,0,0,0,0,0,A_TRUE_ZERO
1ggnm3a,2,0,0,0,0,0,0,0,0,A_TRUE_ZERO
13dxo3b,2,0,0,0,0,0,0,0,0,A_TRUE_ZERO
1ilmvjr,2,0,0,0,0,0,0,0,0,A_TRUE_ZERO
frg2j6,1,0,0,0,0,0,0,0,0,A_TRUE_ZERO
1cajd7i,1,0,0,0,0,0,0,0,0,A_TRUE_ZERO
1b8xi4z,1,0,0,0,0,0,0,0,0,A_TRUE_ZERO
sytk6o,1,0,0,0,0,0,0,0,0,A_TRUE_ZERO
1k67d1y,3,0,0,0,0,0,0,0,0,A_TRUE_ZERO
mw9nik,2,0,0,0,0,0,0,0,0,A_TRUE_ZERO
r53559,1,0,0,0,0,0,0,0,0,A_TRUE_ZERO
lbt571,4,0,0,0,0,0,0,0,0,A_TRUE_ZERO
1gjq5zi,3,0,0,0,0,0,0,0,0,A_TRUE_ZERO
pwm68v,2,0,0,0,0,0,0,0,0,A_TRUE_ZERO
10dhyy4,1,0,0,0,0,0,0,0,0,A_TRUE_ZERO
1ou675v,1,0,0,0,0,0,0,0,0,A_TRUE_ZERO
1af0qyn,3,0,0,0,0,0,0,0,0,A_TRUE_ZERO
da8ihi,2,0,0,0,0,0,0,0,0,A_TRUE_ZERO
evn2qp,2,0,0,0,0,0,0,0,0,A_TRUE_ZERO
1ntgtup,2,0,0,0,0,0,0,0,0,A_TRUE_ZERO
1hay0vs,2,0,0,0,0,0,0,0,0,A_TRUE_ZERO
i7tzda,1,0,0,0,0,0,0,0,0,A_TRUE_ZERO
osjnna,1,0,0,0,0,0,0,0,0,A_TRUE_ZERO
g13nry,3,0,0,0,0,0,0,0,0,A_TRUE_ZERO
18rdb2a,1,0,0,0,0,0,0,0,0,A_TRUE_ZERO
1f1x1mi,1,0,0,0,0,0,0,0,0,A_TRUE_ZERO
1dc8zfu,1,0,0,0,0,0,0,0,0,A_TRUE_ZERO
1664yif,2,0,0,0,0,0,0,0,0,A_TRUE_ZERO
149gcei,1,0,0,0,0,0,0,0,0,A_TRUE_ZERO
1ft7cwa,1,0,0,0,0,0,0,0,0,A_TRUE_ZERO
oiagwa,1,0,0,0,0,0,0,0,0,A_TRUE_ZERO
1okzlom,1,0,0,0,0,0,0,0,0,A_TRUE_ZERO
1lzxj59,2,0,0,0,0,0,0,0,0,A_TRUE_ZERO
14bcf46,3,0,0,0,0,0,0,0,0,A_TRUE_ZERO
1cb9ahr,1,0,0,0,0,0,0,0,0,A_TRUE_ZERO
pa4j87,1,0,0,0,0,0,0,0,0,A_TRUE_ZERO
17l96g0,1,0,0,0,0,0,0,0,0,A_TRUE_ZERO
1m1ird6,2,0,0,0,0,0,0,0,0,A_TRUE_ZERO
1sn6usi,2,0,0,0,0,0,0,0,0,A_TRUE_ZERO
pphiqv,1,0,0,0,0,0,0,0,0,A_TRUE_ZERO
1d7yoh7,1,0,0,0,0,0,0,0,0,A_TRUE_ZERO
spy8es,2,0,0,0,0,0,0,0,0,A_TRUE_ZERO
18zioek,1,0,0,0,0,0,0,0,0,A_TRUE_ZERO
ryhefn,1,0,0,0,0,0,0,0,0,A_TRUE_ZERO
fkpivd,1,0,0,0,0,0,0,0,0,A_TRUE_ZERO
fn22n7,1,0,0,0,0,0,0,0,0,A_TRUE_ZERO
197okvd,3,0,0,0,0,0,0,0,0,A_TRUE_ZERO
1ffj53z,1,0,0,0,0,0,0,0,0,A_TRUE_ZERO
1jsoiwu,1,0,0,0,0,0,0,0,0,A_TRUE_ZERO
u763u6,2,0,0,0,0,0,0,0,0,A_TRUE_ZERO
jrvxnn,1,0,0,0,0,0,0,0,0,A_TRUE_ZERO
141pnb1,1,0,0,0,0,0,0,0,0,A_TRUE_ZERO
1klwmmf,1,0,0,0,0,0,0,0,0,A_TRUE_ZERO
wq86lx,3,0,0,0,0,0,0,0,0,A_TRUE_ZERO
17gjk4k,1,0,0,0,0,0,0,0,0,A_TRUE_ZERO
17yok9p,1,0,0,0,0,0,0,0,0,A_TRUE_ZERO
1kfooln,1,0,0,0,0,0,0,0,0,A_TRUE_ZERO
11wci89,3,0,0,0,0,0,0,0,0,A_TRUE_ZERO
1nx0k02,1,0,0,0,0,0,0,0,0,A_TRUE_ZERO
1bggv0l,1,0,0,0,0,0,0,0,0,A_TRUE_ZERO
1l6hgwv,1,0,0,0,0,0,0,0,0,A_TRUE_ZERO
r608qq,2,0,0,0,0,0,0,0,0,A_TRUE_ZERO
1h8gro3,2,0,0,0,0,0,0,0,0,A_TRUE_ZERO
12k56s3,1,0,0,0,0,0,0,0,0,A_TRUE_ZERO
17ekkxv,1,0,0,0,0,0,0,0,0,A_TRUE_ZERO
10mvyxb,2,0,0,0,0,0,0,0,0,A_TRUE_ZERO
bmbmsp,1,0,0,0,0,0,0,0,0,A_TRUE_ZERO
yd451l,1,0,0,0,0,0,0,0,0,A_TRUE_ZERO
159j5m0,2,0,0,0,0,0,0,0,0,A_TRUE_ZERO
1n3eox0,1,0,0,0,0,0,0,0,0,A_TRUE_ZERO
j7hroa,1,0,0,0,0,0,0,0,0,A_TRUE_ZERO
mgtsf4,1,0,0,0,0,0,0,0,0,A_TRUE_ZERO
qku8gl,1,0,0,0,0,0,0,0,0,A_TRUE_ZERO
lxb26j,2,0,0,0,0,0,0,0,0,A_TRUE_ZERO
xx3k0j,1,0,0,0,0,0,0,0,0,A_TRUE_ZERO
j2xmcv,1,0,0,0,0,0,0,0,0,A_TRUE_ZERO
t0n575,2,0,0,0,0,0,0,0,0,A_TRUE_ZERO
kn58gz,1,0,0,0,0,0,0,0,0,A_TRUE_ZERO
10eu49k,1,0,0,0,0,0,0,0,0,A_TRUE_ZERO
1qrj1gd,1,0,0,0,0,0,0,0,0,A_TRUE_ZERO
uicz8p,1,0,0,0,0,0,0,0,0,A_TRUE_ZERO
ohmwgq,1,0,0,0,0,0,0,0,0,A_TRUE_ZERO
io5d56,1,0,0,0,0,0,0,0,0,A_TRUE_ZERO
1i0k041,1,0,0,0,0,0,0,0,0,A_TRUE_ZERO
15foteg,1,0,0,0,0,0,0,0,0,A_TRUE_ZERO
fazl4g,1,0,0,0,0,0,0,0,0,A_TRUE_ZERO
1n3havn,1,0,0,0,0,0,0,0,0,A_TRUE_ZERO
171odjk,1,0,0,0,0,0,0,0,0,A_TRUE_ZERO
1hyil3q,2,0,0,0,0,0,0,0,0,A_TRUE_ZERO
1f025go,1,0,0,0,0,0,0,0,0,A_TRUE_ZERO
qmkyto,1,0,0,0,0,0,0,0,0,A_TRUE_ZERO
woz1v2,1,0,0,0,0,0,0,0,0,A_TRUE_ZERO
rii4s0,3,0,0,0,0,0,0,0,0,A_TRUE_ZERO
15wbszf,3,0,0,0,0,0,0,0,0,A_TRUE_ZERO
1r1b3vg,2,0,0,0,0,0,0,0,0,A_TRUE_ZERO
1aprq2e,3,0,0,0,0,0,0,0,0,A_TRUE_ZERO
oqpm7e,1,0,0,0,0,0,0,0,0,A_TRUE_ZERO
sv7g7f,3,0,0,0,0,0,0,0,0,A_TRUE_ZERO
1dhfy8m,2,0,0,0,0,0,0,0,0,A_TRUE_ZERO
1i4a2k2,1,0,0,0,0,0,0,0,0,A_TRUE_ZERO
1bfibd8,1,0,0,0,0,0,0,0,0,A_TRUE_ZERO
1fdflb4,2,0,0,0,0,0,0,0,0,A_TRUE_ZERO
fufi7p,1,0,0,0,0,0,0,0,0,A_TRUE_ZERO
r6fcis,2,0,0,0,0,0,0,0,0,A_TRUE_ZERO
1r4b9qe,2,0,0,0,0,0,0,0,0,A_TRUE_ZERO
wds0zy,2,0,0,0,0,0,0,0,0,A_TRUE_ZERO
fylsu0,1,0,0,0,0,0,0,0,0,A_TRUE_ZERO
17hwlue,1,0,0,0,0,0,0,0,0,A_TRUE_ZERO
1h1knen,1,0,0,0,0,0,0,0,0,A_TRUE_ZERO
feehqd,2,0,0,0,0,0,0,0,0,A_TRUE_ZERO
10lxd1d,2,0,0,0,0,0,0,0,0,A_TRUE_ZERO
11ia26y,1,0,0,0,0,0,0,0,0,A_TRUE_ZERO
19d6gow,1,0,0,0,0,0,0,0,0,A_TRUE_ZERO
1jyq5jx,1,0,0,0,0,0,0,0,0,A_TRUE_ZERO
1l3e6t0,1,0,0,0,0,0,0,0,0,A_TRUE_ZERO
1bbucw6,4,0,0,0,0,0,0,0,0,A_TRUE_ZERO
1bvxr15,1,0,0,0,0,0,0,0,0,A_TRUE_ZERO
1ftbpp0,2,0,0,0,0,0,0,0,0,A_TRUE_ZERO
p648cd,1,0,0,0,0,0,0,0,0,A_TRUE_ZERO
w8sp51,2,0,0,0,0,0,0,0,0,A_TRUE_ZERO
oz7nca,1,0,0,0,0,0,0,0,0,A_TRUE_ZERO
lg9rn5,3,0,0,0,0,0,0,0,0,A_TRUE_ZERO
1jvpuk8,2,0,0,0,0,0,0,0,0,A_TRUE_ZERO
1rfdn5b,1,0,0,0,0,0,0,0,0,A_TRUE_ZERO
1s9n2on,2,0,0,0,0,0,0,0,0,A_TRUE_ZERO
1ch5kvv,1,0,0,0,0,0,0,0,0,A_TRUE_ZERO
11mjw3x,1,0,0,0,0,0,0,0,0,A_TRUE_ZERO
1p0tluf,1,0,0,0,0,0,0,0,0,A_TRUE_ZERO
skmce4,4,0,0,0,0,0,0,0,0,A_TRUE_ZERO
t1wp2m,2,0,0,0,0,0,0,0,0,A_TRUE_ZERO
wp8bke,2,0,0,0,0,0,0,0,0,A_TRUE_ZERO
1iz4hjs,1,0,0,0,0,0,0,0,0,A_TRUE_ZERO
gf04mn,1,0,0,0,0,0,0,0,0,A_TRUE_ZERO
1bfkqni,2,0,0,0,0,0,0,0,0,A_TRUE_ZERO
svpg9m,1,0,0,0,0,0,0,0,0,A_TRUE_ZERO
13ku562,2,0,0,0,0,0,0,0,0,A_TRUE_ZERO
1is3mo2,1,0,0,0,0,0,0,0,0,A_TRUE_ZERO
eucpmj,1,0,0,0,0,0,0,0,0,A_TRUE_ZERO
1c110xt,1,0,0,0,0,0,0,0,0,A_TRUE_ZERO
zf5pqm,1,0,0,0,0,0,0,0,0,A_TRUE_ZERO
13ck11z,1,0,0,0,0,0,0,0,0,A_TRUE_ZERO
z15pqu,3,0,0,0,0,0,0,0,0,A_TRUE_ZERO
1jgpkop,2,0,0,0,0,0,0,0,0,A_TRUE_ZERO
fq732o,1,0,0,0,0,0,0,0,0,A_TRUE_ZERO
kjte69,2,0,0,0,0,0,0,0,0,A_TRUE_ZERO
bb7drs,1,0,0,0,0,0,0,0,0,A_TRUE_ZERO
p1s57g,2,0,0,0,0,0,0,0,0,A_TRUE_ZERO
bkbdnq,1,0,0,0,0,0,0,0,0,A_TRUE_ZERO
eterpm,1,0,0,0,0,0,0,0,0,A_TRUE_ZERO
kr0fra,4,0,0,0,0,0,0,0,0,A_TRUE_ZERO
1econvx,3,0,0,0,0,0,0,0,0,A_TRUE_ZERO
gs9c2f,4,0,0,0,0,0,0,0,0,A_TRUE_ZERO
m38vie,1,0,0,0,0,0,0,0,0,A_TRUE_ZERO
uuz7ak,2,0,0,0,0,0,0,0,0,A_TRUE_ZERO
qngjq3,1,0,0,0,0,0,0,0,0,A_TRUE_ZERO
1quxcr4,2,0,0,0,0,0,0,0,0,A_TRUE_ZERO
1e4uuos,1,0,0,0,0,0,0,0,0,A_TRUE_ZERO
e1ex0z,1,0,0,0,0,0,0,0,0,A_TRUE_ZERO
uopbp2,1,0,0,0,0,0,0,0,0,A_TRUE_ZERO
13jh1mj,3,0,0,0,0,0,0,0,0,A_TRUE_ZERO
1mqkdu3,2,0,0,0,0,0,0,0,0,A_TRUE_ZERO
x0j115,1,0,0,0,0,0,0,0,0,A_TRUE_ZERO
1fe4s27,2,0,0,0,0,0,0,0,0,A_TRUE_ZERO
1budymc,2,0,0,0,0,0,0,0,0,A_TRUE_ZERO
dabuq8,3,0,0,0,0,0,0,0,0,A_TRUE_ZERO
1f9qnhy,2,0,0,0,0,0,0,0,0,A_TRUE_ZERO
ofx3n8,2,0,0,0,0,0,0,0,0,A_TRUE_ZERO
k8j8b6,2,0,0,0,0,0,0,0,0,A_TRUE_ZERO
13ebcjy,2,0,0,0,0,0,0,0,0,A_TRUE_ZERO
15mdtsf,1,0,0,0,0,0,0,0,0,A_TRUE_ZERO
1jk93z6,4,0,0,0,0,0,0,0,0,A_TRUE_ZERO
1h8yrec,1,0,0,0,0,0,0,0,0,A_TRUE_ZERO
x251nn,3,0,0,0,0,0,0,0,0,A_TRUE_ZERO
113ml8g,4,0,0,0,0,0,0,0,0,A_TRUE_ZERO
1446881,1,0,0,0,0,0,0,0,0,A_TRUE_ZERO
yst5kq,3,0,0,0,0,0,0,0,0,A_TRUE_ZERO
14cadx1,3,0,0,0,0,0,0,0,0,A_TRUE_ZERO
wjs94w,1,0,0,0,0,0,0,0,0,A_TRUE_ZERO
1fot3hk,1,0,0,0,0,0,0,0,0,A_TRUE_ZERO
1hxwrob,1,0,0,0,0,0,0,0,0,A_TRUE_ZERO
13c8iiy,3,0,0,0,0,0,0,0,0,A_TRUE_ZERO
1hsa8um,2,0,0,0,0,0,0,0,0,A_TRUE_ZERO
c3ye9h,1,0,0,0,0,0,0,0,0,A_TRUE_ZERO
1le3guy,2,0,0,0,0,0,0,0,0,A_TRUE_ZERO
ivd42s,4,0,0,0,0,0,0,0,0,A_TRUE_ZERO
1bu7ah0,1,0,0,0,0,0,0,0,0,A_TRUE_ZERO
qam796,2,0,0,0,0,0,0,0,0,A_TRUE_ZERO
1ax8b8c,1,0,0,0,0,0,0,0,0,A_TRUE_ZERO
1rh121p,1,0,0,0,0,0,0,0,0,A_TRUE_ZERO
154vb3t,1,0,0,0,0,0,0,0,0,A_TRUE_ZERO
181eg56,2,0,0,0,0,0,0,0,0,A_TRUE_ZERO
1cghbyd,1,0,0,0,0,0,0,0,0,A_TRUE_ZERO
1mfs8hi,1,0,0,0,0,0,0,0,0,A_TRUE_ZERO
1r0sas6,1,0,0,0,0,0,0,0,0,A_TRUE_ZERO
krg03t,1,0,0,0,0,0,0,0,0,A_TRUE_ZERO
rm11q0,1,0,0,0,0,0,0,0,0,A_TRUE_ZERO
usd2hb,2,0,0,0,0,0,0,0,0,A_TRUE_ZERO
1lxupcf,4,0,0,0,0,0,0,0,0,A_TRUE_ZERO
z9xm5g,1,0,0,0,0,0,0,0,0,A_TRUE_ZERO
1gl68gj,2,0,0,0,0,0,0,0,0,A_TRUE_ZERO
1jh9v4w,1,0,0,0,0,0,0,0,0,A_TRUE_ZERO
c8nb1o,1,0,0,0,0,0,0,0,0,A_TRUE_ZERO
w1jwtg,4,0,0,0,0,0,0,0,0,A_TRUE_ZERO
yyso3u,1,0,0,0,0,0,0,0,0,A_TRUE_ZERO
15xihx5,3,0,0,0,0,0,0,0,0,A_TRUE_ZERO
fa5ona,1,0,0,0,0,0,0,0,0,A_TRUE_ZERO
1ft0fx7,1,0,0,0,0,0,0,0,0,A_TRUE_ZERO
viy8rn,1,0,0,0,0,0,0,0,0,A_TRUE_ZERO
rm9elm,1,0,0,0,0,0,0,0,0,A_TRUE_ZERO
173pf2x,1,0,0,0,0,0,0,0,0,A_TRUE_ZERO
1dfmuu2,2,0,0,0,0,0,0,0,0,A_TRUE_ZERO
1fyqid4,3,0,0,0,0,0,0,0,0,A_TRUE_ZERO
11lw8lj,2,0,0,0,0,0,0,0,0,A_TRUE_ZERO
1p6ony0,1,0,0,0,0,0,0,0,0,A_TRUE_ZERO
1jjlxle,1,0,0,0,0,0,0,0,0,A_TRUE_ZERO
1s8qa8p,1,0,0,0,0,0,0,0,0,A_TRUE_ZERO
cl8j4v,1,0,0,0,0,0,0,0,0,A_TRUE_ZERO
16djwtn,2,0,0,0,0,0,0,0,0,A_TRUE_ZERO
1r63olu,1,0,0,0,0,0,0,0,0,A_TRUE_ZERO
mft4b2,3,0,0,0,0,0,0,0,0,A_TRUE_ZERO
1sod3gc,1,0,0,0,0,0,0,0,0,A_TRUE_ZERO
1dwl0i1,1,0,0,0,0,0,0,0,0,A_TRUE_ZERO
byxy4y,1,0,0,0,0,0,0,0,0,A_TRUE_ZERO
18g1m8u,1,0,0,0,0,0,0,0,0,A_TRUE_ZERO
11oqxw6,3,0,0,0,0,0,0,0,0,A_TRUE_ZERO
cu2ipg,2,0,0,0,0,0,0,0,0,A_TRUE_ZERO
1awt0bc,1,0,0,0,0,0,0,0,0,A_TRUE_ZERO
1sg1ixf,1,0,0,0,0,0,0,0,0,A_TRUE_ZERO
10wkuyq,1,0,0,0,0,0,0,0,0,A_TRUE_ZERO
14jiger,1,0,0,0,0,0,0,0,0,A_TRUE_ZERO
1cgs0vs,4,0,0,0,0,0,0,0,0,A_TRUE_ZERO
yl3tze,2,0,0,0,0,0,0,0,0,A_TRUE_ZERO
g6ymsm,1,0,0,0,0,0,0,0,0,A_TRUE_ZERO
u7bg95,1,0,0,0,0,0,0,0,0,A_TRUE_ZERO
1bjp00k,2,0,0,0,0,0,0,0,0,A_TRUE_ZERO
rrfug9,3,0,0,0,0,0,0,0,0,A_TRUE_ZERO
vo7mqc,1,0,0,0,0,0,0,0,0,A_TRUE_ZERO
1rfgjtr,3,0,0,0,0,0,0,0,0,A_TRUE_ZERO
1s0o627,3,0,0,0,0,0,0,0,0,A_TRUE_ZERO
hrzze9,3,0,0,0,0,0,0,0,0,A_TRUE_ZERO
fckp83,1,0,0,0,0,0,0,0,0,A_TRUE_ZERO
w7bb5f,2,0,0,0,0,0,0,0,0,A_TRUE_ZERO
y0se3p,1,0,0,0,0,0,0,0,0,A_TRUE_ZERO
14ppqqu,1,0,0,0,0,0,0,0,0,A_TRUE_ZERO
1jqcvck,1,0,0,0,0,0,0,0,0,A_TRUE_ZERO
mphl07,1,0,0,0,0,0,0,0,0,A_TRUE_ZERO
bh9pgg,1,0,0,0,0,0,0,0,0,A_TRUE_ZERO
wxrfen,1,0,0,0,0,0,0,0,0,A_TRUE_ZERO
12by4lz,1,0,0,0,0,0,0,0,0,A_TRUE_ZERO
11m7083,1,0,0,0,0,0,0,0,0,A_TRUE_ZERO
l5wd87,2,0,0,0,0,0,0,0,0,A_TRUE_ZERO
dpnwk7,2,0,0,0,0,0,0,0,0,A_TRUE_ZERO
fjsz6g,1,0,0,0,0,0,0,0,0,A_TRUE_ZERO
12sjgsj,1,0,0,0,0,0,0,0,0,A_TRUE_ZERO
j21iug,2,0,0,0,0,0,0,0,0,A_TRUE_ZERO
hgg90r,3,0,0,0,0,0,0,0,0,A_TRUE_ZERO
1mdmqid,1,0,0,0,0,0,0,0,0,A_TRUE_ZERO
1s1wjmt,1,0,0,0,0,0,0,0,0,A_TRUE_ZERO
1qhmciw,1,0,0,0,0,0,0,0,0,A_TRUE_ZERO
1p5qs01,2,0,0,0,0,0,0,0,0,A_TRUE_ZERO
dh09i1,1,0,0,0,0,0,0,0,0,A_TRUE_ZERO
1d3vuqr,2,0,0,0,0,0,0,0,0,A_TRUE_ZERO
18dnxzq,1,0,0,0,0,0,0,0,0,A_TRUE_ZERO
10g2ypr,1,0,0,0,0,0,0,0,0,A_TRUE_ZERO
1srrpo9,1,0,0,0,0,0,0,0,0,A_TRUE_ZERO
1ejngog,2,0,0,0,0,0,0,0,0,A_TRUE_ZERO
x25lli,3,0,0,0,0,0,0,0,0,A_TRUE_ZERO
cjc9jv,2,0,0,0,0,0,0,0,0,A_TRUE_ZERO
11qjwlm,2,0,0,0,0,0,0,0,0,A_TRUE_ZERO
1sg8hus,2,0,0,0,0,0,0,0,0,A_TRUE_ZERO
1mcow8g,2,0,0,0,0,0,0,0,0,A_TRUE_ZERO
kxhih2,1,0,0,0,0,0,0,0,0,A_TRUE_ZERO
1gw5ejf,1,0,0,0,0,0,0,0,0,A_TRUE_ZERO
1fi77ak,3,0,0,0,0,0,0,0,0,A_TRUE_ZERO
jhwuge,2,0,0,0,0,0,0,0,0,A_TRUE_ZERO
qd33ji,1,0,0,0,0,0,0,0,0,A_TRUE_ZERO
10p29js,1,0,0,0,0,0,0,0,0,A_TRUE_ZERO
d3igki,1,0,0,0,0,0,0,0,0,A_TRUE_ZERO
w4ltbi,1,0,0,0,0,0,0,0,0,A_TRUE_ZERO
11fp30w,2,0,0,0,0,0,0,0,0,A_TRUE_ZERO
1afwrls,1,0,0,0,0,0,0,0,0,A_TRUE_ZERO
1gjuo0g,4,0,0,0,0,0,0,0,0,A_TRUE_ZERO
v35fbm,2,0,0,0,0,0,0,0,0,A_TRUE_ZERO
zkempc,2,0,0,0,0,0,0,0,0,A_TRUE_ZERO
mx9ghy,3,0,0,0,0,0,0,0,0,A_TRUE_ZERO
bpi4aq,2,0,0,0,0,0,0,0,0,A_TRUE_ZERO
1o7f0uw,3,0,0,0,0,0,0,0,0,A_TRUE_ZERO
uccr4s,1,0,0,0,0,0,0,0,0,A_TRUE_ZERO
j5qirb,1,0,0,0,0,0,0,0,0,A_TRUE_ZERO
sv5v91,2,0,0,0,0,0,0,0,0,A_TRUE_ZERO
1dgewko,2,0,0,0,0,0,0,0,0,A_TRUE_ZERO
1hilcx0,1,0,0,0,0,0,0,0,0,A_TRUE_ZERO
19camvn,3,0,0,0,0,0,0,0,0,A_TRUE_ZERO
1qk84n0,2,0,0,0,0,0,0,0,0,A_TRUE_ZERO
jb6sc4,1,0,0,0,0,0,0,0,0,A_TRUE_ZERO
f1s7jx,1,0,0,0,0,0,0,0,0,A_TRUE_ZERO
w3w2u2,2,0,0,0,0,0,0,0,0,A_TRUE_ZERO
1jobaff,3,0,0,0,0,0,0,0,0,A_TRUE_ZERO
kqfihu,2,0,0,0,0,0,0,0,0,A_TRUE_ZERO
qr4gmq,1,0,0,0,0,0,0,0,0,A_TRUE_ZERO
1gpsxkt,2,0,0,0,0,0,0,0,0,A_TRUE_ZERO
wmlncg,1,0,0,0,0,0,0,0,0,A_TRUE_ZERO
o1409a,1,0,0,0,0,0,0,0,0,A_TRUE_ZERO
1kk3kkn,3,0,0,0,0,0,0,0,0,A_TRUE_ZERO
16kehqh,1,0,0,0,0,0,0,0,0,A_TRUE_ZERO
15s0eb9,1,0,0,0,0,0,0,0,0,A_TRUE_ZERO
eetanm,2,0,0,0,0,0,0,0,0,A_TRUE_ZERO
1max1h3,1,0,0,0,0,0,0,0,0,A_TRUE_ZERO
1mj3qub,1,0,0,0,0,0,0,0,0,A_TRUE_ZERO
19e1nj3,1,0,0,0,0,0,0,0,0,A_TRUE_ZERO
1nkcn1t,1,0,0,0,0,0,0,0,0,A_TRUE_ZERO
1fyjgdo,2,0,0,0,0,0,0,0,0,A_TRUE_ZERO
1d78h6p,1,0,0,0,0,0,0,0,0,A_TRUE_ZERO
jl4dy8,2,0,0,0,0,0,0,0,0,A_TRUE_ZERO
cozpd6,1,0,0,0,0,0,0,0,0,A_TRUE_ZERO
opjyv5,1,0,0,0,0,0,0,0,0,A_TRUE_ZERO
1ismsxu,1,0,0,0,0,0,0,0,0,A_TRUE_ZERO
bhz3mv,3,0,0,0,0,0,0,0,0,A_TRUE_ZERO
d6v8nb,1,0,0,0,0,0,0,0,0,A_TRUE_ZERO
1ptc96h,1,0,0,0,0,0,0,0,0,A_TRUE_ZERO
1ng44rj,1,0,0,0,0,0,0,0,0,A_TRUE_ZERO
w13tem,1,0,0,0,0,0,0,0,0,A_TRUE_ZERO
muvkuy,1,0,0,0,0,0,0,0,0,A_TRUE_ZERO
fnjgb1,1,0,0,0,0,0,0,0,0,A_TRUE_ZERO
iuklru,1,0,0,0,0,0,0,0,0,A_TRUE_ZERO
1mu4yjx,2,0,0,0,0,0,0,0,0,A_TRUE_ZERO
wuw1t5,3,0,0,0,0,0,0,0,0,A_TRUE_ZERO
j2661c,2,0,0,0,0,0,0,0,0,A_TRUE_ZERO
nlc4fh,1,0,0,0,0,0,0,0,0,A_TRUE_ZERO
qeja95,2,0,0,0,0,0,0,0,0,A_TRUE_ZERO
u1gfpe,1,0,0,0,0,0,0,0,0,A_TRUE_ZERO
ni3dm2,3,0,0,0,0,0,0,0,0,A_TRUE_ZERO
1ik2vdm,4,0,0,0,0,0,0,0,0,A_TRUE_ZERO
1odxk0c,2,0,0,0,0,0,0,0,0,A_TRUE_ZERO
18jberp,3,0,0,0,0,0,0,0,0,A_TRUE_ZERO
gcmd38,1,0,0,0,0,0,0,0,0,A_TRUE_ZERO
1cixqz2,1,0,0,0,0,0,0,0,0,A_TRUE_ZERO
f2kl0l,1,0,0,0,0,0,0,0,0,A_TRUE_ZERO
10jpf6t,1,0,0,0,0,0,0,0,0,A_TRUE_ZERO
fq96re,1,0,0,0,0,0,0,0,0,A_TRUE_ZERO
1c1jpqt,2,0,0,0,0,0,0,0,0,A_TRUE_ZERO
1n2tflr,3,0,0,0,0,0,0,0,0,A_TRUE_ZERO
1irjadl,1,0,0,0,0,0,0,0,0,A_TRUE_ZERO
1rqq54y,3,0,0,0,0,0,0,0,0,A_TRUE_ZERO
141mnkr,1,0,0,0,0,0,0,0,0,A_TRUE_ZERO
11sxysw,3,0,0,0,0,0,0,0,0,A_TRUE_ZERO
1e7unt9,2,0,0,0,0,0,0,0,0,A_TRUE_ZERO
14ki587,1,0,0,0,0,0,0,0,0,A_TRUE_ZERO
1qvcdjm,4,0,0,0,0,0,0,0,0,A_TRUE_ZERO
cap2kd,1,0,0,0,0,0,0,0,0,A_TRUE_ZERO
17x842e,2,0,0,0,0,0,0,0,0,A_TRUE_ZERO
obv6tq,1,0,0,0,0,0,0,0,0,A_TRUE_ZERO
1dt3rme,3,0,0,0,0,0,0,0,0,A_TRUE_ZERO
1p14r49,1,0,0,0,0,0,0,0,0,A_TRUE_ZERO
1ci1fel,1,0,0,0,0,0,0,0,0,A_TRUE_ZERO
sdo0j4,2,0,0,0,0,0,0,0,0,A_TRUE_ZERO
1kxmywp,1,0,0,0,0,0,0,0,0,A_TRUE_ZERO
1psov0v,2,0,0,0,0,0,0,0,0,A_TRUE_ZERO
1dnr9l4,3,0,0,0,0,0,0,0,0,A_TRUE_ZERO
1kgggww,4,0,0,0,0,0,0,0,0,A_TRUE_ZERO
1bpabgj,1,0,0,0,0,0,0,0,0,A_TRUE_ZERO
1di1rx9,1,0,0,0,0,0,0,0,0,A_TRUE_ZERO
dwxeei,1,0,0,0,0,0,0,0,0,A_TRUE_ZERO
1hhdudw,4,0,0,0,0,0,0,0,0,A_TRUE_ZERO
bu5613,1,0,0,0,0,0,0,0,0,A_TRUE_ZERO
1lztvc8,1,0,0,0,0,0,0,0,0,A_TRUE_ZERO
nzvnna,2,0,0,0,0,0,0,0,0,A_TRUE_ZERO
bcrfko,1,0,0,0,0,0,0,0,0,A_TRUE_ZERO
g2hsip,2,0,0,0,0,0,0,0,0,A_TRUE_ZERO
11xfrdp,3,0,0,0,0,0,0,0,0,A_TRUE_ZERO
s90zr1,1,0,0,0,0,0,0,0,0,A_TRUE_ZERO
11cmwug,1,0,0,0,0,0,0,0,0,A_TRUE_ZERO
tww5fh,1,0,0,0,0,0,0,0,0,A_TRUE_ZERO
1beqg5o,1,0,0,0,0,0,0,0,0,A_TRUE_ZERO
1lepfxr,3,0,0,0,0,0,0,0,0,A_TRUE_ZERO
f5tws2,1,0,0,0,0,0,0,0,0,A_TRUE_ZERO
tym2jf,1,0,0,0,0,0,0,0,0,A_TRUE_ZERO
oce9xl,3,0,0,0,0,0,0,0,0,A_TRUE_ZERO
e8a04a,1,0,0,0,0,0,0,0,0,A_TRUE_ZERO
ykv6xn,1,0,0,0,0,0,0,0,0,A_TRUE_ZERO
wba7cs,1,0,0,0,0,0,0,0,0,A_TRUE_ZERO
ei6lwe,1,0,0,0,0,0,0,0,0,A_TRUE_ZERO
d8bbpf,1,0,0,0,0,0,0,0,0,A_TRUE_ZERO
mgkjac,1,0,0,0,0,0,0,0,0,A_TRUE_ZERO
14332i7,1,0,0,0,0,0,0,0,0,A_TRUE_ZERO
itam07,1,0,0,0,0,0,0,0,0,A_TRUE_ZERO
1e0fmuk,2,0,0,0,0,0,0,0,0,A_TRUE_ZERO
ir1qmc,1,0,0,0,0,0,0,0,0,A_TRUE_ZERO
199liis,1,0,0,0,0,0,0,0,0,A_TRUE_ZERO
1hxfnhb,1,0,0,0,0,0,0,0,0,A_TRUE_ZERO
p5lqcv,3,0,0,0,0,0,0,0,0,A_TRUE_ZERO
spcgy3,1,0,0,0,0,0,0,0,0,A_TRUE_ZERO
lhlo3z,3,0,0,0,0,0,0,0,0,A_TRUE_ZERO
s1nk8j,1,0,0,0,0,0,0,0,0,A_TRUE_ZERO
1ary9yt,1,0,0,0,0,0,0,0,0,A_TRUE_ZERO
1ka1rf9,3,0,0,0,0,0,0,0,0,A_TRUE_ZERO
1qpul3b,3,0,0,0,0,0,0,0,0,A_TRUE_ZERO
q8abre,1,0,0,0,0,0,0,0,0,A_TRUE_ZERO
zkb6l2,1,0,0,0,0,0,0,0,0,A_TRUE_ZERO
ngzb46,1,0,0,0,0,0,0,0,0,A_TRUE_ZERO
15los64,3,0,0,0,0,0,0,0,0,A_TRUE_ZERO
17mwx72,1,0,0,0,0,0,0,0,0,A_TRUE_ZERO
s1e0mr,1,0,0,0,0,0,0,0,0,A_TRUE_ZERO
jhtj9r,1,0,0,0,0,0,0,0,0,A_TRUE_ZERO
r2i7ue,1,0,0,0,0,0,0,0,0,A_TRUE_ZERO
1mc0o81,1,0,0,0,0,0,0,0,0,A_TRUE_ZERO
1qx4cni,1,0,0,0,0,0,0,0,0,A_TRUE_ZERO
17a1vdb,1,0,0,0,0,0,0,0,0,A_TRUE_ZERO
eevmt5,3,0,0,0,0,0,0,0,0,A_TRUE_ZERO
eped0o,2,0,0,0,0,0,0,0,0,A_TRUE_ZERO
gmtmzf,3,0,0,0,0,0,0,0,0,A_TRUE_ZERO
13ubp2p,1,0,0,0,0,0,0,0,0,A_TRUE_ZERO
1kd6hd2,3,0,0,0,0,0,0,0,0,A_TRUE_ZERO
1sdk87n,2,0,0,0,0,0,0,0,0,A_TRUE_ZERO
1kx7vj1,4,0,0,0,0,0,0,0,0,A_TRUE_ZERO
t14owd,1,0,0,0,0,0,0,0,0,A_TRUE_ZERO
xjdfwy,1,0,0,0,0,0,0,0,0,A_TRUE_ZERO
c0holj,2,0,0,0,0,0,0,0,0,A_TRUE_ZERO
rb0cjk,3,0,0,0,0,0,0,0,0,A_TRUE_ZERO
t5442s,3,0,0,0,0,0,0,0,0,A_TRUE_ZERO
y1glxz,1,0,0,0,0,0,0,0,0,A_TRUE_ZERO
qmxkfj,3,0,0,0,0,0,0,0,0,A_TRUE_ZERO
125lccq,3,0,0,0,0,0,0,0,0,A_TRUE_ZERO
1bf5bdj,3,0,0,0,0,0,0,0,0,A_TRUE_ZERO
1fcjkjr,1,0,0,0,0,0,0,0,0,A_TRUE_ZERO
kap7rr,1,0,0,0,0,0,0,0,0,A_TRUE_ZERO
1mpnhpj,3,0,0,0,0,0,0,0,0,A_TRUE_ZERO
1i8xzy6,1,0,0,0,0,0,0,0,0,A_TRUE_ZERO
srooh5,2,0,0,0,0,0,0,0,0,A_TRUE_ZERO
gdc51s,1,0,0,0,0,0,0,0,0,A_TRUE_ZERO
jwmrkl,2,0,0,0,0,0,0,0,0,A_TRUE_ZERO
19cfb9w,1,0,0,0,0,0,0,0,0,A_TRUE_ZERO
rl32vz,1,0,0,0,0,0,0,0,0,A_TRUE_ZERO
st4xhd,1,0,0,0,0,0,0,0,0,A_TRUE_ZERO
1bim98z,1,0,0,0,0,0,0,0,0,A_TRUE_ZERO
1m6rbbn,1,0,0,0,0,0,0,0,0,A_TRUE_ZERO
q0dh4y,1,0,0,0,0,0,0,0,0,A_TRUE_ZERO
tyoyy1,1,0,0,0,0,0,0,0,0,A_TRUE_ZERO
twt86n,2,0,0,0,0,0,0,0,0,A_TRUE_ZERO
su505q,1,0,0,0,0,0,0,0,0,A_TRUE_ZERO
qwrv4a,1,0,0,0,0,0,0,0,0,A_TRUE_ZERO
ewmwvx,2,0,0,0,0,0,0,0,0,A_TRUE_ZERO
uz3gbq,1,0,0,0,0,0,0,0,0,A_TRUE_ZERO
1bpyzc4,2,0,0,0,0,0,0,0,0,A_TRUE_ZERO
mg1dgl,1,0,0,0,0,0,0,0,0,A_TRUE_ZERO
wpnro3,1,0,0,0,0,0,0,0,0,A_TRUE_ZERO
1kjd9dp,1,0,0,0,0,0,0,0,0,A_TRUE_ZERO
wydglp,1,0,0,0,0,0,0,0,0,A_TRUE_ZERO
dqubec,2,0,0,0,0,0,0,0,0,A_TRUE_ZERO
nv6dun,1,0,0,0,0,0,0,0,0,A_TRUE_ZERO
1agttle,1,0,0,0,0,0,0,0,0,A_TRUE_ZERO
butdey,1,0,0,0,0,0,0,0,0,A_TRUE_ZERO
1ak933q,3,0,0,0,0,0,0,0,0,A_TRUE_ZERO
qlxpo8,1,0,0,0,0,0,0,0,0,A_TRUE_ZERO
8ia90l,1,0,0,0,0,0,0,0,0,A_TRUE_ZERO
fzg8ph,1,0,0,0,0,0,0,0,0,A_TRUE_ZERO
ny4nqu,1,0,0,0,0,0,0,0,0,A_TRUE_ZERO
1jim6zz,2,0,0,0,0,0,0,0,0,A_TRUE_ZERO
181b2hc,2,0,0,0,0,0,0,0,0,A_TRUE_ZERO
egu7n4,3,0,0,0,0,0,0,0,0,A_TRUE_ZERO
d96gqg,1,0,0,0,0,0,0,0,0,A_TRUE_ZERO
1bm90u1,2,0,0,0,0,0,0,0,0,A_TRUE_ZERO
18bf581,1,0,0,0,0,0,0,0,0,A_TRUE_ZERO
vy85eh,1,0,0,0,0,0,0,0,0,A_TRUE_ZERO
vrmuh6,1,0,0,0,0,0,0,0,0,A_TRUE_ZERO
16op1i9,1,0,0,0,0,0,0,0,0,A_TRUE_ZERO
166kpz8,3,0,0,0,0,0,0,0,0,A_TRUE_ZERO
12cmj7f,1,0,0,0,0,0,0,0,0,A_TRUE_ZERO
yzoyl2,1,0,0,0,0,0,0,0,0,A_TRUE_ZERO
ja6wy2,1,0,0,0,0,0,0,0,0,A_TRUE_ZERO
1i2g8iw,1,0,0,0,0,0,0,0,0,A_TRUE_ZERO
ewc759,1,0,0,0,0,0,0,0,0,A_TRUE_ZERO
1ogas2q,1,0,0,0,0,0,0,0,0,A_TRUE_ZERO
bf29gu,1,0,0,0,0,0,0,0,0,A_TRUE_ZERO
yxaygh,1,0,0,0,0,0,0,0,0,A_TRUE_ZERO
hw8jjr,2,0,0,0,0,0,0,0,0,A_TRUE_ZERO
bbwse6,2,0,0,0,0,0,0,0,0,A_TRUE_ZERO
m2x7o7,3,0,0,0,0,0,0,0,0,A_TRUE_ZERO
zmeur4,1,0,0,0,0,0,0,0,0,A_TRUE_ZERO
13jd0m8,3,0,0,0,0,0,0,0,0,A_TRUE_ZERO
1946sah,2,0,0,0,0,0,0,0,0,A_TRUE_ZERO
1039zyl,1,0,0,0,0,0,0,0,0,A_TRUE_ZERO
emd95n,1,0,0,0,0,0,0,0,0,A_TRUE_ZERO
10a2tyk,3,0,0,0,0,0,0,0,0,A_TRUE_ZERO
tyj581,1,0,0,0,0,0,0,0,0,A_TRUE_ZERO
1ryipfs,2,0,0,0,0,0,0,0,0,A_TRUE_ZERO
1kgu0x1,2,0,0,0,0,0,0,0,0,A_TRUE_ZERO
1icb624,1,0,0,0,0,0,0,0,0,A_TRUE_ZERO
1bvu7s1,1,0,0,0,0,0,0,0,0,A_TRUE_ZERO
14g5jp8,1,0,0,0,0,0,0,0,0,A_TRUE_ZERO
g0kgvw,1,0,0,0,0,0,0,0,0,A_TRUE_ZERO
b9ji48,1,0,0,0,0,0,0,0,0,A_TRUE_ZERO
10x546e,3,0,0,0,0,0,0,0,0,A_TRUE_ZERO
1o8qtne,1,0,0,0,0,0,0,0,0,A_TRUE_ZERO
1c4lmmh,2,0,0,0,0,0,0,0,0,A_TRUE_ZERO
fdzpsd,1,0,0,0,0,0,0,0,0,A_TRUE_ZERO
vj4z1m,1,0,0,0,0,0,0,0,0,A_TRUE_ZERO
1i9g8fs,3,0,0,0,0,0,0,0,0,A_TRUE_ZERO
1jinqlz,1,0,0,0,0,0,0,0,0,A_TRUE_ZERO
1ak380y,1,0,0,0,0,0,0,0,0,A_TRUE_ZERO
1rcfvcx,3,0,0,0,0,0,0,0,0,A_TRUE_ZERO
1bttlm5,2,0,0,0,0,0,0,0,0,A_TRUE_ZERO
10ji9co,1,0,0,0,0,0,0,0,0,A_TRUE_ZERO
1nw9naf,2,0,0,0,0,0,0,0,0,A_TRUE_ZERO
wx2ige,1,0,0,0,0,0,0,0,0,A_TRUE_ZERO
13n9m11,1,0,0,0,0,0,0,0,0,A_TRUE_ZERO
1fvxopx,1,0,0,0,0,0,0,0,0,A_TRUE_ZERO
uk3ypj,2,0,0,0,0,0,0,0,0,A_TRUE_ZERO
1cgsuzf,2,0,0,0,0,0,0,0,0,A_TRUE_ZERO
15hsr0c,1,0,0,0,0,0,0,0,0,A_TRUE_ZERO
1i134wy,1,0,0,0,0,0,0,0,0,A_TRUE_ZERO
n82dn9,2,0,0,0,0,0,0,0,0,A_TRUE_ZERO
11y213u,3,0,0,0,0,0,0,0,0,A_TRUE_ZERO
154ik7w,2,0,0,0,0,0,0,0,0,A_TRUE_ZERO
tlcnyg,1,0,0,0,0,0,0,0,0,A_TRUE_ZERO
1m1gtfu,1,0,0,0,0,0,0,0,0,A_TRUE_ZERO
15zjmrm,3,0,0,0,0,0,0,0,0,A_TRUE_ZERO
1gwmre3,3,0,0,0,0,0,0,0,0,A_TRUE_ZERO
1k5jfnz,2,0,0,0,0,0,0,0,0,A_TRUE_ZERO
g4hw0y,2,0,0,0,0,0,0,0,0,A_TRUE_ZERO
lsh90x,2,0,0,0,0,0,0,0,0,A_TRUE_ZERO
1oe47bx,1,0,0,0,0,0,0,0,0,A_TRUE_ZERO
jtv5in,1,0,0,0,0,0,0,0,0,A_TRUE_ZERO
1hfnfl9,2,0,0,0,0,0,0,0,0,A_TRUE_ZERO
mrii9i,1,0,0,0,0,0,0,0,0,A_TRUE_ZERO
jgmxik,1,0,0,0,0,0,0,0,0,A_TRUE_ZERO
podt0t,1,0,0,0,0,0,0,0,0,A_TRUE_ZERO
16nm28p,1,0,0,0,0,0,0,0,0,A_TRUE_ZERO
dlgjwo,1,0,0,0,0,0,0,0,0,A_TRUE_ZERO
rxg34z,1,0,0,0,0,0,0,0,0,A_TRUE_ZERO
fdwmrc,1,0,0,0,0,0,0,0,0,A_TRUE_ZERO
1qj0a91,1,0,0,0,0,0,0,0,0,A_TRUE_ZERO
15o3c6w,1,0,0,0,0,0,0,0,0,A_TRUE_ZERO
1d5hv1e,3,0,0,0,0,0,0,0,0,A_TRUE_ZERO
q7fn90,1,0,0,0,0,0,0,0,0,A_TRUE_ZERO
1azr5w5,2,0,0,0,0,0,0,0,0,A_TRUE_ZERO
in9cwr,3,0,0,0,0,0,0,0,0,A_TRUE_ZERO
1dqfqyk,1,0,0,0,0,0,0,0,0,A_TRUE_ZERO
1qv1bnf,2,0,0,0,0,0,0,0,0,A_TRUE_ZERO
jak8n9,1,0,0,0,0,0,0,0,0,A_TRUE_ZERO
10i4czq,2,0,0,0,0,0,0,0,0,A_TRUE_ZERO
1325arj,1,0,0,0,0,0,0,0,0,A_TRUE_ZERO
1gxsjtd,3,0,0,0,0,0,0,0,0,A_TRUE_ZERO
17lb3cr,1,0,0,0,0,0,0,0,0,A_TRUE_ZERO
1nccgdc,2,0,0,0,0,0,0,0,0,A_TRUE_ZERO
19anf52,1,0,0,0,0,0,0,0,0,A_TRUE_ZERO
1n9a33x,3,0,0,0,0,0,0,0,0,A_TRUE_ZERO
16vsoqg,1,0,0,0,0,0,0,0,0,A_TRUE_ZERO
1quwnki,2,0,0,0,0,0,0,0,0,A_TRUE_ZERO
ff0lkl,1,0,0,0,0,0,0,0,0,A_TRUE_ZERO
1mw4n7g,1,0,0,0,0,0,0,0,0,A_TRUE_ZERO
1j9udy4,2,0,0,0,0,0,0,0,0,A_TRUE_ZERO
bnppop,1,0,0,0,0,0,0,0,0,A_TRUE_ZERO
1c1h7fm,3,0,0,0,0,0,0,0,0,A_TRUE_ZERO
1rpjt3p,1,0,0,0,0,0,0,0,0,A_TRUE_ZERO
rc492y,1,0,0,0,0,0,0,0,0,A_TRUE_ZERO
1h7da3d,3,0,0,0,0,0,0,0,0,A_TRUE_ZERO
1irp7p6,1,0,0,0,0,0,0,0,0,A_TRUE_ZERO
bn38pp,2,0,0,0,0,0,0,0,0,A_TRUE_ZERO
15zb9ql,1,0,0,0,0,0,0,0,0,A_TRUE_ZERO
pg9yrt,2,0,0,0,0,0,0,0,0,A_TRUE_ZERO
1kvbow2,1,0,0,0,0,0,0,0,0,A_TRUE_ZERO
120rt42,2,0,0,0,0,0,0,0,0,A_TRUE_ZERO
w4za3b,1,0,0,0,0,0,0,0,0,A_TRUE_ZERO
11707wf,1,0,0,0,0,0,0,0,0,A_TRUE_ZERO
cwnuch,1,0,0,0,0,0,0,0,0,A_TRUE_ZERO
1hv0sqx,1,0,0,0,0,0,0,0,0,A_TRUE_ZERO
hepu56,1,0,0,0,0,0,0,0,0,A_TRUE_ZERO
1neseds,1,0,0,0,0,0,0,0,0,A_TRUE_ZERO
k6iawl,1,0,0,0,0,0,0,0,0,A_TRUE_ZERO
zea9wz,3,0,0,0,0,0,0,0,0,A_TRUE_ZERO
1kwxlzf,1,0,0,0,0,0,0,0,0,A_TRUE_ZERO
18g3b7s,1,0,0,0,0,0,0,0,0,A_TRUE_ZERO
1julg0u,2,0,0,0,0,0,0,0,0,A_TRUE_ZERO
1fonm9d,1,0,0,0,0,0,0,0,0,A_TRUE_ZERO
faeljn,1,0,0,0,0,0,0,0,0,A_TRUE_ZERO
14w9ddg,2,0,0,0,0,0,0,0,0,A_TRUE_ZERO
1fsh35y,1,0,0,0,0,0,0,0,0,A_TRUE_ZERO
1b9f0zu,3,0,0,0,0,0,0,0,0,A_TRUE_ZERO
czrm6o,2,0,0,0,0,0,0,0,0,A_TRUE_ZERO
f3fvol,1,0,0,0,0,0,0,0,0,A_TRUE_ZERO
1reduhb,2,0,0,0,0,0,0,0,0,A_TRUE_ZERO
14di86t,3,0,0,0,0,0,0,0,0,A_TRUE_ZERO
xxm461,1,0,0,0,0,0,0,0,0,A_TRUE_ZERO
zqfjob,2,0,0,0,0,0,0,0,0,A_TRUE_ZERO
1kft0q4,2,0,0,0,0,0,0,0,0,A_TRUE_ZERO
cwmz16,1,0,0,0,0,0,0,0,0,A_TRUE_ZERO
1jombe0,1,0,0,0,0,0,0,0,0,A_TRUE_ZERO
u9n8m2,1,0,0,0,0,0,0,0,0,A_TRUE_ZERO
1ctn2pa,2,0,0,0,0,0,0,0,0,A_TRUE_ZERO
fql0m1,1,0,0,0,0,0,0,0,0,A_TRUE_ZERO
1dlvrf4,1,0,0,0,0,0,0,0,0,A_TRUE_ZERO
d78fhi,1,0,0,0,0,0,0,0,0,A_TRUE_ZERO
bedrvt,2,0,0,0,0,0,0,0,0,A_TRUE_ZERO
1j9znf6,2,0,0,0,0,0,0,0,0,A_TRUE_ZERO
185d8l1,1,0,0,0,0,0,0,0,0,A_TRUE_ZERO
qft1x1,1,0,0,0,0,0,0,0,0,A_TRUE_ZERO
10xje9b,1,0,0,0,0,0,0,0,0,A_TRUE_ZERO
179n3t1,1,0,0,0,0,0,0,0,0,A_TRUE_ZERO
dsf8pe,1,0,0,0,0,0,0,0,0,A_TRUE_ZERO
fhm991,1,0,0,0,0,0,0,0,0,A_TRUE_ZERO
u1aob6,1,0,0,0,0,0,0,0,0,A_TRUE_ZERO
1sgcgak,1,0,0,0,0,0,0,0,0,A_TRUE_ZERO
sk0wn3,3,0,0,0,0,0,0,0,0,A_TRUE_ZERO
zn4p2e,2,0,0,0,0,0,0,0,0,A_TRUE_ZERO
1ki6x33,1,0,0,0,0,0,0,0,0,A_TRUE_ZERO
wgznx6,2,0,0,0,0,0,0,0,0,A_TRUE_ZERO
wetmgy,2,0,0,0,0,0,0,0,0,A_TRUE_ZERO
1d77x1a,2,0,0,0,0,0,0,0,0,A_TRUE_ZERO
k0kx70,2,0,0,0,0,0,0,0,0,A_TRUE_ZERO
m59ooz,3,0,0,0,0,0,0,0,0,A_TRUE_ZERO
15nid37,1,0,0,0,0,0,0,0,0,A_TRUE_ZERO
vxpnk4,2,0,0,0,0,0,0,0,0,A_TRUE_ZERO
1ebev9j,1,0,0,0,0,0,0,0,0,A_TRUE_ZERO
wdsvfb,3,0,0,0,0,0,0,0,0,A_TRUE_ZERO
1bw3sgp,2,0,0,0,0,0,0,0,0,A_TRUE_ZERO
1rgcoad,1,0,0,0,0,0,0,0,0,A_TRUE_ZERO
1eve2jb,1,0,0,0,0,0,0,0,0,A_TRUE_ZERO
16jukd0,1,0,0,0,0,0,0,0,0,A_TRUE_ZERO
13w49ty,1,0,0,0,0,0,0,0,0,A_TRUE_ZERO
1dnowvn,1,0,0,0,0,0,0,0,0,A_TRUE_ZERO
1dp1274,1,0,0,0,0,0,0,0,0,A_TRUE_ZERO
1l3uzxv,1,0,0,0,0,0,0,0,0,A_TRUE_ZERO
1nu83ur,1,0,0,0,0,0,0,0,0,A_TRUE_ZERO
11ruzkd,3,0,0,0,0,0,0,0,0,A_TRUE_ZERO
120042c,2,0,0,0,0,0,0,0,0,A_TRUE_ZERO
hasjmp,1,0,0,0,0,0,0,0,0,A_TRUE_ZERO
n1uxq2,1,0,0,0,0,0,0,0,0,A_TRUE_ZERO
yr5dtu,1,0,0,0,0,0,0,0,0,A_TRUE_ZERO
1n4kmfz,2,0,0,0,0,0,0,0,0,A_TRUE_ZERO
e5465y,1,0,0,0,0,0,0,0,0,A_TRUE_ZERO
1png22c,1,0,0,0,0,0,0,0,0,A_TRUE_ZERO
ewvbpn,2,0,0,0,0,0,0,0,0,A_TRUE_ZERO
1emdavb,1,0,0,0,0,0,0,0,0,A_TRUE_ZERO
ruik39,1,0,0,0,0,0,0,0,0,A_TRUE_ZERO
jkjfyx,1,0,0,0,0,0,0,0,0,A_TRUE_ZERO
13r728t,1,0,0,0,0,0,0,0,0,A_TRUE_ZERO
1plbvdk,1,0,0,0,0,0,0,0,0,A_TRUE_ZERO
nbn135,2,0,0,0,0,0,0,0,0,A_TRUE_ZERO
1g0nicu,1,0,0,0,0,0,0,0,0,A_TRUE_ZERO
1qxm4lm,2,0,0,0,0,0,0,0,0,A_TRUE_ZERO
jphjvn,1,0,0,0,0,0,0,0,0,A_TRUE_ZERO
hdq94f,4,0,0,0,0,0,0,0,0,A_TRUE_ZERO
bo5a6e,2,0,0,0,0,0,0,0,0,A_TRUE_ZERO
mc84nf,3,0,0,0,0,0,0,0,0,A_TRUE_ZERO
1mpkcm0,1,0,0,0,0,0,0,0,0,A_TRUE_ZERO
bu46ay,1,0,0,0,0,0,0,0,0,A_TRUE_ZERO
wg4vwc,4,0,0,0,0,0,0,0,0,A_TRUE_ZERO
1kc5fh1,2,0,0,0,0,0,0,0,0,A_TRUE_ZERO
oubk3x,2,0,0,0,0,0,0,0,0,A_TRUE_ZERO
1dty3wv,1,0,0,0,0,0,0,0,0,A_TRUE_ZERO
marrqo,1,0,0,0,0,0,0,0,0,A_TRUE_ZERO
sn8x5u,1,0,0,0,0,0,0,0,0,A_TRUE_ZERO
hqz8k9,1,0,0,0,0,0,0,0,0,A_TRUE_ZERO
vcbjgy,1,0,0,0,0,0,0,0,0,A_TRUE_ZERO
fgj8p3,2,0,0,0,0,0,0,0,0,A_TRUE_ZERO
pap07b,1,0,0,0,0,0,0,0,0,A_TRUE_ZERO
jlx0od,1,0,0,0,0,0,0,0,0,A_TRUE_ZERO
1nzaoko,3,0,0,0,0,0,0,0,0,A_TRUE_ZERO
1snnsri,1,0,0,0,0,0,0,0,0,A_TRUE_ZERO
ywx6p0,1,0,0,0,0,0,0,0,0,A_TRUE_ZERO
cx4hxd,3,0,0,0,0,0,0,0,0,A_TRUE_ZERO
1kmdrkh,2,0,0,0,0,0,0,0,0,A_TRUE_ZERO
1buu7re,2,0,0,0,0,0,0,0,0,A_TRUE_ZERO
1iudnc6,1,0,0,0,0,0,0,0,0,A_TRUE_ZERO
efkks4,1,0,0,0,0,0,0,0,0,A_TRUE_ZERO
hvqjy2,1,0,0,0,0,0,0,0,0,A_TRUE_ZERO
o1lu2e,1,0,0,0,0,0,0,0,0,A_TRUE_ZERO
e5jsqg,1,0,0,0,0,0,0,0,0,A_TRUE_ZERO
1pkd55q,1,0,0,0,0,0,0,0,0,A_TRUE_ZERO
1skz66z,1,0,0,0,0,0,0,0,0,A_TRUE_ZERO
fjn758,1,0,0,0,0,0,0,0,0,A_TRUE_ZERO
14yw6d4,2,0,0,0,0,0,0,0,0,A_TRUE_ZERO
15m4z2f,2,0,0,0,0,0,0,0,0,A_TRUE_ZERO
1ib0pta,2,0,0,0,0,0,0,0,0,A_TRUE_ZERO
pkesgs,2,0,0,0,0,0,0,0,0,A_TRUE_ZERO
14flnf0,2,0,0,0,0,0,0,0,0,A_TRUE_ZERO
1eoc2hc,1,0,0,0,0,0,0,0,0,A_TRUE_ZERO
1l7f6c2,1,0,0,0,0,0,0,0,0,A_TRUE_ZERO
y85uhg,1,0,0,0,0,0,0,0,0,A_TRUE_ZERO
1rqvijp,2,0,0,0,0,0,0,0,0,A_TRUE_ZERO
1gl0xqy,1,0,0,0,0,0,0,0,0,A_TRUE_ZERO
cb0wxe,1,0,0,0,0,0,0,0,0,A_TRUE_ZERO
zni8tn,1,0,0,0,0,0,0,0,0,A_TRUE_ZERO
14rdyqa,1,0,0,0,0,0,0,0,0,A_TRUE_ZERO
1kd2k9t,1,0,0,0,0,0,0,0,0,A_TRUE_ZERO
1o7y2jg,1,0,0,0,0,0,0,0,0,A_TRUE_ZERO
uvxqpz,1,0,0,0,0,0,0,0,0,A_TRUE_ZERO
1kwtavg,2,0,0,0,0,0,0,0,0,A_TRUE_ZERO
10fbw55,1,0,0,0,0,0,0,0,0,A_TRUE_ZERO
j82pvw,1,0,0,0,0,0,0,0,0,A_TRUE_ZERO
jjqo9z,1,0,0,0,0,0,0,0,0,A_TRUE_ZERO
1eypkx4,3,0,0,0,0,0,0,0,0,A_TRUE_ZERO
1n92jmr,1,0,0,0,0,0,0,0,0,A_TRUE_ZERO
159164h,3,0,0,0,0,0,0,0,0,A_TRUE_ZERO
bhn9vr,1,0,0,0,0,0,0,0,0,A_TRUE_ZERO
1cs7um5,1,0,0,0,0,0,0,0,0,A_TRUE_ZERO
fzkeme,2,0,0,0,0,0,0,0,0,A_TRUE_ZERO
fm6orr,1,0,0,0,0,0,0,0,0,A_TRUE_ZERO
12c42vb,2,0,0,0,0,0,0,0,0,A_TRUE_ZERO
1rdgvgj,1,0,0,0,0,0,0,0,0,A_TRUE_ZERO
sf2c2j,2,0,0,0,0,0,0,0,0,A_TRUE_ZERO
1aum2w5,1,0,0,0,0,0,0,0,0,A_TRUE_ZERO
z9ke8i,1,0,0,0,0,0,0,0,0,A_TRUE_ZERO
qqc2kg,2,0,0,0,0,0,0,0,0,A_TRUE_ZERO
1s42pd4,1,0,0,0,0,0,0,0,0,A_TRUE_ZERO
14zfphe,3,0,0,0,0,0,0,0,0,A_TRUE_ZERO
1gmkd6t,1,0,0,0,0,0,0,0,0,A_TRUE_ZERO
1nq63z2,2,0,0,0,0,0,0,0,0,A_TRUE_ZERO
1sfdd2y,1,0,0,0,0,0,0,0,0,A_TRUE_ZERO
1sll3k8,1,0,0,0,0,0,0,0,0,A_TRUE_ZERO
1ef7juh,1,0,0,0,0,0,0,0,0,A_TRUE_ZERO
13yp4c5,1,0,0,0,0,0,0,0,0,A_TRUE_ZERO
j3jlnt,1,0,0,0,0,0,0,0,0,A_TRUE_ZERO
deu2xl,2,0,0,0,0,0,0,0,0,A_TRUE_ZERO
rtyp4u,1,0,0,0,0,0,0,0,0,A_TRUE_ZERO
1idi05x,1,0,0,0,0,0,0,0,0,A_TRUE_ZERO
etbmba,1,0,0,0,0,0,0,0,0,A_TRUE_ZERO
1r79i70,1,0,0,0,0,0,0,0,0,A_TRUE_ZERO
twutup,3,0,0,0,0,0,0,0,0,A_TRUE_ZERO
1atev0f,1,0,0,0,0,0,0,0,0,A_TRUE_ZERO
1bpz98x,1,0,0,0,0,0,0,0,0,A_TRUE_ZERO
ie7sfc,2,0,0,0,0,0,0,0,0,A_TRUE_ZERO
1j2l1dt,1,0,0,0,0,0,0,0,0,A_TRUE_ZERO
1sb8y19,1,0,0,0,0,0,0,0,0,A_TRUE_ZERO
fs51by,1,0,0,0,0,0,0,0,0,A_TRUE_ZERO
1q6tsvz,3,0,0,0,0,0,0,0,0,A_TRUE_ZERO
k3pkk0,4,0,0,0,0,0,0,0,0,A_TRUE_ZERO
10h6x2e,2,0,0,0,0,0,0,0,0,A_TRUE_ZERO
fo7qdj,1,0,0,0,0,0,0,0,0,A_TRUE_ZERO
mj1p22,1,0,0,0,0,0,0,0,0,A_TRUE_ZERO
1nul0mb,2,0,0,0,0,0,0,0,0,A_TRUE_ZERO
cia2wj,1,0,0,0,0,0,0,0,0,A_TRUE_ZERO
bjis44,2,0,0,0,0,0,0,0,0,A_TRUE_ZERO
hwiax3,1,0,0,0,0,0,0,0,0,A_TRUE_ZERO
x6pmof,3,0,0,0,0,0,0,0,0,A_TRUE_ZERO
dp7bhl,1,0,0,0,0,0,0,0,0,A_TRUE_ZERO
xaug1u,1,0,0,0,0,0,0,0,0,A_TRUE_ZERO
1df8jv2,2,0,0,0,0,0,0,0,0,A_TRUE_ZERO
uwyxbk,1,0,0,0,0,0,0,0,0,A_TRUE_ZERO
1iykhsd,1,0,0,0,0,0,0,0,0,A_TRUE_ZERO
crdgeq,1,0,0,0,0,0,0,0,0,A_TRUE_ZERO
nwqved,1,0,0,0,0,0,0,0,0,A_TRUE_ZERO
qdn21u,1,0,0,0,0,0,0,0,0,A_TRUE_ZERO
uobw3g,1,0,0,0,0,0,0,0,0,A_TRUE_ZERO
g9yh09,1,0,0,0,0,0,0,0,0,A_TRUE_ZERO
15mn7q2,3,0,0,0,0,0,0,0,0,A_TRUE_ZERO
d2xdkz,1,0,0,0,0,0,0,0,0,A_TRUE_ZERO
uk5h4r,2,0,0,0,0,0,0,0,0,A_TRUE_ZERO
1j048df,2,0,0,0,0,0,0,0,0,A_TRUE_ZERO
cdovy3,1,0,0,0,0,0,0,0,0,A_TRUE_ZERO
oseho4,1,0,0,0,0,0,0,0,0,A_TRUE_ZERO
h08k5z,1,0,0,0,0,0,0,0,0,A_TRUE_ZERO
1mx0vze,3,0,0,0,0,0,0,0,0,A_TRUE_ZERO
1cb47sv,1,0,0,0,0,0,0,0,0,A_TRUE_ZERO
17hr075,1,0,0,0,0,0,0,0,0,A_TRUE_ZERO
uee63t,2,0,0,0,0,0,0,0,0,A_TRUE_ZERO
s2g3ow,1,0,0,0,0,0,0,0,0,A_TRUE_ZERO
hovi4l,2,0,0,0,0,0,0,0,0,A_TRUE_ZERO
x3rqsg,1,0,0,0,0,0,0,0,0,A_TRUE_ZERO
1buhgo9,1,0,0,0,0,0,0,0,0,A_TRUE_ZERO
15lo13b,2,0,0,0,0,0,0,0,0,A_TRUE_ZERO
wakplt,4,0,0,0,0,0,0,0,0,A_TRUE_ZERO
wwsalz,1,0,0,0,0,0,0,0,0,A_TRUE_ZERO
17k803v,2,0,0,0,0,0,0,0,0,A_TRUE_ZERO
1pih10y,2,0,0,0,0,0,0,0,0,A_TRUE_ZERO
1796oam,1,0,0,0,0,0,0,0,0,A_TRUE_ZERO
cfngtv,1,0,0,0,0,0,0,0,0,A_TRUE_ZERO
brcwqn,3,0,0,0,0,0,0,0,0,A_TRUE_ZERO
1jfozo0,1,0,0,0,0,0,0,0,0,A_TRUE_ZERO
usjhye,1,0,0,0,0,0,0,0,0,A_TRUE_ZERO
ebcqed,1,0,0,0,0,0,0,0,0,A_TRUE_ZERO
1qriz2y,1,0,0,0,0,0,0,0,0,A_TRUE_ZERO
1c0t8gz,3,0,0,0,0,0,0,0,0,A_TRUE_ZERO
1juglsu,2,0,0,0,0,0,0,0,0,A_TRUE_ZERO
smhjyr,1,0,0,0,0,0,0,0,0,A_TRUE_ZERO
cdh4jr,1,0,0,0,0,0,0,0,0,A_TRUE_ZERO
tgrbdn,1,0,0,0,0,0,0,0,0,A_TRUE_ZERO
1siw622,2,0,0,0,0,0,0,0,0,A_TRUE_ZERO
v69p08,1,0,0,0,0,0,0,0,0,A_TRUE_ZERO
qdglkt,3,0,0,0,0,0,0,0,0,A_TRUE_ZERO
1gvvyge,1,0,0,0,0,0,0,0,0,A_TRUE_ZERO
1jw1eqi,3,0,0,0,0,0,0,0,0,A_TRUE_ZERO
zw704j,1,0,0,0,0,0,0,0,0,A_TRUE_ZERO
kdqxf2,2,0,0,0,0,0,0,0,0,A_TRUE_ZERO
15414wg,4,0,0,0,0,0,0,0,0,A_TRUE_ZERO
bmzbw6,1,0,0,0,0,0,0,0,0,A_TRUE_ZERO
grba2t,1,0,0,0,0,0,0,0,0,A_TRUE_ZERO
1i3643i,1,0,0,0,0,0,0,0,0,A_TRUE_ZERO
1f9n5xh,1,0,0,0,0,0,0,0,0,A_TRUE_ZERO
1lvjgt3,1,0,0,0,0,0,0,0,0,A_TRUE_ZERO
13eudqq,1,0,0,0,0,0,0,0,0,A_TRUE_ZERO
v8bnd9,2,0,0,0,0,0,0,0,0,A_TRUE_ZERO
dpsn8i,1,0,0,0,0,0,0,0,0,A_TRUE_ZERO
e2kh1j,1,0,0,0,0,0,0,0,0,A_TRUE_ZERO
g5ksil,2,0,0,0,0,0,0,0,0,A_TRUE_ZERO
mutx3l,2,0,0,0,0,0,0,0,0,A_TRUE_ZERO
16zk94t,1,0,0,0,0,0,0,0,0,A_TRUE_ZERO
jgrtfu,1,0,0,0,0,0,0,0,0,A_TRUE_ZERO
luv3lv,2,0,0,0,0,0,0,0,0,A_TRUE_ZERO
sstqru,3,0,0,0,0,0,0,0,0,A_TRUE_ZERO
htp231,1,0,0,0,0,0,0,0,0,A_TRUE_ZERO
1agj49k,1,0,0,0,0,0,0,0,0,A_TRUE_ZERO
1e5c733,1,0,0,0,0,0,0,0,0,A_TRUE_ZERO
jrn6pc,1,0,0,0,0,0,0,0,0,A_TRUE_ZERO
1axj0jz,1,0,0,0,0,0,0,0,0,A_TRUE_ZERO
1gju7jv,1,0,0,0,0,0,0,0,0,A_TRUE_ZERO
f8uko6,2,0,0,0,0,0,0,0,0,A_TRUE_ZERO
113rvxn,1,0,0,0,0,0,0,0,0,A_TRUE_ZERO
1kws6yx,1,0,0,0,0,0,0,0,0,A_TRUE_ZERO
11xnsho,2,0,0,0,0,0,0,0,0,A_TRUE_ZERO
1en5ook,3,0,0,0,0,0,0,0,0,A_TRUE_ZERO
bhbr65,4,0,0,0,0,0,0,0,0,A_TRUE_ZERO
1nld6bf,3,0,0,0,0,0,0,0,0,A_TRUE_ZERO
j24gy9,2,0,0,0,0,0,0,0,0,A_TRUE_ZERO
1rlwo2n,1,0,0,0,0,0,0,0,0,A_TRUE_ZERO
13boltm,1,0,0,0,0,0,0,0,0,A_TRUE_ZERO
funt3f,1,0,0,0,0,0,0,0,0,A_TRUE_ZERO
14mardr,1,0,0,0,0,0,0,0,0,A_TRUE_ZERO
11xedl9,3,0,0,0,0,0,0,0,0,A_TRUE_ZERO
1qi5993,3,0,0,0,0,0,0,0,0,A_TRUE_ZERO
fogq6s,2,0,0,0,0,0,0,0,0,A_TRUE_ZERO
nkxzpy,1,0,0,0,0,0,0,0,0,A_TRUE_ZERO
1hcxqgs,3,0,0,0,0,0,0,0,0,A_TRUE_ZERO
nx2e8w,1,0,0,0,0,0,0,0,0,A_TRUE_ZERO
1in18sa,1,0,0,0,0,0,0,0,0,A_TRUE_ZERO
xvve55,2,0,0,0,0,0,0,0,0,A_TRUE_ZERO
n5eqz9,1,0,0,0,0,0,0,0,0,A_TRUE_ZERO
1lo8z2s,3,0,0,0,0,0,0,0,0,A_TRUE_ZERO
nfuhkr,1,0,0,0,0,0,0,0,0,A_TRUE_ZERO
10b55io,1,0,0,0,0,0,0,0,0,A_TRUE_ZERO
1lp2fbp,2,0,0,0,0,0,0,0,0,A_TRUE_ZERO
z8cd46,2,0,0,0,0,0,0,0,0,A_TRUE_ZERO
136qhr3,2,0,0,0,0,0,0,0,0,A_TRUE_ZERO
epmax2,1,0,0,0,0,0,0,0,0,A_TRUE_ZERO
17048t7,1,0,0,0,0,0,0,0,0,A_TRUE_ZERO
1in6g1n,1,0,0,0,0,0,0,0,0,A_TRUE_ZERO
r265bu,1,0,0,0,0,0,0,0,0,A_TRUE_ZERO
1izetwa,1,0,0,0,0,0,0,0,0,A_TRUE_ZERO
u7xjn4,2,0,0,0,0,0,0,0,0,A_TRUE_ZERO
13buhhp,1,0,0,0,0,0,0,0,0,A_TRUE_ZERO
jnimpm,1,0,0,0,0,0,0,0,0,A_TRUE_ZERO
kyltgy,1,0,0,0,0,0,0,0,0,A_TRUE_ZERO
rblioj,3,0,0,0,0,0,0,0,0,A_TRUE_ZERO
12yi7aa,1,0,0,0,0,0,0,0,0,A_TRUE_ZERO
czisog,3,0,0,0,0,0,0,0,0,A_TRUE_ZERO
158znz0,2,0,0,0,0,0,0,0,0,A_TRUE_ZERO
y8kdh3,1,0,0,0,0,0,0,0,0,A_TRUE_ZERO
1gw0uzg,3,0,0,0,0,0,0,0,0,A_TRUE_ZERO
f2raox,1,0,0,0,0,0,0,0,0,A_TRUE_ZERO
16bb25p,1,0,0,0,0,0,0,0,0,A_TRUE_ZERO
yxxhao,1,0,0,0,0,0,0,0,0,A_TRUE_ZERO
hcglvg,1,0,0,0,0,0,0,0,0,A_TRUE_ZERO
cjc7g1,3,0,0,0,0,0,0,0,0,A_TRUE_ZERO
1gduly2,3,0,0,0,0,0,0,0,0,A_TRUE_ZERO
1lksk8e,1,0,0,0,0,0,0,0,0,A_TRUE_ZERO
pnoodq,1,0,0,0,0,0,0,0,0,A_TRUE_ZERO
j84c3r,1,0,0,0,0,0,0,0,0,A_TRUE_ZERO
1ae8t1o,1,0,0,0,0,0,0,0,0,A_TRUE_ZERO
yijjp8,1,0,0,0,0,0,0,0,0,A_TRUE_ZERO
1ert442,4,0,0,0,0,0,0,0,0,A_TRUE_ZERO
wmvpv5,3,0,0,0,0,0,0,0,0,A_TRUE_ZERO
1dwvl2r,1,0,0,0,0,0,0,0,0,A_TRUE_ZERO
1ry5u9b,1,0,0,0,0,0,0,0,0,A_TRUE_ZERO
1nbam0k,4,0,0,0,0,0,0,0,0,A_TRUE_ZERO
1kzenf2,2,0,0,0,0,0,0,0,0,A_TRUE_ZERO
u14qqq,1,0,0,0,0,0,0,0,0,A_TRUE_ZERO
ma4mwl,1,0,0,0,0,0,0,0,0,A_TRUE_ZERO
sedth9,1,0,0,0,0,0,0,0,0,A_TRUE_ZERO
w0ly49,1,0,0,0,0,0,0,0,0,A_TRUE_ZERO
1ihxrti,1,0,0,0,0,0,0,0,0,A_TRUE_ZERO
q8z7vu,3,0,0,0,0,0,0,0,0,A_TRUE_ZERO
1r829ah,2,0,0,0,0,0,0,0,0,A_TRUE_ZERO
mo8qex,1,0,0,0,0,0,0,0,0,A_TRUE_ZERO
lmjw4j,1,0,0,0,0,0,0,0,0,A_TRUE_ZERO
cwq45q,3,0,0,0,0,0,0,0,0,A_TRUE_ZERO
1moidm1,1,0,0,0,0,0,0,0,0,A_TRUE_ZERO
wcihhn,3,0,0,0,0,0,0,0,0,A_TRUE_ZERO
1edob0y,3,0,0,0,0,0,0,0,0,A_TRUE_ZERO
k3nwt7,1,0,0,0,0,0,0,0,0,A_TRUE_ZERO
1096soi,3,0,0,0,0,0,0,0,0,A_TRUE_ZERO
11o1bas,2,0,0,0,0,0,0,0,0,A_TRUE_ZERO
dm9lz0,1,0,0,0,0,0,0,0,0,A_TRUE_ZERO
bq9bte,2,0,0,0,0,0,0,0,0,A_TRUE_ZERO
qwdzn6,1,0,0,0,0,0,0,0,0,A_TRUE_ZERO
1liol4d,1,0,0,0,0,0,0,0,0,A_TRUE_ZERO
1av0jcp,2,0,0,0,0,0,0,0,0,A_TRUE_ZERO
qdgvv5,1,0,0,0,0,0,0,0,0,A_TRUE_ZERO
1imwfb5,1,0,0,0,0,0,0,0,0,A_TRUE_ZERO
16xpwvk,1,0,0,0,0,0,0,0,0,A_TRUE_ZERO
x2oral,1,0,0,0,0,0,0,0,0,A_TRUE_ZERO
1e0zoyx,1,0,0,0,0,0,0,0,0,A_TRUE_ZERO
wzuhym,1,0,0,0,0,0,0,0,0,A_TRUE_ZERO
1g9onc1,3,0,0,0,0,0,0,0,0,A_TRUE_ZERO
ivyz2z,1,0,0,0,0,0,0,0,0,A_TRUE_ZERO
1detaun,2,0,0,0,0,0,0,0,0,A_TRUE_ZERO
j8dzwr,1,0,0,0,0,0,0,0,0,A_TRUE_ZERO
u7hunl,1,0,0,0,0,0,0,0,0,A_TRUE_ZERO
11dfa9t,1,0,0,0,0,0,0,0,0,A_TRUE_ZERO
1cgeqe7,1,0,0,0,0,0,0,0,0,A_TRUE_ZERO
1r30u4i,2,0,0,0,0,0,0,0,0,A_TRUE_ZERO
1etaxa5,1,0,0,0,0,0,0,0,0,A_TRUE_ZERO
1obirve,2,0,0,0,0,0,0,0,0,A_TRUE_ZERO
1f72fmd,3,0,0,0,0,0,0,0,0,A_TRUE_ZERO
1j368hw,1,0,0,0,0,0,0,0,0,A_TRUE_ZERO
hb0u7h,1,0,0,0,0,0,0,0,0,A_TRUE_ZERO
164ldjv,3,0,0,0,0,0,0,0,0,A_TRUE_ZERO
189ia8b,1,0,0,0,0,0,0,0,0,A_TRUE_ZERO
g84mwx,1,0,0,0,0,0,0,0,0,A_TRUE_ZERO
j9l894,3,0,0,0,0,0,0,0,0,A_TRUE_ZERO
u8t3vw,1,0,0,0,0,0,0,0,0,A_TRUE_ZERO
b9ewiq,1,0,0,0,0,0,0,0,0,A_TRUE_ZERO
1jkedco,1,0,0,0,0,0,0,0,0,A_TRUE_ZERO
fkrkjd,1,0,0,0,0,0,0,0,0,A_TRUE_ZERO
7xj7bx,1,0,0,0,0,0,0,0,0,A_TRUE_ZERO
17ngei1,2,0,0,0,0,0,0,0,0,A_TRUE_ZERO
uo8eg7,1,0,0,0,0,0,0,0,0,A_TRUE_ZERO
es0h07,1,0,0,0,0,0,0,0,0,A_TRUE_ZERO
1l3tmnu,2,0,0,0,0,0,0,0,0,A_TRUE_ZERO
1s8qrz2,2,0,0,0,0,0,0,0,0,A_TRUE_ZERO
1hhvcu7,1,0,0,0,0,0,0,0,0,A_TRUE_ZERO
11bj9lr,1,0,0,0,0,0,0,0,0,A_TRUE_ZERO
1gwlzhd,2,0,0,0,0,0,0,0,0,A_TRUE_ZERO
10w8vp2,1,0,0,0,0,0,0,0,0,A_TRUE_ZERO
180mk5f,3,0,0,0,0,0,0,0,0,A_TRUE_ZERO
1bobq1z,1,0,0,0,0,0,0,0,0,A_TRUE_ZERO
1it7z16,1,0,0,0,0,0,0,0,0,A_TRUE_ZERO
pvpcru,2,0,0,0,0,0,0,0,0,A_TRUE_ZERO
1nznkho,3,0,0,0,0,0,0,0,0,A_TRUE_ZERO
lf9fd3,1,0,0,0,0,0,0,0,0,A_TRUE_ZERO
dszriw,1,0,0,0,0,0,0,0,0,A_TRUE_ZERO
1ek95db,2,0,0,0,0,0,0,0,0,A_TRUE_ZERO
167b43m,3,0,0,0,0,0,0,0,0,A_TRUE_ZERO
epjn1z,1,0,0,0,0,0,0,0,0,A_TRUE_ZERO
1g2fw0j,1,0,0,0,0,0,0,0,0,A_TRUE_ZERO
yvjh20,3,0,0,0,0,0,0,0,0,A_TRUE_ZERO
1dq6bfu,2,0,0,0,0,0,0,0,0,A_TRUE_ZERO
1riuccf,3,0,0,0,0,0,0,0,0,A_TRUE_ZERO
15flyzz,3,0,0,0,0,0,0,0,0,A_TRUE_ZERO
10p3k4j,1,0,0,0,0,0,0,0,0,A_TRUE_ZERO
1hbuzhy,1,0,0,0,0,0,0,0,0,A_TRUE_ZERO
1h2d82s,2,0,0,0,0,0,0,0,0,A_TRUE_ZERO
1q5xg1j,1,0,0,0,0,0,0,0,0,A_TRUE_ZERO
qdcnnd,1,0,0,0,0,0,0,0,0,A_TRUE_ZERO
ccctk9,1,0,0,0,0,0,0,0,0,A_TRUE_ZERO
1c7hbau,4,0,0,0,0,0,0,0,0,A_TRUE_ZERO
ct66x8,2,0,0,0,0,0,0,0,0,A_TRUE_ZERO
182ginu,3,0,0,0,0,0,0,0,0,A_TRUE_ZERO
f75wtp,1,0,0,0,0,0,0,0,0,A_TRUE_ZERO
1e62tj3,3,0,0,0,0,0,0,0,0,A_TRUE_ZERO
1ootjxy,2,0,0,0,0,0,0,0,0,A_TRUE_ZERO
1k7mehb,1,0,0,0,0,0,0,0,0,A_TRUE_ZERO
q3broi,1,0,0,0,0,0,0,0,0,A_TRUE_ZERO
bwn40r,2,0,0,0,0,0,0,0,0,A_TRUE_ZERO
jne0rr,1,0,0,0,0,0,0,0,0,A_TRUE_ZERO
chcuw7,2,0,0,0,0,0,0,0,0,A_TRUE_ZERO
1cn7gsf,1,0,0,0,0,0,0,0,0,A_TRUE_ZERO
1180cg8,3,0,0,0,0,0,0,0,0,A_TRUE_ZERO
f747ex,1,0,0,0,0,0,0,0,0,A_TRUE_ZERO
1n8ozf8,3,0,0,0,0,0,0,0,0,A_TRUE_ZERO
1i9c4vp,1,0,0,0,0,0,0,0,0,A_TRUE_ZERO
cqt8eg,3,0,0,0,0,0,0,0,0,A_TRUE_ZERO
unby86,3,0,0,0,0,0,0,0,0,A_TRUE_ZERO
hrr4i7,1,0,0,0,0,0,0,0,0,A_TRUE_ZERO
1fie8yj,2,0,0,0,0,0,0,0,0,A_TRUE_ZERO
vi53th,1,0,0,0,0,0,0,0,0,A_TRUE_ZERO
j4yff3,1,0,0,0,0,0,0,0,0,A_TRUE_ZERO
13vr2xf,1,0,0,0,0,0,0,0,0,A_TRUE_ZERO
1i6u4o6,1,0,0,0,0,0,0,0,0,A_TRUE_ZERO
qcnoyq,2,0,0,0,0,0,0,0,0,A_TRUE_ZERO
lmb6dn,1,0,0,0,0,0,0,0,0,A_TRUE_ZERO
11n57ip,2,0,0,0,0,0,0,0,0,A_TRUE_ZERO
1joyun2,1,0,0,0,0,0,0,0,0,A_TRUE_ZERO
1nx4355,1,0,0,0,0,0,0,0,0,A_TRUE_ZERO
u4r4mf,3,0,0,0,0,0,0,0,0,A_TRUE_ZERO
pbe72i,3,0,0,0,0,0,0,0,0,A_TRUE_ZERO
ogg6ga,3,0,0,0,0,0,0,0,0,A_TRUE_ZERO
12rxepn,1,0,0,0,0,0,0,0,0,A_TRUE_ZERO
dqyxjm,1,0,0,0,0,0,0,0,0,A_TRUE_ZERO
1359s7r,1,0,0,0,0,0,0,0,0,A_TRUE_ZERO
ygno9e,1,0,0,0,0,0,0,0,0,A_TRUE_ZERO
wklflk,1,0,0,0,0,0,0,0,0,A_TRUE_ZERO
y9tnkz,2,0,0,0,0,0,0,0,0,A_TRUE_ZERO
10ptmb7,1,0,0,0,0,0,0,0,0,A_TRUE_ZERO
1cy990m,1,0,0,0,0,0,0,0,0,A_TRUE_ZERO
w8pakw,3,0,0,0,0,0,0,0,0,A_TRUE_ZERO
fvvj60,3,0,0,0,0,0,0,0,0,A_TRUE_ZERO
157ofsf,2,0,0,0,0,0,0,0,0,A_TRUE_ZERO
17cgaqx,3,0,0,0,0,0,0,0,0,A_TRUE_ZERO
1b98p6k,3,0,0,0,0,0,0,0,0,A_TRUE_ZERO
yv512s,1,0,0,0,0,0,0,0,0,A_TRUE_ZERO
wsezvy,3,0,0,0,0,0,0,0,0,A_TRUE_ZERO
124heg1,1,0,0,0,0,0,0,0,0,A_TRUE_ZERO
ouqgvr,1,0,0,0,0,0,0,0,0,A_TRUE_ZERO
voir62,2,0,0,0,0,0,0,0,0,A_TRUE_ZERO
1gid1ca,1,0,0,0,0,0,0,0,0,A_TRUE_ZERO
kr2xt6,2,0,0,0,0,0,0,0,0,A_TRUE_ZERO
1bfnsyg,1,0,0,0,0,0,0,0,0,A_TRUE_ZERO
ftvuza,1,0,0,0,0,0,0,0,0,A_TRUE_ZERO
yqo1x4,3,0,0,0,0,0,0,0,0,A_TRUE_ZERO
10z0stp,1,0,0,0,0,0,0,0,0,A_TRUE_ZERO
18s39v9,1,0,0,0,0,0,0,0,0,A_TRUE_ZERO
169200g,2,0,0,0,0,0,0,0,0,A_TRUE_ZERO
1jw2ss8,2,0,0,0,0,0,0,0,0,A_TRUE_ZERO
1sgbpmd,2,0,0,0,0,0,0,0,0,A_TRUE_ZERO
141hyet,1,0,0,0,0,0,0,0,0,A_TRUE_ZERO
1k108tg,1,0,0,0,0,0,0,0,0,A_TRUE_ZERO
14nr2xb,1,0,0,0,0,0,0,0,0,A_TRUE_ZERO
1kujywc,1,0,0,0,0,0,0,0,0,A_TRUE_ZERO
c6lnw4,1,0,0,0,0,0,0,0,0,A_TRUE_ZERO
11o5iwa,1,0,0,0,0,0,0,0,0,A_TRUE_ZERO
itm274,1,0,0,0,0,0,0,0,0,A_TRUE_ZERO
1hssw80,3,0,0,0,0,0,0,0,0,A_TRUE_ZERO
fvwxd2,1,0,0,0,0,0,0,0,0,A_TRUE_ZERO
tn6msn,2,0,0,0,0,0,0,0,0,A_TRUE_ZERO
oxvjmx,2,0,0,0,0,0,0,0,0,A_TRUE_ZERO
xr66l8,1,0,0,0,0,0,0,0,0,A_TRUE_ZERO
1seqgsa,2,0,0,0,0,0,0,0,0,A_TRUE_ZERO
shiqoa,1,0,0,0,0,0,0,0,0,A_TRUE_ZERO
17kna6o,1,0,0,0,0,0,0,0,0,A_TRUE_ZERO
1c31ibp,1,0,0,0,0,0,0,0,0,A_TRUE_ZERO
i9py99,3,0,0,0,0,0,0,0,0,A_TRUE_ZERO
1m1xyb8,2,0,0,0,0,0,0,0,0,A_TRUE_ZERO
ehylwe,1,0,0,0,0,0,0,0,0,A_TRUE_ZERO
uh0a5f,2,0,0,0,0,0,0,0,0,A_TRUE_ZERO
oxt0wt,3,0,0,0,0,0,0,0,0,A_TRUE_ZERO
18dq96d,2,0,0,0,0,0,0,0,0,A_TRUE_ZERO
1oqclod,2,0,0,0,0,0,0,0,0,A_TRUE_ZERO
18xpcun,2,0,0,0,0,0,0,0,0,A_TRUE_ZERO
xscaej,3,0,0,0,0,0,0,0,0,A_TRUE_ZERO
1lu1gcl,1,0,0,0,0,0,0,0,0,A_TRUE_ZERO
gwqwh3,1,0,0,0,0,0,0,0,0,A_TRUE_ZERO
jmf0d5,1,0,0,0,0,0,0,0,0,A_TRUE_ZERO
1jqch46,1,0,0,0,0,0,0,0,0,A_TRUE_ZERO
1fzg6cg,1,0,0,0,0,0,0,0,0,A_TRUE_ZERO
1khyvt7,1,0,0,0,0,0,0,0,0,A_TRUE_ZERO
lotev7,3,0,0,0,0,0,0,0,0,A_TRUE_ZERO
1f2w4l2,1,0,0,0,0,0,0,0,0,A_TRUE_ZERO
1mp24yi,1,0,0,0,0,0,0,0,0,A_TRUE_ZERO
fdkn1d,2,0,0,0,0,0,0,0,0,A_TRUE_ZERO
1aevycr,3,0,0,0,0,0,0,0,0,A_TRUE_ZERO
1qj7v3n,1,0,0,0,0,0,0,0,0,A_TRUE_ZERO
nzvgbo,2,0,0,0,0,0,0,0,0,A_TRUE_ZERO
nrn74t,1,0,0,0,0,0,0,0,0,A_TRUE_ZERO
o1z6ij,2,0,0,0,0,0,0,0,0,A_TRUE_ZERO
ti4i2s,3,0,0,0,0,0,0,0,0,A_TRUE_ZERO
10r5jqq,1,0,0,0,0,0,0,0,0,A_TRUE_ZERO
1dfzse5,1,0,0,0,0,0,0,0,0,A_TRUE_ZERO
nq668a,2,0,0,0,0,0,0,0,0,A_TRUE_ZERO
p1ow9h,2,0,0,0,0,0,0,0,0,A_TRUE_ZERO
1l24a24,1,0,0,0,0,0,0,0,0,A_TRUE_ZERO
18j4qdx,1,0,0,0,0,0,0,0,0,A_TRUE_ZERO
173b8q6,1,0,0,0,0,0,0,0,0,A_TRUE_ZERO
1m1omi6,3,0,0,0,0,0,0,0,0,A_TRUE_ZERO
1icz9u0,1,0,0,0,0,0,0,0,0,A_TRUE_ZERO
1dcwki9,2,0,0,0,0,0,0,0,0,A_TRUE_ZERO
cx3du7,2,0,0,0,0,0,0,0,0,A_TRUE_ZERO
15urcim,2,0,0,0,0,0,0,0,0,A_TRUE_ZERO
rq0jtj,1,0,0,0,0,0,0,0,0,A_TRUE_ZERO
10dix6v,2,0,0,0,0,0,0,0,0,A_TRUE_ZERO
1qq5q8r,2,0,0,0,0,0,0,0,0,A_TRUE_ZERO
165rf1k,4,0,0,0,0,0,0,0,0,A_TRUE_ZERO
1gz1ozt,1,0,0,0,0,0,0,0,0,A_TRUE_ZERO
12eivgh,3,0,0,0,0,0,0,0,0,A_TRUE_ZERO
1pps18u,1,0,0,0,0,0,0,0,0,A_TRUE_ZERO
1mvzka3,1,0,0,0,0,0,0,0,0,A_TRUE_ZERO
1i07lhq,1,0,0,0,0,0,0,0,0,A_TRUE_ZERO
1pb69pk,2,0,0,0,0,0,0,0,0,A_TRUE_ZERO
1sms9gy,4,0,0,0,0,0,0,0,0,A_TRUE_ZERO
bal6wy,2,0,0,0,0,0,0,0,0,A_TRUE_ZERO
15uuu8d,1,0,0,0,0,0,0,0,0,A_TRUE_ZERO
16oi4f2,2,0,0,0,0,0,0,0,0,A_TRUE_ZERO
1rgdh7f,2,0,0,0,0,0,0,0,0,A_TRUE_ZERO
cdqu3h,2,0,0,0,0,0,0,0,0,A_TRUE_ZERO
i4oxj7,1,0,0,0,0,0,0,0,0,A_TRUE_ZERO
19f4gfv,1,0,0,0,0,0,0,0,0,A_TRUE_ZERO
1roi3ne,4,0,0,0,0,0,0,0,0,A_TRUE_ZERO
sf52c9,1,0,0,0,0,0,0,0,0,A_TRUE_ZERO
1ebc3tw,3,0,0,0,0,0,0,0,0,A_TRUE_ZERO
192pbaq,1,0,0,0,0,0,0,0,0,A_TRUE_ZERO
1rj2rwr,2,0,0,0,0,0,0,0,0,A_TRUE_ZERO
mh49zr,3,0,0,0,0,0,0,0,0,A_TRUE_ZERO
ng623v,3,0,0,0,0,0,0,0,0,A_TRUE_ZERO
et53hl,1,0,0,0,0,0,0,0,0,A_TRUE_ZERO
16p9hbb,1,0,0,0,0,0,0,0,0,A_TRUE_ZERO
1mox8v8,1,0,0,0,0,0,0,0,0,A_TRUE_ZERO
1gvhwvy,2,0,0,0,0,0,0,0,0,A_TRUE_ZERO
1edxrzn,1,0,0,0,0,0,0,0,0,A_TRUE_ZERO
1pkljub,1,0,0,0,0,0,0,0,0,A_TRUE_ZERO
14wz6f7,1,0,0,0,0,0,0,0,0,A_TRUE_ZERO
1bu2tb9,1,0,0,0,0,0,0,0,0,A_TRUE_ZERO
tb94nz,3,0,0,0,0,0,0,0,0,A_TRUE_ZERO
15tgecc,3,0,0,0,0,0,0,0,0,A_TRUE_ZERO
1oe80v3,1,0,0,0,0,0,0,0,0,A_TRUE_ZERO
ljxu7g,1,0,0,0,0,0,0,0,0,A_TRUE_ZERO
1c7y7wj,2,0,0,0,0,0,0,0,0,A_TRUE_ZERO
sth0k9,1,0,0,0,0,0,0,0,0,A_TRUE_ZERO
1komnmm,1,0,0,0,0,0,0,0,0,A_TRUE_ZERO
1gzppk5,2,0,0,0,0,0,0,0,0,A_TRUE_ZERO
zdquou,3,0,0,0,0,0,0,0,0,A_TRUE_ZERO
1ayurte,1,0,0,0,0,0,0,0,0,A_TRUE_ZERO
1l4x22x,1,0,0,0,0,0,0,0,0,A_TRUE_ZERO
15dn13d,1,0,0,0,0,0,0,0,0,A_TRUE_ZERO
idcusk,1,0,0,0,0,0,0,0,0,A_TRUE_ZERO
1ifq5ch,2,0,0,0,0,0,0,0,0,A_TRUE_ZERO
1piiqxl,1,0,0,0,0,0,0,0,0,A_TRUE_ZERO
1bg12nv,2,0,0,0,0,0,0,0,0,A_TRUE_ZERO
u9scor,2,0,0,0,0,0,0,0,0,A_TRUE_ZERO
dmo8vl,4,0,0,0,0,0,0,0,0,A_TRUE_ZERO
18m5gk9,1,0,0,0,0,0,0,0,0,A_TRUE_ZERO
g1bbmb,2,0,0,0,0,0,0,0,0,A_TRUE_ZERO
qmtl28,3,0,0,0,0,0,0,0,0,A_TRUE_ZERO
1i6g14a,1,0,0,0,0,0,0,0,0,A_TRUE_ZERO
15strf8,1,0,0,0,0,0,0,0,0,A_TRUE_ZERO
1cxguu2,3,0,0,0,0,0,0,0,0,A_TRUE_ZERO
t8temx,2,0,0,0,0,0,0,0,0,A_TRUE_ZERO
1d3r7t3,3,0,0,0,0,0,0,0,0,A_TRUE_ZERO
lzw0xz,1,0,0,0,0,0,0,0,0,A_TRUE_ZERO
1apou53,1,0,0,0,0,0,0,0,0,A_TRUE_ZERO
ber55q,1,0,0,0,0,0,0,0,0,A_TRUE_ZERO
1ayddqj,1,0,0,0,0,0,0,0,0,A_TRUE_ZERO
1qpp6un,1,0,0,0,0,0,0,0,0,A_TRUE_ZERO
1ew9kjj,1,0,0,0,0,0,0,0,0,A_TRUE_ZERO
10jon9r,1,0,0,0,0,0,0,0,0,A_TRUE_ZERO
qunb6w,2,0,0,0,0,0,0,0,0,A_TRUE_ZERO
y3r8cd,1,0,0,0,0,0,0,0,0,A_TRUE_ZERO
1aq802x,3,0,0,0,0,0,0,0,0,A_TRUE_ZERO
1n8io04,2,0,0,0,0,0,0,0,0,A_TRUE_ZERO
1qec0j6,1,0,0,0,0,0,0,0,0,A_TRUE_ZERO
wlqb46,1,0,0,0,0,0,0,0,0,A_TRUE_ZERO
pq5ky7,1,0,0,0,0,0,0,0,0,A_TRUE_ZERO
shkbm8,1,0,0,0,0,0,0,0,0,A_TRUE_ZERO
rxrk60,2,0,0,0,0,0,0,0,0,A_TRUE_ZERO
hx4jj6,4,0,0,0,0,0,0,0,0,A_TRUE_ZERO
1nsqsis,1,0,0,0,0,0,0,0,0,A_TRUE_ZERO
d94n3v,1,0,0,0,0,0,0,0,0,A_TRUE_ZERO
c7zp3i,1,0,0,0,0,0,0,0,0,A_TRUE_ZERO
111d1v9,2,0,0,0,0,0,0,0,0,A_TRUE_ZERO
t4iqih,2,0,0,0,0,0,0,0,0,A_TRUE_ZERO
16a0iwm,1,0,0,0,0,0,0,0,0,A_TRUE_ZERO
1pn9bna,2,0,0,0,0,0,0,0,0,A_TRUE_ZERO
1bnh4k8,1,0,0,0,0,0,0,0,0,A_TRUE_ZERO
1efg2ya,2,0,0,0,0,0,0,0,0,A_TRUE_ZERO
dt52mr,1,0,0,0,0,0,0,0,0,A_TRUE_ZERO
pew2j3,2,0,0,0,0,0,0,0,0,A_TRUE_ZERO
17ao2r3,2,0,0,0,0,0,0,0,0,A_TRUE_ZERO
hr51bl,2,0,0,0,0,0,0,0,0,A_TRUE_ZERO
o9zrw0,3,0,0,0,0,0,0,0,0,A_TRUE_ZERO
soue3g,1,0,0,0,0,0,0,0,0,A_TRUE_ZERO
1jv15gy,1,0,0,0,0,0,0,0,0,A_TRUE_ZERO
1eu7gdc,1,0,0,0,0,0,0,0,0,A_TRUE_ZERO
fq2hv1,1,0,0,0,0,0,0,0,0,A_TRUE_ZERO
1sbfya3,3,0,0,0,0,0,0,0,0,A_TRUE_ZERO
1fzpouv,1,0,0,0,0,0,0,0,0,A_TRUE_ZERO
1qj6yn8,1,0,0,0,0,0,0,0,0,A_TRUE_ZERO
rq9d6t,1,0,0,0,0,0,0,0,0,A_TRUE_ZERO
126xlqk,1,0,0,0,0,0,0,0,0,A_TRUE_ZERO
oa7lzn,1,0,0,0,0,0,0,0,0,A_TRUE_ZERO
o5fmik,2,0,0,0,0,0,0,0,0,A_TRUE_ZERO
1dj15xi,3,0,0,0,0,0,0,0,0,A_TRUE_ZERO
1intehh,1,0,0,0,0,0,0,0,0,A_TRUE_ZERO
ifp06m,1,0,0,0,0,0,0,0,0,A_TRUE_ZERO
15oqu3t,1,0,0,0,0,0,0,0,0,A_TRUE_ZERO
bp61pa,1,0,0,0,0,0,0,0,0,A_TRUE_ZERO
1kw37xg,2,0,0,0,0,0,0,0,0,A_TRUE_ZERO
p6bas4,1,0,0,0,0,0,0,0,0,A_TRUE_ZERO
1bdsf0l,1,0,0,0,0,0,0,0,0,A_TRUE_ZERO
1f3j3ze,2,0,0,0,0,0,0,0,0,A_TRUE_ZERO
117hc51,1,0,0,0,0,0,0,0,0,A_TRUE_ZERO
16jde4s,3,0,0,0,0,0,0,0,0,A_TRUE_ZERO
jyajzu,4,0,0,0,0,0,0,0,0,A_TRUE_ZERO
11l4wsv,1,0,0,0,0,0,0,0,0,A_TRUE_ZERO
ywkjb8,1,0,0,0,0,0,0,0,0,A_TRUE_ZERO
165kt42,1,0,0,0,0,0,0,0,0,A_TRUE_ZERO
qcqr1d,1,0,0,0,0,0,0,0,0,A_TRUE_ZERO
14nobsd,2,0,0,0,0,0,0,0,0,A_TRUE_ZERO
mlh8wt,1,0,0,0,0,0,0,0,0,A_TRUE_ZERO
1bcdkgw,3,0,0,0,0,0,0,0,0,A_TRUE_ZERO
1fbgdxy,2,0,0,0,0,0,0,0,0,A_TRUE_ZERO
1qdy6w1,1,0,0,0,0,0,0,0,0,A_TRUE_ZERO
tbywez,1,0,0,0,0,0,0,0,0,A_TRUE_ZERO
tzoawq,3,0,0,0,0,0,0,0,0,A_TRUE_ZERO
dh9rq5,1,0,0,0,0,0,0,0,0,A_TRUE_ZERO
1fxe7cq,1,0,0,0,0,0,0,0,0,A_TRUE_ZERO
mdvl37,1,0,0,0,0,0,0,0,0,A_TRUE_ZERO
18spu1y,1,0,0,0,0,0,0,0,0,A_TRUE_ZERO
1pib3rh,1,0,0,0,0,0,0,0,0,A_TRUE_ZERO
haa3iw,2,0,0,0,0,0,0,0,0,A_TRUE_ZERO
1g3mkji,4,0,0,0,0,0,0,0,0,A_TRUE_ZERO
jojisz,1,0,0,0,0,0,0,0,0,A_TRUE_ZERO
s5wzk1,3,0,0,0,0,0,0,0,0,A_TRUE_ZERO
efwwvi,1,0,0,0,0,0,0,0,0,A_TRUE_ZERO
1bf9g6h,2,0,0,0,0,0,0,0,0,A_TRUE_ZERO
12tgbf4,1,0,0,0,0,0,0,0,0,A_TRUE_ZERO
om34ww,3,0,0,0,0,0,0,0,0,A_TRUE_ZERO
igexhu,2,0,0,0,0,0,0,0,0,A_TRUE_ZERO
ic9hev,1,0,0,0,0,0,0,0,0,A_TRUE_ZERO
nre0p0,2,0,0,0,0,0,0,0,0,A_TRUE_ZERO
lhp4s8,1,0,0,0,0,0,0,0,0,A_TRUE_ZERO
114rkcr,3,0,0,0,0,0,0,0,0,A_TRUE_ZERO
1h6p6gg,3,0,0,0,0,0,0,0,0,A_TRUE_ZERO
1ie4d1e,1,0,0,0,0,0,0,0,0,A_TRUE_ZERO
tfvunb,1,0,0,0,0,0,0,0,0,A_TRUE_ZERO
v2timm,4,0,0,0,0,0,0,0,0,A_TRUE_ZERO
1kayvhi,1,0,0,0,0,0,0,0,0,A_TRUE_ZERO
fk4k4x,3,0,0,0,0,0,0,0,0,A_TRUE_ZERO
wjnyi8,4,0,0,0,0,0,0,0,0,A_TRUE_ZERO
oejf1w,3,0,0,0,0,0,0,0,0,A_TRUE_ZERO
bvr66a,1,0,0,0,0,0,0,0,0,A_TRUE_ZERO
v1qx33,1,0,0,0,0,0,0,0,0,A_TRUE_ZERO
1bzvpuh,1,0,0,0,0,0,0,0,0,A_TRUE_ZERO
1djttpg,2,0,0,0,0,0,0,0,0,A_TRUE_ZERO
1qxn57o,1,0,0,0,0,0,0,0,0,A_TRUE_ZERO
1499fin,1,0,0,0,0,0,0,0,0,A_TRUE_ZERO
jk20oj,2,0,0,0,0,0,0,0,0,A_TRUE_ZERO
czfq0n,1,0,0,0,0,0,0,0,0,A_TRUE_ZERO
l1ymv4,2,0,0,0,0,0,0,0,0,A_TRUE_ZERO
1fdm18z,1,0,0,0,0,0,0,0,0,A_TRUE_ZERO
153be9z,3,0,0,0,0,0,0,0,0,A_TRUE_ZERO
vjmlvf,1,0,0,0,0,0,0,0,0,A_TRUE_ZERO
jiz3yz,2,0,0,0,0,0,0,0,0,A_TRUE_ZERO
lwanx2,1,0,0,0,0,0,0,0,0,A_TRUE_ZERO
1dz9abr,1,0,0,0,0,0,0,0,0,A_TRUE_ZERO
efo9qs,2,0,0,0,0,0,0,0,0,A_TRUE_ZERO
16b2lie,3,0,0,0,0,0,0,0,0,A_TRUE_ZERO
ueonk3,2,0,0,0,0,0,0,0,0,A_TRUE_ZERO
igktcn,1,0,0,0,0,0,0,0,0,A_TRUE_ZERO
wuvcwc,2,0,0,0,0,0,0,0,0,A_TRUE_ZERO
1lagtsw,1,0,0,0,0,0,0,0,0,A_TRUE_ZERO
1mqivp0,1,0,0,0,0,0,0,0,0,A_TRUE_ZERO
1dokjdp,3,0,0,0,0,0,0,0,0,A_TRUE_ZERO
1ptnc81,2,0,0,0,0,0,0,0,0,A_TRUE_ZERO
1pot38e,1,0,0,0,0,0,0,0,0,A_TRUE_ZERO
1e80k5t,1,0,0,0,0,0,0,0,0,A_TRUE_ZERO
15642vr,1,0,0,0,0,0,0,0,0,A_TRUE_ZERO
vtkq57,1,0,0,0,0,0,0,0,0,A_TRUE_ZERO
fmlgjw,1,0,0,0,0,0,0,0,0,A_TRUE_ZERO
h0fb9t,1,0,0,0,0,0,0,0,0,A_TRUE_ZERO
tfbzl6,1,0,0,0,0,0,0,0,0,A_TRUE_ZERO
j2cff4,1,0,0,0,0,0,0,0,0,A_TRUE_ZERO
1pxcgyd,3,0,0,0,0,0,0,0,0,A_TRUE_ZERO
1aqd7ri,1,0,0,0,0,0,0,0,0,A_TRUE_ZERO
1d9ritx,1,0,0,0,0,0,0,0,0,A_TRUE_ZERO
j5x5cb,2,0,0,0,0,0,0,0,0,A_TRUE_ZERO
14ljlxz,1,0,0,0,0,0,0,0,0,A_TRUE_ZERO
n6e4qw,1,0,0,0,0,0,0,0,0,A_TRUE_ZERO
rh5zw2,1,0,0,0,0,0,0,0,0,A_TRUE_ZERO
1mwvmxd,2,0,0,0,0,0,0,0,0,A_TRUE_ZERO
kwjtnt,2,0,0,0,0,0,0,0,0,A_TRUE_ZERO
1llm8gu,1,0,0,0,0,0,0,0,0,A_TRUE_ZERO
ictgct,1,0,0,0,0,0,0,0,0,A_TRUE_ZERO
u478u8,1,0,0,0,0,0,0,0,0,A_TRUE_ZERO
wflefx,1,0,0,0,0,0,0,0,0,A_TRUE_ZERO
11myjn7,2,0,0,0,0,0,0,0,0,A_TRUE_ZERO
cyfkd4,1,0,0,0,0,0,0,0,0,A_TRUE_ZERO
1mwhji0,1,0,0,0,0,0,0,0,0,A_TRUE_ZERO
1efue55,3,0,0,0,0,0,0,0,0,A_TRUE_ZERO
f7cjfi,1,0,0,0,0,0,0,0,0,A_TRUE_ZERO
nrhfmx,4,0,0,0,0,0,0,0,0,A_TRUE_ZERO
efzk6z,1,0,0,0,0,0,0,0,0,A_TRUE_ZERO
16tuzi1,1,0,0,0,0,0,0,0,0,A_TRUE_ZERO
1ptaq2f,2,0,0,0,0,0,0,0,0,A_TRUE_ZERO
164o2z0,2,0,0,0,0,0,0,0,0,A_TRUE_ZERO
11y05vo,1,0,0,0,0,0,0,0,0,A_TRUE_ZERO
ubxgia,2,0,0,0,0,0,0,0,0,A_TRUE_ZERO
lrfds4,3,0,0,0,0,0,0,0,0,A_TRUE_ZERO
1pue3n4,1,0,0,0,0,0,0,0,0,A_TRUE_ZERO
dokfau,2,0,0,0,0,0,0,0,0,A_TRUE_ZERO
1e9eo9g,1,0,0,0,0,0,0,0,0,A_TRUE_ZERO
ny1nm8,2,0,0,0,0,0,0,0,0,A_TRUE_ZERO
u96l92,1,0,0,0,0,0,0,0,0,A_TRUE_ZERO
sjombq,1,0,0,0,0,0,0,0,0,A_TRUE_ZERO
1pe3zl0,3,0,0,0,0,0,0,0,0,A_TRUE_ZERO
10mrf12,1,0,0,0,0,0,0,0,0,A_TRUE_ZERO
tef9no,4,0,0,0,0,0,0,0,0,A_TRUE_ZERO
1e6pbf5,2,0,0,0,0,0,0,0,0,A_TRUE_ZERO
1fanvpe,1,0,0,0,0,0,0,0,0,A_TRUE_ZERO
14w60fw,1,0,0,0,0,0,0,0,0,A_TRUE_ZERO
1e1awxq,2,0,0,0,0,0,0,0,0,A_TRUE_ZERO
1g1stg2,2,0,0,0,0,0,0,0,0,A_TRUE_ZERO
1s03a8g,1,0,0,0,0,0,0,0,0,A_TRUE_ZERO
qc610u,2,0,0,0,0,0,0,0,0,A_TRUE_ZERO
1ou9p3k,4,0,0,0,0,0,0,0,0,A_TRUE_ZERO
iloc02,1,0,0,0,0,0,0,0,0,A_TRUE_ZERO
17hrgy8,2,0,0,0,0,0,0,0,0,A_TRUE_ZERO
15vk9r1,1,0,0,0,0,0,0,0,0,A_TRUE_ZERO
v1v98t,3,0,0,0,0,0,0,0,0,A_TRUE_ZERO
mplcfc,2,0,0,0,0,0,0,0,0,A_TRUE_ZERO
1m2j73u,2,0,0,0,0,0,0,0,0,A_TRUE_ZERO
scslad,1,0,0,0,0,0,0,0,0,A_TRUE_ZERO
rubl9y,1,0,0,0,0,0,0,0,0,A_TRUE_ZERO
sdiboj,1,0,0,0,0,0,0,0,0,A_TRUE_ZERO
lxt75a,3,0,0,0,0,0,0,0,0,A_TRUE_ZERO
19fksak,1,0,0,0,0,0,0,0,0,A_TRUE_ZERO
1grqjgs,1,0,0,0,0,0,0,0,0,A_TRUE_ZERO
bogshq,1,0,0,0,0,0,0,0,0,A_TRUE_ZERO
rkouio,3,0,0,0,0,0,0,0,0,A_TRUE_ZERO
1ijj9xm,1,0,0,0,0,0,0,0,0,A_TRUE_ZERO
1fsyxti,1,0,0,0,0,0,0,0,0,A_TRUE_ZERO
1bl4gxo,1,0,0,0,0,0,0,0,0,A_TRUE_ZERO
1be2fc0,3,0,0,0,0,0,0,0,0,A_TRUE_ZERO
192enjq,3,0,0,0,0,0,0,0,0,A_TRUE_ZERO
1dp56c9,2,0,0,0,0,0,0,0,0,A_TRUE_ZERO
17s63y9,1,0,0,0,0,0,0,0,0,A_TRUE_ZERO
1n0p34x,1,0,0,0,0,0,0,0,0,A_TRUE_ZERO
1micneb,2,0,0,0,0,0,0,0,0,A_TRUE_ZERO
rxi9sv,1,0,0,0,0,0,0,0,0,A_TRUE_ZERO
kseqf1,2,0,0,0,0,0,0,0,0,A_TRUE_ZERO
lmtbzq,1,0,0,0,0,0,0,0,0,A_TRUE_ZERO
tft6e8,1,0,0,0,0,0,0,0,0,A_TRUE_ZERO
kdhpuz,1,0,0,0,0,0,0,0,0,A_TRUE_ZERO
v0k06g,1,0,0,0,0,0,0,0,0,A_TRUE_ZERO
l85mvj,2,0,0,0,0,0,0,0,0,A_TRUE_ZERO
eo64wg,3,0,0,0,0,0,0,0,0,A_TRUE_ZERO
12ytahw,1,0,0,0,0,0,0,0,0,A_TRUE_ZERO
1kfsxmq,2,0,0,0,0,0,0,0,0,A_TRUE_ZERO
1rrt9wi,1,0,0,0,0,0,0,0,0,A_TRUE_ZERO
cdprnh,1,0,0,0,0,0,0,0,0,A_TRUE_ZERO
isynam,2,0,0,0,0,0,0,0,0,A_TRUE_ZERO
1160985,3,0,0,0,0,0,0,0,0,A_TRUE_ZERO
13c8250,1,0,0,0,0,0,0,0,0,A_TRUE_ZERO
1alb04r,3,0,0,0,0,0,0,0,0,A_TRUE_ZERO
1eraysd,2,0,0,0,0,0,0,0,0,A_TRUE_ZERO
1alfoau,1,0,0,0,0,0,0,0,0,A_TRUE_ZERO
1obs3ub,1,0,0,0,0,0,0,0,0,A_TRUE_ZERO
1cxfrnv,2,0,0,0,0,0,0,0,0,A_TRUE_ZERO
131lsji,2,0,0,0,0,0,0,0,0,A_TRUE_ZERO
1irwgw1,2,0,0,0,0,0,0,0,0,A_TRUE_ZERO
1ahsvj8,1,0,0,0,0,0,0,0,0,A_TRUE_ZERO
rvgy85,2,0,0,0,0,0,0,0,0,A_TRUE_ZERO
1p4d5ev,3,0,0,0,0,0,0,0,0,A_TRUE_ZERO
18i9jhp,2,0,0,0,0,0,0,0,0,A_TRUE_ZERO
1fmcj3x,1,0,0,0,0,0,0,0,0,A_TRUE_ZERO
cxuknt,1,0,0,0,0,0,0,0,0,A_TRUE_ZERO
1k1e1vb,1,0,0,0,0,0,0,0,0,A_TRUE_ZERO
jdns85,1,0,0,0,0,0,0,0,0,A_TRUE_ZERO
1gv4ph0,1,0,0,0,0,0,0,0,0,A_TRUE_ZERO
1b0kfa4,1,0,0,0,0,0,0,0,0,A_TRUE_ZERO
yvawai,1,0,0,0,0,0,0,0,0,A_TRUE_ZERO
10gmtlo,1,0,0,0,0,0,0,0,0,A_TRUE_ZERO
ztkdit,1,0,0,0,0,0,0,0,0,A_TRUE_ZERO
1guax2e,1,0,0,0,0,0,0,0,0,A_TRUE_ZERO
vpem1m,2,0,0,0,0,0,0,0,0,A_TRUE_ZERO
gafxn6,1,0,0,0,0,0,0,0,0,A_TRUE_ZERO
c96wv7,2,0,0,0,0,0,0,0,0,A_TRUE_ZERO
forl57,2,0,0,0,0,0,0,0,0,A_TRUE_ZERO
11ayyv3,2,0,0,0,0,0,0,0,0,A_TRUE_ZERO
t4tf7d,1,0,0,0,0,0,0,0,0,A_TRUE_ZERO
1b4wkjb,1,0,0,0,0,0,0,0,0,A_TRUE_ZERO
1p2cduq,3,0,0,0,0,0,0,0,0,A_TRUE_ZERO
co5oy5,3,0,0,0,0,0,0,0,0,A_TRUE_ZERO
iz30wg,3,0,0,0,0,0,0,0,0,A_TRUE_ZERO
1s5cksi,3,1,0,0,0,1,0,0,0,B_FILTERED_OUT
197putu,1,0,0,0,0,0,0,0,0,A_TRUE_ZERO
ekoxje,1,0,0,0,0,0,0,0,0,A_TRUE_ZERO
iqwobj,1,0,0,0,0,0,0,0,0,A_TRUE_ZERO
1988meg,1,0,0,0,0,0,0,0,0,A_TRUE_ZERO
izoqxr,1,0,0,0,0,0,0,0,0,A_TRUE_ZERO
ec2gz0,1,0,0,0,0,0,0,0,0,A_TRUE_ZERO
1asgbk2,1,0,0,0,0,0,0,0,0,A_TRUE_ZERO
pcq2wy,1,0,0,0,0,0,0,0,0,A_TRUE_ZERO
xx2a2l,1,0,0,0,0,0,0,0,0,A_TRUE_ZERO
13f452v,3,0,0,0,0,0,0,0,0,A_TRUE_ZERO
1419pcv,2,0,0,0,0,0,0,0,0,A_TRUE_ZERO
15y4pa2,1,0,0,0,0,0,0,0,0,A_TRUE_ZERO
1bu3fq2,1,0,0,0,0,0,0,0,0,A_TRUE_ZERO
u60f2b,3,0,0,0,0,0,0,0,0,A_TRUE_ZERO
1gl7yei,1,0,0,0,0,0,0,0,0,A_TRUE_ZERO
onsvw7,1,0,0,0,0,0,0,0,0,A_TRUE_ZERO
1exx6rg,1,0,0,0,0,0,0,0,0,A_TRUE_ZERO
1pn3omb,2,0,0,0,0,0,0,0,0,A_TRUE_ZERO
11di7cc,1,0,0,0,0,0,0,0,0,A_TRUE_ZERO
1iklj0r,1,0,0,0,0,0,0,0,0,A_TRUE_ZERO
1i0fbf6,3,0,0,0,0,0,0,0,0,A_TRUE_ZERO
1ezw0qt,2,0,0,0,0,0,0,0,0,A_TRUE_ZERO
n9ohuz,1,0,0,0,0,0,0,0,0,A_TRUE_ZERO
1mqzu36,1,0,0,0,0,0,0,0,0,A_TRUE_ZERO
1qb9wi7,2,0,0,0,0,0,0,0,0,A_TRUE_ZERO
1fmsbxc,3,0,0,0,0,0,0,0,0,A_TRUE_ZERO
k9ua16,2,0,0,0,0,0,0,0,0,A_TRUE_ZERO
ihdghc,2,0,0,0,0,0,0,0,0,A_TRUE_ZERO
14kmo55,2,0,0,0,0,0,0,0,0,A_TRUE_ZERO
y9vr9j,3,0,0,0,0,0,0,0,0,A_TRUE_ZERO
vhht9d,2,0,0,0,0,0,0,0,0,A_TRUE_ZERO
1nfbdtu,2,0,0,0,0,0,0,0,0,A_TRUE_ZERO
zmmc0k,1,0,0,0,0,0,0,0,0,A_TRUE_ZERO
15ne6ky,2,0,0,0,0,0,0,0,0,A_TRUE_ZERO
17gkouj,1,0,0,0,0,0,0,0,0,A_TRUE_ZERO
wleing,1,0,0,0,0,0,0,0,0,A_TRUE_ZERO
1lg5fk8,1,0,0,0,0,0,0,0,0,A_TRUE_ZERO
1mw94o7,3,0,0,0,0,0,0,0,0,A_TRUE_ZERO
1qdn61p,1,0,0,0,0,0,0,0,0,A_TRUE_ZERO
mvih1x,1,0,0,0,0,0,0,0,0,A_TRUE_ZERO
ej0tcl,1,0,0,0,0,0,0,0,0,A_TRUE_ZERO
1h0pf12,1,0,0,0,0,0,0,0,0,A_TRUE_ZERO
153fvv3,3,0,0,0,0,0,0,0,0,A_TRUE_ZERO
14wjmns,2,0,0,0,0,0,0,0,0,A_TRUE_ZERO
1fnp4fk,1,0,0,0,0,0,0,0,0,A_TRUE_ZERO
13vts7d,1,0,0,0,0,0,0,0,0,A_TRUE_ZERO
sp7h1x,1,0,0,0,0,0,0,0,0,A_TRUE_ZERO
y11wif,4,0,0,0,0,0,0,0,0,A_TRUE_ZERO
yl48cu,1,0,0,0,0,0,0,0,0,A_TRUE_ZERO
113v0gx,1,0,0,0,0,0,0,0,0,A_TRUE_ZERO
193neqj,1,0,0,0,0,0,0,0,0,A_TRUE_ZERO
1renteq,1,0,0,0,0,0,0,0,0,A_TRUE_ZERO
heps2p,1,0,0,0,0,0,0,0,0,A_TRUE_ZERO
vdrv94,1,0,0,0,0,0,0,0,0,A_TRUE_ZERO
pgid9p,1,0,0,0,0,0,0,0,0,A_TRUE_ZERO
kh9dzf,1,0,0,0,0,0,0,0,0,A_TRUE_ZERO
1e0s3s4,3,0,0,0,0,0,0,0,0,A_TRUE_ZERO
1i38f2u,2,0,0,0,0,0,0,0,0,A_TRUE_ZERO
1kqmwpt,1,0,0,0,0,0,0,0,0,A_TRUE_ZERO
1djowad,1,0,0,0,0,0,0,0,0,A_TRUE_ZERO
cq91l6,2,0,0,0,0,0,0,0,0,A_TRUE_ZERO
th1js9,3,0,0,0,0,0,0,0,0,A_TRUE_ZERO
1kkhegm,1,0,0,0,0,0,0,0,0,A_TRUE_ZERO
1faihjp,2,0,0,0,0,0,0,0,0,A_TRUE_ZERO
1gr5ukx,1,0,0,0,0,0,0,0,0,A_TRUE_ZERO
1fhyusp,4,0,0,0,0,0,0,0,0,A_TRUE_ZERO
x8t60f,2,0,0,0,0,0,0,0,0,A_TRUE_ZERO
14yhhbj,1,0,0,0,0,0,0,0,0,A_TRUE_ZERO
18pock9,3,0,0,0,0,0,0,0,0,A_TRUE_ZERO
1hhz5v1,1,0,0,0,0,0,0,0,0,A_TRUE_ZERO
jexvif,1,0,0,0,0,0,0,0,0,A_TRUE_ZERO
1ifby21,2,0,0,0,0,0,0,0,0,A_TRUE_ZERO
e8e8li,2,0,0,0,0,0,0,0,0,A_TRUE_ZERO
116u6th,3,0,0,0,0,0,0,0,0,A_TRUE_ZERO
k6cr3e,4,0,0,0,0,0,0,0,0,A_TRUE_ZERO
1ft9mfv,1,0,0,0,0,0,0,0,0,A_TRUE_ZERO
1fyceco,1,0,0,0,0,0,0,0,0,A_TRUE_ZERO
17c1uye,1,0,0,0,0,0,0,0,0,A_TRUE_ZERO
1l9qp73,1,0,0,0,0,0,0,0,0,A_TRUE_ZERO
1g973ub,1,0,0,0,0,0,0,0,0,A_TRUE_ZERO
1jjaczt,1,0,0,0,0,0,0,0,0,A_TRUE_ZERO
owwn3m,1,0,0,0,0,0,0,0,0,A_TRUE_ZERO
1m7oeof,2,0,0,0,0,0,0,0,0,A_TRUE_ZERO
flh43p,1,0,0,0,0,0,0,0,0,A_TRUE_ZERO
ub1u0d,1,0,0,0,0,0,0,0,0,A_TRUE_ZERO
1r79o1a,1,0,0,0,0,0,0,0,0,A_TRUE_ZERO
cdf1dp,1,0,0,0,0,0,0,0,0,A_TRUE_ZERO
1er8jjq,3,0,0,0,0,0,0,0,0,A_TRUE_ZERO
g9ljtt,1,0,0,0,0,0,0,0,0,A_TRUE_ZERO
nzpkea,1,0,0,0,0,0,0,0,0,A_TRUE_ZERO
kvur1w,1,0,0,0,0,0,0,0,0,A_TRUE_ZERO
w6tvo0,1,0,0,0,0,0,0,0,0,A_TRUE_ZERO
qb2e8l,3,0,0,0,0,0,0,0,0,A_TRUE_ZERO
12mdard,1,0,0,0,0,0,0,0,0,A_TRUE_ZERO
1jz5opb,1,0,0,0,0,0,0,0,0,A_TRUE_ZERO
ba5a4r,1,0,0,0,0,0,0,0,0,A_TRUE_ZERO
1pdz65u,1,0,0,0,0,0,0,0,0,A_TRUE_ZERO
tfj3si,1,0,0,0,0,0,0,0,0,A_TRUE_ZERO
15ta8pz,1,0,0,0,0,0,0,0,0,A_TRUE_ZERO
h0a4zq,1,0,0,0,0,0,0,0,0,A_TRUE_ZERO
by1ojp,3,0,0,0,0,0,0,0,0,A_TRUE_ZERO
1qmza99,1,0,0,0,0,0,0,0,0,A_TRUE_ZERO
urpo4e,1,0,0,0,0,0,0,0,0,A_TRUE_ZERO
x881we,1,0,0,0,0,0,0,0,0,A_TRUE_ZERO
ft94ch,2,0,0,0,0,0,0,0,0,A_TRUE_ZERO
fubobg,1,0,0,0,0,0,0,0,0,A_TRUE_ZERO
1q6hl7a,4,0,0,0,0,0,0,0,0,A_TRUE_ZERO
q6oean,1,0,0,0,0,0,0,0,0,A_TRUE_ZERO
1csawoi,1,0,0,0,0,0,0,0,0,A_TRUE_ZERO
1al3xt0,2,0,0,0,0,0,0,0,0,A_TRUE_ZERO
18h6oy5,2,0,0,0,0,0,0,0,0,A_TRUE_ZERO
syw3rf,1,0,0,0,0,0,0,0,0,A_TRUE_ZERO
tm1f2j,2,0,0,0,0,0,0,0,0,A_TRUE_ZERO
ih1zx1,1,0,0,0,0,0,0,0,0,A_TRUE_ZERO
1nh9dty,1,0,0,0,0,0,0,0,0,A_TRUE_ZERO
1pdgk1c,2,0,0,0,0,0,0,0,0,A_TRUE_ZERO
fsurd9,2,0,0,0,0,0,0,0,0,A_TRUE_ZERO
187xbqz,1,0,0,0,0,0,0,0,0,A_TRUE_ZERO
gkp9f8,1,0,0,0,0,0,0,0,0,A_TRUE_ZERO
1imtiea,1,0,0,0,0,0,0,0,0,A_TRUE_ZERO
zslbkh,2,0,0,0,0,0,0,0,0,A_TRUE_ZERO
w38llz,1,0,0,0,0,0,0,0,0,A_TRUE_ZERO
jo7ljx,1,0,0,0,0,0,0,0,0,A_TRUE_ZERO
x8rqhd,3,0,0,0,0,0,0,0,0,A_TRUE_ZERO
j38olb,1,0,0,0,0,0,0,0,0,A_TRUE_ZERO
1e7j5i8,2,0,0,0,0,0,0,0,0,A_TRUE_ZERO
1iopfs3,2,0,0,0,0,0,0,0,0,A_TRUE_ZERO
1k1mqf0,1,0,0,0,0,0,0,0,0,A_TRUE_ZERO
gktudy,2,0,0,0,0,0,0,0,0,A_TRUE_ZERO
evo9c6,1,0,0,0,0,0,0,0,0,A_TRUE_ZERO
1hsvgoe,1,0,0,0,0,0,0,0,0,A_TRUE_ZERO
u3g7ib,3,0,0,0,0,0,0,0,0,A_TRUE_ZERO
1g4r84h,1,0,0,0,0,0,0,0,0,A_TRUE_ZERO
s7yqk8,1,0,0,0,0,0,0,0,0,A_TRUE_ZERO
18gc8ax,1,0,0,0,0,0,0,0,0,A_TRUE_ZERO
1pqomk3,1,0,0,0,0,0,0,0,0,A_TRUE_ZERO
16smub7,1,0,0,0,0,0,0,0,0,A_TRUE_ZERO
rnryur,1,0,0,0,0,0,0,0,0,A_TRUE_ZERO
wbenjz,2,0,0,0,0,0,0,0,0,A_TRUE_ZERO
1g11ov0,3,0,0,0,0,0,0,0,0,A_TRUE_ZERO
z14i0s,1,0,0,0,0,0,0,0,0,A_TRUE_ZERO
1mdg6zn,2,0,0,0,0,0,0,0,0,A_TRUE_ZERO
l7yh5m,3,0,0,0,0,0,0,0,0,A_TRUE_ZERO
df0dxh,2,0,0,0,0,0,0,0,0,A_TRUE_ZERO
14bilg5,1,0,0,0,0,0,0,0,0,A_TRUE_ZERO
sdp652,3,0,0,0,0,0,0,0,0,A_TRUE_ZERO
equb8c,1,0,0,0,0,0,0,0,0,A_TRUE_ZERO
1fgxt7e,1,0,0,0,0,0,0,0,0,A_TRUE_ZERO
ct0hdn,1,0,0,0,0,0,0,0,0,A_TRUE_ZERO
1h28zfw,1,0,0,0,0,0,0,0,0,A_TRUE_ZERO
mrgbck,1,0,0,0,0,0,0,0,0,A_TRUE_ZERO
txnbw8,2,0,0,0,0,0,0,0,0,A_TRUE_ZERO
18zdxkk,1,0,0,0,0,0,0,0,0,A_TRUE_ZERO
eor74b,1,0,0,0,0,0,0,0,0,A_TRUE_ZERO
1s038zp,1,0,0,0,0,0,0,0,0,A_TRUE_ZERO
nui2bp,2,0,0,0,0,0,0,0,0,A_TRUE_ZERO
tem1ol,3,0,0,0,0,0,0,0,0,A_TRUE_ZERO
vyubd2,1,0,0,0,0,0,0,0,0,A_TRUE_ZERO
q7572y,1,0,0,0,0,0,0,0,0,A_TRUE_ZERO
162xfs5,1,0,0,0,0,0,0,0,0,A_TRUE_ZERO
h9o7bt,1,0,0,0,0,0,0,0,0,A_TRUE_ZERO
q599s8,1,0,0,0,0,0,0,0,0,A_TRUE_ZERO
1b7cnma,2,0,0,0,0,0,0,0,0,A_TRUE_ZERO
1g0cm7u,2,0,0,0,0,0,0,0,0,A_TRUE_ZERO
zapi6n,2,0,0,0,0,0,0,0,0,A_TRUE_ZERO
kpv86u,4,0,0,0,0,0,0,0,0,A_TRUE_ZERO
16ipxlu,2,0,0,0,0,0,0,0,0,A_TRUE_ZERO
14dqmmw,1,0,0,0,0,0,0,0,0,A_TRUE_ZERO
1eb0irw,2,0,0,0,0,0,0,0,0,A_TRUE_ZERO
bdvb2s,1,0,0,0,0,0,0,0,0,A_TRUE_ZERO
1s1vysz,4,0,0,0,0,0,0,0,0,A_TRUE_ZERO
1rsoido,4,0,0,0,0,0,0,0,0,A_TRUE_ZERO
1pyldq1,4,0,0,0,0,0,0,0,0,A_TRUE_ZERO
1chrv28,4,0,0,0,0,0,0,0,0,A_TRUE_ZERO
8bdgl2,1,0,0,0,0,0,0,0,0,A_TRUE_ZERO
1hxay0m,2,0,0,0,0,0,0,0,0,A_TRUE_ZERO
g52skw,1,0,0,0,0,0,0,0,0,A_TRUE_ZERO
ogfw1g,1,0,0,0,0,0,0,0,0,A_TRUE_ZERO
1qbtz9q,1,0,0,0,0,0,0,0,0,A_TRUE_ZERO
1n15xfq,1,0,0,0,0,0,0,0,0,A_TRUE_ZERO
i8fl4s,1,0,0,0,0,0,0,0,0,A_TRUE_ZERO
1f26dxm,2,0,0,0,0,0,0,0,0,A_TRUE_ZERO
pfyfhn,1,0,0,0,0,0,0,0,0,A_TRUE_ZERO
1iu5u7t,1,0,0,0,0,0,0,0,0,A_TRUE_ZERO
lco9dz,3,0,0,0,0,0,0,0,0,A_TRUE_ZERO
1j9xa31,3,0,0,0,0,0,0,0,0,A_TRUE_ZERO
p1xkxm,1,0,0,0,0,0,0,0,0,A_TRUE_ZERO
vnwqrb,2,0,0,0,0,0,0,0,0,A_TRUE_ZERO
1h0k7aa,1,0,0,0,0,0,0,0,0,A_TRUE_ZERO
1fpf05z,1,0,0,0,0,0,0,0,0,A_TRUE_ZERO
1iuq5o0,4,0,0,0,0,0,0,0,0,A_TRUE_ZERO
ond8xy,1,0,0,0,0,0,0,0,0,A_TRUE_ZERO
bw9wft,2,0,0,0,0,0,0,0,0,A_TRUE_ZERO
1k6r09b,1,0,0,0,0,0,0,0,0,A_TRUE_ZERO
d133sa,2,0,0,0,0,0,0,0,0,A_TRUE_ZERO
1jdxsfy,4,0,0,0,0,0,0,0,0,A_TRUE_ZERO
1dfaa19,4,0,0,0,0,0,0,0,0,A_TRUE_ZERO
13wv3t6,1,0,0,0,0,0,0,0,0,A_TRUE_ZERO
o6o5gr,1,0,0,0,0,0,0,0,0,A_TRUE_ZERO
bgoddd,2,0,0,0,0,0,0,0,0,A_TRUE_ZERO
12r9kdg,1,0,0,0,0,0,0,0,0,A_TRUE_ZERO
x0ofhj,1,0,0,0,0,0,0,0,0,A_TRUE_ZERO
xvdu48,4,0,0,0,0,0,0,0,0,A_TRUE_ZERO
s4vv8h,1,0,0,0,0,0,0,0,0,A_TRUE_ZERO
dei2wf,1,0,0,0,0,0,0,0,0,A_TRUE_ZERO
spqdzf,3,0,0,0,0,0,0,0,0,A_TRUE_ZERO
scd91l,1,0,0,0,0,0,0,0,0,A_TRUE_ZERO
1k7777d,1,0,0,0,0,0,0,0,0,A_TRUE_ZERO
1c6t8tk,1,0,0,0,0,0,0,0,0,A_TRUE_ZERO
1grvulv,1,0,0,0,0,0,0,0,0,A_TRUE_ZERO
1d97t6t,1,0,0,0,0,0,0,0,0,A_TRUE_ZERO
yepma1,3,0,0,0,0,0,0,0,0,A_TRUE_ZERO
t60r60,1,0,0,0,0,0,0,0,0,A_TRUE_ZERO
1543qk9,1,0,0,0,0,0,0,0,0,A_TRUE_ZERO
vcl2sj,1,0,0,0,0,0,0,0,0,A_TRUE_ZERO
16il0pr,1,0,0,0,0,0,0,0,0,A_TRUE_ZERO
1riwvyv,1,0,0,0,0,0,0,0,0,A_TRUE_ZERO
13qss57,2,0,0,0,0,0,0,0,0,A_TRUE_ZERO
tnnmcp,1,0,0,0,0,0,0,0,0,A_TRUE_ZERO
17bjrew,2,0,0,0,0,0,0,0,0,A_TRUE_ZERO
1b48xa0,1,0,0,0,0,0,0,0,0,A_TRUE_ZERO
152dq96,4,0,0,0,0,0,0,0,0,A_TRUE_ZERO
1ouvz5j,2,0,0,0,0,0,0,0,0,A_TRUE_ZERO
eb8vnd,4,0,0,0,0,0,0,0,0,A_TRUE_ZERO
vzscam,3,0,0,0,0,0,0,0,0,A_TRUE_ZERO
wg1tx6,1,0,0,0,0,0,0,0,0,A_TRUE_ZERO
12jbr74,1,0,0,0,0,0,0,0,0,A_TRUE_ZERO
1h7nbu8,1,0,0,0,0,0,0,0,0,A_TRUE_ZERO
swd2jw,2,0,0,0,0,0,0,0,0,A_TRUE_ZERO
dsnum2,1,0,0,0,0,0,0,0,0,A_TRUE_ZERO
ih00ni,1,0,0,0,0,0,0,0,0,A_TRUE_ZERO
pq0xtz,3,0,0,0,0,0,0,0,0,A_TRUE_ZERO
1aw7v0c,2,0,0,0,0,0,0,0,0,A_TRUE_ZERO
14mg5qb,2,0,0,0,0,0,0,0,0,A_TRUE_ZERO
1axhtdk,1,0,0,0,0,0,0,0,0,A_TRUE_ZERO
mddwzr,2,0,0,0,0,0,0,0,0,A_TRUE_ZERO
17f1uzk,3,0,0,0,0,0,0,0,0,A_TRUE_ZERO
f2t78e,2,0,0,0,0,0,0,0,0,A_TRUE_ZERO
caprs3,1,0,0,0,0,0,0,0,0,A_TRUE_ZERO
1hfpzrf,2,0,0,0,0,0,0,0,0,A_TRUE_ZERO
silw4l,3,0,0,0,0,0,0,0,0,A_TRUE_ZERO
e98el8,3,0,0,0,0,0,0,0,0,A_TRUE_ZERO
ztklva,2,0,0,0,0,0,0,0,0,A_TRUE_ZERO
1c2vx3c,3,0,0,0,0,0,0,0,0,A_TRUE_ZERO
1hh2oz6,3,0,0,0,0,0,0,0,0,A_TRUE_ZERO
1po97b7,2,0,0,0,0,0,0,0,0,A_TRUE_ZERO
14r21p1,1,0,0,0,0,0,0,0,0,A_TRUE_ZERO
1o8uo3z,3,0,0,0,0,0,0,0,0,A_TRUE_ZERO
rpp7lp,1,0,0,0,0,0,0,0,0,A_TRUE_ZERO
15uzp3q,2,0,0,0,0,0,0,0,0,A_TRUE_ZERO
1k08xl0,3,0,0,0,0,0,0,0,0,A_TRUE_ZERO
p56y51,2,0,0,0,0,0,0,0,0,A_TRUE_ZERO
1638niu,1,0,0,0,0,0,0,0,0,A_TRUE_ZERO
oktiwf,1,0,0,0,0,0,0,0,0,A_TRUE_ZERO
1ddib4c,3,0,0,0,0,0,0,0,0,A_TRUE_ZERO
1btz8m7,1,0,0,0,0,0,0,0,0,A_TRUE_ZERO
kakych,4,0,0,0,0,0,0,0,0,A_TRUE_ZERO
r6t84x,1,0,0,0,0,0,0,0,0,A_TRUE_ZERO
tr9z1t,1,0,0,0,0,0,0,0,0,A_TRUE_ZERO
1oufrf9,1,0,0,0,0,0,0,0,0,A_TRUE_ZERO
za574l,3,0,0,0,0,0,0,0,0,A_TRUE_ZERO
1kkh1nv,1,0,0,0,0,0,0,0,0,A_TRUE_ZERO
mqa9i5,2,0,0,0,0,0,0,0,0,A_TRUE_ZERO
jrml13,2,0,0,0,0,0,0,0,0,A_TRUE_ZERO
y9h3bh,2,0,0,0,0,0,0,0,0,A_TRUE_ZERO
1rayis7,1,0,0,0,0,0,0,0,0,A_TRUE_ZERO
ho3vht,1,0,0,0,0,0,0,0,0,A_TRUE_ZERO
176riy3,2,0,0,0,0,0,0,0,0,A_TRUE_ZERO
mw4r07,1,0,0,0,0,0,0,0,0,A_TRUE_ZERO
y2jzwx,4,0,0,0,0,0,0,0,0,A_TRUE_ZERO
1ehmfsp,1,0,0,0,0,0,0,0,0,A_TRUE_ZERO
ob88fp,3,0,0,0,0,0,0,0,0,A_TRUE_ZERO
1h5yrtq,1,0,0,0,0,0,0,0,0,A_TRUE_ZERO
1m0gbex,1,0,0,0,0,0,0,0,0,A_TRUE_ZERO
nh11b1,1,0,0,0,0,0,0,0,0,A_TRUE_ZERO
15vblsn,3,0,0,0,0,0,0,0,0,A_TRUE_ZERO
17ud6ad,1,0,0,0,0,0,0,0,0,A_TRUE_ZERO
1s5pqvd,2,0,0,0,0,0,0,0,0,A_TRUE_ZERO
v2irm9,2,0,0,0,0,0,0,0,0,A_TRUE_ZERO
lb1qwy,1,0,0,0,0,0,0,0,0,A_TRUE_ZERO
10t9z0u,1,0,0,0,0,0,0,0,0,A_TRUE_ZERO
t6l6zp,3,0,0,0,0,0,0,0,0,A_TRUE_ZERO
sudu2n,1,0,0,0,0,0,0,0,0,A_TRUE_ZERO
g9vacp,1,0,0,0,0,0,0,0,0,A_TRUE_ZERO
14sdfdq,1,0,0,0,0,0,0,0,0,A_TRUE_ZERO
pgsne2,1,0,0,0,0,0,0,0,0,A_TRUE_ZERO
1l42bvj,2,0,0,0,0,0,0,0,0,A_TRUE_ZERO
107px9j,1,0,0,0,0,0,0,0,0,A_TRUE_ZERO
1hv51kj,3,0,0,0,0,0,0,0,0,A_TRUE_ZERO
13k519h,3,0,0,0,0,0,0,0,0,A_TRUE_ZERO
1m7e6lt,3,0,0,0,0,0,0,0,0,A_TRUE_ZERO
16kmu53,1,0,0,0,0,0,0,0,0,A_TRUE_ZERO
j6da9p,1,0,0,0,0,0,0,0,0,A_TRUE_ZERO
1c0jy3w,2,0,0,0,0,0,0,0,0,A_TRUE_ZERO
esjf00,2,0,0,0,0,0,0,0,0,A_TRUE_ZERO
191tmhr,2,0,0,0,0,0,0,0,0,A_TRUE_ZERO
d1ss5w,2,0,0,0,0,0,0,0,0,A_TRUE_ZERO
1g0qs7d,1,0,0,0,0,0,0,0,0,A_TRUE_ZERO
s0pz7z,1,0,0,0,0,0,0,0,0,A_TRUE_ZERO
1lv3ww6,1,0,0,0,0,0,0,0,0,A_TRUE_ZERO
xr1lvz,1,0,0,0,0,0,0,0,0,A_TRUE_ZERO
1gssdr1,2,0,0,0,0,0,0,0,0,A_TRUE_ZERO
14yshfp,3,0,0,0,0,0,0,0,0,A_TRUE_ZERO
qfuru9,1,0,0,0,0,0,0,0,0,A_TRUE_ZERO
1iw6aeh,2,0,0,0,0,0,0,0,0,A_TRUE_ZERO
1asvx4e,1,0,0,0,0,0,0,0,0,A_TRUE_ZERO
18d63a3,1,0,0,0,0,0,0,0,0,A_TRUE_ZERO
t84oj4,3,0,0,0,0,0,0,0,0,A_TRUE_ZERO
1df9e0j,1,0,0,0,0,0,0,0,0,A_TRUE_ZERO
1e16l5e,1,0,0,0,0,0,0,0,0,A_TRUE_ZERO
eoarat,2,0,0,0,0,0,0,0,0,A_TRUE_ZERO
1kt9iam,1,0,0,0,0,0,0,0,0,A_TRUE_ZERO
1hkb1a7,1,0,0,0,0,0,0,0,0,A_TRUE_ZERO
kg0anf,3,0,0,0,0,0,0,0,0,A_TRUE_ZERO
17p4360,1,0,0,0,0,0,0,0,0,A_TRUE_ZERO
12a6q4b,3,0,0,0,0,0,0,0,0,A_TRUE_ZERO
188cte6,2,0,0,0,0,0,0,0,0,A_TRUE_ZERO
1bhpz1m,1,0,0,0,0,0,0,0,0,A_TRUE_ZERO
1jup1e2,1,0,0,0,0,0,0,0,0,A_TRUE_ZERO
fp93fa,1,0,0,0,0,0,0,0,0,A_TRUE_ZERO
1al4ycf,1,0,0,0,0,0,0,0,0,A_TRUE_ZERO
m2tvtm,1,0,0,0,0,0,0,0,0,A_TRUE_ZERO
haalwg,1,0,0,0,0,0,0,0,0,A_TRUE_ZERO
qheg4s,1,0,0,0,0,0,0,0,0,A_TRUE_ZERO
1g0ty6y,1,0,0,0,0,0,0,0,0,A_TRUE_ZERO
im00bq,3,0,0,0,0,0,0,0,0,A_TRUE_ZERO
oebrc0,1,0,0,0,0,0,0,0,0,A_TRUE_ZERO
142fgj9,1,0,0,0,0,0,0,0,0,A_TRUE_ZERO
1buv4m4,1,0,0,0,0,0,0,0,0,A_TRUE_ZERO
bm07lr,1,0,0,0,0,0,0,0,0,A_TRUE_ZERO
ox5a4q,1,0,0,0,0,0,0,0,0,A_TRUE_ZERO
1l3t4bm,2,0,0,0,0,0,0,0,0,A_TRUE_ZERO
cxccky,1,0,0,0,0,0,0,0,0,A_TRUE_ZERO
10pvhdo,2,0,0,0,0,0,0,0,0,A_TRUE_ZERO
1ay2chk,1,0,0,0,0,0,0,0,0,A_TRUE_ZERO
1evbgso,1,0,0,0,0,0,0,0,0,A_TRUE_ZERO
1l59tt3,1,0,0,0,0,0,0,0,0,A_TRUE_ZERO
1oixgow,1,0,0,0,0,0,0,0,0,A_TRUE_ZERO
mit9lh,1,0,0,0,0,0,0,0,0,A_TRUE_ZERO
1aekmxf,2,0,0,0,0,0,0,0,0,A_TRUE_ZERO
1cmxf0z,1,0,0,0,0,0,0,0,0,A_TRUE_ZERO
1qbxmgg,1,0,0,0,0,0,0,0,0,A_TRUE_ZERO
1k6fzgj,1,0,0,0,0,0,0,0,0,A_TRUE_ZERO
1f4j1z3,1,0,0,0,0,0,0,0,0,A_TRUE_ZERO
qndd68,1,2,0,1,0,1,0,0,0,B_FILTERED_OUT
15osahw,2,0,0,0,0,0,0,0,0,A_TRUE_ZERO
cv6xs3,1,0,0,0,0,0,0,0,0,A_TRUE_ZERO
1f2tifb,1,0,0,0,0,0,0,0,0,A_TRUE_ZERO
sq0za4,2,0,0,0,0,0,0,0,0,A_TRUE_ZERO
113c60l,1,0,0,0,0,0,0,0,0,A_TRUE_ZERO
10qzt9t,2,0,0,0,0,0,0,0,0,A_TRUE_ZERO
1ahs9v1,1,0,0,0,0,0,0,0,0,A_TRUE_ZERO
q39z90,1,0,0,0,0,0,0,0,0,A_TRUE_ZERO
1enenii,1,0,0,0,0,0,0,0,0,A_TRUE_ZERO
15611sb,2,0,0,0,0,0,0,0,0,A_TRUE_ZERO
lsux6n,1,0,0,0,0,0,0,0,0,A_TRUE_ZERO
150dfzz,2,0,0,0,0,0,0,0,0,A_TRUE_ZERO
hlz0wm,1,0,0,0,0,0,0,0,0,A_TRUE_ZERO
1gk45ul,2,0,0,0,0,0,0,0,0,A_TRUE_ZERO
1o209mi,1,0,0,0,0,0,0,0,0,A_TRUE_ZERO
14i3fmh,2,0,0,0,0,0,0,0,0,A_TRUE_ZERO
1836z0s,1,0,0,0,0,0,0,0,0,A_TRUE_ZERO
11aa7ua,1,0,0,0,0,0,0,0,0,A_TRUE_ZERO
1fqoq5b,1,0,0,0,0,0,0,0,0,A_TRUE_ZERO
1qtc4r2,1,0,0,0,0,0,0,0,0,A_TRUE_ZERO
103856g,2,0,0,0,0,0,0,0,0,A_TRUE_ZERO
1j4km3o,2,0,0,0,0,0,0,0,0,A_TRUE_ZERO
1noy5t2,2,0,0,0,0,0,0,0,0,A_TRUE_ZERO
ey3pln,1,0,0,0,0,0,0,0,0,A_TRUE_ZERO
f2t5fs,1,0,0,0,0,0,0,0,0,A_TRUE_ZERO
1mosnvs,3,1,0,0,0,1,0,0,0,B_FILTERED_OUT
dclcn1,1,0,0,0,0,0,0,0,0,A_TRUE_ZERO
15yxsxf,1,0,0,0,0,0,0,0,0,A_TRUE_ZERO
s5omea,3,0,0,0,0,0,0,0,0,A_TRUE_ZERO
1n4xr9v,4,0,0,0,0,0,0,0,0,A_TRUE_ZERO
1q7agrj,1,0,0,0,0,0,0,0,0,A_TRUE_ZERO
kb2f5x,1,0,0,0,0,0,0,0,0,A_TRUE_ZERO
16y7s34,1,0,0,0,0,0,0,0,0,A_TRUE_ZERO
1e7r0f9,3,0,0,0,0,0,0,0,0,A_TRUE_ZERO
t5boq2,1,0,0,0,0,0,0,0,0,A_TRUE_ZERO
qtbc30,1,0,0,0,0,0,0,0,0,A_TRUE_ZERO
kyi2jk,1,0,0,0,0,0,0,0,0,A_TRUE_ZERO
zgo8gj,2,0,0,0,0,0,0,0,0,A_TRUE_ZERO
z16aw4,1,0,0,0,0,0,0,0,0,A_TRUE_ZERO
iydeqa,1,0,0,0,0,0,0,0,0,A_TRUE_ZERO
1gzxfo2,1,0,0,0,0,0,0,0,0,A_TRUE_ZERO
1b63fki,1,0,0,0,0,0,0,0,0,A_TRUE_ZERO
u33x1m,1,0,0,0,0,0,0,0,0,A_TRUE_ZERO
1cprcan,3,0,0,0,0,0,0,0,0,A_TRUE_ZERO
jhvitq,1,0,0,0,0,0,0,0,0,A_TRUE_ZERO
qurrjv,1,0,0,0,0,0,0,0,0,A_TRUE_ZERO
pozr3z,1,0,0,0,0,0,0,0,0,A_TRUE_ZERO
1lcu4h8,1,0,0,0,0,0,0,0,0,A_TRUE_ZERO
1eb6h5g,1,0,0,0,0,0,0,0,0,A_TRUE_ZERO
1j4asuo,1,0,0,0,0,0,0,0,0,A_TRUE_ZERO
1d4axfe,1,0,0,0,0,0,0,0,0,A_TRUE_ZERO
1rgdr96,1,0,0,0,0,0,0,0,0,A_TRUE_ZERO
rgcyro,2,0,0,0,0,0,0,0,0,A_TRUE_ZERO
cgb9n2,1,0,0,0,0,0,0,0,0,A_TRUE_ZERO
xozomy,1,0,0,0,0,0,0,0,0,A_TRUE_ZERO
15sqiwf,1,0,0,0,0,0,0,0,0,A_TRUE_ZERO
rhnroj,1,0,0,0,0,0,0,0,0,A_TRUE_ZERO
lf2i1f,2,0,0,0,0,0,0,0,0,A_TRUE_ZERO
oelcqd,1,0,0,0,0,0,0,0,0,A_TRUE_ZERO
s44p6w,4,0,0,0,0,0,0,0,0,A_TRUE_ZERO
1e4wkc6,1,0,0,0,0,0,0,0,0,A_TRUE_ZERO
ok7s12,1,0,0,0,0,0,0,0,0,A_TRUE_ZERO
1jyl69k,1,0,0,0,0,0,0,0,0,A_TRUE_ZERO
dorem0,2,0,0,0,0,0,0,0,0,A_TRUE_ZERO
ssqsza,3,0,0,0,0,0,0,0,0,A_TRUE_ZERO
mb98rm,1,0,0,0,0,0,0,0,0,A_TRUE_ZERO
uhmw0u,1,0,0,0,0,0,0,0,0,A_TRUE_ZERO
1aubyi0,1,0,0,0,0,0,0,0,0,A_TRUE_ZERO
ruhn1v,3,0,0,0,0,0,0,0,0,A_TRUE_ZERO
tyxeoz,1,0,0,0,0,0,0,0,0,A_TRUE_ZERO
1oggda1,1,0,0,0,0,0,0,0,0,A_TRUE_ZERO
i9gz37,1,0,0,0,0,0,0,0,0,A_TRUE_ZERO
fmvd12,2,0,0,0,0,0,0,0,0,A_TRUE_ZERO
q416xi,1,0,0,0,0,0,0,0,0,A_TRUE_ZERO
p2odfr,2,0,0,0,0,0,0,0,0,A_TRUE_ZERO
1hsgtdh,1,0,0,0,0,0,0,0,0,A_TRUE_ZERO
tfw96y,3,0,0,0,0,0,0,0,0,A_TRUE_ZERO
1mnus5e,1,0,0,0,0,0,0,0,0,A_TRUE_ZERO
vwzkm4,2,0,0,0,0,0,0,0,0,A_TRUE_ZERO
17fsv96,2,0,0,0,0,0,0,0,0,A_TRUE_ZERO
qx2k68,2,0,0,0,0,0,0,0,0,A_TRUE_ZERO
11vf5gj,1,0,0,0,0,0,0,0,0,A_TRUE_ZERO
1bgeb6g,3,0,0,0,0,0,0,0,0,A_TRUE_ZERO
k61cs1,2,0,0,0,0,0,0,0,0,A_TRUE_ZERO
d3s4mx,1,0,0,0,0,0,0,0,0,A_TRUE_ZERO
195d1as,3,0,0,0,0,0,0,0,0,A_TRUE_ZERO
1lw81et,1,0,0,0,0,0,0,0,0,A_TRUE_ZERO
1m8lyiu,1,0,0,0,0,0,0,0,0,A_TRUE_ZERO
1r657a1,1,0,0,0,0,0,0,0,0,A_TRUE_ZERO
ybh2qq,1,0,0,0,0,0,0,0,0,A_TRUE_ZERO
nx80se,1,0,0,0,0,0,0,0,0,A_TRUE_ZERO
mvn8ep,1,0,0,0,0,0,0,0,0,A_TRUE_ZERO
vibiwe,1,0,0,0,0,0,0,0,0,A_TRUE_ZERO
d28b5y,2,0,0,0,0,0,0,0,0,A_TRUE_ZERO
1mnyycv,2,0,0,0,0,0,0,0,0,A_TRUE_ZERO
1riju2u,3,0,0,0,0,0,0,0,0,A_TRUE_ZERO
16jxvqt,1,0,0,0,0,0,0,0,0,A_TRUE_ZERO
1rlkb1e,3,0,0,0,0,0,0,0,0,A_TRUE_ZERO
1svq9vw,1,0,0,0,0,0,0,0,0,A_TRUE_ZERO
1arkp07,1,0,0,0,0,0,0,0,0,A_TRUE_ZERO
lhnw5n,3,0,0,0,0,0,0,0,0,A_TRUE_ZERO
hsdzho,2,0,0,0,0,0,0,0,0,A_TRUE_ZERO
1ar9g2d,1,0,0,0,0,0,0,0,0,A_TRUE_ZERO
1faw1rd,3,0,0,0,0,0,0,0,0,A_TRUE_ZERO
tc0tfz,1,0,0,0,0,0,0,0,0,A_TRUE_ZERO
13lkjfa,4,0,0,0,0,0,0,0,0,A_TRUE_ZERO
1ntq5w6,4,0,0,0,0,0,0,0,0,A_TRUE_ZERO
ylfsp1,1,0,0,0,0,0,0,0,0,A_TRUE_ZERO
l5gv9l,4,0,0,0,0,0,0,0,0,A_TRUE_ZERO
13ckun2,1,0,0,0,0,0,0,0,0,A_TRUE_ZERO
1nlej0j,1,0,0,0,0,0,0,0,0,A_TRUE_ZERO
1s86tz2,3,0,0,0,0,0,0,0,0,A_TRUE_ZERO
r1sf17,1,0,0,0,0,0,0,0,0,A_TRUE_ZERO
1f44air,1,0,0,0,0,0,0,0,0,A_TRUE_ZERO
ptv2jx,2,0,0,0,0,0,0,0,0,A_TRUE_ZERO
smo9j9,1,0,0,0,0,0,0,0,0,A_TRUE_ZERO
1eelzqr,2,0,0,0,0,0,0,0,0,A_TRUE_ZERO
13bl1iu,3,0,0,0,0,0,0,0,0,A_TRUE_ZERO
1ley7oo,1,0,0,0,0,0,0,0,0,A_TRUE_ZERO
v6ue9w,1,0,0,0,0,0,0,0,0,A_TRUE_ZERO
rjwspv,1,0,0,0,0,0,0,0,0,A_TRUE_ZERO
1arpkk4,2,0,0,0,0,0,0,0,0,A_TRUE_ZERO
ga4cpj,1,0,0,0,0,0,0,0,0,A_TRUE_ZERO
1bxxb8x,3,0,0,0,0,0,0,0,0,A_TRUE_ZERO
pg6xve,1,0,0,0,0,0,0,0,0,A_TRUE_ZERO
1fw2psy,2,0,0,0,0,0,0,0,0,A_TRUE_ZERO
ovf6al,1,0,0,0,0,0,0,0,0,A_TRUE_ZERO
cbwl2m,2,0,0,0,0,0,0,0,0,A_TRUE_ZERO
mlkgpk,1,0,0,0,0,0,0,0,0,A_TRUE_ZERO
1jq3p9o,1,0,0,0,0,0,0,0,0,A_TRUE_ZERO
xdf8i1,1,0,0,0,0,0,0,0,0,A_TRUE_ZERO
17qvh7k,3,0,0,0,0,0,0,0,0,A_TRUE_ZERO
1d75f9o,1,0,0,0,0,0,0,0,0,A_TRUE_ZERO
1e8da8m,1,0,0,0,0,0,0,0,0,A_TRUE_ZERO
114uouq,3,0,0,0,0,0,0,0,0,A_TRUE_ZERO
13mqm81,1,0,0,0,0,0,0,0,0,A_TRUE_ZERO
m7vkio,2,0,0,0,0,0,0,0,0,A_TRUE_ZERO
iefxap,2,0,0,0,0,0,0,0,0,A_TRUE_ZERO
xc2wq5,3,0,0,0,0,0,0,0,0,A_TRUE_ZERO
1clzvss,1,0,0,0,0,0,0,0,0,A_TRUE_ZERO
peqzo6,2,0,0,0,0,0,0,0,0,A_TRUE_ZERO
frvfrn,1,0,0,0,0,0,0,0,0,A_TRUE_ZERO
1fyfew8,2,0,0,0,0,0,0,0,0,A_TRUE_ZERO
1ckr6dp,2,0,0,0,0,0,0,0,0,A_TRUE_ZERO
ow4atp,1,0,0,0,0,0,0,0,0,A_TRUE_ZERO
spcb49,1,0,0,0,0,0,0,0,0,A_TRUE_ZERO
xlvy5k,1,0,0,0,0,0,0,0,0,A_TRUE_ZERO
1ji8zi1,3,0,0,0,0,0,0,0,0,A_TRUE_ZERO
cmhitj,1,0,0,0,0,0,0,0,0,A_TRUE_ZERO
svjzut,1,0,0,0,0,0,0,0,0,A_TRUE_ZERO
li2ytm,1,0,0,0,0,0,0,0,0,A_TRUE_ZERO
lqsjfk,1,0,0,0,0,0,0,0,0,A_TRUE_ZERO
edbmbr,1,0,0,0,0,0,0,0,0,A_TRUE_ZERO
1j5q2be,1,0,0,0,0,0,0,0,0,A_TRUE_ZERO
sb0ih8,1,0,0,0,0,0,0,0,0,A_TRUE_ZERO
qp13oq,1,0,0,0,0,0,0,0,0,A_TRUE_ZERO
1dvxcz7,1,0,0,0,0,0,0,0,0,A_TRUE_ZERO
vhh9c0,2,0,0,0,0,0,0,0,0,A_TRUE_ZERO
durvv0,1,0,0,0,0,0,0,0,0,A_TRUE_ZERO
18ink3c,1,0,0,0,0,0,0,0,0,A_TRUE_ZERO
14ymqaa,4,0,0,0,0,0,0,0,0,A_TRUE_ZERO
1ds6qad,2,0,0,0,0,0,0,0,0,A_TRUE_ZERO
11wewz9,1,0,0,0,0,0,0,0,0,A_TRUE_ZERO
1c2zozm,1,0,0,0,0,0,0,0,0,A_TRUE_ZERO
u2io20,1,0,0,0,0,0,0,0,0,A_TRUE_ZERO
pxb9af,1,0,0,0,0,0,0,0,0,A_TRUE_ZERO
1j0cknc,1,0,0,0,0,0,0,0,0,A_TRUE_ZERO
1jx7mgu,4,0,0,0,0,0,0,0,0,A_TRUE_ZERO
wje9ht,2,0,0,0,0,0,0,0,0,A_TRUE_ZERO
1c30v8u,1,0,0,0,0,0,0,0,0,A_TRUE_ZERO
1e0484d,1,0,0,0,0,0,0,0,0,A_TRUE_ZERO
u6zkok,1,0,0,0,0,0,0,0,0,A_TRUE_ZERO
1hy8g47,1,0,0,0,0,0,0,0,0,A_TRUE_ZERO
1kefrm5,3,0,0,0,0,0,0,0,0,A_TRUE_ZERO
12ykvnr,1,0,0,0,0,0,0,0,0,A_TRUE_ZERO
ejkuhn,1,0,0,0,0,0,0,0,0,A_TRUE_ZERO
16zq5v8,1,0,0,0,0,0,0,0,0,A_TRUE_ZERO
1n4a5o1,1,0,0,0,0,0,0,0,0,A_TRUE_ZERO
1de5lrf,1,0,0,0,0,0,0,0,0,A_TRUE_ZERO
1maul5f,4,0,0,0,0,0,0,0,0,A_TRUE_ZERO
1q5rxyv,1,0,0,0,0,0,0,0,0,A_TRUE_ZERO
lvm9p7,2,0,0,0,0,0,0,0,0,A_TRUE_ZERO
1n31f4n,1,0,0,0,0,0,0,0,0,A_TRUE_ZERO
10weq0x,1,0,0,0,0,0,0,0,0,A_TRUE_ZERO
wqits2,1,0,0,0,0,0,0,0,0,A_TRUE_ZERO
1b0xqoc,3,0,0,0,0,0,0,0,0,A_TRUE_ZERO
xsg4qd,3,0,0,0,0,0,0,0,0,A_TRUE_ZERO
hgc6kz,2,0,0,0,0,0,0,0,0,A_TRUE_ZERO
1bisye3,2,0,0,0,0,0,0,0,0,A_TRUE_ZERO
192i338,1,0,0,0,0,0,0,0,0,A_TRUE_ZERO
r17ipb,1,0,0,0,0,0,0,0,0,A_TRUE_ZERO
of2jbq,2,0,0,0,0,0,0,0,0,A_TRUE_ZERO
15txr5a,1,0,0,0,0,0,0,0,0,A_TRUE_ZERO
m5uhud,1,0,0,0,0,0,0,0,0,A_TRUE_ZERO
ojm9d5,1,0,0,0,0,0,0,0,0,A_TRUE_ZERO
1jf2mrv,1,0,0,0,0,0,0,0,0,A_TRUE_ZERO
tre0hv,3,0,0,0,0,0,0,0,0,A_TRUE_ZERO
jh18ug,3,0,0,0,0,0,0,0,0,A_TRUE_ZERO
1crijuf,2,0,0,0,0,0,0,0,0,A_TRUE_ZERO
1rd8mps,1,0,0,0,0,0,0,0,0,A_TRUE_ZERO
1n9hkmr,1,0,0,0,0,0,0,0,0,A_TRUE_ZERO
12fx2rr,1,0,0,0,0,0,0,0,0,A_TRUE_ZERO
1pyquju,1,0,0,0,0,0,0,0,0,A_TRUE_ZERO
xjqzjt,1,0,0,0,0,0,0,0,0,A_TRUE_ZERO
fpbdsl,1,0,0,0,0,0,0,0,0,A_TRUE_ZERO
1c5f6tc,1,0,0,0,0,0,0,0,0,A_TRUE_ZERO
1pzv04v,1,0,0,0,0,0,0,0,0,A_TRUE_ZERO
1j9ygdz,1,0,0,0,0,0,0,0,0,A_TRUE_ZERO
sb3l6m,3,0,0,0,0,0,0,0,0,A_TRUE_ZERO
1bofrmg,1,0,0,0,0,0,0,0,0,A_TRUE_ZERO
1fj9rxf,3,0,0,0,0,0,0,0,0,A_TRUE_ZERO
g92ro3,1,0,0,0,0,0,0,0,0,A_TRUE_ZERO
1nfdlct,1,0,0,0,0,0,0,0,0,A_TRUE_ZERO
i3aecm,3,0,0,0,0,0,0,0,0,A_TRUE_ZERO
vees52,1,0,0,0,0,0,0,0,0,A_TRUE_ZERO
1nfo3io,1,0,0,0,0,0,0,0,0,A_TRUE_ZERO
1fmcpr4,2,0,0,0,0,0,0,0,0,A_TRUE_ZERO
1duq8pj,1,0,0,0,0,0,0,0,0,A_TRUE_ZERO
xgvsbz,2,0,0,0,0,0,0,0,0,A_TRUE_ZERO
p6apvk,1,0,0,0,0,0,0,0,0,A_TRUE_ZERO
wanedh,1,0,0,0,0,0,0,0,0,A_TRUE_ZERO
1dusfr9,1,0,0,0,0,0,0,0,0,A_TRUE_ZERO
1f9al9y,4,0,0,0,0,0,0,0,0,A_TRUE_ZERO
1iq26gc,1,0,0,0,0,0,0,0,0,A_TRUE_ZERO
1rraj4d,2,0,0,0,0,0,0,0,0,A_TRUE_ZERO
15nsok1,2,0,0,0,0,0,0,0,0,A_TRUE_ZERO
knzqwg,2,0,0,0,0,0,0,0,0,A_TRUE_ZERO
bitd6d,2,0,0,0,0,0,0,0,0,A_TRUE_ZERO
d6ywk7,1,0,0,0,0,0,0,0,0,A_TRUE_ZERO
t5qbop,1,0,0,0,0,0,0,0,0,A_TRUE_ZERO
14yfudk,1,0,0,0,0,0,0,0,0,A_TRUE_ZERO
f3xt8u,2,0,0,0,0,0,0,0,0,A_TRUE_ZERO
bhcepf,1,0,0,0,0,0,0,0,0,A_TRUE_ZERO
1bm8dii,3,0,0,0,0,0,0,0,0,A_TRUE_ZERO
1e420et,1,0,0,0,0,0,0,0,0,A_TRUE_ZERO
k5elp2,1,0,0,0,0,0,0,0,0,A_TRUE_ZERO
1176e4p,3,0,0,0,0,0,0,0,0,A_TRUE_ZERO
szllr4,1,0,0,0,0,0,0,0,0,A_TRUE_ZERO
bd2xg3,1,0,0,0,0,0,0,0,0,A_TRUE_ZERO
1bp9vss,4,0,0,0,0,0,0,0,0,A_TRUE_ZERO
qlu9o9,1,0,0,0,0,0,0,0,0,A_TRUE_ZERO
1obro67,1,0,0,0,0,0,0,0,0,A_TRUE_ZERO
1j8lgx7,3,0,0,0,0,0,0,0,0,A_TRUE_ZERO
l7ztpm,3,0,0,0,0,0,0,0,0,A_TRUE_ZERO
1jfkpad,1,0,0,0,0,0,0,0,0,A_TRUE_ZERO
f5yb7z,3,0,0,0,0,0,0,0,0,A_TRUE_ZERO
xjj2lu,1,0,0,0,0,0,0,0,0,A_TRUE_ZERO
1f07rmf,4,0,0,0,0,0,0,0,0,A_TRUE_ZERO
baxvpq,2,0,0,0,0,0,0,0,0,A_TRUE_ZERO
lhoj6y,2,0,0,0,0,0,0,0,0,A_TRUE_ZERO
1furelo,1,0,0,0,0,0,0,0,0,A_TRUE_ZERO
10faq6y,2,0,0,0,0,0,0,0,0,A_TRUE_ZERO
u0qfsd,2,0,0,0,0,0,0,0,0,A_TRUE_ZERO
1sm5oyj,1,0,0,0,0,0,0,0,0,A_TRUE_ZERO
vtrylj,2,0,0,0,0,0,0,0,0,A_TRUE_ZERO
1kahdq9,4,0,0,0,0,0,0,0,0,A_TRUE_ZERO
11bxorn,1,0,0,0,0,0,0,0,0,A_TRUE_ZERO
w3924f,1,0,0,0,0,0,0,0,0,A_TRUE_ZERO
s98ab7,1,0,0,0,0,0,0,0,0,A_TRUE_ZERO
l0ypk9,1,0,0,0,0,0,0,0,0,A_TRUE_ZERO
1qiweo0,1,0,0,0,0,0,0,0,0,A_TRUE_ZERO
15yhlif,2,0,0,0,0,0,0,0,0,A_TRUE_ZERO
1rtykbp,4,0,0,0,0,0,0,0,0,A_TRUE_ZERO
13zfudb,2,0,0,0,0,0,0,0,0,A_TRUE_ZERO
pxzdy0,1,0,0,0,0,0,0,0,0,A_TRUE_ZERO
1bq2rlr,2,0,0,0,0,0,0,0,0,A_TRUE_ZERO
1ofpbd4,1,0,0,0,0,0,0,0,0,A_TRUE_ZERO
12yn30t,1,0,0,0,0,0,0,0,0,A_TRUE_ZERO
fftk7z,2,0,0,0,0,0,0,0,0,A_TRUE_ZERO
lafa79,3,0,0,0,0,0,0,0,0,A_TRUE_ZERO
1eclp2x,1,0,0,0,0,0,0,0,0,A_TRUE_ZERO
1bqu2yu,1,0,0,0,0,0,0,0,0,A_TRUE_ZERO
cl3l2b,1,0,0,0,0,0,0,0,0,A_TRUE_ZERO
bux9fr,1,0,0,0,0,0,0,0,0,A_TRUE_ZERO
ftxil2,3,0,0,0,0,0,0,0,0,A_TRUE_ZERO
1bqsi3z,1,0,0,0,0,0,0,0,0,A_TRUE_ZERO
zsqwtf,2,0,0,0,0,0,0,0,0,A_TRUE_ZERO
1alduu0,1,0,0,0,0,0,0,0,0,A_TRUE_ZERO
se1hm7,2,0,0,0,0,0,0,0,0,A_TRUE_ZERO
1hz5cog,1,0,0,0,0,0,0,0,0,A_TRUE_ZERO
nre82e,1,0,0,0,0,0,0,0,0,A_TRUE_ZERO
f71yg8,3,0,0,0,0,0,0,0,0,A_TRUE_ZERO
1lxc11c,1,0,0,0,0,0,0,0,0,A_TRUE_ZERO
z9z6m4,3,0,0,0,0,0,0,0,0,A_TRUE_ZERO
z8h2pg,1,0,0,0,0,0,0,0,0,A_TRUE_ZERO
osk632,1,0,0,0,0,0,0,0,0,A_TRUE_ZERO
107gd8x,1,0,0,0,0,0,0,0,0,A_TRUE_ZERO
17yansg,2,0,0,0,0,0,0,0,0,A_TRUE_ZERO
138xy52,1,0,0,0,0,0,0,0,0,A_TRUE_ZERO
1pn5q0i,1,0,0,0,0,0,0,0,0,A_TRUE_ZERO
dsj9jy,2,0,0,0,0,0,0,0,0,A_TRUE_ZERO
l72ktl,3,0,0,0,0,0,0,0,0,A_TRUE_ZERO
n92peu,3,0,0,0,0,0,0,0,0,A_TRUE_ZERO
v22u0p,1,0,0,0,0,0,0,0,0,A_TRUE_ZERO
1gz9orm,1,0,0,0,0,0,0,0,0,A_TRUE_ZERO
bsi0js,1,0,0,0,0,0,0,0,0,A_TRUE_ZERO
1kbbwj6,1,0,0,0,0,0,0,0,0,A_TRUE_ZERO
d371ma,1,0,0,0,0,0,0,0,0,A_TRUE_ZERO
tr0zf2,1,0,0,0,0,0,0,0,0,A_TRUE_ZERO
16vv3dt,1,0,0,0,0,0,0,0,0,A_TRUE_ZERO
1k93hq2,1,0,0,0,0,0,0,0,0,A_TRUE_ZERO
m3gjzs,4,0,0,0,0,0,0,0,0,A_TRUE_ZERO
1o0oou2,1,0,0,0,0,0,0,0,0,A_TRUE_ZERO
134q1qi,3,0,0,0,0,0,0,0,0,A_TRUE_ZERO
1lvxfy8,1,0,0,0,0,0,0,0,0,A_TRUE_ZERO
10xjjix,1,0,0,0,0,0,0,0,0,A_TRUE_ZERO
zc7kjo,1,0,0,0,0,0,0,0,0,A_TRUE_ZERO
bc77dq,2,0,0,0,0,0,0,0,0,A_TRUE_ZERO
194mep4,1,0,0,0,0,0,0,0,0,A_TRUE_ZERO
167hmyn,1,0,0,0,0,0,0,0,0,A_TRUE_ZERO
y3rkiz,1,0,0,0,0,0,0,0,0,A_TRUE_ZERO
1exnnz2,1,0,0,0,0,0,0,0,0,A_TRUE_ZERO
1e5q55q,1,0,0,0,0,0,0,0,0,A_TRUE_ZERO
sewx2i,1,0,0,0,0,0,0,0,0,A_TRUE_ZERO
108crhc,1,0,0,0,0,0,0,0,0,A_TRUE_ZERO
1mu10b4,1,0,0,0,0,0,0,0,0,A_TRUE_ZERO
10yxn3z,3,0,0,0,0,0,0,0,0,A_TRUE_ZERO
17tjn1p,1,0,0,0,0,0,0,0,0,A_TRUE_ZERO
xcqz2r,4,0,0,0,0,0,0,0,0,A_TRUE_ZERO
1b48bhj,1,0,0,0,0,0,0,0,0,A_TRUE_ZERO
15hdcql,2,0,0,0,0,0,0,0,0,A_TRUE_ZERO
zeejrt,2,0,0,0,0,0,0,0,0,A_TRUE_ZERO
nwgwbm,2,0,0,0,0,0,0,0,0,A_TRUE_ZERO
1cu378o,2,0,0,0,0,0,0,0,0,A_TRUE_ZERO
13wkruf,1,0,0,0,0,0,0,0,0,A_TRUE_ZERO
1p38x55,2,0,0,0,0,0,0,0,0,A_TRUE_ZERO
16hmwvp,1,0,0,0,0,0,0,0,0,A_TRUE_ZERO
1et865w,1,0,0,0,0,0,0,0,0,A_TRUE_ZERO
g1ffj8,1,0,0,0,0,0,0,0,0,A_TRUE_ZERO
mu1s8b,1,0,0,0,0,0,0,0,0,A_TRUE_ZERO
112kbrt,3,0,0,0,0,0,0,0,0,A_TRUE_ZERO
dd67qv,1,0,0,0,0,0,0,0,0,A_TRUE_ZERO
174ph1p,2,0,0,0,0,0,0,0,0,A_TRUE_ZERO
1dswbhw,1,0,0,0,0,0,0,0,0,A_TRUE_ZERO
18ubc0k,2,0,0,0,0,0,0,0,0,A_TRUE_ZERO
u5pyil,1,0,0,0,0,0,0,0,0,A_TRUE_ZERO
1etx63o,1,0,0,0,0,0,0,0,0,A_TRUE_ZERO
1kxmpc2,4,0,0,0,0,0,0,0,0,A_TRUE_ZERO
1rkkcea,1,0,0,0,0,0,0,0,0,A_TRUE_ZERO
kez8gd,1,0,0,0,0,0,0,0,0,A_TRUE_ZERO
oko2rk,1,0,0,0,0,0,0,0,0,A_TRUE_ZERO
pyy5s6,4,0,0,0,0,0,0,0,0,A_TRUE_ZERO
ckr3zx,1,0,0,0,0,0,0,0,0,A_TRUE_ZERO
d2vicu,1,0,0,0,0,0,0,0,0,A_TRUE_ZERO
eomatr,2,0,0,0,0,0,0,0,0,A_TRUE_ZERO
bu2mqx,1,0,0,0,0,0,0,0,0,A_TRUE_ZERO
1gucfg8,1,0,0,0,0,0,0,0,0,A_TRUE_ZERO
1s2h2q5,1,0,0,0,0,0,0,0,0,A_TRUE_ZERO
1jd8rq6,2,0,0,0,0,0,0,0,0,A_TRUE_ZERO
1s5vxza,1,0,0,0,0,0,0,0,0,A_TRUE_ZERO
13symbu,1,0,0,0,0,0,0,0,0,A_TRUE_ZERO
1cehwc2,2,0,0,0,0,0,0,0,0,A_TRUE_ZERO
vcztu3,1,0,0,0,0,0,0,0,0,A_TRUE_ZERO
16huevz,3,0,0,0,0,0,0,0,0,A_TRUE_ZERO
dbnfpc,1,0,0,0,0,0,0,0,0,A_TRUE_ZERO
1f2njoh,1,0,0,0,0,0,0,0,0,A_TRUE_ZERO
1240exh,1,0,0,0,0,0,0,0,0,A_TRUE_ZERO
cuh927,1,0,0,0,0,0,0,0,0,A_TRUE_ZERO
s5oglj,1,0,0,0,0,0,0,0,0,A_TRUE_ZERO
bo9wm7,1,0,0,0,0,0,0,0,0,A_TRUE_ZERO
g18a94,1,0,0,0,0,0,0,0,0,A_TRUE_ZERO
14w57tk,1,0,0,0,0,0,0,0,0,A_TRUE_ZERO
cuu4qb,2,0,0,0,0,0,0,0,0,A_TRUE_ZERO
14rnrne,1,0,0,0,0,0,0,0,0,A_TRUE_ZERO
v2ocbv,1,0,0,0,0,0,0,0,0,A_TRUE_ZERO
18101e5,1,0,0,0,0,0,0,0,0,A_TRUE_ZERO
1htdj9m,1,0,0,0,0,0,0,0,0,A_TRUE_ZERO
g7cl6t,1,0,0,0,0,0,0,0,0,A_TRUE_ZERO
m6frpg,1,0,0,0,0,0,0,0,0,A_TRUE_ZERO
13wjo1h,2,0,0,0,0,0,0,0,0,A_TRUE_ZERO
1l77tms,1,0,0,0,0,0,0,0,0,A_TRUE_ZERO
1e2t377,2,0,0,0,0,0,0,0,0,A_TRUE_ZERO
1ouflb7,1,0,0,0,0,0,0,0,0,A_TRUE_ZERO
155bv2g,1,0,0,0,0,0,0,0,0,A_TRUE_ZERO
17p13mh,1,0,0,0,0,0,0,0,0,A_TRUE_ZERO
cvrbfl,1,0,0,0,0,0,0,0,0,A_TRUE_ZERO
cwaysp,2,0,0,0,0,0,0,0,0,A_TRUE_ZERO
1fyanbt,1,0,0,0,0,0,0,0,0,A_TRUE_ZERO
14wvejx,1,0,0,0,0,0,0,0,0,A_TRUE_ZERO
1b0iluq,1,0,0,0,0,0,0,0,0,A_TRUE_ZERO
hwehs7,1,0,0,0,0,0,0,0,0,A_TRUE_ZERO
sjtmnp,1,0,0,0,0,0,0,0,0,A_TRUE_ZERO
198u4mv,1,0,0,0,0,0,0,0,0,A_TRUE_ZERO
1ec4s0u,1,0,0,0,0,0,0,0,0,A_TRUE_ZERO
17yznwq,1,0,0,0,0,0,0,0,0,A_TRUE_ZERO
1ftf2dr,4,0,0,0,0,0,0,0,0,A_TRUE_ZERO
fyjzod,1,0,0,0,0,0,0,0,0,A_TRUE_ZERO
15faecy,3,0,0,0,0,0,0,0,0,A_TRUE_ZERO
dcz612,1,0,0,0,0,0,0,0,0,A_TRUE_ZERO
1n07vbv,2,0,0,0,0,0,0,0,0,A_TRUE_ZERO
xa580h,2,0,0,0,0,0,0,0,0,A_TRUE_ZERO
sgoq2c,1,0,0,0,0,0,0,0,0,A_TRUE_ZERO
lhw834,2,0,0,0,0,0,0,0,0,A_TRUE_ZERO
10eiirf,1,0,0,0,0,0,0,0,0,A_TRUE_ZERO
1gla1mj,3,0,0,0,0,0,0,0,0,A_TRUE_ZERO
1f0rqwp,1,0,0,0,0,0,0,0,0,A_TRUE_ZERO
ng67ey,1,0,0,0,0,0,0,0,0,A_TRUE_ZERO
fuifif,3,0,0,0,0,0,0,0,0,A_TRUE_ZERO
i35cdf,1,0,0,0,0,0,0,0,0,A_TRUE_ZERO
1hv05yo,1,0,0,0,0,0,0,0,0,A_TRUE_ZERO
yfsh27,1,0,0,0,0,0,0,0,0,A_TRUE_ZERO
duo4zt,2,0,0,0,0,0,0,0,0,A_TRUE_ZERO
vg6jou,1,0,0,0,0,0,0,0,0,A_TRUE_ZERO
1hb3urv,1,0,0,0,0,0,0,0,0,A_TRUE_ZERO
fofanh,1,0,0,0,0,0,0,0,0,A_TRUE_ZERO
18mj2ts,2,0,0,0,0,0,0,0,0,A_TRUE_ZERO
169keza,3,0,0,0,0,0,0,0,0,A_TRUE_ZERO
wxz8yb,3,0,0,0,0,0,0,0,0,A_TRUE_ZERO
1h60f02,2,0,0,0,0,0,0,0,0,A_TRUE_ZERO
14hjycs,1,0,0,0,0,0,0,0,0,A_TRUE_ZERO
15623k3,3,0,0,0,0,0,0,0,0,A_TRUE_ZERO
jmqvke,1,0,0,0,0,0,0,0,0,A_TRUE_ZERO
giijsr,3,0,0,0,0,0,0,0,0,A_TRUE_ZERO
1lqy8c4,2,0,0,0,0,0,0,0,0,A_TRUE_ZERO
jfdosg,1,0,0,0,0,0,0,0,0,A_TRUE_ZERO
12tmmg7,1,0,0,0,0,0,0,0,0,A_TRUE_ZERO
tn3pua,1,0,0,0,0,0,0,0,0,A_TRUE_ZERO
ye134c,2,0,0,0,0,0,0,0,0,A_TRUE_ZERO
1ga0ynb,1,0,0,0,0,0,0,0,0,A_TRUE_ZERO
d2wbsq,2,0,0,0,0,0,0,0,0,A_TRUE_ZERO
17xb90l,1,0,0,0,0,0,0,0,0,A_TRUE_ZERO
13yty4t,1,0,0,0,0,0,0,0,0,A_TRUE_ZERO
1di1ufx,1,0,0,0,0,0,0,0,0,A_TRUE_ZERO
zoowce,3,0,0,0,0,0,0,0,0,A_TRUE_ZERO
1kpqb7r,1,0,0,0,0,0,0,0,0,A_TRUE_ZERO
150gz7j,2,0,0,0,0,0,0,0,0,A_TRUE_ZERO
1fqv1u0,1,0,0,0,0,0,0,0,0,A_TRUE_ZERO
qbohkj,1,0,0,0,0,0,0,0,0,A_TRUE_ZERO
1ixmf0n,1,0,0,0,0,0,0,0,0,A_TRUE_ZERO
p7rwy6,2,0,0,0,0,0,0,0,0,A_TRUE_ZERO
1gfgc95,3,0,0,0,0,0,0,0,0,A_TRUE_ZERO
157biqw,2,0,0,0,0,0,0,0,0,A_TRUE_ZERO
1rvyrr1,1,0,0,0,0,0,0,0,0,A_TRUE_ZERO
n5q4rk,1,0,0,0,0,0,0,0,0,A_TRUE_ZERO
t7vzlt,3,0,0,0,0,0,0,0,0,A_TRUE_ZERO
ld8ldl,2,0,0,0,0,0,0,0,0,A_TRUE_ZERO
cn0m77,3,0,0,0,0,0,0,0,0,A_TRUE_ZERO
b8q0sl,1,1,0,0,0,1,0,0,0,B_FILTERED_OUT
1qajhia,2,0,0,0,0,0,0,0,0,A_TRUE_ZERO
f5fq0h,1,0,0,0,0,0,0,0,0,A_TRUE_ZERO
1pfaqvn,1,0,0,0,0,0,0,0,0,A_TRUE_ZERO
10f1j7r,3,0,0,0,0,0,0,0,0,A_TRUE_ZERO
1cm0mra,1,0,0,0,0,0,0,0,0,A_TRUE_ZERO
rc6w2s,4,0,0,0,0,0,0,0,0,A_TRUE_ZERO
ysorof,2,0,0,0,0,0,0,0,0,A_TRUE_ZERO
1ctpmzg,1,0,0,0,0,0,0,0,0,A_TRUE_ZERO
16j9xy8,1,0,0,0,0,0,0,0,0,A_TRUE_ZERO
cwwxko,4,0,0,0,0,0,0,0,0,A_TRUE_ZERO
wyfto9,2,0,0,0,0,0,0,0,0,A_TRUE_ZERO
k6odc6,1,0,0,0,0,0,0,0,0,A_TRUE_ZERO
zghew1,1,0,0,0,0,0,0,0,0,A_TRUE_ZERO
1bsil2n,1,0,0,0,0,0,0,0,0,A_TRUE_ZERO
17xlwg6,1,0,0,0,0,0,0,0,0,A_TRUE_ZERO
1f2qfb9,1,0,0,0,0,0,0,0,0,A_TRUE_ZERO
1lbbg41,1,0,0,0,0,0,0,0,0,A_TRUE_ZERO
iyn74z,2,0,0,0,0,0,0,0,0,A_TRUE_ZERO
cncdyo,3,0,0,0,0,0,0,0,0,A_TRUE_ZERO
166g3ws,1,0,0,0,0,0,0,0,0,A_TRUE_ZERO
14ec4rw,2,0,0,0,0,0,0,0,0,A_TRUE_ZERO
1oti0g9,2,0,0,0,0,0,0,0,0,A_TRUE_ZERO
15mp804,1,0,0,0,0,0,0,0,0,A_TRUE_ZERO
ce9w99,1,0,0,0,0,0,0,0,0,A_TRUE_ZERO
1fp9pnp,2,0,0,0,0,0,0,0,0,A_TRUE_ZERO
pdkhei,1,0,0,0,0,0,0,0,0,A_TRUE_ZERO
r28i5m,2,0,0,0,0,0,0,0,0,A_TRUE_ZERO
flh8b1,1,0,0,0,0,0,0,0,0,A_TRUE_ZERO
1hc6sws,1,0,0,0,0,0,0,0,0,A_TRUE_ZERO
qbkdw0,2,0,0,0,0,0,0,0,0,A_TRUE_ZERO
qzqldv,2,0,0,0,0,0,0,0,0,A_TRUE_ZERO
1p8ijs5,1,0,0,0,0,0,0,0,0,A_TRUE_ZERO
1jwknec,1,0,0,0,0,0,0,0,0,A_TRUE_ZERO
1q3eshf,1,0,0,0,0,0,0,0,0,A_TRUE_ZERO
kd4pkv,1,0,0,0,0,0,0,0,0,A_TRUE_ZERO
1jwp3t7,1,0,0,0,0,0,0,0,0,A_TRUE_ZERO
yipokq,3,0,0,0,0,0,0,0,0,A_TRUE_ZERO
wvpvla,1,0,0,0,0,0,0,0,0,A_TRUE_ZERO
1rfr7zu,3,0,0,0,0,0,0,0,0,A_TRUE_ZERO
1j0a268,3,0,0,0,0,0,0,0,0,A_TRUE_ZERO
1c0k7ts,1,0,0,0,0,0,0,0,0,A_TRUE_ZERO
1jwc3ml,1,0,0,0,0,0,0,0,0,A_TRUE_ZERO
icmmyy,1,0,0,0,0,0,0,0,0,A_TRUE_ZERO
1jtyrr9,3,0,0,0,0,0,0,0,0,A_TRUE_ZERO
197akbm,1,0,0,0,0,0,0,0,0,A_TRUE_ZERO
1cja9na,1,0,0,0,0,0,0,0,0,A_TRUE_ZERO
142l6rn,2,0,0,0,0,0,0,0,0,A_TRUE_ZERO
k8iaqt,2,0,0,0,0,0,0,0,0,A_TRUE_ZERO
13fyqt6,1,0,0,0,0,0,0,0,0,A_TRUE_ZERO
1bupunz,2,0,0,0,0,0,0,0,0,A_TRUE_ZERO
epr8nh,1,0,0,0,0,0,0,0,0,A_TRUE_ZERO
hrmt43,2,0,0,0,0,0,0,0,0,A_TRUE_ZERO
wii8xm,3,0,0,0,0,0,0,0,0,A_TRUE_ZERO
18jvfj9,4,0,0,0,0,0,0,0,0,A_TRUE_ZERO
1jpzdnu,3,0,0,0,0,0,0,0,0,A_TRUE_ZERO
1jqrpdu,1,0,0,0,0,0,0,0,0,A_TRUE_ZERO
ezyh7m,1,0,0,0,0,0,0,0,0,A_TRUE_ZERO
i3khyt,2,0,0,0,0,0,0,0,0,A_TRUE_ZERO
1jrb8wp,2,0,0,0,0,0,0,0,0,A_TRUE_ZERO
1c7wbvy,4,0,0,0,0,0,0,0,0,A_TRUE_ZERO
1mch2mu,1,0,0,0,0,0,0,0,0,A_TRUE_ZERO
1m85yin,1,0,0,0,0,0,0,0,0,A_TRUE_ZERO
x775w2,1,0,0,0,0,0,0,0,0,A_TRUE_ZERO
15up57g,2,0,0,0,0,0,0,0,0,A_TRUE_ZERO
cuk32q,1,0,0,0,0,0,0,0,0,A_TRUE_ZERO
1ecnl2z,3,0,0,0,0,0,0,0,0,A_TRUE_ZERO
camo7o,4,0,0,0,0,0,0,0,0,A_TRUE_ZERO
13wp2rv,1,0,0,0,0,0,0,0,0,A_TRUE_ZERO
1q0gxoo,1,0,0,0,0,0,0,0,0,A_TRUE_ZERO
zymmqw,2,0,0,0,0,0,0,0,0,A_TRUE_ZERO
1kfqco4,3,0,0,0,0,0,0,0,0,A_TRUE_ZERO
1kb04q5,3,0,0,0,0,0,0,0,0,A_TRUE_ZERO
10xjqrr,2,0,0,0,0,0,0,0,0,A_TRUE_ZERO
jsi6st,1,0,0,0,0,0,0,0,0,A_TRUE_ZERO
1hv8cqa,2,0,0,0,0,0,0,0,0,A_TRUE_ZERO
ujbld4,1,0,0,0,0,0,0,0,0,A_TRUE_ZERO
1kr3t1p,1,0,0,0,0,0,0,0,0,A_TRUE_ZERO
jbpo0m,2,0,0,0,0,0,0,0,0,A_TRUE_ZERO
ht181m,1,0,0,0,0,0,0,0,0,A_TRUE_ZERO
khluyv,1,0,0,0,0,0,0,0,0,A_TRUE_ZERO
1bhudfb,1,0,0,0,0,0,0,0,0,A_TRUE_ZERO
gkfn4l,1,0,0,0,0,0,0,0,0,A_TRUE_ZERO
e2fv9w,1,0,0,0,0,0,0,0,0,A_TRUE_ZERO
11kkylo,1,0,0,0,0,0,0,0,0,A_TRUE_ZERO
1q0g1vb,1,0,0,0,0,0,0,0,0,A_TRUE_ZERO
13cw1gn,1,0,0,0,0,0,0,0,0,A_TRUE_ZERO
1bw9jbn,3,0,0,0,0,0,0,0,0,A_TRUE_ZERO
15r192i,1,0,0,0,0,0,0,0,0,A_TRUE_ZERO
1bx61x7,1,0,0,0,0,0,0,0,0,A_TRUE_ZERO
1r0ns89,1,0,0,0,0,0,0,0,0,A_TRUE_ZERO
1rwl5aq,1,0,0,0,0,0,0,0,0,A_TRUE_ZERO
11ga5uu,2,0,0,0,0,0,0,0,0,A_TRUE_ZERO
o50vuh,1,0,0,0,0,0,0,0,0,A_TRUE_ZERO
116iqcc,3,0,0,0,0,0,0,0,0,A_TRUE_ZERO
w1lz4e,3,0,0,0,0,0,0,0,0,A_TRUE_ZERO
1k5pk71,4,0,0,0,0,0,0,0,0,A_TRUE_ZERO
corj7d,2,0,0,0,0,0,0,0,0,A_TRUE_ZERO
w8j0c6,2,0,0,0,0,0,0,0,0,A_TRUE_ZERO
iuia3r,1,0,0,0,0,0,0,0,0,A_TRUE_ZERO
bogqwz,3,0,0,0,0,0,0,0,0,A_TRUE_ZERO
10vqd2a,1,0,0,0,0,0,0,0,0,A_TRUE_ZERO
1dsihsq,2,0,0,0,0,0,0,0,0,A_TRUE_ZERO
1kx27jm,3,0,0,0,0,0,0,0,0,A_TRUE_ZERO
1nbq51r,1,0,0,0,0,0,0,0,0,A_TRUE_ZERO
1ae3d2e,2,0,0,0,0,0,0,0,0,A_TRUE_ZERO
12yq7pu,1,0,0,0,0,0,0,0,0,A_TRUE_ZERO
158dp7m,2,0,0,0,0,0,0,0,0,A_TRUE_ZERO
qehpc9,1,0,0,0,0,0,0,0,0,A_TRUE_ZERO
yv5ko1,2,0,0,0,0,0,0,0,0,A_TRUE_ZERO
bc4zt7,1,0,0,0,0,0,0,0,0,A_TRUE_ZERO
l5rukh,3,0,0,0,0,0,0,0,0,A_TRUE_ZERO
hfulqr,2,0,0,0,0,0,0,0,0,A_TRUE_ZERO
x3n7pt,1,0,0,0,0,0,0,0,0,A_TRUE_ZERO
17igr70,3,0,0,0,0,0,0,0,0,A_TRUE_ZERO
ngt5iw,1,0,0,0,0,0,0,0,0,A_TRUE_ZERO
1pjn20e,1,0,0,0,0,0,0,0,0,A_TRUE_ZERO
vugk9w,2,0,0,0,0,0,0,0,0,A_TRUE_ZERO
16q1gq0,1,0,0,0,0,0,0,0,0,A_TRUE_ZERO
bj38cb,2,0,0,0,0,0,0,0,0,A_TRUE_ZERO
rxpgy2,2,0,0,0,0,0,0,0,0,A_TRUE_ZERO
1i7d4mw,2,0,0,0,0,0,0,0,0,A_TRUE_ZERO
ikteji,1,0,0,0,0,0,0,0,0,A_TRUE_ZERO
nflenu,1,0,0,0,0,0,0,0,0,A_TRUE_ZERO
wdb1ke,3,0,0,0,0,0,0,0,0,A_TRUE_ZERO
1ow1wnh,2,0,0,0,0,0,0,0,0,A_TRUE_ZERO
13k2yci,2,0,0,0,0,0,0,0,0,A_TRUE_ZERO
1cdp36o,2,0,0,0,0,0,0,0,0,A_TRUE_ZERO
wtfc10,1,0,0,0,0,0,0,0,0,A_TRUE_ZERO
1jssqqk,1,0,0,0,0,0,0,0,0,A_TRUE_ZERO
1fb7643,2,0,0,0,0,0,0,0,0,A_TRUE_ZERO
1jederd,2,0,0,0,0,0,0,0,0,A_TRUE_ZERO
fldcqj,1,0,0,0,0,0,0,0,0,A_TRUE_ZERO
ki2czf,2,0,0,0,0,0,0,0,0,A_TRUE_ZERO
l8xsew,1,0,0,0,0,0,0,0,0,A_TRUE_ZERO
10b0aw4,2,0,0,0,0,0,0,0,0,A_TRUE_ZERO
17mzhoz,2,0,0,0,0,0,0,0,0,A_TRUE_ZERO
19cx9ld,3,0,0,0,0,0,0,0,0,A_TRUE_ZERO
1eofpj7,1,0,0,0,0,0,0,0,0,A_TRUE_ZERO
1q2e9kp,3,0,0,0,0,0,0,0,0,A_TRUE_ZERO
13v27zk,1,0,0,0,0,0,0,0,0,A_TRUE_ZERO
bn0z4u,2,0,0,0,0,0,0,0,0,A_TRUE_ZERO
1cspl6r,2,0,0,0,0,0,0,0,0,A_TRUE_ZERO
1ay31tk,2,0,0,0,0,0,0,0,0,A_TRUE_ZERO
hsvgso,1,0,0,0,0,0,0,0,0,A_TRUE_ZERO
12068om,2,0,0,0,0,0,0,0,0,A_TRUE_ZERO
1653gbm,1,0,0,0,0,0,0,0,0,A_TRUE_ZERO
1r33pvs,2,0,0,0,0,0,0,0,0,A_TRUE_ZERO
1sg2iau,1,0,0,0,0,0,0,0,0,A_TRUE_ZERO
p0x3q0,1,0,0,0,0,0,0,0,0,A_TRUE_ZERO
1rkt9zz,2,0,0,0,0,0,0,0,0,A_TRUE_ZERO
1mazrds,2,0,0,0,0,0,0,0,0,A_TRUE_ZERO
v7bbug,1,0,0,0,0,0,0,0,0,A_TRUE_ZERO
kek7ca,2,0,0,0,0,0,0,0,0,A_TRUE_ZERO
1q6zwot,1,0,0,0,0,0,0,0,0,A_TRUE_ZERO
p6zws5,1,0,0,0,0,0,0,0,0,A_TRUE_ZERO
10crz46,2,0,0,0,0,0,0,0,0,A_TRUE_ZERO
13ibat9,1,0,0,0,0,0,0,0,0,A_TRUE_ZERO
1ggest5,1,0,0,0,0,0,0,0,0,A_TRUE_ZERO
sukn99,1,0,0,0,0,0,0,0,0,A_TRUE_ZERO
f5vbdh,1,0,0,0,0,0,0,0,0,A_TRUE_ZERO
1ap344h,1,0,0,0,0,0,0,0,0,A_TRUE_ZERO
i3mbmp,1,0,0,0,0,0,0,0,0,A_TRUE_ZERO
14zljs0,1,0,0,0,0,0,0,0,0,A_TRUE_ZERO
yrucdg,4,0,0,0,0,0,0,0,0,A_TRUE_ZERO
1dqxwu5,1,0,0,0,0,0,0,0,0,A_TRUE_ZERO
z8kdhs,2,0,0,0,0,0,0,0,0,A_TRUE_ZERO
1ajjo64,1,0,0,0,0,0,0,0,0,A_TRUE_ZERO
18gp1ff,3,0,0,0,0,0,0,0,0,A_TRUE_ZERO
gvg3kr,1,0,0,0,0,0,0,0,0,A_TRUE_ZERO
1iv1zs1,1,0,0,0,0,0,0,0,0,A_TRUE_ZERO
g9ibkf,1,0,0,0,0,0,0,0,0,A_TRUE_ZERO
13mre84,2,0,0,0,0,0,0,0,0,A_TRUE_ZERO
1jbeedo,2,0,0,0,0,0,0,0,0,A_TRUE_ZERO
17fnr46,1,0,0,0,0,0,0,0,0,A_TRUE_ZERO
12zawkn,2,0,0,0,0,0,0,0,0,A_TRUE_ZERO
1l2jj91,2,0,0,0,0,0,0,0,0,A_TRUE_ZERO
w1321f,2,0,0,0,0,0,0,0,0,A_TRUE_ZERO
10y3sds,1,0,0,0,0,0,0,0,0,A_TRUE_ZERO
doqpgk,1,0,0,0,0,0,0,0,0,A_TRUE_ZERO
rb0bp2,3,0,0,0,0,0,0,0,0,A_TRUE_ZERO
1l3jif9,3,0,0,0,0,0,0,0,0,A_TRUE_ZERO
csxef2,2,0,0,0,0,0,0,0,0,A_TRUE_ZERO
18nfxmo,1,0,0,0,0,0,0,0,0,A_TRUE_ZERO
snrht6,2,0,0,0,0,0,0,0,0,A_TRUE_ZERO
pule20,2,0,0,0,0,0,0,0,0,A_TRUE_ZERO
sq3x94,1,0,0,0,0,0,0,0,0,A_TRUE_ZERO
rsiq8u,1,0,0,0,0,0,0,0,0,A_TRUE_ZERO
1087px5,2,0,0,0,0,0,0,0,0,A_TRUE_ZERO
1mkh86t,1,0,0,0,0,0,0,0,0,A_TRUE_ZERO
1ljrfu3,3,0,0,0,0,0,0,0,0,A_TRUE_ZERO
1jumhzi,2,0,0,0,0,0,0,0,0,A_TRUE_ZERO
1cd0f83,1,0,0,0,0,0,0,0,0,A_TRUE_ZERO
1cocikw,1,0,0,0,0,0,0,0,0,A_TRUE_ZERO
1jz4aby,1,0,0,0,0,0,0,0,0,A_TRUE_ZERO
bs6kig,2,0,0,0,0,0,0,0,0,A_TRUE_ZERO
fq0sg8,1,0,0,0,0,0,0,0,0,A_TRUE_ZERO
118wqt1,3,0,0,0,0,0,0,0,0,A_TRUE_ZERO
t58jw5,1,0,0,0,0,0,0,0,0,A_TRUE_ZERO
1391df9,1,0,0,0,0,0,0,0,0,A_TRUE_ZERO
tk6gd3,1,0,0,0,0,0,0,0,0,A_TRUE_ZERO
1l3hqk6,3,0,0,0,0,0,0,0,0,A_TRUE_ZERO
1otbth3,2,0,0,0,0,0,0,0,0,A_TRUE_ZERO
15n5isc,2,0,0,0,0,0,0,0,0,A_TRUE_ZERO
15ezjlv,1,0,0,0,0,0,0,0,0,A_TRUE_ZERO
i4o7zc,2,0,0,0,0,0,0,0,0,A_TRUE_ZERO
1ccuice,1,0,0,0,0,0,0,0,0,A_TRUE_ZERO
1isns0g,1,0,0,0,0,0,0,0,0,A_TRUE_ZERO
1sl3i2g,1,0,0,0,0,0,0,0,0,A_TRUE_ZERO
x3aays,1,0,0,0,0,0,0,0,0,A_TRUE_ZERO
1c1lbrz,2,0,0,0,0,0,0,0,0,A_TRUE_ZERO
1og7rj1,1,0,0,0,0,0,0,0,0,A_TRUE_ZERO
ftvtih,2,0,0,0,0,0,0,0,0,A_TRUE_ZERO
1brkjwp,1,0,0,0,0,0,0,0,0,A_TRUE_ZERO
1cc3u78,2,0,0,0,0,0,0,0,0,A_TRUE_ZERO
qaz9ma,1,0,0,0,0,0,0,0,0,A_TRUE_ZERO
u7hmfi,1,0,0,0,0,0,0,0,0,A_TRUE_ZERO
1s8usbd,2,0,0,0,0,0,0,0,0,A_TRUE_ZERO
1q8i6xj,1,0,0,0,0,0,0,0,0,A_TRUE_ZERO
ztwy9e,2,0,0,0,0,0,0,0,0,A_TRUE_ZERO
pwppgi,1,0,0,0,0,0,0,0,0,A_TRUE_ZERO
1amdnzl,2,0,0,0,0,0,0,0,0,A_TRUE_ZERO
1b6ao3n,3,0,0,0,0,0,0,0,0,A_TRUE_ZERO
1hw5y43,1,0,0,0,0,0,0,0,0,A_TRUE_ZERO
1lcoqba,1,0,0,0,0,0,0,0,0,A_TRUE_ZERO
1ge158t,1,0,0,0,0,0,0,0,0,A_TRUE_ZERO
155fko5,1,0,0,0,0,0,0,0,0,A_TRUE_ZERO
rxyuu1,1,0,0,0,0,0,0,0,0,A_TRUE_ZERO
1me3xub,1,0,0,0,0,0,0,0,0,A_TRUE_ZERO
1360e31,1,0,0,0,0,0,0,0,0,A_TRUE_ZERO
f2r5lh,2,0,0,0,0,0,0,0,0,A_TRUE_ZERO
ktbrx2,2,0,0,0,0,0,0,0,0,A_TRUE_ZERO
ctxpvw,4,0,0,0,0,0,0,0,0,A_TRUE_ZERO
yy0kb5,2,0,0,0,0,0,0,0,0,A_TRUE_ZERO
nh31zk,3,0,0,0,0,0,0,0,0,A_TRUE_ZERO
1hhogn0,1,0,0,0,0,0,0,0,0,A_TRUE_ZERO
tfqdj5,1,0,0,0,0,0,0,0,0,A_TRUE_ZERO
l4owoh,3,0,0,0,0,0,0,0,0,A_TRUE_ZERO
rclyp6,2,0,0,0,0,0,0,0,0,A_TRUE_ZERO
14fueaa,1,0,0,0,0,0,0,0,0,A_TRUE_ZERO
1qbmk3x,3,0,0,0,0,0,0,0,0,A_TRUE_ZERO
14f4zxi,1,0,0,0,0,0,0,0,0,A_TRUE_ZERO
1dkn4u3,3,0,0,0,0,0,0,0,0,A_TRUE_ZERO
1qje78g,2,0,0,0,0,0,0,0,0,A_TRUE_ZERO
1ab9lxo,2,0,0,0,0,0,0,0,0,A_TRUE_ZERO
wai99h,1,0,0,0,0,0,0,0,0,A_TRUE_ZERO
18cq5rg,1,0,0,0,0,0,0,0,0,A_TRUE_ZERO
1byb2wm,1,0,0,0,0,0,0,0,0,A_TRUE_ZERO
g38fko,1,0,0,0,0,0,0,0,0,A_TRUE_ZERO
yvlrea,2,0,0,0,0,0,0,0,0,A_TRUE_ZERO
10g1n7o,2,0,0,0,0,0,0,0,0,A_TRUE_ZERO
1etsspb,1,0,0,0,0,0,0,0,0,A_TRUE_ZERO
fheaz2,1,0,0,0,0,0,0,0,0,A_TRUE_ZERO
10p7s1z,1,0,0,0,0,0,0,0,0,A_TRUE_ZERO
d8vizi,2,0,0,0,0,0,0,0,0,A_TRUE_ZERO
k0gbdp,1,0,0,0,0,0,0,0,0,A_TRUE_ZERO
1gr8k8c,1,0,0,0,0,0,0,0,0,A_TRUE_ZERO
1nbyxw7,1,0,0,0,0,0,0,0,0,A_TRUE_ZERO
xcixca,2,0,0,0,0,0,0,0,0,A_TRUE_ZERO
olo40s,3,0,0,0,0,0,0,0,0,A_TRUE_ZERO
nb379s,1,0,0,0,0,0,0,0,0,A_TRUE_ZERO
n4ehqv,1,0,0,0,0,0,0,0,0,A_TRUE_ZERO
vd7ad9,1,0,0,0,0,0,0,0,0,A_TRUE_ZERO
ovetaw,1,0,0,0,0,0,0,0,0,A_TRUE_ZERO
cb1248,3,0,0,0,0,0,0,0,0,A_TRUE_ZERO
1erb17v,1,0,0,0,0,0,0,0,0,A_TRUE_ZERO
ccnq72,2,0,0,0,0,0,0,0,0,A_TRUE_ZERO
192tzqc,2,0,0,0,0,0,0,0,0,A_TRUE_ZERO
dps72n,1,0,0,0,0,0,0,0,0,A_TRUE_ZERO
1s9cfq4,1,0,0,0,0,0,0,0,0,A_TRUE_ZERO
1jmc4u0,4,0,0,0,0,0,0,0,0,A_TRUE_ZERO
1je0gpb,1,0,0,0,0,0,0,0,0,A_TRUE_ZERO
1byp7id,2,0,0,0,0,0,0,0,0,A_TRUE_ZERO
w8nqnq,1,0,0,0,0,0,0,0,0,A_TRUE_ZERO
1sn3hky,2,0,0,0,0,0,0,0,0,A_TRUE_ZERO
1lqro5l,1,0,0,0,0,0,0,0,0,A_TRUE_ZERO
13mv5uy,1,0,0,0,0,0,0,0,0,A_TRUE_ZERO
1fz7u12,1,0,0,0,0,0,0,0,0,A_TRUE_ZERO
xxps4g,1,0,0,0,0,0,0,0,0,A_TRUE_ZERO
1cbyyha,2,0,0,0,0,0,0,0,0,A_TRUE_ZERO
1r357wx,2,0,0,0,0,0,0,0,0,A_TRUE_ZERO
1dqpvp5,1,0,0,0,0,0,0,0,0,A_TRUE_ZERO
uixcl2,1,0,0,0,0,0,0,0,0,A_TRUE_ZERO
1pimm4d,1,0,0,0,0,0,0,0,0,A_TRUE_ZERO
1g151lq,1,0,0,0,0,0,0,0,0,A_TRUE_ZERO
1ppzm76,1,0,0,0,0,0,0,0,0,A_TRUE_ZERO
q8g6ee,2,0,0,0,0,0,0,0,0,A_TRUE_ZERO
14k7s8b,1,0,0,0,0,0,0,0,0,A_TRUE_ZERO
1btgg9h,1,0,0,0,0,0,0,0,0,A_TRUE_ZERO
fd9542,2,0,0,0,0,0,0,0,0,A_TRUE_ZERO
1ay3vgx,1,0,0,0,0,0,0,0,0,A_TRUE_ZERO
gyih5a,2,0,0,0,0,0,0,0,0,A_TRUE_ZERO
1ohim8x,2,0,0,0,0,0,0,0,0,A_TRUE_ZERO
1dbakjj,1,0,0,0,0,0,0,0,0,A_TRUE_ZERO
of19qz,1,0,0,0,0,0,0,0,0,A_TRUE_ZERO
gjq9ay,3,0,0,0,0,0,0,0,0,A_TRUE_ZERO
bdjnp0,2,0,0,0,0,0,0,0,0,A_TRUE_ZERO
cu7fwl,2,0,0,0,0,0,0,0,0,A_TRUE_ZERO
kuihn3,1,0,0,0,0,0,0,0,0,A_TRUE_ZERO
fvpyrd,1,0,0,0,0,0,0,0,0,A_TRUE_ZERO
1r8x2h0,1,0,0,0,0,0,0,0,0,A_TRUE_ZERO
1b14eap,1,0,0,0,0,0,0,0,0,A_TRUE_ZERO
1744mvt,1,0,0,0,0,0,0,0,0,A_TRUE_ZERO
17mje14,1,0,0,0,0,0,0,0,0,A_TRUE_ZERO
15datq8,1,0,0,0,0,0,0,0,0,A_TRUE_ZERO
1cn0e0d,3,0,0,0,0,0,0,0,0,A_TRUE_ZERO
1rnyve9,1,0,0,0,0,0,0,0,0,A_TRUE_ZERO
jt1sfh,2,0,0,0,0,0,0,0,0,A_TRUE_ZERO
187aw0t,1,0,0,0,0,0,0,0,0,A_TRUE_ZERO
n0nxao,2,0,0,0,0,0,0,0,0,A_TRUE_ZERO
1lo89k9,1,0,0,0,0,0,0,0,0,A_TRUE_ZERO
fumsgj,2,0,0,0,0,0,0,0,0,A_TRUE_ZERO
eyx3d0,1,0,0,0,0,0,0,0,0,A_TRUE_ZERO
ejebrd,3,0,0,0,0,0,0,0,0,A_TRUE_ZERO
1b8de04,2,0,0,0,0,0,0,0,0,A_TRUE_ZERO
1o4l259,2,0,0,0,0,0,0,0,0,A_TRUE_ZERO
1bvs8e8,4,0,0,0,0,0,0,0,0,A_TRUE_ZERO
1fohxeh,3,0,0,0,0,0,0,0,0,A_TRUE_ZERO
135matv,3,0,0,0,0,0,0,0,0,A_TRUE_ZERO
ssftp1,3,0,0,0,0,0,0,0,0,A_TRUE_ZERO
smotmm,2,0,0,0,0,0,0,0,0,A_TRUE_ZERO
bws0tg,1,0,0,0,0,0,0,0,0,A_TRUE_ZERO
zx6fbr,1,0,0,0,0,0,0,0,0,A_TRUE_ZERO
mppmjo,4,0,0,0,0,0,0,0,0,A_TRUE_ZERO
bmk9lq,1,0,0,0,0,0,0,0,0,A_TRUE_ZERO
1f48b4w,2,0,0,0,0,0,0,0,0,A_TRUE_ZERO
1kdmyxm,2,0,0,0,0,0,0,0,0,A_TRUE_ZERO
qx1ig0,4,0,0,0,0,0,0,0,0,A_TRUE_ZERO
11fx1a1,1,0,0,0,0,0,0,0,0,A_TRUE_ZERO
1f0l6jk,1,0,0,0,0,0,0,0,0,A_TRUE_ZERO
1aexrt4,1,0,0,0,0,0,0,0,0,A_TRUE_ZERO
1h4za5a,2,0,0,0,0,0,0,0,0,A_TRUE_ZERO
jpo0fi,1,0,0,0,0,0,0,0,0,A_TRUE_ZERO
15apbyw,2,0,0,0,0,0,0,0,0,A_TRUE_ZERO
l1797q,1,0,0,0,0,0,0,0,0,A_TRUE_ZERO
12qp8bi,2,0,0,0,0,0,0,0,0,A_TRUE_ZERO
126l4jl,2,0,0,0,0,0,0,0,0,A_TRUE_ZERO
10shu16,3,0,0,0,0,0,0,0,0,A_TRUE_ZERO
14fj4bo,1,0,0,0,0,0,0,0,0,A_TRUE_ZERO
p5n6er,2,0,0,0,0,0,0,0,0,A_TRUE_ZERO
1b0gje6,2,0,0,0,0,0,0,0,0,A_TRUE_ZERO
19bpvfk,2,0,0,0,0,0,0,0,0,A_TRUE_ZERO
goswy7,2,0,0,0,0,0,0,0,0,A_TRUE_ZERO
eyc4fu,2,0,0,0,0,0,0,0,0,A_TRUE_ZERO
fugp4a,1,0,0,0,0,0,0,0,0,A_TRUE_ZERO
1mz41ko,1,0,0,0,0,0,0,0,0,A_TRUE_ZERO
17yhg38,1,0,0,0,0,0,0,0,0,A_TRUE_ZERO
1fnslut,1,0,0,0,0,0,0,0,0,A_TRUE_ZERO
18napy9,2,0,0,0,0,0,0,0,0,A_TRUE_ZERO
n3vs49,3,0,0,0,0,0,0,0,0,A_TRUE_ZERO
1gi937r,3,0,0,0,0,0,0,0,0,A_TRUE_ZERO
qslv5z,1,0,0,0,0,0,0,0,0,A_TRUE_ZERO
1b469kh,1,0,0,0,0,0,0,0,0,A_TRUE_ZERO
1cdsivi,1,0,0,0,0,0,0,0,0,A_TRUE_ZERO
vojhkt,1,0,0,0,0,0,0,0,0,A_TRUE_ZERO
og8m7b,4,0,0,0,0,0,0,0,0,A_TRUE_ZERO
13qyx95,2,0,0,0,0,0,0,0,0,A_TRUE_ZERO
tog6a9,3,0,0,0,0,0,0,0,0,A_TRUE_ZERO
q1ecko,1,0,0,0,0,0,0,0,0,A_TRUE_ZERO
vibq0s,1,0,0,0,0,0,0,0,0,A_TRUE_ZERO
10g78c7,3,0,0,0,0,0,0,0,0,A_TRUE_ZERO
1puu8qr,1,0,0,0,0,0,0,0,0,A_TRUE_ZERO
ll647z,2,0,0,0,0,0,0,0,0,A_TRUE_ZERO
1k5ogmp,1,0,0,0,0,0,0,0,0,A_TRUE_ZERO
1mpvwzo,1,1,0,0,0,1,0,0,0,B_FILTERED_OUT
1b8acf0,4,0,0,0,0,0,0,0,0,A_TRUE_ZERO
nds6pz,1,0,0,0,0,0,0,0,0,A_TRUE_ZERO
110wy8b,3,0,0,0,0,0,0,0,0,A_TRUE_ZERO
o1hvbk,1,0,0,0,0,0,0,0,0,A_TRUE_ZERO
1gm27xs,1,0,0,0,0,0,0,0,0,A_TRUE_ZERO
nca6aq,1,0,0,0,0,0,0,0,0,A_TRUE_ZERO
1s2zwgd,1,0,0,0,0,0,0,0,0,A_TRUE_ZERO
176kq7d,1,0,0,0,0,0,0,0,0,A_TRUE_ZERO
1ntqjx6,2,0,0,0,0,0,0,0,0,A_TRUE_ZERO
1ioky6b,1,0,0,0,0,0,0,0,0,A_TRUE_ZERO
u5ift9,1,0,0,0,0,0,0,0,0,A_TRUE_ZERO
11nu3te,1,0,0,0,0,0,0,0,0,A_TRUE_ZERO
pbd0fw,1,0,0,0,0,0,0,0,0,A_TRUE_ZERO
18ler62,2,0,0,0,0,0,0,0,0,A_TRUE_ZERO
i5ijnl,1,0,0,0,0,0,0,0,0,A_TRUE_ZERO
1rp3nlz,4,0,0,0,0,0,0,0,0,A_TRUE_ZERO
ipukga,3,0,0,0,0,0,0,0,0,A_TRUE_ZERO
1f8w57g,2,0,0,0,0,0,0,0,0,A_TRUE_ZERO
flg5ip,2,0,0,0,0,0,0,0,0,A_TRUE_ZERO
1kfcz3f,1,0,0,0,0,0,0,0,0,A_TRUE_ZERO
yczoeu,1,0,0,0,0,0,0,0,0,A_TRUE_ZERO
1nesbza,2,0,0,0,0,0,0,0,0,A_TRUE_ZERO
fauzj3,1,0,0,0,0,0,0,0,0,A_TRUE_ZERO
dwqtd8,1,0,0,0,0,0,0,0,0,A_TRUE_ZERO
t57i2u,1,0,0,0,0,0,0,0,0,A_TRUE_ZERO
12oy20c,1,0,0,0,0,0,0,0,0,A_TRUE_ZERO
15on2ib,3,0,0,0,0,0,0,0,0,A_TRUE_ZERO
11r5ikb,2,0,0,0,0,0,0,0,0,A_TRUE_ZERO
ki58wu,1,0,0,0,0,0,0,0,0,A_TRUE_ZERO
1mi5xad,2,0,0,0,0,0,0,0,0,A_TRUE_ZERO
1fut7fn,1,0,0,0,0,0,0,0,0,A_TRUE_ZERO
1g422t4,1,0,0,0,0,0,0,0,0,A_TRUE_ZERO
124wash,1,0,0,0,0,0,0,0,0,A_TRUE_ZERO
1ggmp4u,2,0,0,0,0,0,0,0,0,A_TRUE_ZERO
iesr8r,1,0,0,0,0,0,0,0,0,A_TRUE_ZERO
17xzd01,3,0,0,0,0,0,0,0,0,A_TRUE_ZERO
12lia2v,1,0,0,0,0,0,0,0,0,A_TRUE_ZERO
dijr1u,1,0,0,0,0,0,0,0,0,A_TRUE_ZERO
1g0y3de,1,0,0,0,0,0,0,0,0,A_TRUE_ZERO
1gjvzwe,2,0,0,0,0,0,0,0,0,A_TRUE_ZERO
wy5dy0,1,0,0,0,0,0,0,0,0,A_TRUE_ZERO
18mtebn,1,0,0,0,0,0,0,0,0,A_TRUE_ZERO
1gu0fs2,2,0,0,0,0,0,0,0,0,A_TRUE_ZERO
1dodj7w,1,0,0,0,0,0,0,0,0,A_TRUE_ZERO
17hwzjg,2,0,0,0,0,0,0,0,0,A_TRUE_ZERO
1gmmhx8,1,0,0,0,0,0,0,0,0,A_TRUE_ZERO
e5e93q,1,0,0,0,0,0,0,0,0,A_TRUE_ZERO
hc0yhi,4,0,0,0,0,0,0,0,0,A_TRUE_ZERO
f7t3kc,1,0,0,0,0,0,0,0,0,A_TRUE_ZERO
11k5wgg,2,0,0,0,0,0,0,0,0,A_TRUE_ZERO
od1t9t,1,0,0,0,0,0,0,0,0,A_TRUE_ZERO
1asapih,1,0,0,0,0,0,0,0,0,A_TRUE_ZERO
1o1sllt,3,0,0,0,0,0,0,0,0,A_TRUE_ZERO
1s7w7kc,1,0,0,0,0,0,0,0,0,A_TRUE_ZERO
1n2xifc,2,0,0,0,0,0,0,0,0,A_TRUE_ZERO
ba01gl,1,0,0,0,0,0,0,0,0,A_TRUE_ZERO
mv66r3,1,0,0,0,0,0,0,0,0,A_TRUE_ZERO
1gbxztp,1,0,0,0,0,0,0,0,0,A_TRUE_ZERO
z60xig,2,0,0,0,0,0,0,0,0,A_TRUE_ZERO
14saerr,1,0,0,0,0,0,0,0,0,A_TRUE_ZERO
lv0lnv,1,0,0,0,0,0,0,0,0,A_TRUE_ZERO
1hxjr03,1,0,0,0,0,0,0,0,0,A_TRUE_ZERO
11n0ep4,1,0,0,0,0,0,0,0,0,A_TRUE_ZERO
1lxlo7d,1,0,0,0,0,0,0,0,0,A_TRUE_ZERO
ealr2h,2,0,0,0,0,0,0,0,0,A_TRUE_ZERO
eyzby4,2,0,0,0,0,0,0,0,0,A_TRUE_ZERO
f6dsz5,1,0,0,0,0,0,0,0,0,A_TRUE_ZERO
f5ruvp,1,0,0,0,0,0,0,0,0,A_TRUE_ZERO
su4fx1,1,0,0,0,0,0,0,0,0,A_TRUE_ZERO
ujz9lh,2,0,0,0,0,0,0,0,0,A_TRUE_ZERO
1rfxj7w,2,0,0,0,0,0,0,0,0,A_TRUE_ZERO
16bkr0p,2,0,0,0,0,0,0,0,0,A_TRUE_ZERO
1caa72c,1,0,0,0,0,0,0,0,0,A_TRUE_ZERO
lympk4,3,0,0,0,0,0,0,0,0,A_TRUE_ZERO
vxg5g4,1,0,0,0,0,0,0,0,0,A_TRUE_ZERO
1rgj5qj,1,0,0,0,0,0,0,0,0,A_TRUE_ZERO
1j0bg9l,2,0,0,0,0,0,0,0,0,A_TRUE_ZERO
dzt5a8,2,0,0,0,0,0,0,0,0,A_TRUE_ZERO
1hust2q,1,0,0,0,0,0,0,0,0,A_TRUE_ZERO
x9d8pl,1,0,0,0,0,0,0,0,0,A_TRUE_ZERO
1eg7q3u,1,0,0,0,0,0,0,0,0,A_TRUE_ZERO
tmr0hz,1,0,0,0,0,0,0,0,0,A_TRUE_ZERO
dtgua1,1,0,0,0,0,0,0,0,0,A_TRUE_ZERO
mhthcm,2,0,0,0,0,0,0,0,0,A_TRUE_ZERO
1ie20b4,1,0,0,0,0,0,0,0,0,A_TRUE_ZERO
t66yef,1,0,0,0,0,0,0,0,0,A_TRUE_ZERO
15wdh3i,4,0,0,0,0,0,0,0,0,A_TRUE_ZERO
tx7dpm,1,0,0,0,0,0,0,0,0,A_TRUE_ZERO
v1p9xq,1,0,0,0,0,0,0,0,0,A_TRUE_ZERO
1llfu7y,1,0,0,0,0,0,0,0,0,A_TRUE_ZERO
s21xfz,2,0,0,0,0,0,0,0,0,A_TRUE_ZERO
1dzxu2v,1,0,0,0,0,0,0,0,0,A_TRUE_ZERO
u8ouen,3,0,0,0,0,0,0,0,0,A_TRUE_ZERO
uniyft,2,0,0,0,0,0,0,0,0,A_TRUE_ZERO
rm4f8r,1,0,0,0,0,0,0,0,0,A_TRUE_ZERO
12ycb5c,1,0,0,0,0,0,0,0,0,A_TRUE_ZERO
1hhv6m1,1,0,0,0,0,0,0,0,0,A_TRUE_ZERO
1e09jyc,1,0,0,0,0,0,0,0,0,A_TRUE_ZERO
1l8wgla,1,0,0,0,0,0,0,0,0,A_TRUE_ZERO
zsj1w7,1,0,0,0,0,0,0,0,0,A_TRUE_ZERO
1kmlo45,1,0,0,0,0,0,0,0,0,A_TRUE_ZERO
xfzaoj,2,0,0,0,0,0,0,0,0,A_TRUE_ZERO
11abvwd,1,0,0,0,0,0,0,0,0,A_TRUE_ZERO
1sha0f0,1,0,0,0,0,0,0,0,0,A_TRUE_ZERO
fiss9i,2,0,0,0,0,0,0,0,0,A_TRUE_ZERO
d8dbv2,3,0,0,0,0,0,0,0,0,A_TRUE_ZERO
136npa0,1,0,0,0,0,0,0,0,0,A_TRUE_ZERO
iet97x,1,0,0,0,0,0,0,0,0,A_TRUE_ZERO
xj4uhj,1,0,0,0,0,0,0,0,0,A_TRUE_ZERO
ielzod,2,0,0,0,0,0,0,0,0,A_TRUE_ZERO
1aerk2h,1,0,0,0,0,0,0,0,0,A_TRUE_ZERO
m6bcl6,1,0,0,0,0,0,0,0,0,A_TRUE_ZERO
1k5ufm7,2,2,0,0,0,2,0,0,0,B_FILTERED_OUT
1o28hs6,2,0,0,0,0,0,0,0,0,A_TRUE_ZERO
ut3y3g,4,0,0,0,0,0,0,0,0,A_TRUE_ZERO
ods2nw,3,0,0,0,0,0,0,0,0,A_TRUE_ZERO
gdf6vx,1,0,0,0,0,0,0,0,0,A_TRUE_ZERO
11fxqkc,1,0,0,0,0,0,0,0,0,A_TRUE_ZERO
sjpzcz,2,0,0,0,0,0,0,0,0,A_TRUE_ZERO
7xefus,4,4,0,3,0,1,0,0,0,B_FILTERED_OUT
13sn44l,2,0,0,0,0,0,0,0,0,A_TRUE_ZERO
zvcd0g,3,0,0,0,0,0,0,0,0,A_TRUE_ZERO
1ef37d5,1,0,0,0,0,0,0,0,0,A_TRUE_ZERO
1jpnljd,4,0,0,0,0,0,0,0,0,A_TRUE_ZERO
yfnksm,1,0,0,0,0,0,0,0,0,A_TRUE_ZERO
1n6sq6u,1,0,0,0,0,0,0,0,0,A_TRUE_ZERO
17fzwgr,2,0,0,0,0,0,0,0,0,A_TRUE_ZERO
dzleqo,1,0,0,0,0,0,0,0,0,A_TRUE_ZERO
f1bb4h,3,0,0,0,0,0,0,0,0,A_TRUE_ZERO
1ox7jc2,1,0,0,0,0,0,0,0,0,A_TRUE_ZERO
1ch06li,1,0,0,0,0,0,0,0,0,A_TRUE_ZERO
1ayhrj8,2,0,0,0,0,0,0,0,0,A_TRUE_ZERO
1kvuzs8,4,0,0,0,0,0,0,0,0,A_TRUE_ZERO
102f295,3,0,0,0,0,0,0,0,0,A_TRUE_ZERO
1cwvhdj,1,0,0,0,0,0,0,0,0,A_TRUE_ZERO
17wjo64,1,0,0,0,0,0,0,0,0,A_TRUE_ZERO
n6ieju,1,0,0,0,0,0,0,0,0,A_TRUE_ZERO
18ynppk,2,0,0,0,0,0,0,0,0,A_TRUE_ZERO
15d67hc,3,0,0,0,0,0,0,0,0,A_TRUE_ZERO
16cbz9x,1,0,0,0,0,0,0,0,0,A_TRUE_ZERO
hfok90,3,0,0,0,0,0,0,0,0,A_TRUE_ZERO
ih57uv,1,0,0,0,0,0,0,0,0,A_TRUE_ZERO
1er0qtq,2,0,0,0,0,0,0,0,0,A_TRUE_ZERO
pgqgkr,3,0,0,0,0,0,0,0,0,A_TRUE_ZERO
1s7mei0,1,0,0,0,0,0,0,0,0,A_TRUE_ZERO
gyh0bl,1,0,0,0,0,0,0,0,0,A_TRUE_ZERO
1f3c2gd,2,0,0,0,0,0,0,0,0,A_TRUE_ZERO
cgd1ym,1,0,0,0,0,0,0,0,0,A_TRUE_ZERO
tjnv1c,1,0,0,0,0,0,0,0,0,A_TRUE_ZERO
yyww3i,1,0,0,0,0,0,0,0,0,A_TRUE_ZERO
1et1e3o,1,0,0,0,0,0,0,0,0,A_TRUE_ZERO
1b2f8i5,1,0,0,0,0,0,0,0,0,A_TRUE_ZERO
1bpulq3,4,0,0,0,0,0,0,0,0,A_TRUE_ZERO
11xb7sc,3,0,0,0,0,0,0,0,0,A_TRUE_ZERO
1ex8yw0,1,0,0,0,0,0,0,0,0,A_TRUE_ZERO
1k6e7aw,2,0,0,0,0,0,0,0,0,A_TRUE_ZERO
qhj5x4,2,0,0,0,0,0,0,0,0,A_TRUE_ZERO
zeoixm,1,0,0,0,0,0,0,0,0,A_TRUE_ZERO
1kwp4fl,1,0,0,0,0,0,0,0,0,A_TRUE_ZERO
nrcuw9,1,0,0,0,0,0,0,0,0,A_TRUE_ZERO
cpsk3t,1,0,0,0,0,0,0,0,0,A_TRUE_ZERO
1i3de2k,3,0,0,0,0,0,0,0,0,A_TRUE_ZERO
1n20aof,1,0,0,0,0,0,0,0,0,A_TRUE_ZERO
kqmymu,2,0,0,0,0,0,0,0,0,A_TRUE_ZERO
hwf54o,2,0,0,0,0,0,0,0,0,A_TRUE_ZERO
r6ddrc,2,0,0,0,0,0,0,0,0,A_TRUE_ZERO
1nl25ff,1,0,0,0,0,0,0,0,0,A_TRUE_ZERO
pog6up,3,0,0,0,0,0,0,0,0,A_TRUE_ZERO
18l0vyf,3,0,0,0,0,0,0,0,0,A_TRUE_ZERO
ivffh6,1,0,0,0,0,0,0,0,0,A_TRUE_ZERO
xhx209,1,0,0,0,0,0,0,0,0,A_TRUE_ZERO
17o6hv0,1,0,0,0,0,0,0,0,0,A_TRUE_ZERO
s9gzzw,1,0,0,0,0,0,0,0,0,A_TRUE_ZERO
127ohxt,1,0,0,0,0,0,0,0,0,A_TRUE_ZERO
1d7f76v,3,0,0,0,0,0,0,0,0,A_TRUE_ZERO
1fvkgx5,1,0,0,0,0,0,0,0,0,A_TRUE_ZERO
1lcx8n3,2,0,0,0,0,0,0,0,0,A_TRUE_ZERO
1px6y3n,1,0,0,0,0,0,0,0,0,A_TRUE_ZERO
xyi4on,1,0,0,0,0,0,0,0,0,A_TRUE_ZERO
rx0twg,3,0,0,0,0,0,0,0,0,A_TRUE_ZERO
14w5rpp,2,0,0,0,0,0,0,0,0,A_TRUE_ZERO
bk1xr7,2,0,0,0,0,0,0,0,0,A_TRUE_ZERO
pujd86,2,0,0,0,0,0,0,0,0,A_TRUE_ZERO
x3fxza,4,0,0,0,0,0,0,0,0,A_TRUE_ZERO
1galapo,2,0,0,0,0,0,0,0,0,A_TRUE_ZERO
1j046ht,1,0,0,0,0,0,0,0,0,A_TRUE_ZERO
1rhpifn,1,0,0,0,0,0,0,0,0,A_TRUE_ZERO
gqw29r,1,0,0,0,0,0,0,0,0,A_TRUE_ZERO
lcg8kk,2,0,0,0,0,0,0,0,0,A_TRUE_ZERO
ipntug,1,0,0,0,0,0,0,0,0,A_TRUE_ZERO
1gxiy9r,1,0,0,0,0,0,0,0,0,A_TRUE_ZERO
jrt1ef,2,0,0,0,0,0,0,0,0,A_TRUE_ZERO
fjol22,1,0,0,0,0,0,0,0,0,A_TRUE_ZERO
1dg8vb6,1,0,0,0,0,0,0,0,0,A_TRUE_ZERO
1b6g9qg,3,0,0,0,0,0,0,0,0,A_TRUE_ZERO
evix5x,1,0,0,0,0,0,0,0,0,A_TRUE_ZERO
hwktkx,1,0,0,0,0,0,0,0,0,A_TRUE_ZERO
ey0gt9,2,0,0,0,0,0,0,0,0,A_TRUE_ZERO
wywu8j,4,0,0,0,0,0,0,0,0,A_TRUE_ZERO
1la18fi,1,0,0,0,0,0,0,0,0,A_TRUE_ZERO
1nniy6j,2,0,0,0,0,0,0,0,0,A_TRUE_ZERO
1ptahvv,1,0,0,0,0,0,0,0,0,A_TRUE_ZERO
p38egb,4,0,0,0,0,0,0,0,0,A_TRUE_ZERO
zee3jl,1,0,0,0,0,0,0,0,0,A_TRUE_ZERO
82yqo5,2,0,0,0,0,0,0,0,0,A_TRUE_ZERO
18o63ib,2,0,0,0,0,0,0,0,0,A_TRUE_ZERO
1c8ptrn,2,0,0,0,0,0,0,0,0,A_TRUE_ZERO
163nw86,1,0,0,0,0,0,0,0,0,A_TRUE_ZERO
1r3uybx,2,0,0,0,0,0,0,0,0,A_TRUE_ZERO
1dj77ka,1,0,0,0,0,0,0,0,0,A_TRUE_ZERO
kwpezs,2,1,0,0,0,1,0,0,0,B_FILTERED_OUT
t9fltk,1,0,0,0,0,0,0,0,0,A_TRUE_ZERO
11ebmrp,2,0,0,0,0,0,0,0,0,A_TRUE_ZERO
10zlt2i,1,0,0,0,0,0,0,0,0,A_TRUE_ZERO
1igxbgu,1,0,0,0,0,0,0,0,0,A_TRUE_ZERO
1dj4tys,3,0,0,0,0,0,0,0,0,A_TRUE_ZERO
be6vwj,1,0,0,0,0,0,0,0,0,A_TRUE_ZERO
168wv51,2,0,0,0,0,0,0,0,0,A_TRUE_ZERO
1081j6f,2,0,0,0,0,0,0,0,0,A_TRUE_ZERO
mxjfoe,1,0,0,0,0,0,0,0,0,A_TRUE_ZERO
17jmcmn,2,0,0,0,0,0,0,0,0,A_TRUE_ZERO
1mbjzg7,1,0,0,0,0,0,0,0,0,A_TRUE_ZERO
1j1plm1,1,0,0,0,0,0,0,0,0,A_TRUE_ZERO
10usz4o,1,0,0,0,0,0,0,0,0,A_TRUE_ZERO
ubmmud,3,0,0,0,0,0,0,0,0,A_TRUE_ZERO
1eep7eq,1,0,0,0,0,0,0,0,0,A_TRUE_ZERO
ldaon7,1,0,0,0,0,0,0,0,0,A_TRUE_ZERO
19edktq,2,0,0,0,0,0,0,0,0,A_TRUE_ZERO
hv4ccn,1,0,0,0,0,0,0,0,0,A_TRUE_ZERO
q3buag,2,0,0,0,0,0,0,0,0,A_TRUE_ZERO
1kijefb,1,0,0,0,0,0,0,0,0,A_TRUE_ZERO
ym2x8e,1,0,0,0,0,0,0,0,0,A_TRUE_ZERO
1mv6s39,1,0,0,0,0,0,0,0,0,A_TRUE_ZERO
151qsyl,1,0,0,0,0,0,0,0,0,A_TRUE_ZERO
e8r9qi,1,0,0,0,0,0,0,0,0,A_TRUE_ZERO
nddmdw,1,0,0,0,0,0,0,0,0,A_TRUE_ZERO
1r3v2p0,2,0,0,0,0,0,0,0,0,A_TRUE_ZERO
1jjs9zt,4,0,0,0,0,0,0,0,0,A_TRUE_ZERO
10wi81e,1,0,0,0,0,0,0,0,0,A_TRUE_ZERO
1nh0g7z,2,0,0,0,0,0,0,0,0,A_TRUE_ZERO
ldpq8c,1,0,0,0,0,0,0,0,0,A_TRUE_ZERO
11vs25r,2,0,0,0,0,0,0,0,0,A_TRUE_ZERO
zxu92q,1,0,0,0,0,0,0,0,0,A_TRUE_ZERO
etf8pv,2,0,0,0,0,0,0,0,0,A_TRUE_ZERO
1nwgl9k,1,0,0,0,0,0,0,0,0,A_TRUE_ZERO
eiz7wx,1,0,0,0,0,0,0,0,0,A_TRUE_ZERO
l4o53g,1,0,0,0,0,0,0,0,0,A_TRUE_ZERO
p92f7x,3,0,0,0,0,0,0,0,0,A_TRUE_ZERO
gawgbx,1,0,0,0,0,0,0,0,0,A_TRUE_ZERO
1qw9o0v,1,0,0,0,0,0,0,0,0,A_TRUE_ZERO
1b31psl,2,0,0,0,0,0,0,0,0,A_TRUE_ZERO
imm276,1,0,0,0,0,0,0,0,0,A_TRUE_ZERO
134x41a,2,0,0,0,0,0,0,0,0,A_TRUE_ZERO
dscswt,3,0,0,0,0,0,0,0,0,A_TRUE_ZERO
1erzmbq,1,0,0,0,0,0,0,0,0,A_TRUE_ZERO
1oqzy87,1,0,0,0,0,0,0,0,0,A_TRUE_ZERO
1e1g26r,1,0,0,0,0,0,0,0,0,A_TRUE_ZERO
rkpkkl,1,0,0,0,0,0,0,0,0,A_TRUE_ZERO
cb03gc,1,0,0,0,0,0,0,0,0,A_TRUE_ZERO
ya4plk,1,0,0,0,0,0,0,0,0,A_TRUE_ZERO
hqvu3l,1,0,0,0,0,0,0,0,0,A_TRUE_ZERO
i00xfm,1,0,0,0,0,0,0,0,0,A_TRUE_ZERO
nwvv88,2,0,0,0,0,0,0,0,0,A_TRUE_ZERO
t4evac,3,0,0,0,0,0,0,0,0,A_TRUE_ZERO
zmv9of,3,0,0,0,0,0,0,0,0,A_TRUE_ZERO
zjhn7j,1,0,0,0,0,0,0,0,0,A_TRUE_ZERO
1kwdute,1,0,0,0,0,0,0,0,0,A_TRUE_ZERO
jyrz1p,1,0,0,0,0,0,0,0,0,A_TRUE_ZERO
1bjfjoa,2,0,0,0,0,0,0,0,0,A_TRUE_ZERO
1cqlgqz,2,0,0,0,0,0,0,0,0,A_TRUE_ZERO
jdt9z2,2,0,0,0,0,0,0,0,0,A_TRUE_ZERO
zfqa3k,1,0,0,0,0,0,0,0,0,A_TRUE_ZERO
1hxcuw6,1,0,0,0,0,0,0,0,0,A_TRUE_ZERO
1sg4ttu,1,0,0,0,0,0,0,0,0,A_TRUE_ZERO
1p1dmn8,2,0,0,0,0,0,0,0,0,A_TRUE_ZERO
11ymizd,1,0,0,0,0,0,0,0,0,A_TRUE_ZERO
rgilv3,1,1,0,1,0,0,0,0,0,B_FILTERED_OUT
mws2xx,3,0,0,0,0,0,0,0,0,A_TRUE_ZERO
1qwoyus,3,0,0,0,0,0,0,0,0,A_TRUE_ZERO
1ctg329,1,0,0,0,0,0,0,0,0,A_TRUE_ZERO
113wuob,2,0,0,0,0,0,0,0,0,A_TRUE_ZERO
hj0hgj,1,0,0,0,0,0,0,0,0,A_TRUE_ZERO
r1gqwk,2,0,0,0,0,0,0,0,0,A_TRUE_ZERO
18re96w,1,0,0,0,0,0,0,0,0,A_TRUE_ZERO
krwuiq,1,0,0,0,0,0,0,0,0,A_TRUE_ZERO
cjqzr6,1,0,0,0,0,0,0,0,0,A_TRUE_ZERO
yx5wc4,1,0,0,0,0,0,0,0,0,A_TRUE_ZERO
n6ku0f,3,0,0,0,0,0,0,0,0,A_TRUE_ZERO
15a8lmh,3,0,0,0,0,0,0,0,0,A_TRUE_ZERO
1gzh9hb,1,0,0,0,0,0,0,0,0,A_TRUE_ZERO
bse78o,1,0,0,0,0,0,0,0,0,A_TRUE_ZERO
1fo0g7v,1,0,0,0,0,0,0,0,0,A_TRUE_ZERO
18yhumf,3,0,0,0,0,0,0,0,0,A_TRUE_ZERO
1n7c6t3,2,0,0,0,0,0,0,0,0,A_TRUE_ZERO
yqsfku,1,0,0,0,0,0,0,0,0,A_TRUE_ZERO
17pwo75,1,0,0,0,0,0,0,0,0,A_TRUE_ZERO
lqi15l,1,0,0,0,0,0,0,0,0,A_TRUE_ZERO
1gioc0w,2,0,0,0,0,0,0,0,0,A_TRUE_ZERO
lyu8n2,3,0,0,0,0,0,0,0,0,A_TRUE_ZERO
hz0c2k,2,0,0,0,0,0,0,0,0,A_TRUE_ZERO
xdkydl,1,0,0,0,0,0,0,0,0,A_TRUE_ZERO
1aeptr1,1,0,0,0,0,0,0,0,0,A_TRUE_ZERO
11r5t50,1,0,0,0,0,0,0,0,0,A_TRUE_ZERO
1srl9ns,2,0,0,0,0,0,0,0,0,A_TRUE_ZERO
w9tyot,2,0,0,0,0,0,0,0,0,A_TRUE_ZERO
15wqggk,2,0,0,0,0,0,0,0,0,A_TRUE_ZERO
1jx621z,3,0,0,0,0,0,0,0,0,A_TRUE_ZERO
t9imdo,1,0,0,0,0,0,0,0,0,A_TRUE_ZERO
ixoaj6,1,0,0,0,0,0,0,0,0,A_TRUE_ZERO
18914or,4,0,0,0,0,0,0,0,0,A_TRUE_ZERO
17n5nrg,1,0,0,0,0,0,0,0,0,A_TRUE_ZERO
1kae213,1,0,0,0,0,0,0,0,0,A_TRUE_ZERO
10bd05w,1,0,0,0,0,0,0,0,0,A_TRUE_ZERO
1dso9pb,1,0,0,0,0,0,0,0,0,A_TRUE_ZERO
xre44p,2,0,0,0,0,0,0,0,0,A_TRUE_ZERO
19e0g4t,1,0,0,0,0,0,0,0,0,A_TRUE_ZERO
l44kco,1,0,0,0,0,0,0,0,0,A_TRUE_ZERO
x1vw1l,3,0,0,0,0,0,0,0,0,A_TRUE_ZERO
pdmeg8,2,0,0,0,0,0,0,0,0,A_TRUE_ZERO
plop5p,1,0,0,0,0,0,0,0,0,A_TRUE_ZERO
t8rys0,1,0,0,0,0,0,0,0,0,A_TRUE_ZERO
15mbhhj,1,0,0,0,0,0,0,0,0,A_TRUE_ZERO
ddg0w2,2,0,0,0,0,0,0,0,0,A_TRUE_ZERO
kxa2zq,1,0,0,0,0,0,0,0,0,A_TRUE_ZERO
deqcg7,1,0,0,0,0,0,0,0,0,A_TRUE_ZERO
btjlv2,1,0,0,0,0,0,0,0,0,A_TRUE_ZERO
1r946ia,1,0,0,0,0,0,0,0,0,A_TRUE_ZERO
1pdke2t,1,0,0,0,0,0,0,0,0,A_TRUE_ZERO
1119jhe,1,0,0,0,0,0,0,0,0,A_TRUE_ZERO
17pnnnh,2,0,0,0,0,0,0,0,0,A_TRUE_ZERO
1iuqfwp,2,0,0,0,0,0,0,0,0,A_TRUE_ZERO
12ueijz,1,0,0,0,0,0,0,0,0,A_TRUE_ZERO
1hdf3qh,1,0,0,0,0,0,0,0,0,A_TRUE_ZERO
18h58z6,1,0,0,0,0,0,0,0,0,A_TRUE_ZERO
kmzgmn,1,0,0,0,0,0,0,0,0,A_TRUE_ZERO
o1j8z1,1,0,0,0,0,0,0,0,0,A_TRUE_ZERO
11wsvvm,1,0,0,0,0,0,0,0,0,A_TRUE_ZERO
1b7krrm,1,0,0,0,0,0,0,0,0,A_TRUE_ZERO
1r8hcl3,1,0,0,0,0,0,0,0,0,A_TRUE_ZERO
1d931fc,1,0,0,0,0,0,0,0,0,A_TRUE_ZERO
mi6dfw,1,0,0,0,0,0,0,0,0,A_TRUE_ZERO
17h0hm4,3,0,0,0,0,0,0,0,0,A_TRUE_ZERO
naeu2f,1,0,0,0,0,0,0,0,0,A_TRUE_ZERO
q7bgl4,3,0,0,0,0,0,0,0,0,A_TRUE_ZERO
bmmfgt,2,0,0,0,0,0,0,0,0,A_TRUE_ZERO
ueo4k8,1,0,0,0,0,0,0,0,0,A_TRUE_ZERO
1bvpl7z,1,0,0,0,0,0,0,0,0,A_TRUE_ZERO
15ogwqd,1,0,0,0,0,0,0,0,0,A_TRUE_ZERO
1d74taq,1,0,0,0,0,0,0,0,0,A_TRUE_ZERO
1qp7ezl,1,0,0,0,0,0,0,0,0,A_TRUE_ZERO
kzr5t9,1,0,0,0,0,0,0,0,0,A_TRUE_ZERO
vz2x1t,2,0,0,0,0,0,0,0,0,A_TRUE_ZERO
1po3az2,4,0,0,0,0,0,0,0,0,A_TRUE_ZERO
di2l80,3,0,0,0,0,0,0,0,0,A_TRUE_ZERO
1g5m40x,2,0,0,0,0,0,0,0,0,A_TRUE_ZERO
1kjn61c,3,0,0,0,0,0,0,0,0,A_TRUE_ZERO
u6jou8,2,0,0,0,0,0,0,0,0,A_TRUE_ZERO
18k9wgz,2,0,0,0,0,0,0,0,0,A_TRUE_ZERO
1e7gngj,1,0,0,0,0,0,0,0,0,A_TRUE_ZERO
1bv05s2,3,0,0,0,0,0,0,0,0,A_TRUE_ZERO
rfmqn3,1,0,0,0,0,0,0,0,0,A_TRUE_ZERO
tzjr04,2,0,0,0,0,0,0,0,0,A_TRUE_ZERO
cksu1e,1,0,0,0,0,0,0,0,0,A_TRUE_ZERO
brrkwu,2,0,0,0,0,0,0,0,0,A_TRUE_ZERO
1eg960h,1,0,0,0,0,0,0,0,0,A_TRUE_ZERO
1h6ygt4,2,0,0,0,0,0,0,0,0,A_TRUE_ZERO
159lxbt,1,0,0,0,0,0,0,0,0,A_TRUE_ZERO
1s1kj7r,1,0,0,0,0,0,0,0,0,A_TRUE_ZERO
17g6e7x,1,0,0,0,0,0,0,0,0,A_TRUE_ZERO
10kv2e2,1,0,0,0,0,0,0,0,0,A_TRUE_ZERO
10xaw0y,2,0,0,0,0,0,0,0,0,A_TRUE_ZERO
1epmr44,2,0,0,0,0,0,0,0,0,A_TRUE_ZERO
197o8zn,1,0,0,0,0,0,0,0,0,A_TRUE_ZERO
hu7oy3,1,0,0,0,0,0,0,0,0,A_TRUE_ZERO
xotr97,1,0,0,0,0,0,0,0,0,A_TRUE_ZERO
xd6che,1,0,0,0,0,0,0,0,0,A_TRUE_ZERO
ean6cj,1,0,0,0,0,0,0,0,0,A_TRUE_ZERO
1hokuyl,1,0,0,0,0,0,0,0,0,A_TRUE_ZERO
141kfky,1,0,0,0,0,0,0,0,0,A_TRUE_ZERO
14dojmk,1,0,0,0,0,0,0,0,0,A_TRUE_ZERO
o1b770,2,0,0,0,0,0,0,0,0,A_TRUE_ZERO
qe874h,2,0,0,0,0,0,0,0,0,A_TRUE_ZERO
10mp6q4,1,0,0,0,0,0,0,0,0,A_TRUE_ZERO
1k6d1uj,2,0,0,0,0,0,0,0,0,A_TRUE_ZERO
14ayxhv,2,0,0,0,0,0,0,0,0,A_TRUE_ZERO
16pku8r,2,0,0,0,0,0,0,0,0,A_TRUE_ZERO
dbuxak,3,0,0,0,0,0,0,0,0,A_TRUE_ZERO
1dp3mhp,2,0,0,0,0,0,0,0,0,A_TRUE_ZERO
fdmv8j,1,0,0,0,0,0,0,0,0,A_TRUE_ZERO
17mzyq0,1,0,0,0,0,0,0,0,0,A_TRUE_ZERO
1hkptmw,1,0,0,0,0,0,0,0,0,A_TRUE_ZERO
t9ikfy,2,0,0,0,0,0,0,0,0,A_TRUE_ZERO
1pdlv9w,1,0,0,0,0,0,0,0,0,A_TRUE_ZERO
1r968ai,1,0,0,0,0,0,0,0,0,A_TRUE_ZERO
1fytzub,1,0,0,0,0,0,0,0,0,A_TRUE_ZERO
bb1uw9,2,0,0,0,0,0,0,0,0,A_TRUE_ZERO
1bkjog3,1,0,0,0,0,0,0,0,0,A_TRUE_ZERO
1g57876,2,0,0,0,0,0,0,0,0,A_TRUE_ZERO
isc5eh,1,0,0,0,0,0,0,0,0,A_TRUE_ZERO
1nwi1ct,3,0,0,0,0,0,0,0,0,A_TRUE_ZERO
1jkmyxi,2,0,0,0,0,0,0,0,0,A_TRUE_ZERO
14tb8pu,1,0,0,0,0,0,0,0,0,A_TRUE_ZERO
fkm4fi,1,0,0,0,0,0,0,0,0,A_TRUE_ZERO
tuqnfm,2,0,0,0,0,0,0,0,0,A_TRUE_ZERO
e3cjag,3,0,0,0,0,0,0,0,0,A_TRUE_ZERO
g00ca4,1,0,0,0,0,0,0,0,0,A_TRUE_ZERO
10p8ppp,2,0,0,0,0,0,0,0,0,A_TRUE_ZERO
1fejx18,4,0,0,0,0,0,0,0,0,A_TRUE_ZERO
1fj8vnl,1,0,0,0,0,0,0,0,0,A_TRUE_ZERO
1bje2x6,1,0,0,0,0,0,0,0,0,A_TRUE_ZERO
so1k4e,1,0,0,0,0,0,0,0,0,A_TRUE_ZERO
h9cqmq,1,0,0,0,0,0,0,0,0,A_TRUE_ZERO
1cefz1i,4,0,0,0,0,0,0,0,0,A_TRUE_ZERO
szdc11,1,0,0,0,0,0,0,0,0,A_TRUE_ZERO
1jfzh1w,1,0,0,0,0,0,0,0,0,A_TRUE_ZERO
ch7vqv,1,0,0,0,0,0,0,0,0,A_TRUE_ZERO
1rdzovx,3,0,0,0,0,0,0,0,0,A_TRUE_ZERO
ji90v5,2,0,0,0,0,0,0,0,0,A_TRUE_ZERO
llf38v,2,0,0,0,0,0,0,0,0,A_TRUE_ZERO
vivp50,1,0,0,0,0,0,0,0,0,A_TRUE_ZERO
hclc3o,1,0,0,0,0,0,0,0,0,A_TRUE_ZERO
1bvp8zg,1,0,0,0,0,0,0,0,0,A_TRUE_ZERO
v9mb5x,1,0,0,0,0,0,0,0,0,A_TRUE_ZERO
dd882d,3,0,0,0,0,0,0,0,0,A_TRUE_ZERO
uciwpt,1,0,0,0,0,0,0,0,0,A_TRUE_ZERO
13wv4gm,3,0,0,0,0,0,0,0,0,A_TRUE_ZERO
13jzex9,3,0,0,0,0,0,0,0,0,A_TRUE_ZERO
15zdfp3,1,0,0,0,0,0,0,0,0,A_TRUE_ZERO
mwkzg2,3,0,0,0,0,0,0,0,0,A_TRUE_ZERO
iuosnt,1,0,0,0,0,0,0,0,0,A_TRUE_ZERO
1suj3fw,1,0,0,0,0,0,0,0,0,A_TRUE_ZERO
1neixob,2,0,0,0,0,0,0,0,0,A_TRUE_ZERO
1ltpd4i,2,0,0,0,0,0,0,0,0,A_TRUE_ZERO
uczkyv,1,0,0,0,0,0,0,0,0,A_TRUE_ZERO
16bzso6,3,0,0,0,0,0,0,0,0,A_TRUE_ZERO
18iplgk,1,0,0,0,0,0,0,0,0,A_TRUE_ZERO
ajw1tr,1,0,0,0,0,0,0,0,0,A_TRUE_ZERO
e8rctu,1,0,0,0,0,0,0,0,0,A_TRUE_ZERO
czd9pp,1,0,0,0,0,0,0,0,0,A_TRUE_ZERO
hnhe4s,1,0,0,0,0,0,0,0,0,A_TRUE_ZERO
15tsn6y,1,0,0,0,0,0,0,0,0,A_TRUE_ZERO
g06cyd,2,0,0,0,0,0,0,0,0,A_TRUE_ZERO
10hgdyo,1,0,0,0,0,0,0,0,0,A_TRUE_ZERO
13j89id,2,0,0,0,0,0,0,0,0,A_TRUE_ZERO
mdwn1q,1,0,0,0,0,0,0,0,0,A_TRUE_ZERO
17x1nk9,1,0,0,0,0,0,0,0,0,A_TRUE_ZERO
1gkwmar,3,0,0,0,0,0,0,0,0,A_TRUE_ZERO
1jl9if2,1,0,0,0,0,0,0,0,0,A_TRUE_ZERO
dd8m8z,2,0,0,0,0,0,0,0,0,A_TRUE_ZERO
15wjokw,1,0,0,0,0,0,0,0,0,A_TRUE_ZERO
hunnk5,1,0,0,0,0,0,0,0,0,A_TRUE_ZERO
otontu,1,0,0,0,0,0,0,0,0,A_TRUE_ZERO
13pi3j4,4,0,0,0,0,0,0,0,0,A_TRUE_ZERO
xwglmj,1,0,0,0,0,0,0,0,0,A_TRUE_ZERO
sv06gr,1,0,0,0,0,0,0,0,0,A_TRUE_ZERO
1b2hq6h,3,0,0,0,0,0,0,0,0,A_TRUE_ZERO
qcf3c1,1,0,0,0,0,0,0,0,0,A_TRUE_ZERO
1ig7h5r,1,0,0,0,0,0,0,0,0,A_TRUE_ZERO
1c6e44y,1,0,0,0,0,0,0,0,0,A_TRUE_ZERO
o14vds,1,0,0,0,0,0,0,0,0,A_TRUE_ZERO
1jiqzit,2,0,0,0,0,0,0,0,0,A_TRUE_ZERO
fg5nte,1,0,0,0,0,0,0,0,0,A_TRUE_ZERO
vfl14y,1,0,0,0,0,0,0,0,0,A_TRUE_ZERO
11gfso2,1,0,0,0,0,0,0,0,0,A_TRUE_ZERO
1f0ylqt,1,0,0,0,0,0,0,0,0,A_TRUE_ZERO
13nomxe,1,0,0,0,0,0,0,0,0,A_TRUE_ZERO
hdu72i,1,0,0,0,0,0,0,0,0,A_TRUE_ZERO
1ifbx60,2,0,0,0,0,0,0,0,0,A_TRUE_ZERO
ljx300,2,0,0,0,0,0,0,0,0,A_TRUE_ZERO
1dthuw1,1,0,0,0,0,0,0,0,0,A_TRUE_ZERO
15klp68,1,0,0,0,0,0,0,0,0,A_TRUE_ZERO
1l5udzy,1,0,0,0,0,0,0,0,0,A_TRUE_ZERO
1sah6gk,1,0,0,0,0,0,0,0,0,A_TRUE_ZERO
cd3bu4,1,0,0,0,0,0,0,0,0,A_TRUE_ZERO
wrx9su,4,0,0,0,0,0,0,0,0,A_TRUE_ZERO
1bfbpv6,1,0,0,0,0,0,0,0,0,A_TRUE_ZERO
1crpzl9,2,0,0,0,0,0,0,0,0,A_TRUE_ZERO
n6dovw,1,0,0,0,0,0,0,0,0,A_TRUE_ZERO
1pyjgfr,1,0,0,0,0,0,0,0,0,A_TRUE_ZERO
cizs09,1,0,0,0,0,0,0,0,0,A_TRUE_ZERO
112dc8z,3,0,0,0,0,0,0,0,0,A_TRUE_ZERO
dj9jps,3,0,0,0,0,0,0,0,0,A_TRUE_ZERO
ioz5wp,3,0,0,0,0,0,0,0,0,A_TRUE_ZERO
1e2kn9t,1,0,0,0,0,0,0,0,0,A_TRUE_ZERO
1ppvnch,1,0,0,0,0,0,0,0,0,A_TRUE_ZERO
x40i44,1,0,0,0,0,0,0,0,0,A_TRUE_ZERO
1k40gpu,4,0,0,0,0,0,0,0,0,A_TRUE_ZERO
1m2ifpi,1,0,0,0,0,0,0,0,0,A_TRUE_ZERO
wvk0zm,1,0,0,0,0,0,0,0,0,A_TRUE_ZERO
1rvahxa,2,0,0,0,0,0,0,0,0,A_TRUE_ZERO
ewl2wr,2,0,0,0,0,0,0,0,0,A_TRUE_ZERO
cn76dv,1,0,0,0,0,0,0,0,0,A_TRUE_ZERO
1mfm1ff,1,0,0,0,0,0,0,0,0,A_TRUE_ZERO
1nl2obg,1,0,0,0,0,0,0,0,0,A_TRUE_ZERO
nyla5g,3,0,0,0,0,0,0,0,0,A_TRUE_ZERO
1p1wcgy,1,0,0,0,0,0,0,0,0,A_TRUE_ZERO
1fftxv3,2,0,0,0,0,0,0,0,0,A_TRUE_ZERO
1na1cip,2,0,0,0,0,0,0,0,0,A_TRUE_ZERO
1f7kug3,1,0,0,0,0,0,0,0,0,A_TRUE_ZERO
hi7rv7,1,0,0,0,0,0,0,0,0,A_TRUE_ZERO
1de15m2,1,0,0,0,0,0,0,0,0,A_TRUE_ZERO
cn34qn,1,0,0,0,0,0,0,0,0,A_TRUE_ZERO
1c5hr58,1,0,0,0,0,0,0,0,0,A_TRUE_ZERO
ydb3mm,2,0,0,0,0,0,0,0,0,A_TRUE_ZERO
17giiz9,1,0,0,0,0,0,0,0,0,A_TRUE_ZERO
p40lla,3,0,0,0,0,0,0,0,0,A_TRUE_ZERO
158ah0n,1,0,0,0,0,0,0,0,0,A_TRUE_ZERO
1fl2q8l,1,0,0,0,0,0,0,0,0,A_TRUE_ZERO
zy9i6w,2,0,0,0,0,0,0,0,0,A_TRUE_ZERO
1l6pduk,2,0,0,0,0,0,0,0,0,A_TRUE_ZERO
jy4ck5,3,0,0,0,0,0,0,0,0,A_TRUE_ZERO
f7b75e,3,0,0,0,0,0,0,0,0,A_TRUE_ZERO
1okw5m5,2,0,0,0,0,0,0,0,0,A_TRUE_ZERO
1bnfh6y,3,0,0,0,0,0,0,0,0,A_TRUE_ZERO
uv7fb9,1,0,0,0,0,0,0,0,0,A_TRUE_ZERO
dhmdkg,1,0,0,0,0,0,0,0,0,A_TRUE_ZERO
jychoz,2,0,0,0,0,0,0,0,0,A_TRUE_ZERO
sul4y2,1,0,0,0,0,0,0,0,0,A_TRUE_ZERO
m5ob4a,1,0,0,0,0,0,0,0,0,A_TRUE_ZERO
1i5pfs8,1,0,0,0,0,0,0,0,0,A_TRUE_ZERO
1ol7xw1,2,0,0,0,0,0,0,0,0,A_TRUE_ZERO
cdicck,1,0,0,0,0,0,0,0,0,A_TRUE_ZERO
12o4jej,1,0,0,0,0,0,0,0,0,A_TRUE_ZERO
smrfzk,3,0,0,0,0,0,0,0,0,A_TRUE_ZERO
qf4red,1,0,0,0,0,0,0,0,0,A_TRUE_ZERO
hqq0pl,1,0,0,0,0,0,0,0,0,A_TRUE_ZERO
d5hzql,1,0,0,0,0,0,0,0,0,A_TRUE_ZERO
dckq7k,1,0,0,0,0,0,0,0,0,A_TRUE_ZERO
14lfa3o,1,0,0,0,0,0,0,0,0,A_TRUE_ZERO
fodzan,1,0,0,0,0,0,0,0,0,A_TRUE_ZERO
vtoxmw,1,0,0,0,0,0,0,0,0,A_TRUE_ZERO
isgha3,2,0,0,0,0,0,0,0,0,A_TRUE_ZERO
sijaqq,1,0,0,0,0,0,0,0,0,A_TRUE_ZERO
i0l9bk,2,0,0,0,0,0,0,0,0,A_TRUE_ZERO
j9e64f,1,0,0,0,0,0,0,0,0,A_TRUE_ZERO
vj5fyc,2,0,0,0,0,0,0,0,0,A_TRUE_ZERO
fpu4da,2,0,0,0,0,0,0,0,0,A_TRUE_ZERO
lre47v,1,0,0,0,0,0,0,0,0,A_TRUE_ZERO
do1cm3,1,0,0,0,0,0,0,0,0,A_TRUE_ZERO
1bj8uvh,2,0,0,0,0,0,0,0,0,A_TRUE_ZERO
1gfe40n,1,0,0,0,0,0,0,0,0,A_TRUE_ZERO
13uhgef,3,0,0,0,0,0,0,0,0,A_TRUE_ZERO
1j53vbi,1,0,0,0,0,0,0,0,0,A_TRUE_ZERO
dgyi56,1,0,0,0,0,0,0,0,0,A_TRUE_ZERO
1sucuh6,2,0,0,0,0,0,0,0,0,A_TRUE_ZERO
1fp890y,1,0,0,0,0,0,0,0,0,A_TRUE_ZERO
18drqq4,2,0,0,0,0,0,0,0,0,A_TRUE_ZERO
gb5cv3,2,0,0,0,0,0,0,0,0,A_TRUE_ZERO
eb3qts,1,0,0,0,0,0,0,0,0,A_TRUE_ZERO
183l1mg,1,0,0,0,0,0,0,0,0,A_TRUE_ZERO
pgm37d,2,0,0,0,0,0,0,0,0,A_TRUE_ZERO
od6va8,3,0,0,0,0,0,0,0,0,A_TRUE_ZERO
sr32jl,3,0,0,0,0,0,0,0,0,A_TRUE_ZERO
1p8lzu4,1,0,0,0,0,0,0,0,0,A_TRUE_ZERO
s8v9lv,1,0,0,0,0,0,0,0,0,A_TRUE_ZERO
1lvashz,1,0,0,0,0,0,0,0,0,A_TRUE_ZERO
1of0rg6,1,0,0,0,0,0,0,0,0,A_TRUE_ZERO
ul7nzr,1,0,0,0,0,0,0,0,0,A_TRUE_ZERO
10t1rl2,3,0,0,0,0,0,0,0,0,A_TRUE_ZERO
1bdt9uh,4,0,0,0,0,0,0,0,0,A_TRUE_ZERO
fj7fl0,1,0,0,0,0,0,0,0,0,A_TRUE_ZERO
1jjsmvo,2,0,0,0,0,0,0,0,0,A_TRUE_ZERO
1o8hkv3,1,0,0,0,0,0,0,0,0,A_TRUE_ZERO
sor0cm,3,0,0,0,0,0,0,0,0,A_TRUE_ZERO
qou4oc,2,0,0,0,0,0,0,0,0,A_TRUE_ZERO
104t2g4,1,0,0,0,0,0,0,0,0,A_TRUE_ZERO
l1tset,1,0,0,0,0,0,0,0,0,A_TRUE_ZERO
pryze9,1,0,0,0,0,0,0,0,0,A_TRUE_ZERO
1b7gwfi,1,0,0,0,0,0,0,0,0,A_TRUE_ZERO
1ehiun3,1,0,0,0,0,0,0,0,0,A_TRUE_ZERO
10l1lzq,1,0,0,0,0,0,0,0,0,A_TRUE_ZERO
are0zq,1,3,2,1,0,0,0,0,0,B_FILTERED_OUT
hm3dqv,1,0,0,0,0,0,0,0,0,A_TRUE_ZERO
12z38vi,2,0,0,0,0,0,0,0,0,A_TRUE_ZERO
fq025c,1,0,0,0,0,0,0,0,0,A_TRUE_ZERO
rd164v,1,0,0,0,0,0,0,0,0,A_TRUE_ZERO
1eo856w,1,0,0,0,0,0,0,0,0,A_TRUE_ZERO
1lbm316,1,0,0,0,0,0,0,0,0,A_TRUE_ZERO
1bkyztr,2,0,0,0,0,0,0,0,0,A_TRUE_ZERO
195i9sp,1,0,0,0,0,0,0,0,0,A_TRUE_ZERO
1l99yp1,1,1,0,0,0,1,0,0,0,B_FILTERED_OUT
p18vyr,1,0,0,0,0,0,0,0,0,A_TRUE_ZERO
flmu9r,2,0,0,0,0,0,0,0,0,A_TRUE_ZERO
fpx890,1,0,0,0,0,0,0,0,0,A_TRUE_ZERO
1muequ0,1,0,0,0,0,0,0,0,0,A_TRUE_ZERO
jkc029,2,0,0,0,0,0,0,0,0,A_TRUE_ZERO
dogvvz,1,0,0,0,0,0,0,0,0,A_TRUE_ZERO
1gt9bke,1,0,0,0,0,0,0,0,0,A_TRUE_ZERO
17fdq49,2,0,0,0,0,0,0,0,0,A_TRUE_ZERO
1ogjnva,1,0,0,0,0,0,0,0,0,A_TRUE_ZERO
11bcyqe,1,0,0,0,0,0,0,0,0,A_TRUE_ZERO
1nrcd0r,2,0,0,0,0,0,0,0,0,A_TRUE_ZERO
xiaexi,2,0,0,0,0,0,0,0,0,A_TRUE_ZERO
ptyopn,1,0,0,0,0,0,0,0,0,A_TRUE_ZERO
y1cz02,1,0,0,0,0,0,0,0,0,A_TRUE_ZERO
10zbfmv,1,0,0,0,0,0,0,0,0,A_TRUE_ZERO
kjike9,1,0,0,0,0,0,0,0,0,A_TRUE_ZERO
1arm4ma,1,0,0,0,0,0,0,0,0,A_TRUE_ZERO
ladoyy,1,0,0,0,0,0,0,0,0,A_TRUE_ZERO
qw5y98,1,0,0,0,0,0,0,0,0,A_TRUE_ZERO
w8nyrr,1,0,0,0,0,0,0,0,0,A_TRUE_ZERO
10xlp3h,1,0,0,0,0,0,0,0,0,A_TRUE_ZERO
19cv2m5,1,0,0,0,0,0,0,0,0,A_TRUE_ZERO
ok0l2x,2,0,0,0,0,0,0,0,0,A_TRUE_ZERO
1hiosmx,1,0,0,0,0,0,0,0,0,A_TRUE_ZERO
xinnzk,1,0,0,0,0,0,0,0,0,A_TRUE_ZERO
18mtznt,3,0,0,0,0,0,0,0,0,A_TRUE_ZERO
12f9sza,4,0,0,0,0,0,0,0,0,A_TRUE_ZERO
1l8nivi,1,0,0,0,0,0,0,0,0,A_TRUE_ZERO
ftlfda,1,0,0,0,0,0,0,0,0,A_TRUE_ZERO
ewr55a,1,0,0,0,0,0,0,0,0,A_TRUE_ZERO
1fdanmr,2,0,0,0,0,0,0,0,0,A_TRUE_ZERO
j6rj37,1,0,0,0,0,0,0,0,0,A_TRUE_ZERO
q81bl3,2,0,0,0,0,0,0,0,0,A_TRUE_ZERO
1hfi5cm,1,0,0,0,0,0,0,0,0,A_TRUE_ZERO
mx04bv,1,0,0,0,0,0,0,0,0,A_TRUE_ZERO
1k5janp,3,0,0,0,0,0,0,0,0,A_TRUE_ZERO
111fstp,3,0,0,0,0,0,0,0,0,A_TRUE_ZERO
k13iev,1,0,0,0,0,0,0,0,0,A_TRUE_ZERO
1bjdt8y,1,0,0,0,0,0,0,0,0,A_TRUE_ZERO
s1oi76,1,0,0,0,0,0,0,0,0,A_TRUE_ZERO
1d44ml2,1,0,0,0,0,0,0,0,0,A_TRUE_ZERO
p9t1bx,1,0,0,0,0,0,0,0,0,A_TRUE_ZERO
1s7uxbf,3,0,0,0,0,0,0,0,0,A_TRUE_ZERO
qt5sua,1,0,0,0,0,0,0,0,0,A_TRUE_ZERO
pz9ynq,4,0,0,0,0,0,0,0,0,A_TRUE_ZERO
ccrg3g,1,0,0,0,0,0,0,0,0,A_TRUE_ZERO
173w9ib,1,0,0,0,0,0,0,0,0,A_TRUE_ZERO
fjiphp,1,0,0,0,0,0,0,0,0,A_TRUE_ZERO
1n8ib7d,2,0,0,0,0,0,0,0,0,A_TRUE_ZERO
ol2dtj,1,0,0,0,0,0,0,0,0,A_TRUE_ZERO
jjuoxn,1,0,0,0,0,0,0,0,0,A_TRUE_ZERO
1o7eda9,1,0,0,0,0,0,0,0,0,A_TRUE_ZERO
1n0uqq8,1,0,0,0,0,0,0,0,0,A_TRUE_ZERO
1f3cy26,3,0,0,0,0,0,0,0,0,A_TRUE_ZERO
1hlckug,2,0,0,0,0,0,0,0,0,A_TRUE_ZERO
ogicin,1,0,0,0,0,0,0,0,0,A_TRUE_ZERO
1ojwdyf,1,0,0,0,0,0,0,0,0,A_TRUE_ZERO
1mi583x,1,0,0,0,0,0,0,0,0,A_TRUE_ZERO
1c24iv5,2,0,0,0,0,0,0,0,0,A_TRUE_ZERO
zln5ec,1,0,0,0,0,0,0,0,0,A_TRUE_ZERO
1fc0tga,2,0,0,0,0,0,0,0,0,A_TRUE_ZERO
13vg4ta,2,0,0,0,0,0,0,0,0,A_TRUE_ZERO
1oua0wq,2,0,0,0,0,0,0,0,0,A_TRUE_ZERO
vviw06,1,0,0,0,0,0,0,0,0,A_TRUE_ZERO
dvvwku,1,0,0,0,0,0,0,0,0,A_TRUE_ZERO
wfnu54,2,0,0,0,0,0,0,0,0,A_TRUE_ZERO
qsfftg,3,0,0,0,0,0,0,0,0,A_TRUE_ZERO
1m22uej,2,0,0,0,0,0,0,0,0,A_TRUE_ZERO
1571vwq,1,0,0,0,0,0,0,0,0,A_TRUE_ZERO
1fcahgz,1,0,0,0,0,0,0,0,0,A_TRUE_ZERO
1datflf,1,0,0,0,0,0,0,0,0,A_TRUE_ZERO
1p2w52o,2,0,0,0,0,0,0,0,0,A_TRUE_ZERO
1g10aij,3,0,0,0,0,0,0,0,0,A_TRUE_ZERO
1r4ttqo,2,0,0,0,0,0,0,0,0,A_TRUE_ZERO
1ev3ahe,1,0,0,0,0,0,0,0,0,A_TRUE_ZERO
qlavgz,1,0,0,0,0,0,0,0,0,A_TRUE_ZERO
14y0uw8,2,0,0,0,0,0,0,0,0,A_TRUE_ZERO
1mtmgu9,1,2,1,0,0,1,0,0,0,B_FILTERED_OUT
e3vatu,1,0,0,0,0,0,0,0,0,A_TRUE_ZERO
oeva4s,3,0,0,0,0,0,0,0,0,A_TRUE_ZERO
wbavur,2,0,0,0,0,0,0,0,0,A_TRUE_ZERO
pbncby,1,0,0,0,0,0,0,0,0,A_TRUE_ZERO
1ijzgva,2,0,0,0,0,0,0,0,0,A_TRUE_ZERO
1lbwzcx,1,0,0,0,0,0,0,0,0,A_TRUE_ZERO
1lbsw4c,2,0,0,0,0,0,0,0,0,A_TRUE_ZERO
jkx7s6,1,0,0,0,0,0,0,0,0,A_TRUE_ZERO
1gq4z9j,3,0,0,0,0,0,0,0,0,A_TRUE_ZERO
1ex2i6w,2,0,0,0,0,0,0,0,0,A_TRUE_ZERO
qz9lg6,1,0,0,0,0,0,0,0,0,A_TRUE_ZERO
m32bsx,1,0,0,0,0,0,0,0,0,A_TRUE_ZERO
k3lt0d,1,0,0,0,0,0,0,0,0,A_TRUE_ZERO
qsnqci,1,0,0,0,0,0,0,0,0,A_TRUE_ZERO
s3xafv,4,0,0,0,0,0,0,0,0,A_TRUE_ZERO
1ajfw9s,3,0,0,0,0,0,0,0,0,A_TRUE_ZERO
dz6g0f,1,0,0,0,0,0,0,0,0,A_TRUE_ZERO
tu6mdq,1,0,0,0,0,0,0,0,0,A_TRUE_ZERO
1jl224b,1,0,0,0,0,0,0,0,0,A_TRUE_ZERO
154c4qi,2,0,0,0,0,0,0,0,0,A_TRUE_ZERO
1lzwh5v,1,0,0,0,0,0,0,0,0,A_TRUE_ZERO
1799tsc,1,0,0,0,0,0,0,0,0,A_TRUE_ZERO
l7h6fy,1,0,0,0,0,0,0,0,0,A_TRUE_ZERO
1gfo63t,1,0,0,0,0,0,0,0,0,A_TRUE_ZERO
1c6k1gs,1,0,0,0,0,0,0,0,0,A_TRUE_ZERO
1custoq,1,0,0,0,0,0,0,0,0,A_TRUE_ZERO
qbdcgh,1,0,0,0,0,0,0,0,0,A_TRUE_ZERO
rbewtk,3,0,0,0,0,0,0,0,0,A_TRUE_ZERO
uo9g8m,2,0,0,0,0,0,0,0,0,A_TRUE_ZERO
1b2bkv3,1,0,0,0,0,0,0,0,0,A_TRUE_ZERO
1je3s7b,1,0,0,0,0,0,0,0,0,A_TRUE_ZERO
18mvvqp,1,0,0,0,0,0,0,0,0,A_TRUE_ZERO
vcqh4r,1,0,0,0,0,0,0,0,0,A_TRUE_ZERO
1rmz061,2,0,0,0,0,0,0,0,0,A_TRUE_ZERO
1ha10cx,1,0,0,0,0,0,0,0,0,A_TRUE_ZERO
geq9wl,3,0,0,0,0,0,0,0,0,A_TRUE_ZERO
1h4w273,1,0,0,0,0,0,0,0,0,A_TRUE_ZERO
133l559,1,0,0,0,0,0,0,0,0,A_TRUE_ZERO
cqg2yf,1,0,0,0,0,0,0,0,0,A_TRUE_ZERO
i4mz7p,1,0,0,0,0,0,0,0,0,A_TRUE_ZERO
1jgug0n,1,0,0,0,0,0,0,0,0,A_TRUE_ZERO
1l1vr8v,2,0,0,0,0,0,0,0,0,A_TRUE_ZERO
qvmigy,3,0,0,0,0,0,0,0,0,A_TRUE_ZERO
fq57jc,1,0,0,0,0,0,0,0,0,A_TRUE_ZERO
tmh4kq,1,0,0,0,0,0,0,0,0,A_TRUE_ZERO
1s22w3f,1,0,0,0,0,0,0,0,0,A_TRUE_ZERO
fl1y5v,1,0,0,0,0,0,0,0,0,A_TRUE_ZERO
14zhm6v,1,0,0,0,0,0,0,0,0,A_TRUE_ZERO
1gq4p0x,3,0,0,0,0,0,0,0,0,A_TRUE_ZERO
1ef055b,1,0,0,0,0,0,0,0,0,A_TRUE_ZERO
14v6jjp,2,0,0,0,0,0,0,0,0,A_TRUE_ZERO
17wzc0e,1,0,0,0,0,0,0,0,0,A_TRUE_ZERO
1djij3z,1,0,0,0,0,0,0,0,0,A_TRUE_ZERO
fphpq6,1,0,0,0,0,0,0,0,0,A_TRUE_ZERO
1in1lcr,1,0,0,0,0,0,0,0,0,A_TRUE_ZERO
17q45ed,4,0,0,0,0,0,0,0,0,A_TRUE_ZERO
wmxwxb,1,0,0,0,0,0,0,0,0,A_TRUE_ZERO
hx1vdw,2,0,0,0,0,0,0,0,0,A_TRUE_ZERO
11gapc4,2,0,0,0,0,0,0,0,0,A_TRUE_ZERO
1n5wwjd,2,0,0,0,0,0,0,0,0,A_TRUE_ZERO
137kppv,1,0,0,0,0,0,0,0,0,A_TRUE_ZERO
p4bjrf,3,0,0,0,0,0,0,0,0,A_TRUE_ZERO
1m2mg43,1,0,0,0,0,0,0,0,0,A_TRUE_ZERO
egff61,2,0,0,0,0,0,0,0,0,A_TRUE_ZERO
ubq5ng,1,0,0,0,0,0,0,0,0,A_TRUE_ZERO
fwwgwc,2,0,0,0,0,0,0,0,0,A_TRUE_ZERO
16ghv09,1,0,0,0,0,0,0,0,0,A_TRUE_ZERO
1cy57i6,1,0,0,0,0,0,0,0,0,A_TRUE_ZERO
1dnlfbk,2,0,0,0,0,0,0,0,0,A_TRUE_ZERO
brxm8v,1,0,0,0,0,0,0,0,0,A_TRUE_ZERO
t0umel,2,0,0,0,0,0,0,0,0,A_TRUE_ZERO
1nwadq2,1,0,0,0,0,0,0,0,0,A_TRUE_ZERO
z30325,2,0,0,0,0,0,0,0,0,A_TRUE_ZERO
1slbr82,3,0,0,0,0,0,0,0,0,A_TRUE_ZERO
d6h3nm,3,0,0,0,0,0,0,0,0,A_TRUE_ZERO
1ap3ne5,1,0,0,0,0,0,0,0,0,A_TRUE_ZERO
qi390c,1,0,0,0,0,0,0,0,0,A_TRUE_ZERO
s8kqbw,1,0,0,0,0,0,0,0,0,A_TRUE_ZERO
j2osvd,1,0,0,0,0,0,0,0,0,A_TRUE_ZERO
111hsmp,1,0,0,0,0,0,0,0,0,A_TRUE_ZERO
13rgxbr,2,0,0,0,0,0,0,0,0,A_TRUE_ZERO
beo6ra,1,0,0,0,0,0,0,0,0,A_TRUE_ZERO
1npta1z,2,0,0,0,0,0,0,0,0,A_TRUE_ZERO
wegdoc,3,0,0,0,0,0,0,0,0,A_TRUE_ZERO
1i6iw63,2,0,0,0,0,0,0,0,0,A_TRUE_ZERO
wr7lvk,1,0,0,0,0,0,0,0,0,A_TRUE_ZERO
1dc81s1,1,0,0,0,0,0,0,0,0,A_TRUE_ZERO
155r8iq,1,0,0,0,0,0,0,0,0,A_TRUE_ZERO
10gmu5e,1,0,0,0,0,0,0,0,0,A_TRUE_ZERO
176egqh,1,0,0,0,0,0,0,0,0,A_TRUE_ZERO
dx2o70,2,0,0,0,0,0,0,0,0,A_TRUE_ZERO
wfyajy,1,0,0,0,0,0,0,0,0,A_TRUE_ZERO
lzs4dg,1,0,0,0,0,0,0,0,0,A_TRUE_ZERO
c5sjh2,2,0,0,0,0,0,0,0,0,A_TRUE_ZERO
1ln2mp4,1,0,0,0,0,0,0,0,0,A_TRUE_ZERO
xdbb69,2,0,0,0,0,0,0,0,0,A_TRUE_ZERO
1ic402k,1,0,0,0,0,0,0,0,0,A_TRUE_ZERO
i5fz8d,1,0,0,0,0,0,0,0,0,A_TRUE_ZERO
12uj09b,1,0,0,0,0,0,0,0,0,A_TRUE_ZERO
1htb95l,2,0,0,0,0,0,0,0,0,A_TRUE_ZERO
lrkqw6,1,0,0,0,0,0,0,0,0,A_TRUE_ZERO
oywsa6,2,0,0,0,0,0,0,0,0,A_TRUE_ZERO
1in0274,1,0,0,0,0,0,0,0,0,A_TRUE_ZERO
159jcba,2,0,0,0,0,0,0,0,0,A_TRUE_ZERO
u29kd5,1,0,0,0,0,0,0,0,0,A_TRUE_ZERO
dwy63k,1,0,0,0,0,0,0,0,0,A_TRUE_ZERO
1hwmmj0,2,0,0,0,0,0,0,0,0,A_TRUE_ZERO
1pim1de,1,0,0,0,0,0,0,0,0,A_TRUE_ZERO
1lh6b29,1,0,0,0,0,0,0,0,0,A_TRUE_ZERO
1h1btn3,1,0,0,0,0,0,0,0,0,A_TRUE_ZERO
13abzem,1,0,0,0,0,0,0,0,0,A_TRUE_ZERO
byabgl,3,0,0,0,0,0,0,0,0,A_TRUE_ZERO
1ouc6g5,4,0,0,0,0,0,0,0,0,A_TRUE_ZERO
14pzpo4,3,0,0,0,0,0,0,0,0,A_TRUE_ZERO
1o6t07s,1,0,0,0,0,0,0,0,0,A_TRUE_ZERO
1qiw6js,1,0,0,0,0,0,0,0,0,A_TRUE_ZERO
11qlrl4,1,0,0,0,0,0,0,0,0,A_TRUE_ZERO
tg1cp7,1,0,0,0,0,0,0,0,0,A_TRUE_ZERO
1az1w7w,1,0,0,0,0,0,0,0,0,A_TRUE_ZERO
1lg09qo,2,0,0,0,0,0,0,0,0,A_TRUE_ZERO
vzq0cd,1,0,0,0,0,0,0,0,0,A_TRUE_ZERO
wlt6jg,1,0,0,0,0,0,0,0,0,A_TRUE_ZERO
15y7s0g,1,0,0,0,0,0,0,0,0,A_TRUE_ZERO
1gr67y0,1,0,0,0,0,0,0,0,0,A_TRUE_ZERO
1ffg4bi,1,0,0,0,0,0,0,0,0,A_TRUE_ZERO
j7l1yz,1,0,0,0,0,0,0,0,0,A_TRUE_ZERO
1la1wy9,1,0,0,0,0,0,0,0,0,A_TRUE_ZERO
1ao3471,1,0,0,0,0,0,0,0,0,A_TRUE_ZERO
1am3lzi,1,0,0,0,0,0,0,0,0,A_TRUE_ZERO
14yrym4,1,0,0,0,0,0,0,0,0,A_TRUE_ZERO
e8qypg,1,0,0,0,0,0,0,0,0,A_TRUE_ZERO
1k6zovy,1,0,0,0,0,0,0,0,0,A_TRUE_ZERO
16mfr8h,4,0,0,0,0,0,0,0,0,A_TRUE_ZERO
bxhv74,3,0,0,0,0,0,0,0,0,A_TRUE_ZERO
jmx3ci,1,0,0,0,0,0,0,0,0,A_TRUE_ZERO
xepm46,1,0,0,0,0,0,0,0,0,A_TRUE_ZERO
1fcarou,3,0,0,0,0,0,0,0,0,A_TRUE_ZERO
1pu79cx,1,0,0,0,0,0,0,0,0,A_TRUE_ZERO
1c8svm0,1,0,0,0,0,0,0,0,0,A_TRUE_ZERO
bod6y6,3,0,0,0,0,0,0,0,0,A_TRUE_ZERO
uxkmw1,2,0,0,0,0,0,0,0,0,A_TRUE_ZERO
14fqij2,1,0,0,0,0,0,0,0,0,A_TRUE_ZERO
1ezglgq,1,0,0,0,0,0,0,0,0,A_TRUE_ZERO
yylmi7,3,0,0,0,0,0,0,0,0,A_TRUE_ZERO
155lcdz,1,0,0,0,0,0,0,0,0,A_TRUE_ZERO
1b46ccq,1,0,0,0,0,0,0,0,0,A_TRUE_ZERO
z448tl,1,0,0,0,0,0,0,0,0,A_TRUE_ZERO
b9vemp,1,0,0,0,0,0,0,0,0,A_TRUE_ZERO
1ppi42x,3,0,0,0,0,0,0,0,0,A_TRUE_ZERO
hlygsg,2,0,0,0,0,0,0,0,0,A_TRUE_ZERO
1gmrxl3,1,0,0,0,0,0,0,0,0,A_TRUE_ZERO
l0pm6d,3,0,0,0,0,0,0,0,0,A_TRUE_ZERO
12py4g1,1,0,0,0,0,0,0,0,0,A_TRUE_ZERO
xyb0q9,1,0,0,0,0,0,0,0,0,A_TRUE_ZERO
dwufcu,1,0,0,0,0,0,0,0,0,A_TRUE_ZERO
1de7evi,2,0,0,0,0,0,0,0,0,A_TRUE_ZERO
1jtqw7c,1,0,0,0,0,0,0,0,0,A_TRUE_ZERO
doz6wm,1,0,0,0,0,0,0,0,0,A_TRUE_ZERO
1bf2d7y,2,0,0,0,0,0,0,0,0,A_TRUE_ZERO
16ilbkq,1,0,0,0,0,0,0,0,0,A_TRUE_ZERO
1d1rkgg,3,0,0,0,0,0,0,0,0,A_TRUE_ZERO
10ndyas,1,0,0,0,0,0,0,0,0,A_TRUE_ZERO
1soo24v,1,0,0,0,0,0,0,0,0,A_TRUE_ZERO
11g9inz,3,0,0,0,0,0,0,0,0,A_TRUE_ZERO
1rbzm3d,1,0,0,0,0,0,0,0,0,A_TRUE_ZERO
twkich,1,0,0,0,0,0,0,0,0,A_TRUE_ZERO
sx2tii,1,0,0,0,0,0,0,0,0,A_TRUE_ZERO
1o4e84f,2,0,0,0,0,0,0,0,0,A_TRUE_ZERO
dev6u4,1,0,0,0,0,0,0,0,0,A_TRUE_ZERO
fc55yi,1,0,0,0,0,0,0,0,0,A_TRUE_ZERO
1alywrv,1,0,0,0,0,0,0,0,0,A_TRUE_ZERO
1e70nvx,1,0,0,0,0,0,0,0,0,A_TRUE_ZERO
1g3mrmz,1,0,0,0,0,0,0,0,0,A_TRUE_ZERO
shsrs1,4,0,0,0,0,0,0,0,0,A_TRUE_ZERO
1pym339,2,0,0,0,0,0,0,0,0,A_TRUE_ZERO
1bcehzh,2,0,0,0,0,0,0,0,0,A_TRUE_ZERO
u93te7,1,0,0,0,0,0,0,0,0,A_TRUE_ZERO
17qut6b,1,0,0,0,0,0,0,0,0,A_TRUE_ZERO
106r9rl,2,0,0,0,0,0,0,0,0,A_TRUE_ZERO
n96gzd,1,0,0,0,0,0,0,0,0,A_TRUE_ZERO
1mp9col,1,0,0,0,0,0,0,0,0,A_TRUE_ZERO
119ym9c,2,0,0,0,0,0,0,0,0,A_TRUE_ZERO
1nakvka,2,0,0,0,0,0,0,0,0,A_TRUE_ZERO
oht1ig,2,0,0,0,0,0,0,0,0,A_TRUE_ZERO
1cg9b2m,1,0,0,0,0,0,0,0,0,A_TRUE_ZERO
15dnfbw,1,0,0,0,0,0,0,0,0,A_TRUE_ZERO
ydc8tt,2,0,0,0,0,0,0,0,0,A_TRUE_ZERO
sskaht,1,0,0,0,0,0,0,0,0,A_TRUE_ZERO
yojgnf,1,0,0,0,0,0,0,0,0,A_TRUE_ZERO
17zusk2,1,0,0,0,0,0,0,0,0,A_TRUE_ZERO
18hhgbm,1,0,0,0,0,0,0,0,0,A_TRUE_ZERO
193wqfq,2,0,0,0,0,0,0,0,0,A_TRUE_ZERO
hmth7s,2,0,0,0,0,0,0,0,0,A_TRUE_ZERO
n8hzw6,1,0,0,0,0,0,0,0,0,A_TRUE_ZERO
1e0flr2,2,0,0,0,0,0,0,0,0,A_TRUE_ZERO
1bzuso1,2,0,0,0,0,0,0,0,0,A_TRUE_ZERO
tkfhv5,1,0,0,0,0,0,0,0,0,A_TRUE_ZERO
150q0et,3,0,0,0,0,0,0,0,0,A_TRUE_ZERO
1mfix37,3,0,0,0,0,0,0,0,0,A_TRUE_ZERO
f5q0ns,2,0,0,0,0,0,0,0,0,A_TRUE_ZERO
o68v87,2,0,0,0,0,0,0,0,0,A_TRUE_ZERO
1jps17q,1,0,0,0,0,0,0,0,0,A_TRUE_ZERO
d6u5c2,1,0,0,0,0,0,0,0,0,A_TRUE_ZERO
ofnzrc,2,0,0,0,0,0,0,0,0,A_TRUE_ZERO
1731yy5,3,0,0,0,0,0,0,0,0,A_TRUE_ZERO
w2znge,3,0,0,0,0,0,0,0,0,A_TRUE_ZERO
f5lewk,1,0,0,0,0,0,0,0,0,A_TRUE_ZERO
1fs9d4c,1,0,0,0,0,0,0,0,0,A_TRUE_ZERO
wj9j84,1,0,0,0,0,0,0,0,0,A_TRUE_ZERO
kg5yry,3,0,0,0,0,0,0,0,0,A_TRUE_ZERO
wx0zcx,1,0,0,0,0,0,0,0,0,A_TRUE_ZERO
15cyqlc,1,0,0,0,0,0,0,0,0,A_TRUE_ZERO
1608suy,1,0,0,0,0,0,0,0,0,A_TRUE_ZERO
1jqyrdw,1,0,0,0,0,0,0,0,0,A_TRUE_ZERO
gw40wp,1,0,0,0,0,0,0,0,0,A_TRUE_ZERO
132cdsk,1,0,0,0,0,0,0,0,0,A_TRUE_ZERO
umsbxx,3,0,0,0,0,0,0,0,0,A_TRUE_ZERO
1eag7fi,1,0,0,0,0,0,0,0,0,A_TRUE_ZERO
u9359h,1,0,0,0,0,0,0,0,0,A_TRUE_ZERO
14m9995,2,0,0,0,0,0,0,0,0,A_TRUE_ZERO
prt3d2,1,0,0,0,0,0,0,0,0,A_TRUE_ZERO
xoytj5,2,0,0,0,0,0,0,0,0,A_TRUE_ZERO
1ef3g4x,1,0,0,0,0,0,0,0,0,A_TRUE_ZERO
1jvmsrv,1,0,0,0,0,0,0,0,0,A_TRUE_ZERO
14kjksz,1,0,0,0,0,0,0,0,0,A_TRUE_ZERO
fslp9b,2,0,0,0,0,0,0,0,0,A_TRUE_ZERO
e03sh2,2,0,0,0,0,0,0,0,0,A_TRUE_ZERO
1n8q55k,1,0,0,0,0,0,0,0,0,A_TRUE_ZERO
h7m3fa,1,0,0,0,0,0,0,0,0,A_TRUE_ZERO
163oc01,2,0,0,0,0,0,0,0,0,A_TRUE_ZERO
1ivtcfu,1,0,0,0,0,0,0,0,0,A_TRUE_ZERO
1ie3iwz,2,0,0,0,0,0,0,0,0,A_TRUE_ZERO
pkhip3,1,0,0,0,0,0,0,0,0,A_TRUE_ZERO
y78zia,1,0,0,0,0,0,0,0,0,A_TRUE_ZERO
1g86291,2,0,0,0,0,0,0,0,0,A_TRUE_ZERO
wwok1c,1,0,0,0,0,0,0,0,0,A_TRUE_ZERO
1il0w5u,1,0,0,0,0,0,0,0,0,A_TRUE_ZERO
gz5qrl,1,0,0,0,0,0,0,0,0,A_TRUE_ZERO
17zvmri,1,0,0,0,0,0,0,0,0,A_TRUE_ZERO
15ff57p,1,0,0,0,0,0,0,0,0,A_TRUE_ZERO
1nx9z1k,3,0,0,0,0,0,0,0,0,A_TRUE_ZERO
javhy7,2,0,0,0,0,0,0,0,0,A_TRUE_ZERO
1fqjepd,1,0,0,0,0,0,0,0,0,A_TRUE_ZERO
p7a3mc,1,0,0,0,0,0,0,0,0,A_TRUE_ZERO
fld3qz,2,0,0,0,0,0,0,0,0,A_TRUE_ZERO
hvezdu,2,0,0,0,0,0,0,0,0,A_TRUE_ZERO
13e3arv,1,0,0,0,0,0,0,0,0,A_TRUE_ZERO
1hxh7db,1,0,0,0,0,0,0,0,0,A_TRUE_ZERO
194h5bx,2,0,0,0,0,0,0,0,0,A_TRUE_ZERO
1jd783r,1,0,0,0,0,0,0,0,0,A_TRUE_ZERO
pwn4ud,1,0,0,0,0,0,0,0,0,A_TRUE_ZERO
cdqtnu,1,0,0,0,0,0,0,0,0,A_TRUE_ZERO
136tnsf,1,0,0,0,0,0,0,0,0,A_TRUE_ZERO
1r9f64v,2,0,0,0,0,0,0,0,0,A_TRUE_ZERO
fo78u1,1,0,0,0,0,0,0,0,0,A_TRUE_ZERO
15g67ke,1,0,0,0,0,0,0,0,0,A_TRUE_ZERO
sflp5s,1,0,0,0,0,0,0,0,0,A_TRUE_ZERO
zaigth,1,0,0,0,0,0,0,0,0,A_TRUE_ZERO
1qp239j,1,0,0,0,0,0,0,0,0,A_TRUE_ZERO
1pos3xh,2,0,0,0,0,0,0,0,0,A_TRUE_ZERO
onnvjq,1,0,0,0,0,0,0,0,0,A_TRUE_ZERO
1pe6291,1,0,0,0,0,0,0,0,0,A_TRUE_ZERO
oo9n51,1,0,0,0,0,0,0,0,0,A_TRUE_ZERO
qjgf0q,2,0,0,0,0,0,0,0,0,A_TRUE_ZERO
w20gj5,3,0,0,0,0,0,0,0,0,A_TRUE_ZERO
uxoinx,1,0,0,0,0,0,0,0,0,A_TRUE_ZERO
10s2ck7,1,0,0,0,0,0,0,0,0,A_TRUE_ZERO
v4g030,3,0,0,0,0,0,0,0,0,A_TRUE_ZERO
djt21s,1,0,0,0,0,0,0,0,0,A_TRUE_ZERO
1148pl2,3,0,0,0,0,0,0,0,0,A_TRUE_ZERO
15af03x,1,0,0,0,0,0,0,0,0,A_TRUE_ZERO
ipseit,1,0,0,0,0,0,0,0,0,A_TRUE_ZERO
1b0zo5y,4,0,0,0,0,0,0,0,0,A_TRUE_ZERO
1nqwr9b,1,0,0,0,0,0,0,0,0,A_TRUE_ZERO
w462vn,1,0,0,0,0,0,0,0,0,A_TRUE_ZERO
c2zw7x,4,0,0,0,0,0,0,0,0,A_TRUE_ZERO
1acdpkn,1,0,0,0,0,0,0,0,0,A_TRUE_ZERO
1pzvxy6,1,0,0,0,0,0,0,0,0,A_TRUE_ZERO
lxj4hi,1,0,0,0,0,0,0,0,0,A_TRUE_ZERO
uwoi1i,2,0,0,0,0,0,0,0,0,A_TRUE_ZERO
k16tvm,1,0,0,0,0,0,0,0,0,A_TRUE_ZERO
c3a1bw,1,0,0,0,0,0,0,0,0,A_TRUE_ZERO
1dnsxs7,3,0,0,0,0,0,0,0,0,A_TRUE_ZERO
vrlxy8,1,0,0,0,0,0,0,0,0,A_TRUE_ZERO
nwibyg,1,0,0,0,0,0,0,0,0,A_TRUE_ZERO
hw1cvp,1,0,0,0,0,0,0,0,0,A_TRUE_ZERO
gxq3x6,1,0,0,0,0,0,0,0,0,A_TRUE_ZERO
k22uo0,1,0,0,0,0,0,0,0,0,A_TRUE_ZERO
11mptwy,1,0,0,0,0,0,0,0,0,A_TRUE_ZERO
sdl802,2,0,0,0,0,0,0,0,0,A_TRUE_ZERO
1qnsl09,1,0,0,0,0,0,0,0,0,A_TRUE_ZERO
1hoi09i,1,0,0,0,0,0,0,0,0,A_TRUE_ZERO
gy7asw,2,0,0,0,0,0,0,0,0,A_TRUE_ZERO
yxz8jz,1,0,0,0,0,0,0,0,0,A_TRUE_ZERO
qfngfx,3,0,0,0,0,0,0,0,0,A_TRUE_ZERO
9xr3qs,1,0,0,0,0,0,0,0,0,A_TRUE_ZERO
1n24bu3,2,0,0,0,0,0,0,0,0,A_TRUE_ZERO
bosv44,1,0,0,0,0,0,0,0,0,A_TRUE_ZERO
18wye16,1,0,0,0,0,0,0,0,0,A_TRUE_ZERO
1p2qo0f,1,0,0,0,0,0,0,0,0,A_TRUE_ZERO
1pd2ful,1,0,0,0,0,0,0,0,0,A_TRUE_ZERO
1d12jw7,1,0,0,0,0,0,0,0,0,A_TRUE_ZERO
1p3rlkq,1,0,0,0,0,0,0,0,0,A_TRUE_ZERO
ws2m1o,2,0,0,0,0,0,0,0,0,A_TRUE_ZERO
1p8swgg,2,0,0,0,0,0,0,0,0,A_TRUE_ZERO
1p2cgng,1,0,0,0,0,0,0,0,0,A_TRUE_ZERO
1gndgl8,3,0,0,0,0,0,0,0,0,A_TRUE_ZERO
11m1cc6,1,0,0,0,0,0,0,0,0,A_TRUE_ZERO
zyfg32,1,0,0,0,0,0,0,0,0,A_TRUE_ZERO
otuxz3,1,0,0,0,0,0,0,0,0,A_TRUE_ZERO
yyqrtg,1,0,0,0,0,0,0,0,0,A_TRUE_ZERO
15jtccm,2,0,0,0,0,0,0,0,0,A_TRUE_ZERO
ew693t,2,0,0,0,0,0,0,0,0,A_TRUE_ZERO
fi9zkz,1,0,0,0,0,0,0,0,0,A_TRUE_ZERO
hazgjx,3,0,0,0,0,0,0,0,0,A_TRUE_ZERO
1abre6b,3,0,0,0,0,0,0,0,0,A_TRUE_ZERO
i5joof,1,0,0,0,0,0,0,0,0,A_TRUE_ZERO
1qbwhtb,1,0,0,0,0,0,0,0,0,A_TRUE_ZERO
1mk8m03,1,0,0,0,0,0,0,0,0,A_TRUE_ZERO
wr58wz,1,0,0,0,0,0,0,0,0,A_TRUE_ZERO
1khwsc3,2,0,0,0,0,0,0,0,0,A_TRUE_ZERO
1f390zw,1,0,0,0,0,0,0,0,0,A_TRUE_ZERO
10ww9zd,1,0,0,0,0,0,0,0,0,A_TRUE_ZERO
sutwcw,3,0,0,0,0,0,0,0,0,A_TRUE_ZERO
omwlj5,1,0,0,0,0,0,0,0,0,A_TRUE_ZERO
1phko0i,3,0,0,0,0,0,0,0,0,A_TRUE_ZERO
1ldu2uw,1,0,0,0,0,0,0,0,0,A_TRUE_ZERO
1p60oft,2,0,0,0,0,0,0,0,0,A_TRUE_ZERO
q82265,1,0,0,0,0,0,0,0,0,A_TRUE_ZERO
1sl6o39,2,0,0,0,0,0,0,0,0,A_TRUE_ZERO
1ro9ntr,2,0,0,0,0,0,0,0,0,A_TRUE_ZERO
1g48sou,1,0,0,0,0,0,0,0,0,A_TRUE_ZERO
1kbaqs6,2,0,0,0,0,0,0,0,0,A_TRUE_ZERO
z46ly4,1,0,0,0,0,0,0,0,0,A_TRUE_ZERO
1enhl5e,3,0,0,0,0,0,0,0,0,A_TRUE_ZERO
1sqqyl6,1,0,0,0,0,0,0,0,0,A_TRUE_ZERO
1s7oemc,1,0,0,0,0,0,0,0,0,A_TRUE_ZERO
sd2xau,1,0,0,0,0,0,0,0,0,A_TRUE_ZERO
1s3yadb,2,0,0,0,0,0,0,0,0,A_TRUE_ZERO
18ouh7m,1,0,0,0,0,0,0,0,0,A_TRUE_ZERO
1qwucbb,1,6,5,0,0,1,0,0,0,B_FILTERED_OUT
1mtybgt,1,0,0,0,0,0,0,0,0,A_TRUE_ZERO
ollrwo,3,0,0,0,0,0,0,0,0,A_TRUE_ZERO
a5mqr0,2,0,0,0,0,0,0,0,0,A_TRUE_ZERO
16047ae,1,0,0,0,0,0,0,0,0,A_TRUE_ZERO
gzlney,1,0,0,0,0,0,0,0,0,A_TRUE_ZERO
1d9p4gt,1,0,0,0,0,0,0,0,0,A_TRUE_ZERO
1ej2n26,4,0,0,0,0,0,0,0,0,A_TRUE_ZERO
d7qxu3,2,0,0,0,0,0,0,0,0,A_TRUE_ZERO
1m66ywu,1,0,0,0,0,0,0,0,0,A_TRUE_ZERO
ye0jg6,1,0,0,0,0,0,0,0,0,A_TRUE_ZERO
1owzord,2,0,0,0,0,0,0,0,0,A_TRUE_ZERO
1b77z91,2,0,0,0,0,0,0,0,0,A_TRUE_ZERO
qig3fh,1,0,0,0,0,0,0,0,0,A_TRUE_ZERO
1auo82u,2,0,0,0,0,0,0,0,0,A_TRUE_ZERO
1kzypvo,1,0,0,0,0,0,0,0,0,A_TRUE_ZERO
c86y2f,1,0,0,0,0,0,0,0,0,A_TRUE_ZERO
t3ma3f,1,0,0,0,0,0,0,0,0,A_TRUE_ZERO
1r13xch,1,0,0,0,0,0,0,0,0,A_TRUE_ZERO
ijxj60,1,0,0,0,0,0,0,0,0,A_TRUE_ZERO
1132cpq,1,0,0,0,0,0,0,0,0,A_TRUE_ZERO
loh4ie,3,0,0,0,0,0,0,0,0,A_TRUE_ZERO
jsdagn,2,0,0,0,0,0,0,0,0,A_TRUE_ZERO
174088c,2,0,0,0,0,0,0,0,0,A_TRUE_ZERO
hugdi6,1,0,0,0,0,0,0,0,0,A_TRUE_ZERO
1lx4fx1,1,0,0,0,0,0,0,0,0,A_TRUE_ZERO
uor494,1,0,0,0,0,0,0,0,0,A_TRUE_ZERO
z0nais,1,0,0,0,0,0,0,0,0,A_TRUE_ZERO
1jtse8z,2,0,0,0,0,0,0,0,0,A_TRUE_ZERO
1aqzqwy,2,0,0,0,0,0,0,0,0,A_TRUE_ZERO
k5gr0d,1,0,0,0,0,0,0,0,0,A_TRUE_ZERO
1152q6r,2,0,0,0,0,0,0,0,0,A_TRUE_ZERO
16ggzdj,2,0,0,0,0,0,0,0,0,A_TRUE_ZERO
1eenr77,3,0,0,0,0,0,0,0,0,A_TRUE_ZERO
1704dtw,2,0,0,0,0,0,0,0,0,A_TRUE_ZERO
d6e3kr,1,0,0,0,0,0,0,0,0,A_TRUE_ZERO
1lke9cr,1,0,0,0,0,0,0,0,0,A_TRUE_ZERO
slzeyv,1,0,0,0,0,0,0,0,0,A_TRUE_ZERO
1aovnhu,3,0,0,0,0,0,0,0,0,A_TRUE_ZERO
1cmfica,2,0,0,0,0,0,0,0,0,A_TRUE_ZERO
1mhngje,1,0,0,0,0,0,0,0,0,A_TRUE_ZERO
141zm5j,1,0,0,0,0,0,0,0,0,A_TRUE_ZERO
1c6likb,1,0,0,0,0,0,0,0,0,A_TRUE_ZERO
1hasy6j,3,0,0,0,0,0,0,0,0,A_TRUE_ZERO
1hfy0zu,4,0,0,0,0,0,0,0,0,A_TRUE_ZERO
12b31ju,2,0,0,0,0,0,0,0,0,A_TRUE_ZERO
1cshv27,1,0,0,0,0,0,0,0,0,A_TRUE_ZERO
13255xi,3,0,0,0,0,0,0,0,0,A_TRUE_ZERO
ndmwnc,3,2,0,2,0,0,0,0,0,B_FILTERED_OUT
1kgool8,1,0,0,0,0,0,0,0,0,A_TRUE_ZERO
yzegwl,1,0,0,0,0,0,0,0,0,A_TRUE_ZERO
cq1pma,1,0,0,0,0,0,0,0,0,A_TRUE_ZERO
1inv9no,2,0,0,0,0,0,0,0,0,A_TRUE_ZERO
v839io,1,0,0,0,0,0,0,0,0,A_TRUE_ZERO
1bdh1y9,1,0,0,0,0,0,0,0,0,A_TRUE_ZERO
1338j4e,1,0,0,0,0,0,0,0,0,A_TRUE_ZERO
umrkfp,2,0,0,0,0,0,0,0,0,A_TRUE_ZERO
18labgj,2,0,0,0,0,0,0,0,0,A_TRUE_ZERO
dmef6w,1,0,0,0,0,0,0,0,0,A_TRUE_ZERO
lxhhvf,2,0,0,0,0,0,0,0,0,A_TRUE_ZERO
s84jqj,1,0,0,0,0,0,0,0,0,A_TRUE_ZERO
1mgksnu,4,0,0,0,0,0,0,0,0,A_TRUE_ZERO
oq8brx,1,0,0,0,0,0,0,0,0,A_TRUE_ZERO
1eyksxh,1,0,0,0,0,0,0,0,0,A_TRUE_ZERO
d408do,2,0,0,0,0,0,0,0,0,A_TRUE_ZERO
1nv277v,2,0,0,0,0,0,0,0,0,A_TRUE_ZERO
1207arv,1,0,0,0,0,0,0,0,0,A_TRUE_ZERO
14z0bdr,1,0,0,0,0,0,0,0,0,A_TRUE_ZERO
1kof55r,1,0,0,0,0,0,0,0,0,A_TRUE_ZERO
1mjlvca,1,0,0,0,0,0,0,0,0,A_TRUE_ZERO
qxrej1,2,0,0,0,0,0,0,0,0,A_TRUE_ZERO
l7aqse,1,0,0,0,0,0,0,0,0,A_TRUE_ZERO
bu1awc,1,0,0,0,0,0,0,0,0,A_TRUE_ZERO
mm53jg,1,0,0,0,0,0,0,0,0,A_TRUE_ZERO
xplwmk,2,0,0,0,0,0,0,0,0,A_TRUE_ZERO
142geaz,2,0,0,0,0,0,0,0,0,A_TRUE_ZERO
tfkzh3,1,0,0,0,0,0,0,0,0,A_TRUE_ZERO
118mif1,1,0,0,0,0,0,0,0,0,A_TRUE_ZERO
1g6ybjh,1,0,0,0,0,0,0,0,0,A_TRUE_ZERO
shxw9w,1,0,0,0,0,0,0,0,0,A_TRUE_ZERO
1nxso2s,1,0,0,0,0,0,0,0,0,A_TRUE_ZERO
m2cmjr,2,0,0,0,0,0,0,0,0,A_TRUE_ZERO
1gbn8dd,3,0,0,0,0,0,0,0,0,A_TRUE_ZERO
wz0d3z,1,0,0,0,0,0,0,0,0,A_TRUE_ZERO
1ehtvlk,1,0,0,0,0,0,0,0,0,A_TRUE_ZERO
955q2q,1,0,0,0,0,0,0,0,0,A_TRUE_ZERO
16oq00f,1,0,0,0,0,0,0,0,0,A_TRUE_ZERO
1oiyvpt,3,0,0,0,0,0,0,0,0,A_TRUE_ZERO
qnanbd,1,0,0,0,0,0,0,0,0,A_TRUE_ZERO
1fjuwik,1,0,0,0,0,0,0,0,0,A_TRUE_ZERO
ec90w7,1,0,0,0,0,0,0,0,0,A_TRUE_ZERO
uuaz80,1,0,0,0,0,0,0,0,0,A_TRUE_ZERO
1f2nmck,2,0,0,0,0,0,0,0,0,A_TRUE_ZERO
1cucwqm,2,0,0,0,0,0,0,0,0,A_TRUE_ZERO
1c0nwxr,1,0,0,0,0,0,0,0,0,A_TRUE_ZERO
1mk2ni4,3,0,0,0,0,0,0,0,0,A_TRUE_ZERO
gqwqj4,1,0,0,0,0,0,0,0,0,A_TRUE_ZERO
qragam,4,0,0,0,0,0,0,0,0,A_TRUE_ZERO
df2qc7,1,0,0,0,0,0,0,0,0,A_TRUE_ZERO
y2niip,3,0,0,0,0,0,0,0,0,A_TRUE_ZERO
1gbt4lt,3,0,0,0,0,0,0,0,0,A_TRUE_ZERO
1q4mhyy,1,0,0,0,0,0,0,0,0,A_TRUE_ZERO
zm4hv9,1,0,0,0,0,0,0,0,0,A_TRUE_ZERO
11t5npt,3,0,0,0,0,0,0,0,0,A_TRUE_ZERO
hwd1mn,1,0,0,0,0,0,0,0,0,A_TRUE_ZERO
ydzdhx,3,0,0,0,0,0,0,0,0,A_TRUE_ZERO
10g3yws,4,0,0,0,0,0,0,0,0,A_TRUE_ZERO
x40lw9,1,0,0,0,0,0,0,0,0,A_TRUE_ZERO
1skl903,1,0,0,0,0,0,0,0,0,A_TRUE_ZERO
14f4mzn,1,0,0,0,0,0,0,0,0,A_TRUE_ZERO
15h7duk,1,0,0,0,0,0,0,0,0,A_TRUE_ZERO
10346xc,3,0,0,0,0,0,0,0,0,A_TRUE_ZERO
rgoej9,1,0,0,0,0,0,0,0,0,A_TRUE_ZERO
viyxwc,2,0,0,0,0,0,0,0,0,A_TRUE_ZERO
1qtxji8,1,0,0,0,0,0,0,0,0,A_TRUE_ZERO
fpbtdm,2,0,0,0,0,0,0,0,0,A_TRUE_ZERO
16ovihd,2,0,0,0,0,0,0,0,0,A_TRUE_ZERO
1b6ll6m,1,0,0,0,0,0,0,0,0,A_TRUE_ZERO
ja8khx,3,0,0,0,0,0,0,0,0,A_TRUE_ZERO
1obzfpg,1,0,0,0,0,0,0,0,0,A_TRUE_ZERO
ip7qcg,1,0,0,0,0,0,0,0,0,A_TRUE_ZERO
1rkwxpt,2,0,0,0,0,0,0,0,0,A_TRUE_ZERO
x8ti69,1,0,0,0,0,0,0,0,0,A_TRUE_ZERO
xk8o3w,2,0,0,0,0,0,0,0,0,A_TRUE_ZERO
wiymy4,1,0,0,0,0,0,0,0,0,A_TRUE_ZERO
1dulpq6,1,0,0,0,0,0,0,0,0,A_TRUE_ZERO
1rsv30q,3,0,0,0,0,0,0,0,0,A_TRUE_ZERO
1dp8j0o,1,0,0,0,0,0,0,0,0,A_TRUE_ZERO
15udk7r,3,0,0,0,0,0,0,0,0,A_TRUE_ZERO
dpqvmo,1,0,0,0,0,0,0,0,0,A_TRUE_ZERO
zzciwc,3,0,0,0,0,0,0,0,0,A_TRUE_ZERO
1biws49,3,0,0,0,0,0,0,0,0,A_TRUE_ZERO
19950md,3,0,0,0,0,0,0,0,0,A_TRUE_ZERO
gzznt0,3,0,0,0,0,0,0,0,0,A_TRUE_ZERO
167b19m,1,0,0,0,0,0,0,0,0,A_TRUE_ZERO
g3ekg4,1,0,0,0,0,0,0,0,0,A_TRUE_ZERO
1e05xjk,1,0,0,0,0,0,0,0,0,A_TRUE_ZERO
njovdn,2,0,0,0,0,0,0,0,0,A_TRUE_ZERO
10m83p8,1,0,0,0,0,0,0,0,0,A_TRUE_ZERO
14rm6md,3,0,0,0,0,0,0,0,0,A_TRUE_ZERO
s82jn0,3,0,0,0,0,0,0,0,0,A_TRUE_ZERO
1q8n24w,2,0,0,0,0,0,0,0,0,A_TRUE_ZERO
kt5elz,1,3,2,1,0,0,0,0,0,B_FILTERED_OUT
17pfl03,1,0,0,0,0,0,0,0,0,A_TRUE_ZERO
fffgro,3,0,0,0,0,0,0,0,0,A_TRUE_ZERO
1b6vool,3,0,0,0,0,0,0,0,0,A_TRUE_ZERO
1okdec2,3,0,0,0,0,0,0,0,0,A_TRUE_ZERO
oox0jj,1,0,0,0,0,0,0,0,0,A_TRUE_ZERO
1phjsq1,1,0,0,0,0,0,0,0,0,A_TRUE_ZERO
87xw7m,2,0,0,0,0,0,0,0,0,A_TRUE_ZERO
jj0q91,3,0,0,0,0,0,0,0,0,A_TRUE_ZERO
gyzz12,1,0,0,0,0,0,0,0,0,A_TRUE_ZERO
1e18dl4,2,0,0,0,0,0,0,0,0,A_TRUE_ZERO
1bt44w7,1,0,0,0,0,0,0,0,0,A_TRUE_ZERO
ppuxc8,2,0,0,0,0,0,0,0,0,A_TRUE_ZERO
dzbtt2,3,0,0,0,0,0,0,0,0,A_TRUE_ZERO
ongha0,3,0,0,0,0,0,0,0,0,A_TRUE_ZERO
vh1x4i,2,0,0,0,0,0,0,0,0,A_TRUE_ZERO
1nnvooi,2,3,2,0,0,1,0,0,0,B_FILTERED_OUT
1jk8ub5,2,0,0,0,0,0,0,0,0,A_TRUE_ZERO
r7mhwz,1,0,0,0,0,0,0,0,0,A_TRUE_ZERO
gboseb,1,0,0,0,0,0,0,0,0,A_TRUE_ZERO
10nj52w,1,0,0,0,0,0,0,0,0,A_TRUE_ZERO
16vk3ut,2,0,0,0,0,0,0,0,0,A_TRUE_ZERO
1krrm1h,2,0,0,0,0,0,0,0,0,A_TRUE_ZERO
1ihujj8,2,0,0,0,0,0,0,0,0,A_TRUE_ZERO
1linr33,2,0,0,0,0,0,0,0,0,A_TRUE_ZERO
op0tgh,1,0,0,0,0,0,0,0,0,A_TRUE_ZERO
ox0sol,1,0,0,0,0,0,0,0,0,A_TRUE_ZERO
sjjf41,3,0,0,0,0,0,0,0,0,A_TRUE_ZERO
188vtz8,2,0,0,0,0,0,0,0,0,A_TRUE_ZERO
1jl4m52,3,0,0,0,0,0,0,0,0,A_TRUE_ZERO
12omt6y,1,0,0,0,0,0,0,0,0,A_TRUE_ZERO
os6rp5,2,0,0,0,0,0,0,0,0,A_TRUE_ZERO
ryekh2,1,0,0,0,0,0,0,0,0,A_TRUE_ZERO
14y0te9,1,0,0,0,0,0,0,0,0,A_TRUE_ZERO
12dlvbz,1,0,0,0,0,0,0,0,0,A_TRUE_ZERO
18lbrml,1,0,0,0,0,0,0,0,0,A_TRUE_ZERO
1le3zno,2,0,0,0,0,0,0,0,0,A_TRUE_ZERO
1g6td91,1,0,0,0,0,0,0,0,0,A_TRUE_ZERO
1em385m,1,0,0,0,0,0,0,0,0,A_TRUE_ZERO
jn7a9a,1,0,0,0,0,0,0,0,0,A_TRUE_ZERO
1cemtuh,1,0,0,0,0,0,0,0,0,A_TRUE_ZERO
bgk9kq,1,0,0,0,0,0,0,0,0,A_TRUE_ZERO
n52ukn,3,0,0,0,0,0,0,0,0,A_TRUE_ZERO
fpbgwj,1,0,0,0,0,0,0,0,0,A_TRUE_ZERO
lsfgk9,1,0,0,0,0,0,0,0,0,A_TRUE_ZERO
136ugeh,1,0,0,0,0,0,0,0,0,A_TRUE_ZERO
1khdxt1,3,0,0,0,0,0,0,0,0,A_TRUE_ZERO
dw3enq,1,0,0,0,0,0,0,0,0,A_TRUE_ZERO
16vvnhp,1,0,0,0,0,0,0,0,0,A_TRUE_ZERO
dq5h76,1,0,0,0,0,0,0,0,0,A_TRUE_ZERO
113qmim,2,0,0,0,0,0,0,0,0,A_TRUE_ZERO
lof9gh,2,0,0,0,0,0,0,0,0,A_TRUE_ZERO
1q787sp,1,0,0,0,0,0,0,0,0,A_TRUE_ZERO
13ma3ij,1,0,0,0,0,0,0,0,0,A_TRUE_ZERO
1r61uvg,3,2,0,1,0,1,0,0,0,B_FILTERED_OUT
d95u58,1,0,0,0,0,0,0,0,0,A_TRUE_ZERO
14mxke2,2,0,0,0,0,0,0,0,0,A_TRUE_ZERO
1i0zr66,1,0,0,0,0,0,0,0,0,A_TRUE_ZERO
1766xsx,1,0,0,0,0,0,0,0,0,A_TRUE_ZERO
ea9edg,1,0,0,0,0,0,0,0,0,A_TRUE_ZERO
1auyp5i,2,0,0,0,0,0,0,0,0,A_TRUE_ZERO
sejsjk,3,0,0,0,0,0,0,0,0,A_TRUE_ZERO
g2d4id,2,0,0,0,0,0,0,0,0,A_TRUE_ZERO
1cxq1wf,3,0,0,0,0,0,0,0,0,A_TRUE_ZERO
1kyl0ku,3,0,0,0,0,0,0,0,0,A_TRUE_ZERO
nhqjix,2,0,0,0,0,0,0,0,0,A_TRUE_ZERO
nbkkyv,1,0,0,0,0,0,0,0,0,A_TRUE_ZERO
yqdafa,2,0,0,0,0,0,0,0,0,A_TRUE_ZERO
bepik2,1,0,0,0,0,0,0,0,0,A_TRUE_ZERO
10xc05l,1,0,0,0,0,0,0,0,0,A_TRUE_ZERO
sq90p2,1,0,0,0,0,0,0,0,0,A_TRUE_ZERO
msc41j,1,0,0,0,0,0,0,0,0,A_TRUE_ZERO
1ffu6mm,2,0,0,0,0,0,0,0,0,A_TRUE_ZERO
1jhsuwm,1,2,0,0,0,2,0,0,0,B_FILTERED_OUT
dy7ga8,1,0,0,0,0,0,0,0,0,A_TRUE_ZERO
crox2u,2,0,0,0,0,0,0,0,0,A_TRUE_ZERO
x2iua2,1,0,0,0,0,0,0,0,0,A_TRUE_ZERO
1127k8r,1,0,0,0,0,0,0,0,0,A_TRUE_ZERO
th3z1c,1,0,0,0,0,0,0,0,0,A_TRUE_ZERO
1m1lont,3,0,0,0,0,0,0,0,0,A_TRUE_ZERO
11y1zby,1,0,0,0,0,0,0,0,0,A_TRUE_ZERO
1fxzs4i,1,0,0,0,0,0,0,0,0,A_TRUE_ZERO
18mdv9u,1,0,0,0,0,0,0,0,0,A_TRUE_ZERO
18wf946,1,0,0,0,0,0,0,0,0,A_TRUE_ZERO
138dbjs,2,0,0,0,0,0,0,0,0,A_TRUE_ZERO
1b3fovu,1,0,0,0,0,0,0,0,0,A_TRUE_ZERO
o4j2zo,1,0,0,0,0,0,0,0,0,A_TRUE_ZERO
dppsax,2,0,0,0,0,0,0,0,0,A_TRUE_ZERO
bd3w0a,2,0,0,0,0,0,0,0,0,A_TRUE_ZERO
rlm9kb,1,0,0,0,0,0,0,0,0,A_TRUE_ZERO
1789ini,1,0,0,0,0,0,0,0,0,A_TRUE_ZERO
1d81yy6,1,0,0,0,0,0,0,0,0,A_TRUE_ZERO
1boqnqg,1,0,0,0,0,0,0,0,0,A_TRUE_ZERO
16u2cpv,1,0,0,0,0,0,0,0,0,A_TRUE_ZERO
1nzmpqz,1,0,0,0,0,0,0,0,0,A_TRUE_ZERO
1s3f58d,1,0,0,0,0,0,0,0,0,A_TRUE_ZERO
15ln1zy,2,0,0,0,0,0,0,0,0,A_TRUE_ZERO
1bpdn8q,1,0,0,0,0,0,0,0,0,A_TRUE_ZERO
11rme9d,1,0,0,0,0,0,0,0,0,A_TRUE_ZERO
f710d2,2,0,0,0,0,0,0,0,0,A_TRUE_ZERO
1dm3mfr,3,0,0,0,0,0,0,0,0,A_TRUE_ZERO
mu4jl3,1,0,0,0,0,0,0,0,0,A_TRUE_ZERO
1j2kj3w,1,0,0,0,0,0,0,0,0,A_TRUE_ZERO
y8xy7w,3,0,0,0,0,0,0,0,0,A_TRUE_ZERO
126sktb,1,0,0,0,0,0,0,0,0,A_TRUE_ZERO
1jv28sf,1,0,0,0,0,0,0,0,0,A_TRUE_ZERO
qldnfn,2,0,0,0,0,0,0,0,0,A_TRUE_ZERO
152a90x,1,0,0,0,0,0,0,0,0,A_TRUE_ZERO
ztuwps,4,0,0,0,0,0,0,0,0,A_TRUE_ZERO
umlaob,1,0,0,0,0,0,0,0,0,A_TRUE_ZERO
o0leoe,1,0,0,0,0,0,0,0,0,A_TRUE_ZERO
wn8m8s,1,0,0,0,0,0,0,0,0,A_TRUE_ZERO
1190mej,1,0,0,0,0,0,0,0,0,A_TRUE_ZERO
1d91788,2,0,0,0,0,0,0,0,0,A_TRUE_ZERO
1rf2nmn,2,0,0,0,0,0,0,0,0,A_TRUE_ZERO
huu41x,1,0,0,0,0,0,0,0,0,A_TRUE_ZERO
1kcoumr,3,0,0,0,0,0,0,0,0,A_TRUE_ZERO
1hadklq,3,0,0,0,0,0,0,0,0,A_TRUE_ZERO
b8tpzk,2,0,0,0,0,0,0,0,0,A_TRUE_ZERO
tp5zqh,3,0,0,0,0,0,0,0,0,A_TRUE_ZERO
zyetmo,2,0,0,0,0,0,0,0,0,A_TRUE_ZERO
1jg0tvx,1,0,0,0,0,0,0,0,0,A_TRUE_ZERO
1e5qqbh,1,0,0,0,0,0,0,0,0,A_TRUE_ZERO
1knexsx,1,0,0,0,0,0,0,0,0,A_TRUE_ZERO
1qopquc,1,0,0,0,0,0,0,0,0,A_TRUE_ZERO
1i0i85v,1,0,0,0,0,0,0,0,0,A_TRUE_ZERO
brciba,2,0,0,0,0,0,0,0,0,A_TRUE_ZERO
nvlk6x,1,0,0,0,0,0,0,0,0,A_TRUE_ZERO
ou08fs,1,0,0,0,0,0,0,0,0,A_TRUE_ZERO
qfbs4p,2,0,0,0,0,0,0,0,0,A_TRUE_ZERO
15lqvzg,3,0,0,0,0,0,0,0,0,A_TRUE_ZERO
1ac0j4q,1,0,0,0,0,0,0,0,0,A_TRUE_ZERO
ie6xnx,1,0,0,0,0,0,0,0,0,A_TRUE_ZERO
ghp1gf,1,0,0,0,0,0,0,0,0,A_TRUE_ZERO
1gpjtxo,2,0,0,0,0,0,0,0,0,A_TRUE_ZERO
xuh2e3,1,0,0,0,0,0,0,0,0,A_TRUE_ZERO
rsu7zn,1,0,0,0,0,0,0,0,0,A_TRUE_ZERO
pcl4t1,2,0,0,0,0,0,0,0,0,A_TRUE_ZERO
jacvof,3,0,0,0,0,0,0,0,0,A_TRUE_ZERO
z16pl6,1,0,0,0,0,0,0,0,0,A_TRUE_ZERO
yl697a,1,0,0,0,0,0,0,0,0,A_TRUE_ZERO
1evkdsi,1,0,0,0,0,0,0,0,0,A_TRUE_ZERO
11k3mlh,1,0,0,0,0,0,0,0,0,A_TRUE_ZERO
16uezcm,1,0,0,0,0,0,0,0,0,A_TRUE_ZERO
zyiudn,2,0,0,0,0,0,0,0,0,A_TRUE_ZERO
p8zcsx,1,0,0,0,0,0,0,0,0,A_TRUE_ZERO
fihr7q,1,0,0,0,0,0,0,0,0,A_TRUE_ZERO
oyo3ba,1,0,0,0,0,0,0,0,0,A_TRUE_ZERO
bz7n9y,2,0,0,0,0,0,0,0,0,A_TRUE_ZERO
hgplp9,3,0,0,0,0,0,0,0,0,A_TRUE_ZERO
rbpodd,2,0,0,0,0,0,0,0,0,A_TRUE_ZERO
oyiy7u,1,0,0,0,0,0,0,0,0,A_TRUE_ZERO
1bbfq6s,3,0,0,0,0,0,0,0,0,A_TRUE_ZERO
1drhsfg,2,0,0,0,0,0,0,0,0,A_TRUE_ZERO
1emgygu,1,0,0,0,0,0,0,0,0,A_TRUE_ZERO
1kydsex,3,0,0,0,0,0,0,0,0,A_TRUE_ZERO
13fhwtr,1,0,0,0,0,0,0,0,0,A_TRUE_ZERO
nzptiz,1,0,0,0,0,0,0,0,0,A_TRUE_ZERO
hfxd2e,3,0,0,0,0,0,0,0,0,A_TRUE_ZERO
xexdlp,1,0,0,0,0,0,0,0,0,A_TRUE_ZERO
sokb1p,1,0,0,0,0,0,0,0,0,A_TRUE_ZERO
17kg6g6,3,0,0,0,0,0,0,0,0,A_TRUE_ZERO
1cnbm1f,1,0,0,0,0,0,0,0,0,A_TRUE_ZERO
hr1hyz,1,0,0,0,0,0,0,0,0,A_TRUE_ZERO
1aqqath,1,0,0,0,0,0,0,0,0,A_TRUE_ZERO
ktrxw4,1,0,0,0,0,0,0,0,0,A_TRUE_ZERO
1nvo1q7,2,0,0,0,0,0,0,0,0,A_TRUE_ZERO
nio41d,1,0,0,0,0,0,0,0,0,A_TRUE_ZERO
qvbuwq,1,0,0,0,0,0,0,0,0,A_TRUE_ZERO
1ldi7md,2,0,0,0,0,0,0,0,0,A_TRUE_ZERO
u6vkpe,4,0,0,0,0,0,0,0,0,A_TRUE_ZERO
16xdeyk,4,0,0,0,0,0,0,0,0,A_TRUE_ZERO
11c3d06,4,0,0,0,0,0,0,0,0,A_TRUE_ZERO
zrcga1,1,0,0,0,0,0,0,0,0,A_TRUE_ZERO
1enl3g2,1,0,0,0,0,0,0,0,0,A_TRUE_ZERO
1neabwo,1,0,0,0,0,0,0,0,0,A_TRUE_ZERO
wl6ltb,3,0,0,0,0,0,0,0,0,A_TRUE_ZERO
1hixwvm,1,0,0,0,0,0,0,0,0,A_TRUE_ZERO
1bomazm,1,0,0,0,0,0,0,0,0,A_TRUE_ZERO
1bzsqew,1,0,0,0,0,0,0,0,0,A_TRUE_ZERO
16ytl0l,1,0,0,0,0,0,0,0,0,A_TRUE_ZERO
g96lxz,1,0,0,0,0,0,0,0,0,A_TRUE_ZERO
1ls437t,3,0,0,0,0,0,0,0,0,A_TRUE_ZERO
1cktr4a,1,0,0,0,0,0,0,0,0,A_TRUE_ZERO
uvehno,3,0,0,0,0,0,0,0,0,A_TRUE_ZERO
he9gd6,3,0,0,0,0,0,0,0,0,A_TRUE_ZERO
cqet54,2,0,0,0,0,0,0,0,0,A_TRUE_ZERO
1io6ny0,1,0,0,0,0,0,0,0,0,A_TRUE_ZERO
1n1lulh,1,0,0,0,0,0,0,0,0,A_TRUE_ZERO
13l8nt6,1,0,0,0,0,0,0,0,0,A_TRUE_ZERO
1cp98q6,2,0,0,0,0,0,0,0,0,A_TRUE_ZERO
nl0qoa,2,0,0,0,0,0,0,0,0,A_TRUE_ZERO
187zurh,1,0,0,0,0,0,0,0,0,A_TRUE_ZERO
l8mbj9,4,0,0,0,0,0,0,0,0,A_TRUE_ZERO
1m0zmcc,1,0,0,0,0,0,0,0,0,A_TRUE_ZERO
13jy6vc,1,0,0,0,0,0,0,0,0,A_TRUE_ZERO
kxlvui,1,0,0,0,0,0,0,0,0,A_TRUE_ZERO
bglwi3,1,0,0,0,0,0,0,0,0,A_TRUE_ZERO
p5oc3n,2,0,0,0,0,0,0,0,0,A_TRUE_ZERO
ii60bp,3,0,0,0,0,0,0,0,0,A_TRUE_ZERO
1hzbrjj,1,0,0,0,0,0,0,0,0,A_TRUE_ZERO
137rgc6,1,0,0,0,0,0,0,0,0,A_TRUE_ZERO
oxyd9q,1,0,0,0,0,0,0,0,0,A_TRUE_ZERO
ti432n,2,0,0,0,0,0,0,0,0,A_TRUE_ZERO
q2uiom,1,0,0,0,0,0,0,0,0,A_TRUE_ZERO
1codvhw,2,0,0,0,0,0,0,0,0,A_TRUE_ZERO
v6zbxx,1,0,0,0,0,0,0,0,0,A_TRUE_ZERO
11lddw6,1,0,0,0,0,0,0,0,0,A_TRUE_ZERO
158knm5,1,0,0,0,0,0,0,0,0,A_TRUE_ZERO
17pa7t7,1,0,0,0,0,0,0,0,0,A_TRUE_ZERO
ez7vir,1,0,0,0,0,0,0,0,0,A_TRUE_ZERO
tbgyp2,2,0,0,0,0,0,0,0,0,A_TRUE_ZERO
hq9kbn,4,0,0,0,0,0,0,0,0,A_TRUE_ZERO
1boomrz,1,0,0,0,0,0,0,0,0,A_TRUE_ZERO
vbah6e,1,0,0,0,0,0,0,0,0,A_TRUE_ZERO
sqctxq,1,0,0,0,0,0,0,0,0,A_TRUE_ZERO
13mddtx,2,0,0,0,0,0,0,0,0,A_TRUE_ZERO
1mwhj35,2,0,0,0,0,0,0,0,0,A_TRUE_ZERO
1s49mx2,3,0,0,0,0,0,0,0,0,A_TRUE_ZERO
cmdhfu,4,0,0,0,0,0,0,0,0,A_TRUE_ZERO
bpxmra,1,0,0,0,0,0,0,0,0,A_TRUE_ZERO
cjsss6,1,0,0,0,0,0,0,0,0,A_TRUE_ZERO
ecywpl,1,0,0,0,0,0,0,0,0,A_TRUE_ZERO
u4hfni,1,0,0,0,0,0,0,0,0,A_TRUE_ZERO
ibp021,4,0,0,0,0,0,0,0,0,A_TRUE_ZERO
yytzmy,1,0,0,0,0,0,0,0,0,A_TRUE_ZERO
1fuziet,1,0,0,0,0,0,0,0,0,A_TRUE_ZERO
mymie8,1,0,0,0,0,0,0,0,0,A_TRUE_ZERO
1p19ln5,1,0,0,0,0,0,0,0,0,A_TRUE_ZERO
1ll2lnr,1,0,0,0,0,0,0,0,0,A_TRUE_ZERO
ptpggd,2,0,0,0,0,0,0,0,0,A_TRUE_ZERO
1ks62rp,1,0,0,0,0,0,0,0,0,A_TRUE_ZERO
1oeqooo,1,0,0,0,0,0,0,0,0,A_TRUE_ZERO
11xzeq3,1,0,0,0,0,0,0,0,0,A_TRUE_ZERO
x2imhh,2,0,0,0,0,0,0,0,0,A_TRUE_ZERO
gjtsun,2,0,0,0,0,0,0,0,0,A_TRUE_ZERO
wqz4l1,1,0,0,0,0,0,0,0,0,A_TRUE_ZERO
z82vih,1,0,0,0,0,0,0,0,0,A_TRUE_ZERO
p7k3xv,2,0,0,0,0,0,0,0,0,A_TRUE_ZERO
p2bnkj,2,0,0,0,0,0,0,0,0,A_TRUE_ZERO
1owwsd5,2,0,0,0,0,0,0,0,0,A_TRUE_ZERO
pjzkpc,1,0,0,0,0,0,0,0,0,A_TRUE_ZERO
t92m99,3,0,0,0,0,0,0,0,0,A_TRUE_ZERO
187ewjz,1,0,0,0,0,0,0,0,0,A_TRUE_ZERO
l00wtv,2,0,0,0,0,0,0,0,0,A_TRUE_ZERO
miuivy,1,0,0,0,0,0,0,0,0,A_TRUE_ZERO
1riwbio,1,0,0,0,0,0,0,0,0,A_TRUE_ZERO
14w4q3q,1,0,0,0,0,0,0,0,0,A_TRUE_ZERO
j7m08z,1,0,0,0,0,0,0,0,0,A_TRUE_ZERO
bmq08p,1,0,0,0,0,0,0,0,0,A_TRUE_ZERO
11by6lg,1,0,0,0,0,0,0,0,0,A_TRUE_ZERO
sdyhka,1,0,0,0,0,0,0,0,0,A_TRUE_ZERO
s2i2n0,1,0,0,0,0,0,0,0,0,A_TRUE_ZERO
12qei14,1,0,0,0,0,0,0,0,0,A_TRUE_ZERO
cvpey3,1,0,0,0,0,0,0,0,0,A_TRUE_ZERO
173zdb3,1,0,0,0,0,0,0,0,0,A_TRUE_ZERO
i3drh2,1,0,0,0,0,0,0,0,0,A_TRUE_ZERO
1h5zcs5,1,0,0,0,0,0,0,0,0,A_TRUE_ZERO
1iutruu,3,0,0,0,0,0,0,0,0,A_TRUE_ZERO
11e7joj,1,0,0,0,0,0,0,0,0,A_TRUE_ZERO
1otjwgp,1,0,0,0,0,0,0,0,0,A_TRUE_ZERO
1iyko1b,3,0,0,0,0,0,0,0,0,A_TRUE_ZERO
12aqxno,3,0,0,0,0,0,0,0,0,A_TRUE_ZERO
1mo8f14,2,0,0,0,0,0,0,0,0,A_TRUE_ZERO
1i8pr2r,3,0,0,0,0,0,0,0,0,A_TRUE_ZERO
ccnj23,2,0,0,0,0,0,0,0,0,A_TRUE_ZERO
1o7udiw,1,0,0,0,0,0,0,0,0,A_TRUE_ZERO
tqbjfy,2,0,0,0,0,0,0,0,0,A_TRUE_ZERO
1esk4ea,1,0,0,0,0,0,0,0,0,A_TRUE_ZERO
bjxsoh,1,0,0,0,0,0,0,0,0,A_TRUE_ZERO
vrzgio,1,0,0,0,0,0,0,0,0,A_TRUE_ZERO
gie1is,2,0,0,0,0,0,0,0,0,A_TRUE_ZERO
igc4so,1,0,0,0,0,0,0,0,0,A_TRUE_ZERO
jnta0i,1,0,0,0,0,0,0,0,0,A_TRUE_ZERO
18qep8c,4,0,0,0,0,0,0,0,0,A_TRUE_ZERO
1igyvup,2,0,0,0,0,0,0,0,0,A_TRUE_ZERO
1ojf26k,2,0,0,0,0,0,0,0,0,A_TRUE_ZERO
1him07i,1,0,0,0,0,0,0,0,0,A_TRUE_ZERO
i3t9mf,1,0,0,0,0,0,0,0,0,A_TRUE_ZERO
158z387,1,0,0,0,0,0,0,0,0,A_TRUE_ZERO
wq28ny,1,0,0,0,0,0,0,0,0,A_TRUE_ZERO
1d9sso9,1,0,0,0,0,0,0,0,0,A_TRUE_ZERO
ch1kno,1,0,0,0,0,0,0,0,0,A_TRUE_ZERO
e16rmw,1,0,0,0,0,0,0,0,0,A_TRUE_ZERO
1bvu0nf,2,0,0,0,0,0,0,0,0,A_TRUE_ZERO
11yhc9f,2,0,0,0,0,0,0,0,0,A_TRUE_ZERO
rgk6uv,1,0,0,0,0,0,0,0,0,A_TRUE_ZERO
elvf2q,1,0,0,0,0,0,0,0,0,A_TRUE_ZERO
l8rn3y,3,0,0,0,0,0,0,0,0,A_TRUE_ZERO
15lflu5,1,0,0,0,0,0,0,0,0,A_TRUE_ZERO
g7vzk3,2,0,0,0,0,0,0,0,0,A_TRUE_ZERO
welkmg,3,0,0,0,0,0,0,0,0,A_TRUE_ZERO
1o15s25,2,0,0,0,0,0,0,0,0,A_TRUE_ZERO
cwc9hf,2,0,0,0,0,0,0,0,0,A_TRUE_ZERO
v7xil5,2,0,0,0,0,0,0,0,0,A_TRUE_ZERO
1ebu5ey,3,0,0,0,0,0,0,0,0,A_TRUE_ZERO
hnr06m,1,0,0,0,0,0,0,0,0,A_TRUE_ZERO
g4dk37,3,0,0,0,0,0,0,0,0,A_TRUE_ZERO
z0h3a6,1,0,0,0,0,0,0,0,0,A_TRUE_ZERO
rg5441,1,0,0,0,0,0,0,0,0,A_TRUE_ZERO
16irus6,1,0,0,0,0,0,0,0,0,A_TRUE_ZERO
1d7z5jp,1,0,0,0,0,0,0,0,0,A_TRUE_ZERO
17xs47j,1,0,0,0,0,0,0,0,0,A_TRUE_ZERO
suepec,1,0,0,0,0,0,0,0,0,A_TRUE_ZERO
15ixs71,1,0,0,0,0,0,0,0,0,A_TRUE_ZERO
w9ggt1,1,0,0,0,0,0,0,0,0,A_TRUE_ZERO
l9ld70,1,0,0,0,0,0,0,0,0,A_TRUE_ZERO
ucavu8,1,0,0,0,0,0,0,0,0,A_TRUE_ZERO
1rs55je,2,0,0,0,0,0,0,0,0,A_TRUE_ZERO
x29ppk,1,0,0,0,0,0,0,0,0,A_TRUE_ZERO
1lei40y,1,0,0,0,0,0,0,0,0,A_TRUE_ZERO
1bk1we6,1,0,0,0,0,0,0,0,0,A_TRUE_ZERO
1mhj2d9,1,0,0,0,0,0,0,0,0,A_TRUE_ZERO
1o1bbbx,2,0,0,0,0,0,0,0,0,A_TRUE_ZERO
170ytcj,1,0,0,0,0,0,0,0,0,A_TRUE_ZERO
nqwcs0,1,0,0,0,0,0,0,0,0,A_TRUE_ZERO
1e5jqd6,1,0,0,0,0,0,0,0,0,A_TRUE_ZERO
1bhquke,1,0,0,0,0,0,0,0,0,A_TRUE_ZERO
1d5oxbl,4,0,0,0,0,0,0,0,0,A_TRUE_ZERO
uixj4x,2,0,0,0,0,0,0,0,0,A_TRUE_ZERO
1g8zhmj,1,0,0,0,0,0,0,0,0,A_TRUE_ZERO
rhb99n,1,0,0,0,0,0,0,0,0,A_TRUE_ZERO
cppcb2,1,0,0,0,0,0,0,0,0,A_TRUE_ZERO
io7xwn,1,0,0,0,0,0,0,0,0,A_TRUE_ZERO
mrjgx4,1,0,0,0,0,0,0,0,0,A_TRUE_ZERO
1j1n5eb,1,0,0,0,0,0,0,0,0,A_TRUE_ZERO
we9ai1,2,0,0,0,0,0,0,0,0,A_TRUE_ZERO
10h4clv,3,0,0,0,0,0,0,0,0,A_TRUE_ZERO
qx52k2,1,0,0,0,0,0,0,0,0,A_TRUE_ZERO
r1ysgq,3,0,0,0,0,0,0,0,0,A_TRUE_ZERO
b34tl5,1,17,14,0,0,3,0,0,0,B_FILTERED_OUT
tnybuj,2,0,0,0,0,0,0,0,0,A_TRUE_ZERO
ksf92q,1,0,0,0,0,0,0,0,0,A_TRUE_ZERO
12rbm43,1,0,0,0,0,0,0,0,0,A_TRUE_ZERO
113icyo,2,0,0,0,0,0,0,0,0,A_TRUE_ZERO
1rh15si,1,0,0,0,0,0,0,0,0,A_TRUE_ZERO
1r2kzbd,1,0,0,0,0,0,0,0,0,A_TRUE_ZERO
1abj9ds,2,0,0,0,0,0,0,0,0,A_TRUE_ZERO
ec418o,2,0,0,0,0,0,0,0,0,A_TRUE_ZERO
1qkxcv6,1,0,0,0,0,0,0,0,0,A_TRUE_ZERO
1fu137u,1,0,0,0,0,0,0,0,0,A_TRUE_ZERO
d2myah,1,0,0,0,0,0,0,0,0,A_TRUE_ZERO
1gv1e7n,1,0,0,0,0,0,0,0,0,A_TRUE_ZERO
1qmss2t,4,0,0,0,0,0,0,0,0,A_TRUE_ZERO
ps9np1,1,0,0,0,0,0,0,0,0,A_TRUE_ZERO
172s58k,3,0,0,0,0,0,0,0,0,A_TRUE_ZERO
1p05vv8,3,0,0,0,0,0,0,0,0,A_TRUE_ZERO
1je0jzc,1,0,0,0,0,0,0,0,0,A_TRUE_ZERO
bwjrt3,2,0,0,0,0,0,0,0,0,A_TRUE_ZERO
w22bmz,2,0,0,0,0,0,0,0,0,A_TRUE_ZERO
1hh6mhq,1,0,0,0,0,0,0,0,0,A_TRUE_ZERO
1j2ets8,1,0,0,0,0,0,0,0,0,A_TRUE_ZERO
w52lia,2,0,0,0,0,0,0,0,0,A_TRUE_ZERO
1q3bvbd,1,0,0,0,0,0,0,0,0,A_TRUE_ZERO
fdorvf,1,0,0,0,0,0,0,0,0,A_TRUE_ZERO
um0p83,1,0,0,0,0,0,0,0,0,A_TRUE_ZERO
1j87sd2,2,0,0,0,0,0,0,0,0,A_TRUE_ZERO
1af1gin,1,0,0,0,0,0,0,0,0,A_TRUE_ZERO
o9srxd,1,0,0,0,0,0,0,0,0,A_TRUE_ZERO
173xh94,1,0,0,0,0,0,0,0,0,A_TRUE_ZERO
xyn5pc,2,0,0,0,0,0,0,0,0,A_TRUE_ZERO
vejhpc,1,0,0,0,0,0,0,0,0,A_TRUE_ZERO
1b757a8,1,0,0,0,0,0,0,0,0,A_TRUE_ZERO
opl2m0,1,0,0,0,0,0,0,0,0,A_TRUE_ZERO
w98y7h,1,0,0,0,0,0,0,0,0,A_TRUE_ZERO
ftt0u9,1,0,0,0,0,0,0,0,0,A_TRUE_ZERO
1gwhlsa,2,0,0,0,0,0,0,0,0,A_TRUE_ZERO
zi8kel,1,0,0,0,0,0,0,0,0,A_TRUE_ZERO
v33sda,1,0,0,0,0,0,0,0,0,A_TRUE_ZERO
19d9z1l,1,0,0,0,0,0,0,0,0,A_TRUE_ZERO
syasjb,2,0,0,0,0,0,0,0,0,A_TRUE_ZERO
1sgu2kc,1,0,0,0,0,0,0,0,0,A_TRUE_ZERO
1cc42ey,1,0,0,0,0,0,0,0,0,A_TRUE_ZERO
py818w,3,0,0,0,0,0,0,0,0,A_TRUE_ZERO
elnoih,2,0,0,0,0,0,0,0,0,A_TRUE_ZERO
kqzla3,1,0,0,0,0,0,0,0,0,A_TRUE_ZERO
1ah035f,1,0,0,0,0,0,0,0,0,A_TRUE_ZERO
bjttat,1,0,0,0,0,0,0,0,0,A_TRUE_ZERO
1qh2ytr,3,0,0,0,0,0,0,0,0,A_TRUE_ZERO
i4pu4d,1,0,0,0,0,0,0,0,0,A_TRUE_ZERO
1rgezrt,1,0,0,0,0,0,0,0,0,A_TRUE_ZERO
dypxcx,1,0,0,0,0,0,0,0,0,A_TRUE_ZERO
1fw5ykm,1,0,0,0,0,0,0,0,0,A_TRUE_ZERO
1pt01km,1,0,0,0,0,0,0,0,0,A_TRUE_ZERO
ptxj6x,2,0,0,0,0,0,0,0,0,A_TRUE_ZERO
13dqege,1,0,0,0,0,0,0,0,0,A_TRUE_ZERO
1l4dbsf,1,0,0,0,0,0,0,0,0,A_TRUE_ZERO
ihodp2,2,0,0,0,0,0,0,0,0,A_TRUE_ZERO
1gvkgjh,3,0,0,0,0,0,0,0,0,A_TRUE_ZERO
1bhxufm,1,0,0,0,0,0,0,0,0,A_TRUE_ZERO
jokd58,1,0,0,0,0,0,0,0,0,A_TRUE_ZERO
1kvfdsa,1,0,0,0,0,0,0,0,0,A_TRUE_ZERO
rulpof,3,0,0,0,0,0,0,0,0,A_TRUE_ZERO
1n6jp6b,1,0,0,0,0,0,0,0,0,A_TRUE_ZERO
beaxn2,1,0,0,0,0,0,0,0,0,A_TRUE_ZERO
1ey0iqv,2,0,0,0,0,0,0,0,0,A_TRUE_ZERO
1bx0z8a,3,0,0,0,0,0,0,0,0,A_TRUE_ZERO
1ibmc1c,3,0,0,0,0,0,0,0,0,A_TRUE_ZERO
11ei57s,1,0,0,0,0,0,0,0,0,A_TRUE_ZERO
bhs546,1,0,0,0,0,0,0,0,0,A_TRUE_ZERO
1b7v7s8,1,0,0,0,0,0,0,0,0,A_TRUE_ZERO
1e6jlu0,1,0,0,0,0,0,0,0,0,A_TRUE_ZERO
1cabip1,2,0,0,0,0,0,0,0,0,A_TRUE_ZERO
x4jx4g,1,0,0,0,0,0,0,0,0,A_TRUE_ZERO
f1lfs9,1,0,0,0,0,0,0,0,0,A_TRUE_ZERO
1mw9hhp,1,0,0,0,0,0,0,0,0,A_TRUE_ZERO
1rv3ai9,1,0,0,0,0,0,0,0,0,A_TRUE_ZERO
xkw4mb,1,0,0,0,0,0,0,0,0,A_TRUE_ZERO
15hsdwn,2,0,0,0,0,0,0,0,0,A_TRUE_ZERO
1i04gsu,1,0,0,0,0,0,0,0,0,A_TRUE_ZERO
1j5ybum,2,0,0,0,0,0,0,0,0,A_TRUE_ZERO
g18d1g,1,0,0,0,0,0,0,0,0,A_TRUE_ZERO
m36tgw,3,0,0,0,0,0,0,0,0,A_TRUE_ZERO
uxe4ke,3,0,0,0,0,0,0,0,0,A_TRUE_ZERO
1g99mcy,2,0,0,0,0,0,0,0,0,A_TRUE_ZERO
fgi0sk,2,0,0,0,0,0,0,0,0,A_TRUE_ZERO
kogcr1,1,0,0,0,0,0,0,0,0,A_TRUE_ZERO
j7hevs,1,0,0,0,0,0,0,0,0,A_TRUE_ZERO
1e1qn7n,2,0,0,0,0,0,0,0,0,A_TRUE_ZERO
hms8kv,2,0,0,0,0,0,0,0,0,A_TRUE_ZERO
1c1cule,1,0,0,0,0,0,0,0,0,A_TRUE_ZERO
1o5vx9t,1,0,0,0,0,0,0,0,0,A_TRUE_ZERO
1ddoao9,1,0,0,0,0,0,0,0,0,A_TRUE_ZERO
19aeycj,1,0,0,0,0,0,0,0,0,A_TRUE_ZERO
1i2h6l1,2,0,0,0,0,0,0,0,0,A_TRUE_ZERO
j9zsx0,4,0,0,0,0,0,0,0,0,A_TRUE_ZERO
o16d69,1,0,0,0,0,0,0,0,0,A_TRUE_ZERO
1h0gnmg,1,0,0,0,0,0,0,0,0,A_TRUE_ZERO
1aeq2ax,1,0,0,0,0,0,0,0,0,A_TRUE_ZERO
i8fdlo,1,0,0,0,0,0,0,0,0,A_TRUE_ZERO
q86raq,1,0,0,0,0,0,0,0,0,A_TRUE_ZERO
xw7fh9,2,0,0,0,0,0,0,0,0,A_TRUE_ZERO
u8qx48,2,0,0,0,0,0,0,0,0,A_TRUE_ZERO
1n2os5w,2,0,0,0,0,0,0,0,0,A_TRUE_ZERO
p7h5uq,3,0,0,0,0,0,0,0,0,A_TRUE_ZERO
1pny175,2,0,0,0,0,0,0,0,0,A_TRUE_ZERO
1rwcsoq,1,0,0,0,0,0,0,0,0,A_TRUE_ZERO
14agous,1,0,0,0,0,0,0,0,0,A_TRUE_ZERO
1hgo3i4,1,0,0,0,0,0,0,0,0,A_TRUE_ZERO
11g4yjv,1,0,0,0,0,0,0,0,0,A_TRUE_ZERO
1hfnn76,1,0,0,0,0,0,0,0,0,A_TRUE_ZERO
fkqdey,2,0,0,0,0,0,0,0,0,A_TRUE_ZERO
1fey3jo,1,0,0,0,0,0,0,0,0,A_TRUE_ZERO
18nx68b,1,0,0,0,0,0,0,0,0,A_TRUE_ZERO
1axgbrs,1,0,0,0,0,0,0,0,0,A_TRUE_ZERO
wrl964,2,0,0,0,0,0,0,0,0,A_TRUE_ZERO
16l81xf,2,0,0,0,0,0,0,0,0,A_TRUE_ZERO
uoucwo,1,0,0,0,0,0,0,0,0,A_TRUE_ZERO
wgf6xo,1,0,0,0,0,0,0,0,0,A_TRUE_ZERO
1gm03hq,2,0,0,0,0,0,0,0,0,A_TRUE_ZERO
nltgef,4,0,0,0,0,0,0,0,0,A_TRUE_ZERO
1s62xjq,1,0,0,0,0,0,0,0,0,A_TRUE_ZERO
mgr49f,1,0,0,0,0,0,0,0,0,A_TRUE_ZERO
11yd8uw,1,0,0,0,0,0,0,0,0,A_TRUE_ZERO
c0p34h,2,0,0,0,0,0,0,0,0,A_TRUE_ZERO
qzyp2b,1,6,5,1,0,0,0,0,0,B_FILTERED_OUT
gswdhi,3,0,0,0,0,0,0,0,0,A_TRUE_ZERO
1qkd64f,1,0,0,0,0,0,0,0,0,A_TRUE_ZERO
bbqnr3,1,0,0,0,0,0,0,0,0,A_TRUE_ZERO
1q9ai9n,1,0,0,0,0,0,0,0,0,A_TRUE_ZERO
urt249,1,0,0,0,0,0,0,0,0,A_TRUE_ZERO
evluxx,1,0,0,0,0,0,0,0,0,A_TRUE_ZERO
15dn503,1,0,0,0,0,0,0,0,0,A_TRUE_ZERO
1qcvnym,2,0,0,0,0,0,0,0,0,A_TRUE_ZERO
1cb1885,1,0,0,0,0,0,0,0,0,A_TRUE_ZERO
e9bbyl,1,0,0,0,0,0,0,0,0,A_TRUE_ZERO
czv71f,1,0,0,0,0,0,0,0,0,A_TRUE_ZERO
1pppkwv,3,0,0,0,0,0,0,0,0,A_TRUE_ZERO
12099i0,2,0,0,0,0,0,0,0,0,A_TRUE_ZERO
1l23ulc,2,0,0,0,0,0,0,0,0,A_TRUE_ZERO
1e4tpf0,2,0,0,0,0,0,0,0,0,A_TRUE_ZERO
1asciaw,1,0,0,0,0,0,0,0,0,A_TRUE_ZERO
f7zt93,1,0,0,0,0,0,0,0,0,A_TRUE_ZERO
19fncsl,1,0,0,0,0,0,0,0,0,A_TRUE_ZERO
1ck49y1,2,0,0,0,0,0,0,0,0,A_TRUE_ZERO
19en1tu,1,0,0,0,0,0,0,0,0,A_TRUE_ZERO
rut2wy,1,0,0,0,0,0,0,0,0,A_TRUE_ZERO
1dsr056,2,0,0,0,0,0,0,0,0,A_TRUE_ZERO
o0drln,1,0,0,0,0,0,0,0,0,A_TRUE_ZERO
q3hb6g,1,0,0,0,0,0,0,0,0,A_TRUE_ZERO
pcrh1v,2,0,0,0,0,0,0,0,0,A_TRUE_ZERO
1dt5ghj,1,0,0,0,0,0,0,0,0,A_TRUE_ZERO
1879pkp,1,0,0,0,0,0,0,0,0,A_TRUE_ZERO
i5jo3x,1,0,0,0,0,0,0,0,0,A_TRUE_ZERO
1cxub7g,1,0,0,0,0,0,0,0,0,A_TRUE_ZERO
1b7csvq,1,0,0,0,0,0,0,0,0,A_TRUE_ZERO
1hhc7l9,1,0,0,0,0,0,0,0,0,A_TRUE_ZERO
rgp5rb,2,0,0,0,0,0,0,0,0,A_TRUE_ZERO
tes7oz,2,0,0,0,0,0,0,0,0,A_TRUE_ZERO
covfa8,1,0,0,0,0,0,0,0,0,A_TRUE_ZERO
n8wf0a,4,0,0,0,0,0,0,0,0,A_TRUE_ZERO
1r69ku6,4,0,0,0,0,0,0,0,0,A_TRUE_ZERO
bkesfk,1,0,0,0,0,0,0,0,0,A_TRUE_ZERO
m9kgus,1,0,0,0,0,0,0,0,0,A_TRUE_ZERO
bi9463,1,0,0,0,0,0,0,0,0,A_TRUE_ZERO
1e1oq2d,2,0,0,0,0,0,0,0,0,A_TRUE_ZERO
f3br0d,3,0,0,0,0,0,0,0,0,A_TRUE_ZERO
1q23z0b,1,0,0,0,0,0,0,0,0,A_TRUE_ZERO
1czppf6,1,0,0,0,0,0,0,0,0,A_TRUE_ZERO
1bwxftz,1,0,0,0,0,0,0,0,0,A_TRUE_ZERO
jo3prx,1,0,0,0,0,0,0,0,0,A_TRUE_ZERO
mnrr3v,2,0,0,0,0,0,0,0,0,A_TRUE_ZERO
f3xy0s,2,0,0,0,0,0,0,0,0,A_TRUE_ZERO
1m2iyfe,1,0,0,0,0,0,0,0,0,A_TRUE_ZERO
hqlbms,2,0,0,0,0,0,0,0,0,A_TRUE_ZERO
rmr153,1,0,0,0,0,0,0,0,0,A_TRUE_ZERO
102k638,1,0,0,0,0,0,0,0,0,A_TRUE_ZERO
1k5e45u,1,0,0,0,0,0,0,0,0,A_TRUE_ZERO
1bbhcc1,1,0,0,0,0,0,0,0,0,A_TRUE_ZERO
1myoabu,1,0,0,0,0,0,0,0,0,A_TRUE_ZERO
zn9x8v,1,0,0,0,0,0,0,0,0,A_TRUE_ZERO
ud6mlu,2,0,0,0,0,0,0,0,0,A_TRUE_ZERO
1iyeil5,1,0,0,0,0,0,0,0,0,A_TRUE_ZERO
vtp8fr,3,0,0,0,0,0,0,0,0,A_TRUE_ZERO
rl5e8l,1,0,0,0,0,0,0,0,0,A_TRUE_ZERO
1o8aujc,1,0,0,0,0,0,0,0,0,A_TRUE_ZERO
1ryusri,1,0,0,0,0,0,0,0,0,A_TRUE_ZERO
1gbgu3j,3,0,0,0,0,0,0,0,0,A_TRUE_ZERO
1juxk0d,1,0,0,0,0,0,0,0,0,A_TRUE_ZERO
1m8idga,1,0,0,0,0,0,0,0,0,A_TRUE_ZERO
11u4g31,2,0,0,0,0,0,0,0,0,A_TRUE_ZERO
125ot8p,1,0,0,0,0,0,0,0,0,A_TRUE_ZERO
e1peti,1,0,0,0,0,0,0,0,0,A_TRUE_ZERO
15hu3in,2,0,0,0,0,0,0,0,0,A_TRUE_ZERO
1eqvmyq,1,0,0,0,0,0,0,0,0,A_TRUE_ZERO
1famzir,2,0,0,0,0,0,0,0,0,A_TRUE_ZERO
1kxwjtn,1,0,0,0,0,0,0,0,0,A_TRUE_ZERO
1l8hly3,1,0,0,0,0,0,0,0,0,A_TRUE_ZERO
18dtpib,1,0,0,0,0,0,0,0,0,A_TRUE_ZERO
1l3o3xp,1,0,0,0,0,0,0,0,0,A_TRUE_ZERO
17k0shv,2,0,0,0,0,0,0,0,0,A_TRUE_ZERO
pexcnh,2,0,0,0,0,0,0,0,0,A_TRUE_ZERO
1crhgxz,1,0,0,0,0,0,0,0,0,A_TRUE_ZERO
118l5aq,1,0,0,0,0,0,0,0,0,A_TRUE_ZERO
13n3bgy,1,0,0,0,0,0,0,0,0,A_TRUE_ZERO
1po7bsn,1,0,0,0,0,0,0,0,0,A_TRUE_ZERO
fnbbfi,1,0,0,0,0,0,0,0,0,A_TRUE_ZERO
u0xdxw,1,0,0,0,0,0,0,0,0,A_TRUE_ZERO
17rb44d,2,0,0,0,0,0,0,0,0,A_TRUE_ZERO
1i7vgbb,2,0,0,0,0,0,0,0,0,A_TRUE_ZERO
15btu6p,3,0,0,0,0,0,0,0,0,A_TRUE_ZERO
14yjvgo,2,0,0,0,0,0,0,0,0,A_TRUE_ZERO
1h0p88x,1,0,0,0,0,0,0,0,0,A_TRUE_ZERO
nag552,2,0,0,0,0,0,0,0,0,A_TRUE_ZERO
16vb1dx,3,0,0,0,0,0,0,0,0,A_TRUE_ZERO
1c4j4q4,2,0,0,0,0,0,0,0,0,A_TRUE_ZERO
pqfg89,1,0,0,0,0,0,0,0,0,A_TRUE_ZERO
1h7t7ei,2,0,0,0,0,0,0,0,0,A_TRUE_ZERO
oauo5g,3,0,0,0,0,0,0,0,0,A_TRUE_ZERO
wmnnjz,1,0,0,0,0,0,0,0,0,A_TRUE_ZERO
xlb7t8,2,0,0,0,0,0,0,0,0,A_TRUE_ZERO
1eew1b2,2,0,0,0,0,0,0,0,0,A_TRUE_ZERO
1s9nlff,1,0,0,0,0,0,0,0,0,A_TRUE_ZERO
1egpzyk,1,0,0,0,0,0,0,0,0,A_TRUE_ZERO
w3b47j,1,0,0,0,0,0,0,0,0,A_TRUE_ZERO
1rcvo5z,2,0,0,0,0,0,0,0,0,A_TRUE_ZERO
x3lz8y,1,0,0,0,0,0,0,0,0,A_TRUE_ZERO
dfjz1h,2,0,0,0,0,0,0,0,0,A_TRUE_ZERO
1egc2kf,1,0,0,0,0,0,0,0,0,A_TRUE_ZERO
1bem6zy,1,0,0,0,0,0,0,0,0,A_TRUE_ZERO
s3i9nl,1,0,0,0,0,0,0,0,0,A_TRUE_ZERO
ux3pqj,1,0,0,0,0,0,0,0,0,A_TRUE_ZERO
xnzlim,1,0,0,0,0,0,0,0,0,A_TRUE_ZERO
yfhqpp,1,0,0,0,0,0,0,0,0,A_TRUE_ZERO
10rqwyq,1,0,0,0,0,0,0,0,0,A_TRUE_ZERO
1fjv8rl,1,0,0,0,0,0,0,0,0,A_TRUE_ZERO
1rpztny,2,0,0,0,0,0,0,0,0,A_TRUE_ZERO
1mexxpv,2,0,0,0,0,0,0,0,0,A_TRUE_ZERO
17kazjk,2,0,0,0,0,0,0,0,0,A_TRUE_ZERO
1j2kdkf,2,0,0,0,0,0,0,0,0,A_TRUE_ZERO
hig4cf,1,0,0,0,0,0,0,0,0,A_TRUE_ZERO
11rzq2a,1,0,0,0,0,0,0,0,0,A_TRUE_ZERO
1952zyi,2,0,0,0,0,0,0,0,0,A_TRUE_ZERO
n0r0fx,1,0,0,0,0,0,0,0,0,A_TRUE_ZERO
rssci1,1,0,0,0,0,0,0,0,0,A_TRUE_ZERO
z80vja,2,0,0,0,0,0,0,0,0,A_TRUE_ZERO
156r7di,2,0,0,0,0,0,0,0,0,A_TRUE_ZERO
157xalu,1,0,0,0,0,0,0,0,0,A_TRUE_ZERO
qgwoom,1,0,0,0,0,0,0,0,0,A_TRUE_ZERO
c4q0ng,3,0,0,0,0,0,0,0,0,A_TRUE_ZERO
12v4j8u,3,0,0,0,0,0,0,0,0,A_TRUE_ZERO
18nlljc,3,0,0,0,0,0,0,0,0,A_TRUE_ZERO
ofmgi8,1,0,0,0,0,0,0,0,0,A_TRUE_ZERO
f80r5n,1,0,0,0,0,0,0,0,0,A_TRUE_ZERO
s0os6g,1,0,0,0,0,0,0,0,0,A_TRUE_ZERO
ooz6zf,1,0,0,0,0,0,0,0,0,A_TRUE_ZERO
1hyeb07,1,0,0,0,0,0,0,0,0,A_TRUE_ZERO
x85mh8,3,0,0,0,0,0,0,0,0,A_TRUE_ZERO
gs7lyi,1,0,0,0,0,0,0,0,0,A_TRUE_ZERO
1j2y0pk,1,0,0,0,0,0,0,0,0,A_TRUE_ZERO
bb8mqg,1,0,0,0,0,0,0,0,0,A_TRUE_ZERO
1kgj3nn,3,0,0,0,0,0,0,0,0,A_TRUE_ZERO
17mmyk4,2,0,0,0,0,0,0,0,0,A_TRUE_ZERO
1fudi19,1,0,0,0,0,0,0,0,0,A_TRUE_ZERO
1rete7r,2,0,0,0,0,0,0,0,0,A_TRUE_ZERO
198yn06,1,0,0,0,0,0,0,0,0,A_TRUE_ZERO
lnhbrl,1,0,0,0,0,0,0,0,0,A_TRUE_ZERO
1lxcmoo,1,0,0,0,0,0,0,0,0,A_TRUE_ZERO
1mo3m55,3,0,0,0,0,0,0,0,0,A_TRUE_ZERO
e772yu,1,0,0,0,0,0,0,0,0,A_TRUE_ZERO
11fi6ra,1,0,0,0,0,0,0,0,0,A_TRUE_ZERO
1dzxauu,2,0,0,0,0,0,0,0,0,A_TRUE_ZERO
sppfuo,1,0,0,0,0,0,0,0,0,A_TRUE_ZERO
i5jmc7,3,0,0,0,0,0,0,0,0,A_TRUE_ZERO
1p64vqo,1,0,0,0,0,0,0,0,0,A_TRUE_ZERO
hwqkqz,3,0,0,0,0,0,0,0,0,A_TRUE_ZERO
1e7mo45,2,0,0,0,0,0,0,0,0,A_TRUE_ZERO
1o6i39g,3,0,0,0,0,0,0,0,0,A_TRUE_ZERO
xb3qj1,3,0,0,0,0,0,0,0,0,A_TRUE_ZERO
14tjn7t,1,0,0,0,0,0,0,0,0,A_TRUE_ZERO
1ij4fl9,2,0,0,0,0,0,0,0,0,A_TRUE_ZERO
1l1yt8y,1,0,0,0,0,0,0,0,0,A_TRUE_ZERO
1pixq7w,1,0,0,0,0,0,0,0,0,A_TRUE_ZERO
13otu0l,1,0,0,0,0,0,0,0,0,A_TRUE_ZERO
knqbjq,1,0,0,0,0,0,0,0,0,A_TRUE_ZERO
bdz83a,1,0,0,0,0,0,0,0,0,A_TRUE_ZERO
18649dl,1,0,0,0,0,0,0,0,0,A_TRUE_ZERO
be7vb2,1,0,0,0,0,0,0,0,0,A_TRUE_ZERO
1fant0h,1,0,0,0,0,0,0,0,0,A_TRUE_ZERO
wl1xu7,1,0,0,0,0,0,0,0,0,A_TRUE_ZERO
fkbkdg,1,0,0,0,0,0,0,0,0,A_TRUE_ZERO
1c2k54f,2,0,0,0,0,0,0,0,0,A_TRUE_ZERO
1llt1n3,2,0,0,0,0,0,0,0,0,A_TRUE_ZERO
ckj31o,1,0,0,0,0,0,0,0,0,A_TRUE_ZERO
j3ixcr,1,0,0,0,0,0,0,0,0,A_TRUE_ZERO
1dnrodh,1,0,0,0,0,0,0,0,0,A_TRUE_ZERO
1omd495,4,0,0,0,0,0,0,0,0,A_TRUE_ZERO
zdh23n,1,0,0,0,0,0,0,0,0,A_TRUE_ZERO
1mmyqtf,3,0,0,0,0,0,0,0,0,A_TRUE_ZERO
14wv6wa,1,0,0,0,0,0,0,0,0,A_TRUE_ZERO
17vv4w8,3,0,0,0,0,0,0,0,0,A_TRUE_ZERO
1rjbe59,3,0,0,0,0,0,0,0,0,A_TRUE_ZERO
xuj094,1,0,0,0,0,0,0,0,0,A_TRUE_ZERO
hzmqo7,1,0,0,0,0,0,0,0,0,A_TRUE_ZERO
1aommse,3,0,0,0,0,0,0,0,0,A_TRUE_ZERO
oobuff,3,0,0,0,0,0,0,0,0,A_TRUE_ZERO
15nuhmk,1,0,0,0,0,0,0,0,0,A_TRUE_ZERO
1ql31sa,1,0,0,0,0,0,0,0,0,A_TRUE_ZERO
itrhmk,1,0,0,0,0,0,0,0,0,A_TRUE_ZERO
jcais7,3,0,0,0,0,0,0,0,0,A_TRUE_ZERO
18ch64x,1,0,0,0,0,0,0,0,0,A_TRUE_ZERO
154dhgt,2,0,0,0,0,0,0,0,0,A_TRUE_ZERO
bonfnz,1,0,0,0,0,0,0,0,0,A_TRUE_ZERO
1jgw3ab,1,0,0,0,0,0,0,0,0,A_TRUE_ZERO
gnk6gw,1,0,0,0,0,0,0,0,0,A_TRUE_ZERO
1nesw3j,1,0,0,0,0,0,0,0,0,A_TRUE_ZERO
18o1hmq,1,0,0,0,0,0,0,0,0,A_TRUE_ZERO
13983ua,2,0,0,0,0,0,0,0,0,A_TRUE_ZERO
1659ylz,1,0,0,0,0,0,0,0,0,A_TRUE_ZERO
1pbnjcj,1,0,0,0,0,0,0,0,0,A_TRUE_ZERO
1ihvjic,1,0,0,0,0,0,0,0,0,A_TRUE_ZERO
o1yieg,1,0,0,0,0,0,0,0,0,A_TRUE_ZERO
qqaedr,1,0,0,0,0,0,0,0,0,A_TRUE_ZERO
vi3f8c,2,0,0,0,0,0,0,0,0,A_TRUE_ZERO
1bnlgnn,1,0,0,0,0,0,0,0,0,A_TRUE_ZERO
1bzemvb,1,0,0,0,0,0,0,0,0,A_TRUE_ZERO
pyzzig,1,0,0,0,0,0,0,0,0,A_TRUE_ZERO
v83erw,1,0,0,0,0,0,0,0,0,A_TRUE_ZERO
1b7uwii,1,0,0,0,0,0,0,0,0,A_TRUE_ZERO
e03iwm,3,0,0,0,0,0,0,0,0,A_TRUE_ZERO
12a6tyd,1,0,0,0,0,0,0,0,0,A_TRUE_ZERO
oz3e5v,1,0,0,0,0,0,0,0,0,A_TRUE_ZERO
vctf3v,1,0,0,0,0,0,0,0,0,A_TRUE_ZERO
1sd8sff,1,0,0,0,0,0,0,0,0,A_TRUE_ZERO
1koacrf,1,0,0,0,0,0,0,0,0,A_TRUE_ZERO
cp1mnp,3,0,0,0,0,0,0,0,0,A_TRUE_ZERO
1iyav5m,3,0,0,0,0,0,0,0,0,A_TRUE_ZERO
uhfppa,2,0,0,0,0,0,0,0,0,A_TRUE_ZERO
bp6dn1,1,0,0,0,0,0,0,0,0,A_TRUE_ZERO
battyv,1,0,0,0,0,0,0,0,0,A_TRUE_ZERO
1d2xejd,1,0,0,0,0,0,0,0,0,A_TRUE_ZERO
txt7uy,1,0,0,0,0,0,0,0,0,A_TRUE_ZERO
1dpbz18,1,0,0,0,0,0,0,0,0,A_TRUE_ZERO
qctxtl,3,0,0,0,0,0,0,0,0,A_TRUE_ZERO
1s87ybf,2,0,0,0,0,0,0,0,0,A_TRUE_ZERO
rv6jxq,1,0,0,0,0,0,0,0,0,A_TRUE_ZERO
muef9x,3,0,0,0,0,0,0,0,0,A_TRUE_ZERO
da3xza,4,0,0,0,0,0,0,0,0,A_TRUE_ZERO
1mqxsul,1,0,0,0,0,0,0,0,0,A_TRUE_ZERO
esxr6d,3,0,0,0,0,0,0,0,0,A_TRUE_ZERO
fdgl2z,1,0,0,0,0,0,0,0,0,A_TRUE_ZERO
1ayoefm,2,0,0,0,0,0,0,0,0,A_TRUE_ZERO
1ibeaen,1,0,0,0,0,0,0,0,0,A_TRUE_ZERO
ztm426,1,0,0,0,0,0,0,0,0,A_TRUE_ZERO
124rp48,1,0,0,0,0,0,0,0,0,A_TRUE_ZERO
12buxr9,1,0,0,0,0,0,0,0,0,A_TRUE_ZERO
vjn0hp,2,0,0,0,0,0,0,0,0,A_TRUE_ZERO
jjuxee,2,0,0,0,0,0,0,0,0,A_TRUE_ZERO
cblgxa,1,0,0,0,0,0,0,0,0,A_TRUE_ZERO
t1c7dp,1,0,0,0,0,0,0,0,0,A_TRUE_ZERO
e2p4id,1,0,0,0,0,0,0,0,0,A_TRUE_ZERO
1c1831n,2,0,0,0,0,0,0,0,0,A_TRUE_ZERO
1ic5jrd,1,0,0,0,0,0,0,0,0,A_TRUE_ZERO
1q51t1i,2,0,0,0,0,0,0,0,0,A_TRUE_ZERO
1dacp5x,1,0,0,0,0,0,0,0,0,A_TRUE_ZERO
1h1glck,1,0,0,0,0,0,0,0,0,A_TRUE_ZERO
p4f7nj,3,0,0,0,0,0,0,0,0,A_TRUE_ZERO
148oezo,3,0,0,0,0,0,0,0,0,A_TRUE_ZERO
1h63cvh,2,0,0,0,0,0,0,0,0,A_TRUE_ZERO
12xuset,3,0,0,0,0,0,0,0,0,A_TRUE_ZERO
1o6qml3,1,0,0,0,0,0,0,0,0,A_TRUE_ZERO
1aits0v,4,0,0,0,0,0,0,0,0,A_TRUE_ZERO
fgc30y,2,0,0,0,0,0,0,0,0,A_TRUE_ZERO
liapa7,2,0,0,0,0,0,0,0,0,A_TRUE_ZERO
vrbwnr,1,0,0,0,0,0,0,0,0,A_TRUE_ZERO
11bduwg,3,0,0,0,0,0,0,0,0,A_TRUE_ZERO
1lee914,3,0,0,0,0,0,0,0,0,A_TRUE_ZERO
1oq7l5v,1,0,0,0,0,0,0,0,0,A_TRUE_ZERO
tacig4,1,0,0,0,0,0,0,0,0,A_TRUE_ZERO
1j9rue8,1,0,0,0,0,0,0,0,0,A_TRUE_ZERO
jowcgh,2,0,0,0,0,0,0,0,0,A_TRUE_ZERO
xvytsb,3,0,0,0,0,0,0,0,0,A_TRUE_ZERO
jo9ogq,1,0,0,0,0,0,0,0,0,A_TRUE_ZERO
1l1oyzd,1,0,0,0,0,0,0,0,0,A_TRUE_ZERO
esuvzu,1,0,0,0,0,0,0,0,0,A_TRUE_ZERO
1f14pto,1,0,0,0,0,0,0,0,0,A_TRUE_ZERO
1eaiplu,1,0,0,0,0,0,0,0,0,A_TRUE_ZERO
kezvrv,3,0,0,0,0,0,0,0,0,A_TRUE_ZERO
l7av18,3,0,0,0,0,0,0,0,0,A_TRUE_ZERO
ovsxdr,1,0,0,0,0,0,0,0,0,A_TRUE_ZERO
1lzn9hc,2,0,0,0,0,0,0,0,0,A_TRUE_ZERO
goiyv9,1,0,0,0,0,0,0,0,0,A_TRUE_ZERO
18hryon,2,0,0,0,0,0,0,0,0,A_TRUE_ZERO
14xhys4,1,0,0,0,0,0,0,0,0,A_TRUE_ZERO
1oky7j1,1,0,0,0,0,0,0,0,0,A_TRUE_ZERO
1dllnsb,2,0,0,0,0,0,0,0,0,A_TRUE_ZERO
1qk8t77,4,0,0,0,0,0,0,0,0,A_TRUE_ZERO
umckbo,1,0,0,0,0,0,0,0,0,A_TRUE_ZERO
1agosjv,1,0,0,0,0,0,0,0,0,A_TRUE_ZERO
1geyywn,1,0,0,0,0,0,0,0,0,A_TRUE_ZERO
i8gol6,2,0,0,0,0,0,0,0,0,A_TRUE_ZERO
f71rpx,2,0,0,0,0,0,0,0,0,A_TRUE_ZERO
ks0auo,1,0,0,0,0,0,0,0,0,A_TRUE_ZERO
1ew58ca,1,0,0,0,0,0,0,0,0,A_TRUE_ZERO
e5w3qt,2,0,0,0,0,0,0,0,0,A_TRUE_ZERO
1n0if1d,1,0,0,0,0,0,0,0,0,A_TRUE_ZERO
fax3uy,1,0,0,0,0,0,0,0,0,A_TRUE_ZERO
wyjej6,1,0,0,0,0,0,0,0,0,A_TRUE_ZERO
yiqyza,1,0,0,0,0,0,0,0,0,A_TRUE_ZERO
160ctxh,1,0,0,0,0,0,0,0,0,A_TRUE_ZERO
1jppp6x,2,0,0,0,0,0,0,0,0,A_TRUE_ZERO
1ncb4nn,1,0,0,0,0,0,0,0,0,A_TRUE_ZERO
10yeqpe,2,0,0,0,0,0,0,0,0,A_TRUE_ZERO
1b12syq,1,0,0,0,0,0,0,0,0,A_TRUE_ZERO
hn6x02,1,0,0,0,0,0,0,0,0,A_TRUE_ZERO
kz62i7,2,0,0,0,0,0,0,0,0,A_TRUE_ZERO
wla0mo,2,0,0,0,0,0,0,0,0,A_TRUE_ZERO
17pz2rw,1,0,0,0,0,0,0,0,0,A_TRUE_ZERO
uea8gw,1,0,0,0,0,0,0,0,0,A_TRUE_ZERO
czczqs,2,0,0,0,0,0,0,0,0,A_TRUE_ZERO
m3m0kq,2,0,0,0,0,0,0,0,0,A_TRUE_ZERO
igo2wg,1,0,0,0,0,0,0,0,0,A_TRUE_ZERO
dgie7z,3,0,0,0,0,0,0,0,0,A_TRUE_ZERO
1ppzytp,1,0,0,0,0,0,0,0,0,A_TRUE_ZERO
1799h64,1,0,0,0,0,0,0,0,0,A_TRUE_ZERO
fsyhwm,1,0,0,0,0,0,0,0,0,A_TRUE_ZERO
mx6eg5,2,0,0,0,0,0,0,0,0,A_TRUE_ZERO
s0r6fi,3,0,0,0,0,0,0,0,0,A_TRUE_ZERO
1hcdcit,1,0,0,0,0,0,0,0,0,A_TRUE_ZERO
11s4kzz,1,0,0,0,0,0,0,0,0,A_TRUE_ZERO
1b4xl8j,1,0,0,0,0,0,0,0,0,A_TRUE_ZERO
1l44n27,1,0,0,0,0,0,0,0,0,A_TRUE_ZERO
13mcb3d,1,0,0,0,0,0,0,0,0,A_TRUE_ZERO
122trz2,1,0,0,0,0,0,0,0,0,A_TRUE_ZERO
1btvo3n,2,0,0,0,0,0,0,0,0,A_TRUE_ZERO
1jd869h,2,0,0,0,0,0,0,0,0,A_TRUE_ZERO
1angobm,1,0,0,0,0,0,0,0,0,A_TRUE_ZERO
1fzyki2,1,0,0,0,0,0,0,0,0,A_TRUE_ZERO
15cgm4p,1,0,0,0,0,0,0,0,0,A_TRUE_ZERO
188grvg,1,0,0,0,0,0,0,0,0,A_TRUE_ZERO
oaj2uq,1,0,0,0,0,0,0,0,0,A_TRUE_ZERO
1m2wlu6,3,0,0,0,0,0,0,0,0,A_TRUE_ZERO
ffmwop,1,0,0,0,0,0,0,0,0,A_TRUE_ZERO
1eqpykj,3,0,0,0,0,0,0,0,0,A_TRUE_ZERO
1f30c6w,1,0,0,0,0,0,0,0,0,A_TRUE_ZERO
masflz,1,0,0,0,0,0,0,0,0,A_TRUE_ZERO
f0h6fa,1,0,0,0,0,0,0,0,0,A_TRUE_ZERO
1ggbxz3,3,0,0,0,0,0,0,0,0,A_TRUE_ZERO
hyzaqq,2,0,0,0,0,0,0,0,0,A_TRUE_ZERO
1bl1js0,1,0,0,0,0,0,0,0,0,A_TRUE_ZERO
su2u4q,1,0,0,0,0,0,0,0,0,A_TRUE_ZERO
m5ghpl,1,0,0,0,0,0,0,0,0,A_TRUE_ZERO
137pha1,2,0,0,0,0,0,0,0,0,A_TRUE_ZERO
kebfbe,2,0,0,0,0,0,0,0,0,A_TRUE_ZERO
xsqzlt,1,0,0,0,0,0,0,0,0,A_TRUE_ZERO
l8fpcj,1,0,0,0,0,0,0,0,0,A_TRUE_ZERO
1qgv6rn,1,0,0,0,0,0,0,0,0,A_TRUE_ZERO
15os94a,1,0,0,0,0,0,0,0,0,A_TRUE_ZERO
m6a53z,1,0,0,0,0,0,0,0,0,A_TRUE_ZERO
1emftuv,1,0,0,0,0,0,0,0,0,A_TRUE_ZERO
1m6nhfq,3,0,0,0,0,0,0,0,0,A_TRUE_ZERO
1e7t7wv,2,0,0,0,0,0,0,0,0,A_TRUE_ZERO
17ab4ln,1,0,0,0,0,0,0,0,0,A_TRUE_ZERO
14bz5px,4,0,0,0,0,0,0,0,0,A_TRUE_ZERO
13fisfd,1,0,0,0,0,0,0,0,0,A_TRUE_ZERO
surtci,3,0,0,0,0,0,0,0,0,A_TRUE_ZERO
16je9l4,1,0,0,0,0,0,0,0,0,A_TRUE_ZERO
1831def,1,0,0,0,0,0,0,0,0,A_TRUE_ZERO
10x2bxf,2,0,0,0,0,0,0,0,0,A_TRUE_ZERO
1i5ez9c,1,0,0,0,0,0,0,0,0,A_TRUE_ZERO
j8b6yl,1,0,0,0,0,0,0,0,0,A_TRUE_ZERO
1jx0fqb,3,0,0,0,0,0,0,0,0,A_TRUE_ZERO
wr7ejl,2,0,0,0,0,0,0,0,0,A_TRUE_ZERO
x5kpnz,1,0,0,0,0,0,0,0,0,A_TRUE_ZERO
jt5u9v,1,0,0,0,0,0,0,0,0,A_TRUE_ZERO
panh95,1,0,0,0,0,0,0,0,0,A_TRUE_ZERO
1gs89kj,4,0,0,0,0,0,0,0,0,A_TRUE_ZERO
1epbd0a,2,0,0,0,0,0,0,0,0,A_TRUE_ZERO
10cba1f,3,0,0,0,0,0,0,0,0,A_TRUE_ZERO
1ie8tff,1,0,0,0,0,0,0,0,0,A_TRUE_ZERO
1njcpcn,2,0,0,0,0,0,0,0,0,A_TRUE_ZERO
14y7vmn,1,0,0,0,0,0,0,0,0,A_TRUE_ZERO
18sr1uc,1,0,0,0,0,0,0,0,0,A_TRUE_ZERO
1adh7wf,2,0,0,0,0,0,0,0,0,A_TRUE_ZERO
1asjbro,1,0,0,0,0,0,0,0,0,A_TRUE_ZERO
113rz7n,1,0,0,0,0,0,0,0,0,A_TRUE_ZERO
s1h8hh,1,0,0,0,0,0,0,0,0,A_TRUE_ZERO
ckpoit,1,0,0,0,0,0,0,0,0,A_TRUE_ZERO
1666eud,1,0,0,0,0,0,0,0,0,A_TRUE_ZERO
ps5up6,3,0,0,0,0,0,0,0,0,A_TRUE_ZERO
16boolv,2,0,0,0,0,0,0,0,0,A_TRUE_ZERO
qnmi5t,1,0,0,0,0,0,0,0,0,A_TRUE_ZERO
1m833zh,1,0,0,0,0,0,0,0,0,A_TRUE_ZERO
dbi9ab,1,0,0,0,0,0,0,0,0,A_TRUE_ZERO
ilj0gd,1,0,0,0,0,0,0,0,0,A_TRUE_ZERO
1jpvwdt,2,0,0,0,0,0,0,0,0,A_TRUE_ZERO
1eaib9l,1,0,0,0,0,0,0,0,0,A_TRUE_ZERO
dw94di,3,0,0,0,0,0,0,0,0,A_TRUE_ZERO
ofwrbn,1,0,0,0,0,0,0,0,0,A_TRUE_ZERO
17fr281,1,0,0,0,0,0,0,0,0,A_TRUE_ZERO
jr3d2s,1,0,0,0,0,0,0,0,0,A_TRUE_ZERO
foit5o,3,0,0,0,0,0,0,0,0,A_TRUE_ZERO
1hsvqqz,2,0,0,0,0,0,0,0,0,A_TRUE_ZERO
1ma8wn4,1,0,0,0,0,0,0,0,0,A_TRUE_ZERO
16x3dpx,3,0,0,0,0,0,0,0,0,A_TRUE_ZERO
1hioxil,1,0,0,0,0,0,0,0,0,A_TRUE_ZERO
1nds08g,2,0,0,0,0,0,0,0,0,A_TRUE_ZERO
1d2mz67,1,0,0,0,0,0,0,0,0,A_TRUE_ZERO
18yf6ae,1,0,0,0,0,0,0,0,0,A_TRUE_ZERO
gxbwy2,2,0,0,0,0,0,0,0,0,A_TRUE_ZERO
wjgeam,2,0,0,0,0,0,0,0,0,A_TRUE_ZERO
ueajvf,1,0,0,0,0,0,0,0,0,A_TRUE_ZERO
1hjyh4g,1,0,0,0,0,0,0,0,0,A_TRUE_ZERO
o7smva,3,0,0,0,0,0,0,0,0,A_TRUE_ZERO
jrt6we,1,0,0,0,0,0,0,0,0,A_TRUE_ZERO
1e1aeuf,2,0,0,0,0,0,0,0,0,A_TRUE_ZERO
1f8omnj,1,0,0,0,0,0,0,0,0,A_TRUE_ZERO
c0mjcf,3,0,0,0,0,0,0,0,0,A_TRUE_ZERO
w8uewf,2,0,0,0,0,0,0,0,0,A_TRUE_ZERO
1mkz9tv,1,0,0,0,0,0,0,0,0,A_TRUE_ZERO
scb93h,3,0,0,0,0,0,0,0,0,A_TRUE_ZERO
11rvca8,3,0,0,0,0,0,0,0,0,A_TRUE_ZERO
id2j0v,1,0,0,0,0,0,0,0,0,A_TRUE_ZERO
v5es2f,1,0,0,0,0,0,0,0,0,A_TRUE_ZERO
16derqd,3,0,0,0,0,0,0,0,0,A_TRUE_ZERO
14l1efd,1,0,0,0,0,0,0,0,0,A_TRUE_ZERO
gaz1e9,2,0,0,0,0,0,0,0,0,A_TRUE_ZERO
wpus85,2,0,0,0,0,0,0,0,0,A_TRUE_ZERO
11a2im4,1,0,0,0,0,0,0,0,0,A_TRUE_ZERO
zwnylt,2,0,0,0,0,0,0,0,0,A_TRUE_ZERO
1ha42y8,1,0,0,0,0,0,0,0,0,A_TRUE_ZERO
1em7fqw,1,0,0,0,0,0,0,0,0,A_TRUE_ZERO
1kh0url,1,0,0,0,0,0,0,0,0,A_TRUE_ZERO
bwde4h,1,0,0,0,0,0,0,0,0,A_TRUE_ZERO
1ie8xiz,2,0,0,0,0,0,0,0,0,A_TRUE_ZERO
1009hti,1,0,0,0,0,0,0,0,0,A_TRUE_ZERO
1gmid75,1,0,0,0,0,0,0,0,0,A_TRUE_ZERO
wwi99w,1,0,0,0,0,0,0,0,0,A_TRUE_ZERO
1exsyil,4,0,0,0,0,0,0,0,0,A_TRUE_ZERO
17bh0em,1,0,0,0,0,0,0,0,0,A_TRUE_ZERO
rxfk5y,2,0,0,0,0,0,0,0,0,A_TRUE_ZERO
j6gcb8,1,0,0,0,0,0,0,0,0,A_TRUE_ZERO
rvji5j,1,0,0,0,0,0,0,0,0,A_TRUE_ZERO
1kihhmx,1,0,0,0,0,0,0,0,0,A_TRUE_ZERO
1n60unb,1,0,0,0,0,0,0,0,0,A_TRUE_ZERO
tjj7kp,3,0,0,0,0,0,0,0,0,A_TRUE_ZERO
17ob3p6,1,0,0,0,0,0,0,0,0,A_TRUE_ZERO
1fk9spn,2,0,0,0,0,0,0,0,0,A_TRUE_ZERO
1kq8tdo,3,0,0,0,0,0,0,0,0,A_TRUE_ZERO
eg61lw,3,0,0,0,0,0,0,0,0,A_TRUE_ZERO
10j7wev,1,0,0,0,0,0,0,0,0,A_TRUE_ZERO
1m3npkd,1,0,0,0,0,0,0,0,0,A_TRUE_ZERO
ewqnnx,1,0,0,0,0,0,0,0,0,A_TRUE_ZERO
kjdo8s,2,0,0,0,0,0,0,0,0,A_TRUE_ZERO
1laqvx7,1,0,0,0,0,0,0,0,0,A_TRUE_ZERO
1m1ijsy,1,0,0,0,0,0,0,0,0,A_TRUE_ZERO
ddi5yo,3,0,0,0,0,0,0,0,0,A_TRUE_ZERO
1r7k4k4,3,0,0,0,0,0,0,0,0,A_TRUE_ZERO
1bjgw1a,1,0,0,0,0,0,0,0,0,A_TRUE_ZERO
1f16upd,3,0,0,0,0,0,0,0,0,A_TRUE_ZERO
1lem3zc,1,0,0,0,0,0,0,0,0,A_TRUE_ZERO
cuqfc8,2,0,0,0,0,0,0,0,0,A_TRUE_ZERO
sztbac,1,0,0,0,0,0,0,0,0,A_TRUE_ZERO
yczx2p,2,0,0,0,0,0,0,0,0,A_TRUE_ZERO
14tcvw8,3,0,0,0,0,0,0,0,0,A_TRUE_ZERO
bh3pi8,1,0,0,0,0,0,0,0,0,A_TRUE_ZERO
16ce1xz,2,0,0,0,0,0,0,0,0,A_TRUE_ZERO
ix5aw1,1,0,0,0,0,0,0,0,0,A_TRUE_ZERO
16f4a0f,4,0,0,0,0,0,0,0,0,A_TRUE_ZERO
ldfgu8,2,0,0,0,0,0,0,0,0,A_TRUE_ZERO
1182loi,1,0,0,0,0,0,0,0,0,A_TRUE_ZERO
1g3pioe,1,0,0,0,0,0,0,0,0,A_TRUE_ZERO
167ijtd,3,0,0,0,0,0,0,0,0,A_TRUE_ZERO
17r77mz,1,0,0,0,0,0,0,0,0,A_TRUE_ZERO
1nq1o7u,1,0,0,0,0,0,0,0,0,A_TRUE_ZERO
hk1y38,3,0,0,0,0,0,0,0,0,A_TRUE_ZERO
bficbo,1,0,0,0,0,0,0,0,0,A_TRUE_ZERO
1b0c14s,1,0,0,0,0,0,0,0,0,A_TRUE_ZERO
1o7soak,4,0,0,0,0,0,0,0,0,A_TRUE_ZERO
157w01f,3,0,0,0,0,0,0,0,0,A_TRUE_ZERO
1fyrfae,3,0,0,0,0,0,0,0,0,A_TRUE_ZERO
icttnl,1,0,0,0,0,0,0,0,0,A_TRUE_ZERO
11tv922,1,0,0,0,0,0,0,0,0,A_TRUE_ZERO
1o4kqhu,3,0,0,0,0,0,0,0,0,A_TRUE_ZERO
d8vvcg,3,0,0,0,0,0,0,0,0,A_TRUE_ZERO
jucp6w,2,0,0,0,0,0,0,0,0,A_TRUE_ZERO
unkjjj,1,0,0,0,0,0,0,0,0,A_TRUE_ZERO
foxews,3,0,0,0,0,0,0,0,0,A_TRUE_ZERO
s674oq,3,0,0,0,0,0,0,0,0,A_TRUE_ZERO
xqiqun,1,0,0,0,0,0,0,0,0,A_TRUE_ZERO
1itps5z,2,0,0,0,0,0,0,0,0,A_TRUE_ZERO
opeg96,1,0,0,0,0,0,0,0,0,A_TRUE_ZERO
1rx59dx,1,0,0,0,0,0,0,0,0,A_TRUE_ZERO
1m7cg21,1,0,0,0,0,0,0,0,0,A_TRUE_ZERO
17u1xyf,1,0,0,0,0,0,0,0,0,A_TRUE_ZERO
kr7le1,1,0,0,0,0,0,0,0,0,A_TRUE_ZERO
1inegka,1,0,0,0,0,0,0,0,0,A_TRUE_ZERO
bc31xq,1,0,0,0,0,0,0,0,0,A_TRUE_ZERO
17o2vku,1,0,0,0,0,0,0,0,0,A_TRUE_ZERO
14sahu5,1,0,0,0,0,0,0,0,0,A_TRUE_ZERO
1gi7bxf,2,0,0,0,0,0,0,0,0,A_TRUE_ZERO
dcm1rl,1,0,0,0,0,0,0,0,0,A_TRUE_ZERO
c4ndk4,1,0,0,0,0,0,0,0,0,A_TRUE_ZERO
pxvcl3,1,0,0,0,0,0,0,0,0,A_TRUE_ZERO
bgvap4,1,0,0,0,0,0,0,0,0,A_TRUE_ZERO
1rzirkz,2,0,0,0,0,0,0,0,0,A_TRUE_ZERO
1bxludz,3,0,0,0,0,0,0,0,0,A_TRUE_ZERO
1q692ew,1,0,0,0,0,0,0,0,0,A_TRUE_ZERO
15x9z2h,3,0,0,0,0,0,0,0,0,A_TRUE_ZERO
xidrqs,3,0,0,0,0,0,0,0,0,A_TRUE_ZERO
14n076m,3,0,0,0,0,0,0,0,0,A_TRUE_ZERO
1nijegx,1,0,0,0,0,0,0,0,0,A_TRUE_ZERO
1ldq429,1,2,0,0,0,2,0,0,0,B_FILTERED_OUT
1d77tbs,1,0,0,0,0,0,0,0,0,A_TRUE_ZERO
fja3oq,1,0,0,0,0,0,0,0,0,A_TRUE_ZERO
1lwmnwi,1,0,0,0,0,0,0,0,0,A_TRUE_ZERO
11b6s6h,2,0,0,0,0,0,0,0,0,A_TRUE_ZERO
1jobzct,1,0,0,0,0,0,0,0,0,A_TRUE_ZERO
tf1jt5,3,0,0,0,0,0,0,0,0,A_TRUE_ZERO
16kaim5,2,0,0,0,0,0,0,0,0,A_TRUE_ZERO
16y96uu,3,0,0,0,0,0,0,0,0,A_TRUE_ZERO
1hbgzlk,2,0,0,0,0,0,0,0,0,A_TRUE_ZERO
1l7gea4,4,0,0,0,0,0,0,0,0,A_TRUE_ZERO
v7femg,1,0,0,0,0,0,0,0,0,A_TRUE_ZERO
1nk7jpr,1,0,0,0,0,0,0,0,0,A_TRUE_ZERO
ffvlpg,1,0,0,0,0,0,0,0,0,A_TRUE_ZERO
1m7fk20,1,0,0,0,0,0,0,0,0,A_TRUE_ZERO
1fzu3vv,1,0,0,0,0,0,0,0,0,A_TRUE_ZERO
1ibpc7l,1,0,0,0,0,0,0,0,0,A_TRUE_ZERO
1lvlt1a,3,0,0,0,0,0,0,0,0,A_TRUE_ZERO
mhh8oc,1,0,0,0,0,0,0,0,0,A_TRUE_ZERO
co66j7,1,0,0,0,0,0,0,0,0,A_TRUE_ZERO
11uox4k,3,0,0,0,0,0,0,0,0,A_TRUE_ZERO
1jcju2w,1,0,0,0,0,0,0,0,0,A_TRUE_ZERO
16pvxf2,1,0,0,0,0,0,0,0,0,A_TRUE_ZERO
jbltha,1,0,0,0,0,0,0,0,0,A_TRUE_ZERO
u0n7ct,1,0,0,0,0,0,0,0,0,A_TRUE_ZERO
1bq2ijh,2,0,0,0,0,0,0,0,0,A_TRUE_ZERO
dj7m31,2,0,0,0,0,0,0,0,0,A_TRUE_ZERO
cpi12b,1,0,0,0,0,0,0,0,0,A_TRUE_ZERO
1jtsn50,3,0,0,0,0,0,0,0,0,A_TRUE_ZERO
pprctu,3,0,0,0,0,0,0,0,0,A_TRUE_ZERO
a5tjs4,1,4,3,0,0,1,0,0,0,B_FILTERED_OUT
11xx1ly,2,0,0,0,0,0,0,0,0,A_TRUE_ZERO
csiyub,1,0,0,0,0,0,0,0,0,A_TRUE_ZERO
15jlkd6,1,0,0,0,0,0,0,0,0,A_TRUE_ZERO
1oofxua,1,0,0,0,0,0,0,0,0,A_TRUE_ZERO
1ehg6yz,1,0,0,0,0,0,0,0,0,A_TRUE_ZERO
qiod00,1,0,0,0,0,0,0,0,0,A_TRUE_ZERO
g154cg,1,0,0,0,0,0,0,0,0,A_TRUE_ZERO
wfnsaf,1,0,0,0,0,0,0,0,0,A_TRUE_ZERO
c3g0m3,1,0,0,0,0,0,0,0,0,A_TRUE_ZERO
dqp35c,3,0,0,0,0,0,0,0,0,A_TRUE_ZERO
fmbp6z,4,0,0,0,0,0,0,0,0,A_TRUE_ZERO
m0htd7,1,0,0,0,0,0,0,0,0,A_TRUE_ZERO
1jwcf6q,2,1,0,0,0,1,0,0,0,B_FILTERED_OUT
bb8y01,1,0,0,0,0,0,0,0,0,A_TRUE_ZERO
1c1zevf,1,0,0,0,0,0,0,0,0,A_TRUE_ZERO
l1a0k6,1,0,0,0,0,0,0,0,0,A_TRUE_ZERO
1fe43ou,4,0,0,0,0,0,0,0,0,A_TRUE_ZERO
rcylcx,2,0,0,0,0,0,0,0,0,A_TRUE_ZERO
r2isgj,1,0,0,0,0,0,0,0,0,A_TRUE_ZERO
116i9pj,1,0,0,0,0,0,0,0,0,A_TRUE_ZERO
18nct8t,1,0,0,0,0,0,0,0,0,A_TRUE_ZERO
1qebuuq,1,0,0,0,0,0,0,0,0,A_TRUE_ZERO
bj0dra,2,0,0,0,0,0,0,0,0,A_TRUE_ZERO
16cik4i,2,0,0,0,0,0,0,0,0,A_TRUE_ZERO
u9hixx,2,0,0,0,0,0,0,0,0,A_TRUE_ZERO
1jtj81f,1,0,0,0,0,0,0,0,0,A_TRUE_ZERO
q72cyg,1,0,0,0,0,0,0,0,0,A_TRUE_ZERO
wsf7bh,1,0,0,0,0,0,0,0,0,A_TRUE_ZERO
yxj8bg,2,0,0,0,0,0,0,0,0,A_TRUE_ZERO
1jqtzp1,1,0,0,0,0,0,0,0,0,A_TRUE_ZERO
nvfin5,2,0,0,0,0,0,0,0,0,A_TRUE_ZERO
c2lqoy,3,0,0,0,0,0,0,0,0,A_TRUE_ZERO
14w1sl5,1,0,0,0,0,0,0,0,0,A_TRUE_ZERO
v8o0sb,1,0,0,0,0,0,0,0,0,A_TRUE_ZERO
1ecrh5p,2,0,0,0,0,0,0,0,0,A_TRUE_ZERO
1jedfrr,1,0,0,0,0,0,0,0,0,A_TRUE_ZERO
d96fxl,1,0,0,0,0,0,0,0,0,A_TRUE_ZERO
fuarp8,1,0,0,0,0,0,0,0,0,A_TRUE_ZERO
f3zg29,1,0,0,0,0,0,0,0,0,A_TRUE_ZERO
1jzx3rx,2,0,0,0,0,0,0,0,0,A_TRUE_ZERO
1q03x8e,3,0,0,0,0,0,0,0,0,A_TRUE_ZERO
cw13le,2,0,0,0,0,0,0,0,0,A_TRUE_ZERO
1h1vdzu,1,0,0,0,0,0,0,0,0,A_TRUE_ZERO
1ojm9ob,2,0,0,0,0,0,0,0,0,A_TRUE_ZERO
s8gw5q,3,0,0,0,0,0,0,0,0,A_TRUE_ZERO
10y449k,1,0,0,0,0,0,0,0,0,A_TRUE_ZERO
mr532t,3,0,0,0,0,0,0,0,0,A_TRUE_ZERO
1be5nmb,1,0,0,0,0,0,0,0,0,A_TRUE_ZERO
1cdlkwm,1,0,0,0,0,0,0,0,0,A_TRUE_ZERO
1egpgis,1,0,0,0,0,0,0,0,0,A_TRUE_ZERO
1dk9a18,3,0,0,0,0,0,0,0,0,A_TRUE_ZERO
kenpw2,1,0,0,0,0,0,0,0,0,A_TRUE_ZERO
1it8oae,1,0,0,0,0,0,0,0,0,A_TRUE_ZERO
12b6oxl,1,0,0,0,0,0,0,0,0,A_TRUE_ZERO
1o42j9x,2,0,0,0,0,0,0,0,0,A_TRUE_ZERO
1526dkf,3,0,0,0,0,0,0,0,0,A_TRUE_ZERO
opgm3b,1,0,0,0,0,0,0,0,0,A_TRUE_ZERO
1n7x093,1,0,0,0,0,0,0,0,0,A_TRUE_ZERO
1ouyhvd,1,0,0,0,0,0,0,0,0,A_TRUE_ZERO
g90h96,2,0,0,0,0,0,0,0,0,A_TRUE_ZERO
180hjy2,1,0,0,0,0,0,0,0,0,A_TRUE_ZERO
1jrzwf7,1,0,0,0,0,0,0,0,0,A_TRUE_ZERO
i4shgq,1,0,0,0,0,0,0,0,0,A_TRUE_ZERO
x46b9o,1,0,0,0,0,0,0,0,0,A_TRUE_ZERO
14s9us9,1,0,0,0,0,0,0,0,0,A_TRUE_ZERO
1ry28mf,1,0,0,0,0,0,0,0,0,A_TRUE_ZERO
1hp5i3e,2,0,0,0,0,0,0,0,0,A_TRUE_ZERO
dtjqh8,3,0,0,0,0,0,0,0,0,A_TRUE_ZERO
1praux7,1,0,0,0,0,0,0,0,0,A_TRUE_ZERO
1gr1cv5,3,0,0,0,0,0,0,0,0,A_TRUE_ZERO
1ar0k9i,1,0,0,0,0,0,0,0,0,A_TRUE_ZERO
1d38riv,1,0,0,0,0,0,0,0,0,A_TRUE_ZERO
et1djo,1,0,0,0,0,0,0,0,0,A_TRUE_ZERO
13a4868,1,0,0,0,0,0,0,0,0,A_TRUE_ZERO
1jvmsni,1,0,0,0,0,0,0,0,0,A_TRUE_ZERO
fq7j8m,2,0,0,0,0,0,0,0,0,A_TRUE_ZERO
1n2jk0n,1,0,0,0,0,0,0,0,0,A_TRUE_ZERO
1r6x5tc,2,0,0,0,0,0,0,0,0,A_TRUE_ZERO
1c7ynsz,1,0,0,0,0,0,0,0,0,A_TRUE_ZERO
sdgmxr,2,0,0,0,0,0,0,0,0,A_TRUE_ZERO
130912t,2,0,0,0,0,0,0,0,0,A_TRUE_ZERO
fjl7cs,2,0,0,0,0,0,0,0,0,A_TRUE_ZERO
13p6a7m,3,0,0,0,0,0,0,0,0,A_TRUE_ZERO
t5tk7e,2,0,0,0,0,0,0,0,0,A_TRUE_ZERO
1i4b9th,2,0,0,0,0,0,0,0,0,A_TRUE_ZERO
p9ftgu,1,0,0,0,0,0,0,0,0,A_TRUE_ZERO
1oiyzwo,1,0,0,0,0,0,0,0,0,A_TRUE_ZERO
xm6kta,2,0,0,0,0,0,0,0,0,A_TRUE_ZERO
wsirr9,1,0,0,0,0,0,0,0,0,A_TRUE_ZERO
1oj8b4a,2,0,0,0,0,0,0,0,0,A_TRUE_ZERO
13k625a,2,0,0,0,0,0,0,0,0,A_TRUE_ZERO
fpfcnk,1,0,0,0,0,0,0,0,0,A_TRUE_ZERO
1klz4sw,3,0,0,0,0,0,0,0,0,A_TRUE_ZERO
jakgzj,1,0,0,0,0,0,0,0,0,A_TRUE_ZERO
1c4uhrc,1,0,0,0,0,0,0,0,0,A_TRUE_ZERO
gm8kyh,1,0,0,0,0,0,0,0,0,A_TRUE_ZERO
1s85ag9,2,0,0,0,0,0,0,0,0,A_TRUE_ZERO
1ir1cvw,2,0,0,0,0,0,0,0,0,A_TRUE_ZERO
123znzp,3,0,0,0,0,0,0,0,0,A_TRUE_ZERO
1gm6tl1,1,0,0,0,0,0,0,0,0,A_TRUE_ZERO
kxy6nu,1,0,0,0,0,0,0,0,0,A_TRUE_ZERO
1l36qww,1,0,0,0,0,0,0,0,0,A_TRUE_ZERO
1bgs2o0,1,0,0,0,0,0,0,0,0,A_TRUE_ZERO
1gqn7df,2,0,0,0,0,0,0,0,0,A_TRUE_ZERO
wvb5q2,1,0,0,0,0,0,0,0,0,A_TRUE_ZERO
1csfqdn,2,0,0,0,0,0,0,0,0,A_TRUE_ZERO
1ogs4z5,1,0,0,0,0,0,0,0,0,A_TRUE_ZERO
tytvpb,1,0,0,0,0,0,0,0,0,A_TRUE_ZERO
1dutsz1,2,0,0,0,0,0,0,0,0,A_TRUE_ZERO
wdk375,2,0,0,0,0,0,0,0,0,A_TRUE_ZERO
17q89wi,1,0,0,0,0,0,0,0,0,A_TRUE_ZERO
16ganw3,1,0,0,0,0,0,0,0,0,A_TRUE_ZERO
1hv7g5s,1,0,0,0,0,0,0,0,0,A_TRUE_ZERO
qukv02,1,0,0,0,0,0,0,0,0,A_TRUE_ZERO
1ah6jd7,1,0,0,0,0,0,0,0,0,A_TRUE_ZERO
vdxmre,1,0,0,0,0,0,0,0,0,A_TRUE_ZERO
uhp9i6,1,0,0,0,0,0,0,0,0,A_TRUE_ZERO
104k51n,1,0,0,0,0,0,0,0,0,A_TRUE_ZERO
ld0gic,2,0,0,0,0,0,0,0,0,A_TRUE_ZERO
dq4g4k,1,0,0,0,0,0,0,0,0,A_TRUE_ZERO
1bdqe80,1,0,0,0,0,0,0,0,0,A_TRUE_ZERO
co0uh9,1,0,0,0,0,0,0,0,0,A_TRUE_ZERO
o9tw3p,1,0,0,0,0,0,0,0,0,A_TRUE_ZERO
ww810p,1,1,0,1,0,0,0,0,0,B_FILTERED_OUT
16yfopv,1,0,0,0,0,0,0,0,0,A_TRUE_ZERO
obvjb1,1,0,0,0,0,0,0,0,0,A_TRUE_ZERO
1f0f3ut,1,0,0,0,0,0,0,0,0,A_TRUE_ZERO
vonxr5,3,0,0,0,0,0,0,0,0,A_TRUE_ZERO
bqvupc,2,0,0,0,0,0,0,0,0,A_TRUE_ZERO
11dgfuc,1,0,0,0,0,0,0,0,0,A_TRUE_ZERO
12zsdyj,2,0,0,0,0,0,0,0,0,A_TRUE_ZERO
ifs4uo,2,0,0,0,0,0,0,0,0,A_TRUE_ZERO
pkirx6,3,0,0,0,0,0,0,0,0,A_TRUE_ZERO
ebjazp,1,0,0,0,0,0,0,0,0,A_TRUE_ZERO
1mawvkg,2,0,0,0,0,0,0,0,0,A_TRUE_ZERO
f4hsy4,1,0,0,0,0,0,0,0,0,A_TRUE_ZERO
olj5ob,1,0,0,0,0,0,0,0,0,A_TRUE_ZERO
1kzp2v9,1,0,0,0,0,0,0,0,0,A_TRUE_ZERO
xlva58,1,0,0,0,0,0,0,0,0,A_TRUE_ZERO
wb2pce,2,0,0,0,0,0,0,0,0,A_TRUE_ZERO
cqk1jk,1,0,0,0,0,0,0,0,0,A_TRUE_ZERO
1dnqsrg,1,0,0,0,0,0,0,0,0,A_TRUE_ZERO
x0phf4,2,0,0,0,0,0,0,0,0,A_TRUE_ZERO
11xi0x4,2,0,0,0,0,0,0,0,0,A_TRUE_ZERO
1hdse4n,1,0,0,0,0,0,0,0,0,A_TRUE_ZERO
15eo2qn,1,0,0,0,0,0,0,0,0,A_TRUE_ZERO
vsx17j,1,0,0,0,0,0,0,0,0,A_TRUE_ZERO
1kmfn4n,1,0,0,0,0,0,0,0,0,A_TRUE_ZERO
18umrmc,1,0,0,0,0,0,0,0,0,A_TRUE_ZERO
1ldp297,1,0,0,0,0,0,0,0,0,A_TRUE_ZERO
cm4285,3,0,0,0,0,0,0,0,0,A_TRUE_ZERO
1jzphbi,2,0,0,0,0,0,0,0,0,A_TRUE_ZERO
19ex0yl,2,0,0,0,0,0,0,0,0,A_TRUE_ZERO
xg7c98,2,0,0,0,0,0,0,0,0,A_TRUE_ZERO
1apngw9,1,0,0,0,0,0,0,0,0,A_TRUE_ZERO
ke522v,2,0,0,0,0,0,0,0,0,A_TRUE_ZERO
1rdd58c,2,0,0,0,0,0,0,0,0,A_TRUE_ZERO
1nocs17,2,0,0,0,0,0,0,0,0,A_TRUE_ZERO
s0a3a6,1,0,0,0,0,0,0,0,0,A_TRUE_ZERO
1mq1ayy,1,0,0,0,0,0,0,0,0,A_TRUE_ZERO
1ml22cg,1,0,0,0,0,0,0,0,0,A_TRUE_ZERO
k47h27,1,0,0,0,0,0,0,0,0,A_TRUE_ZERO
nuq9qh,2,0,0,0,0,0,0,0,0,A_TRUE_ZERO
1k7ph1b,3,0,0,0,0,0,0,0,0,A_TRUE_ZERO
1jfumvw,1,0,0,0,0,0,0,0,0,A_TRUE_ZERO
rlh0dg,1,0,0,0,0,0,0,0,0,A_TRUE_ZERO
kyhrr7,2,0,0,0,0,0,0,0,0,A_TRUE_ZERO
1g35bxl,2,0,0,0,0,0,0,0,0,A_TRUE_ZERO
1obq7x2,1,0,0,0,0,0,0,0,0,A_TRUE_ZERO
1eki9bz,2,0,0,0,0,0,0,0,0,A_TRUE_ZERO
d02st1,1,0,0,0,0,0,0,0,0,A_TRUE_ZERO
1kdc6mi,2,0,0,0,0,0,0,0,0,A_TRUE_ZERO
11nt59o,2,0,0,0,0,0,0,0,0,A_TRUE_ZERO
1krf7j6,1,0,0,0,0,0,0,0,0,A_TRUE_ZERO
1egvl3r,1,0,0,0,0,0,0,0,0,A_TRUE_ZERO
nk9fzc,2,0,0,0,0,0,0,0,0,A_TRUE_ZERO
17468lp,1,0,0,0,0,0,0,0,0,A_TRUE_ZERO
s7u1gy,1,0,0,0,0,0,0,0,0,A_TRUE_ZERO
1joh86d,2,0,0,0,0,0,0,0,0,A_TRUE_ZERO
zlkki4,1,0,0,0,0,0,0,0,0,A_TRUE_ZERO
1o43ic1,1,0,0,0,0,0,0,0,0,A_TRUE_ZERO
1kig0fp,2,0,0,0,0,0,0,0,0,A_TRUE_ZERO
11rn70b,2,0,0,0,0,0,0,0,0,A_TRUE_ZERO
1otaay1,1,0,0,0,0,0,0,0,0,A_TRUE_ZERO
10crqle,3,0,0,0,0,0,0,0,0,A_TRUE_ZERO
16srnoq,1,0,0,0,0,0,0,0,0,A_TRUE_ZERO
14llnnk,1,0,0,0,0,0,0,0,0,A_TRUE_ZERO
1b3534d,1,0,0,0,0,0,0,0,0,A_TRUE_ZERO
1d3sfuu,1,0,0,0,0,0,0,0,0,A_TRUE_ZERO
1b3rfnh,1,0,0,0,0,0,0,0,0,A_TRUE_ZERO
tbslh2,1,0,0,0,0,0,0,0,0,A_TRUE_ZERO
1dy1zlm,2,0,0,0,0,0,0,0,0,A_TRUE_ZERO
c1peb1,1,0,0,0,0,0,0,0,0,A_TRUE_ZERO
ikbyet,2,0,0,0,0,0,0,0,0,A_TRUE_ZERO
137r5f5,1,0,0,0,0,0,0,0,0,A_TRUE_ZERO
v1yjrv,2,0,0,0,0,0,0,0,0,A_TRUE_ZERO
ecxo27,1,0,0,0,0,0,0,0,0,A_TRUE_ZERO
pcvie9,1,0,0,0,0,0,0,0,0,A_TRUE_ZERO
g68n84,2,0,0,0,0,0,0,0,0,A_TRUE_ZERO
vd2hbh,4,0,0,0,0,0,0,0,0,A_TRUE_ZERO
15bxdx4,3,0,0,0,0,0,0,0,0,A_TRUE_ZERO
1r2ux9i,2,0,0,0,0,0,0,0,0,A_TRUE_ZERO
10kb07s,1,0,0,0,0,0,0,0,0,A_TRUE_ZERO
1gjn6qi,1,0,0,0,0,0,0,0,0,A_TRUE_ZERO
zk5zp9,1,0,0,0,0,0,0,0,0,A_TRUE_ZERO
wbb1z0,2,0,0,0,0,0,0,0,0,A_TRUE_ZERO
1r044xx,1,0,0,0,0,0,0,0,0,A_TRUE_ZERO
1ex64kr,1,0,0,0,0,0,0,0,0,A_TRUE_ZERO
1snamsf,2,0,0,0,0,0,0,0,0,A_TRUE_ZERO
nvg4ue,1,0,0,0,0,0,0,0,0,A_TRUE_ZERO
lab69m,1,0,0,0,0,0,0,0,0,A_TRUE_ZERO
1g6ic9g,2,0,0,0,0,0,0,0,0,A_TRUE_ZERO
r0ieeu,1,0,0,0,0,0,0,0,0,A_TRUE_ZERO
hxdo5q,1,0,0,0,0,0,0,0,0,A_TRUE_ZERO
ydc8wy,2,0,0,0,0,0,0,0,0,A_TRUE_ZERO
1c2ared,2,0,0,0,0,0,0,0,0,A_TRUE_ZERO
tw7ujm,1,0,0,0,0,0,0,0,0,A_TRUE_ZERO
yffrne,1,0,0,0,0,0,0,0,0,A_TRUE_ZERO
1df92kt,1,0,0,0,0,0,0,0,0,A_TRUE_ZERO
1ohg2lv,1,0,0,0,0,0,0,0,0,A_TRUE_ZERO
r90fzb,2,0,0,0,0,0,0,0,0,A_TRUE_ZERO
tt3zyz,1,0,0,0,0,0,0,0,0,A_TRUE_ZERO
1n6sz4c,1,0,0,0,0,0,0,0,0,A_TRUE_ZERO
ptlcef,2,0,0,0,0,0,0,0,0,A_TRUE_ZERO
1chab4q,1,0,0,0,0,0,0,0,0,A_TRUE_ZERO
j5ss6w,1,0,0,0,0,0,0,0,0,A_TRUE_ZERO
1ae3b4q,1,0,0,0,0,0,0,0,0,A_TRUE_ZERO
1cb7f2s,2,0,0,0,0,0,0,0,0,A_TRUE_ZERO
zvj4sr,2,0,0,0,0,0,0,0,0,A_TRUE_ZERO
nndiug,1,0,0,0,0,0,0,0,0,A_TRUE_ZERO
17hmpks,1,0,0,0,0,0,0,0,0,A_TRUE_ZERO
17m702j,1,0,0,0,0,0,0,0,0,A_TRUE_ZERO
1fz56ei,1,0,0,0,0,0,0,0,0,A_TRUE_ZERO
jq6zhi,1,0,0,0,0,0,0,0,0,A_TRUE_ZERO
16pdeei,1,0,0,0,0,0,0,0,0,A_TRUE_ZERO
104yoc1,1,0,0,0,0,0,0,0,0,A_TRUE_ZERO
o6tsrt,3,0,0,0,0,0,0,0,0,A_TRUE_ZERO
qp1vrv,1,0,0,0,0,0,0,0,0,A_TRUE_ZERO
10jdo9n,1,0,0,0,0,0,0,0,0,A_TRUE_ZERO
fxe3kk,1,0,0,0,0,0,0,0,0,A_TRUE_ZERO
1am1trr,2,0,0,0,0,0,0,0,0,A_TRUE_ZERO
1nclrjc,2,0,0,0,0,0,0,0,0,A_TRUE_ZERO
114ygcr,1,0,0,0,0,0,0,0,0,A_TRUE_ZERO
1jl88hk,1,0,0,0,0,0,0,0,0,A_TRUE_ZERO
1aeiu61,1,0,0,0,0,0,0,0,0,A_TRUE_ZERO
qon3ea,3,0,0,0,0,0,0,0,0,A_TRUE_ZERO
1b4633d,1,0,0,0,0,0,0,0,0,A_TRUE_ZERO
1n7jsvz,3,0,0,0,0,0,0,0,0,A_TRUE_ZERO
1f7qo9c,1,2,1,0,0,1,0,0,0,B_FILTERED_OUT
pzi5vn,2,0,0,0,0,0,0,0,0,A_TRUE_ZERO
13ykm0o,2,0,0,0,0,0,0,0,0,A_TRUE_ZERO
15fwohf,3,0,0,0,0,0,0,0,0,A_TRUE_ZERO
wjgevo,1,0,0,0,0,0,0,0,0,A_TRUE_ZERO
1qu8b2l,1,0,0,0,0,0,0,0,0,A_TRUE_ZERO
n4ng4s,2,0,0,0,0,0,0,0,0,A_TRUE_ZERO
1dz18ft,1,0,0,0,0,0,0,0,0,A_TRUE_ZERO
yq973c,2,0,0,0,0,0,0,0,0,A_TRUE_ZERO
142qw6y,1,0,0,0,0,0,0,0,0,A_TRUE_ZERO
bj1pei,1,0,0,0,0,0,0,0,0,A_TRUE_ZERO
syc2sa,3,0,0,0,0,0,0,0,0,A_TRUE_ZERO
1oul65j,1,0,0,0,0,0,0,0,0,A_TRUE_ZERO
1p0s7x3,1,0,0,0,0,0,0,0,0,A_TRUE_ZERO
1akkmmu,1,0,0,0,0,0,0,0,0,A_TRUE_ZERO
1bmedsk,1,0,0,0,0,0,0,0,0,A_TRUE_ZERO
179jqn5,1,0,0,0,0,0,0,0,0,A_TRUE_ZERO
1cit495,3,0,0,0,0,0,0,0,0,A_TRUE_ZERO
10k7wgu,1,0,0,0,0,0,0,0,0,A_TRUE_ZERO
h8tf3v,1,0,0,0,0,0,0,0,0,A_TRUE_ZERO
mt938v,3,0,0,0,0,0,0,0,0,A_TRUE_ZERO
k69y0j,3,0,0,0,0,0,0,0,0,A_TRUE_ZERO
12xhyoc,1,0,0,0,0,0,0,0,0,A_TRUE_ZERO
rtn6yz,1,0,0,0,0,0,0,0,0,A_TRUE_ZERO
11v1iv8,3,0,0,0,0,0,0,0,0,A_TRUE_ZERO
t85wdb,1,0,0,0,0,0,0,0,0,A_TRUE_ZERO
ybqx7a,1,0,0,0,0,0,0,0,0,A_TRUE_ZERO
1awf7us,3,0,0,0,0,0,0,0,0,A_TRUE_ZERO
1qcj31q,1,0,0,0,0,0,0,0,0,A_TRUE_ZERO
tmgq33,1,0,0,0,0,0,0,0,0,A_TRUE_ZERO
i7789r,2,0,0,0,0,0,0,0,0,A_TRUE_ZERO
1qmuy2g,2,0,0,0,0,0,0,0,0,A_TRUE_ZERO
1jvvdr2,3,0,0,0,0,0,0,0,0,A_TRUE_ZERO
1al58wz,2,0,0,0,0,0,0,0,0,A_TRUE_ZERO
sgjaj8,1,0,0,0,0,0,0,0,0,A_TRUE_ZERO
1adf1n9,3,0,0,0,0,0,0,0,0,A_TRUE_ZERO
1fsnmt8,2,0,0,0,0,0,0,0,0,A_TRUE_ZERO
160yrt6,2,0,0,0,0,0,0,0,0,A_TRUE_ZERO
w2xsbq,2,0,0,0,0,0,0,0,0,A_TRUE_ZERO
1cb47zg,1,0,0,0,0,0,0,0,0,A_TRUE_ZERO
gor2vj,3,0,0,0,0,0,0,0,0,A_TRUE_ZERO
gmmdzl,2,0,0,0,0,0,0,0,0,A_TRUE_ZERO
1ewj4ep,3,0,0,0,0,0,0,0,0,A_TRUE_ZERO
rmy3yn,1,0,0,0,0,0,0,0,0,A_TRUE_ZERO
k5itua,1,0,0,0,0,0,0,0,0,A_TRUE_ZERO
fai6i9,1,0,0,0,0,0,0,0,0,A_TRUE_ZERO
1ld2h42,2,0,0,0,0,0,0,0,0,A_TRUE_ZERO
141rxu7,4,0,0,0,0,0,0,0,0,A_TRUE_ZERO
1pllgpi,1,0,0,0,0,0,0,0,0,A_TRUE_ZERO
1ba1sao,1,0,0,0,0,0,0,0,0,A_TRUE_ZERO
1opxcko,1,0,0,0,0,0,0,0,0,A_TRUE_ZERO
147xmz7,1,0,0,0,0,0,0,0,0,A_TRUE_ZERO
x9lacv,2,0,0,0,0,0,0,0,0,A_TRUE_ZERO
1ly99ml,1,0,0,0,0,0,0,0,0,A_TRUE_ZERO
13vt1yq,2,0,0,0,0,0,0,0,0,A_TRUE_ZERO
x7xz9o,1,0,0,0,0,0,0,0,0,A_TRUE_ZERO
lr2grq,3,0,0,0,0,0,0,0,0,A_TRUE_ZERO
19d4ed1,1,0,0,0,0,0,0,0,0,A_TRUE_ZERO
1lb51xf,1,0,0,0,0,0,0,0,0,A_TRUE_ZERO
1ocmyr9,1,0,0,0,0,0,0,0,0,A_TRUE_ZERO
ptbogd,1,0,0,0,0,0,0,0,0,A_TRUE_ZERO
1ajcyy1,1,0,0,0,0,0,0,0,0,A_TRUE_ZERO
1bfbesa,2,0,0,0,0,0,0,0,0,A_TRUE_ZERO
1i1ofif,2,0,0,0,0,0,0,0,0,A_TRUE_ZERO
1hdlmg0,2,0,0,0,0,0,0,0,0,A_TRUE_ZERO
xk45mg,1,0,0,0,0,0,0,0,0,A_TRUE_ZERO
1rvsewj,2,0,0,0,0,0,0,0,0,A_TRUE_ZERO
ivlxfz,1,0,0,0,0,0,0,0,0,A_TRUE_ZERO
1jkkc8p,1,0,0,0,0,0,0,0,0,A_TRUE_ZERO
1p0zefp,2,0,0,0,0,0,0,0,0,A_TRUE_ZERO
e230wb,1,0,0,0,0,0,0,0,0,A_TRUE_ZERO
1phh3v9,1,0,0,0,0,0,0,0,0,A_TRUE_ZERO
z6304t,2,0,0,0,0,0,0,0,0,A_TRUE_ZERO
swboce,3,0,0,0,0,0,0,0,0,A_TRUE_ZERO
dzo7hh,1,0,0,0,0,0,0,0,0,A_TRUE_ZERO
194y5bo,1,0,0,0,0,0,0,0,0,A_TRUE_ZERO
el6ehr,3,0,0,0,0,0,0,0,0,A_TRUE_ZERO
152ez2d,2,0,0,0,0,0,0,0,0,A_TRUE_ZERO
1fqpxdj,3,0,0,0,0,0,0,0,0,A_TRUE_ZERO
1gl4rhf,4,0,0,0,0,0,0,0,0,A_TRUE_ZERO
120sjua,1,0,0,0,0,0,0,0,0,A_TRUE_ZERO
1medrmv,3,0,0,0,0,0,0,0,0,A_TRUE_ZERO
1hxrrxi,1,0,0,0,0,0,0,0,0,A_TRUE_ZERO
1suj5di,1,0,0,0,0,0,0,0,0,A_TRUE_ZERO
bwsubz,2,0,0,0,0,0,0,0,0,A_TRUE_ZERO
1mcl1ek,1,0,0,0,0,0,0,0,0,A_TRUE_ZERO
gsfjf1,1,0,0,0,0,0,0,0,0,A_TRUE_ZERO
1ont8nu,3,0,0,0,0,0,0,0,0,A_TRUE_ZERO
qnec0r,1,0,0,0,0,0,0,0,0,A_TRUE_ZERO
z9wa0m,3,0,0,0,0,0,0,0,0,A_TRUE_ZERO
16hn8f3,2,0,0,0,0,0,0,0,0,A_TRUE_ZERO
182qb8x,2,0,0,0,0,0,0,0,0,A_TRUE_ZERO
1jwe2cl,1,0,0,0,0,0,0,0,0,A_TRUE_ZERO
1rz1xzq,1,0,0,0,0,0,0,0,0,A_TRUE_ZERO
fligg3,1,0,0,0,0,0,0,0,0,A_TRUE_ZERO
pabjv7,2,0,0,0,0,0,0,0,0,A_TRUE_ZERO
teqsw7,1,0,0,0,0,0,0,0,0,A_TRUE_ZERO
1do22q9,1,0,0,0,0,0,0,0,0,A_TRUE_ZERO
1du39td,4,0,0,0,0,0,0,0,0,A_TRUE_ZERO
tmlopw,3,0,0,0,0,0,0,0,0,A_TRUE_ZERO
1cgbfv5,3,0,0,0,0,0,0,0,0,A_TRUE_ZERO
1ihanyk,2,0,0,0,0,0,0,0,0,A_TRUE_ZERO
hnx42y,1,0,0,0,0,0,0,0,0,A_TRUE_ZERO
83yg1w,1,1,0,0,0,1,0,0,0,B_FILTERED_OUT
11wn3pd,2,0,0,0,0,0,0,0,0,A_TRUE_ZERO
1j1r5dq,1,0,0,0,0,0,0,0,0,A_TRUE_ZERO
evm0kz,1,0,0,0,0,0,0,0,0,A_TRUE_ZERO
hf1wqv,1,0,0,0,0,0,0,0,0,A_TRUE_ZERO
13l54y9,2,0,0,0,0,0,0,0,0,A_TRUE_ZERO
1j92exb,1,0,0,0,0,0,0,0,0,A_TRUE_ZERO
cxmg0q,2,0,0,0,0,0,0,0,0,A_TRUE_ZERO
1n4qkjm,2,0,0,0,0,0,0,0,0,A_TRUE_ZERO
c2o4z4,2,0,0,0,0,0,0,0,0,A_TRUE_ZERO
1k5ajhx,1,0,0,0,0,0,0,0,0,A_TRUE_ZERO
13fx327,2,0,0,0,0,0,0,0,0,A_TRUE_ZERO
c5bzq9,1,0,0,0,0,0,0,0,0,A_TRUE_ZERO
ij0bde,1,0,0,0,0,0,0,0,0,A_TRUE_ZERO
ri0xf4,1,0,0,0,0,0,0,0,0,A_TRUE_ZERO
kxclgs,1,0,0,0,0,0,0,0,0,A_TRUE_ZERO
17s8jht,1,0,0,0,0,0,0,0,0,A_TRUE_ZERO
il8qlz,1,0,0,0,0,0,0,0,0,A_TRUE_ZERO
hm9cgd,1,0,0,0,0,0,0,0,0,A_TRUE_ZERO
qd0lfu,1,0,0,0,0,0,0,0,0,A_TRUE_ZERO
1g011cn,2,0,0,0,0,0,0,0,0,A_TRUE_ZERO
1abs0k6,1,0,0,0,0,0,0,0,0,A_TRUE_ZERO
1dewqwn,1,0,0,0,0,0,0,0,0,A_TRUE_ZERO
uanldb,1,0,0,0,0,0,0,0,0,A_TRUE_ZERO
1c1ey61,1,0,0,0,0,0,0,0,0,A_TRUE_ZERO
1g4gw7l,2,0,0,0,0,0,0,0,0,A_TRUE_ZERO
1eri82m,1,0,0,0,0,0,0,0,0,A_TRUE_ZERO
sz0772,1,0,0,0,0,0,0,0,0,A_TRUE_ZERO
10wd5xd,2,0,0,0,0,0,0,0,0,A_TRUE_ZERO
smq2nv,2,0,0,0,0,0,0,0,0,A_TRUE_ZERO
rzwjt7,2,0,0,0,0,0,0,0,0,A_TRUE_ZERO
j38dok,1,0,0,0,0,0,0,0,0,A_TRUE_ZERO
1g0mi6p,1,0,0,0,0,0,0,0,0,A_TRUE_ZERO
ycqwbc,4,0,0,0,0,0,0,0,0,A_TRUE_ZERO
v03tmd,1,0,0,0,0,0,0,0,0,A_TRUE_ZERO
1616cxa,1,0,0,0,0,0,0,0,0,A_TRUE_ZERO
mvv9ug,1,0,0,0,0,0,0,0,0,A_TRUE_ZERO
1coktg3,2,0,0,0,0,0,0,0,0,A_TRUE_ZERO
rn1gs5,2,0,0,0,0,0,0,0,0,A_TRUE_ZERO
tej5a0,1,0,0,0,0,0,0,0,0,A_TRUE_ZERO
qungs8,1,0,0,0,0,0,0,0,0,A_TRUE_ZERO
u78poz,2,0,0,0,0,0,0,0,0,A_TRUE_ZERO
udp01j,1,0,0,0,0,0,0,0,0,A_TRUE_ZERO
1o98sln,1,0,0,0,0,0,0,0,0,A_TRUE_ZERO
g5oo5n,2,0,0,0,0,0,0,0,0,A_TRUE_ZERO
q59oes,1,0,0,0,0,0,0,0,0,A_TRUE_ZERO
j96hqo,3,0,0,0,0,0,0,0,0,A_TRUE_ZERO
1h9e75e,1,0,0,0,0,0,0,0,0,A_TRUE_ZERO
1qarewi,1,0,0,0,0,0,0,0,0,A_TRUE_ZERO
vt6d47,2,0,0,0,0,0,0,0,0,A_TRUE_ZERO
iq8cod,1,0,0,0,0,0,0,0,0,A_TRUE_ZERO
1s6oml9,1,0,0,0,0,0,0,0,0,A_TRUE_ZERO
1of15vb,1,0,0,0,0,0,0,0,0,A_TRUE_ZERO
gj0tno,1,0,0,0,0,0,0,0,0,A_TRUE_ZERO
1pdok7q,2,0,0,0,0,0,0,0,0,A_TRUE_ZERO
i1spio,2,0,0,0,0,0,0,0,0,A_TRUE_ZERO
7xhoyr,1,0,0,0,0,0,0,0,0,A_TRUE_ZERO
l8utt9,1,0,0,0,0,0,0,0,0,A_TRUE_ZERO
182xzho,2,0,0,0,0,0,0,0,0,A_TRUE_ZERO
1ssq6bh,1,0,0,0,0,0,0,0,0,A_TRUE_ZERO
1s3j191,3,0,0,0,0,0,0,0,0,A_TRUE_ZERO
1df0te3,1,0,0,0,0,0,0,0,0,A_TRUE_ZERO
fttiw0,2,0,0,0,0,0,0,0,0,A_TRUE_ZERO
stooc2,1,0,0,0,0,0,0,0,0,A_TRUE_ZERO
kdjfek,1,0,0,0,0,0,0,0,0,A_TRUE_ZERO
f2vtp1,3,0,0,0,0,0,0,0,0,A_TRUE_ZERO
17pds8f,1,0,0,0,0,0,0,0,0,A_TRUE_ZERO
1iufvc9,2,0,0,0,0,0,0,0,0,A_TRUE_ZERO
1jnq20n,2,0,0,0,0,0,0,0,0,A_TRUE_ZERO
c36jhl,2,0,0,0,0,0,0,0,0,A_TRUE_ZERO
dou61q,1,0,0,0,0,0,0,0,0,A_TRUE_ZERO
bbvddb,3,0,0,0,0,0,0,0,0,A_TRUE_ZERO
cicjdq,1,0,0,0,0,0,0,0,0,A_TRUE_ZERO
kojudy,1,0,0,0,0,0,0,0,0,A_TRUE_ZERO
16g3gtx,1,0,0,0,0,0,0,0,0,A_TRUE_ZERO
12qok83,2,0,0,0,0,0,0,0,0,A_TRUE_ZERO
frrocz,2,0,0,0,0,0,0,0,0,A_TRUE_ZERO
1ocmthh,1,0,0,0,0,0,0,0,0,A_TRUE_ZERO
yy2z92,1,0,0,0,0,0,0,0,0,A_TRUE_ZERO
tx4iar,3,0,0,0,0,0,0,0,0,A_TRUE_ZERO
tmiqf7,1,0,0,0,0,0,0,0,0,A_TRUE_ZERO
12o7o86,1,0,0,0,0,0,0,0,0,A_TRUE_ZERO
14db3ep,1,0,0,0,0,0,0,0,0,A_TRUE_ZERO
1s81ytx,1,0,0,0,0,0,0,0,0,A_TRUE_ZERO
ms3krf,1,0,0,0,0,0,0,0,0,A_TRUE_ZERO
tt41pm,1,0,0,0,0,0,0,0,0,A_TRUE_ZERO
1oh8fd8,1,0,0,0,0,0,0,0,0,A_TRUE_ZERO
19a10ri,1,0,0,0,0,0,0,0,0,A_TRUE_ZERO
t6l3ll,1,0,0,0,0,0,0,0,0,A_TRUE_ZERO
i99htc,2,0,0,0,0,0,0,0,0,A_TRUE_ZERO
1fawyso,2,0,0,0,0,0,0,0,0,A_TRUE_ZERO
f4qok2,2,0,0,0,0,0,0,0,0,A_TRUE_ZERO
cdj51a,3,0,0,0,0,0,0,0,0,A_TRUE_ZERO
13jkrh8,1,0,0,0,0,0,0,0,0,A_TRUE_ZERO
viy0om,1,0,0,0,0,0,0,0,0,A_TRUE_ZERO
1dunw4n,3,0,0,0,0,0,0,0,0,A_TRUE_ZERO
1j9lya5,1,0,0,0,0,0,0,0,0,A_TRUE_ZERO
pfeiu6,1,0,0,0,0,0,0,0,0,A_TRUE_ZERO
dfgz6q,1,0,0,0,0,0,0,0,0,A_TRUE_ZERO
14x5vt9,1,0,0,0,0,0,0,0,0,A_TRUE_ZERO
1djyycm,1,0,0,0,0,0,0,0,0,A_TRUE_ZERO
gela0b,1,0,0,0,0,0,0,0,0,A_TRUE_ZERO
1gvvqlk,4,0,0,0,0,0,0,0,0,A_TRUE_ZERO
x2ugk5,3,0,0,0,0,0,0,0,0,A_TRUE_ZERO
1mqfa96,2,0,0,0,0,0,0,0,0,A_TRUE_ZERO
1p6p2wx,1,1,0,0,0,1,0,0,0,B_FILTERED_OUT
gsw5c3,3,0,0,0,0,0,0,0,0,A_TRUE_ZERO
d9p0xu,3,0,0,0,0,0,0,0,0,A_TRUE_ZERO
bxntqn,1,0,0,0,0,0,0,0,0,A_TRUE_ZERO
uwnd7r,1,0,0,0,0,0,0,0,0,A_TRUE_ZERO
1mwkv1e,1,0,0,0,0,0,0,0,0,A_TRUE_ZERO
1hft4fp,2,0,0,0,0,0,0,0,0,A_TRUE_ZERO
1eg1sy6,2,0,0,0,0,0,0,0,0,A_TRUE_ZERO
osqb2p,3,0,0,0,0,0,0,0,0,A_TRUE_ZERO
pteipz,1,0,0,0,0,0,0,0,0,A_TRUE_ZERO
1r33j3w,1,0,0,0,0,0,0,0,0,A_TRUE_ZERO
1rqga85,1,0,0,0,0,0,0,0,0,A_TRUE_ZERO
15oaqkf,1,0,0,0,0,0,0,0,0,A_TRUE_ZERO
u93n37,1,0,0,0,0,0,0,0,0,A_TRUE_ZERO
1e6mwac,3,0,0,0,0,0,0,0,0,A_TRUE_ZERO
jyhfnl,2,0,0,0,0,0,0,0,0,A_TRUE_ZERO
1b910xx,1,0,0,0,0,0,0,0,0,A_TRUE_ZERO
1hve7zm,1,0,0,0,0,0,0,0,0,A_TRUE_ZERO
ydywfb,3,0,0,0,0,0,0,0,0,A_TRUE_ZERO
ee8w5l,1,0,0,0,0,0,0,0,0,A_TRUE_ZERO
mbo2wi,2,0,0,0,0,0,0,0,0,A_TRUE_ZERO
1g0oa35,1,0,0,0,0,0,0,0,0,A_TRUE_ZERO
11w6k7a,1,0,0,0,0,0,0,0,0,A_TRUE_ZERO
ryf1op,1,0,0,0,0,0,0,0,0,A_TRUE_ZERO
1rcdpil,1,0,0,0,0,0,0,0,0,A_TRUE_ZERO
1i2326g,2,0,0,0,0,0,0,0,0,A_TRUE_ZERO
1phis6n,1,0,0,0,0,0,0,0,0,A_TRUE_ZERO
i74rdx,1,0,0,0,0,0,0,0,0,A_TRUE_ZERO
1h6ys8o,1,0,0,0,0,0,0,0,0,A_TRUE_ZERO
1h94h3i,3,0,0,0,0,0,0,0,0,A_TRUE_ZERO
1cmhrzl,2,0,0,0,0,0,0,0,0,A_TRUE_ZERO
k1xbsr,1,0,0,0,0,0,0,0,0,A_TRUE_ZERO
dbk6iv,2,0,0,0,0,0,0,0,0,A_TRUE_ZERO
nn7q39,1,0,0,0,0,0,0,0,0,A_TRUE_ZERO
vi7xw0,1,0,0,0,0,0,0,0,0,A_TRUE_ZERO
pmguky,1,0,0,0,0,0,0,0,0,A_TRUE_ZERO
12qh3c3,1,0,0,0,0,0,0,0,0,A_TRUE_ZERO
ewdn6v,1,0,0,0,0,0,0,0,0,A_TRUE_ZERO
1ko7aj7,1,0,0,0,0,0,0,0,0,A_TRUE_ZERO
n9cwn8,1,0,0,0,0,0,0,0,0,A_TRUE_ZERO
17axphl,1,0,0,0,0,0,0,0,0,A_TRUE_ZERO
f3cggd,1,0,0,0,0,0,0,0,0,A_TRUE_ZERO
suu0ay,2,0,0,0,0,0,0,0,0,A_TRUE_ZERO
t8vz49,4,0,0,0,0,0,0,0,0,A_TRUE_ZERO
y7wt2z,2,0,0,0,0,0,0,0,0,A_TRUE_ZERO
1kno59s,2,0,0,0,0,0,0,0,0,A_TRUE_ZERO
qevhpf,1,0,0,0,0,0,0,0,0,A_TRUE_ZERO
1idm9ea,1,0,0,0,0,0,0,0,0,A_TRUE_ZERO
1oe7hb6,1,0,0,0,0,0,0,0,0,A_TRUE_ZERO
fshzf7,1,0,0,0,0,0,0,0,0,A_TRUE_ZERO
w2sfg8,1,0,0,0,0,0,0,0,0,A_TRUE_ZERO
1d2649k,1,0,0,0,0,0,0,0,0,A_TRUE_ZERO
1e7rchi,1,0,0,0,0,0,0,0,0,A_TRUE_ZERO
jjjh3b,1,0,0,0,0,0,0,0,0,A_TRUE_ZERO
nlsv0i,2,0,0,0,0,0,0,0,0,A_TRUE_ZERO
1f3ufn6,1,0,0,0,0,0,0,0,0,A_TRUE_ZERO
brvitx,1,0,0,0,0,0,0,0,0,A_TRUE_ZERO
17h8t7n,1,0,0,0,0,0,0,0,0,A_TRUE_ZERO
1c0tv1l,1,0,0,0,0,0,0,0,0,A_TRUE_ZERO
1kc02u4,3,0,0,0,0,0,0,0,0,A_TRUE_ZERO
w9gy3k,3,0,0,0,0,0,0,0,0,A_TRUE_ZERO
1hglvuf,2,0,0,0,0,0,0,0,0,A_TRUE_ZERO
purd3l,1,0,0,0,0,0,0,0,0,A_TRUE_ZERO
1bv3fq9,4,0,0,0,0,0,0,0,0,A_TRUE_ZERO
ux28em,2,0,0,0,0,0,0,0,0,A_TRUE_ZERO
fh9yxs,1,0,0,0,0,0,0,0,0,A_TRUE_ZERO
xwc5y3,1,0,0,0,0,0,0,0,0,A_TRUE_ZERO
16e0v8q,3,0,0,0,0,0,0,0,0,A_TRUE_ZERO
ulvual,1,0,0,0,0,0,0,0,0,A_TRUE_ZERO
18sqmgl,3,0,0,0,0,0,0,0,0,A_TRUE_ZERO
usgice,3,0,0,0,0,0,0,0,0,A_TRUE_ZERO
n22v93,1,0,0,0,0,0,0,0,0,A_TRUE_ZERO
1f6c5oa,2,0,0,0,0,0,0,0,0,A_TRUE_ZERO
st8hdd,1,0,0,0,0,0,0,0,0,A_TRUE_ZERO
18x8awo,2,0,0,0,0,0,0,0,0,A_TRUE_ZERO
dnh2gq,3,0,0,0,0,0,0,0,0,A_TRUE_ZERO
f20zfv,2,0,0,0,0,0,0,0,0,A_TRUE_ZERO
1hvxuwz,1,0,0,0,0,0,0,0,0,A_TRUE_ZERO
dmlbn5,2,0,0,0,0,0,0,0,0,A_TRUE_ZERO
wp9c6c,1,0,0,0,0,0,0,0,0,A_TRUE_ZERO
jlzp0j,1,0,0,0,0,0,0,0,0,A_TRUE_ZERO
1hvtabf,1,0,0,0,0,0,0,0,0,A_TRUE_ZERO
1nel5if,1,0,0,0,0,0,0,0,0,A_TRUE_ZERO
171of4u,2,0,0,0,0,0,0,0,0,A_TRUE_ZERO
180vyd9,1,0,0,0,0,0,0,0,0,A_TRUE_ZERO
1fu4rdv,2,0,0,0,0,0,0,0,0,A_TRUE_ZERO
16zwly0,1,0,0,0,0,0,0,0,0,A_TRUE_ZERO
10d1xqs,1,0,0,0,0,0,0,0,0,A_TRUE_ZERO
xcjaz7,2,0,0,0,0,0,0,0,0,A_TRUE_ZERO
1agv07c,1,0,0,0,0,0,0,0,0,A_TRUE_ZERO
e7696b,1,0,0,0,0,0,0,0,0,A_TRUE_ZERO
naftpz,1,0,0,0,0,0,0,0,0,A_TRUE_ZERO
1cy3qtf,1,0,0,0,0,0,0,0,0,A_TRUE_ZERO
12pl1vr,2,0,0,0,0,0,0,0,0,A_TRUE_ZERO
12sep28,4,0,0,0,0,0,0,0,0,A_TRUE_ZERO
13xvjdp,1,0,0,0,0,0,0,0,0,A_TRUE_ZERO
ix07r2,1,0,0,0,0,0,0,0,0,A_TRUE_ZERO
108d0u0,1,0,0,0,0,0,0,0,0,A_TRUE_ZERO
sehp60,3,0,0,0,0,0,0,0,0,A_TRUE_ZERO
1qup7oi,2,0,0,0,0,0,0,0,0,A_TRUE_ZERO
1bcfvnu,2,0,0,0,0,0,0,0,0,A_TRUE_ZERO
gdj6cr,2,0,0,0,0,0,0,0,0,A_TRUE_ZERO
ily6vz,1,0,0,0,0,0,0,0,0,A_TRUE_ZERO
15fcs3c,1,0,0,0,0,0,0,0,0,A_TRUE_ZERO
1n509vv,2,0,0,0,0,0,0,0,0,A_TRUE_ZERO
1hz0lns,1,0,0,0,0,0,0,0,0,A_TRUE_ZERO
zpg1n7,3,0,0,0,0,0,0,0,0,A_TRUE_ZERO
1jdqw9o,3,0,0,0,0,0,0,0,0,A_TRUE_ZERO
13xn359,1,0,0,0,0,0,0,0,0,A_TRUE_ZERO
r52emv,2,0,0,0,0,0,0,0,0,A_TRUE_ZERO
hw7dix,1,0,0,0,0,0,0,0,0,A_TRUE_ZERO
1lzu8k1,4,0,0,0,0,0,0,0,0,A_TRUE_ZERO
1mdrl14,3,0,0,0,0,0,0,0,0,A_TRUE_ZERO
u6grqv,2,0,0,0,0,0,0,0,0,A_TRUE_ZERO
1c7apgr,1,0,0,0,0,0,0,0,0,A_TRUE_ZERO
1aeyb3v,1,0,0,0,0,0,0,0,0,A_TRUE_ZERO
15zfwyd,2,0,0,0,0,0,0,0,0,A_TRUE_ZERO
1gvqnez,4,0,0,0,0,0,0,0,0,A_TRUE_ZERO
11k8bog,1,0,0,0,0,0,0,0,0,A_TRUE_ZERO
1alejy1,2,0,0,0,0,0,0,0,0,A_TRUE_ZERO
fdg5bv,1,0,0,0,0,0,0,0,0,A_TRUE_ZERO
13uqvsx,1,0,0,0,0,0,0,0,0,A_TRUE_ZERO
1jdme8f,1,0,0,0,0,0,0,0,0,A_TRUE_ZERO
faxcv9,1,0,0,0,0,0,0,0,0,A_TRUE_ZERO
udgs8o,1,0,0,0,0,0,0,0,0,A_TRUE_ZERO
sp9p7l,1,0,0,0,0,0,0,0,0,A_TRUE_ZERO
1l9qiag,3,0,0,0,0,0,0,0,0,A_TRUE_ZERO
v3aa5f,1,0,0,0,0,0,0,0,0,A_TRUE_ZERO
fkvc19,2,0,0,0,0,0,0,0,0,A_TRUE_ZERO
q61c6l,2,0,0,0,0,0,0,0,0,A_TRUE_ZERO
1bqeori,1,0,0,0,0,0,0,0,0,A_TRUE_ZERO
dv00t2,1,0,0,0,0,0,0,0,0,A_TRUE_ZERO
d0y8uq,1,0,0,0,0,0,0,0,0,A_TRUE_ZERO
sobnyy,1,0,0,0,0,0,0,0,0,A_TRUE_ZERO
w6xwlj,1,0,0,0,0,0,0,0,0,A_TRUE_ZERO
1ej96j1,1,0,0,0,0,0,0,0,0,A_TRUE_ZERO
vyn7l6,2,0,0,0,0,0,0,0,0,A_TRUE_ZERO
1epq85j,3,0,0,0,0,0,0,0,0,A_TRUE_ZERO
1ggag59,1,0,0,0,0,0,0,0,0,A_TRUE_ZERO
1q0eo61,3,2,1,0,0,1,0,0,0,B_FILTERED_OUT
zvy042,3,0,0,0,0,0,0,0,0,A_TRUE_ZERO
y2j6fu,1,0,0,0,0,0,0,0,0,A_TRUE_ZERO
gngas3,2,0,0,0,0,0,0,0,0,A_TRUE_ZERO
f0d3j8,1,0,0,0,0,0,0,0,0,A_TRUE_ZERO
1r43r8v,3,0,0,0,0,0,0,0,0,A_TRUE_ZERO
10ruqzj,1,0,0,0,0,0,0,0,0,A_TRUE_ZERO
1pcz542,1,0,0,0,0,0,0,0,0,A_TRUE_ZERO
nq7c2w,3,0,0,0,0,0,0,0,0,A_TRUE_ZERO
1kjigjc,2,0,0,0,0,0,0,0,0,A_TRUE_ZERO
1blvf9l,2,0,0,0,0,0,0,0,0,A_TRUE_ZERO
qc5ktd,2,0,0,0,0,0,0,0,0,A_TRUE_ZERO
1chrt4x,2,0,0,0,0,0,0,0,0,A_TRUE_ZERO
1riow57,1,0,0,0,0,0,0,0,0,A_TRUE_ZERO
1pkwpur,1,0,0,0,0,0,0,0,0,A_TRUE_ZERO
1ev3set,1,0,0,0,0,0,0,0,0,A_TRUE_ZERO
11natkb,1,0,0,0,0,0,0,0,0,A_TRUE_ZERO
ob0v8i,1,0,0,0,0,0,0,0,0,A_TRUE_ZERO
r8g05i,1,0,0,0,0,0,0,0,0,A_TRUE_ZERO
vckl9a,2,0,0,0,0,0,0,0,0,A_TRUE_ZERO
xcl28f,2,0,0,0,0,0,0,0,0,A_TRUE_ZERO
rbu6ra,1,0,0,0,0,0,0,0,0,A_TRUE_ZERO
1f8amyc,2,0,0,0,0,0,0,0,0,A_TRUE_ZERO
1busqux,1,0,0,0,0,0,0,0,0,A_TRUE_ZERO
15q89gk,2,0,0,0,0,0,0,0,0,A_TRUE_ZERO
ppsq9j,2,0,0,0,0,0,0,0,0,A_TRUE_ZERO
1cb1qo0,1,0,0,0,0,0,0,0,0,A_TRUE_ZERO
c5l4ru,1,0,0,0,0,0,0,0,0,A_TRUE_ZERO
udva34,1,0,0,0,0,0,0,0,0,A_TRUE_ZERO
1hno5cn,2,0,0,0,0,0,0,0,0,A_TRUE_ZERO
1ibe4p4,2,0,0,0,0,0,0,0,0,A_TRUE_ZERO
1g6oa2t,4,0,0,0,0,0,0,0,0,A_TRUE_ZERO
1lf4j2k,1,0,0,0,0,0,0,0,0,A_TRUE_ZERO
uihpvr,3,0,0,0,0,0,0,0,0,A_TRUE_ZERO
1lietnw,2,0,0,0,0,0,0,0,0,A_TRUE_ZERO
cwbnwc,1,0,0,0,0,0,0,0,0,A_TRUE_ZERO
o21djz,1,0,0,0,0,0,0,0,0,A_TRUE_ZERO
1h51d2b,1,0,0,0,0,0,0,0,0,A_TRUE_ZERO
1me841y,1,0,0,0,0,0,0,0,0,A_TRUE_ZERO
em8dbl,3,0,0,0,0,0,0,0,0,A_TRUE_ZERO
z9h60b,4,0,0,0,0,0,0,0,0,A_TRUE_ZERO
1slifyw,1,0,0,0,0,0,0,0,0,A_TRUE_ZERO
1hsriz4,1,0,0,0,0,0,0,0,0,A_TRUE_ZERO
1i9fe89,1,0,0,0,0,0,0,0,0,A_TRUE_ZERO
1079ltd,2,0,0,0,0,0,0,0,0,A_TRUE_ZERO
1m24dsk,3,0,0,0,0,0,0,0,0,A_TRUE_ZERO
1j0gkdb,1,0,0,0,0,0,0,0,0,A_TRUE_ZERO
17l25is,1,0,0,0,0,0,0,0,0,A_TRUE_ZERO
jckbb3,1,0,0,0,0,0,0,0,0,A_TRUE_ZERO
1bi65d8,1,0,0,0,0,0,0,0,0,A_TRUE_ZERO
pxymid,3,0,0,0,0,0,0,0,0,A_TRUE_ZERO
1njdawl,1,0,0,0,0,0,0,0,0,A_TRUE_ZERO
uu1q7x,3,0,0,0,0,0,0,0,0,A_TRUE_ZERO
zvxo74,2,0,0,0,0,0,0,0,0,A_TRUE_ZERO
vn3rvz,2,0,0,0,0,0,0,0,0,A_TRUE_ZERO
16x9j8c,3,0,0,0,0,0,0,0,0,A_TRUE_ZERO
q5x9jg,2,0,0,0,0,0,0,0,0,A_TRUE_ZERO
exw84h,1,0,0,0,0,0,0,0,0,A_TRUE_ZERO
1g1w8l9,2,0,0,0,0,0,0,0,0,A_TRUE_ZERO
ubscen,1,0,0,0,0,0,0,0,0,A_TRUE_ZERO
17qtzij,2,0,0,0,0,0,0,0,0,A_TRUE_ZERO
k5g0aj,2,0,0,0,0,0,0,0,0,A_TRUE_ZERO
1g9yf78,1,0,0,0,0,0,0,0,0,A_TRUE_ZERO
znt8qb,3,0,0,0,0,0,0,0,0,A_TRUE_ZERO
bonpll,1,0,0,0,0,0,0,0,0,A_TRUE_ZERO
j4qy89,1,0,0,0,0,0,0,0,0,A_TRUE_ZERO
nwtk4i,1,0,0,0,0,0,0,0,0,A_TRUE_ZERO
ogg2wj,4,0,0,0,0,0,0,0,0,A_TRUE_ZERO
1lvsthf,4,0,0,0,0,0,0,0,0,A_TRUE_ZERO
1sdyqqe,1,0,0,0,0,0,0,0,0,A_TRUE_ZERO
1nuacyi,1,0,0,0,0,0,0,0,0,A_TRUE_ZERO
15bysde,1,0,0,0,0,0,0,0,0,A_TRUE_ZERO
17arsio,3,0,0,0,0,0,0,0,0,A_TRUE_ZERO
ebu6g7,1,0,0,0,0,0,0,0,0,A_TRUE_ZERO
1jrka7n,1,0,0,0,0,0,0,0,0,A_TRUE_ZERO
16ry1vg,2,0,0,0,0,0,0,0,0,A_TRUE_ZERO
1bexd8y,1,0,0,0,0,0,0,0,0,A_TRUE_ZERO
jog9ze,2,0,0,0,0,0,0,0,0,A_TRUE_ZERO
sd52se,1,0,0,0,0,0,0,0,0,A_TRUE_ZERO
zrlchu,1,0,0,0,0,0,0,0,0,A_TRUE_ZERO
1s35ady,1,0,0,0,0,0,0,0,0,A_TRUE_ZERO
1n14xnq,1,0,0,0,0,0,0,0,0,A_TRUE_ZERO
k9vg7n,1,0,0,0,0,0,0,0,0,A_TRUE_ZERO
1d5umz7,1,0,0,0,0,0,0,0,0,A_TRUE_ZERO
1iurck7,2,0,0,0,0,0,0,0,0,A_TRUE_ZERO
mn9h9s,1,0,0,0,0,0,0,0,0,A_TRUE_ZERO
1i198dl,1,0,0,0,0,0,0,0,0,A_TRUE_ZERO
1ks4wya,1,0,0,0,0,0,0,0,0,A_TRUE_ZERO
1qcg899,2,0,0,0,0,0,0,0,0,A_TRUE_ZERO
1csp8sa,1,0,0,0,0,0,0,0,0,A_TRUE_ZERO
d7vucr,1,0,0,0,0,0,0,0,0,A_TRUE_ZERO
ci8iwp,1,0,0,0,0,0,0,0,0,A_TRUE_ZERO
1gog9o2,3,0,0,0,0,0,0,0,0,A_TRUE_ZERO
1gvvo4q,1,0,0,0,0,0,0,0,0,A_TRUE_ZERO
1i3ivln,1,0,0,0,0,0,0,0,0,A_TRUE_ZERO
191qw9q,1,0,0,0,0,0,0,0,0,A_TRUE_ZERO
127bkwg,2,0,0,0,0,0,0,0,0,A_TRUE_ZERO
1j9nxgq,1,0,0,0,0,0,0,0,0,A_TRUE_ZERO
pk8wvm,2,0,0,0,0,0,0,0,0,A_TRUE_ZERO
p7k9vb,1,0,0,0,0,0,0,0,0,A_TRUE_ZERO
rd9lqx,1,0,0,0,0,0,0,0,0,A_TRUE_ZERO
1gs86tj,1,0,0,0,0,0,0,0,0,A_TRUE_ZERO
1rjeiyg,2,0,0,0,0,0,0,0,0,A_TRUE_ZERO
x0zmky,1,0,0,0,0,0,0,0,0,A_TRUE_ZERO
1ddov0i,3,0,0,0,0,0,0,0,0,A_TRUE_ZERO
1ie3eoq,2,0,0,0,0,0,0,0,0,A_TRUE_ZERO
1aibsxk,1,0,0,0,0,0,0,0,0,A_TRUE_ZERO
1k0nddo,1,0,0,0,0,0,0,0,0,A_TRUE_ZERO
ft8zmo,3,0,0,0,0,0,0,0,0,A_TRUE_ZERO
rzhygn,2,0,0,0,0,0,0,0,0,A_TRUE_ZERO
qise7a,2,0,0,0,0,0,0,0,0,A_TRUE_ZERO
ygrnxt,1,0,0,0,0,0,0,0,0,A_TRUE_ZERO
1jw8lrq,3,0,0,0,0,0,0,0,0,A_TRUE_ZERO
1ov69xh,3,0,0,0,0,0,0,0,0,A_TRUE_ZERO
up8pgb,3,0,0,0,0,0,0,0,0,A_TRUE_ZERO
1n7pl1b,1,0,0,0,0,0,0,0,0,A_TRUE_ZERO
1m2ngem,1,0,0,0,0,0,0,0,0,A_TRUE_ZERO
m5m1va,1,0,0,0,0,0,0,0,0,A_TRUE_ZERO
bgrh5j,1,0,0,0,0,0,0,0,0,A_TRUE_ZERO
1ag25bm,3,0,0,0,0,0,0,0,0,A_TRUE_ZERO
19cy7jf,1,0,0,0,0,0,0,0,0,A_TRUE_ZERO
17a3dvb,1,0,0,0,0,0,0,0,0,A_TRUE_ZERO
13eft0e,1,0,0,0,0,0,0,0,0,A_TRUE_ZERO
1p22r37,1,0,0,0,0,0,0,0,0,A_TRUE_ZERO
dtjd7c,2,0,0,0,0,0,0,0,0,A_TRUE_ZERO
duk57w,3,0,0,0,0,0,0,0,0,A_TRUE_ZERO
1lpxb14,2,0,0,0,0,0,0,0,0,A_TRUE_ZERO
1f874t6,2,0,0,0,0,0,0,0,0,A_TRUE_ZERO
rv67j4,2,0,0,0,0,0,0,0,0,A_TRUE_ZERO
1304iyt,2,0,0,0,0,0,0,0,0,A_TRUE_ZERO
ke6vb3,1,0,0,0,0,0,0,0,0,A_TRUE_ZERO
q8vgyy,1,0,0,0,0,0,0,0,0,A_TRUE_ZERO
1gh1lqd,1,0,0,0,0,0,0,0,0,A_TRUE_ZERO
uos7e7,1,0,0,0,0,0,0,0,0,A_TRUE_ZERO
z1rz81,2,0,0,0,0,0,0,0,0,A_TRUE_ZERO
luadyo,1,0,0,0,0,0,0,0,0,A_TRUE_ZERO
v8jrge,3,0,0,0,0,0,0,0,0,A_TRUE_ZERO
1emyzky,2,0,0,0,0,0,0,0,0,A_TRUE_ZERO
po0uby,2,0,0,0,0,0,0,0,0,A_TRUE_ZERO
saae1s,2,0,0,0,0,0,0,0,0,A_TRUE_ZERO
1sqmri5,1,0,0,0,0,0,0,0,0,A_TRUE_ZERO
j7tios,2,0,0,0,0,0,0,0,0,A_TRUE_ZERO
10wtje3,1,0,0,0,0,0,0,0,0,A_TRUE_ZERO
oghb9y,1,0,0,0,0,0,0,0,0,A_TRUE_ZERO
uybl5d,1,0,0,0,0,0,0,0,0,A_TRUE_ZERO
12ig4fn,2,0,0,0,0,0,0,0,0,A_TRUE_ZERO
zb004y,2,0,0,0,0,0,0,0,0,A_TRUE_ZERO
16vmvif,2,0,0,0,0,0,0,0,0,A_TRUE_ZERO
wpb12k,1,0,0,0,0,0,0,0,0,A_TRUE_ZERO
ievmzt,1,0,0,0,0,0,0,0,0,A_TRUE_ZERO
gillfe,1,0,0,0,0,0,0,0,0,A_TRUE_ZERO
ym8e1b,1,0,0,0,0,0,0,0,0,A_TRUE_ZERO
1d4mvc1,1,0,0,0,0,0,0,0,0,A_TRUE_ZERO
10gvtho,2,0,0,0,0,0,0,0,0,A_TRUE_ZERO
1cd0051,2,0,0,0,0,0,0,0,0,A_TRUE_ZERO
e939bt,1,0,0,0,0,0,0,0,0,A_TRUE_ZERO
1dqt48s,2,0,0,0,0,0,0,0,0,A_TRUE_ZERO
1dzgxu5,2,0,0,0,0,0,0,0,0,A_TRUE_ZERO
1s1zxqm,1,0,0,0,0,0,0,0,0,A_TRUE_ZERO
kt17vg,1,0,0,0,0,0,0,0,0,A_TRUE_ZERO
1cgmaot,1,0,0,0,0,0,0,0,0,A_TRUE_ZERO
1od7paa,2,0,0,0,0,0,0,0,0,A_TRUE_ZERO
cso8vx,1,0,0,0,0,0,0,0,0,A_TRUE_ZERO
bi0rzo,1,0,0,0,0,0,0,0,0,A_TRUE_ZERO
ydgq3z,1,0,0,0,0,0,0,0,0,A_TRUE_ZERO
hvgodk,2,0,0,0,0,0,0,0,0,A_TRUE_ZERO
18d60zn,1,0,0,0,0,0,0,0,0,A_TRUE_ZERO
fnugvt,1,0,0,0,0,0,0,0,0,A_TRUE_ZERO
i96oj5,1,0,0,0,0,0,0,0,0,A_TRUE_ZERO
xjcks9,1,0,0,0,0,0,0,0,0,A_TRUE_ZERO
1jdc8tv,2,0,0,0,0,0,0,0,0,A_TRUE_ZERO
kedi6v,1,0,0,0,0,0,0,0,0,A_TRUE_ZERO
1kb4tsu,3,0,0,0,0,0,0,0,0,A_TRUE_ZERO
1fsjq9s,1,0,0,0,0,0,0,0,0,A_TRUE_ZERO
16naoy8,1,0,0,0,0,0,0,0,0,A_TRUE_ZERO
11l92q7,2,0,0,0,0,0,0,0,0,A_TRUE_ZERO
zly4as,1,0,0,0,0,0,0,0,0,A_TRUE_ZERO
paxh4b,1,0,0,0,0,0,0,0,0,A_TRUE_ZERO
1eqonau,1,0,0,0,0,0,0,0,0,A_TRUE_ZERO
1lt9p2m,1,0,0,0,0,0,0,0,0,A_TRUE_ZERO
cprpxi,1,0,0,0,0,0,0,0,0,A_TRUE_ZERO
11lipvr,1,0,0,0,0,0,0,0,0,A_TRUE_ZERO
s69xmi,1,0,0,0,0,0,0,0,0,A_TRUE_ZERO
ibfun2,1,0,0,0,0,0,0,0,0,A_TRUE_ZERO
lbrjrz,1,0,0,0,0,0,0,0,0,A_TRUE_ZERO
1p3eq35,1,0,0,0,0,0,0,0,0,A_TRUE_ZERO
13pi867,3,0,0,0,0,0,0,0,0,A_TRUE_ZERO
solskm,2,0,0,0,0,0,0,0,0,A_TRUE_ZERO
e2mvnr,1,0,0,0,0,0,0,0,0,A_TRUE_ZERO
gwycxy,3,0,0,0,0,0,0,0,0,A_TRUE_ZERO
166uk0p,1,0,0,0,0,0,0,0,0,A_TRUE_ZERO
mlda2r,1,0,0,0,0,0,0,0,0,A_TRUE_ZERO
17v1l4d,3,0,0,0,0,0,0,0,0,A_TRUE_ZERO
1llt3bs,1,0,0,0,0,0,0,0,0,A_TRUE_ZERO
s348gs,1,0,0,0,0,0,0,0,0,A_TRUE_ZERO
m13u3o,1,0,0,0,0,0,0,0,0,A_TRUE_ZERO
1abxdjk,3,0,0,0,0,0,0,0,0,A_TRUE_ZERO
10gzizn,1,0,0,0,0,0,0,0,0,A_TRUE_ZERO
pr6ro6,1,0,0,0,0,0,0,0,0,A_TRUE_ZERO
d1xo0k,2,0,0,0,0,0,0,0,0,A_TRUE_ZERO
qltape,1,0,0,0,0,0,0,0,0,A_TRUE_ZERO
qknn6e,1,0,0,0,0,0,0,0,0,A_TRUE_ZERO
1cbkvv8,1,0,0,0,0,0,0,0,0,A_TRUE_ZERO
kt7i43,1,0,0,0,0,0,0,0,0,A_TRUE_ZERO
o38bl7,2,0,0,0,0,0,0,0,0,A_TRUE_ZERO
rxnn24,1,0,0,0,0,0,0,0,0,A_TRUE_ZERO
14ammb2,3,0,0,0,0,0,0,0,0,A_TRUE_ZERO
1b7b9ik,4,0,0,0,0,0,0,0,0,A_TRUE_ZERO
l52ef2,4,0,0,0,0,0,0,0,0,A_TRUE_ZERO
1auylb2,1,0,0,0,0,0,0,0,0,A_TRUE_ZERO
1buwe9k,3,0,0,0,0,0,0,0,0,A_TRUE_ZERO
ng5joy,2,0,0,0,0,0,0,0,0,A_TRUE_ZERO
wqzzda,1,0,0,0,0,0,0,0,0,A_TRUE_ZERO
sv6ews,1,0,0,0,0,0,0,0,0,A_TRUE_ZERO
1l3brv6,2,0,0,0,0,0,0,0,0,A_TRUE_ZERO
ux8d64,1,0,0,0,0,0,0,0,0,A_TRUE_ZERO
e73kk7,3,0,0,0,0,0,0,0,0,A_TRUE_ZERO
iyga2l,1,0,0,0,0,0,0,0,0,A_TRUE_ZERO
1bofkud,3,0,0,0,0,0,0,0,0,A_TRUE_ZERO
1snhlmx,1,0,0,0,0,0,0,0,0,A_TRUE_ZERO
1e5zvli,2,0,0,0,0,0,0,0,0,A_TRUE_ZERO
1g8cv9d,1,0,0,0,0,0,0,0,0,A_TRUE_ZERO
btzvvc,1,0,0,0,0,0,0,0,0,A_TRUE_ZERO
ojhbuj,1,0,0,0,0,0,0,0,0,A_TRUE_ZERO
17v1osf,1,0,0,0,0,0,0,0,0,A_TRUE_ZERO
j1z7x6,1,0,0,0,0,0,0,0,0,A_TRUE_ZERO
1f97ko9,3,0,0,0,0,0,0,0,0,A_TRUE_ZERO
1huvm9e,2,0,0,0,0,0,0,0,0,A_TRUE_ZERO
y6hpe5,1,0,0,0,0,0,0,0,0,A_TRUE_ZERO
cjzo3c,2,0,0,0,0,0,0,0,0,A_TRUE_ZERO
1b5181e,1,0,0,0,0,0,0,0,0,A_TRUE_ZERO
y0kbis,2,0,0,0,0,0,0,0,0,A_TRUE_ZERO
1qj68rg,2,0,0,0,0,0,0,0,0,A_TRUE_ZERO
1nj1eo6,1,0,0,0,0,0,0,0,0,A_TRUE_ZERO
fpy6m7,1,0,0,0,0,0,0,0,0,A_TRUE_ZERO
1gy2jie,2,0,0,0,0,0,0,0,0,A_TRUE_ZERO
1fgjmuc,2,0,0,0,0,0,0,0,0,A_TRUE_ZERO
e8k66z,2,0,0,0,0,0,0,0,0,A_TRUE_ZERO
1kqtv2n,2,0,0,0,0,0,0,0,0,A_TRUE_ZERO
1nq96vh,2,0,0,0,0,0,0,0,0,A_TRUE_ZERO
1h5i416,1,0,0,0,0,0,0,0,0,A_TRUE_ZERO
11syd81,1,0,0,0,0,0,0,0,0,A_TRUE_ZERO
vo8gm9,1,0,0,0,0,0,0,0,0,A_TRUE_ZERO
y7j4t4,2,0,0,0,0,0,0,0,0,A_TRUE_ZERO
hgh0uq,3,0,0,0,0,0,0,0,0,A_TRUE_ZERO
w6iegg,3,0,0,0,0,0,0,0,0,A_TRUE_ZERO
cxbxx3,2,0,0,0,0,0,0,0,0,A_TRUE_ZERO
hctzov,2,0,0,0,0,0,0,0,0,A_TRUE_ZERO
1aqf0fq,1,0,0,0,0,0,0,0,0,A_TRUE_ZERO
1mdrrrz,1,0,0,0,0,0,0,0,0,A_TRUE_ZERO
1mvpvyo,2,0,0,0,0,0,0,0,0,A_TRUE_ZERO
1sql1oh,3,0,0,0,0,0,0,0,0,A_TRUE_ZERO
qneonj,1,0,0,0,0,0,0,0,0,A_TRUE_ZERO
e509ce,2,0,0,0,0,0,0,0,0,A_TRUE_ZERO
bvuqow,2,0,0,0,0,0,0,0,0,A_TRUE_ZERO
1era1tm,1,0,0,0,0,0,0,0,0,A_TRUE_ZERO
1jx4adh,2,0,0,0,0,0,0,0,0,A_TRUE_ZERO
1my1wqr,2,0,0,0,0,0,0,0,0,A_TRUE_ZERO
1eryc6i,2,0,0,0,0,0,0,0,0,A_TRUE_ZERO
1jm2ire,2,0,0,0,0,0,0,0,0,A_TRUE_ZERO
v8l4dy,1,0,0,0,0,0,0,0,0,A_TRUE_ZERO
14ljiqm,1,0,0,0,0,0,0,0,0,A_TRUE_ZERO
1bregzk,2,0,0,0,0,0,0,0,0,A_TRUE_ZERO
ridmbh,1,0,0,0,0,0,0,0,0,A_TRUE_ZERO
1oit15b,1,0,0,0,0,0,0,0,0,A_TRUE_ZERO
107jfsh,1,0,0,0,0,0,0,0,0,A_TRUE_ZERO
1rql1vb,1,0,0,0,0,0,0,0,0,A_TRUE_ZERO
w79noh,1,0,0,0,0,0,0,0,0,A_TRUE_ZERO
162t78h,2,0,0,0,0,0,0,0,0,A_TRUE_ZERO
1bc8yzu,1,0,0,0,0,0,0,0,0,A_TRUE_ZERO
po2swr,2,0,0,0,0,0,0,0,0,A_TRUE_ZERO
1sbmsrz,2,0,0,0,0,0,0,0,0,A_TRUE_ZERO
za66xi,1,0,0,0,0,0,0,0,0,A_TRUE_ZERO
1dqrdoo,2,0,0,0,0,0,0,0,0,A_TRUE_ZERO
ibag5g,1,0,0,0,0,0,0,0,0,A_TRUE_ZERO
r0isoq,3,0,0,0,0,0,0,0,0,A_TRUE_ZERO
1owxc9b,1,0,0,0,0,0,0,0,0,A_TRUE_ZERO
1ono277,1,0,0,0,0,0,0,0,0,A_TRUE_ZERO
17lr78y,1,0,0,0,0,0,0,0,0,A_TRUE_ZERO
13zjffk,3,0,0,0,0,0,0,0,0,A_TRUE_ZERO
1d4ktdn,2,0,0,0,0,0,0,0,0,A_TRUE_ZERO
mc6vex,1,0,0,0,0,0,0,0,0,A_TRUE_ZERO
1cts398,1,0,0,0,0,0,0,0,0,A_TRUE_ZERO
16y7hdl,1,0,0,0,0,0,0,0,0,A_TRUE_ZERO
uu5l1q,1,0,0,0,0,0,0,0,0,A_TRUE_ZERO
9tcc4j,2,2,0,1,0,1,0,0,0,B_FILTERED_OUT
18gq3hj,1,0,0,0,0,0,0,0,0,A_TRUE_ZERO
1c6t8p8,2,0,0,0,0,0,0,0,0,A_TRUE_ZERO
gsjfj9,1,0,0,0,0,0,0,0,0,A_TRUE_ZERO
1aricav,1,0,0,0,0,0,0,0,0,A_TRUE_ZERO
1ivvnwi,1,0,0,0,0,0,0,0,0,A_TRUE_ZERO
iqmnb6,1,0,0,0,0,0,0,0,0,A_TRUE_ZERO
1gd9vvn,1,0,0,0,0,0,0,0,0,A_TRUE_ZERO
unz8gc,1,0,0,0,0,0,0,0,0,A_TRUE_ZERO
15410vv,2,0,0,0,0,0,0,0,0,A_TRUE_ZERO
1b1836e,3,0,0,0,0,0,0,0,0,A_TRUE_ZERO
1h5vp18,1,0,0,0,0,0,0,0,0,A_TRUE_ZERO
1pbvaxz,1,0,0,0,0,0,0,0,0,A_TRUE_ZERO
125i7vw,4,0,0,0,0,0,0,0,0,A_TRUE_ZERO
iqpq8y,2,0,0,0,0,0,0,0,0,A_TRUE_ZERO
16uha32,1,0,0,0,0,0,0,0,0,A_TRUE_ZERO
1redz97,1,0,0,0,0,0,0,0,0,A_TRUE_ZERO
1jmgby6,1,0,0,0,0,0,0,0,0,A_TRUE_ZERO
1dfa04k,1,0,0,0,0,0,0,0,0,A_TRUE_ZERO
ie48x8,1,0,0,0,0,0,0,0,0,A_TRUE_ZERO
1042ygd,2,0,0,0,0,0,0,0,0,A_TRUE_ZERO
bc10lq,2,0,0,0,0,0,0,0,0,A_TRUE_ZERO
1gh19u7,2,0,0,0,0,0,0,0,0,A_TRUE_ZERO
11bwzmm,1,0,0,0,0,0,0,0,0,A_TRUE_ZERO
j08j49,1,0,0,0,0,0,0,0,0,A_TRUE_ZERO
13qwuf5,3,0,0,0,0,0,0,0,0,A_TRUE_ZERO
187t7sq,3,0,0,0,0,0,0,0,0,A_TRUE_ZERO
1mpdtao,3,0,0,0,0,0,0,0,0,A_TRUE_ZERO
uzadt1,1,0,0,0,0,0,0,0,0,A_TRUE_ZERO
1c1foz4,1,0,0,0,0,0,0,0,0,A_TRUE_ZERO
1jfqrda,1,0,0,0,0,0,0,0,0,A_TRUE_ZERO
u725ps,3,0,0,0,0,0,0,0,0,A_TRUE_ZERO
o7prxj,2,0,0,0,0,0,0,0,0,A_TRUE_ZERO
1gc7xwv,2,0,0,0,0,0,0,0,0,A_TRUE_ZERO
po4r16,3,0,0,0,0,0,0,0,0,A_TRUE_ZERO
13ywat7,2,0,0,0,0,0,0,0,0,A_TRUE_ZERO
bjjoh5,1,0,0,0,0,0,0,0,0,A_TRUE_ZERO
u3t4kk,1,0,0,0,0,0,0,0,0,A_TRUE_ZERO
1fg31fg,4,0,0,0,0,0,0,0,0,A_TRUE_ZERO
bx1z5h,1,0,0,0,0,0,0,0,0,A_TRUE_ZERO
nhznye,1,0,0,0,0,0,0,0,0,A_TRUE_ZERO
jbbj2i,1,0,0,0,0,0,0,0,0,A_TRUE_ZERO
upffmu,1,0,0,0,0,0,0,0,0,A_TRUE_ZERO
wrigqz,1,0,0,0,0,0,0,0,0,A_TRUE_ZERO
kxkp7y,1,0,0,0,0,0,0,0,0,A_TRUE_ZERO
1p22zj7,1,0,0,0,0,0,0,0,0,A_TRUE_ZERO
165ewqq,1,0,0,0,0,0,0,0,0,A_TRUE_ZERO
141j33d,1,0,0,0,0,0,0,0,0,A_TRUE_ZERO
f6vbv8,2,0,0,0,0,0,0,0,0,A_TRUE_ZERO
1e4gtei,1,0,0,0,0,0,0,0,0,A_TRUE_ZERO
1hxfccm,1,0,0,0,0,0,0,0,0,A_TRUE_ZERO
1fu94d2,1,0,0,0,0,0,0,0,0,A_TRUE_ZERO
fp5j6v,1,0,0,0,0,0,0,0,0,A_TRUE_ZERO
rbo5ph,1,0,0,0,0,0,0,0,0,A_TRUE_ZERO
1pge29t,2,0,0,0,0,0,0,0,0,A_TRUE_ZERO
o81x35,1,0,0,0,0,0,0,0,0,A_TRUE_ZERO
jfhuqs,2,0,0,0,0,0,0,0,0,A_TRUE_ZERO
chcn66,1,0,0,0,0,0,0,0,0,A_TRUE_ZERO
1d8pyyv,1,0,0,0,0,0,0,0,0,A_TRUE_ZERO
179dmu3,3,2,1,0,0,1,0,0,0,B_FILTERED_OUT
psxak2,2,0,0,0,0,0,0,0,0,A_TRUE_ZERO
1mhwrmr,3,0,0,0,0,0,0,0,0,A_TRUE_ZERO
fef1hf,2,0,0,0,0,0,0,0,0,A_TRUE_ZERO
t8n9y4,1,0,0,0,0,0,0,0,0,A_TRUE_ZERO
18xvovh,1,0,0,0,0,0,0,0,0,A_TRUE_ZERO
1reaubn,1,0,0,0,0,0,0,0,0,A_TRUE_ZERO
1stj94g,1,0,0,0,0,0,0,0,0,A_TRUE_ZERO
1s8hym4,1,0,0,0,0,0,0,0,0,A_TRUE_ZERO
h14epa,2,0,0,0,0,0,0,0,0,A_TRUE_ZERO
qz81bl,2,0,0,0,0,0,0,0,0,A_TRUE_ZERO
hmphwk,2,0,0,0,0,0,0,0,0,A_TRUE_ZERO
1egn141,1,0,0,0,0,0,0,0,0,A_TRUE_ZERO
1g7y2dv,3,0,0,0,0,0,0,0,0,A_TRUE_ZERO
ih8hq4,2,0,0,0,0,0,0,0,0,A_TRUE_ZERO
yoorfc,2,0,0,0,0,0,0,0,0,A_TRUE_ZERO
f7samu,2,0,0,0,0,0,0,0,0,A_TRUE_ZERO
1jp5s70,3,0,0,0,0,0,0,0,0,A_TRUE_ZERO
1o3047s,4,0,0,0,0,0,0,0,0,A_TRUE_ZERO
1aw8twf,1,0,0,0,0,0,0,0,0,A_TRUE_ZERO
1kc30qw,1,0,0,0,0,0,0,0,0,A_TRUE_ZERO
1kmhg56,1,0,0,0,0,0,0,0,0,A_TRUE_ZERO
oo2a0x,1,0,0,0,0,0,0,0,0,A_TRUE_ZERO
1k9tzxp,3,0,0,0,0,0,0,0,0,A_TRUE_ZERO
1kxpt21,1,0,0,0,0,0,0,0,0,A_TRUE_ZERO
1cm5wbu,2,0,0,0,0,0,0,0,0,A_TRUE_ZERO
py0t32,1,0,0,0,0,0,0,0,0,A_TRUE_ZERO
e64c1b,1,0,0,0,0,0,0,0,0,A_TRUE_ZERO
1e4squm,2,0,0,0,0,0,0,0,0,A_TRUE_ZERO
zjiipr,1,0,0,0,0,0,0,0,0,A_TRUE_ZERO
iuqeou,1,0,0,0,0,0,0,0,0,A_TRUE_ZERO
1aqqzay,3,0,0,0,0,0,0,0,0,A_TRUE_ZERO
xcj7zu,1,0,0,0,0,0,0,0,0,A_TRUE_ZERO
14w29ey,1,0,0,0,0,0,0,0,0,A_TRUE_ZERO
16a6s5k,1,0,0,0,0,0,0,0,0,A_TRUE_ZERO
dmzfoh,1,0,0,0,0,0,0,0,0,A_TRUE_ZERO
tjha40,1,0,0,0,0,0,0,0,0,A_TRUE_ZERO
ganpfa,1,0,0,0,0,0,0,0,0,A_TRUE_ZERO
erdbfl,1,0,0,0,0,0,0,0,0,A_TRUE_ZERO
quios1,1,0,0,0,0,0,0,0,0,A_TRUE_ZERO
cfflm0,1,0,0,0,0,0,0,0,0,A_TRUE_ZERO
cehd4u,1,0,0,0,0,0,0,0,0,A_TRUE_ZERO
1bus1z5,2,0,0,0,0,0,0,0,0,A_TRUE_ZERO
oamoml,1,0,0,0,0,0,0,0,0,A_TRUE_ZERO
1ikhzlj,1,0,0,0,0,0,0,0,0,A_TRUE_ZERO
f6i811,1,0,0,0,0,0,0,0,0,A_TRUE_ZERO
1j0bukz,2,0,0,0,0,0,0,0,0,A_TRUE_ZERO
i4kzvf,3,0,0,0,0,0,0,0,0,A_TRUE_ZERO
xisgud,3,0,0,0,0,0,0,0,0,A_TRUE_ZERO
18hjy9c,1,0,0,0,0,0,0,0,0,A_TRUE_ZERO
oq5860,1,0,0,0,0,0,0,0,0,A_TRUE_ZERO
ptjzt6,1,0,0,0,0,0,0,0,0,A_TRUE_ZERO
oawtay,1,0,0,0,0,0,0,0,0,A_TRUE_ZERO
wg07id,2,0,0,0,0,0,0,0,0,A_TRUE_ZERO
10wx8ok,1,0,0,0,0,0,0,0,0,A_TRUE_ZERO
176br8f,1,0,0,0,0,0,0,0,0,A_TRUE_ZERO
1lg6eg1,1,0,0,0,0,0,0,0,0,A_TRUE_ZERO
16vaf2h,3,0,0,0,0,0,0,0,0,A_TRUE_ZERO
n65eqp,1,0,0,0,0,0,0,0,0,A_TRUE_ZERO
sv3v5v,3,0,0,0,0,0,0,0,0,A_TRUE_ZERO
1seryef,3,0,0,0,0,0,0,0,0,A_TRUE_ZERO
11av851,1,0,0,0,0,0,0,0,0,A_TRUE_ZERO
pv7p31,3,0,0,0,0,0,0,0,0,A_TRUE_ZERO
1fg3lwb,2,0,0,0,0,0,0,0,0,A_TRUE_ZERO
wpfbyy,1,0,0,0,0,0,0,0,0,A_TRUE_ZERO
y5pcd7,2,0,0,0,0,0,0,0,0,A_TRUE_ZERO
1jv9lkq,1,0,0,0,0,0,0,0,0,A_TRUE_ZERO
gsv5xv,1,0,0,0,0,0,0,0,0,A_TRUE_ZERO
1s58qwj,1,0,0,0,0,0,0,0,0,A_TRUE_ZERO
fdsydo,1,0,0,0,0,0,0,0,0,A_TRUE_ZERO
da1q4f,3,0,0,0,0,0,0,0,0,A_TRUE_ZERO
17h6ifq,1,0,0,0,0,0,0,0,0,A_TRUE_ZERO
1by2nck,1,0,0,0,0,0,0,0,0,A_TRUE_ZERO
1c88kba,1,0,0,0,0,0,0,0,0,A_TRUE_ZERO
1q7vavs,1,0,0,0,0,0,0,0,0,A_TRUE_ZERO
anumc8,1,1,0,1,0,0,0,0,0,B_FILTERED_OUT
r8fmbe,1,0,0,0,0,0,0,0,0,A_TRUE_ZERO
1er7qxl,1,0,0,0,0,0,0,0,0,A_TRUE_ZERO
1bhvzuc,1,0,0,0,0,0,0,0,0,A_TRUE_ZERO
1me20q0,1,0,0,0,0,0,0,0,0,A_TRUE_ZERO
1hgdw3q,1,0,0,0,0,0,0,0,0,A_TRUE_ZERO
17fh3u6,1,0,0,0,0,0,0,0,0,A_TRUE_ZERO
18s3fos,2,0,0,0,0,0,0,0,0,A_TRUE_ZERO
1knbdkj,1,0,0,0,0,0,0,0,0,A_TRUE_ZERO
1fi3c7z,1,0,0,0,0,0,0,0,0,A_TRUE_ZERO
oxm2lw,1,0,0,0,0,0,0,0,0,A_TRUE_ZERO
uzd6qq,1,0,0,0,0,0,0,0,0,A_TRUE_ZERO
160brm4,1,0,0,0,0,0,0,0,0,A_TRUE_ZERO
1avsw8r,2,0,0,0,0,0,0,0,0,A_TRUE_ZERO
1cagwhu,1,0,0,0,0,0,0,0,0,A_TRUE_ZERO
c4r9ey,1,0,0,0,0,0,0,0,0,A_TRUE_ZERO
yqjhw7,2,0,0,0,0,0,0,0,0,A_TRUE_ZERO
15gdbxr,1,0,0,0,0,0,0,0,0,A_TRUE_ZERO
16mcme2,2,0,0,0,0,0,0,0,0,A_TRUE_ZERO
gwuqdk,1,0,0,0,0,0,0,0,0,A_TRUE_ZERO
1ef8i6i,2,0,0,0,0,0,0,0,0,A_TRUE_ZERO
1ctivf7,4,0,0,0,0,0,0,0,0,A_TRUE_ZERO
12i3hcb,3,0,0,0,0,0,0,0,0,A_TRUE_ZERO
1fj85fd,2,0,0,0,0,0,0,0,0,A_TRUE_ZERO
fhh239,1,0,0,0,0,0,0,0,0,A_TRUE_ZERO
1q8febg,4,0,0,0,0,0,0,0,0,A_TRUE_ZERO
qeon8j,2,0,0,0,0,0,0,0,0,A_TRUE_ZERO
1qoknt9,1,0,0,0,0,0,0,0,0,A_TRUE_ZERO
fmotmh,1,0,0,0,0,0,0,0,0,A_TRUE_ZERO
1e6z7xf,1,0,0,0,0,0,0,0,0,A_TRUE_ZERO
yhuiyf,2,0,0,0,0,0,0,0,0,A_TRUE_ZERO
1k5rvao,1,0,0,0,0,0,0,0,0,A_TRUE_ZERO
s3nyfx,4,0,0,0,0,0,0,0,0,A_TRUE_ZERO
166x7fv,2,0,0,0,0,0,0,0,0,A_TRUE_ZERO
f2i1gp,3,0,0,0,0,0,0,0,0,A_TRUE_ZERO
12ad98c,1,0,0,0,0,0,0,0,0,A_TRUE_ZERO
1d2cllh,1,0,0,0,0,0,0,0,0,A_TRUE_ZERO
mjvg7u,3,0,0,0,0,0,0,0,0,A_TRUE_ZERO
1n0qg5e,1,0,0,0,0,0,0,0,0,A_TRUE_ZERO
1jx00g2,3,0,0,0,0,0,0,0,0,A_TRUE_ZERO
1k0mf0t,1,0,0,0,0,0,0,0,0,A_TRUE_ZERO
1bdus15,1,0,0,0,0,0,0,0,0,A_TRUE_ZERO
1mucf83,1,0,0,0,0,0,0,0,0,A_TRUE_ZERO
tr0qxq,2,0,0,0,0,0,0,0,0,A_TRUE_ZERO
genbi2,1,0,0,0,0,0,0,0,0,A_TRUE_ZERO
ico09b,1,0,0,0,0,0,0,0,0,A_TRUE_ZERO
fvslj6,1,0,0,0,0,0,0,0,0,A_TRUE_ZERO
1jb3j2v,1,0,0,0,0,0,0,0,0,A_TRUE_ZERO
1jweqa0,1,0,0,0,0,0,0,0,0,A_TRUE_ZERO
1psup84,3,0,0,0,0,0,0,0,0,A_TRUE_ZERO
13m4h7n,2,0,0,0,0,0,0,0,0,A_TRUE_ZERO
if553l,1,0,0,0,0,0,0,0,0,A_TRUE_ZERO
1fj6xsb,3,0,0,0,0,0,0,0,0,A_TRUE_ZERO
1jane1s,1,0,0,0,0,0,0,0,0,A_TRUE_ZERO
ie4a7b,3,0,0,0,0,0,0,0,0,A_TRUE_ZERO
1j0djxb,2,0,0,0,0,0,0,0,0,A_TRUE_ZERO
1q61xbp,3,0,0,0,0,0,0,0,0,A_TRUE_ZERO
153kvgz,1,0,0,0,0,0,0,0,0,A_TRUE_ZERO
16l5wgg,2,0,0,0,0,0,0,0,0,A_TRUE_ZERO
bjml0o,2,0,0,0,0,0,0,0,0,A_TRUE_ZERO
rxhd71,2,0,0,0,0,0,0,0,0,A_TRUE_ZERO
124zigg,2,0,0,0,0,0,0,0,0,A_TRUE_ZERO
114bmba,3,0,0,0,0,0,0,0,0,A_TRUE_ZERO
1alrouf,1,0,0,0,0,0,0,0,0,A_TRUE_ZERO
x33ht1,1,0,0,0,0,0,0,0,0,A_TRUE_ZERO
154e6v5,1,0,0,0,0,0,0,0,0,A_TRUE_ZERO
e67tg5,3,0,0,0,0,0,0,0,0,A_TRUE_ZERO
1ar5gz6,1,0,0,0,0,0,0,0,0,A_TRUE_ZERO
1c0x3nv,3,0,0,0,0,0,0,0,0,A_TRUE_ZERO
1kgwu0w,1,0,0,0,0,0,0,0,0,A_TRUE_ZERO
rx1mio,1,0,0,0,0,0,0,0,0,A_TRUE_ZERO
1izc9x1,2,0,0,0,0,0,0,0,0,A_TRUE_ZERO
oj1av9,1,0,0,0,0,0,0,0,0,A_TRUE_ZERO
dmmwjx,1,0,0,0,0,0,0,0,0,A_TRUE_ZERO
1ksau3n,3,0,0,0,0,0,0,0,0,A_TRUE_ZERO
1f0trp9,1,0,0,0,0,0,0,0,0,A_TRUE_ZERO
pcmzu1,1,0,0,0,0,0,0,0,0,A_TRUE_ZERO
1d2up5u,1,0,0,0,0,0,0,0,0,A_TRUE_ZERO
rfoagt,1,0,0,0,0,0,0,0,0,A_TRUE_ZERO
1e4ykjr,1,0,0,0,0,0,0,0,0,A_TRUE_ZERO
1g5zqj6,2,0,0,0,0,0,0,0,0,A_TRUE_ZERO
15rnjq0,1,0,0,0,0,0,0,0,0,A_TRUE_ZERO
1dn4a1d,1,0,0,0,0,0,0,0,0,A_TRUE_ZERO
1ihu652,2,0,0,0,0,0,0,0,0,A_TRUE_ZERO
1l539bb,1,0,0,0,0,0,0,0,0,A_TRUE_ZERO
1nkh52x,1,0,0,0,0,0,0,0,0,A_TRUE_ZERO
k5g78t,2,0,0,0,0,0,0,0,0,A_TRUE_ZERO
vy3oun,1,0,0,0,0,0,0,0,0,A_TRUE_ZERO
ou63fb,1,0,0,0,0,0,0,0,0,A_TRUE_ZERO
d90pzh,1,0,0,0,0,0,0,0,0,A_TRUE_ZERO
x3p3cl,1,0,0,0,0,0,0,0,0,A_TRUE_ZERO
1dmvgnv,1,0,0,0,0,0,0,0,0,A_TRUE_ZERO
1dqwp7v,1,0,0,0,0,0,0,0,0,A_TRUE_ZERO
lj3b61,1,0,0,0,0,0,0,0,0,A_TRUE_ZERO
1klpguj,2,0,0,0,0,0,0,0,0,A_TRUE_ZERO
rgodwg,2,0,0,0,0,0,0,0,0,A_TRUE_ZERO
1p8seee,2,0,0,0,0,0,0,0,0,A_TRUE_ZERO
1aflm2c,1,0,0,0,0,0,0,0,0,A_TRUE_ZERO
1f4exn0,1,0,0,0,0,0,0,0,0,A_TRUE_ZERO
1lgr4j8,1,0,0,0,0,0,0,0,0,A_TRUE_ZERO
zm5t5w,1,0,0,0,0,0,0,0,0,A_TRUE_ZERO
1mpcn6k,1,0,0,0,0,0,0,0,0,A_TRUE_ZERO
1etavxx,1,0,0,0,0,0,0,0,0,A_TRUE_ZERO
1r8ee5u,2,0,0,0,0,0,0,0,0,A_TRUE_ZERO
1iuzxcd,2,0,0,0,0,0,0,0,0,A_TRUE_ZERO
1lvn2z0,1,0,0,0,0,0,0,0,0,A_TRUE_ZERO
y82tis,1,0,0,0,0,0,0,0,0,A_TRUE_ZERO
15ynni0,3,0,0,0,0,0,0,0,0,A_TRUE_ZERO
hdv0dn,1,0,0,0,0,0,0,0,0,A_TRUE_ZERO
14eidww,1,0,0,0,0,0,0,0,0,A_TRUE_ZERO
kw8bhc,1,0,0,0,0,0,0,0,0,A_TRUE_ZERO
1e0d9ht,4,0,0,0,0,0,0,0,0,A_TRUE_ZERO
teock2,2,0,0,0,0,0,0,0,0,A_TRUE_ZERO
17az4kv,2,0,0,0,0,0,0,0,0,A_TRUE_ZERO
1i2folf,1,0,0,0,0,0,0,0,0,A_TRUE_ZERO
1qqfvai,3,0,0,0,0,0,0,0,0,A_TRUE_ZERO
1s8o1ru,2,0,0,0,0,0,0,0,0,A_TRUE_ZERO
ur8pxx,1,0,0,0,0,0,0,0,0,A_TRUE_ZERO
1mclrow,1,0,0,0,0,0,0,0,0,A_TRUE_ZERO
yiefqy,1,0,0,0,0,0,0,0,0,A_TRUE_ZERO
1b3yowv,2,0,0,0,0,0,0,0,0,A_TRUE_ZERO
1jwp0sq,4,0,0,0,0,0,0,0,0,A_TRUE_ZERO
182arj3,4,0,0,0,0,0,0,0,0,A_TRUE_ZERO
dwasaf,2,0,0,0,0,0,0,0,0,A_TRUE_ZERO
1cycj9i,1,0,0,0,0,0,0,0,0,A_TRUE_ZERO
1stm2b8,2,0,0,0,0,0,0,0,0,A_TRUE_ZERO
oxw220,1,0,0,0,0,0,0,0,0,A_TRUE_ZERO
yd68m1,1,0,0,0,0,0,0,0,0,A_TRUE_ZERO
1f3tfgv,1,0,0,0,0,0,0,0,0,A_TRUE_ZERO
1llqs8k,1,0,0,0,0,0,0,0,0,A_TRUE_ZERO
1sfs9p6,1,0,0,0,0,0,0,0,0,A_TRUE_ZERO
1dg0j4r,2,0,0,0,0,0,0,0,0,A_TRUE_ZERO
1icvo2n,3,0,0,0,0,0,0,0,0,A_TRUE_ZERO
1gvrvwy,2,0,0,0,0,0,0,0,0,A_TRUE_ZERO
wvz0rq,1,0,0,0,0,0,0,0,0,A_TRUE_ZERO
narx4b,1,0,0,0,0,0,0,0,0,A_TRUE_ZERO
1ocevcu,1,0,0,0,0,0,0,0,0,A_TRUE_ZERO
1g5znr9,2,0,0,0,0,0,0,0,0,A_TRUE_ZERO
xofnkh,3,0,0,0,0,0,0,0,0,A_TRUE_ZERO
1bnknle,1,0,0,0,0,0,0,0,0,A_TRUE_ZERO
15ahwd8,2,0,0,0,0,0,0,0,0,A_TRUE_ZERO
1awf290,1,0,0,0,0,0,0,0,0,A_TRUE_ZERO
iovyso,2,0,0,0,0,0,0,0,0,A_TRUE_ZERO
povyh8,1,0,0,0,0,0,0,0,0,A_TRUE_ZERO
1qhb3ly,1,0,0,0,0,0,0,0,0,A_TRUE_ZERO
nww78d,2,0,0,0,0,0,0,0,0,A_TRUE_ZERO
1clzpsw,2,0,0,0,0,0,0,0,0,A_TRUE_ZERO
1o0f8lo,3,0,0,0,0,0,0,0,0,A_TRUE_ZERO
1npt7k4,1,0,0,0,0,0,0,0,0,A_TRUE_ZERO
lv7rg0,1,0,0,0,0,0,0,0,0,A_TRUE_ZERO
im3qbr,1,0,0,0,0,0,0,0,0,A_TRUE_ZERO
qsis3f,1,0,0,0,0,0,0,0,0,A_TRUE_ZERO
1ehkgqo,3,0,0,0,0,0,0,0,0,A_TRUE_ZERO
of5qj6,1,0,0,0,0,0,0,0,0,A_TRUE_ZERO
1j7flfa,2,0,0,0,0,0,0,0,0,A_TRUE_ZERO
1rihyxd,1,0,0,0,0,0,0,0,0,A_TRUE_ZERO
bpx8gt,1,0,0,0,0,0,0,0,0,A_TRUE_ZERO
1pq7ush,1,0,0,0,0,0,0,0,0,A_TRUE_ZERO
suy930,1,0,0,0,0,0,0,0,0,A_TRUE_ZERO
15nzlc1,1,0,0,0,0,0,0,0,0,A_TRUE_ZERO
ts1rfz,2,0,0,0,0,0,0,0,0,A_TRUE_ZERO
mns8ih,1,0,0,0,0,0,0,0,0,A_TRUE_ZERO
14abbed,1,0,0,0,0,0,0,0,0,A_TRUE_ZERO
lg74jy,2,0,0,0,0,0,0,0,0,A_TRUE_ZERO
g6mu4e,1,0,0,0,0,0,0,0,0,A_TRUE_ZERO
wg7o3f,2,0,0,0,0,0,0,0,0,A_TRUE_ZERO
13o6c03,1,0,0,0,0,0,0,0,0,A_TRUE_ZERO
1aycsi2,3,0,0,0,0,0,0,0,0,A_TRUE_ZERO
1d9se5s,3,0,0,0,0,0,0,0,0,A_TRUE_ZERO
utbkrs,1,0,0,0,0,0,0,0,0,A_TRUE_ZERO
thb50z,3,0,0,0,0,0,0,0,0,A_TRUE_ZERO
14l2lm9,2,0,0,0,0,0,0,0,0,A_TRUE_ZERO
da48ga,4,0,0,0,0,0,0,0,0,A_TRUE_ZERO
hw20xa,1,0,0,0,0,0,0,0,0,A_TRUE_ZERO
d308dy,1,0,0,0,0,0,0,0,0,A_TRUE_ZERO
15kwc98,4,0,0,0,0,0,0,0,0,A_TRUE_ZERO
1qoxs9h,2,0,0,0,0,0,0,0,0,A_TRUE_ZERO
16bm3l5,1,0,0,0,0,0,0,0,0,A_TRUE_ZERO
flssqh,2,0,0,0,0,0,0,0,0,A_TRUE_ZERO
m70xci,2,0,0,0,0,0,0,0,0,A_TRUE_ZERO
h089ro,1,0,0,0,0,0,0,0,0,A_TRUE_ZERO
1s1c5i7,1,0,0,0,0,0,0,0,0,A_TRUE_ZERO
1m5rtye,2,0,0,0,0,0,0,0,0,A_TRUE_ZERO
lno8z6,1,0,0,0,0,0,0,0,0,A_TRUE_ZERO
z8h9ls,2,0,0,0,0,0,0,0,0,A_TRUE_ZERO
pgs5ev,3,0,0,0,0,0,0,0,0,A_TRUE_ZERO
1aglcqn,3,0,0,0,0,0,0,0,0,A_TRUE_ZERO
1il4ebg,1,0,0,0,0,0,0,0,0,A_TRUE_ZERO
qbo579,2,0,0,0,0,0,0,0,0,A_TRUE_ZERO
1qdmxjc,2,0,0,0,0,0,0,0,0,A_TRUE_ZERO
1sduxnk,2,0,0,0,0,0,0,0,0,A_TRUE_ZERO
fg0npm,1,0,0,0,0,0,0,0,0,A_TRUE_ZERO
15tq1st,2,0,0,0,0,0,0,0,0,A_TRUE_ZERO
vb9uo8,4,0,0,0,0,0,0,0,0,A_TRUE_ZERO
1c0w40r,1,0,0,0,0,0,0,0,0,A_TRUE_ZERO
dz6qh9,1,0,0,0,0,0,0,0,0,A_TRUE_ZERO
kp4xxy,1,0,0,0,0,0,0,0,0,A_TRUE_ZERO
165n20o,1,0,0,0,0,0,0,0,0,A_TRUE_ZERO
1rrz59h,1,0,0,0,0,0,0,0,0,A_TRUE_ZERO
1b30nia,1,0,0,0,0,0,0,0,0,A_TRUE_ZERO
cmtqei,1,0,0,0,0,0,0,0,0,A_TRUE_ZERO
re0tvl,1,0,0,0,0,0,0,0,0,A_TRUE_ZERO
17jqoil,1,0,0,0,0,0,0,0,0,A_TRUE_ZERO
c5nipc,2,0,0,0,0,0,0,0,0,A_TRUE_ZERO
1662g7a,1,0,0,0,0,0,0,0,0,A_TRUE_ZERO
c9gmbd,1,0,0,0,0,0,0,0,0,A_TRUE_ZERO
102ao1l,3,0,0,0,0,0,0,0,0,A_TRUE_ZERO
ysicdh,3,0,0,0,0,0,0,0,0,A_TRUE_ZERO
1r3gylt,2,0,0,0,0,0,0,0,0,A_TRUE_ZERO
oav5mc,2,0,0,0,0,0,0,0,0,A_TRUE_ZERO
w1w6i8,3,0,0,0,0,0,0,0,0,A_TRUE_ZERO
1mjqwzc,3,0,0,0,0,0,0,0,0,A_TRUE_ZERO
gmustk,1,0,0,0,0,0,0,0,0,A_TRUE_ZERO
1j1bj9l,2,0,0,0,0,0,0,0,0,A_TRUE_ZERO
p6bgqr,1,0,0,0,0,0,0,0,0,A_TRUE_ZERO
s0urr5,2,0,0,0,0,0,0,0,0,A_TRUE_ZERO
1b0w0sg,1,0,0,0,0,0,0,0,0,A_TRUE_ZERO
1elnolo,1,0,0,0,0,0,0,0,0,A_TRUE_ZERO
14kz58v,1,0,0,0,0,0,0,0,0,A_TRUE_ZERO
u568qv,2,0,0,0,0,0,0,0,0,A_TRUE_ZERO
pct8uj,1,0,0,0,0,0,0,0,0,A_TRUE_ZERO
11n7vlw,2,0,0,0,0,0,0,0,0,A_TRUE_ZERO
15e9jek,1,0,0,0,0,0,0,0,0,A_TRUE_ZERO
d48s2e,1,0,0,0,0,0,0,0,0,A_TRUE_ZERO
snatt1,1,0,0,0,0,0,0,0,0,A_TRUE_ZERO
16oz13m,1,0,0,0,0,0,0,0,0,A_TRUE_ZERO
1n5l4sm,3,0,0,0,0,0,0,0,0,A_TRUE_ZERO
yb40zi,2,0,0,0,0,0,0,0,0,A_TRUE_ZERO
1m73ppy,2,0,0,0,0,0,0,0,0,A_TRUE_ZERO
1sljy88,2,0,0,0,0,0,0,0,0,A_TRUE_ZERO
1alfynn,2,0,0,0,0,0,0,0,0,A_TRUE_ZERO
1e1sp2w,4,0,0,0,0,0,0,0,0,A_TRUE_ZERO
1mvs6hg,1,0,0,0,0,0,0,0,0,A_TRUE_ZERO
1dhfsfk,3,0,0,0,0,0,0,0,0,A_TRUE_ZERO
13kmid2,1,0,0,0,0,0,0,0,0,A_TRUE_ZERO
1f66q95,1,0,0,0,0,0,0,0,0,A_TRUE_ZERO
1cze7zq,1,0,0,0,0,0,0,0,0,A_TRUE_ZERO
mut8co,2,0,0,0,0,0,0,0,0,A_TRUE_ZERO
ghlu97,1,0,0,0,0,0,0,0,0,A_TRUE_ZERO
r2q2fy,3,0,0,0,0,0,0,0,0,A_TRUE_ZERO
1c5k43d,2,0,0,0,0,0,0,0,0,A_TRUE_ZERO
p6g6nb,1,0,0,0,0,0,0,0,0,A_TRUE_ZERO
1sf5jje,1,0,0,0,0,0,0,0,0,A_TRUE_ZERO
wmmzp1,1,0,0,0,0,0,0,0,0,A_TRUE_ZERO
124p90z,3,0,0,0,0,0,0,0,0,A_TRUE_ZERO
watgul,1,0,0,0,0,0,0,0,0,A_TRUE_ZERO
wl34dp,1,0,0,0,0,0,0,0,0,A_TRUE_ZERO
q81n98,1,0,0,0,0,0,0,0,0,A_TRUE_ZERO
1lp6w4d,1,0,0,0,0,0,0,0,0,A_TRUE_ZERO
mms8zf,3,0,0,0,0,0,0,0,0,A_TRUE_ZERO
1kaaxc7,3,0,0,0,0,0,0,0,0,A_TRUE_ZERO
pf9e4m,1,0,0,0,0,0,0,0,0,A_TRUE_ZERO
xwopz9,2,0,0,0,0,0,0,0,0,A_TRUE_ZERO
yx54ew,2,0,0,0,0,0,0,0,0,A_TRUE_ZERO
1scvcf0,1,0,0,0,0,0,0,0,0,A_TRUE_ZERO
est1l6,2,0,0,0,0,0,0,0,0,A_TRUE_ZERO
16chmxk,1,0,0,0,0,0,0,0,0,A_TRUE_ZERO
x2mndm,3,0,0,0,0,0,0,0,0,A_TRUE_ZERO
12d4yub,1,0,0,0,0,0,0,0,0,A_TRUE_ZERO
11460qs,1,0,0,0,0,0,0,0,0,A_TRUE_ZERO
nxd7l3,1,0,0,0,0,0,0,0,0,A_TRUE_ZERO
kf7i5x,1,0,0,0,0,0,0,0,0,A_TRUE_ZERO
uvenxi,1,0,0,0,0,0,0,0,0,A_TRUE_ZERO
y1c8z3,2,0,0,0,0,0,0,0,0,A_TRUE_ZERO
bphe9p,1,0,0,0,0,0,0,0,0,A_TRUE_ZERO
1ip8ln1,2,0,0,0,0,0,0,0,0,A_TRUE_ZERO
1acxew9,1,0,0,0,0,0,0,0,0,A_TRUE_ZERO
ou2321,1,0,0,0,0,0,0,0,0,A_TRUE_ZERO
14p8o2l,2,0,0,0,0,0,0,0,0,A_TRUE_ZERO
u8rq8d,1,0,0,0,0,0,0,0,0,A_TRUE_ZERO
1ac3ts0,1,0,0,0,0,0,0,0,0,A_TRUE_ZERO
15mej7v,2,0,0,0,0,0,0,0,0,A_TRUE_ZERO
13bwdy3,1,0,0,0,0,0,0,0,0,A_TRUE_ZERO
1ik2pcr,2,0,0,0,0,0,0,0,0,A_TRUE_ZERO
1rxbpxp,3,0,0,0,0,0,0,0,0,A_TRUE_ZERO
1mhonek,3,0,0,0,0,0,0,0,0,A_TRUE_ZERO
h0bvzs,1,0,0,0,0,0,0,0,0,A_TRUE_ZERO
1crztpp,1,0,0,0,0,0,0,0,0,A_TRUE_ZERO
14eoyyx,4,0,0,0,0,0,0,0,0,A_TRUE_ZERO
1mdgdxo,1,0,0,0,0,0,0,0,0,A_TRUE_ZERO
xdwnmr,1,0,0,0,0,0,0,0,0,A_TRUE_ZERO
d3a6iq,2,0,0,0,0,0,0,0,0,A_TRUE_ZERO
iaz5bc,2,0,0,0,0,0,0,0,0,A_TRUE_ZERO
1d2mr6l,3,0,0,0,0,0,0,0,0,A_TRUE_ZERO
k0vvh3,2,0,0,0,0,0,0,0,0,A_TRUE_ZERO
lvu3eq,2,0,0,0,0,0,0,0,0,A_TRUE_ZERO
1152im4,2,0,0,0,0,0,0,0,0,A_TRUE_ZERO
hjaq9x,1,0,0,0,0,0,0,0,0,A_TRUE_ZERO
13v328l,2,0,0,0,0,0,0,0,0,A_TRUE_ZERO
15ejtyw,1,0,0,0,0,0,0,0,0,A_TRUE_ZERO
107chx3,2,0,0,0,0,0,0,0,0,A_TRUE_ZERO
1kg3lte,2,0,0,0,0,0,0,0,0,A_TRUE_ZERO
1g3ef0l,3,0,0,0,0,0,0,0,0,A_TRUE_ZERO
1ih83t9,1,0,0,0,0,0,0,0,0,A_TRUE_ZERO
1qals7c,2,0,0,0,0,0,0,0,0,A_TRUE_ZERO
si2fuq,1,0,0,0,0,0,0,0,0,A_TRUE_ZERO
ncjdqe,1,0,0,0,0,0,0,0,0,A_TRUE_ZERO
178cyj0,2,0,0,0,0,0,0,0,0,A_TRUE_ZERO
qm6753,1,0,0,0,0,0,0,0,0,A_TRUE_ZERO
1bt878q,1,0,0,0,0,0,0,0,0,A_TRUE_ZERO
bpawh7,1,0,0,0,0,0,0,0,0,A_TRUE_ZERO
u0u4uk,2,0,0,0,0,0,0,0,0,A_TRUE_ZERO
wc0k71,3,0,0,0,0,0,0,0,0,A_TRUE_ZERO
1d4g28g,1,0,0,0,0,0,0,0,0,A_TRUE_ZERO
g2nt8n,2,0,0,0,0,0,0,0,0,A_TRUE_ZERO
1kk3mlr,1,0,0,0,0,0,0,0,0,A_TRUE_ZERO
18o1d50,1,0,0,0,0,0,0,0,0,A_TRUE_ZERO
j7qmm0,1,0,0,0,0,0,0,0,0,A_TRUE_ZERO
1jnx4px,4,0,0,0,0,0,0,0,0,A_TRUE_ZERO
ra0geh,4,0,0,0,0,0,0,0,0,A_TRUE_ZERO
z8u3nf,2,0,0,0,0,0,0,0,0,A_TRUE_ZERO
197n461,2,0,0,0,0,0,0,0,0,A_TRUE_ZERO
jso0ji,1,0,0,0,0,0,0,0,0,A_TRUE_ZERO
1r6gg3m,1,0,0,0,0,0,0,0,0,A_TRUE_ZERO
1f2u19m,1,0,0,0,0,0,0,0,0,A_TRUE_ZERO
rc3zyp,2,0,0,0,0,0,0,0,0,A_TRUE_ZERO
ob4pid,2,0,0,0,0,0,0,0,0,A_TRUE_ZERO
13lay4h,1,0,0,0,0,0,0,0,0,A_TRUE_ZERO
1fz8b1w,3,0,0,0,0,0,0,0,0,A_TRUE_ZERO
jep8xk,1,0,0,0,0,0,0,0,0,A_TRUE_ZERO
rx96e6,1,0,0,0,0,0,0,0,0,A_TRUE_ZERO
ue6kp4,1,0,0,0,0,0,0,0,0,A_TRUE_ZERO
1athvos,1,0,0,0,0,0,0,0,0,A_TRUE_ZERO
ynhie9,1,0,0,0,0,0,0,0,0,A_TRUE_ZERO
wdfvf8,2,0,0,0,0,0,0,0,0,A_TRUE_ZERO
1qxrs6p,2,0,0,0,0,0,0,0,0,A_TRUE_ZERO
1fyd8ff,1,0,0,0,0,0,0,0,0,A_TRUE_ZERO
uhj3h4,1,0,0,0,0,0,0,0,0,A_TRUE_ZERO
u1lnhb,1,0,0,0,0,0,0,0,0,A_TRUE_ZERO
1qh8u10,4,0,0,0,0,0,0,0,0,A_TRUE_ZERO
ej4v10,2,0,0,0,0,0,0,0,0,A_TRUE_ZERO
nwiob5,3,0,0,0,0,0,0,0,0,A_TRUE_ZERO
os41fc,3,0,0,0,0,0,0,0,0,A_TRUE_ZERO
tacsr0,1,0,0,0,0,0,0,0,0,A_TRUE_ZERO
1dfgpey,2,0,0,0,0,0,0,0,0,A_TRUE_ZERO
ztqmkt,4,0,0,0,0,0,0,0,0,A_TRUE_ZERO
1cwl8oz,1,0,0,0,0,0,0,0,0,A_TRUE_ZERO
jxfl46,1,0,0,0,0,0,0,0,0,A_TRUE_ZERO
14rd7pp,1,0,0,0,0,0,0,0,0,A_TRUE_ZERO
uyh019,1,0,0,0,0,0,0,0,0,A_TRUE_ZERO
1mqebnz,3,0,0,0,0,0,0,0,0,A_TRUE_ZERO
by5n48,3,0,0,0,0,0,0,0,0,A_TRUE_ZERO
hrn5i2,2,0,0,0,0,0,0,0,0,A_TRUE_ZERO
1j4t6on,1,0,0,0,0,0,0,0,0,A_TRUE_ZERO
dcky70,1,0,0,0,0,0,0,0,0,A_TRUE_ZERO
gf9rb0,3,0,0,0,0,0,0,0,0,A_TRUE_ZERO
rgfa2s,2,0,0,0,0,0,0,0,0,A_TRUE_ZERO
1ko99xc,1,0,0,0,0,0,0,0,0,A_TRUE_ZERO
i80gdd,2,0,0,0,0,0,0,0,0,A_TRUE_ZERO
w9i82k,1,0,0,0,0,0,0,0,0,A_TRUE_ZERO
11s0lcm,2,0,0,0,0,0,0,0,0,A_TRUE_ZERO
dkzldw,2,0,0,0,0,0,0,0,0,A_TRUE_ZERO
1f3b17i,2,0,0,0,0,0,0,0,0,A_TRUE_ZERO
icag8g,2,0,0,0,0,0,0,0,0,A_TRUE_ZERO
e5qbll,1,0,0,0,0,0,0,0,0,A_TRUE_ZERO
x45j5r,1,0,0,0,0,0,0,0,0,A_TRUE_ZERO
sqd1bq,1,0,0,0,0,0,0,0,0,A_TRUE_ZERO
ysfw0h,1,0,0,0,0,0,0,0,0,A_TRUE_ZERO
zb3er2,1,0,0,0,0,0,0,0,0,A_TRUE_ZERO
15pb6mn,1,0,0,0,0,0,0,0,0,A_TRUE_ZERO
1hhku9a,2,0,0,0,0,0,0,0,0,A_TRUE_ZERO
13ni59a,1,0,0,0,0,0,0,0,0,A_TRUE_ZERO
ecnf0f,1,0,0,0,0,0,0,0,0,A_TRUE_ZERO
15klk5w,1,0,0,0,0,0,0,0,0,A_TRUE_ZERO
dpq5yl,1,0,0,0,0,0,0,0,0,A_TRUE_ZERO
12f1i6e,1,0,0,0,0,0,0,0,0,A_TRUE_ZERO
rim5d3,2,0,0,0,0,0,0,0,0,A_TRUE_ZERO
1kgd9u8,2,0,0,0,0,0,0,0,0,A_TRUE_ZERO
beablg,1,0,0,0,0,0,0,0,0,A_TRUE_ZERO
o16e9q,1,0,0,0,0,0,0,0,0,A_TRUE_ZERO
lho8n3,1,0,0,0,0,0,0,0,0,A_TRUE_ZERO
1rcg7vk,2,0,0,0,0,0,0,0,0,A_TRUE_ZERO
d4ukae,1,0,0,0,0,0,0,0,0,A_TRUE_ZERO
cvja7o,1,0,0,0,0,0,0,0,0,A_TRUE_ZERO
ljviql,2,0,0,0,0,0,0,0,0,A_TRUE_ZERO
1gvc05a,3,0,0,0,0,0,0,0,0,A_TRUE_ZERO
1cjl5bg,1,0,0,0,0,0,0,0,0,A_TRUE_ZERO
fq2oy4,2,0,0,0,0,0,0,0,0,A_TRUE_ZERO
1pod2gq,1,0,0,0,0,0,0,0,0,A_TRUE_ZERO
1r92uvt,1,0,0,0,0,0,0,0,0,A_TRUE_ZERO
1rm660l,4,0,0,0,0,0,0,0,0,A_TRUE_ZERO
1le46za,1,0,0,0,0,0,0,0,0,A_TRUE_ZERO
1m7nruz,2,0,0,0,0,0,0,0,0,A_TRUE_ZERO
untksu,2,0,0,0,0,0,0,0,0,A_TRUE_ZERO
gduarx,1,0,0,0,0,0,0,0,0,A_TRUE_ZERO
b9kgzc,1,0,0,0,0,0,0,0,0,A_TRUE_ZERO
vipqci,3,0,0,0,0,0,0,0,0,A_TRUE_ZERO
1ko4fs2,1,0,0,0,0,0,0,0,0,A_TRUE_ZERO
f6ccjk,2,0,0,0,0,0,0,0,0,A_TRUE_ZERO
bzi6vz,3,0,0,0,0,0,0,0,0,A_TRUE_ZERO
1iiczml,1,0,0,0,0,0,0,0,0,A_TRUE_ZERO
g51sra,1,0,0,0,0,0,0,0,0,A_TRUE_ZERO
cehwfq,3,0,0,0,0,0,0,0,0,A_TRUE_ZERO
x85u9n,1,0,0,0,0,0,0,0,0,A_TRUE_ZERO
16umr5e,1,0,0,0,0,0,0,0,0,A_TRUE_ZERO
1fz2iwx,2,0,0,0,0,0,0,0,0,A_TRUE_ZERO
1s3owll,1,0,0,0,0,0,0,0,0,A_TRUE_ZERO
1bjw3sl,2,0,0,0,0,0,0,0,0,A_TRUE_ZERO
fq1lho,1,0,0,0,0,0,0,0,0,A_TRUE_ZERO
1bfn72r,4,0,0,0,0,0,0,0,0,A_TRUE_ZERO
1iqxnzr,1,0,0,0,0,0,0,0,0,A_TRUE_ZERO
11th0jr,1,0,0,0,0,0,0,0,0,A_TRUE_ZERO
kbgpdt,1,0,0,0,0,0,0,0,0,A_TRUE_ZERO
1krqje0,2,0,0,0,0,0,0,0,0,A_TRUE_ZERO
1kzcp3q,2,0,0,0,0,0,0,0,0,A_TRUE_ZERO
1l401y8,1,0,0,0,0,0,0,0,0,A_TRUE_ZERO
o7y221,3,0,0,0,0,0,0,0,0,A_TRUE_ZERO
pxf320,1,0,0,0,0,0,0,0,0,A_TRUE_ZERO
hkj331,1,0,0,0,0,0,0,0,0,A_TRUE_ZERO
mzqc83,1,0,0,0,0,0,0,0,0,A_TRUE_ZERO
111nxif,4,0,0,0,0,0,0,0,0,A_TRUE_ZERO
11svtte,1,0,0,0,0,0,0,0,0,A_TRUE_ZERO
d167kd,1,0,0,0,0,0,0,0,0,A_TRUE_ZERO
1g677u5,1,0,0,0,0,0,0,0,0,A_TRUE_ZERO
1fu1ctn,2,0,0,0,0,0,0,0,0,A_TRUE_ZERO
rgremf,3,0,0,0,0,0,0,0,0,A_TRUE_ZERO
123xkjp,1,0,0,0,0,0,0,0,0,A_TRUE_ZERO
1imn8de,2,0,0,0,0,0,0,0,0,A_TRUE_ZERO
u0e9zq,2,0,0,0,0,0,0,0,0,A_TRUE_ZERO
1n8eryb,2,0,0,0,0,0,0,0,0,A_TRUE_ZERO
cjyto1,2,0,0,0,0,0,0,0,0,A_TRUE_ZERO
1jcfm0o,2,0,0,0,0,0,0,0,0,A_TRUE_ZERO
17miz88,1,0,0,0,0,0,0,0,0,A_TRUE_ZERO
1fyx2pv,4,0,0,0,0,0,0,0,0,A_TRUE_ZERO
wlfzxb,1,0,0,0,0,0,0,0,0,A_TRUE_ZERO
14g4jis,1,0,0,0,0,0,0,0,0,A_TRUE_ZERO
f6hirk,1,0,0,0,0,0,0,0,0,A_TRUE_ZERO
tz31x8,1,0,0,0,0,0,0,0,0,A_TRUE_ZERO
1as2649,1,0,0,0,0,0,0,0,0,A_TRUE_ZERO
1cnk4oy,3,0,0,0,0,0,0,0,0,A_TRUE_ZERO
cftdda,3,0,0,0,0,0,0,0,0,A_TRUE_ZERO
v1lzf7,1,0,0,0,0,0,0,0,0,A_TRUE_ZERO
158tvl6,2,0,0,0,0,0,0,0,0,A_TRUE_ZERO
kptrcu,2,0,0,0,0,0,0,0,0,A_TRUE_ZERO
fkymwy,3,0,0,0,0,0,0,0,0,A_TRUE_ZERO
syqnou,1,0,0,0,0,0,0,0,0,A_TRUE_ZERO
erc3l9,2,0,0,0,0,0,0,0,0,A_TRUE_ZERO
1cn8jeu,1,0,0,0,0,0,0,0,0,A_TRUE_ZERO
1gdlu3b,1,0,0,0,0,0,0,0,0,A_TRUE_ZERO
q8ydxs,1,0,0,0,0,0,0,0,0,A_TRUE_ZERO
jb4uvh,2,0,0,0,0,0,0,0,0,A_TRUE_ZERO
1jr4k06,1,0,0,0,0,0,0,0,0,A_TRUE_ZERO
ge223j,1,0,0,0,0,0,0,0,0,A_TRUE_ZERO
hipzum,1,0,0,0,0,0,0,0,0,A_TRUE_ZERO
14ijlo1,2,0,0,0,0,0,0,0,0,A_TRUE_ZERO
1b6gdki,1,0,0,0,0,0,0,0,0,A_TRUE_ZERO
164wqvl,1,0,0,0,0,0,0,0,0,A_TRUE_ZERO
kwar8y,2,0,0,0,0,0,0,0,0,A_TRUE_ZERO
18cx9tg,1,0,0,0,0,0,0,0,0,A_TRUE_ZERO
qvxge2,2,0,0,0,0,0,0,0,0,A_TRUE_ZERO
cjbjrb,1,0,0,0,0,0,0,0,0,A_TRUE_ZERO
1buv771,4,0,0,0,0,0,0,0,0,A_TRUE_ZERO
1f22iiz,1,0,0,0,0,0,0,0,0,A_TRUE_ZERO
125qoj4,1,0,0,0,0,0,0,0,0,A_TRUE_ZERO
g6qw66,2,0,0,0,0,0,0,0,0,A_TRUE_ZERO
13iex76,1,0,0,0,0,0,0,0,0,A_TRUE_ZERO
vxiitg,1,0,0,0,0,0,0,0,0,A_TRUE_ZERO
1fjti7q,1,0,0,0,0,0,0,0,0,A_TRUE_ZERO
fq2uq0,1,0,0,0,0,0,0,0,0,A_TRUE_ZERO
1gc0cuj,2,0,0,0,0,0,0,0,0,A_TRUE_ZERO
lahvxr,1,0,0,0,0,0,0,0,0,A_TRUE_ZERO
z319wh,4,0,0,0,0,0,0,0,0,A_TRUE_ZERO
v4dplv,2,0,0,0,0,0,0,0,0,A_TRUE_ZERO
sht55m,1,0,0,0,0,0,0,0,0,A_TRUE_ZERO
jdulgd,2,0,0,0,0,0,0,0,0,A_TRUE_ZERO
1dqxcv8,2,0,0,0,0,0,0,0,0,A_TRUE_ZERO
eanree,2,0,0,0,0,0,0,0,0,A_TRUE_ZERO
kafwna,1,0,0,0,0,0,0,0,0,A_TRUE_ZERO
16yte7e,1,0,0,0,0,0,0,0,0,A_TRUE_ZERO
1nc717a,2,0,0,0,0,0,0,0,0,A_TRUE_ZERO
1aq1hi3,1,0,0,0,0,0,0,0,0,A_TRUE_ZERO
cmmlzy,1,0,0,0,0,0,0,0,0,A_TRUE_ZERO
zmd185,1,0,0,0,0,0,0,0,0,A_TRUE_ZERO
1178krm,2,0,0,0,0,0,0,0,0,A_TRUE_ZERO
t51v5a,2,0,0,0,0,0,0,0,0,A_TRUE_ZERO
1qcrbjy,1,0,0,0,0,0,0,0,0,A_TRUE_ZERO
pyaunn,3,0,0,0,0,0,0,0,0,A_TRUE_ZERO
1nhxsi4,1,0,0,0,0,0,0,0,0,A_TRUE_ZERO
qjyd3s,1,0,0,0,0,0,0,0,0,A_TRUE_ZERO
l6qurk,1,0,0,0,0,0,0,0,0,A_TRUE_ZERO
14eirt6,1,0,0,0,0,0,0,0,0,A_TRUE_ZERO
ui788o,2,0,0,0,0,0,0,0,0,A_TRUE_ZERO
su2cnu,1,0,0,0,0,0,0,0,0,A_TRUE_ZERO
145h6z0,4,0,0,0,0,0,0,0,0,A_TRUE_ZERO
1dsp2mm,1,0,0,0,0,0,0,0,0,A_TRUE_ZERO
14kxezs,1,0,0,0,0,0,0,0,0,A_TRUE_ZERO
riy8ga,1,0,0,0,0,0,0,0,0,A_TRUE_ZERO
18yl85p,1,0,0,0,0,0,0,0,0,A_TRUE_ZERO
17wjp4l,1,0,0,0,0,0,0,0,0,A_TRUE_ZERO
1c6e7ve,1,0,0,0,0,0,0,0,0,A_TRUE_ZERO
m6gjva,1,0,0,0,0,0,0,0,0,A_TRUE_ZERO
15z8ms0,1,0,0,0,0,0,0,0,0,A_TRUE_ZERO
1sddsn9,2,0,0,0,0,0,0,0,0,A_TRUE_ZERO
nanxrl,4,0,0,0,0,0,0,0,0,A_TRUE_ZERO
13vuacy,1,0,0,0,0,0,0,0,0,A_TRUE_ZERO
cr5wtb,1,0,0,0,0,0,0,0,0,A_TRUE_ZERO
yj7xc2,1,0,0,0,0,0,0,0,0,A_TRUE_ZERO
1e1j75r,1,0,0,0,0,0,0,0,0,A_TRUE_ZERO
vp6nvj,1,0,0,0,0,0,0,0,0,A_TRUE_ZERO
vc8vfh,1,0,0,0,0,0,0,0,0,A_TRUE_ZERO
10h61gj,3,0,0,0,0,0,0,0,0,A_TRUE_ZERO
elw0sg,4,0,0,0,0,0,0,0,0,A_TRUE_ZERO
1bdo46w,2,0,0,0,0,0,0,0,0,A_TRUE_ZERO
1asksa2,1,0,0,0,0,0,0,0,0,A_TRUE_ZERO
1bkyk2g,3,0,0,0,0,0,0,0,0,A_TRUE_ZERO
1cv6ecw,1,0,0,0,0,0,0,0,0,A_TRUE_ZERO
d6h662,4,0,0,0,0,0,0,0,0,A_TRUE_ZERO
1asgsej,2,0,0,0,0,0,0,0,0,A_TRUE_ZERO
1spby5g,1,0,0,0,0,0,0,0,0,A_TRUE_ZERO
xy2a41,1,0,0,0,0,0,0,0,0,A_TRUE_ZERO
1n312ks,1,0,0,0,0,0,0,0,0,A_TRUE_ZERO
1es6th5,3,0,0,0,0,0,0,0,0,A_TRUE_ZERO
pu2c4h,1,0,0,0,0,0,0,0,0,A_TRUE_ZERO
1lwz2ci,1,0,0,0,0,0,0,0,0,A_TRUE_ZERO
1m8xdwe,2,0,0,0,0,0,0,0,0,A_TRUE_ZERO
t6vs2q,2,0,0,0,0,0,0,0,0,A_TRUE_ZERO
1cd9qv3,2,0,0,0,0,0,0,0,0,A_TRUE_ZERO
18y75qy,3,0,0,0,0,0,0,0,0,A_TRUE_ZERO
hays1h,3,0,0,0,0,0,0,0,0,A_TRUE_ZERO
1jw9sl6,1,0,0,0,0,0,0,0,0,A_TRUE_ZERO
104fygs,3,0,0,0,0,0,0,0,0,A_TRUE_ZERO
1ipng3g,1,0,0,0,0,0,0,0,0,A_TRUE_ZERO
1bpxw8r,1,0,0,0,0,0,0,0,0,A_TRUE_ZERO
13i5cgq,1,0,0,0,0,0,0,0,0,A_TRUE_ZERO
1193jyb,2,0,0,0,0,0,0,0,0,A_TRUE_ZERO
gg5bf5,1,0,0,0,0,0,0,0,0,A_TRUE_ZERO
1cs1tv0,1,0,0,0,0,0,0,0,0,A_TRUE_ZERO
barsn3,1,0,0,0,0,0,0,0,0,A_TRUE_ZERO
1n5m9se,2,0,0,0,0,0,0,0,0,A_TRUE_ZERO
1kaaif6,4,0,0,0,0,0,0,0,0,A_TRUE_ZERO
s3st6c,3,0,0,0,0,0,0,0,0,A_TRUE_ZERO
1j89vwy,2,0,0,0,0,0,0,0,0,A_TRUE_ZERO
11awzhv,3,0,0,0,0,0,0,0,0,A_TRUE_ZERO
b9dkfx,3,0,0,0,0,0,0,0,0,A_TRUE_ZERO
wg0ppc,1,0,0,0,0,0,0,0,0,A_TRUE_ZERO
ja4epy,1,0,0,0,0,0,0,0,0,A_TRUE_ZERO
uoa3qy,1,0,0,0,0,0,0,0,0,A_TRUE_ZERO
rg0xdt,3,0,0,0,0,0,0,0,0,A_TRUE_ZERO
154p6fv,3,0,0,0,0,0,0,0,0,A_TRUE_ZERO
1efmu6u,1,0,0,0,0,0,0,0,0,A_TRUE_ZERO
nxgquy,1,0,0,0,0,0,0,0,0,A_TRUE_ZERO
enyodv,1,0,0,0,0,0,0,0,0,A_TRUE_ZERO
tpmmv6,1,0,0,0,0,0,0,0,0,A_TRUE_ZERO
197e70j,2,0,0,0,0,0,0,0,0,A_TRUE_ZERO
qbzzke,2,0,0,0,0,0,0,0,0,A_TRUE_ZERO
evuygs,1,0,0,0,0,0,0,0,0,A_TRUE_ZERO
i3za1t,3,0,0,0,0,0,0,0,0,A_TRUE_ZERO
1sqoejd,2,0,0,0,0,0,0,0,0,A_TRUE_ZERO
tjn2y4,2,0,0,0,0,0,0,0,0,A_TRUE_ZERO
wgf0zg,1,0,0,0,0,0,0,0,0,A_TRUE_ZERO
bqwdyv,1,0,0,0,0,0,0,0,0,A_TRUE_ZERO
1izoal0,2,0,0,0,0,0,0,0,0,A_TRUE_ZERO
u2w6uj,2,0,0,0,0,0,0,0,0,A_TRUE_ZERO
1eklrly,1,0,0,0,0,0,0,0,0,A_TRUE_ZERO
1es3q5u,1,0,0,0,0,0,0,0,0,A_TRUE_ZERO
hsetz3,1,0,0,0,0,0,0,0,0,A_TRUE_ZERO
q70lej,1,0,0,0,0,0,0,0,0,A_TRUE_ZERO
15uq293,1,0,0,0,0,0,0,0,0,A_TRUE_ZERO
1qsh80q,2,0,0,0,0,0,0,0,0,A_TRUE_ZERO
bzzked,3,0,0,0,0,0,0,0,0,A_TRUE_ZERO
1axl1k6,2,0,0,0,0,0,0,0,0,A_TRUE_ZERO
17s22xo,2,0,0,0,0,0,0,0,0,A_TRUE_ZERO
i2pued,1,0,0,0,0,0,0,0,0,A_TRUE_ZERO
1kxuama,1,0,0,0,0,0,0,0,0,A_TRUE_ZERO
1c9ohxd,2,0,0,0,0,0,0,0,0,A_TRUE_ZERO
rgozse,1,0,0,0,0,0,0,0,0,A_TRUE_ZERO
pxcw69,1,0,0,0,0,0,0,0,0,A_TRUE_ZERO
1gbfjrb,1,0,0,0,0,0,0,0,0,A_TRUE_ZERO
pkmvlt,2,0,0,0,0,0,0,0,0,A_TRUE_ZERO
hxs5w2,1,0,0,0,0,0,0,0,0,A_TRUE_ZERO
s0ch29,1,0,0,0,0,0,0,0,0,A_TRUE_ZERO
gv8p54,1,0,0,0,0,0,0,0,0,A_TRUE_ZERO
bem6nk,1,0,0,0,0,0,0,0,0,A_TRUE_ZERO
tqlbk9,1,0,0,0,0,0,0,0,0,A_TRUE_ZERO
13uaiyt,4,0,0,0,0,0,0,0,0,A_TRUE_ZERO
117904h,1,0,0,0,0,0,0,0,0,A_TRUE_ZERO
d3rwzi,1,0,0,0,0,0,0,0,0,A_TRUE_ZERO
14y8z0c,3,0,0,0,0,0,0,0,0,A_TRUE_ZERO
n6250k,1,0,0,0,0,0,0,0,0,A_TRUE_ZERO
164k59x,2,0,0,0,0,0,0,0,0,A_TRUE_ZERO
hxclwv,2,0,0,0,0,0,0,0,0,A_TRUE_ZERO
tssubp,2,0,0,0,0,0,0,0,0,A_TRUE_ZERO
11wmbnn,3,0,0,0,0,0,0,0,0,A_TRUE_ZERO
ngsxmv,1,0,0,0,0,0,0,0,0,A_TRUE_ZERO
11b1xto,2,0,0,0,0,0,0,0,0,A_TRUE_ZERO
1663f38,1,0,0,0,0,0,0,0,0,A_TRUE_ZERO
wy73zc,2,0,0,0,0,0,0,0,0,A_TRUE_ZERO
yd2tcg,1,0,0,0,0,0,0,0,0,A_TRUE_ZERO
sjx96b,1,0,0,0,0,0,0,0,0,A_TRUE_ZERO
12tikqn,3,0,0,0,0,0,0,0,0,A_TRUE_ZERO
1k6f81y,1,0,0,0,0,0,0,0,0,A_TRUE_ZERO
1dybidm,1,0,0,0,0,0,0,0,0,A_TRUE_ZERO
v6x66d,2,0,0,0,0,0,0,0,0,A_TRUE_ZERO
1cgrygn,4,0,0,0,0,0,0,0,0,A_TRUE_ZERO
1jg4haq,1,0,0,0,0,0,0,0,0,A_TRUE_ZERO
xdkx94,2,0,0,0,0,0,0,0,0,A_TRUE_ZERO
17hae44,2,0,0,0,0,0,0,0,0,A_TRUE_ZERO
1i60vky,2,0,0,0,0,0,0,0,0,A_TRUE_ZERO
1e4iblj,1,0,0,0,0,0,0,0,0,A_TRUE_ZERO
1l7momk,1,0,0,0,0,0,0,0,0,A_TRUE_ZERO
1f9q6vq,1,0,0,0,0,0,0,0,0,A_TRUE_ZERO
i9outh,2,0,0,0,0,0,0,0,0,A_TRUE_ZERO
1p8728z,1,0,0,0,0,0,0,0,0,A_TRUE_ZERO
wuo5o7,2,0,0,0,0,0,0,0,0,A_TRUE_ZERO
xftewe,1,0,0,0,0,0,0,0,0,A_TRUE_ZERO
cbirqb,2,0,0,0,0,0,0,0,0,A_TRUE_ZERO
1n7xtlr,2,0,0,0,0,0,0,0,0,A_TRUE_ZERO
1n0z3bi,1,0,0,0,0,0,0,0,0,A_TRUE_ZERO
1eb6qvl,1,0,0,0,0,0,0,0,0,A_TRUE_ZERO
sbo3r4,1,0,0,0,0,0,0,0,0,A_TRUE_ZERO
lc1efc,3,0,0,0,0,0,0,0,0,A_TRUE_ZERO
lty6wm,4,0,0,0,0,0,0,0,0,A_TRUE_ZERO
1pirnfi,1,0,0,0,0,0,0,0,0,A_TRUE_ZERO
1ii9n6k,2,0,0,0,0,0,0,0,0,A_TRUE_ZERO
l5ggm6,2,0,0,0,0,0,0,0,0,A_TRUE_ZERO
1bc16op,2,0,0,0,0,0,0,0,0,A_TRUE_ZERO
tmivuc,1,0,0,0,0,0,0,0,0,A_TRUE_ZERO
rcj7ad,1,0,0,0,0,0,0,0,0,A_TRUE_ZERO
y646hd,1,0,0,0,0,0,0,0,0,A_TRUE_ZERO
1c2zky3,1,0,0,0,0,0,0,0,0,A_TRUE_ZERO
10vzhuo,1,0,0,0,0,0,0,0,0,A_TRUE_ZERO
1ehxco2,1,0,0,0,0,0,0,0,0,A_TRUE_ZERO
ypttnv,2,0,0,0,0,0,0,0,0,A_TRUE_ZERO
1m6a6u0,1,0,0,0,0,0,0,0,0,A_TRUE_ZERO
u37od5,1,0,0,0,0,0,0,0,0,A_TRUE_ZERO
1i8whet,1,0,0,0,0,0,0,0,0,A_TRUE_ZERO
15dg1gd,3,0,0,0,0,0,0,0,0,A_TRUE_ZERO
16mr2f6,1,0,0,0,0,0,0,0,0,A_TRUE_ZERO
csj9cu,1,0,0,0,0,0,0,0,0,A_TRUE_ZERO
wqu2am,2,0,0,0,0,0,0,0,0,A_TRUE_ZERO
18ifgxg,1,0,0,0,0,0,0,0,0,A_TRUE_ZERO
12kj8d4,2,0,0,0,0,0,0,0,0,A_TRUE_ZERO
119l15v,1,0,0,0,0,0,0,0,0,A_TRUE_ZERO
1h5gkmx,2,0,0,0,0,0,0,0,0,A_TRUE_ZERO
1mn7a0r,3,0,0,0,0,0,0,0,0,A_TRUE_ZERO
10nvfc3,1,0,0,0,0,0,0,0,0,A_TRUE_ZERO
1ita65h,2,0,0,0,0,0,0,0,0,A_TRUE_ZERO
ffe4fn,2,0,0,0,0,0,0,0,0,A_TRUE_ZERO
1j3mwha,1,0,0,0,0,0,0,0,0,A_TRUE_ZERO
1itqgwt,1,0,0,0,0,0,0,0,0,A_TRUE_ZERO
1cyqhjp,1,0,0,0,0,0,0,0,0,A_TRUE_ZERO
yaerph,3,0,0,0,0,0,0,0,0,A_TRUE_ZERO
1bp9czf,1,0,0,0,0,0,0,0,0,A_TRUE_ZERO
r5hl5q,2,0,0,0,0,0,0,0,0,A_TRUE_ZERO
1i75q8t,1,0,0,0,0,0,0,0,0,A_TRUE_ZERO
1mvlpez,1,0,0,0,0,0,0,0,0,A_TRUE_ZERO
10ee0y0,1,0,0,0,0,0,0,0,0,A_TRUE_ZERO
12mgsvc,2,0,0,0,0,0,0,0,0,A_TRUE_ZERO
11rx3n1,1,0,0,0,0,0,0,0,0,A_TRUE_ZERO
1ajlo15,3,0,0,0,0,0,0,0,0,A_TRUE_ZERO
fu86zr,2,0,0,0,0,0,0,0,0,A_TRUE_ZERO
dn8jp1,1,0,0,0,0,0,0,0,0,A_TRUE_ZERO
epcd5j,1,0,0,0,0,0,0,0,0,A_TRUE_ZERO
112vinc,1,0,0,0,0,0,0,0,0,A_TRUE_ZERO
c91z2g,1,0,0,0,0,0,0,0,0,A_TRUE_ZERO
113ihde,1,0,0,0,0,0,0,0,0,A_TRUE_ZERO
m7dfep,2,0,0,0,0,0,0,0,0,A_TRUE_ZERO
dh74ua,1,0,0,0,0,0,0,0,0,A_TRUE_ZERO
1e53yh3,2,0,0,0,0,0,0,0,0,A_TRUE_ZERO
w0725z,1,0,0,0,0,0,0,0,0,A_TRUE_ZERO
18qhbam,1,0,0,0,0,0,0,0,0,A_TRUE_ZERO
1oiih1s,1,0,0,0,0,0,0,0,0,A_TRUE_ZERO
ts696i,1,0,0,0,0,0,0,0,0,A_TRUE_ZERO
1lyfgvf,1,0,0,0,0,0,0,0,0,A_TRUE_ZERO
1cy62d9,2,0,0,0,0,0,0,0,0,A_TRUE_ZERO
1096b7g,1,0,0,0,0,0,0,0,0,A_TRUE_ZERO
1gpt2xa,1,0,0,0,0,0,0,0,0,A_TRUE_ZERO
1d3msvg,1,0,0,0,0,0,0,0,0,A_TRUE_ZERO
1dsr0pb,1,0,0,0,0,0,0,0,0,A_TRUE_ZERO
1jwlnrh,1,0,0,0,0,0,0,0,0,A_TRUE_ZERO
olvmfp,1,0,0,0,0,0,0,0,0,A_TRUE_ZERO
yvsp2a,1,0,0,0,0,0,0,0,0,A_TRUE_ZERO
kwisci,2,0,0,0,0,0,0,0,0,A_TRUE_ZERO
1qph42k,2,0,0,0,0,0,0,0,0,A_TRUE_ZERO
11dhf6b,1,0,0,0,0,0,0,0,0,A_TRUE_ZERO
1726f47,1,0,0,0,0,0,0,0,0,A_TRUE_ZERO
zpuolv,3,0,0,0,0,0,0,0,0,A_TRUE_ZERO
1i3sfe0,4,0,0,0,0,0,0,0,0,A_TRUE_ZERO
xx50z0,1,0,0,0,0,0,0,0,0,A_TRUE_ZERO
vsr1dc,1,0,0,0,0,0,0,0,0,A_TRUE_ZERO
rzvmkm,1,0,0,0,0,0,0,0,0,A_TRUE_ZERO
znk8z1,1,0,0,0,0,0,0,0,0,A_TRUE_ZERO
nnybb1,2,0,0,0,0,0,0,0,0,A_TRUE_ZERO
wobm0m,3,0,0,0,0,0,0,0,0,A_TRUE_ZERO
1ffpxr5,3,0,0,0,0,0,0,0,0,A_TRUE_ZERO
14gggvz,2,0,0,0,0,0,0,0,0,A_TRUE_ZERO
1hcwmos,2,0,0,0,0,0,0,0,0,A_TRUE_ZERO
114sssr,1,0,0,0,0,0,0,0,0,A_TRUE_ZERO
jndew2,1,0,0,0,0,0,0,0,0,A_TRUE_ZERO
ct0eag,2,0,0,0,0,0,0,0,0,A_TRUE_ZERO
nxdlkv,2,0,0,0,0,0,0,0,0,A_TRUE_ZERO
qfr8ap,1,0,0,0,0,0,0,0,0,A_TRUE_ZERO
d4sqmm,1,0,0,0,0,0,0,0,0,A_TRUE_ZERO
s492gr,1,0,0,0,0,0,0,0,0,A_TRUE_ZERO
1ida0xb,1,0,0,0,0,0,0,0,0,A_TRUE_ZERO
ye0hoh,2,0,0,0,0,0,0,0,0,A_TRUE_ZERO
e7tqhc,2,0,0,0,0,0,0,0,0,A_TRUE_ZERO
117otfb,1,0,0,0,0,0,0,0,0,A_TRUE_ZERO
xuy508,1,0,0,0,0,0,0,0,0,A_TRUE_ZERO
1rwogba,2,0,0,0,0,0,0,0,0,A_TRUE_ZERO
todscc,1,0,0,0,0,0,0,0,0,A_TRUE_ZERO
1qkapwx,1,0,0,0,0,0,0,0,0,A_TRUE_ZERO
1mkg8uo,1,0,0,0,0,0,0,0,0,A_TRUE_ZERO
mzyh71,1,0,0,0,0,0,0,0,0,A_TRUE_ZERO
z73p6x,1,0,0,0,0,0,0,0,0,A_TRUE_ZERO
fwazkm,1,0,0,0,0,0,0,0,0,A_TRUE_ZERO
jmon2s,1,0,0,0,0,0,0,0,0,A_TRUE_ZERO
127pjns,3,0,0,0,0,0,0,0,0,A_TRUE_ZERO
ig4nau,1,0,0,0,0,0,0,0,0,A_TRUE_ZERO
1kid805,1,0,0,0,0,0,0,0,0,A_TRUE_ZERO
1j3lbgj,1,0,0,0,0,0,0,0,0,A_TRUE_ZERO
qs71wb,1,0,0,0,0,0,0,0,0,A_TRUE_ZERO
cslgyk,1,0,0,0,0,0,0,0,0,A_TRUE_ZERO
n1709t,1,0,0,0,0,0,0,0,0,A_TRUE_ZERO
1c4pwkm,3,0,0,0,0,0,0,0,0,A_TRUE_ZERO
1e7o2zo,2,0,0,0,0,0,0,0,0,A_TRUE_ZERO
1n4zok6,3,0,0,0,0,0,0,0,0,A_TRUE_ZERO
el4adk,2,0,0,0,0,0,0,0,0,A_TRUE_ZERO
1fj5kip,2,0,0,0,0,0,0,0,0,A_TRUE_ZERO
w647yn,3,0,0,0,0,0,0,0,0,A_TRUE_ZERO
1h8tl4n,4,0,0,0,0,0,0,0,0,A_TRUE_ZERO
rhrguw,1,0,0,0,0,0,0,0,0,A_TRUE_ZERO
xfz6w2,1,0,0,0,0,0,0,0,0,A_TRUE_ZERO
18dgjwp,1,0,0,0,0,0,0,0,0,A_TRUE_ZERO
1hbfxcf,2,0,0,0,0,0,0,0,0,A_TRUE_ZERO
1pjzlno,1,0,0,0,0,0,0,0,0,A_TRUE_ZERO
1akss6t,1,0,0,0,0,0,0,0,0,A_TRUE_ZERO
j6p5x1,1,0,0,0,0,0,0,0,0,A_TRUE_ZERO
1048381,1,0,0,0,0,0,0,0,0,A_TRUE_ZERO
vybzoa,1,0,0,0,0,0,0,0,0,A_TRUE_ZERO
g2onhy,1,0,0,0,0,0,0,0,0,A_TRUE_ZERO
i2zk0e,1,0,0,0,0,0,0,0,0,A_TRUE_ZERO
183tgu0,2,0,0,0,0,0,0,0,0,A_TRUE_ZERO
xr8hnm,2,0,0,0,0,0,0,0,0,A_TRUE_ZERO
1re6n5r,1,0,0,0,0,0,0,0,0,A_TRUE_ZERO
1mr2e9d,1,0,0,0,0,0,0,0,0,A_TRUE_ZERO
wygh6i,1,0,0,0,0,0,0,0,0,A_TRUE_ZERO
1otu448,1,0,0,0,0,0,0,0,0,A_TRUE_ZERO
lnr444,4,0,0,0,0,0,0,0,0,A_TRUE_ZERO
1i8vfb4,1,0,0,0,0,0,0,0,0,A_TRUE_ZERO
mkkhkj,2,0,0,0,0,0,0,0,0,A_TRUE_ZERO
1m3x6cj,1,0,0,0,0,0,0,0,0,A_TRUE_ZERO
1kzir1a,1,0,0,0,0,0,0,0,0,A_TRUE_ZERO
1smiao5,1,0,0,0,0,0,0,0,0,A_TRUE_ZERO
upvnix,1,0,0,0,0,0,0,0,0,A_TRUE_ZERO
dxko75,1,0,0,0,0,0,0,0,0,A_TRUE_ZERO
tol4wm,2,0,0,0,0,0,0,0,0,A_TRUE_ZERO
12jozeg,1,0,0,0,0,0,0,0,0,A_TRUE_ZERO
wyjgv3,1,0,0,0,0,0,0,0,0,A_TRUE_ZERO
lyna2m,2,0,0,0,0,0,0,0,0,A_TRUE_ZERO
mloda0,3,0,0,0,0,0,0,0,0,A_TRUE_ZERO
t3y2kg,2,0,0,0,0,0,0,0,0,A_TRUE_ZERO
erx8ch,1,0,0,0,0,0,0,0,0,A_TRUE_ZERO
ubpa0s,1,0,0,0,0,0,0,0,0,A_TRUE_ZERO
zuhano,2,0,0,0,0,0,0,0,0,A_TRUE_ZERO
118vj48,1,0,0,0,0,0,0,0,0,A_TRUE_ZERO
12s2a4n,1,0,0,0,0,0,0,0,0,A_TRUE_ZERO
f40u6q,2,0,0,0,0,0,0,0,0,A_TRUE_ZERO
s9mzna,4,0,0,0,0,0,0,0,0,A_TRUE_ZERO
z2xvo1,3,0,0,0,0,0,0,0,0,A_TRUE_ZERO
18ntd76,1,0,0,0,0,0,0,0,0,A_TRUE_ZERO
hgtij7,1,0,0,0,0,0,0,0,0,A_TRUE_ZERO
j7pc3u,2,0,0,0,0,0,0,0,0,A_TRUE_ZERO
r8nk9n,1,0,0,0,0,0,0,0,0,A_TRUE_ZERO
tg91gc,2,0,0,0,0,0,0,0,0,A_TRUE_ZERO
xihu1h,1,0,0,0,0,0,0,0,0,A_TRUE_ZERO
1qoid33,1,0,0,0,0,0,0,0,0,A_TRUE_ZERO
1k9opcg,1,0,0,0,0,0,0,0,0,A_TRUE_ZERO
r7gfcm,1,0,0,0,0,0,0,0,0,A_TRUE_ZERO
wf5eax,2,0,0,0,0,0,0,0,0,A_TRUE_ZERO
zchc6u,1,0,0,0,0,0,0,0,0,A_TRUE_ZERO
zqrwas,1,0,0,0,0,0,0,0,0,A_TRUE_ZERO
ipmtg0,1,0,0,0,0,0,0,0,0,A_TRUE_ZERO
10kotyc,1,0,0,0,0,0,0,0,0,A_TRUE_ZERO
1f6ips4,1,0,0,0,0,0,0,0,0,A_TRUE_ZERO
pfw8cw,1,0,0,0,0,0,0,0,0,A_TRUE_ZERO
121avm0,1,0,0,0,0,0,0,0,0,A_TRUE_ZERO
1s9pdi4,2,0,0,0,0,0,0,0,0,A_TRUE_ZERO
15z3k6c,2,0,0,0,0,0,0,0,0,A_TRUE_ZERO
1r1umdw,1,0,0,0,0,0,0,0,0,A_TRUE_ZERO
17qfbqk,3,0,0,0,0,0,0,0,0,A_TRUE_ZERO
1fosbmy,1,0,0,0,0,0,0,0,0,A_TRUE_ZERO
eic286,2,0,0,0,0,0,0,0,0,A_TRUE_ZERO
vn1grj,2,0,0,0,0,0,0,0,0,A_TRUE_ZERO
mgf63m,1,0,0,0,0,0,0,0,0,A_TRUE_ZERO
xciy81,1,0,0,0,0,0,0,0,0,A_TRUE_ZERO
pcf0ap,1,0,0,0,0,0,0,0,0,A_TRUE_ZERO
xfwtux,1,0,0,0,0,0,0,0,0,A_TRUE_ZERO
1mnwn7u,1,0,0,0,0,0,0,0,0,A_TRUE_ZERO
1gm5fls,1,0,0,0,0,0,0,0,0,A_TRUE_ZERO
1jfdhh5,3,0,0,0,0,0,0,0,0,A_TRUE_ZERO
17o3xa3,3,0,0,0,0,0,0,0,0,A_TRUE_ZERO
1b7m7zo,2,0,0,0,0,0,0,0,0,A_TRUE_ZERO
1nq943g,1,0,0,0,0,0,0,0,0,A_TRUE_ZERO
1d2lgme,1,0,0,0,0,0,0,0,0,A_TRUE_ZERO
1424ivy,3,0,0,0,0,0,0,0,0,A_TRUE_ZERO
1kj6259,1,0,0,0,0,0,0,0,0,A_TRUE_ZERO
1ib0xif,3,0,0,0,0,0,0,0,0,A_TRUE_ZERO
fs5tpo,1,0,0,0,0,0,0,0,0,A_TRUE_ZERO
1ow4b9f,1,0,0,0,0,0,0,0,0,A_TRUE_ZERO
1i8ztad,1,0,0,0,0,0,0,0,0,A_TRUE_ZERO
twqa1c,1,0,0,0,0,0,0,0,0,A_TRUE_ZERO
xceaqk,1,0,0,0,0,0,0,0,0,A_TRUE_ZERO
1bk7jig,1,0,0,0,0,0,0,0,0,A_TRUE_ZERO
1js8bed,1,0,0,0,0,0,0,0,0,A_TRUE_ZERO
17ekzv7,2,0,0,0,0,0,0,0,0,A_TRUE_ZERO
1jp4eu5,4,0,0,0,0,0,0,0,0,A_TRUE_ZERO
1k6dnkg,2,0,0,0,0,0,0,0,0,A_TRUE_ZERO
174aoes,1,0,0,0,0,0,0,0,0,A_TRUE_ZERO
n6oieo,1,0,0,0,0,0,0,0,0,A_TRUE_ZERO
1k0xxf7,1,0,0,0,0,0,0,0,0,A_TRUE_ZERO
uvdrli,3,0,0,0,0,0,0,0,0,A_TRUE_ZERO
y7cu8o,1,0,0,0,0,0,0,0,0,A_TRUE_ZERO
tglj6h,2,0,0,0,0,0,0,0,0,A_TRUE_ZERO
zv3pq5,1,0,0,0,0,0,0,0,0,A_TRUE_ZERO
ewt8x4,1,0,0,0,0,0,0,0,0,A_TRUE_ZERO
mz1099,1,0,0,0,0,0,0,0,0,A_TRUE_ZERO
n0zfou,4,0,0,0,0,0,0,0,0,A_TRUE_ZERO
wqtaq4,1,0,0,0,0,0,0,0,0,A_TRUE_ZERO
c8cp90,2,0,0,0,0,0,0,0,0,A_TRUE_ZERO
d6eyfa,1,0,0,0,0,0,0,0,0,A_TRUE_ZERO
cvr604,3,0,0,0,0,0,0,0,0,A_TRUE_ZERO
13bwfii,2,0,0,0,0,0,0,0,0,A_TRUE_ZERO
xwntlo,3,0,0,0,0,0,0,0,0,A_TRUE_ZERO
1fyu802,3,0,0,0,0,0,0,0,0,A_TRUE_ZERO
n68iua,1,0,0,0,0,0,0,0,0,A_TRUE_ZERO
1h61d1b,1,0,0,0,0,0,0,0,0,A_TRUE_ZERO
1fxz7il,2,0,0,0,0,0,0,0,0,A_TRUE_ZERO
1gb9rco,1,0,0,0,0,0,0,0,0,A_TRUE_ZERO
ccax2l,2,0,0,0,0,0,0,0,0,A_TRUE_ZERO
t4rako,3,0,0,0,0,0,0,0,0,A_TRUE_ZERO
gfb188,3,0,0,0,0,0,0,0,0,A_TRUE_ZERO
10gzhdt,1,0,0,0,0,0,0,0,0,A_TRUE_ZERO
1aosynr,2,0,0,0,0,0,0,0,0,A_TRUE_ZERO
kmy94z,2,0,0,0,0,0,0,0,0,A_TRUE_ZERO
1gui141,1,0,0,0,0,0,0,0,0,A_TRUE_ZERO
yscc23,1,0,0,0,0,0,0,0,0,A_TRUE_ZERO
11hk5ss,1,0,0,0,0,0,0,0,0,A_TRUE_ZERO
ow44in,1,0,0,0,0,0,0,0,0,A_TRUE_ZERO
txs8p2,1,0,0,0,0,0,0,0,0,A_TRUE_ZERO
hh7fzf,1,0,0,0,0,0,0,0,0,A_TRUE_ZERO
q92qe6,2,0,0,0,0,0,0,0,0,A_TRUE_ZERO
17pxz60,1,0,0,0,0,0,0,0,0,A_TRUE_ZERO
113z7ae,2,0,0,0,0,0,0,0,0,A_TRUE_ZERO
1kxwt4p,1,0,0,0,0,0,0,0,0,A_TRUE_ZERO
18qy3jh,1,0,0,0,0,0,0,0,0,A_TRUE_ZERO
poif7i,1,0,0,0,0,0,0,0,0,A_TRUE_ZERO
pkxdmq,1,0,0,0,0,0,0,0,0,A_TRUE_ZERO
1m0x3ao,1,0,0,0,0,0,0,0,0,A_TRUE_ZERO
11tv9mj,1,0,0,0,0,0,0,0,0,A_TRUE_ZERO
cba960,1,0,0,0,0,0,0,0,0,A_TRUE_ZERO
1ni1dlh,2,0,0,0,0,0,0,0,0,A_TRUE_ZERO
1opa5mv,2,0,0,0,0,0,0,0,0,A_TRUE_ZERO
dcx76b,1,0,0,0,0,0,0,0,0,A_TRUE_ZERO
boit4k,1,0,0,0,0,0,0,0,0,A_TRUE_ZERO
1lizyk6,2,0,0,0,0,0,0,0,0,A_TRUE_ZERO
wlg8mv,1,0,0,0,0,0,0,0,0,A_TRUE_ZERO
fm3hy0,1,0,0,0,0,0,0,0,0,A_TRUE_ZERO
1ddbjo7,1,0,0,0,0,0,0,0,0,A_TRUE_ZERO
1mcz2yb,2,0,0,0,0,0,0,0,0,A_TRUE_ZERO
11xwzil,1,0,0,0,0,0,0,0,0,A_TRUE_ZERO
1bdrrf3,1,0,0,0,0,0,0,0,0,A_TRUE_ZERO
15ijp01,1,0,0,0,0,0,0,0,0,A_TRUE_ZERO
1jy65t6,1,0,0,0,0,0,0,0,0,A_TRUE_ZERO
e2gtt0,2,0,0,0,0,0,0,0,0,A_TRUE_ZERO
15tkv8l,1,0,0,0,0,0,0,0,0,A_TRUE_ZERO
1mb487a,1,0,0,0,0,0,0,0,0,A_TRUE_ZERO
16g7yrp,2,0,0,0,0,0,0,0,0,A_TRUE_ZERO
zvwn8a,3,0,0,0,0,0,0,0,0,A_TRUE_ZERO
ykbm5n,2,0,0,0,0,0,0,0,0,A_TRUE_ZERO
hr20qj,3,0,0,0,0,0,0,0,0,A_TRUE_ZERO
smvgpb,2,0,0,0,0,0,0,0,0,A_TRUE_ZERO
14jmnqe,2,0,0,0,0,0,0,0,0,A_TRUE_ZERO
frxody,1,0,0,0,0,0,0,0,0,A_TRUE_ZERO
m3jwvk,2,0,0,0,0,0,0,0,0,A_TRUE_ZERO
1m9154k,2,0,0,0,0,0,0,0,0,A_TRUE_ZERO
i9cj5k,1,0,0,0,0,0,0,0,0,A_TRUE_ZERO
1cru2fz,1,0,0,0,0,0,0,0,0,A_TRUE_ZERO
op4s9z,1,0,0,0,0,0,0,0,0,A_TRUE_ZERO
eppxg6,2,0,0,0,0,0,0,0,0,A_TRUE_ZERO
12s2169,2,0,0,0,0,0,0,0,0,A_TRUE_ZERO
x3dpao,2,0,0,0,0,0,0,0,0,A_TRUE_ZERO
1kajphn,2,0,0,0,0,0,0,0,0,A_TRUE_ZERO
1kwp2gs,1,0,0,0,0,0,0,0,0,A_TRUE_ZERO
ywq3al,1,0,0,0,0,0,0,0,0,A_TRUE_ZERO
1nx0cn5,3,0,0,0,0,0,0,0,0,A_TRUE_ZERO
1qxnz93,3,0,0,0,0,0,0,0,0,A_TRUE_ZERO
1dfybba,2,0,0,0,0,0,0,0,0,A_TRUE_ZERO
17cfpck,3,0,0,0,0,0,0,0,0,A_TRUE_ZERO
bx4od6,1,0,0,0,0,0,0,0,0,A_TRUE_ZERO
pouoob,1,0,0,0,0,0,0,0,0,A_TRUE_ZERO
15tuhgk,1,0,0,0,0,0,0,0,0,A_TRUE_ZERO
1co5wg7,3,0,0,0,0,0,0,0,0,A_TRUE_ZERO
1jm5rx4,2,0,0,0,0,0,0,0,0,A_TRUE_ZERO
cdbak7,1,0,0,0,0,0,0,0,0,A_TRUE_ZERO
1r2pdgv,3,0,0,0,0,0,0,0,0,A_TRUE_ZERO
142fnzf,1,0,0,0,0,0,0,0,0,A_TRUE_ZERO
1kw1y5p,4,0,0,0,0,0,0,0,0,A_TRUE_ZERO
w82dyi,1,0,0,0,0,0,0,0,0,A_TRUE_ZERO
14l2gzm,1,0,0,0,0,0,0,0,0,A_TRUE_ZERO
uvl8mq,1,0,0,0,0,0,0,0,0,A_TRUE_ZERO
1mlfoli,2,0,0,0,0,0,0,0,0,A_TRUE_ZERO
1f4bmkl,1,0,0,0,0,0,0,0,0,A_TRUE_ZERO
1m29zif,1,0,0,0,0,0,0,0,0,A_TRUE_ZERO
1fieeih,1,0,0,0,0,0,0,0,0,A_TRUE_ZERO
16vhv2b,1,0,0,0,0,0,0,0,0,A_TRUE_ZERO
1ndom51,2,0,0,0,0,0,0,0,0,A_TRUE_ZERO
p5g4hv,1,0,0,0,0,0,0,0,0,A_TRUE_ZERO
1b04uu2,2,0,0,0,0,0,0,0,0,A_TRUE_ZERO
emr408,1,0,0,0,0,0,0,0,0,A_TRUE_ZERO
o0nxkn,1,0,0,0,0,0,0,0,0,A_TRUE_ZERO
sljgbq,1,0,0,0,0,0,0,0,0,A_TRUE_ZERO
1g61izz,1,0,0,0,0,0,0,0,0,A_TRUE_ZERO
1i1afoe,1,0,0,0,0,0,0,0,0,A_TRUE_ZERO
1cgqgok,1,0,0,0,0,0,0,0,0,A_TRUE_ZERO
vjyjlr,1,0,0,0,0,0,0,0,0,A_TRUE_ZERO
1g6levz,1,0,0,0,0,0,0,0,0,A_TRUE_ZERO
1cozs2b,2,0,0,0,0,0,0,0,0,A_TRUE_ZERO
hbwgv2,1,0,0,0,0,0,0,0,0,A_TRUE_ZERO
1eh6hh2,1,0,0,0,0,0,0,0,0,A_TRUE_ZERO
xk4cz0,1,0,0,0,0,0,0,0,0,A_TRUE_ZERO
1g4po17,2,0,0,0,0,0,0,0,0,A_TRUE_ZERO
idsazd,1,0,0,0,0,0,0,0,0,A_TRUE_ZERO
zh71fg,2,0,0,0,0,0,0,0,0,A_TRUE_ZERO
f4vcoh,1,0,0,0,0,0,0,0,0,A_TRUE_ZERO
tfczbj,1,0,0,0,0,0,0,0,0,A_TRUE_ZERO
p6qza0,1,0,0,0,0,0,0,0,0,A_TRUE_ZERO
18cez23,2,0,0,0,0,0,0,0,0,A_TRUE_ZERO
181ghah,1,0,0,0,0,0,0,0,0,A_TRUE_ZERO
gizqmz,1,0,0,0,0,0,0,0,0,A_TRUE_ZERO
n252h2,1,0,0,0,0,0,0,0,0,A_TRUE_ZERO
dfkiif,2,0,0,0,0,0,0,0,0,A_TRUE_ZERO
iy1w85,1,0,0,0,0,0,0,0,0,A_TRUE_ZERO
gdbk1f,1,0,0,0,0,0,0,0,0,A_TRUE_ZERO
xl1vpg,3,0,0,0,0,0,0,0,0,A_TRUE_ZERO
p849gz,1,0,0,0,0,0,0,0,0,A_TRUE_ZERO
1rvghx7,2,0,0,0,0,0,0,0,0,A_TRUE_ZERO
16vdcf8,1,0,0,0,0,0,0,0,0,A_TRUE_ZERO
pytaf5,2,0,0,0,0,0,0,0,0,A_TRUE_ZERO
1jrv81d,1,0,0,0,0,0,0,0,0,A_TRUE_ZERO
1k4m29i,1,0,0,0,0,0,0,0,0,A_TRUE_ZERO
1p1gml8,2,0,0,0,0,0,0,0,0,A_TRUE_ZERO
1k442ub,2,0,0,0,0,0,0,0,0,A_TRUE_ZERO
dy4mnz,3,0,0,0,0,0,0,0,0,A_TRUE_ZERO
1190aii,3,0,0,0,0,0,0,0,0,A_TRUE_ZERO
18ldn2k,3,0,0,0,0,0,0,0,0,A_TRUE_ZERO
povmy6,3,0,0,0,0,0,0,0,0,A_TRUE_ZERO
1j4audi,2,0,0,0,0,0,0,0,0,A_TRUE_ZERO
1g0mfxr,1,0,0,0,0,0,0,0,0,A_TRUE_ZERO
13xg8cm,1,0,0,0,0,0,0,0,0,A_TRUE_ZERO
bb9t8n,2,0,0,0,0,0,0,0,0,A_TRUE_ZERO
uxhr34,1,0,0,0,0,0,0,0,0,A_TRUE_ZERO
15hrgwv,2,0,0,0,0,0,0,0,0,A_TRUE_ZERO
1d3ky64,2,0,0,0,0,0,0,0,0,A_TRUE_ZERO
sdmivh,1,0,0,0,0,0,0,0,0,A_TRUE_ZERO
bkqgqy,3,0,0,0,0,0,0,0,0,A_TRUE_ZERO
oun1us,1,0,0,0,0,0,0,0,0,A_TRUE_ZERO
1pqwo9f,2,0,0,0,0,0,0,0,0,A_TRUE_ZERO
1dajqpd,2,0,0,0,0,0,0,0,0,A_TRUE_ZERO
pkfl3e,2,0,0,0,0,0,0,0,0,A_TRUE_ZERO
s3s10e,1,0,0,0,0,0,0,0,0,A_TRUE_ZERO
1b0ur2u,2,0,0,0,0,0,0,0,0,A_TRUE_ZERO
1nd5vdr,1,0,0,0,0,0,0,0,0,A_TRUE_ZERO
g1w8st,2,0,0,0,0,0,0,0,0,A_TRUE_ZERO
nl24fx,3,0,0,0,0,0,0,0,0,A_TRUE_ZERO
1ard27e,1,0,0,0,0,0,0,0,0,A_TRUE_ZERO
n0kpsv,1,0,0,0,0,0,0,0,0,A_TRUE_ZERO
qbb2e0,3,0,0,0,0,0,0,0,0,A_TRUE_ZERO
15026kw,1,0,0,0,0,0,0,0,0,A_TRUE_ZERO
1eet26i,2,0,0,0,0,0,0,0,0,A_TRUE_ZERO
cug7vc,1,0,0,0,0,0,0,0,0,A_TRUE_ZERO
w8pm2k,1,0,0,0,0,0,0,0,0,A_TRUE_ZERO
1ey4zul,1,0,0,0,0,0,0,0,0,A_TRUE_ZERO
dvu6nq,1,0,0,0,0,0,0,0,0,A_TRUE_ZERO
i5la4b,1,0,0,0,0,0,0,0,0,A_TRUE_ZERO
mnf0e2,1,0,0,0,0,0,0,0,0,A_TRUE_ZERO
1ql7mg5,1,0,0,0,0,0,0,0,0,A_TRUE_ZERO
cvppz5,1,0,0,0,0,0,0,0,0,A_TRUE_ZERO
ddced7,1,0,0,0,0,0,0,0,0,A_TRUE_ZERO
g7360i,2,0,0,0,0,0,0,0,0,A_TRUE_ZERO
rdgnpm,1,0,0,0,0,0,0,0,0,A_TRUE_ZERO
1j5yo2r,1,0,0,0,0,0,0,0,0,A_TRUE_ZERO
1bydvtg,1,0,0,0,0,0,0,0,0,A_TRUE_ZERO
s38can,2,0,0,0,0,0,0,0,0,A_TRUE_ZERO
n5spo1,1,0,0,0,0,0,0,0,0,A_TRUE_ZERO
f6w5c5,1,0,0,0,0,0,0,0,0,A_TRUE_ZERO
1g5gih8,1,0,0,0,0,0,0,0,0,A_TRUE_ZERO
1cgzwxr,3,0,0,0,0,0,0,0,0,A_TRUE_ZERO
pkzkxi,1,0,0,0,0,0,0,0,0,A_TRUE_ZERO
1in9sob,1,0,0,0,0,0,0,0,0,A_TRUE_ZERO
pxf30s,1,0,0,0,0,0,0,0,0,A_TRUE_ZERO
1e8r4iv,2,0,0,0,0,0,0,0,0,A_TRUE_ZERO
d6fn8x,1,0,0,0,0,0,0,0,0,A_TRUE_ZERO
zipg5b,1,0,0,0,0,0,0,0,0,A_TRUE_ZERO
wjz0hs,1,0,0,0,0,0,0,0,0,A_TRUE_ZERO
fiip4o,1,0,0,0,0,0,0,0,0,A_TRUE_ZERO
kr19wm,1,0,0,0,0,0,0,0,0,A_TRUE_ZERO
fqrrpt,2,0,0,0,0,0,0,0,0,A_TRUE_ZERO
fh78be,2,0,0,0,0,0,0,0,0,A_TRUE_ZERO
rqd1n0,1,0,0,0,0,0,0,0,0,A_TRUE_ZERO
1fja3it,1,0,0,0,0,0,0,0,0,A_TRUE_ZERO
t9pbkc,2,0,0,0,0,0,0,0,0,A_TRUE_ZERO
s76moe,2,0,0,0,0,0,0,0,0,A_TRUE_ZERO
1svr79j,1,0,0,0,0,0,0,0,0,A_TRUE_ZERO
1d50pmt,2,0,0,0,0,0,0,0,0,A_TRUE_ZERO
1ct0cfw,1,0,0,0,0,0,0,0,0,A_TRUE_ZERO
1k9dhkf,2,0,0,0,0,0,0,0,0,A_TRUE_ZERO
v389un,1,0,0,0,0,0,0,0,0,A_TRUE_ZERO
1njwqje,1,0,0,0,0,0,0,0,0,A_TRUE_ZERO
idoiqo,1,0,0,0,0,0,0,0,0,A_TRUE_ZERO
10egd5v,2,0,0,0,0,0,0,0,0,A_TRUE_ZERO
11l4kzf,3,0,0,0,0,0,0,0,0,A_TRUE_ZERO
hziyij,1,0,0,0,0,0,0,0,0,A_TRUE_ZERO
1o303ty,4,0,0,0,0,0,0,0,0,A_TRUE_ZERO
bz423n,1,0,0,0,0,0,0,0,0,A_TRUE_ZERO
o2hbd8,3,0,0,0,0,0,0,0,0,A_TRUE_ZERO
gm13kd,1,0,0,0,0,0,0,0,0,A_TRUE_ZERO
1gf616j,2,0,0,0,0,0,0,0,0,A_TRUE_ZERO
1rcitpf,1,0,0,0,0,0,0,0,0,A_TRUE_ZERO
i46t3n,2,0,0,0,0,0,0,0,0,A_TRUE_ZERO
1h9p7n4,1,0,0,0,0,0,0,0,0,A_TRUE_ZERO
fj2zm3,1,0,0,0,0,0,0,0,0,A_TRUE_ZERO
10apcl5,1,0,0,0,0,0,0,0,0,A_TRUE_ZERO
1b5cl0o,3,0,0,0,0,0,0,0,0,A_TRUE_ZERO
mwd6ck,1,0,0,0,0,0,0,0,0,A_TRUE_ZERO
1ck4loe,2,0,0,0,0,0,0,0,0,A_TRUE_ZERO
14dd2bm,1,0,0,0,0,0,0,0,0,A_TRUE_ZERO
1g3r35x,1,0,0,0,0,0,0,0,0,A_TRUE_ZERO
1n5115i,2,0,0,0,0,0,0,0,0,A_TRUE_ZERO
ulpbf4,1,0,0,0,0,0,0,0,0,A_TRUE_ZERO
1e9phxz,1,0,0,0,0,0,0,0,0,A_TRUE_ZERO
14ql3jg,1,0,0,0,0,0,0,0,0,A_TRUE_ZERO
166aykk,1,0,0,0,0,0,0,0,0,A_TRUE_ZERO
1slk2h2,1,0,0,0,0,0,0,0,0,A_TRUE_ZERO
e16ug1,1,0,0,0,0,0,0,0,0,A_TRUE_ZERO
162tq0n,2,0,0,0,0,0,0,0,0,A_TRUE_ZERO
15hz4si,1,0,0,0,0,0,0,0,0,A_TRUE_ZERO
nktst3,1,0,0,0,0,0,0,0,0,A_TRUE_ZERO
ooxhck,2,0,0,0,0,0,0,0,0,A_TRUE_ZERO
1ai18wv,2,0,0,0,0,0,0,0,0,A_TRUE_ZERO
106puib,1,0,0,0,0,0,0,0,0,A_TRUE_ZERO
1kd60l1,1,0,0,0,0,0,0,0,0,A_TRUE_ZERO
bmbcty,1,0,0,0,0,0,0,0,0,A_TRUE_ZERO
x8dxj4,1,0,0,0,0,0,0,0,0,A_TRUE_ZERO
fnrin0,2,0,0,0,0,0,0,0,0,A_TRUE_ZERO
1c0jbke,1,0,0,0,0,0,0,0,0,A_TRUE_ZERO
f87p8u,1,0,0,0,0,0,0,0,0,A_TRUE_ZERO
150kuoo,2,0,0,0,0,0,0,0,0,A_TRUE_ZERO
1rx71sb,1,0,0,0,0,0,0,0,0,A_TRUE_ZERO
1qkv5ou,1,0,0,0,0,0,0,0,0,A_TRUE_ZERO
c2bn5v,1,0,0,0,0,0,0,0,0,A_TRUE_ZERO
1gay5qo,1,0,0,0,0,0,0,0,0,A_TRUE_ZERO
1d9ihmg,1,0,0,0,0,0,0,0,0,A_TRUE_ZERO
1n09o3m,2,0,0,0,0,0,0,0,0,A_TRUE_ZERO
16uh618,1,0,0,0,0,0,0,0,0,A_TRUE_ZERO
1csmgng,2,0,0,0,0,0,0,0,0,A_TRUE_ZERO
12khf44,1,0,0,0,0,0,0,0,0,A_TRUE_ZERO
nuhmsi,1,0,0,0,0,0,0,0,0,A_TRUE_ZERO
oj24wg,1,0,0,0,0,0,0,0,0,A_TRUE_ZERO
l2q70j,1,0,0,0,0,0,0,0,0,A_TRUE_ZERO
1p10mv9,1,0,0,0,0,0,0,0,0,A_TRUE_ZERO
m8y9oo,2,0,0,0,0,0,0,0,0,A_TRUE_ZERO
1pbihw5,1,0,0,0,0,0,0,0,0,A_TRUE_ZERO
1ehwpg1,1,0,0,0,0,0,0,0,0,A_TRUE_ZERO
174h6bv,4,0,0,0,0,0,0,0,0,A_TRUE_ZERO
pikzyk,1,0,0,0,0,0,0,0,0,A_TRUE_ZERO
e6insa,1,0,0,0,0,0,0,0,0,A_TRUE_ZERO
c2jdj1,1,0,0,0,0,0,0,0,0,A_TRUE_ZERO
12v6o3h,4,0,0,0,0,0,0,0,0,A_TRUE_ZERO
d5r6j5,1,0,0,0,0,0,0,0,0,A_TRUE_ZERO
1gf96ro,2,0,0,0,0,0,0,0,0,A_TRUE_ZERO
xuoiaq,1,0,0,0,0,0,0,0,0,A_TRUE_ZERO
1l5ai4q,1,0,0,0,0,0,0,0,0,A_TRUE_ZERO
ilzvse,1,0,0,0,0,0,0,0,0,A_TRUE_ZERO
1hedm96,1,0,0,0,0,0,0,0,0,A_TRUE_ZERO
1rp0nvw,1,0,0,0,0,0,0,0,0,A_TRUE_ZERO
fvrfjo,1,0,0,0,0,0,0,0,0,A_TRUE_ZERO
w4m6es,3,0,0,0,0,0,0,0,0,A_TRUE_ZERO
hvcf6w,1,0,0,0,0,0,0,0,0,A_TRUE_ZERO
q42j0a,1,0,0,0,0,0,0,0,0,A_TRUE_ZERO
pjavl5,1,0,0,0,0,0,0,0,0,A_TRUE_ZERO
sxvnaq,1,0,0,0,0,0,0,0,0,A_TRUE_ZERO
y3emol,1,0,0,0,0,0,0,0,0,A_TRUE_ZERO
1rrx7uq,1,0,0,0,0,0,0,0,0,A_TRUE_ZERO
w4pqtd,1,0,0,0,0,0,0,0,0,A_TRUE_ZERO
jx7v2z,2,0,0,0,0,0,0,0,0,A_TRUE_ZERO
15b30cs,2,0,0,0,0,0,0,0,0,A_TRUE_ZERO
bwhzuz,1,0,0,0,0,0,0,0,0,A_TRUE_ZERO
mhj6zn,1,0,0,0,0,0,0,0,0,A_TRUE_ZERO
wxs7sg,1,0,0,0,0,0,0,0,0,A_TRUE_ZERO
nrchmk,1,0,0,0,0,0,0,0,0,A_TRUE_ZERO
1isdxga,3,0,0,0,0,0,0,0,0,A_TRUE_ZERO
f0gxw2,2,0,0,0,0,0,0,0,0,A_TRUE_ZERO
1deuwxt,2,0,0,0,0,0,0,0,0,A_TRUE_ZERO
jcarjj,1,0,0,0,0,0,0,0,0,A_TRUE_ZERO
1nf57a2,2,0,0,0,0,0,0,0,0,A_TRUE_ZERO
uvxgti,2,0,0,0,0,0,0,0,0,A_TRUE_ZERO
16dl4il,2,0,0,0,0,0,0,0,0,A_TRUE_ZERO
mpn6e4,2,0,0,0,0,0,0,0,0,A_TRUE_ZERO
ojtdek,3,0,0,0,0,0,0,0,0,A_TRUE_ZERO
y83z00,1,0,0,0,0,0,0,0,0,A_TRUE_ZERO
1raptfx,3,0,0,0,0,0,0,0,0,A_TRUE_ZERO
1mw5922,1,0,0,0,0,0,0,0,0,A_TRUE_ZERO
1kx4xsz,1,0,0,0,0,0,0,0,0,A_TRUE_ZERO
10w197w,1,0,0,0,0,0,0,0,0,A_TRUE_ZERO
tnf0y9,3,0,0,0,0,0,0,0,0,A_TRUE_ZERO
1gopnza,2,0,0,0,0,0,0,0,0,A_TRUE_ZERO
j1vzmr,1,0,0,0,0,0,0,0,0,A_TRUE_ZERO
1ooz097,4,0,0,0,0,0,0,0,0,A_TRUE_ZERO
m7n53d,3,0,0,0,0,0,0,0,0,A_TRUE_ZERO
zv4g9k,1,0,0,0,0,0,0,0,0,A_TRUE_ZERO
1hf93ju,3,0,0,0,0,0,0,0,0,A_TRUE_ZERO
1rjspyz,1,0,0,0,0,0,0,0,0,A_TRUE_ZERO
os9y06,2,0,0,0,0,0,0,0,0,A_TRUE_ZERO
nml0s1,1,0,0,0,0,0,0,0,0,A_TRUE_ZERO
fpqhzk,1,0,0,0,0,0,0,0,0,A_TRUE_ZERO
n6gdkc,1,0,0,0,0,0,0,0,0,A_TRUE_ZERO
1bm2lse,1,0,0,0,0,0,0,0,0,A_TRUE_ZERO
w25gy1,2,0,0,0,0,0,0,0,0,A_TRUE_ZERO
1edstah,1,0,0,0,0,0,0,0,0,A_TRUE_ZERO
10esb7o,1,0,0,0,0,0,0,0,0,A_TRUE_ZERO
11tthsh,2,0,0,0,0,0,0,0,0,A_TRUE_ZERO
1e6n2pd,2,0,0,0,0,0,0,0,0,A_TRUE_ZERO
1e19a7g,1,0,0,0,0,0,0,0,0,A_TRUE_ZERO
17vauen,2,0,0,0,0,0,0,0,0,A_TRUE_ZERO
1smki1f,1,0,0,0,0,0,0,0,0,A_TRUE_ZERO
w3p0hx,1,0,0,0,0,0,0,0,0,A_TRUE_ZERO
1h7iu0l,2,0,0,0,0,0,0,0,0,A_TRUE_ZERO
wo6yjv,1,0,0,0,0,0,0,0,0,A_TRUE_ZERO
ge6yhu,3,0,0,0,0,0,0,0,0,A_TRUE_ZERO
1mjd3af,1,0,0,0,0,0,0,0,0,A_TRUE_ZERO
oq82sw,1,0,0,0,0,0,0,0,0,A_TRUE_ZERO
111wzw7,2,0,0,0,0,0,0,0,0,A_TRUE_ZERO
1qaw1ng,3,0,0,0,0,0,0,0,0,A_TRUE_ZERO
1d92o52,2,0,0,0,0,0,0,0,0,A_TRUE_ZERO
1jqjt8e,1,0,0,0,0,0,0,0,0,A_TRUE_ZERO
brb0wj,3,0,0,0,0,0,0,0,0,A_TRUE_ZERO
br9jjd,2,0,0,0,0,0,0,0,0,A_TRUE_ZERO
16ju7bh,1,0,0,0,0,0,0,0,0,A_TRUE_ZERO
1e4n4bx,2,0,0,0,0,0,0,0,0,A_TRUE_ZERO
1fk4ofd,2,0,0,0,0,0,0,0,0,A_TRUE_ZERO
1ionxlt,1,0,0,0,0,0,0,0,0,A_TRUE_ZERO
1lp92t1,1,0,0,0,0,0,0,0,0,A_TRUE_ZERO
flvpe6,1,0,0,0,0,0,0,0,0,A_TRUE_ZERO
ou61f5,1,0,0,0,0,0,0,0,0,A_TRUE_ZERO
17b5gnb,1,0,0,0,0,0,0,0,0,A_TRUE_ZERO
1f33t5p,1,0,0,0,0,0,0,0,0,A_TRUE_ZERO
1ktmyfq,1,0,0,0,0,0,0,0,0,A_TRUE_ZERO
13gflgz,1,0,0,0,0,0,0,0,0,A_TRUE_ZERO
l3f367,1,0,0,0,0,0,0,0,0,A_TRUE_ZERO
dhqkk7,2,0,0,0,0,0,0,0,0,A_TRUE_ZERO
1pbo3u4,1,0,0,0,0,0,0,0,0,A_TRUE_ZERO
n8gdyb,1,0,0,0,0,0,0,0,0,A_TRUE_ZERO
sjm2ut,2,0,0,0,0,0,0,0,0,A_TRUE_ZERO
znq5yx,1,0,0,0,0,0,0,0,0,A_TRUE_ZERO
nr3tmk,1,0,0,0,0,0,0,0,0,A_TRUE_ZERO
xodynd,2,0,0,0,0,0,0,0,0,A_TRUE_ZERO
11rzmqe,1,0,0,0,0,0,0,0,0,A_TRUE_ZERO
hx8r4f,1,0,0,0,0,0,0,0,0,A_TRUE_ZERO
zfowq8,1,0,0,0,0,0,0,0,0,A_TRUE_ZERO
13pjrlm,3,0,0,0,0,0,0,0,0,A_TRUE_ZERO
c11ilv,2,0,0,0,0,0,0,0,0,A_TRUE_ZERO
ngtx2p,2,0,0,0,0,0,0,0,0,A_TRUE_ZERO
qicvv2,2,0,0,0,0,0,0,0,0,A_TRUE_ZERO
1dleup3,2,0,0,0,0,0,0,0,0,A_TRUE_ZERO
1f17vg6,1,0,0,0,0,0,0,0,0,A_TRUE_ZERO
18vm10v,1,0,0,0,0,0,0,0,0,A_TRUE_ZERO
xxo679,2,0,0,0,0,0,0,0,0,A_TRUE_ZERO
17ewdlb,3,0,0,0,0,0,0,0,0,A_TRUE_ZERO
1dqmdpx,1,0,0,0,0,0,0,0,0,A_TRUE_ZERO
w26lox,1,0,0,0,0,0,0,0,0,A_TRUE_ZERO
10xvtb4,2,0,0,0,0,0,0,0,0,A_TRUE_ZERO
1kcjgld,2,0,0,0,0,0,0,0,0,A_TRUE_ZERO
denvwd,1,0,0,0,0,0,0,0,0,A_TRUE_ZERO
cfccao,1,0,0,0,0,0,0,0,0,A_TRUE_ZERO
1jtyxgs,2,0,0,0,0,0,0,0,0,A_TRUE_ZERO
1ea9lpr,3,0,0,0,0,0,0,0,0,A_TRUE_ZERO
1bz103i,2,0,0,0,0,0,0,0,0,A_TRUE_ZERO
gjczy9,1,0,0,0,0,0,0,0,0,A_TRUE_ZERO
1kr62as,1,0,0,0,0,0,0,0,0,A_TRUE_ZERO
16ysfm8,1,0,0,0,0,0,0,0,0,A_TRUE_ZERO
1bzx6js,1,0,0,0,0,0,0,0,0,A_TRUE_ZERO
bbxslz,1,0,0,0,0,0,0,0,0,A_TRUE_ZERO
be7u9n,1,0,0,0,0,0,0,0,0,A_TRUE_ZERO
y7om8o,1,0,0,0,0,0,0,0,0,A_TRUE_ZERO
hg70iy,1,0,0,0,0,0,0,0,0,A_TRUE_ZERO
zw85ei,1,0,0,0,0,0,0,0,0,A_TRUE_ZERO
fs0pbw,1,0,0,0,0,0,0,0,0,A_TRUE_ZERO
18ejcwl,2,0,0,0,0,0,0,0,0,A_TRUE_ZERO
114ryse,1,0,0,0,0,0,0,0,0,A_TRUE_ZERO
zgapcl,1,0,0,0,0,0,0,0,0,A_TRUE_ZERO
1m4hpss,2,0,0,0,0,0,0,0,0,A_TRUE_ZERO
lbwa2c,1,0,0,0,0,0,0,0,0,A_TRUE_ZERO
16brwc2,2,0,0,0,0,0,0,0,0,A_TRUE_ZERO
1qcv4c3,1,0,0,0,0,0,0,0,0,A_TRUE_ZERO
1qjzx1e,1,0,0,0,0,0,0,0,0,A_TRUE_ZERO
1jk992i,1,0,0,0,0,0,0,0,0,A_TRUE_ZERO
1qzro6n,1,2,1,0,0,1,0,0,0,B_FILTERED_OUT
bhkc2h,1,0,0,0,0,0,0,0,0,A_TRUE_ZERO
cmqd4c,1,0,0,0,0,0,0,0,0,A_TRUE_ZERO
uy7u5b,1,0,0,0,0,0,0,0,0,A_TRUE_ZERO
1eabpru,1,0,0,0,0,0,0,0,0,A_TRUE_ZERO
1pl2ydk,1,0,0,0,0,0,0,0,0,A_TRUE_ZERO
wfz65m,2,0,0,0,0,0,0,0,0,A_TRUE_ZERO
znnyyk,1,0,0,0,0,0,0,0,0,A_TRUE_ZERO
snpufn,1,0,0,0,0,0,0,0,0,A_TRUE_ZERO
10jwqew,1,0,0,0,0,0,0,0,0,A_TRUE_ZERO
17ejbpx,1,0,0,0,0,0,0,0,0,A_TRUE_ZERO
l00x6v,3,0,0,0,0,0,0,0,0,A_TRUE_ZERO
1akz46k,1,0,0,0,0,0,0,0,0,A_TRUE_ZERO
ga8hgl,1,0,0,0,0,0,0,0,0,A_TRUE_ZERO
1elh4cq,2,0,0,0,0,0,0,0,0,A_TRUE_ZERO
1kfakqc,1,0,0,0,0,0,0,0,0,A_TRUE_ZERO
15cddgg,2,0,0,0,0,0,0,0,0,A_TRUE_ZERO
1jeh7zy,1,0,0,0,0,0,0,0,0,A_TRUE_ZERO
12wvj0l,2,0,0,0,0,0,0,0,0,A_TRUE_ZERO
jv9al3,1,0,0,0,0,0,0,0,0,A_TRUE_ZERO
140rxgi,3,0,0,0,0,0,0,0,0,A_TRUE_ZERO
18rjsko,2,0,0,0,0,0,0,0,0,A_TRUE_ZERO
gus5r4,1,0,0,0,0,0,0,0,0,A_TRUE_ZERO
j8o80t,1,0,0,0,0,0,0,0,0,A_TRUE_ZERO
1qclrm2,1,0,0,0,0,0,0,0,0,A_TRUE_ZERO
1es3p2y,4,0,0,0,0,0,0,0,0,A_TRUE_ZERO
eayune,1,0,0,0,0,0,0,0,0,A_TRUE_ZERO
1aqxk51,1,0,0,0,0,0,0,0,0,A_TRUE_ZERO
1fuu035,1,0,0,0,0,0,0,0,0,A_TRUE_ZERO
1d8el8g,1,0,0,0,0,0,0,0,0,A_TRUE_ZERO
1kgkfrp,1,0,0,0,0,0,0,0,0,A_TRUE_ZERO
uc17ks,1,0,0,0,0,0,0,0,0,A_TRUE_ZERO
1avea9f,1,0,0,0,0,0,0,0,0,A_TRUE_ZERO
jr9nee,2,0,0,0,0,0,0,0,0,A_TRUE_ZERO
ffhozb,3,0,0,0,0,0,0,0,0,A_TRUE_ZERO
1nzmhkm,1,0,0,0,0,0,0,0,0,A_TRUE_ZERO
zmk360,1,0,0,0,0,0,0,0,0,A_TRUE_ZERO
195xmlq,1,0,0,0,0,0,0,0,0,A_TRUE_ZERO
q9xhxj,3,0,0,0,0,0,0,0,0,A_TRUE_ZERO
fa6kjk,2,0,0,0,0,0,0,0,0,A_TRUE_ZERO
1opcqc3,1,0,0,0,0,0,0,0,0,A_TRUE_ZERO
16rtxn0,1,0,0,0,0,0,0,0,0,A_TRUE_ZERO
neqlmk,2,0,0,0,0,0,0,0,0,A_TRUE_ZERO
bk6l9e,1,0,0,0,0,0,0,0,0,A_TRUE_ZERO
ctffq4,1,0,0,0,0,0,0,0,0,A_TRUE_ZERO
qqlk7n,3,0,0,0,0,0,0,0,0,A_TRUE_ZERO
15t5c8i,2,0,0,0,0,0,0,0,0,A_TRUE_ZERO
1mte3ja,1,0,0,0,0,0,0,0,0,A_TRUE_ZERO
13eq3jv,2,0,0,0,0,0,0,0,0,A_TRUE_ZERO
fgr5xs,2,0,0,0,0,0,0,0,0,A_TRUE_ZERO
gy5k2k,2,0,0,0,0,0,0,0,0,A_TRUE_ZERO
rwrlhy,3,0,0,0,0,0,0,0,0,A_TRUE_ZERO
1bl30n4,1,0,0,0,0,0,0,0,0,A_TRUE_ZERO
fnipfx,2,0,0,0,0,0,0,0,0,A_TRUE_ZERO
xwjmww,2,0,0,0,0,0,0,0,0,A_TRUE_ZERO
1rrpewq,1,0,0,0,0,0,0,0,0,A_TRUE_ZERO
ow6akt,1,0,0,0,0,0,0,0,0,A_TRUE_ZERO
17arp4h,1,0,0,0,0,0,0,0,0,A_TRUE_ZERO
1i1i2yy,2,0,0,0,0,0,0,0,0,A_TRUE_ZERO
fwj6gg,4,0,0,0,0,0,0,0,0,A_TRUE_ZERO
ewnljc,1,0,0,0,0,0,0,0,0,A_TRUE_ZERO
t9q4nt,1,0,0,0,0,0,0,0,0,A_TRUE_ZERO
jmmfsm,4,0,0,0,0,0,0,0,0,A_TRUE_ZERO
12dzt56,2,0,0,0,0,0,0,0,0,A_TRUE_ZERO
1sranu5,2,0,0,0,0,0,0,0,0,A_TRUE_ZERO
1g107jr,1,0,0,0,0,0,0,0,0,A_TRUE_ZERO
1nvdis8,2,0,0,0,0,0,0,0,0,A_TRUE_ZERO
14hakia,1,0,0,0,0,0,0,0,0,A_TRUE_ZERO
w84xms,1,0,0,0,0,0,0,0,0,A_TRUE_ZERO
bshv4b,1,0,0,0,0,0,0,0,0,A_TRUE_ZERO
1etride,1,0,0,0,0,0,0,0,0,A_TRUE_ZERO
1gv5pwj,3,0,0,0,0,0,0,0,0,A_TRUE_ZERO
10mvp4w,1,0,0,0,0,0,0,0,0,A_TRUE_ZERO
1g1g44c,1,0,0,0,0,0,0,0,0,A_TRUE_ZERO
192buzr,1,0,0,0,0,0,0,0,0,A_TRUE_ZERO
fyn17v,1,0,0,0,0,0,0,0,0,A_TRUE_ZERO
17e6mmb,2,0,0,0,0,0,0,0,0,A_TRUE_ZERO
ycyn16,2,0,0,0,0,0,0,0,0,A_TRUE_ZERO
zs7dmr,3,0,0,0,0,0,0,0,0,A_TRUE_ZERO
12htdl1,1,0,0,0,0,0,0,0,0,A_TRUE_ZERO
17cbq3j,3,0,0,0,0,0,0,0,0,A_TRUE_ZERO
i4s092,1,0,0,0,0,0,0,0,0,A_TRUE_ZERO
1rdjduv,1,0,0,0,0,0,0,0,0,A_TRUE_ZERO
14lil7d,1,0,0,0,0,0,0,0,0,A_TRUE_ZERO
bzj9ji,1,0,0,0,0,0,0,0,0,A_TRUE_ZERO
151jrhr,1,0,0,0,0,0,0,0,0,A_TRUE_ZERO
1rw0jk2,1,0,0,0,0,0,0,0,0,A_TRUE_ZERO
1suv41y,1,0,0,0,0,0,0,0,0,A_TRUE_ZERO
1smak2f,2,0,0,0,0,0,0,0,0,A_TRUE_ZERO
1mic8y7,1,0,0,0,0,0,0,0,0,A_TRUE_ZERO
th4he7,1,0,0,0,0,0,0,0,0,A_TRUE_ZERO
1qrgc1t,2,0,0,0,0,0,0,0,0,A_TRUE_ZERO
1g5rz87,1,0,0,0,0,0,0,0,0,A_TRUE_ZERO
1lja077,2,0,0,0,0,0,0,0,0,A_TRUE_ZERO
1e6heb2,2,0,0,0,0,0,0,0,0,A_TRUE_ZERO
gafh3y,1,0,0,0,0,0,0,0,0,A_TRUE_ZERO
1kyk9vm,3,0,0,0,0,0,0,0,0,A_TRUE_ZERO
17mbn8r,2,0,0,0,0,0,0,0,0,A_TRUE_ZERO
1ljgkbx,2,0,0,0,0,0,0,0,0,A_TRUE_ZERO
s1o3no,3,0,0,0,0,0,0,0,0,A_TRUE_ZERO
11qgkli,3,0,0,0,0,0,0,0,0,A_TRUE_ZERO
16g7hnu,2,0,0,0,0,0,0,0,0,A_TRUE_ZERO
1cftb99,1,0,0,0,0,0,0,0,0,A_TRUE_ZERO
susutj,1,0,0,0,0,0,0,0,0,A_TRUE_ZERO
13xz3gx,2,0,0,0,0,0,0,0,0,A_TRUE_ZERO
dtcew4,2,0,0,0,0,0,0,0,0,A_TRUE_ZERO
buf0u5,2,0,0,0,0,0,0,0,0,A_TRUE_ZERO
1co2nmm,1,0,0,0,0,0,0,0,0,A_TRUE_ZERO
1g647ve,1,0,0,0,0,0,0,0,0,A_TRUE_ZERO
o676ng,2,0,0,0,0,0,0,0,0,A_TRUE_ZERO
oji2t2,1,0,0,0,0,0,0,0,0,A_TRUE_ZERO
e8br6d,1,0,0,0,0,0,0,0,0,A_TRUE_ZERO
f8ygis,1,0,0,0,0,0,0,0,0,A_TRUE_ZERO
hc1fum,1,0,0,0,0,0,0,0,0,A_TRUE_ZERO
17q3fjp,1,0,0,0,0,0,0,0,0,A_TRUE_ZERO
1aexhfg,2,0,0,0,0,0,0,0,0,A_TRUE_ZERO
xsa4c7,1,0,0,0,0,0,0,0,0,A_TRUE_ZERO
1d9j1eb,1,0,0,0,0,0,0,0,0,A_TRUE_ZERO
12xteid,1,0,0,0,0,0,0,0,0,A_TRUE_ZERO
m3qhmp,1,0,0,0,0,0,0,0,0,A_TRUE_ZERO
1kf74rr,2,0,0,0,0,0,0,0,0,A_TRUE_ZERO
1hvouie,1,0,0,0,0,0,0,0,0,A_TRUE_ZERO
z8w6rm,1,0,0,0,0,0,0,0,0,A_TRUE_ZERO
15gsn4g,1,0,0,0,0,0,0,0,0,A_TRUE_ZERO
1e5emnq,2,0,0,0,0,0,0,0,0,A_TRUE_ZERO
11t2phm,1,0,0,0,0,0,0,0,0,A_TRUE_ZERO
ksq6v8,3,0,0,0,0,0,0,0,0,A_TRUE_ZERO
wnuuim,2,0,0,0,0,0,0,0,0,A_TRUE_ZERO
cb91ed,1,0,0,0,0,0,0,0,0,A_TRUE_ZERO
hxr1ub,1,0,0,0,0,0,0,0,0,A_TRUE_ZERO
xos8k5,2,0,0,0,0,0,0,0,0,A_TRUE_ZERO
dq5czh,1,0,0,0,0,0,0,0,0,A_TRUE_ZERO
yunbgt,1,0,0,0,0,0,0,0,0,A_TRUE_ZERO
pr4aer,1,0,0,0,0,0,0,0,0,A_TRUE_ZERO
141kvt1,1,0,0,0,0,0,0,0,0,A_TRUE_ZERO
icdbcz,2,0,0,0,0,0,0,0,0,A_TRUE_ZERO
1kx82tn,1,0,0,0,0,0,0,0,0,A_TRUE_ZERO
zetv4o,1,0,0,0,0,0,0,0,0,A_TRUE_ZERO
pywc77,1,0,0,0,0,0,0,0,0,A_TRUE_ZERO
130hxvn,1,0,0,0,0,0,0,0,0,A_TRUE_ZERO
13l9srz,1,0,0,0,0,0,0,0,0,A_TRUE_ZERO
cc5kkr,2,0,0,0,0,0,0,0,0,A_TRUE_ZERO
1fjgkjs,1,0,0,0,0,0,0,0,0,A_TRUE_ZERO
1aod5ta,1,0,0,0,0,0,0,0,0,A_TRUE_ZERO
1d5gckw,1,0,0,0,0,0,0,0,0,A_TRUE_ZERO
1sqlm6n,2,0,0,0,0,0,0,0,0,A_TRUE_ZERO
13x3635,1,0,0,0,0,0,0,0,0,A_TRUE_ZERO
1p73k01,1,0,0,0,0,0,0,0,0,A_TRUE_ZERO
1hae3v2,2,0,0,0,0,0,0,0,0,A_TRUE_ZERO
1985qib,4,0,0,0,0,0,0,0,0,A_TRUE_ZERO
13plipb,1,0,0,0,0,0,0,0,0,A_TRUE_ZERO
1jn4hmo,1,1,0,0,0,1,0,0,0,B_FILTERED_OUT
15wl1ub,1,0,0,0,0,0,0,0,0,A_TRUE_ZERO
q6ufjv,1,0,0,0,0,0,0,0,0,A_TRUE_ZERO
dfi7w2,1,0,0,0,0,0,0,0,0,A_TRUE_ZERO
hinniq,4,0,0,0,0,0,0,0,0,A_TRUE_ZERO
xvpf0i,3,0,0,0,0,0,0,0,0,A_TRUE_ZERO
nvyw8c,3,0,0,0,0,0,0,0,0,A_TRUE_ZERO
1s7ig2c,2,0,0,0,0,0,0,0,0,A_TRUE_ZERO
yiv6u0,1,0,0,0,0,0,0,0,0,A_TRUE_ZERO
133czj3,1,0,0,0,0,0,0,0,0,A_TRUE_ZERO
1stjg2b,3,0,0,0,0,0,0,0,0,A_TRUE_ZERO
1ggeh8v,1,0,0,0,0,0,0,0,0,A_TRUE_ZERO
1graj42,1,0,0,0,0,0,0,0,0,A_TRUE_ZERO
10ac86u,1,0,0,0,0,0,0,0,0,A_TRUE_ZERO
yzekmo,1,0,0,0,0,0,0,0,0,A_TRUE_ZERO
107s1e1,1,0,0,0,0,0,0,0,0,A_TRUE_ZERO
1ecpe86,1,0,0,0,0,0,0,0,0,A_TRUE_ZERO
16cxke9,2,0,0,0,0,0,0,0,0,A_TRUE_ZERO
te6s2a,3,0,0,0,0,0,0,0,0,A_TRUE_ZERO
cgxaxp,2,0,0,0,0,0,0,0,0,A_TRUE_ZERO
lsnaiw,1,0,0,0,0,0,0,0,0,A_TRUE_ZERO
1kv9juv,2,0,0,0,0,0,0,0,0,A_TRUE_ZERO
1rvo041,1,0,0,0,0,0,0,0,0,A_TRUE_ZERO
1ed9ug3,1,0,0,0,0,0,0,0,0,A_TRUE_ZERO
lr2mul,1,0,0,0,0,0,0,0,0,A_TRUE_ZERO
18hol0o,1,0,0,0,0,0,0,0,0,A_TRUE_ZERO
dprefo,3,0,0,0,0,0,0,0,0,A_TRUE_ZERO
1os9mzn,1,0,0,0,0,0,0,0,0,A_TRUE_ZERO
g6ow3f,1,0,0,0,0,0,0,0,0,A_TRUE_ZERO
1m0el30,1,0,0,0,0,0,0,0,0,A_TRUE_ZERO
zbf8fu,2,0,0,0,0,0,0,0,0,A_TRUE_ZERO
1neay9h,4,0,0,0,0,0,0,0,0,A_TRUE_ZERO
s1lbnw,1,0,0,0,0,0,0,0,0,A_TRUE_ZERO
11ae4ge,2,0,0,0,0,0,0,0,0,A_TRUE_ZERO
11xwqa5,2,0,0,0,0,0,0,0,0,A_TRUE_ZERO
1copnq4,3,0,0,0,0,0,0,0,0,A_TRUE_ZERO
q572iy,4,0,0,0,0,0,0,0,0,A_TRUE_ZERO
1dy4kez,1,0,0,0,0,0,0,0,0,A_TRUE_ZERO
dhxrtn,1,0,0,0,0,0,0,0,0,A_TRUE_ZERO
1qj5hqm,2,0,0,0,0,0,0,0,0,A_TRUE_ZERO
m6bxxo,2,0,0,0,0,0,0,0,0,A_TRUE_ZERO
qfrep7,1,0,0,0,0,0,0,0,0,A_TRUE_ZERO
bv2no0,2,0,0,0,0,0,0,0,0,A_TRUE_ZERO
15ukutq,1,0,0,0,0,0,0,0,0,A_TRUE_ZERO
15mwn8y,1,0,0,0,0,0,0,0,0,A_TRUE_ZERO
159l3cq,1,0,0,0,0,0,0,0,0,A_TRUE_ZERO
nxlpme,3,0,0,0,0,0,0,0,0,A_TRUE_ZERO
zercbk,2,0,0,0,0,0,0,0,0,A_TRUE_ZERO
1p4e45f,1,0,0,0,0,0,0,0,0,A_TRUE_ZERO
nm6x4l,3,0,0,0,0,0,0,0,0,A_TRUE_ZERO
mp0qzx,3,0,0,0,0,0,0,0,0,A_TRUE_ZERO
y3m8rw,2,0,0,0,0,0,0,0,0,A_TRUE_ZERO
fjtnoy,1,0,0,0,0,0,0,0,0,A_TRUE_ZERO
10j7y7i,1,0,0,0,0,0,0,0,0,A_TRUE_ZERO
pooi2r,2,0,0,0,0,0,0,0,0,A_TRUE_ZERO
u2vxx1,1,0,0,0,0,0,0,0,0,A_TRUE_ZERO
1msk17y,3,0,0,0,0,0,0,0,0,A_TRUE_ZERO
16lqo7s,2,0,0,0,0,0,0,0,0,A_TRUE_ZERO
1d4fnop,1,0,0,0,0,0,0,0,0,A_TRUE_ZERO
195xm3b,1,0,0,0,0,0,0,0,0,A_TRUE_ZERO
1gzr82f,1,0,0,0,0,0,0,0,0,A_TRUE_ZERO
1agna2k,4,0,0,0,0,0,0,0,0,A_TRUE_ZERO
1ocq1oh,2,0,0,0,0,0,0,0,0,A_TRUE_ZERO
115fu4z,3,0,0,0,0,0,0,0,0,A_TRUE_ZERO
1bp28ey,1,0,0,0,0,0,0,0,0,A_TRUE_ZERO
rhydod,2,0,0,0,0,0,0,0,0,A_TRUE_ZERO
16iyf11,2,0,0,0,0,0,0,0,0,A_TRUE_ZERO
1514u8l,1,0,0,0,0,0,0,0,0,A_TRUE_ZERO
qks2l0,4,0,0,0,0,0,0,0,0,A_TRUE_ZERO
hrpoee,1,0,0,0,0,0,0,0,0,A_TRUE_ZERO
183nqby,3,0,0,0,0,0,0,0,0,A_TRUE_ZERO
g9dv5w,2,0,0,0,0,0,0,0,0,A_TRUE_ZERO
jvlxl5,1,0,0,0,0,0,0,0,0,A_TRUE_ZERO
lgvwbt,1,0,0,0,0,0,0,0,0,A_TRUE_ZERO
11z5i8s,2,0,0,0,0,0,0,0,0,A_TRUE_ZERO
koopfe,2,2,1,0,0,1,0,0,0,B_FILTERED_OUT
11k0svg,1,0,0,0,0,0,0,0,0,A_TRUE_ZERO
qm6bxi,1,0,0,0,0,0,0,0,0,A_TRUE_ZERO
13wyb3r,1,0,0,0,0,0,0,0,0,A_TRUE_ZERO
tay9bg,1,0,0,0,0,0,0,0,0,A_TRUE_ZERO
wh21qg,1,0,0,0,0,0,0,0,0,A_TRUE_ZERO
lualr7,1,0,0,0,0,0,0,0,0,A_TRUE_ZERO
lw2gzj,1,0,0,0,0,0,0,0,0,A_TRUE_ZERO
1aj80uw,2,0,0,0,0,0,0,0,0,A_TRUE_ZERO
uvbvnu,3,0,0,0,0,0,0,0,0,A_TRUE_ZERO
13lz9wc,1,0,0,0,0,0,0,0,0,A_TRUE_ZERO
13sbcuh,1,0,0,0,0,0,0,0,0,A_TRUE_ZERO
zpmvzh,2,0,0,0,0,0,0,0,0,A_TRUE_ZERO
1de8y5n,1,0,0,0,0,0,0,0,0,A_TRUE_ZERO
qshrxf,1,0,0,0,0,0,0,0,0,A_TRUE_ZERO
13ykqtg,1,0,0,0,0,0,0,0,0,A_TRUE_ZERO
1auilpt,3,0,0,0,0,0,0,0,0,A_TRUE_ZERO
rdg6tp,3,0,0,0,0,0,0,0,0,A_TRUE_ZERO
14pu4f5,1,0,0,0,0,0,0,0,0,A_TRUE_ZERO
19f7k2d,3,0,0,0,0,0,0,0,0,A_TRUE_ZERO
ojri42,1,0,0,0,0,0,0,0,0,A_TRUE_ZERO
10h0a0j,1,0,0,0,0,0,0,0,0,A_TRUE_ZERO
txrk5h,2,0,0,0,0,0,0,0,0,A_TRUE_ZERO
14t6nfj,1,0,0,0,0,0,0,0,0,A_TRUE_ZERO
1jxoybu,2,0,0,0,0,0,0,0,0,A_TRUE_ZERO
17uznuz,1,0,0,0,0,0,0,0,0,A_TRUE_ZERO
13gy1zm,1,0,0,0,0,0,0,0,0,A_TRUE_ZERO
onc2z7,1,0,0,0,0,0,0,0,0,A_TRUE_ZERO
1phomqz,1,0,0,0,0,0,0,0,0,A_TRUE_ZERO
1d3gpw4,2,0,0,0,0,0,0,0,0,A_TRUE_ZERO
1fqxnhn,2,0,0,0,0,0,0,0,0,A_TRUE_ZERO
nqg8gk,1,0,0,0,0,0,0,0,0,A_TRUE_ZERO
n1i56e,3,0,0,0,0,0,0,0,0,A_TRUE_ZERO
153q36j,2,0,0,0,0,0,0,0,0,A_TRUE_ZERO
1bnce3m,2,0,0,0,0,0,0,0,0,A_TRUE_ZERO
1ig9lqo,2,0,0,0,0,0,0,0,0,A_TRUE_ZERO
v4a8y3,1,0,0,0,0,0,0,0,0,A_TRUE_ZERO
1ik6g9i,1,0,0,0,0,0,0,0,0,A_TRUE_ZERO
1laxxmc,3,0,0,0,0,0,0,0,0,A_TRUE_ZERO
1eyvpeu,2,0,0,0,0,0,0,0,0,A_TRUE_ZERO
1g6dgug,2,0,0,0,0,0,0,0,0,A_TRUE_ZERO
of6hg2,1,0,0,0,0,0,0,0,0,A_TRUE_ZERO
1jla35q,1,0,0,0,0,0,0,0,0,A_TRUE_ZERO
uz5f0a,1,0,0,0,0,0,0,0,0,A_TRUE_ZERO
dmit8i,1,0,0,0,0,0,0,0,0,A_TRUE_ZERO
n9yhe4,3,0,0,0,0,0,0,0,0,A_TRUE_ZERO
efwoh8,1,0,0,0,0,0,0,0,0,A_TRUE_ZERO
m7ek1z,1,0,0,0,0,0,0,0,0,A_TRUE_ZERO
1ed2tvc,3,0,0,0,0,0,0,0,0,A_TRUE_ZERO
1ihp77x,3,0,0,0,0,0,0,0,0,A_TRUE_ZERO
16sqg50,1,0,0,0,0,0,0,0,0,A_TRUE_ZERO
18ymosn,1,0,0,0,0,0,0,0,0,A_TRUE_ZERO
10295gb,1,0,0,0,0,0,0,0,0,A_TRUE_ZERO
199hfxy,1,0,0,0,0,0,0,0,0,A_TRUE_ZERO
1drit1n,2,0,0,0,0,0,0,0,0,A_TRUE_ZERO
q5c5yb,2,0,0,0,0,0,0,0,0,A_TRUE_ZERO
15f7qgj,1,0,0,0,0,0,0,0,0,A_TRUE_ZERO
12dysrl,1,0,0,0,0,0,0,0,0,A_TRUE_ZERO
1erf549,1,0,0,0,0,0,0,0,0,A_TRUE_ZERO
ykfad0,2,0,0,0,0,0,0,0,0,A_TRUE_ZERO
1nh4i80,3,0,0,0,0,0,0,0,0,A_TRUE_ZERO
1ae5yap,1,0,0,0,0,0,0,0,0,A_TRUE_ZERO
iphlpa,4,0,0,0,0,0,0,0,0,A_TRUE_ZERO
flcq27,1,0,0,0,0,0,0,0,0,A_TRUE_ZERO
156j21g,4,0,0,0,0,0,0,0,0,A_TRUE_ZERO
mrvqrw,1,0,0,0,0,0,0,0,0,A_TRUE_ZERO
r0elqh,2,0,0,0,0,0,0,0,0,A_TRUE_ZERO
xps43b,1,0,0,0,0,0,0,0,0,A_TRUE_ZERO
15qzrgr,1,0,0,0,0,0,0,0,0,A_TRUE_ZERO
1ge3lf2,2,0,0,0,0,0,0,0,0,A_TRUE_ZERO
1d9asn0,2,0,0,0,0,0,0,0,0,A_TRUE_ZERO
114zc3j,1,0,0,0,0,0,0,0,0,A_TRUE_ZERO
s4z87k,1,0,0,0,0,0,0,0,0,A_TRUE_ZERO
z8em88,3,0,0,0,0,0,0,0,0,A_TRUE_ZERO
lie97e,1,0,0,0,0,0,0,0,0,A_TRUE_ZERO
1ctzbt9,1,0,0,0,0,0,0,0,0,A_TRUE_ZERO
1efvx67,4,0,0,0,0,0,0,0,0,A_TRUE_ZERO
16dibde,1,0,0,0,0,0,0,0,0,A_TRUE_ZERO
m7ltg1,1,0,0,0,0,0,0,0,0,A_TRUE_ZERO
1aezc40,2,0,0,0,0,0,0,0,0,A_TRUE_ZERO
n1ttgo,1,0,0,0,0,0,0,0,0,A_TRUE_ZERO
18mv49a,1,0,0,0,0,0,0,0,0,A_TRUE_ZERO
17yoy55,1,0,0,0,0,0,0,0,0,A_TRUE_ZERO
kr6b5c,1,0,0,0,0,0,0,0,0,A_TRUE_ZERO
fx3niu,1,0,0,0,0,0,0,0,0,A_TRUE_ZERO
nbg122,1,0,0,0,0,0,0,0,0,A_TRUE_ZERO
199qa1o,2,0,0,0,0,0,0,0,0,A_TRUE_ZERO
10lw8f4,1,0,0,0,0,0,0,0,0,A_TRUE_ZERO
11hxdb4,1,0,0,0,0,0,0,0,0,A_TRUE_ZERO
wg37mh,3,0,0,0,0,0,0,0,0,A_TRUE_ZERO
1gac3l1,1,0,0,0,0,0,0,0,0,A_TRUE_ZERO
ry6ag4,1,0,0,0,0,0,0,0,0,A_TRUE_ZERO
xijl45,1,0,0,0,0,0,0,0,0,A_TRUE_ZERO
12an41e,2,0,0,0,0,0,0,0,0,A_TRUE_ZERO
fl8ahb,1,0,0,0,0,0,0,0,0,A_TRUE_ZERO
1akl6o7,1,0,0,0,0,0,0,0,0,A_TRUE_ZERO
1skzg25,2,0,0,0,0,0,0,0,0,A_TRUE_ZERO
1g61e7i,1,0,0,0,0,0,0,0,0,A_TRUE_ZERO
1rn77ic,3,0,0,0,0,0,0,0,0,A_TRUE_ZERO
14w6tki,1,0,0,0,0,0,0,0,0,A_TRUE_ZERO
166gb9s,1,0,0,0,0,0,0,0,0,A_TRUE_ZERO
1etswfr,1,0,0,0,0,0,0,0,0,A_TRUE_ZERO
nf68a2,2,0,0,0,0,0,0,0,0,A_TRUE_ZERO
1jbsujl,1,0,0,0,0,0,0,0,0,A_TRUE_ZERO
fmehvg,2,0,0,0,0,0,0,0,0,A_TRUE_ZERO
10kxtvq,2,0,0,0,0,0,0,0,0,A_TRUE_ZERO
bmyk0s,1,0,0,0,0,0,0,0,0,A_TRUE_ZERO
1hal2bq,1,0,0,0,0,0,0,0,0,A_TRUE_ZERO
194026s,3,0,0,0,0,0,0,0,0,A_TRUE_ZERO
mrinb0,1,0,0,0,0,0,0,0,0,A_TRUE_ZERO
lx0jf4,2,0,0,0,0,0,0,0,0,A_TRUE_ZERO
cz0man,1,0,0,0,0,0,0,0,0,A_TRUE_ZERO
