year,burnout_rate,n_months,partial_year,abs_change,pct_change
2018,0.06400833333333333,12,False,,
2019,0.059041666666666666,12,False,-0.004966666666666668,-7.759406327301132
2020,0.063225,12,False,0.0041833333333333375,7.085391672547647
2021,0.07583333333333332,12,False,0.012608333333333319,19.94200606300247
2022,0.07971666666666667,12,False,0.0038833333333333497,5.1208791208791515
2023,0.08465,12,False,0.004933333333333331,6.188584570353339
2024,0.08411666666666667,12,False,-0.0005333333333333301,-0.630045284504821
2025,0.08811666666666666,12,False,0.00399999999999999,4.755300178323751
2026,0.08185,4,True,-0.0062666666666666565,-7.111783620200485
