lag_days,pearson_r,p_value,n
-84,0.06612182896268562,0.00029892304551492596,2987
-77,0.09610384363533907,1.374978943401878e-07,2994
-70,0.06328145538931493,0.0005230254593814976,3001
-63,0.09378176936481789,2.567562826349503e-07,3008
-56,0.08180419050279047,6.87687760055802e-06,3015
-49,0.07696004462618755,2.2831287637767654e-05,3022
-42,0.10893462088193492,1.8462803055341698e-09,3029
-35,0.07914631980873765,1.2653713697820658e-05,3036
-28,0.08273823991660009,4.875286498238775e-06,3043
-21,0.07561527979824599,2.9117082449375455e-05,3050
-14,0.08882773288429882,8.698061516754363e-07,3057
-7,0.09786473849872271,5.6998605847123596e-08,3064
0,0.08720042309813117,1.300976122196912e-06,3071
7,0.0678166305691301,0.00017218568665908272,3064
14,0.09862511609923337,4.652817817246909e-08,3057
21,0.08428173965588404,3.1467992101245913e-06,3050
28,0.10864329729525286,1.8729081321686947e-09,3043
35,0.10039210893708306,2.967778218637223e-08,3036
42,0.10278691427373443,1.4304449493259882e-08,3029
49,0.07344681520167631,5.31421454053119e-05,3022
56,0.058536775803365526,0.0013016244647279492,3015
63,0.07802269245904608,1.836240942267357e-05,3008
70,0.07491419596080445,3.9915739973623656e-05,3001
77,0.09833316123989795,6.992496564727466e-08,2994
84,0.08288955624981166,5.730081520371896e-06,2987
