lag_days,pearson_r,p_value,n
-84,0.14633576764497253,9.153231051643932e-16,2987
-77,0.12521646043902473,6.1668186226536386e-12,2994
-70,0.1303568381391746,7.567975311333506e-13,3001
-63,0.14209369056174592,4.891098165168686e-15,3008
-56,0.12078823068323406,2.8525703468415312e-11,3015
-49,0.11972700791890574,4.035762586043506e-11,3022
-42,0.15257311199578086,3.0909306244177585e-17,3029
-35,0.12247334897254947,1.278997896237886e-11,3036
-28,0.13121847815081106,3.677682570475558e-13,3043
-21,0.11706320882870128,8.891843767705174e-11,3050
-14,0.11079701267675214,8.128547239127613e-10,3057
-7,0.13109712929933778,3.212579340141871e-13,3064
0,0.15031745852489797,5.554656595401419e-17,3071
7,0.1276893539582886,1.3008901261639332e-12,3064
14,0.11539135687201862,1.5662377337725273e-10,3057
21,0.1342648640351693,9.64206750591481e-14,3050
28,0.11607784652044995,1.341978204153505e-10,3043
35,0.10630686869392439,4.31266881712674e-09,3036
42,0.13018316284179882,6.362686103622216e-13,3029
49,0.1368692064275716,4.1391460345031216e-14,3022
56,0.08637590121226492,2.036906479946072e-06,3015
63,0.11814059646436331,8.057222327292934e-11,3008
70,0.10017297249936344,3.815953373779759e-08,3001
77,0.11800216951083581,9.373698875458473e-11,2994
84,0.12311768982700978,1.461320672889917e-11,2987
