lag_days,pearson_r,p_value,n
-84,0.10711266604493605,4.3971152135322885e-09,2987
-77,0.08610064390556789,2.3816965829746377e-06,2994
-70,0.11931406707287075,5.493756488319878e-11,3001
-63,0.09529598147470467,1.63846765469932e-07,3008
-56,0.08831355822224973,1.193634674667721e-06,3015
-49,0.08956925412304578,8.149891411082269e-07,3022
-42,0.10743138616455829,3.078583879666407e-09,3029
-35,0.07065479529414705,9.765743643673017e-05,3036
-28,0.10451583659616605,7.518521403780075e-09,3043
-21,0.114316404250116,2.427777760059319e-10,3050
-14,0.08776275140294909,1.1749850779169904e-06,3057
-7,0.1011804519923737,1.9907114845756006e-08,3064
0,0.12011519560270223,2.4246372975320866e-11,3071
7,0.09327148708531874,2.3151993505352092e-07,3064
14,0.08348314649368982,3.800997509940122e-06,3057
21,0.1247487385937473,4.722660725041842e-12,3050
28,0.07672362275651272,2.2668503692644387e-05,3043
35,0.08027041206519937,9.501491626554964e-06,3036
42,0.07412097052412939,4.4404180982968884e-05,3029
49,0.08332188619928023,4.507110189058104e-06,3022
56,0.0651764405919891,0.0003421531426252846,3015
63,0.09882627465542693,5.597727040472315e-08,3008
70,0.04763948707411503,0.009050206713959496,3001
77,0.10216314948597817,2.113587821990735e-08,2994
84,0.0841042201877783,4.168109069812454e-06,2987
