lag_days,pearson_r,p_value,n
-84,0.12305872540486275,1.494509939289864e-11,2987
-77,0.14305648289209122,3.693888325133751e-15,2994
-70,0.127348076556316,2.524742956102126e-12,3001
-63,0.1513894286840256,6.960936557131906e-17,3008
-56,0.1320353486438977,3.367729169733765e-13,3015
-49,0.14010921435920118,1.0163781064842923e-14,3022
-42,0.16423585181737838,9.28209917856143e-20,3029
-35,0.13823391236748328,2.0052207032890957e-14,3036
-28,0.1502289759257918,8.012496752150961e-17,3043
-21,0.13769554165869682,2.2100920386953487e-14,3050
-14,0.1389831603219967,1.1748172935605857e-14,3057
-7,0.16098934566486484,3.0687676116131163e-19,3064
0,0.15994107548377517,4.780348236716066e-19,3071
7,0.1357232020638882,4.536414050288573e-14,3064
14,0.15940262174409076,7.5455841988170475e-19,3057
21,0.15260090845382032,2.3735279697180985e-17,3050
28,0.1727395139409751,8.2137126656854e-22,3043
35,0.15298464023028813,2.3325725382408977e-17,3036
42,0.18305438448469852,3.1026375643001685e-24,3029
49,0.15335941098226663,2.3050296566956015e-17,3022
56,0.1434112889313818,2.528033540090981e-15,3015
63,0.15014322734439334,1.2506809479505756e-16,3008
70,0.14676508785319464,6.453562815981707e-16,3001
77,0.13601375992377995,7.780783400546425e-14,2994
84,0.161765071443632,5.791186103429054e-19,2987
